Ticker,Win_Prob,Price,RS_Rating,Bias,Vol_Dry_Up,Vol_Z,Up_Shadow,Dn_Shadow,Turtle,Ov_Supply,POC_Dist,MA20_DP,ATR_Pct,Dist_52W_High,MA50_DP,VCP_Ratio,Dollar_Vol_M,Resonance_Score,MktCap_B,Cap_Tier
GEO,0.5527842172298983,31.420000076293945,87.25896847692067,2.7065901818481577,0.6755542439086387,0.2071366662946701,1.273079328118692,2.784850406898406,0,0.0,136.95323931056927,-0.5733560825476952,3.1747307994734943,-2.5736431742025374,0.7653074050375378,0.962214290673029,60.54,68.41820276497697,4.2,Mid
FBRX,0.5930811183394672,76.61000061035156,110.59994181935151,28.939418629135616,1.0367540007519076,0.4132960932037825,0.09137148448716584,0.05221369952765237,0,6.3403243654027355,0.14379164751650272,-114.5286768144121,5.975161937016857,-0.7642439911992982,10.884670517610887,0.6124629269691926,92.18,67.23387096774194,1.57,Small
CNS,0.5662599304993342,84.22000122070312,27.673398478350553,4.007411201806801,0.7437773138479101,-1.0477928981612583,1.0115152944688448,0.8014759462908522,0,2.029380310065074,36.704310385226755,-3.0845648208434233,3.594913088264047,-1.64661459526334,1.8095705576470469,0.9141019290930607,24.53,64.41013824884793,4.33,Mid
INSW,0.5603150357221616,90.70999908447266,49.968237549477834,0.25752168089077704,0.7571036227798048,-1.0044401219266013,0.6283758136598913,0.7716866445810526,0,5.534712799477183,14.086274238694557,-0.5102092893446355,3.459611507050008,-7.658325098037885,5.340038270122817,0.8998237399859154,50.5,64.0725806451613,4.49,Mid
CLDX,0.6142851299276281,41.060001373291016,50.89762062612522,10.452061200989997,0.9404351982642679,-0.31991124776031143,0.21919179146506948,1.1690197909658895,1,0.0,32.19575685438045,1.6683719877806948,3.9941546024204175,-0.21871239185520594,1.919948458696771,1.0637721008175047,44.27,62.5852534562212,3.22,Mid
CXW,0.5617552971312089,31.229999542236328,54.77224283246569,0.6721132855492793,0.9096353926953143,2.098439359150685,3.746404101039997,1.3448609748215872,0,6.29810853271138,60.48304733246495,-1.5349421961378027,3.508531696808813,-4.466195000801007,1.3488414675063038,0.9391351872219064,40.13,62.544930875576036,3.09,Mid
FRO,0.5535156703841446,37.970001220703125,29.518139514356623,-0.7125551230050599,0.7271447259179709,-0.6919326075530553,0.5003914158432626,0.14485199738245952,0,15.815567929334978,3.1828829503179454,1.4560519290424936,3.2553895460391273,-11.902546252708552,6.115304809528729,0.8017625866514558,108.46,62.19585253456221,8.45,Mid
IRDM,0.6255530805497455,48.369998931884766,136.58632794542115,1.7191503510232853,0.49020008514380203,-1.0644922819994584,1.5918967846827474,0.0310096960499208,0,22.46069645136825,-11.394030414367604,3.5855811998190337,3.627542950834411,-15.407487453859778,2.1089238745997,0.6944496213987087,124.77,62.08064516129033,5.13,Mid
ATLC,0.6192741711728486,111.30999755859375,99.10163286241853,9.43536956102938,0.762760858320157,-0.22434678390434573,2.7220372505585626,1.5407456696483781,0,0.0,0.8151380007471953,-6.4419523477681135,4.376444421832158,-2.649905826847063,0.6374774875888308,0.8393032475535848,19.46,62.03801843317973,1.68,Small
ATKR,0.5611753787083651,93.68000030517578,23.072237307938547,22.62261627454448,4.876218013628999,2.8869258564822333,0.06404521605215527,0.037365138764914596,1,0.0,0.13896018084003312,-7.124207476039274,4.282435121322393,-0.06400422440835044,3.351028127265032,0.9400044377234306,63.41,61.79377880184332,3.16,Mid
PKOH,0.5671058652333556,41.61000061035156,61.58578857131243,8.320354130427072,0.9248430927252241,-0.11633475582455205,1.5861567837421657,0.9903911068269581,1,0.0,6.867030453043471,-5.481786095684956,3.6857491795584227,-1.5613906795576442,-4.333873900086493,0.8810239907297911,3.27,61.60483870967742,0.6,Small
ZGN,0.557620574582679,15.210000038146973,52.85695188007988,6.7368420153228845,0.6455751605072372,-0.9918089901589606,0.8547016049068256,0.1314954484693977,0,0.8520375463989104,16.881254012436536,-0.5988018394901918,3.353056456310166,-1.2337635394636204,-8.947366666112455,0.9302403692776313,20.66,61.54723502304148,4.08,Mid
CTRN,0.6237106809625619,72.7699966430664,46.65336269973912,11.972790335732896,0.521572187065798,-0.496374335535026,0.7832894339850103,0.522189461237186,0,0.0,29.437913665456012,-13.104549629797663,3.898781943345074,-0.7772016952255562,-3.919263424043263,0.7275651640692494,13.34,61.302995391705075,0.61,Small
CODI,0.5769414545080456,10.850000381469727,60.26293704849157,6.330854921257563,0.7535469875240869,-0.8664680354446053,-0.18432722013234704,0.2765040146356098,0,26.40515412055607,44.8598225978498,2.182542347937806,3.6932194951365127,-14.161391717501054,4.101223956573329,0.7899230976329281,8.99,60.96889400921659,0.82,Small
ECO,0.5550326854550581,60.619998931884766,46.20058424529301,5.959567869754565,1.3511346976128897,2.467220674919723,1.1050791794933597,0.1484661071794706,0,0.8175577672238915,24.474977865495298,-2.925146409051228,3.7108094439118986,-4.790175739897524,6.62928378212232,1.0179249573146807,28.36,60.6589861751152,2.37,Mid
NRIX,0.6017287872898837,25.1200008392334,37.379766141229844,6.578421151631862,0.49930478661728284,-0.2389729526683983,1.1146447847581897,1.0748349577385221,1,0.0,60.61381257802747,1.8922216970764631,4.357370021880165,-1.102357415318942,0.6285749162587242,0.8966279230759368,56.34,60.38709677419355,2.61,Mid
PTGX,0.601308023830831,137.32000732421875,48.20622357941144,1.5582871678855619,0.7094880923406026,-0.8203656610284038,0.43147301754335327,1.4054041800888033,0,6.430229889167377,12.668206776022965,3.2912118007161415,4.344667872291479,-4.166366279291435,4.304873643833486,0.914633101560463,101.18,59.66820276497696,8.83,Mid
LB,0.5692873386681432,75.62999725341797,27.958955224843418,-1.2489174448616778,0.6883845678473648,-0.7645562508188822,0.5529621531303692,1.0842254721572373,0,15.278359869515434,24.16679928195666,-0.14109878353251598,3.7543868371647116,-11.217816245619092,10.517613337448187,0.7348044938763926,25.48,59.293778801843324,2.11,Mid
CGNX,0.604772443481688,70.70999908447266,61.35306503199962,10.161634406030831,0.9966452357141469,0.35591713564163396,1.6687884605251138,0.4101271662820942,0,3.757373953592291,20.862359446355953,1.3570409040531506,4.35581987846578,-2.977494855508886,2.193973412870258,0.9823181887417554,155.31,59.038018433179715,11.77,Large
NHC,0.5547209893265816,221.4499969482422,37.575820790581304,0.30301428038228856,0.927769847136702,0.03369028392399167,0.31384390778657373,2.3754789430323364,0,8.003947828351713,10.242360126357877,-2.072905569426637,3.7020762023237404,-4.822281045667041,8.46939542205959,1.0618189953396528,30.0,58.703917050691246,3.46,Mid
FLXS,0.5617552971312089,77.3499984741211,68.40527743254086,3.9937066815504663,1.236981753171179,-0.44371432142562833,2.5834600049239804,0.20038627324178798,0,2.4675789437807802,42.43491542618747,-3.2294861365989393,3.688549889851098,-2.9464927778263243,-3.2912359027970837,0.9403503678288092,4.09,58.538018433179715,0.32,Small
XYZ,0.5566269496930211,84.19999694824219,36.03243644415728,4.67754237281718,0.9171059708972509,0.3092513159692867,1.6627097109312976,0.6294522547505211,0,0.5713873461444176,32.182097236186806,-6.871318480824592,3.0749910742294033,-2.872309866202084,-11.78025327151252,0.884842014584916,468.83,58.21658986175115,50.11,Large
FLYW,0.6114330080701303,18.649999618530273,52.957335692173245,8.195910144922616,1.263108144022444,2.951094657995562,1.4477236636558828,1.276133872695157,0,2.9701169594295025,6.510561819999078,-6.522981171620606,4.027192129854226,-1.7386719264893384,-3.039700654947791,0.9070392116026341,45.69,57.72119815668203,2.3,Mid
ANRO,0.6100270197005017,28.030000686645508,61.21988068432336,2.3534378904006097,0.7047632508791671,-0.34822267603033524,0.0,3.674636679903795,0,3.209229329457412,3.661241632995131,-6.630891268884945,6.429335641450972,-2.842286599491622,6.691800764260022,0.8935446982929259,15.01,57.627880184331794,1.09,Small
ETSY,0.5685763366850368,85.86000061035156,48.88531158483565,3.471339319175052,0.9229712616618544,0.05960840964853085,0.9708862093383526,1.7936185704193204,0,1.4631074960775141,78.35480203190556,-11.062177788869944,3.448106242929558,-2.4025407956589846,-10.612373867307246,0.9298815941637579,244.08,57.521889400921665,8.15,Mid
DHT,0.5688774444326681,17.8700008392334,20.4258817167021,-1.2379745734057042,0.8988780679298155,-0.21695858175843966,1.28707068506956,0.5036382112823401,0,39.29741476507057,-5.766521110639952,-1.6365740787158036,3.4255318081589476,-11.490835232004109,4.200227718320136,0.8308861930519759,58.08,57.465437788018434,2.88,Mid
RELY,0.6033049198365127,24.06999969482422,82.35057400334169,1.726431633989393,0.7244211790096164,-0.4514321148034316,1.3294545029833709,0.24927073826590787,0,5.234872379397083,1.3473671360452424,-8.051942303925056,3.814470909021835,-6.52427302955549,2.5486526366057833,1.047712599063522,88.34,57.046082949308754,5.07,Mid
ORKA,0.6036341066185287,97.19000244140625,169.06937798112787,6.489169670266083,0.6430825919768463,-0.5328495559432789,0.7922591045541931,1.6205417615562359,0,1.3080785545316236,42.7166000274032,-2.6658767290228558,5.807108124351199,-2.5957069247850706,9.239403122146715,1.1022490255928217,128.96,55.808755760368655,5.86,Mid
TEN,0.5762780695045502,38.0099983215332,30.828369745447027,-1.864380607342741,0.6199690234436355,-0.9989695319138648,0.4472559619709245,0.24992741436019147,0,34.37287512241433,5.145740618795594,-1.1992900833571387,3.7943023654845165,-14.943169020242273,11.00681062403699,0.9292340135316558,10.33,55.63018433179724,1.15,Small
ROIV,0.5505604063356834,34.599998474121094,45.25438540851583,0.010113278421121231,0.9980280842269142,-0.043527692924137745,1.936422003383436,0.7225433844448315,0,11.351296140896446,24.909738342549897,3.3250228812208946,3.515072795672678,-6.486490610308221,2.9038683526082636,1.1175830956782302,191.54,55.233870967741936,25.0,Large
MOV,0.5658597743184713,39.02000045776367,51.700279545565934,2.2858359538070223,0.61269066942926,-0.8490944418323078,1.166073361622672,0.743210948533475,0,7.531725516768304,15.040145953763023,-5.47237179751232,3.5101052256729144,-2.156470880883661,-32.2671408461404,0.9638753663737053,10.78,55.2200460829493,0.87,Small
EVC,0.643385983799081,11.600000381469727,277.8853642494902,4.269665902987668,0.6696556216271581,-0.09156876492938858,4.223272578984503,0.6896544919684054,0,11.878369822014822,51.667749186150466,5.465417089523558,5.449445784873584,-15.574959426062163,5.691055563164968,0.8019480419095798,22.07,54.8421658986175,1.07,Small
XENE,0.5767737195674474,64.30000305175781,40.425984942836514,-2.4944987619759122,0.4149001277034411,-0.5589612550001535,1.9673395483519838,0.47434542051699835,0,11.422337231531085,2.453799826937997,3.2022844338291256,3.36791774492669,-11.505642979476018,1.4029875340753966,1.0088040360950161,94.85,54.745391705069125,6.22,Mid
BFH,0.564847189789275,112.33999633789062,37.58201932989724,8.518516753763056,0.7027048105901952,-1.930753829948338,1.4242532986105536,0.3649599840452447,0,0.6564705489244194,9.696311220188228,-5.7017993921571035,3.3749584127257504,-1.559767232593342,-3.490793742951791,1.1311170911646908,82.05,54.710829493087566,4.54,Mid
BOLD,0.5991130324640774,2.799999952316284,144.64762620440465,11.343073782898985,0.18528676359000693,-0.035358245248792386,4.28571878494264,0.9999956570186654,1,0.0,7.692309805490423,-0.8163257358814682,3.8877537717971906,-4.109593178123097,0.0,1.1110008301566745,4.31,54.460253456221196,0.06,Micro
PKE,0.5954899277706394,37.790000915527344,44.09934944693925,10.089873283558365,0.6623566818679505,-0.5031818996230703,0.7409335075575995,0.6615506587369869,0,3.055685462319615,16.515655197471922,7.573670878313747,5.485200480484853,-5.193175271138135,3.5260109787505183,0.7321300480634706,14.06,54.42972350230415,0.82,Small
NAT,0.6312563866096698,6.130000114440918,43.27458057643756,-2.6906877434083363,0.7544759755808447,-1.0426670808784655,0.9787918703036654,0.16313586775710268,0,16.284281642194724,22.102324363012055,-1.6501634580907234,4.020042206588522,-8.915303162599646,2.4074019996069853,0.9342341087564124,25.57,54.4089861751152,1.3,Small
ELVN,0.5990804974316194,59.70000076293945,104.07125210118977,11.093020336680995,1.0407181502685143,0.1886604241142551,2.194307129862375,3.7353425690126847,0,1.679070274119282,19.209262340176867,-4.645670562497558,5.172289900667165,-4.204106137151217,9.701498567831617,1.137028580824865,93.37,53.79147465437788,4.26,Mid
DGII,0.6055998112600431,72.75,49.79362505205127,7.857672349772306,0.8264527841459186,-0.07711810501096424,1.4688708118354792,0.4329825594603284,0,5.219314448160371,3.1183513154450377,10.27618343304274,3.807915082209592,-4.789953522638579,-3.4612955854621665,0.9220105686347732,28.07,53.44009216589861,2.74,Mid
ELMD,0.6369319981728561,41.869998931884766,26.777521250986513,0.5752962596022524,0.5855383927323254,-0.5958578547035763,-0.9792301709073068,1.313587893666213,0,24.38692529190266,-8.280399709884916,3.755115527338994,4.234193029205114,-11.666671763413905,4.16012585495422,0.7608132560798124,4.0,53.26612903225807,0.35,Small
ARW,0.5535020210995726,226.85000610351562,55.357038277509844,7.128017882688304,0.9326644531165407,-0.4801008032929662,1.1042560350024324,2.6096598053459488,0,7.280581547223947,18.24341875753331,-3.81825592780728,3.7868019122208816,-4.415790522327293,-0.08281998539729563,1.07757684673377,137.25,53.15092165898617,11.6,Large
WLY,0.5789988293120659,54.459999084472656,78.278046170504,5.988360536861995,0.6567656535197941,-1.0598661498536852,0.5508616270626645,0.8261068190750166,0,1.488698621957413,13.785384177042435,1.5705783846803185,3.7373051641987947,-5.204364870982714,-3.0703832853027784,1.0029803335426568,29.63,53.08410138248848,2.76,Mid
LQDA,0.6004349159941456,89.12000274658203,78.88850155209848,7.9836703906825415,0.5880603475392034,-0.5571607821192132,2.513462516505932,0.0,0,0.0,25.397499829760594,2.164340246962769,6.221146476213256,-2.4518365244967057,3.6569359772710452,1.0600944226539795,173.37,52.988479262672804,7.93,Mid
KEYS,0.6297587691766008,336.0199890136719,35.68906667539415,4.9699992540395925,0.7556678967992315,-0.7134719582846833,1.4284918955631798,0.10415320438636727,0,35.248189344937586,11.45680534979002,-1.7242470650199804,4.125392486617015,-10.38583069876844,4.7783926809804775,0.9538787532392083,508.49,52.95622119815668,57.42,Large
XPER,0.579917523099131,7.829999923706055,36.90976019009031,2.2927672232257623,0.9879704434734706,0.1924132609710461,0.9578580692656966,1.0217104019839176,0,29.74896083899774,1.4248722343219753,1.137796175417113,3.5157810394371567,-10.514286585014885,-0.6451637513343438,0.9000393010130735,3.16,52.94700460829493,0.38,Small
VAC,0.5758972961716379,101.73999786376953,82.84328046740221,3.2311713142769656,0.7711258771567799,-0.6495697703273379,1.3564034910309029,0.029485728254829226,0,3.7432448014759583,53.702650351913995,-5.854852938515283,3.680952614847067,-3.9916988847474606,-21.809441880666576,0.9687825549441087,48.49,52.94124423963134,3.49,Mid
DHC,0.6050168208227338,9.15999984741211,43.93136423316728,0.9413918246464885,1.3598926284919826,1.1660455584112213,1.8013096570261424,1.4737912384455085,0,11.77836541143654,36.847541090797804,1.1074184123114237,4.234076842539464,-5.175983518076234,6.171419318154335,1.12348737077424,17.07,52.77073732718895,2.22,Mid
OOMA,0.5983082790123586,21.489999771118164,74.79910814884896,3.1165264762481697,1.0291013185099391,-0.7164815937801574,0.5872485976187619,2.233133388535725,0,6.2734815904331,23.293169217580836,-3.263637785293916,4.622781451939017,-5.413730542937185,5.125530368820831,1.1180216453106475,8.3,52.646313364055295,0.59,Small
NTAP,0.5768873678354578,186.60000610351562,84.77753160437909,9.11993912629726,0.747119691629158,0.2364982672620975,1.613081279289497,0.1473789637066804,0,1.130953203241231,7.388123412606343,1.697491151651095,3.6290397852994296,-4.649969844959571,-28.946601383887018,0.9573041687945775,635.8,52.59331797235023,36.62,Large
WTTR,0.6028471780280564,22.260000228881836,71.7457041364867,13.539569520678818,1.4067690627311176,3.5543479524748958,1.3027807959741893,3.593886921827734,1,0.0,75.58553833003116,-4.279747919163874,5.171671351372895,-1.286026687261444,4.668057540348642,1.4724207368349487,41.22,52.49654377880184,2.77,Mid
PAYS,0.6246285356675585,9.59000015258789,140.8012118649055,7.252700416583373,0.8695013273309302,-0.029444284236063618,0.10427767175889531,3.8060554634707007,1,0.0,86.21359173084728,0.2350229990998436,4.748248878960334,-0.10416904670230072,-15.32738455079179,1.0221641673319632,5.59,52.426267281105986,0.54,Small
PUBM,0.6228278594473203,13.510000228881836,89.71010499864262,2.980411417444615,0.7772083662159236,-0.48496077999051174,0.0,1.3323486462838914,0,5.510723319470111,91.08910749568248,-4.863224549352686,4.205879131297001,-3.7749268830018696,-17.95367443833084,0.855689570265588,7.51,52.278801843317964,0.63,Small
URGN,0.6028471780280564,46.43000030517578,119.9169060263301,13.93725328684643,1.5424365098818447,3.8448922417333242,2.9506761207204613,3.790435338787211,1,0.0,76.87619163583626,-4.654221705315171,5.274299865555426,-2.8661065977463656,6.438209561212392,1.2848663129166709,34.75,52.208525345622114,2.26,Mid
NVRI,0.5610330494643675,23.010000228881836,7.673103502606704,1.6971634649881966,0.2440858368286934,-0.5462577917120701,-1.6949208739711217,0.5215160279640496,0,1.802904476751381,16.21212684519131,0.13151591406370275,4.445271510844266,-4.40382002217589,10.96938559477395,0.7256428835857265,21.8,52.17857142857143,0.65,Small
RAPP,0.6100270197005017,42.439998626708984,42.43161951761696,2.4001512578282838,0.736128856838299,-0.6241133954068926,0.7775726713601495,1.7436420885830366,0,2.224189885220528,6.874841614476542,4.905933057626814,5.7619169134306,-4.155375346140771,1.6171807810032195,0.8642654149294253,15.87,51.96082949308756,2.03,Mid
NSIT,0.6184171030669748,140.27999877929688,65.20176803599725,14.644371641163604,1.3685918832160477,1.24407665322936,1.1583975008048264,3.885084827223188,0,0.0,103.27487963460977,-1.8839445210704358,3.848680954468373,-1.1451323166676401,-20.505466691469206,1.094869663582109,67.16,51.866359447004605,4.24,Mid
SI,0.6125598414290763,22.600000381469727,56.54957665878133,3.5177748739013968,0.8029814398744588,-0.6506187748054892,-0.2216828570363545,1.4601766288554032,0,11.845633194912205,-0.8337013006428995,-7.487687265100075,5.29927390662839,-8.111400640374953,2.8767127759684237,0.9009307917401028,2.66,51.756912442396306,0.47,Small
RVMD,0.6078716774761105,197.3000030517578,93.35198373581046,5.871496183604993,0.6088351321654829,-0.5191135537879481,0.5043056775429645,0.7804874351606925,1,0.0,44.754217632987626,2.808664020144137,4.142635215921253,-0.5017751967373159,-7.996829844512164,1.1605524119666741,546.57,51.71198156682028,41.95,Large
SYRE,0.6038593711454546,104.3499984741211,201.2243860394483,4.936066308331923,0.6226512307347236,-0.17327025291068887,3.0665998993810466,3.3253486070059077,0,0.5795284365966635,64.92808237472889,-6.991612224519769,6.074405570722953,-3.5047169751094795,4.740043202604226,1.1471672404313147,142.15,51.476958525345616,9.06,Mid
SN,0.5629640489577146,182.11000061035156,40.249530427782254,17.099737673563926,1.2054561997634006,1.0787326917127475,0.4063508267968977,1.3782932058639192,1,0.0,72.40367825886203,-2.430198255904615,3.5750371780142296,-0.40470629940317376,-9.488534319864723,1.2128439490742948,339.68,51.18202764976958,25.77,Large
ESTA,0.5817418521177232,91.25,12.187417939795719,-0.47770753636671515,0.9528840483473685,0.6443563353845095,3.3424690977801506,0.41643534620690886,0,10.240448893148287,3.2473442359589626,-2.988981641816282,4.054012410561399,-6.496563762411036,5.693309975478327,0.9306617330564227,57.61,50.75345622119816,2.69,Mid
SENEA,0.5572288560348685,170.74000549316406,30.490309510214164,1.055898694264403,0.5416535304465279,-0.6725039316299601,0.0,0.07614201629912891,0,12.365991456524734,-2.640126448599795,5.918085811601518,3.622674740086534,-8.99205536070275,-4.178663045088402,0.755291088124774,25.49,50.50806451612904,1.16,Small
PBT,0.5959989361841438,34.529998779296875,79.38522555875771,19.463990679246667,2.2013605934307985,2.1032371597268167,2.5774671910972646,5.845639865882133,1,0.0,23.446737239432277,-1.1803749037784301,5.346859685339264,-2.512703093258832,6.676789080904025,1.4577060544464795,4.35,50.38018433179724,1.61,Small
KOP,0.5813155304588692,51.029998779296875,56.895322582636545,3.1013207406925822,0.8645118379474862,-0.590727588358699,0.2155606760352005,0.13697925605732467,0,1.8558703086080972,45.7022057457011,-2.2573832496977007,3.870259346024543,-2.334930565894308,-2.2794201156175293,1.1915044466276614,8.57,50.33755760368663,0.98,Small
MRX,0.647697471895361,64.2300033569336,53.68268466579433,-0.6815231309658473,0.6715783676848489,-1.1959807013408252,0.2724630898469296,0.2880354636715579,0,13.97953557390087,49.62443511417404,3.1408166131812187,4.4181634593577925,-9.763974316306916,-0.39473511552090035,0.8534774257612995,56.08,50.25345622119816,4.62,Mid
TSAT,0.642910685221754,51.279998779296875,69.67537490769074,29.06310746335013,1.416774938965713,0.25898659264338636,3.944231921620024,0.487519512375762,0,20.130098839896977,-6.337901772857984,15.882882367183418,6.651159593181697,-13.261164232239167,7.084113860666361,0.8810226521900463,14.81,50.21082949308755,0.78,Small
ESE,0.5737743938416094,327.6300048828125,24.98918537680006,1.542840102946597,0.6115081790371502,-1.1562416404195182,1.0133404373009502,2.5699762849011236,0,21.851200764525093,-3.5815222989706417,1.1659070293644511,3.6469710231979953,-9.510662126650875,2.679110207582455,1.0730978794048647,80.3,50.18087557603687,8.49,Mid
DRTS,0.6179418948765563,13.260000228881836,69.41073850625553,5.859812822257356,0.5085589914200059,-0.4468114073834614,1.7345364875485956,0.0,0,5.570999873576909,28.239845579506408,2.503910027271837,7.012496482799453,-6.024092476380223,3.735059774775514,0.9504258090874773,11.14,50.1589861751152,1.2,Small
AVT,0.5994952666647386,97.22000122070312,43.54734767230462,10.60107294178355,1.092791795610042,2.915926072421499,1.489505462668763,6.377293252134465,1,0.0,19.695263558492716,-3.5679977137050685,4.037095848037225,-1.467644813006457,-1.2105648910456233,1.2087507560326698,128.67,50.12672811059908,7.97,Mid
HELE,0.6200704843867533,29.559999465942383,58.23979496078218,5.58462504409104,0.7355104868491869,-0.5267057227232559,0.9472283210242913,1.014882417017777,0,0.798064536399912,24.097396492093235,-11.397930488431545,4.963271601094673,-3.650589400443865,-3.937622783092782,0.8936863980617619,16.21,49.9700460829493,0.69,Small
PANW,0.6224878213926986,362.6600036621094,105.92137495192277,7.0785344627684,0.8392413973422763,-0.6849307151414739,0.8575568956398218,0.12132643163346665,0,0.7514010583989941,119.39503748669706,-10.427646856592162,4.341728374034797,-3.798611837989496,-15.31200647400604,0.9548785130804246,2842.57,49.86866359447005,295.57,Mega
CYTK,0.5639158631610516,78.8499984741211,9.580583451349955,-2.247624384626788,0.9613096387869419,-0.36224563970639234,1.3823669739632813,1.4584674040821408,0,21.414558895652743,2.283048670145775,2.662576083811437,3.6226099291827127,-10.712262876112998,4.2370704870600395,0.923055418247846,163.28,49.83410138248849,10.71,Large
RRGB,0.6287548068141932,8.170000076293945,109.77777211147566,11.33065445584753,1.188526234741617,-0.28392938906943854,1.1003673920948664,1.5299819091830895,0,0.0,69.15114295350962,-7.001522466636949,5.416069640536325,-1.9207664928971218,-13.157892807675353,0.9252531065183702,2.3,49.73271889400922,0.15,Micro
ACRS,0.6063233894627948,6.360000133514404,71.05220943059693,14.94668610400639,1.4633657189267042,2.255855949125428,2.4371026681279444,1.257860409025963,1,0.0,87.61061757601557,-1.633387876513074,5.654761079151014,-2.3791210456465,3.9822971030611276,1.2522540093811947,11.95,49.71543778801843,0.89,Small
AURA,0.5745672556877305,7.179999828338623,8.642321321548053,2.170042971963781,0.5952109687838416,-0.27164026299844785,1.3927630062205443,3.064064003075546,0,37.034583667709,-19.325841165400284,3.3103416701387673,3.699760719009732,-24.698479879532155,5.3947349013550285,0.6736880134036084,3.86,49.57373271889401,0.74,Small
SNX,0.5994102798565392,263.07000732421875,51.688567685004095,5.229371284009365,0.6788547425565781,-0.5930004817434394,1.1802867610489274,1.9272464298641934,0,22.882404712498325,56.6053630335234,-1.8987922553105538,3.4883449897356646,-11.090691048677877,-13.971521156286581,0.8921407187444725,239.89,49.504608294930875,21.03,Large
DDOG,0.6316794324774903,283.1700134277344,124.41240405044059,7.948723002663946,1.0017117537823044,0.024171600399853044,1.5955098198386037,0.06003934727261028,0,0.751932176699154,50.039749821238644,-1.2907408037239774,4.4942196520667705,-3.2624992324100486,-24.81557263960115,0.9610002760041217,1424.91,49.414746543778804,100.8,Mega
DNTH,0.6014219846403873,112.5,102.21601232229682,8.422239904528789,0.7801033648716108,0.07630691677383905,0.2488878038172321,1.7777777777619752,0,0.7746088392123838,17.986367907864956,-1.876214920966807,5.655238075861855,-1.7896141397863177,-3.4343125300493287,1.014477242445509,130.8,49.38940092165899,6.15,Mid
ZD,0.5637351208690601,52.720001220703125,39.2611642030736,-0.37039639073113123,0.883825685472335,-0.07180996686156232,0.018964949357943375,1.3846728477233246,0,5.831122486648783,27.09740068041919,-0.23085596948678688,3.7082698756431873,-4.940493885596283,-5.675056061515643,0.9851362129720997,33.19,49.3778801843318,1.94,Small
BVS,0.6020812260231545,15.260000228881836,72.96108717954925,22.158182059247547,1.569204163499959,5.9688591863093565,4.1461334003896235,0.06552604886557697,1,0.0,29.541600802205544,1.1560643567787683,5.142155234285421,-3.981072810883742,14.547413182466363,1.461998197677775,11.64,49.334101382488484,1.03,Small
CRWD,0.6291711208679525,209.86000061035156,86.81368338112696,8.075539237443605,0.7423674071223801,-0.9168061508167258,2.763748706214425,0.1429538982578203,0,1.216140235317854,139.6140880343005,-8.18857762401865,4.3722690813934175,-4.326421349011624,-17.892556748758675,0.917231733037416,2406.06,49.3294930875576,213.69,Mega
ECPG,0.5975178269030889,92.69000244140625,55.50126073782309,0.9051993378714669,0.8465248352668474,0.06128904262535222,1.0033447844104277,0.8738862516392587,0,8.889364973346272,8.244780350759651,-2.638790877779883,3.8846849201128344,-5.562912887960991,2.044887097297993,1.321364522255275,30.7,49.140552995391715,1.99,Small
PLSE,0.5966310853161177,37.900001525878906,157.70993604499535,20.902788403703667,0.8645921625907402,-0.4478596280565925,0.0,3.4889179525167244,0,0.8399260374619275,33.21617050681203,6.367843744565747,6.9020545673945115,-2.570693986500298,4.712241568438045,1.2773112909913014,13.33,48.88824884792627,2.62,Mid
NEXN,0.6038651307675938,10.470000267028809,70.80887392468445,3.4559460435304103,1.1340789009053316,0.49258484004583314,0.3820435609268437,1.3371570175624439,0,4.121632274628018,20.900698051958734,-13.414623314093546,4.08377671467261,-2.195232679403301,-5.072464852514048,1.1610632846382467,4.1,48.82834101382489,0.58,Small
STTK,0.6224067928645312,7.369999885559082,76.74125591940238,4.694933412694023,0.6535998737459292,0.04546509067777608,0.0,0.5427403320043007,0,9.218396230224789,14.440990992717575,1.5988391230914205,8.308779931837886,-11.5246104060541,7.377046167650257,0.9135749248874152,10.7,48.786866359447004,0.7,Small
VSXY,0.6118422482934857,89.86000061035156,37.60848992854964,5.67413556142247,0.5730194869777845,-0.7633261815222674,2.25906829010241,0.2448181502469332,0,0.0,70.47998894031052,-10.185420783182035,4.750484887790216,-2.2942270113329557,-3.52716577154563,0.95958733591019,206.33,48.74654377880184,7.14,Mid
LOVE,0.6286946687673154,18.40999984741211,26.18795399966103,6.94006669101494,1.476745328397263,0.7587376488574146,4.291151124563874,0.0,0,2.4986445873856264,33.79360131427996,-6.801905572864511,4.712500233478893,-11.829499102075214,5.2598974985691695,0.9297539397957122,4.31,48.6278801843318,0.27,Micro
PVLA,0.6014219846403873,154.91000366210938,81.62248773522265,6.683840579522673,0.6771156364935893,-0.7676883397614845,1.0199482239318758,2.453039159447618,0,0.759363323428168,4.429019473082107,-4.669742175936911,7.83090592178678,-4.009171536065625,1.2281792719566313,0.9868217922446367,41.79,48.593317972350235,2.22,Mid
PEB,0.5557797808570679,19.09000015258789,54.857664644979856,0.5054242950723071,0.8260172979551433,-0.5169631458811007,2.0429512127329064,0.6285957617565147,0,10.527183621728167,33.379024992863705,-5.908830669403367,3.337573899945998,-4.214752331577219,-6.630587763647573,1.2245599087677999,50.9,48.54032258064516,2.15,Mid
ASC,0.6062887765936893,16.440000534057617,19.727303650538317,0.4859297218064381,1.012140028090905,-0.802020913993551,1.0942890340133709,0.18248592256145366,0,31.98121395874205,-12.635978979569146,-0.2501620769069274,4.062344177469603,-15.950845389660307,10.812087774944901,0.9911299270613424,10.42,48.37557603686636,0.67,Small
DCTH,0.5752309675306387,12.630000114440918,14.446942375764337,0.1983336135878845,0.8818759495203302,-0.050088441917684044,0.3103707738976059,1.5835297500957677,0,14.5717255558358,-2.3956682841657675,-0.6106864226745343,4.237189188174632,-8.078600255363236,3.8112528022622687,0.9393183344848977,6.11,48.23963133640553,0.44,Small
KARO,0.6061921910752758,65.91000366210938,27.52869832689264,6.35870360922928,1.1499419632562602,1.6663087670383254,1.8661745701396553,1.7749945710763368,0,0.0,33.908330375273934,-1.4723783806701505,3.9039059150864324,-1.831986503875932,-5.884823052496214,1.0666373339652366,8.16,48.05069124423963,2.04,Mid
ABX,0.6342064329930531,10.5600004196167,32.424440715579195,-0.6304664839356792,0.7241020915220953,-1.030307550370417,0.4734866358266991,0.4734866358266991,0,14.24884651566588,6.559037155875842,6.44883914493036,3.974567860214367,-15.112533955226626,-0.11062200135983033,0.8843628641950109,6.44,47.97926267281106,1.01,Small
HNST,0.6464843309589801,3.8499999046325684,48.183560819089635,0.16259852358551008,0.8336684458291213,-0.7786059083144592,1.688307023249139,0.5116834394360343,0,8.410567242210671,37.992829996155095,-2.820516174265264,3.906679604081832,-19.456072471982342,-2.3460387586209115,0.8662083695275321,5.2,47.91705069124424,0.42,Small
NGNE,0.6338702265444949,35.97999954223633,92.66440243044562,-0.7420911593626216,0.6382225551673926,-0.1655957781143113,0.8893821536592368,0.8337944437715871,0,16.113869184982075,53.1715619084142,-3.164223408291252,5.575518034183754,-17.590472587816784,0.6134903448424737,0.8192178167565898,8.12,47.8905529953917,0.72,Small
GCO,0.6387773472842155,39.2599983215332,24.94369405425889,6.655796489106927,0.732570314921531,-0.9930374498155783,1.8976127825110944,0.10187748991095057,0,4.313829924952748,34.22221648270421,-7.567895964350233,4.123608522763071,-9.954129138477768,-0.6482924386693708,0.7980877837296728,7.61,47.832949308755765,0.44,Small
TRVI,0.6244055590137404,18.649999618530273,50.223353648507626,3.940252397289602,0.7054400108521325,-0.42038317516572543,1.7694366243336483,0.9978552809654311,0,7.572382970175585,-2.202412600907976,2.3937584246782984,6.254347509460661,-7.76458826934604,1.2738874996829004,0.8386587542639478,41.59,47.76958525345623,2.65,Mid
LPG,0.6259047892555122,43.04999923706055,39.68884790284848,0.5503038705914914,0.9739774426803447,0.8268304977204012,2.044137244344536,0.6736374463648159,0,15.86739018708743,-7.750743144571494,-3.394830180678063,4.569962873926096,-10.078330575119937,11.08479999760666,1.1193647255179087,31.44,47.7315668202765,1.84,Small
VIRT,0.6602193680384583,58.470001220703125,42.05130850447185,-1.9255906305905266,0.8810101091238256,-1.35898274223974,1.7444850974025021,0.3210230460631598,0,23.508147385747264,20.047337351845187,5.7258389336142335,4.056292810373694,-14.039982201610938,1.280952972649403,1.0207443905555127,74.16,47.69124423963134,5.16,Mid
CHMG,0.5635837920996385,82.69999694824219,24.667634473644174,5.529782820638493,1.2650872547214576,1.8832016509730178,0.7497010513344554,0.7557436796322967,0,0.0,16.52810416459729,-3.8671793102136114,3.812401603013739,-2.7058859432126514,0.3481377886349901,1.2438545894573378,4.91,47.62903225806452,0.4,Small
UFPT,0.5718520462714726,322.05999755859375,15.848034533189148,26.405854789747973,1.3551875521347347,1.3659762529522883,0.6660310338147746,1.316521848880172,0,2.452706056164083,34.10226209497053,2.222491850231539,4.40046675344823,-4.915707926095663,4.734243036228428,1.0605029251024949,69.77,47.60253456221198,2.49,Mid
CVE,0.6130118608315502,27.729999542236328,28.41672118704528,-2.0816063886819753,0.976681507644016,-0.5019088922990544,0.39668450113044784,0.12621654521680742,0,27.511190362597628,12.032390088606505,-2.741274774927682,3.870228678045932,-13.050010685631259,6.023293780409055,1.1412340310427729,221.99,47.584101382488484,51.14,Large
OSCR,0.6394967852522774,30.110000610351562,104.22988753889734,-0.2897575056646239,0.6794900839927773,-0.18191178034059774,1.9262700495841005,1.11259045174178,0,9.671730971351304,51.764114809779535,0.6491361864689718,4.983157470308997,-9.033226590680659,-1.4575968753884454,0.9326802223413228,179.86,47.426267281105986,9.08,Mid
OPRA,0.5681845303174661,19.899999618530273,41.635240122760855,3.0954526934158633,0.8838764973777097,-0.456484643165854,0.1507572222064995,0.5025144893549852,0,2.8709746764693236,31.70170868909949,-3.7551415748156227,3.7329497166341223,-4.2348461934288,-10.785995858025748,1.035662413208002,6.93,47.39285714285714,1.78,Small
LXRX,0.6131844523316972,2.450000047683716,79.17316250400472,6.637652134367713,0.8908775787561067,0.27862652421930095,0.0,2.04081433970367,0,13.820245744950368,-3.9215649593451216,3.08369752423478,6.253644137547916,-8.582090046959038,4.166673563423115,1.0314059139855711,8.32,47.22926267281105,1.09,Small
CCSI,0.6128684321624752,38.16999816894531,61.18806657230837,3.416506943113344,0.7265857798487012,-0.7048592104649375,0.668066754889236,0.6125202827412806,0,2.2029144843663313,12.264700496537252,-2.944413016791296,4.13035620271033,-7.801940187940616,-26.03371528956097,0.8239595162314836,5.72,47.056451612903224,0.7,Small
PDEX,0.6260088652667419,66.30000305175781,53.39269783933962,12.996280737414548,0.8278448095720787,-0.20845937643201598,0.7013634176081895,0.2978915944744492,0,4.57452123230641,5.422171561694168,5.404048046586111,5.022354075630262,-3.89910841464947,-5.368387630327294,0.9260657074966943,5.48,47.04147465437788,0.21,Micro
RLAY,0.6318464290639036,19.690000534057617,114.8718682927266,2.4920310703148387,0.48267920450147983,-0.7817778398128561,1.4220354072532566,1.320468368799235,0,4.598052949416709,63.13174010989944,0.61130380544533,5.180293290512853,-5.2910068926224225,-5.395421361892237,0.9315419595038454,71.67,46.96658986175115,4.29,Mid
CBRL,0.6295961538949041,58.75,73.07540707968847,9.169266472709992,0.6245731153547993,-0.5034698187394526,0.2893585854339045,0.0,0,0.0,32.702009844102726,-6.216542457526671,4.599391392299107,-5.168549283994967,-8.243287017795407,0.9398316663182877,76.12,46.90322580645161,1.31,Small
CGON,0.5942308533836783,72.41999816894531,25.552285544498066,1.1954224826691546,0.6535182976465653,-0.3092623254915325,1.9262694113680214,0.2761731326854986,0,8.906696345761453,0.6392427603094859,-4.584522647976811,5.1453821543560165,-5.948054325967801,7.813230284335469,1.0720481402704085,78.23,46.865207373271886,6.39,Mid
DCO,0.5959734133092894,191.72000122070312,45.66511246611222,9.219139509409192,0.844364427833508,-0.15280357851076476,1.666488652759307,0.9910253934785035,0,0.9578896692342546,7.913991482998754,-1.048423056639442,4.200507972911658,-2.578824154798689,-2.9438249939128744,1.152135570726947,55.08,46.86175115207373,2.89,Mid
OKTA,0.6396767684532104,147.0399932861328,66.40862196795555,2.8140249433051308,0.648288062218248,-1.0207618375335654,0.3672424583686827,0.4080460229312773,0,5.891878649608084,19.282872791584985,-2.7866704495491943,4.478131170651509,-6.343953320894108,-51.55029978651451,0.8037673973289566,570.72,46.57834101382488,25.56,Large
CNK,0.5653939719439662,37.77000045776367,41.79981087896436,14.732686421878045,1.3952678312004305,-0.42458090900345413,0.7942791459271452,0.2382847537588741,0,2.943289402490069,43.94290595548545,-0.2689073065659348,3.6101959603569864,-3.1041536650880004,-17.794514941275313,1.1447514646653965,98.54,46.49308755760369,4.38,Mid
GHRS,0.637296629051526,29.1299991607666,70.74428528666938,4.682499775875739,1.196342241203185,-0.06880887494914265,1.2701711290092585,1.7507732356931065,0,0.0,0.0,-0.26070649470054125,4.838654399034425,-6.032260771526051,-12.251351634415498,0.7920083750461379,8.15,46.456221198156676,2.0,Mid
VSAT,0.6351304008029965,81.02999877929688,71.80052027560669,9.522198457153802,1.023000898743917,1.6438970446651984,7.182524722238304,0.9872830240715823,0,13.540157079672374,-2.3970102917509095,4.810807511548164,7.18693253006227,-12.899064986918518,2.2800389000595485,0.9170004180659068,238.28,46.1520737327189,11.16,Large
EQNR,0.6133187999989708,38.130001068115234,35.9600558783417,0.07480417030925621,0.8501405915992255,-0.485349327910225,0.23603501197063825,0.1573600094640855,0,39.72414919534628,-4.9121058623057,-4.668802021308218,3.9526413872960653,-11.366537167997084,3.8392208856086816,1.1948384327471133,147.03,45.92857142857143,90.6,Large
JRSH,0.6553549632768935,4.800000190734863,50.6275734012958,4.206246738284093,0.05877186281252125,-0.12086333617945283,1.2499987579762002,1.666674944741999,0,0.6621115407647247,28.000005078796352,0.8830118505236829,4.177081277032302,-12.248622029852516,-5.5214744548636885,0.8515681778665599,4.42,45.89746543778802,0.06,Micro
MPC,0.5654477167890571,297.75,47.90351348186144,-2.8929889600690433,0.9494046759327917,0.307244188192058,0.334171323991321,0.12762548541099036,0,11.410491545116717,17.19672630916958,-6.591135984994765,3.360559683817246,-8.922675954218745,-1.5747142594628643,1.2724980530310168,688.13,45.87442396313364,86.92,Large
EC,0.5595101187311721,16.389999389648438,26.508992254771613,1.2947638337539944,0.8159005293481626,-0.4958407322439178,2.2879805609630584,1.3422777396807968,0,5.514006272187482,0.8615347054758287,-5.617973703304493,3.4973415485816166,-7.661975269154607,-17.328516622772153,0.9518634938248488,48.39,45.763824884792626,33.7,Large
GKOS,0.5830111403643347,170.92999267578125,32.45117194489331,8.128448365071721,1.1511160960545535,-0.765492370480968,-0.14625870865900964,1.825305827449037,0,0.0,5.7342501568848325,-2.5366039838479666,4.454370134412426,-7.103264850080282,14.231057250671306,1.2622216106985378,178.3,45.73387096774193,10.08,Large
SILC,0.6374359856620183,44.119998931884766,102.4627710205691,5.121451828912407,0.8864999521201347,-0.06364988734996789,0.0,1.4279176533442783,0,32.41201682461931,-7.968293291974117,0.5046841657949093,10.618767898454644,-16.676112754786182,15.089344531530656,1.0003199336851172,7.62,45.67741935483871,0.25,Micro
MLAB,0.6272190593238621,102.62000274658203,5.385874418291259,4.054920191243865,0.6123740365317363,-0.5931415138302408,0.974468888350875,0.3020829763143368,0,29.615382591444643,12.324870907270334,-3.633975123257284,4.057968145319133,-9.974555075153294,2.960598594781212,0.7703174767183121,21.44,45.58755760368663,0.57,Small
KNSA,0.5930782114386552,78.08000183105469,61.43239253650481,15.08882960775165,0.9460442038107855,-0.314613129269181,0.19211260548065862,1.0117839356953235,0,5.725230332316973,31.891893284595408,4.740585868135019,5.244987019169551,-5.85965814713637,9.03456277527899,1.5238108857017594,65.36,45.40898617511521,6.09,Mid
MLKN,0.5529639146827617,23.989999771118164,5.5535492336397985,8.852488032433081,0.802040112064836,-0.42928615498666556,0.8753609273340759,0.0,0,1.869564004241173,61.455963417385284,-8.032536438725929,3.8170677162608015,-2.9137974099634407,-0.6956429655044185,0.9658944388246667,21.23,45.357142857142854,1.63,Small
DFTX,0.6606172590524673,44.38999938964844,135.75573319123743,0.8714606609672523,0.5809614898359653,-0.30125822562607096,0.30412736671248847,0.9912111573528837,0,16.780382369578142,21.052635958488892,-0.7502209948585199,4.979403973708309,-9.77642540366879,-6.933330959435775,0.8902220518929045,139.03,45.14170506912443,5.89,Mid
WEST,0.6435067503389232,8.1899995803833,54.230308024471555,5.937131508219654,0.5558298342646926,-0.4030390173398557,1.3431088641518987,3.052503208526107,0,44.223178661413385,-0.7272778134475932,-0.4189973525628332,4.825570662986999,-19.62708618412424,-1.7964025348452404,0.753968096364068,5.25,45.07949308755761,0.8,Small
EPC,0.5956695039958615,29.200000762939453,37.53141675555742,4.990654303555207,0.7995022742627511,0.1500361777619898,2.397262824061016,3.082196925797219,0,0.6765072533964317,11.365375772353735,-7.115386082302202,4.579256539037612,-2.5041735588301512,-0.8493755771562946,1.190244182634502,26.49,44.672811059907836,1.35,Small
ODC,0.6243652284335642,97.91999816894531,46.904534396166355,-1.4958730798691289,1.0362367316453622,1.491985051216231,3.339465209941766,0.9089046224283998,0,29.722996732683697,-3.4509959210758354,-0.5983917949150519,4.1032049713057335,-8.48598301959797,-3.5270533646382503,1.0113500937954516,11.89,44.555299539170505,1.42,Small
PBI,0.5562879306839223,18.299999237060547,65.82037471210246,1.1329060667954818,1.0848113557276733,-0.5855656845861862,2.8415326743957947,0.5464501947177387,0,2.856406710692028,25.884702134887494,-5.083772935959984,3.7861043169361395,-4.037758101969345,-10.950820171701228,1.2398648725667332,46.06,44.361751152073744,2.51,Mid
ETON,0.5967006516829422,45.970001220703125,186.46736060959017,8.054111843719582,0.9818325506914957,-0.1746268536307717,0.913635322565589,1.1311734695325002,0,5.147789643670758,8.624767372668622,-6.44180798712551,6.083158122095915,-8.389794856088354,11.99754473453616,1.3423907291899497,21.44,44.3536866359447,1.26,Small
FFIV,0.5996580651545933,411.32000732421875,37.53932558012647,0.714123512313173,1.2497066327058237,-0.20987034154548045,0.5445857712931297,0.5907791093322445,0,8.186253266240579,44.68833864147564,-0.5558969534832867,3.9685803051711126,-5.443676477178578,-0.5055484108642541,1.193580267829431,284.37,44.225806451612904,23.37,Large
IOVA,0.641914743390715,4.340000152587891,52.16084314180669,-6.364613798940775,0.9832571764971414,-0.005493304604540645,2.534565198654817,1.0368680806783757,0,23.42304968105684,14.814819716627667,-10.747652772263201,8.648783547329304,-23.049640858897153,3.6496372374244244,0.8675609721068707,64.72,44.13018433179724,1.94,Small
ESEA,0.5802686177940009,75.56999969482422,27.547610011841716,1.9941286535339195,0.7778618915648007,0.19404249019661932,0.7648475620212383,1.0983218663431475,0,4.644460904587749,13.528971569503733,-3.2663599177022093,3.919544306830224,-5.1462263942511,-1.4415018000934823,1.121594857094342,4.62,44.11981566820277,0.53,Small
SNDA,0.6117052098254014,39.83000183105469,9.869918403748468,-1.828842340213988,0.5816547487716254,-0.5596562358500288,0.7029846005970692,0.527238450447802,0,15.973400012993134,2.0497132379150114,2.1483902986648666,4.4277474124064495,-10.272578556408805,11.51039858042777,0.9918597175098276,26.63,43.99884792626728,1.89,Small
PRLB,0.611545217109046,90.30999755859375,56.035957304051195,15.708616710216091,1.1919608773417558,0.2329707865393888,0.2657573908200891,1.3379445932271852,1,0.0,11.92216486057727,-5.756585293698279,4.734350381603698,-0.26505299290186257,-6.278020864851855,1.4025574898940718,20.85,43.951612903225815,2.16,Mid
TNK,0.5870531602352338,74.41999816894531,4.265299574506121,-0.2720364839260356,1.0484102095721717,-1.3192132302316746,0.36281144732677423,0.2418708809488721,0,40.391198305556145,-1.4325875651035798,-1.4646329845041062,3.8545724948179307,-9.936114643655282,4.936808906198614,0.982130806979165,26.82,43.937788018433174,2.58,Mid
LASR,0.6328510716091224,75.25,38.327129969058646,7.808794473008055,0.7636134056087963,-0.6181046988839117,4.996680579641863,0.06644923821547909,0,10.172817158571434,22.61691593525141,-15.57600433189926,8.458661557828073,-13.456006163027427,10.140679258349481,0.9516268393470109,88.88,43.85714285714286,4.24,Mid
TRNS,0.5942634598901855,93.75,35.801007278620474,6.826041940801694,0.8352430452019538,2.663685265536484,0.6079996744726813,4.362662760370132,0,0.0,16.720617973152205,0.9986437305650752,4.66361839657738,-1.5437945829054172,-20.63818185076403,1.0552622701374526,16.13,43.491935483870975,0.88,Small
ILPT,0.606272862720218,8.75,53.87927726549135,-1.091918361404875,0.7602042612353629,-0.26317287157550395,0.6857190812553374,1.257138933310568,0,31.60381169283326,-1.3390729546357294,-3.5005798054163506,4.590625995886584,-7.2110316341182275,-1.8054761895679579,1.0614594504774386,5.04,43.31797235023041,0.58,Small
LIND,0.6115200362025448,34.11000061035156,83.23967882144055,19.11579977601694,1.2364616393327386,0.12425064852108317,2.081498304741671,0.8795052233470477,0,0.0,15.353401968984356,-2.3437514550999485,4.581815277589877,-2.4034338604495313,-11.61885962562078,1.2137803750967562,32.77,43.08064516129032,2.24,Mid
MAMA,0.6187459648294312,18.25,6.427501796964319,1.445247574673925,0.848871916267156,0.05318462229373332,1.8082187599340958,0.3561673098852357,0,20.425633759062194,2.2408941734427543,3.222343471506555,4.307240376033896,-13.095238094614512,3.781231625335635,0.8775006073554021,12.36,43.03341013824885,0.85,Small
ARTV,0.6314186636248796,11.59000015258789,167.7186080358072,15.784216314202387,0.7838103485919222,0.2399222236986144,1.294215845923336,4.831755066399556,1,7.813127258129265,6.427913564117242,-6.552090538325017,8.043881877827845,-20.233996106067167,5.20965506127052,1.0774153290703434,6.28,42.914746543778804,0.56,Small
HSHP,0.6045914841085173,15.470000267028809,45.596984399791566,0.9601381382250161,0.8761663275585536,-0.6114005699236984,-0.5171294267614663,0.3232074328931755,0,5.257377336760455,18.004861328935824,-2.0942505509786846,3.8854015502927304,-4.9754323427724945,-5.915497812524753,1.1627168111866106,4.64,42.82142857142857,0.73,Small
CHRD,0.613284575191458,129.9499969482422,23.743757596356787,-0.625158478359968,0.9454980824907162,-0.04222149764235497,0.4924966561549194,0.1923816897799919,0,46.46161582597539,-2.8468318625652804,-1.072631800080461,4.091133646111259,-13.729012722983768,4.153351788406628,1.1713553661404268,104.25,42.745391705069125,7.32,Mid
ATI,0.6115200362025448,205.11000061035156,47.58458134558885,7.5053535483734155,0.928949122794001,0.8806166259645158,1.6868509053830436,0.7118090052783724,1,0.0,3.9057785978814272,-4.304951493307415,4.5849925983549555,-1.6588682709356535,-10.284061329571525,1.1931971027380457,348.34,42.66589861751152,27.99,Large
DSGN,0.5984911322784822,13.569999694824219,18.62514793902006,5.992850982268613,0.5977228068312375,-0.21892486697103292,0.5895351915937949,2.063373170578282,0,27.60898416525677,26.82242931262226,11.518320064460532,5.411095383979267,-21.333335101231583,4.831364391030624,0.9075106172343108,10.82,42.62096774193548,0.85,Small
KOD,0.627709679266371,43.61000061035156,69.24838333614464,4.791428359686989,0.7809521627784655,-0.29390099666800656,1.4675518933192755,1.5363406547875946,0,7.151052788250722,9.683104756663045,-4.405604365565077,6.422184650489162,-8.841972258896593,-1.8768984646667726,0.9173285885657277,31.98,42.45852534562212,2.73,Mid
FTNT,0.6170244957198213,164.1300048828125,94.74042097772993,3.212786842445705,1.0773403376916275,-0.8839104229315077,1.0601292771585171,0.11576338009662071,0,2.1636534881899,13.404276741402532,-4.977338688499182,4.321489319180001,-4.62548179697953,-9.863367009768634,1.192050865040139,1021.3,42.40783410138249,120.42,Mega
ACHV,0.6442590880719077,6.659999847412109,46.71677935630467,6.127000012921118,0.5283089789766627,-0.2852045203987716,1.2012000829869152,0.9009000622401864,1,0.0,38.46153692839545,-1.9323652947281726,5.319605993804349,-6.329117828252036,-13.006399273817035,0.8009710190420078,12.72,42.355990783410135,0.68,Small
AEHR,0.6308155192161583,98.77999877929688,251.06222204032082,19.97837769079872,0.9937293709579964,-0.3969773371361433,1.7412367002900508,0.28345695763738443,0,14.248758084169088,12.518507516840172,-29.31212506185417,12.644983158309419,-21.98705051585287,1.473367655156404,0.9891372062538463,247.39,41.89976958525345,3.22,Mid
KELYA,0.5623286348344728,15.220000267028809,33.10417266930923,1.541131710934799,0.8174379109419946,-0.46395393273701196,0.0,2.5624200818313394,0,6.8215693676373865,47.91059594726062,-7.582584474070732,3.674676077685303,-7.757574138749186,-12.66416886179243,1.0672574715009588,6.15,41.854838709677416,0.53,Small
BLMN,0.6120588440494309,11.850000381469727,79.20471180139035,36.76496452309254,1.570219089128491,4.249174271438363,4.303799260937609,3.7974746701709883,1,0.0,103.608247953899,-8.365509612347115,5.3887865632340315,-6.175769800806224,-4.092073716060693,1.039668860706313,26.26,41.783410138248854,1.01,Small
ILMN,0.5788244541513733,199.8699951171875,35.34868543997711,3.111077482475768,1.4568689123725171,0.5193516778205601,0.2451621079363671,1.3947054206919016,0,4.510228348352044,-2.549980902322839,0.351420941741906,4.078636713230428,-3.444446803274423,-13.842524567071662,1.1249949433693365,407.26,41.755760368663594,30.18,Large
TWIN,0.5668998249240389,23.809999465942383,13.781577092684838,3.9669861408983604,0.555620003186445,0.017171190752733545,2.2679505261158925,1.4699722356384943,0,15.985598559855982,-1.57090144568006,-6.0235326427542235,4.709904992017963,-3.2113857855478267,-5.628515518177848,0.9029513486558287,3.21,41.75460829493088,0.34,Small
BCAX,0.631799432302481,25.889999389648438,39.97148440215488,-5.511812777389492,0.9596189589574756,0.3613048830214119,1.1973788357947557,2.1243694476841455,0,29.03242336963377,-3.647195455675499,3.018282189990055,5.572478134162335,-16.45692293956781,4.889296360574454,1.0792335168025597,19.05,41.67857142857143,1.7,Small
LITE,0.654375147982113,826.260009765625,77.66807622533678,8.573704947930484,0.9365456530862133,-1.0846423053242258,6.944590130890751,0.21300919139510457,0,49.247403992362514,16.97600882339508,-6.34988346263096,9.746140303252856,-23.8947048035336,4.424968141694346,1.029109510986838,4305.84,41.65437788018433,64.28,Large
CNC,0.6108423613216885,66.98999786376953,45.35335594436036,2.8195143513976357,1.127487654366132,-0.10818875103205239,2.0734437725595565,0.4120032622178223,0,4.259197580509776,84.03844795254201,0.7154505197980154,4.27089266554569,-3.4169589470767003,-4.835983496482421,1.262900282001815,354.85,41.57142857142858,33.09,Large
SB,0.5570194841614761,7.639999866485596,22.230556430301185,3.607267292695202,0.8962073948731084,-0.8341682553658664,0.0,0.39266666873732076,0,5.097831481161376,7.1528715818700865,-5.294112448920394,4.123037024417673,-5.093171608495428,-0.7610322306252681,1.152574055104446,6.94,41.464285714285715,0.78,Small
TVTX,0.6033156295064439,62.7599983215332,78.87530288633707,10.632218597871987,1.356940951525551,2.514355263735397,5.544932497212763,1.5933716168391967,1,0.0,48.967473842628166,2.775872026926711,5.101850344434645,-5.253622666686715,-1.3729475717936745,1.2084757764151115,124.03,41.43663594470046,5.84,Mid
JBIO,0.6244126621222519,21.700000762939453,15.189099967278374,5.861406914425717,0.7579971143671143,0.6718588182902722,2.30414738432124,2.0276521592976144,0,30.256528725364873,29.013086542009614,2.973812942053503,6.729757965126535,-22.499997274412667,16.298960292405287,0.8486003218620681,26.53,41.42396313364055,1.32,Small
SEPN,0.6273672768034435,38.7599983215332,39.52883454004097,12.058741418385074,0.7405934277966388,0.38239825199342603,4.411772376614909,0.7739918731785438,0,0.9221735461722516,3.802887421276213,6.401103662960401,5.980576888487179,-4.6025170991282796,-5.712266914537139,0.9153712531291003,16.18,41.41705069124424,1.75,Small
OPY,0.5647674648813734,115.91999816894531,22.199936989221914,3.0546550204383522,1.3140965312222581,-0.07766098655651321,0.7160126329866375,0.31055953764231525,0,4.5592246203791955,3.648070426157489,-5.926845127587356,4.109362291335201,-5.93962984554447,-1.7579389677516715,1.0947687279518765,14.32,41.362903225806456,1.24,Small
IRM,0.5724587134662595,127.12999725341797,33.39685658983305,2.5531373417493564,1.3870169720866496,1.25200405618893,0.3932982071881735,4.621253934461038,0,14.908534639069368,21.738397627968435,-6.980770502715057,4.127101218125183,-5.605877511801273,0.06326379337429805,1.3263525514298438,234.41,41.24769585253456,37.82,Large
CADL,0.6289923795627204,10.460000038146973,64.45609205693464,5.9508736152992,0.551831324252236,-0.7961820614142262,2.2944528701716562,1.7208442113013656,0,0.5132412707601262,25.872436939909544,2.4291474525701817,5.926659944578263,-7.922532091997389,-6.508141083786525,0.9022760032603708,17.78,41.15092165898618,0.77,Small
AYA,0.6025596768024943,25.06999969482422,34.71884166124972,24.574521553486413,1.5732826634616865,2.7077053739111028,0.5185523322399082,1.2684515249914383,1,0.0,26.17009882084001,-3.294974545403373,5.823693880811631,-0.515877238786685,-17.942853654108625,1.0752635496019785,14.1,41.14400921658986,3.59,Mid
MGTX,0.6336763179352148,12.550000190734863,43.861434976573065,1.8544834247012005,0.5372891546601685,-0.5101601189343191,0.4780833866592054,0.8764912748741573,0,10.924450145086,3.6333653715561818,11.173973728652904,4.731930512630713,-18.241043133344593,-6.060610751382362,0.8102354223121149,11.48,41.10829493087558,1.16,Small
PLPC,0.6217245358303665,471.2900085449219,62.556583925830346,37.23009676068017,1.3693204592446058,0.25944616623663513,0.9336064454368007,0.6450398883484203,1,0.0,61.42800233749719,-3.3858785567647742,6.237590899395156,-0.9249708578891356,-5.150631250012798,1.2675849752532657,47.5,41.05760368663594,2.3,Mid
APPS,0.638817859310651,13.170000076293945,154.36609324022172,43.284557268421594,1.0205146898493274,2.8040034746613887,7.061505692617046,0.37965216736078317,1,0.931379880391887,97.15569481680491,7.333337692288938,7.376070287089795,-6.595746666305298,-104.39559999642283,0.8213616802668572,93.73,41.01728110599079,1.59,Small
CMPS,0.6659041034882714,13.579999923706055,93.83670130270457,11.666150184434057,0.8393415608346868,0.7114164968266449,0.5147313187251401,0.0,0,7.936961550345576,43.55179565021007,4.690295207787081,5.548023441246609,-11.818180128498808,-20.152405385285512,0.8091837188021821,54.23,40.877880184331794,1.83,Small
PHVS,0.6049983038226275,33.41999816894531,7.939500008312428,-1.7557307802437128,0.9016127696821685,0.28452598406461616,0.9575096120501746,2.3039996565854577,0,29.267698146638605,-7.063406507575438,2.129434671881532,4.5674108767372985,-8.688525785970706,1.95417762035996,0.952443075532637,14.18,40.80299539170507,2.34,Mid
JAKK,0.5638526562554372,25.940000534057617,34.72360035092221,5.162875716457145,1.612940814941747,0.027298961887878663,0.5011606223351437,1.6576726920056948,0,7.494506743445975,18.04931759321747,-4.562043779533834,4.463596968481701,-4.702420321597387,0.4907036783902695,1.5392479274545094,2.01,40.56451612903226,0.3,Small
AMN,0.6475331417047583,32.79999923706055,47.45530652123775,-2.133374724508994,0.8401649058785343,-0.7658246281259354,0.0,1.1585398687274597,0,10.814629853004005,13.220573056100518,-0.8416353729650435,4.80182838311278,-9.567138618176369,-6.073753848094203,0.9561064982596715,29.97,40.56221198156682,1.27,Small
STGW,0.6192963874167472,8.850000381469727,50.75034209252005,12.538153224041496,1.5832876043247117,1.3562039642982018,2.3728816844228087,0.11299693163454104,0,1.1424522400064687,43.66884091321903,1.0430237666213882,4.4955616507238085,-3.6996650098040234,-13.51765908646877,1.1491587913902068,13.54,40.54493087557604,2.16,Mid
MYE,0.5792404877259897,35.349998474121094,56.75593892971547,9.637895164934806,1.1372624789405377,-0.5031377806955258,-0.07072567739006277,0.028283796222055922,0,3.304645591687669,0.11327414124429845,0.19531076589037208,4.334207730739863,-5.607482632791956,-1.8402129836510102,1.3939575014931596,17.32,40.50921658986175,1.33,Small
SLGL,0.6038246831896507,88.0,20.898526333170288,8.499653232537566,1.5080068752575913,1.1156025450326255,1.8977251919617446,1.2782963839298986,0,5.082218624861548,18.120805368884284,-3.283833776721589,7.609171681589894,-10.176585787869202,8.249708789306586,0.9963199014146378,3.62,40.402073732718904,0.29,Micro
INNV,0.631799432302481,11.09000015258789,83.70330823831542,-3.3466961602948397,0.7035442239955311,-0.8024881668760963,0.49594503529368555,3.2461731773294282,0,20.842106850127394,2.7803539552148337,-0.5208286766754344,5.373567725666514,-12.262659402782727,-1.3888942236797657,1.0627695524883594,4.09,40.37327188940092,1.51,Small
PRG,0.5993632963220745,45.849998474121094,29.40018662523405,2.225093233884094,1.2624260793699136,-0.6177445332248968,1.4176696782914988,1.0687059863975334,0,9.154536411832247,-0.5638736343162405,-7.512714114709397,4.382302257295331,-3.9388248189950876,-10.40047709907811,1.077699827284531,26.07,40.33755760368663,1.83,Small
CRL,0.5619832027876489,260.7200012207031,17.214298612063295,12.969968747019802,1.0898507563707727,1.742270011098928,-0.7632671927930887,3.317733145117953,1,0.0,64.24341199313382,-1.9021228697584003,4.151416642577818,-1.9849619470966262,-13.580788432858615,1.097980748945902,231.12,40.32027649769585,12.56,Large
PWR,0.6108361618159458,682.989990234375,27.600814908642278,5.983497761487409,1.2885184097242894,-0.6740752457163374,1.477331586073682,0.24157943783885213,0,40.842806774859774,-0.6942637513589957,2.624824003987578,4.99672695613968,-13.395331468875051,4.970698749384531,1.1623746988738406,876.2,40.14170506912443,102.68,Mega
KMX,0.5777504103749758,56.66999816894531,13.226281224327874,-0.7921604777304123,0.5947660747368284,-0.7203772021789064,1.782251930204083,0.7940655775084204,0,10.13383390742245,36.02976086449822,-17.17693741655328,3.7081860834561815,-9.414966552040703,-11.629056319509827,0.9076243617223406,192.6,40.07027649769586,8.04,Mid
TWST,0.5946519519297072,115.01000213623047,136.0613839779233,23.396655871104983,1.1616731888484073,2.545576083666416,0.47821529618530406,0.008696753364576199,1,0.0,15.19431726224,-3.6137877110685834,7.649645116645051,-0.4759392817394715,-12.03566279038619,1.3138218477658499,210.08,39.725806451612904,7.21,Mid
PGEN,0.5767793492400779,6.889999866485596,31.30856268173472,23.454575235286026,1.5464632068988966,3.9908579679509204,2.4673451315461974,4.93468334237879,1,0.0,77.12081439350278,7.913670173912962,5.784782278156352,-4.702630036568587,2.830186132277409,1.3196126968805117,36.99,39.633640552995395,2.46,Mid
MBX,0.6015366542149126,67.4800033569336,59.821981646427425,7.9770757353053865,0.6336845413571153,-0.45354810587196154,3.9122692031372788,0.6539819886052354,0,0.8402529451107178,29.00019419823268,1.724979611978928,7.242283883592915,-7.10351882709285,3.767663260688483,1.2917346946015398,57.2,39.54377880184332,3.21,Mid
CMPR,0.5615557103408587,100.70999908447266,19.22493645726686,0.8617965808073974,1.2949774762145028,-0.0819015940952286,0.794363081146341,0.3772198140590218,0,11.166199715047954,19.992849658147993,-5.338516348759639,4.803742679243777,-5.507602407280674,3.3597055004186616,1.265219333783257,21.55,39.513824884792626,2.44,Mid
BLBD,0.5908534756224251,76.93000030517578,34.46790053364601,-0.055212939428776864,0.9143601596537344,-0.43468806057726006,2.4047815764438254,0.7539345232631256,0,16.291012893905332,8.596843989306912,1.6011271997825556,4.148484499575488,-7.746731180810029,-4.5248866694814005,1.1001604128105043,33.16,39.42741935483871,2.43,Mid
IESC,0.5959734133092894,784.030029296875,74.16556324192139,22.531400759934687,1.0162920937864843,-0.39352933934137796,1.7221842151048585,1.1721492925004675,1,0.0,9.669884252609346,-1.0689653235248247,7.781977960657765,-2.4838272018781296,-2.6953638450153843,1.196902461122696,210.76,39.36175115207374,15.62,Large
TNGX,0.6598593117279714,28.790000915527344,117.16929874727988,2.0722940006616803,0.4206710316053172,-0.5968194342131162,2.8829451103962294,2.7440114288910338,0,25.90148196361584,-6.91884697208084,1.27284398630722,5.955192650250477,-16.283799282776037,-14.130437957274031,0.8344777684628131,120.74,39.26612903225807,4.69,Mid
BNED,0.6493834753397777,12.680000305175781,26.768173666000948,1.8432979227791666,0.43099817950930425,-1.0768060044164258,-0.03943307823488512,1.2618284191537568,0,13.148022447366289,-7.130151744811042,-9.098716370057822,4.3240195226883795,-13.489376693120386,-12.48688951594477,0.8711856321791838,4.66,39.19124423963134,0.44,Small
CROX,0.5878958352170427,137.32000732421875,46.84939732911195,2.7044866558789677,1.333975441160684,-0.4686568623523675,0.6699665888936749,1.4528184310766346,0,1.4357186074804662,39.46781291965269,-8.926815140274549,4.573517947886962,-2.8029384833420536,-8.004342758413669,1.3048359524099251,161.55,39.05184331797235,6.58,Mid
RNG,0.6102359254068599,61.47999954223633,136.29288736166197,29.22889295730989,1.1171088671657372,-0.20802905058457488,1.0735196036362344,1.089788530612128,1,0.0,119.43846394679024,-3.0909484880761213,6.1436938216662345,-1.06211756337969,-12.769854749258661,1.6275102537214095,119.69,39.01728110599078,5.16,Mid
OVID,0.6411215675021394,2.619999885559082,56.79916038173778,8.499840325885986,0.6875012691138909,-0.10211979226076705,2.099239280099178,1.1450371255233258,0,25.51087536957313,13.913040858170532,8.791209075898939,6.033261057227586,-15.619971992880236,-3.6437211777488794,0.9058782186934867,6.58,38.80414746543779,0.49,Small
OVV,0.5602503413983041,57.959999084472656,20.58080160347604,-1.8492189480982062,0.8190489623874546,-0.6930532281926334,-0.22429446198493544,0.21566597993844783,0,30.38195142293102,2.2718084741498865,0.5323855282675803,3.823449918163403,-10.292526641317727,1.0214500261936328,1.3641469724014121,188.4,38.73732718894009,16.03,Large
AMG,0.5621187419736209,375.6199951171875,9.571530067721756,2.7838535855632394,0.8388391649933319,-1.304311268835431,0.8998469002559338,0.045253956755620925,0,2.32928895881087,14.195305142148523,-6.54559969777819,4.212462649526664,-4.402936404175975,-0.16228002577103048,1.1204600721450362,119.71,38.58410138248848,9.92,Mid
LYTS,0.5555682478811123,25.0,0.6665542903406152,4.909777926943814,0.5724432148886842,-0.47343077714756604,0.9999999999600001,1.3600006102971625,0,16.649727191014172,15.876182789981872,2.902052917469191,3.5542847769601003,-8.625733032229563,-3.6113505773261037,0.9031614241212245,9.96,38.50460829493088,0.92,Small
CHEF,0.572221968824336,108.54000091552734,56.64819683709374,7.509521836956641,1.3302352614428397,0.3712226423246123,0.5159435998337175,0.31325222444639206,0,5.172717981648168,6.037514916242028,-1.4957956700988464,4.5815905537215444,-7.491690768154327,-0.6670182348032081,1.4834713899305163,63.26,38.232718894009224,4.43,Mid
APEI,0.6038246831896507,53.81999969482422,17.173010529222932,4.016079175231461,0.9999774167962887,-0.40538680075320743,1.6161288973296655,1.3006331603412564,0,51.71017581246671,-6.659729730633428,15.135319829661853,4.585364559564675,-12.615685076128441,0.3689293722432914,1.0181967472365798,15.73,38.183179723502306,0.99,Small
LFUS,0.5885158145319924,461.1600036621094,27.23217701501579,10.072693233407666,1.018763413098771,-0.7773556000080263,1.1969791330178723,0.3014170000425591,0,17.39981156248598,17.627858186660504,-3.4540280908157728,4.886589201979595,-7.873025368158908,-0.647146542226782,1.0962816818585641,170.87,38.10023041474654,11.71,Large
WT,0.5657294050281357,22.030000686645508,22.15108518623712,10.495301249106232,1.35589618814246,0.44832567329416306,3.427149544024487,1.1348161243599089,0,1.5777739436488927,58.629495563001576,-7.005344451474828,4.521432810736811,-4.817454089511492,-0.3668747122665262,1.2507839246613566,67.56,38.02188940092166,3.37,Mid
MCS,0.6044476153221713,30.790000915527344,94.82338183106545,23.137837873320827,2.138247272516262,0.9345557027755034,-0.14615159127777205,1.5589523718633849,0,2.844515335792377,23.70430562604043,-1.3531765269040295,4.411218140606201,-5.027752453511994,-11.478251195857844,1.4997664181728405,8.81,37.87557603686636,0.95,Small
BAX,0.5902966678313819,27.329999923706055,25.173430451474708,14.634453005543143,1.7238662918885208,-0.15820025238664281,0.0,0.8781550376120075,0,2.087575026554271,34.2376228869304,-0.773430754443567,4.7357679075246875,-8.900000254016485,4.016876570589078,1.5481420737645082,191.01,37.864055299539174,14.13,Large
FOSL,0.6020812260231545,5.909999847412109,47.92949950766898,31.523307865670414,1.7305903447749789,-0.007849672293072289,1.5177622246864027,0.8460188693767723,0,1.2751276588286158,35.550451056817145,2.439022120346607,6.127265143689239,-4.053770033574426,0.7211474534702793,1.72502127320729,5.4,37.84562211981567,0.35,Small
PACS,0.5563590532024798,45.63999938964844,11.856085860997535,0.5840198478127014,1.382151628214913,2.9816555064202923,3.586325329745635,12.861305495456673,0,5.436948477085112,11.289932351865646,-2.2262597274490172,5.338628178104478,-4.916667938129991,5.8543022103685125,1.243430871618634,42.97,37.813364055299544,7.22,Mid
NET,0.6217245358303665,292.9599914550781,59.78263795983758,6.6024265680582035,1.0671320205889734,-0.27627412360021797,1.6794147908322854,0.6519674077734029,0,1.0858383291891174,49.370307531286585,0.13166984623177502,5.027501491822873,-3.947543785207344,-25.281033269153987,1.1568032932492944,1042.01,37.764976958525345,103.98,Mega
SLDE,0.5862032272747272,20.739999771118164,9.337833107584625,0.39572573858466964,0.8287914234715015,-0.8572589459631452,1.1089659824660567,0.28929347445337555,0,8.21314885023567,26.695166203928306,3.5661923140584544,4.444827864411552,-9.826087951232935,4.294145319675293,1.1359620929473362,25.31,37.75921658986176,2.42,Mid
CLYM,0.6500426994964926,12.470000267028809,129.90282753171326,-2.1692209459639225,0.8092068370046902,0.21786936118901615,1.6038476741488605,2.606253426460519,0,29.834167750637498,-4.663605964745099,-2.2107604823836495,7.586779471837934,-13.492887269069842,-7.272729006019418,0.9146406336092893,16.75,37.72235023041475,0.71,Small
TXG,0.6273735075845692,47.459999084472656,133.92871671110277,3.4572941276487343,0.8553140219712777,-0.36211941940752274,2.402021516257019,0.2949839703880038,0,2.3149164453617406,29.14285465083328,-22.097674164208435,5.89820046917723,-5.721098647851251,-24.957769303198752,1.064344311665715,151.78,37.705069124423964,6.03,Mid
AMLX,0.5922938997174758,21.850000381469727,38.56056030865693,15.70641947315729,1.42606409956333,0.5794401963823733,0.0,1.5102971072294071,0,2.1475492039613893,22.821805827848745,0.5592756085521738,5.962536954957056,-1.9299833568417297,-3.60824575725298,1.2597514527201785,37.42,37.69239631336406,2.43,Mid
NTRA,0.5910721176291924,274.6199951171875,8.383561190285715,2.502465769328031,0.957997585894377,-0.43320278858744754,1.740553241400133,1.1288348112385203,0,6.651862716232696,41.381789204303985,-1.0860382337736463,4.023271983423218,-4.659079651983429,-7.687383694783385,0.9873257678092847,385.45,37.668202764976954,39.33,Large
FATE,0.6540121441307107,2.5999999046325684,111.90483376309545,-2.9850771485592804,0.7315145769655433,0.22853228813283505,2.8846173233021193,1.1538450953317112,0,21.34898581499847,23.809524879449384,-2.0477795696936134,6.991758052817053,-19.504647384695208,-21.777778191954017,0.7221514829338268,10.12,37.594470046082954,0.3,Small
YOU,0.6186667960279668,56.459999084472656,67.91089408371731,2.8715087685576206,1.3429340864467019,2.291833569985362,7.527453186044311,1.009563769140906,0,20.222883597883598,22.665236076620175,1.4960310439631368,6.180988190190488,-18.197621224708538,4.378957690862452,1.3354881884664669,81.0,37.504608294930875,5.69,Mid
TBI,0.6219226189033052,9.899999618530273,67.76689756463796,22.760240453540998,1.116374778536256,1.87843903534358,3.5333345788540367,2.929292656546455,1,0.0,162.59946066289527,0.12315552982197907,6.406782928331826,-3.4127506790220736,-21.582739176910252,1.0923138454536367,3.09,37.434331797235025,0.3,Small
MTRN,0.5949545861302374,297.0799865722656,92.95702705426243,24.085268368701737,1.3647676357701122,2.9518510928146546,2.524572619822156,0.11108181162291211,1,0.8231437130631928,3.50498151474722,-1.0833242591292187,6.800477610186305,-2.462407357876714,-3.8019809910004088,1.4830569459953087,118.03,37.403225806451616,6.18,Mid
KRNT,0.5549803960070554,16.850000381469727,12.674248216981553,8.683385913550111,1.273373044534009,-0.4864528681731453,0.7121711365552489,0.8807196261572144,0,4.241704471274898,19.75835640899533,-2.9277801729761705,3.49232818148696,-14.812943393909208,-12.5428369050156,0.9896731943582513,3.65,37.224654377880185,0.78,Small
DAVE,0.6112226909113833,430.1600036621094,140.80220077228023,4.524215493564928,0.6613653285712122,-0.48472960933708065,0.0,2.064349267061821,0,4.086638763078905,52.236695702966884,-16.691963208846584,6.017031433808567,-6.129840990251899,-23.68028944000113,1.0604297296403742,257.47,37.21198156682027,5.47,Mid
ATEX,0.6326124460317388,99.41000366210938,262.1925411059136,0.20816207055360963,0.6049291879921382,-0.18127888905122438,0.241422246178423,3.6917872076306613,0,15.064602259710613,188.64694432109602,-0.40030325607232276,7.697341983817488,-12.026545431655185,-2.815795067000646,1.0374404074300794,46.79,37.12903225806452,1.94,Small
ALKS,0.629197540931661,49.61000061035156,31.689152407292443,-3.505016537960108,0.7840573582306741,-0.4391978678093377,1.2950977795602125,0.7055075277267246,0,20.24510263910345,40.29977305889906,4.254929700301016,3.8561506206399345,-10.885571686376263,-14.864134059670725,1.0919356721435347,111.91,37.094470046082954,8.32,Mid
CRSR,0.6486746538739087,11.199999809265137,115.8728140183154,10.380169919130635,0.5819843380042475,-0.015667322301338826,1.8750003723616255,3.2142827033559014,0,16.631366721685115,64.94845171632537,-6.99774164236957,6.221299374709557,-14.503820738411195,-49.09090683264618,0.9004210398153589,32.62,36.96198156682028,1.2,Small
FTK,0.6028471780280564,36.06999969482422,86.71892526435643,38.7254323398532,1.7432112397431765,6.353848801601233,3.672854436252589,2.0792902864560507,1,0.0,96.45968679065825,-13.035947201646596,7.013108861510549,-3.5427349388850784,-2.158636061783566,1.4104206962431522,13.14,36.834101382488484,1.3,Small
ABEO,0.6024066373812877,6.800000190734863,16.799166651225626,2.548637425399731,0.7051103159890284,-0.8450214171545076,0.0,1.911766334932285,0,7.66324462990504,42.85713998597158,-7.20587878385268,4.69537880093049,-9.814320620210705,-3.492648073290868,0.9482756631880932,8.28,36.76036866359448,0.39,Small
HPE,0.6397089485390235,53.220001220703125,134.41464736300892,11.264427224672984,0.6671039484711129,-0.3840183979687864,2.6491932223185395,0.563696411450301,0,9.312834360929386,-4.940862049152958,-6.089100810693978,5.4261143925020505,-16.924969011660483,-25.066514744764895,0.9838894339886606,1519.77,36.714285714285715,70.47,Large
EWTX,0.6277488248813642,44.9900016784668,39.50384297362919,9.769862600110832,1.1084026022665427,0.16997167549962042,2.0893500591665792,1.0669026990843555,0,3.554145301455676,32.51841139059314,11.814249451454184,5.399612750039782,-7.045454007926774,-23.119258048858157,0.9586982618301473,67.08,36.63824884792627,4.84,Mid
UTI,0.6388583837771479,42.369998931884766,36.38142078152144,2.7612356498714195,0.5554899347860135,0.016854641127996384,1.604909894505592,2.1241390933411672,0,10.73619844325642,6.0044974676620155,18.409869346054084,5.47051383249341,-17.471759240102493,-3.320014904470183,0.9493615916416985,51.91,36.58870967741935,2.33,Mid
BJRI,0.6124282947399862,67.8499984741211,42.534236247633864,2.2900292610362505,1.3193619754614505,0.14211551724184804,0.6190210873679671,1.5033112247458835,0,8.0563235388671,13.347807855274807,-2.071752677015861,4.464679372257998,-9.048257557607199,-4.84739627646943,1.1526295326210974,35.99,36.57373271889401,1.44,Small
RELL,0.6055987151551026,20.979999542236328,70.84640602835206,15.376152851456434,1.4322730417042777,0.6706982860313069,0.428980717575399,0.9056178781959859,0,6.792832900935078,23.70283416587601,-3.0667483739527666,9.515863969336753,-9.373650591610575,4.330474954580059,1.5819303978606862,5.58,36.57258064516128,0.31,Small
DELL,0.6232348249141365,462.70001220703125,284.6073884354075,9.811092632101035,0.6400253846442335,-0.4255429558573079,4.129027551816544,0.7585929701784597,0,2.7511028156026516,10.110144611757308,4.465588470408196,7.732395166621665,-4.735433276075113,-57.85088022672708,1.073999024080559,4302.81,36.42741935483871,298.97,Mega
ADPT,0.5687224344625981,24.600000381469727,20.739879535422666,9.132046587250331,1.0397332079922796,0.001662291483879368,1.4634093390480976,1.300819500803296,0,0.0,46.603095198808866,-13.591268808139295,5.741578964536774,-1.442302548850885,-9.72622058045657,1.115178236789494,78.43,36.41359447004608,3.91,Mid
ATRO,0.6262485238692033,77.13999938964844,7.986333714352201,9.648623122809298,0.632443267948768,-0.8379319326420253,0.7129933317376828,0.5055734932968077,1,10.182634698954091,20.68475560421775,-0.4074763565889896,4.119596150449208,-13.05230125292416,-5.243634054953423,0.7876636674829198,54.74,36.30529953917051,3.81,Mid
SIF,0.5960087955970615,27.059999465942383,324.2185222167057,9.678986467072699,0.8868594068603138,-0.006092584722826516,3.8617889759035684,0.9977773678261911,0,0.7048096024599833,205.7626926270356,-9.138014959004945,7.47677104176289,-6.673568950568927,-1.9746804538161553,1.2110096602670617,3.08,36.12096774193548,0.17,Micro
CHRN,0.6627718851266644,23.3700008392334,145.4295464580849,0.8479550946051222,0.38720538353951856,-0.6221405189786834,3.679509616201059,0.8985921449337516,0,15.28163809166901,27.774738486292954,-64.42840403678589,13.399627930032917,-22.09999720181867,-9.589923729452613,0.8679775100611208,8.59,36.09331797235023,3.39,Mid
AVGO,0.5982052780755868,418.2799987792969,18.82575687339376,7.390338542716149,0.7613507738544378,-0.9627964212640865,1.114087136773915,0.3227517709314905,0,14.947613877251136,0.007639462882261332,-1.4381631384303273,3.9549716570895086,-15.365253158384753,-11.066302873611448,0.9727654967104615,11715.31,36.044930875576036,1990.0,Mega
SEZL,0.6525562587278685,174.39999389648438,164.54836544660148,3.43825081565417,0.7281330690934424,-0.3063355337357767,3.165140175237449,0.002861023049330206,0,8.964565646050358,105.90318793281224,-12.688258903954305,6.305414822969169,-10.888565779076227,-19.202331982070856,0.9986777979533948,108.19,35.9389400921659,5.86,Mid
KFRC,0.6048835804328127,58.630001068115234,57.7376159520701,2.8082462130200034,0.9664626596322434,-0.5653638878422674,0.03411300937909687,3.30889033946853,0,2.4218187237636304,28.850620329951838,-4.896030392876059,4.602715055727102,-4.944875521920453,-16.060675002348688,1.2956696989478351,13.38,35.67972350230414,1.05,Small
ERAS,0.6627718851266644,18.6200008392334,63.67621741617455,-1.256823592240748,0.6332885321739196,-0.5273753055119347,2.040811727277228,2.5778809233337507,0,20.353598610551302,88.08082379620197,-12.665602984779072,5.880774531017104,-23.31136609189682,-22.953736441400807,0.8926451639898852,100.03,35.62096774193548,6.46,Mid
ZM,0.5654311123699173,100.63999938964844,1.1896426748255973,9.247619423991434,0.893750881634425,-0.9738058020278542,0.5166898312945786,1.485495583896981,0,17.006790896470157,33.2274267534851,-5.9496531549178355,3.500453152335492,-12.288651504716858,-5.660737780601465,0.9321282514906627,382.94,35.61866359447005,29.51,Large
NNBR,0.6405696815371399,3.9000000953674316,136.17454558786767,13.421552895590755,0.42305366443785597,0.053766539261392084,0.7692300166277768,1.794870038798146,1,4.526190346309265,7.734812668032931,3.4582167998177287,7.307693456454664,-12.162161143517146,-27.75510421408106,0.9491061255004211,14.03,35.603686635944705,0.3,Small
MAN,0.6029008125053212,54.38999938964844,47.654648999646795,9.963202655096863,0.7185998388014182,-1.0448929873550754,0.11030990856025953,1.7280740119693403,0,2.7793661231857376,50.248613930497235,-3.0639192516661153,4.983833951445284,-4.712688078253727,-14.73289427044573,1.1760881310160387,73.82,35.6036866359447,2.53,Mid
ZETA,0.6303106305023066,27.06999969482422,40.53214571817061,24.14868346034507,1.4974630198972383,6.084253614356172,5.282601851659315,0.7018859851961003,1,0.0,45.53762978057443,-3.462603902349438,5.766795025758719,-5.0175449302652835,-34.220319766836404,1.0203347727395522,259.02,35.582949308755765,6.75,Mid
DXCM,0.5682313072257014,82.66000366210938,3.165490053468334,8.19655342558924,1.4620674533342264,0.1572735287205466,0.3810820559482186,0.4355197125550436,0,4.395048124273153,26.99340653322613,1.7958334397593676,3.8928811800242205,-5.90779157893954,-3.8418922760681586,0.9989450807324652,435.08,35.57258064516129,31.19,Large
ARWR,0.6140030132156353,86.91000366210938,8.240988777447056,7.0864244442374975,0.6912095704714328,-0.28027178139899434,3.820043211243652,1.0758314907138384,0,4.672166132263616,10.166059493482038,16.23512772988419,5.506106474976335,-8.98522818464288,-0.33355571737955586,0.853630247715488,200.86,35.4078341013825,12.24,Large
FENC,0.5707329656033834,10.520000457763672,20.763120185657137,2.8850910107940324,0.5244566387420829,-0.26445581457125755,1.9011387884353859,0.47528696344505095,0,10.183294075553832,13.852821625688009,-3.414637867664197,5.823600174779848,-6.984968456879607,0.5035265779777125,1.1078629504449653,2.47,35.38824884792627,0.37,Small
ACHC,0.619792759579772,32.2400016784668,123.4394261324054,0.22383033903122015,0.8665726515497659,-0.34484383991388695,2.2022302961753404,1.3334401384993506,0,7.517641996557659,17.578415713296135,-4.977230637565753,5.897710473518882,-10.019536614637177,-0.5608246723446602,1.3700611787220873,100.93,35.29608294930876,3.0,Mid
CLMT,0.6228628717243342,40.2599983215332,55.58682407378388,-3.5792585275344035,1.1276736325945467,-0.07659624762918414,0.44808008248336034,1.0556364996733698,0,12.061094729213655,14.897252481359782,-3.145133738540471,4.518026678760935,-10.929208756446267,-4.675623661598053,1.2260398129117107,40.29,35.26843317972351,3.51,Mid
OII,0.6014749166264198,48.06999969482422,40.85607736291317,4.486370800724034,0.7014821147045225,-0.31114240742239974,0.08321388762317505,0.062406447860828586,0,5.457877319676848,20.08493919686229,-3.619144388387463,5.951142036408735,-10.948499254206885,3.4304921725995245,1.6881808959138898,55.96,35.18433179723502,4.78,Mid
TDAY,0.6166816225704133,8.65999984741211,37.33512392131226,0.8148997189964131,1.1188602987826004,-0.32582109794840236,1.7320972419852552,0.3464172459159123,0,7.48451513362632,32.415900574932834,-1.1806307512512353,4.313757534137356,-5.971771860989092,-7.936506734054351,1.288560257982546,13.93,35.1705069124424,1.27,Small
KN,0.6018859170250773,39.529998779296875,48.52330358138681,7.252348802811692,0.7683302281239323,-0.2371302011651274,1.74550631924862,0.07588864210091359,0,18.329731721631052,-1.2983781963958243,-2.711963448522284,5.120885555714736,-7.919873052947062,-3.1369381632136517,1.2176130741870688,44.61,35.1094470046083,3.38,Mid
SHIP,0.6376519285722134,16.81999969482422,50.437285050524025,6.391724704020834,2.001499505315425,0.03506080871269811,1.129610805550652,0.41616941789598894,0,7.095413227714978,28.73542478522576,-5.25224092004147,5.087480788006181,-8.982683379013766,-8.399468834030548,1.1066367354270614,4.33,35.0184331797235,0.36,Small
MCFT,0.5973251627326865,25.18000030517578,0.9354451978704104,2.6969164709024804,1.0540791149541953,-0.06658185289730853,2.2239851434991222,0.41699579412068305,0,12.74164531428883,-1.0609054996424212,-4.810562277895411,3.837795659053764,-11.462729140469868,0.9385717392543745,1.072937254702307,3.72,35.005760368663594,0.61,Small
HXL,0.5583283277158398,104.33000183105469,13.990868528296474,-0.22807853795254726,1.1776988302683624,-1.3116531779588183,1.581521611142112,0.9537072070445639,0,7.973102716437951,14.470010593225624,-4.262665817140553,3.83227548800764,-6.631462479248121,-2.80774811505824,1.2514339274678081,110.61,34.94009216589862,7.89,Mid
ANL,0.6341645125125409,13.069999694824219,26.809460087998783,9.656848231743385,0.8774700147751371,-0.6762782524580517,2.1040595149550825,0.40551225223984244,0,32.18648898024971,-18.363525870351072,-4.420430213466109,8.75833446118953,-24.23188582570123,-0.9228159057379637,0.8371683730555518,2.34,34.76728110599079,0.84,Small
IMMX,0.659576008101014,9.539999961853027,37.766900751731455,1.0593215275918104,0.8056314334641294,0.01913858596117293,2.096434067546106,2.6205450835791737,0,39.089194936265415,9.403665936005561,4.272729699873466,7.636267928788033,-21.41680648868854,-5.011395756143208,0.7985718773717374,18.18,34.684331797235025,0.68,Small
GRC,0.5946097642595035,85.22000122070312,38.2886997245119,5.536257345997229,1.1776753077642605,-0.2968102402530297,2.1121748375484337,0.9152766581963288,0,14.61795125289935,25.15878532939439,-1.434613489106927,4.657690683830805,-8.1483053006886,-1.445080332271412,1.4084222422891302,16.64,34.46198156682028,2.25,Mid
PARR,0.6194210028294057,69.91999816894531,65.90702722387871,-9.202472137119889,1.3145220716742412,1.645949529278786,-0.25029041238310057,0.22882728389946824,0,11.357181164067164,13.894769284842596,-6.76680678172878,6.793478438776181,-19.659888371991077,2.9406821401643533,1.5934918643398284,67.35,34.262672811059915,3.51,Mid
SPHR,0.6236413277214282,160.63999938964844,56.861640700081104,11.795840424247771,1.443989892632209,-0.08236808053592923,2.2597142035496165,0.4108588549632407,1,5.428899596888387,49.52992547037515,5.070163866310035,5.485203453891399,-7.99542166425282,-12.684551504479707,1.101025171622891,117.02,34.13709677419355,5.77,Mid
RCKY,0.6039041514844976,49.95000076293945,39.99930105430809,14.998102509310193,1.6196950397233993,-0.22055658153052704,0.4604595369743665,0.9709721780458919,0,2.3688528929119683,9.44185468420807,-5.415812782034527,4.555985119178767,-5.772491332626628,-10.218930772308992,1.2855133999603252,3.02,34.11290322580645,0.37,Small
CGEM,0.6309327462859103,17.610000610351562,21.075008660167715,0.8562220813339569,0.5618385203726258,-0.9223522054857402,1.7035839522674197,2.385008868331382,0,15.00351800299795,17.16567480403201,3.255563600119258,5.501744387626455,-9.366956593643161,-17.12426954901706,0.8479614315760283,17.81,34.10023041474655,1.08,Small
CTOS,0.6214380235717654,11.029999732971191,56.163842084871376,5.238047313620642,1.8484303557259765,-0.16977272466210522,1.8585668961956305,2.73798778839713,0,9.38937185880892,8.66995219140356,-7.28952828294131,5.340628795868744,-9.81193666461569,-2.491879818988584,1.2473604477350577,12.1,34.07027649769586,2.51,Mid
AGL,0.6460585847404751,107.8499984741211,452.426571097914,-1.3126297813586385,1.409050735239003,2.037968391248418,5.999074002950152,0.8993984556493856,0,16.33171980356378,77.79426103632652,-11.181679843918818,9.797999157275026,-18.9341521971108,-7.118881316423105,1.0053973284618982,35.46,33.725806451612904,1.8,Small
DXPE,0.5936198735409994,168.3699951171875,9.968963296293708,2.086039977136761,0.9813028576460153,0.13901212363833396,0.5375059722853885,0.017817176555607387,0,14.866545973117029,30.945709067654768,-4.672778801647483,4.794500321025076,-8.449789698981478,-0.31900604965276663,1.0482342543307523,25.7,33.723502304147466,2.61,Mid
ALNT,0.6407761285578452,93.25,33.610594685419336,5.912351636145717,0.6626939618518047,-0.2028482130657508,3.528151115809182,0.2680965147424333,0,15.571616998916927,-4.486323237318092,-2.4697049647305636,5.567215065168997,-10.893455670854305,-31.103050703921912,0.9315279162314433,26.84,33.63940092165899,1.58,Small
SLDB,0.6355492822269994,8.729999542236328,21.253136811724627,-0.19435815946299909,0.5110395509424702,-0.4198040667780762,1.3745692077619107,1.4318442902651152,0,19.920057801290334,4.801916232242805,12.54545558468603,5.279824382839567,-23.75546124105852,-8.610274643941866,0.8280421286401938,15.74,33.63824884792626,0.86,Small
DMRA,0.6187033377909575,30.829999923706055,8.149564355775695,2.8129316562781077,0.6302991945495605,0.19108827155362756,3.0489800076331965,4.8653908649475985,0,6.537133973270956,21.569397403350333,-12.422811445219907,7.4065151038175765,-19.556427109808578,1.7786516566919726,0.8303295671434066,19.88,33.57142857142858,1.9,Small
ENTG,0.6023690262155522,145.5500030517578,15.97624934920907,9.531980415773026,1.0225855008334153,-0.18812783157224935,1.3053995983667122,2.521468974215714,0,28.52683408577878,3.0367033145820765,0.02162171683461842,7.012364840945088,-22.07484007641044,-0.33264067999067987,0.8698673689469331,488.58,33.38940092165898,22.17,Large
PLXS,0.581359022406961,274.70001220703125,22.56914900558733,6.700542330811678,1.3029336258797362,0.1525517865110776,0.7717491892872653,0.9246481368913512,0,20.15235543603496,-4.432225899708475,4.430408585902441,4.724893067864748,-10.538652253223614,-2.1375856727631715,1.1410587144615292,91.08,33.276497695852534,7.35,Mid
AEIS,0.6016762483840952,329.2300109863281,13.011619201583224,10.43687962205726,1.230481455442612,0.010522469485513535,1.731316106310442,0.19439742036825852,0,50.130010396794155,-5.4235658727551055,-2.806153733581686,7.430975932017208,-17.13674014494113,9.299388295635108,1.0834229398486577,314.37,33.08179723502304,13.17,Large
PBYI,0.5986317571346883,7.989999771118164,0.3021140559455793,-0.997461749661532,0.8804486638306955,-0.5352631575380418,1.001250638144218,0.0,0,16.697087472297603,40.175439264558634,-3.444031106954124,4.657606186343773,-8.685716900514043,-0.5649712186217014,0.927985786639093,2.47,33.04838709677419,0.41,Small
NWL,0.6015450050144159,6.170000076293945,32.9992022690053,15.165656941684787,1.607876726796345,0.48357550524197773,2.7552686250290033,2.836300027640468,0,2.5373166200022386,6.013743887442532,-1.9762827222063948,7.901134203371058,-13.464235941146354,6.686819112272359,1.3875184714154853,78.09,32.92165898617511,2.63,Mid
TSHA,0.6233851911895587,6.460000038146973,24.63131817206008,10.281251785671909,0.8392064238479267,-0.43156317765157304,0.1547949223541828,1.470584978575246,0,16.054098886834307,4.025764869952253,4.622491901872488,5.633568951907503,-11.506851103085554,-8.74317010924559,0.9490225238380912,20.78,32.874423963133644,1.86,Small
GH,0.6026560938035348,163.17999267578125,32.110105093796015,5.467596396476,1.0024548127548165,0.006346420991535144,1.060185723720949,0.6128202260559908,0,5.703144195595595,9.355308498045858,-4.3478316094573675,5.215098761209519,-7.588633489775469,-8.566626904374349,1.108203725688066,452.89,32.80069124423963,21.9,Large
MD,0.5620245072611731,25.989999771118164,12.12097266069656,-0.22649627909083783,1.2351525215860204,1.0624934989506079,1.7314381180649714,-0.15390153339524654,0,12.344338495665468,34.66321657083078,3.3967962808069263,4.0235248752892465,-6.979243828190684,-1.693323642798302,1.3013537754125986,20.68,32.745391705069125,2.13,Mid
BELFB,0.61903072770069,294.010009765625,23.1733235477396,8.053605764671746,1.2427212730740103,0.11858789588936085,2.1291825304158793,0.0,0,16.335540130096128,9.434626233801072,-6.339692253057155,6.534520759846997,-12.289755801824244,0.055553853491598096,1.0649597608210781,91.66,32.68087557603687,4.18,Mid
FRD,0.6164873479291829,36.900001525878906,67.89985084332804,6.622436237438753,0.5406606792693148,-0.10904965888976256,0.3252003439548785,2.1951255820436484,0,5.180728800536218,6.40033421150309,-8.870473995603822,6.848625921881442,-5.554128962988553,-14.941968026289285,1.1531387614776667,3.06,32.653225806451616,0.27,Micro
DINO,0.6241095490928739,82.9800033569336,42.26197700572163,-4.838354571432793,1.2397521110610163,0.5481498819828532,0.6607636473720646,0.08435730536461371,0,15.448660738481774,63.66231379022245,-6.75400327273209,4.716997166264407,-11.92952421781592,-1.2873606770518458,1.5714487208739956,219.34,32.615207373271886,14.75,Large
IKT,0.6023029620595896,2.4000000953674316,39.665640587765495,9.215021874440845,0.8248113767991556,-0.08178901301263138,1.6666650102877114,2.9166737021105593,0,0.7328950757042654,33.33334214513279,0.4830913420736322,6.6666664301403085,-5.138335076721145,-1.1834307832849016,1.3755160741643935,2.11,32.44700460829493,0.38,Small
FROG,0.6476448409841054,84.5199966430664,50.93292358910819,-0.33871301056459513,0.7008851748579942,-0.43264161848645305,2.7707105979386406,0.11831339102178488,0,20.446633405713555,-3.4939542406681077,1.563684379520366,6.311169415210187,-14.815565809952114,-19.353966898332228,0.966692394149657,239.92,32.43778801843318,10.24,Large
QUAD,0.5998318033388185,10.260000228881836,57.501558175740584,14.2475378809232,2.5548489015414972,1.1228620491904981,1.1695895016608988,0.9746625655862997,0,6.909824571444926,21.563989795841202,-1.330104601876776,5.277080758100687,-7.98205757863453,-3.7447986055553177,1.8987753522961335,2.36,32.292626728110605,0.53,Small
GTES,0.562075145809157,29.299999237060547,11.083398418007961,8.673476111667364,1.3652724644275323,-0.9424373039381964,1.0665529287593432,0.2389068144864984,0,2.283914060936427,34.774606923585075,-3.3437038618877057,4.447221058066854,-3.427821062170816,-5.596408761420591,1.233707751883866,60.91,32.254608294930875,7.42,Mid
CDNA,0.6316410976784713,45.5,108.31950678329703,22.255958899521165,1.8831614656972215,0.418897616915762,0.17582820011632797,0.24175958318493387,0,4.484137876946002,12.791273742603526,-7.985483933880238,5.531398467778036,-8.561090163068023,-5.409154515188558,1.5015586460440484,49.27,32.214285714285715,2.35,Mid
MEI,0.6259047892555122,17.260000228881836,93.42677114851212,12.432825545961498,0.7744802691462779,0.3647843041049492,1.969873395478039,1.8540014150435844,0,12.251080488781236,24.84818240888494,-1.5463857146859878,8.078132447127158,-15.03217070525887,-3.469753509732959,1.1213249359887774,13.19,32.034562211981566,0.61,Small
TFIN,0.574095846917319,78.11000061035156,8.158402522958585,0.21490240179337242,0.7953615401680657,-1.0940158139169478,0.025600618243370208,0.03840581111519712,0,13.002842354810282,-1.9703811355313614,-5.038191443867275,4.223073631966003,-6.477485931627119,-7.099005139137278,1.057374005592664,21.66,31.994239631336406,1.87,Small
SLN,0.6158666359250703,11.239999771118164,119.99829740874004,4.136746903558144,1.1393042198236303,0.22839080058867076,1.8683277793999316,1.2455546811489926,0,9.809452337206395,22.707423123665485,-5.025125723963974,8.29753276885865,-7.793271877679034,-5.322587268419622,1.20143426929308,5.59,31.953917050691246,0.53,Small
INVX,0.5885491240940075,30.440000534057617,7.751135982949697,13.868888671959335,1.5075922552469303,0.23282210341792697,0.2256924743682282,2.8580841785184012,0,5.722901799509151,14.264268886369088,-2.984480799908137,5.01924092055117,-9.70038160524379,10.216305399887787,1.4254339368081657,13.34,31.862903225806456,2.13,Mid
BFLY,0.6275146451535282,8.420000076293945,102.0162666700966,13.65323528834004,1.0960065627050875,-0.24204165941862685,1.0688854128468757,1.0688854128468757,0,11.877609541814227,80.29978453818262,0.544958596948732,7.867324390196151,-13.106290598085412,-2.9082801009765022,1.1697156302298286,75.79,31.638248847926263,2.24,Mid
BWEN,0.613284575191458,4.510000228881836,29.14621948427383,-1.1723417834698444,1.8934468757908565,-0.004834024393339823,0.39024520204378066,0.99778434590289,0,21.7118486672399,2.267582424197436,-13.364053068674828,13.533417990930637,-18.29709701723915,4.370181790893068,1.2320764783435851,2.56,31.547235023041477,0.11,Micro
CRS,0.6326246267034349,570.3900146484375,56.141850347714374,0.7913817348796901,1.1237825362922005,-0.6359425149696498,2.3650253015655247,0.02893442351045245,0,21.81960826934115,-3.6145212054242446,1.7919488809896664,5.272582126725988,-8.88192725973648,-12.164838789380441,1.2271308680729074,452.21,31.42511520737327,28.34,Large
AMCX,0.6105147920017445,12.029999732971191,43.394326276487604,15.584164073295032,2.5499216077581113,2.0349478477870897,3.408145107886593,1.1637522256388502,1,0.0,7.410713730060377,-5.163857730594603,6.002851079703516,-3.295818820007695,-11.79653873885346,1.4252786035362215,7.78,31.387096774193544,0.53,Small
PPLI,0.6189392399551369,44.130001068115234,7.685388149963823,0.37986750757130233,1.4172339980949085,0.512922993328976,1.0197161840868165,0.3738973748695898,0,26.020583843739526,6.6972930774169885,3.2114946100302864,3.914571949324333,-8.67135482840469,-7.970502940839479,1.0723448018868758,44.48,31.347926267281107,3.28,Mid
SXI,0.6110914337423247,326.45001220703125,19.705098091322924,6.830864131366959,0.8307455947316046,-1.1914496316638377,0.1286515222700052,0.7413120959518342,0,9.223791853828962,31.465971912886186,-2.0647306956622336,4.359012827465159,-10.28882380228955,-10.386211618875002,1.1214915461339683,64.09,31.180875576036865,3.95,Mid
SNDR,0.5708632763564935,36.529998779296875,13.128093955869268,-0.668917890557745,0.9859946930127844,-0.7049244183798609,0.9581229140558842,1.2020212778959432,0,18.814352199849665,24.620975310044894,-1.36299820127135,3.87276743757239,-6.910967229998123,-8.892218671416927,1.2417194746367006,37.14,31.031105990783413,6.4,Mid
INGM,0.6231642110817293,28.760000228881836,24.677156668802635,-1.422449621570046,1.0012660887254767,-0.3675365868900791,1.7732970264441867,0.591099008814729,0,25.554875497217505,7.367896602572419,-3.812633268397678,4.504768613136522,-9.245819677202016,-10.960961498065824,1.1741556272931606,37.97,30.75230414746543,6.63,Mid
ULCC,0.6146499236072116,7.954999923706055,37.29697342941132,19.8673992457297,1.0752875559867296,-0.5224201608539597,4.022623480238978,0.12570398666656474,0,1.7450870813244288,98.87499806793262,8.65921646208667,6.268294028798173,-5.353953878741183,-19.797980942164816,1.1320625842528833,35.23,30.317972350230416,1.83,Small
DK,0.6348622108180284,59.75,84.56312897305449,-4.908515122368202,1.1903445922870528,1.2314084313289373,-1.2719701024564838,0.2845157639204475,0,11.470873174553354,59.30631880198266,-6.369313878603784,5.7349406363336906,-12.99095192923817,-5.219773885827531,1.334423102547848,71.93,30.307603686635947,3.66,Mid
HOV,0.6193317452113297,137.94000244140625,6.38415564451591,5.282440699024031,1.2729566270795998,0.29807384685368127,2.2835971007029556,0.7249528652266971,0,6.010528281787178,1.0401392649394723,-8.10368464996513,4.47451086319947,-14.883373738369915,-7.174755470340926,0.9121663242461796,18.2,30.246543778801843,0.81,Small
HZO,0.564998900220947,36.02000045776367,4.374224569982643,3.7352777847898007,0.7942565390773271,-0.24523604275340655,2.13770252070147,0.3331452813892729,0,6.684576007225814,16.193549863231407,1.1931874276345134,4.691836643269786,-5.558466087455075,0.4868218151615635,1.2679590833551178,10.76,29.65783410138249,0.79,Small
FNKO,0.638732090183306,5.630000114440918,24.749871204804606,-3.081423658407108,1.5425383629362626,-0.30666688784833096,0.9769063447757264,0.17762395518268584,0,17.066594845120765,7.442754967241232,-6.603771546619547,5.494800998955072,-14.437687236107008,-7.293668168630857,1.051167788667426,4.05,29.45967741935484,0.31,Small
ADEA,0.6328677750109165,29.90999984741211,57.821652063596304,10.237815964685193,0.9079049557647775,-0.4888870944187391,1.4209269114493481,0.38448603042794494,0,41.23887188588657,-5.8863641203975,3.18404426105494,7.206475970185637,-12.73796830116107,-6.7139171212168085,1.1516074151100244,56.59,29.21889400921659,3.3,Mid
APH,0.5655174126099465,172.24000549316406,5.297713603904941,9.573010413811287,0.9530364400795818,-0.8973536520638511,1.4717856370454352,0.9521593923218987,0,1.3147882238700808,40.85070151606138,0.7458020006692114,4.590770080690678,-3.5178123621804493,-10.81326279577161,1.127568248300815,1500.7,29.09331797235023,212.37,Mega
GPRE,0.6124645605691318,16.489999771118164,21.614308555548778,-3.324150152680659,1.0157740666578425,-0.7593987761839526,0.7883515012923676,0.030316317984760123,0,31.235162098705466,-14.248569091005988,-0.8418599161384324,6.1140942821130775,-16.081424471231863,-4.395600127472464,1.0099224692861477,23.27,28.967741935483872,1.15,Small
NVEC,0.60828089399537,126.77999877929688,83.79678608724336,22.188065705173045,0.7607996581510367,0.044840805449271944,3.9517231069847196,1.0727188784043358,0,5.6714316595810725,-4.716604095474853,2.693199743580466,8.86135395210034,-5.2741839610758845,-10.630141228357108,1.5273948166434128,33.18,28.736175115207374,0.61,Small
WRLD,0.6623315539723158,192.50999450683594,46.91868687802558,0.4579054074009167,0.8817474013188263,-1.23138663701063,3.454370861250404,0.7012575363569565,0,14.709836242250294,-5.9412731571983795,-0.041132659417680524,5.483947143581261,-15.4471184558027,-4.871190991787978,1.2691419109179682,25.89,28.524193548387096,0.9,Small
TER,0.6211934880513249,389.3900146484375,25.479797986845696,10.134692505103986,0.9341106897824573,-0.3556794540536592,1.9004066920273979,0.8500546885240107,0,22.84161265920343,-11.081932154533623,2.6879460733661347,8.401235137106013,-20.192246167122587,-3.077223162632124,1.0125615999015827,1759.33,28.279953917050694,60.88,Large
ANET,0.6110597279890174,197.30999755859375,29.31938202578406,11.588684719792804,1.3728340465030608,2.733668141952261,2.356694518269371,3.1929466979264527,1,0.0,34.16972720922084,5.042808466648865,5.61024352328103,-8.159560174095745,-10.809578671901022,1.1997478864478814,1678.17,27.63594470046083,248.45,Mega
RCUS,0.6168474909181872,27.700000762939453,13.905346748954738,-1.9434288456148647,0.6933598792906235,-0.6630759153804324,1.9855636434681432,0.0,0,22.350153290579996,-10.645158828884178,7.402510753804152,5.847085769088295,-12.714667621492959,-9.560391557176954,0.9699255028357602,36.2,27.578341013824883,3.48,Mid
KALU,0.5896669482057305,178.0500030517578,17.14294346443479,9.352864487651386,0.8385080527423182,-0.41615156061054936,1.8645888546890934,0.08986445344904852,0,25.290702189858123,-4.4652504970665285,3.635498690500199,5.3903603352590475,-8.75056936897485,-4.524987526799179,1.1791613628538753,50.31,27.19930875576037,2.91,Mid
XMTR,0.6355498386695477,92.33999633789062,37.06358779224943,0.10135445871549392,1.0678346529996792,0.2976716013608524,1.5378014453545987,3.9527850017269746,0,17.37240140011412,107.78577675588699,-10.238508605167688,6.765680248873272,-12.952493642408838,-6.770542514791847,1.1492514498333237,82.37,26.845622119815673,5.1,Mid
FEIM,0.6254293355877002,71.02999877929688,15.358068710188677,9.944198504847037,1.0681381752863899,-0.1815611142191558,1.7457382585701187,2.2791729018360454,0,11.299082958609214,23.12359242487584,-1.177874027193049,9.952422658490427,-11.785889542096568,-6.7048925382954625,0.945517695439855,22.02,26.732718894009217,0.78,Small
RHI,0.615427330656189,40.54999923706055,23.58980626415297,5.6581123507837585,0.8178222946190229,-1.5242937746686551,0.2712621398795318,1.430328057350569,0,4.356519667512543,77.97230948935383,-11.17843874256543,6.063061267667804,-4.023670444731874,-13.47491899306065,1.4873380288532312,98.71,26.168202764976954,4.15,Mid
COOK,0.6038442452017388,68.06999969482422,13.8224594908664,2.566806447373045,0.7736626720158524,0.4223701828513488,0.0,5.272217627421813,0,42.866306012907444,2.515057425517216,0.31989763275286587,7.58975050267397,-22.559728653691636,-29.757047278989017,0.7267437448354773,4.37,25.991935483870964,0.19,Micro
SW,0.5676707517177934,48.470001220703125,8.689286311978117,5.89559224081791,0.8203240001722897,-1.154466946938376,0.6395736857382379,1.07282947113035,0,13.853830178828458,-1.636323831249212,-3.588398896843567,4.4983643427621605,-6.770533456539356,-8.409989032900073,1.197381356302383,280.61,25.900921658986174,25.42,Large
NVT,0.6108361618159458,162.0399932861328,23.824524154845726,4.6847879716476655,1.5332479842149738,-0.5735949127707316,2.999259943031288,0.3517695308766795,0,29.010036622858504,2.0982855257229294,-3.0369721916328407,5.993779255676758,-12.123814465525925,-4.184381276718133,1.209465680242952,353.35,25.713133640553,26.23,Large
AUR,0.6237399921770418,6.690000057220459,50.14555117637527,6.511702965292006,1.0042190302908853,-0.14817431481611149,0.1494802510434656,0.5979067489525155,0,28.049731045740273,8.603899721604217,2.113822965916765,6.9506723215500585,-21.89141406659611,-5.657703094223556,1.2313591396123609,188.97,25.678571428571427,13.12,Large
MOG-A,0.5766718261917706,408.57000732421875,14.098710650708956,1.6435587638154798,1.2381363236531893,-0.3376130821649329,1.7230775390078938,0.4374806076644978,0,16.516929613222455,40.32459915095568,2.397026671373123,5.102070236471718,-5.09848142932687,-15.711414362521456,1.2854503419867018,138.35,25.66935483870968,12.94,Large
PBF,0.6241095490928739,61.16999816894531,67.88940536201,-2.326475305292207,1.503586605874075,0.2671614191937417,2.3050575515664358,0.19617285511661953,0,10.898950101822344,42.02898550627052,-11.07749834879832,7.522362025267107,-18.156275197354212,-4.02885546736388,1.656027222568825,182.48,25.483870967741932,7.25,Mid
PRM,0.5889684023912762,34.970001220703125,19.134297882209573,2.983189460055254,1.7793546598812293,0.08407185812576815,2.018866006223811,1.4375201261133377,0,13.643678312587381,1.656975783500596,0.7694647208585801,6.701396217486014,-8.383539695220197,-1.897106576630329,1.3034970331007603,61.69,25.140552995391708,5.72,Mid
AMBP,0.5579000546819808,5.090000152587891,2.8950834396329395,7.236913738232256,0.8723001654168124,0.1707203053441428,0.6876197712378914,0.49115162624605135,0,3.6575999598911357,5.165289092288046,0.220755594182444,5.197866135713927,-6.261504354267071,0.4950445622956669,1.5126921926271775,12.74,25.034562211981566,3.04,Mid
JBLU,0.557992275435561,6.360000133514404,1.9500272563952148,11.843843471291473,1.034120156985436,-0.37350646403868654,0.33018723275339995,0.47170140210445405,0,1.814292578611153,33.89473964579909,-0.17921557377731923,5.660375590226548,-3.927488768883037,-1.9801960561552903,1.2141425681812952,207.15,24.953917050691246,2.4,Mid
IBTA,0.6382263637544666,35.31999969482422,55.797346582477324,19.97078722252376,2.4296746103324587,1.1873309171750246,2.8910048529648193,2.4065642169911645,0,11.890152698651173,34.04174263056976,0.416803673886164,8.352430477820615,-12.757813603883541,-11.390434605176962,1.2481616770171862,7.22,24.50921658986175,0.82,Small
WNC,0.6031777205387677,12.710000038146973,2.6028049123641983,-1.9176599573669386,1.0926560921781616,-0.15212726783690042,0.7081050535852788,0.9362665683292829,0,17.521114703048347,1.355662494398189,-3.0154838771404844,6.108237350360252,-10.70386754174493,1.6731035561286374,1.1873144943674567,15.29,24.354838709677416,0.52,Small
BLZE,0.61980556973564,18.6200008392334,324.8561025947145,28.13102639594898,1.466023117487832,0.6717968947231878,0.0,6.17616258853236,0,4.190278256733667,145.32279925490494,8.76979614664492,9.89719122073541,-22.38432256312868,-18.774440233009063,1.464044687037839,65.84,23.42972350230415,1.12,Small
SOPH,0.5926303904009455,6.300000190734863,13.264916744907529,6.445892472821335,1.8558999476913964,2.2968404344737605,3.333333837393803,0.4761937919892078,0,13.835529344704362,-7.894736107129659,-4.718688587972228,8.123583017876548,-12.621357038435924,-2.2540912720307875,1.2819151439793628,2.02,19.663594470046082,0.53,Small
LGIH,0.6127342262467612,61.47999954223633,1.9146929251327771,4.829702378013497,1.4509249272739926,0.5039185591592177,1.3825671684017957,2.903382987432837,0,5.209034683275897,79.55606462515141,-3.959352223187991,5.293824541705595,-11.539569003810469,-6.2242439684076185,1.1369614025857653,23.34,19.28225806451613,1.43,Small
CLS,0.6055325461910902,362.760009765625,9.72353414521201,7.900223509799775,1.1905279716532817,-0.8454293208516725,2.486489351313757,0.3004731250811946,0,37.00476573481768,3.5865211652627433,7.199091291142483,7.776096391183394,-23.47319564162082,-16.10909803799908,1.1507699602305121,849.95,14.799539170506911,41.71,Large
FTRE,0.6095978578001859,19.049999237060547,4.997669036208374,2.2571681028279786,1.4561911574005155,0.36067226401311825,3.4908185938334273,0.0,0,7.84805058023073,85.49170776136296,-5.229138458631315,6.726658206915996,-10.939692469607657,-19.213312483780747,1.3406537897407311,29.32,12.087557603686633,1.81,Small
