Ticker,Win_Prob,Price,RS_Rating,Bias,Vol_Dry_Up,Vol_Z,Up_Shadow,Dn_Shadow,Turtle,Ov_Supply,POC_Dist,MA20_DP,ATR_Pct,Dist_52W_High,MA50_DP,VCP_Ratio,Dollar_Vol_M,Resonance_Score,MktCap_B,Cap_Tier
APGE,0.5865260348464832,132.77000427246094,64.8330775970475,26.311086131210242,1.5964395972079555,0.31328358246113913,0.060255952760166376,0.041419502908189895,0,5.408185299558191,0.1659760208497013,-7.991361947161141,3.8560242941441425,-0.29288027855205206,4.8944094124643165,0.32303810696234214,373.74,72.02378378378378,9.98,Mid
VSTS,0.604772443481688,14.680000305175781,109.78278514036981,9.523633898366752,1.1516484101087088,-0.7290596963363082,2.588556583892266,0.27247929849292724,0,0.9228721300332153,22.333335874603733,-0.5468726076224476,3.9548462876752386,-2.5232410612732052,5.397441213494967,0.9784466742299511,24.04,66.46486486486486,1.94,Small
UTI,0.5984655596999178,47.02000045776367,64.12707971217053,14.53626629260342,0.9270243865960806,0.40590316447411495,0.3615443795973591,-0.012761630668401532,1,0.0,17.638226223602167,5.712916650924926,4.6460471738528035,-0.36024194509192703,5.114085256396509,0.9647416560235856,54.88,65.60324324324324,2.59,Mid
TRNS,0.6160205054717729,92.70999908447266,48.782241008318536,1.870165330229914,1.1749797347466369,0.8041288347833971,1.391436660826677,3.4300510587256348,0,3.9962790697674415,15.425796111267395,0.618371879068613,3.8954039237004108,-2.1633632392589215,5.467222485146746,0.808486441843966,16.12,65.11243243243243,0.87,Small
ETON,0.6131186993814502,36.630001068115234,109.04056901317458,12.572607685010476,1.4466067883656841,0.42650402947315863,0.8189987122700162,0.764397409567529,0,1.4924137684174732,107.53542129589056,-11.423361721086378,4.594203984164864,-2.319997151630842,7.238923551930071,0.9587249684555239,15.09,65.03567567567568,1.0,Small
MATX,0.5558067062365933,203.9199981689453,54.561388170467765,4.926805057827698,1.4510423257040046,1.6221733513046543,1.927230271596548,-0.4732304851608789,1,0.0,31.760069132885356,-3.83299383218536,3.0757870335930995,-1.8907903868880047,0.1694690419095303,0.9700296562057998,53.88,63.760000000000005,6.17,Mid
ALOT,0.5887025428906664,28.489999771118164,222.66955633801908,28.339114852892283,1.0126106055316086,0.5010542207477917,0.035100838756842306,0.0,0,11.883799761676132,0.4938250009160718,-1.9633520677876006,4.352404540394537,-0.6624844213014307,-1.6058413874135005,0.22845460253345076,3.87,63.722162162162164,0.22,Micro
BFH,0.5524578557570876,105.37000274658203,31.936076736282537,4.843687387852938,0.9625686920355931,-1.2255324909223757,0.21353181005422045,0.009492394390867824,0,2.4786506636195647,47.60671517405519,-2.9164370070055203,3.1762232246235746,-4.130653047235924,4.087193324144546,0.9353177410095586,73.34,62.80648648648648,4.26,Mid
IRDM,0.6075057074934856,55.720001220703125,218.91450599802874,18.38653027059544,1.9661525173126493,0.47830487583214376,1.5972709442471797,0.05383843976871698,1,0.0,2.0699781369041927,9.072583662686535,6.816220734210514,-1.5721593005423373,10.397694881464082,0.9854429724681424,159.19,61.74702702702702,5.9,Mid
ATI,0.6020770141108286,192.1699981689453,55.77376815539938,-0.49733307862585513,1.201009920450919,-0.854221863828222,0.7337272599973904,0.5620033518965792,0,12.107254358091652,-2.649440673364536,-4.846486644043715,3.8537315985568745,-6.400077709724969,6.467146634265643,0.9131313123117991,365.5,61.67567567567568,26.23,Large
RLYB,0.5590157437250551,15.9399995803833,174.03040073280224,0.009408996262347825,0.15012786937768371,-0.16923302979745333,0.0,0.8782897950132074,0,3.963237413637145,12.889516355851304,1.9716555996920841,2.7316722881287623,-9.297825650174325,-5.910733091843456,0.749815840835027,4.69,61.582702702702704,0.09,Micro
CNC,0.5668100288038985,68.3499984741211,58.48828902930872,7.324270545841993,0.8719543328470388,-0.525200572707541,0.08779105973224374,1.5215814758297272,1,0.0,87.7747132088698,-10.368390118140008,3.4590885449418387,-0.0877140546341463,-13.547372593392485,0.9148716191043653,420.84,61.21405405405406,33.75,Large
TH,0.6019179194181012,19.729999542236328,125.88579606600973,5.122942686276246,1.260799728329911,1.4858741697031106,0.4815064516090803,1.0643643656071262,0,10.829635567032165,55.845179932691536,3.0088507722480107,3.960610701807364,-5.371706564452024,8.392053136901282,1.0854389981987185,32.07,60.09945945945947,1.96,Small
AIR,0.5528244091804264,142.75999450683594,59.931581928109566,10.289626443711798,1.8911160455949731,-0.2059707388830664,2.5986971456069354,0.5323581788133386,0,4.548060352407414,56.295161188934465,-8.606813661014842,3.8020797315581714,-2.7188426478028545,9.649917319478229,1.1331633406807,61.55,59.55243243243243,5.68,Mid
CYTK,0.5748040623353329,85.26000213623047,29.07771642137087,12.045630223882439,1.2362409467911288,-0.2758102373881796,0.2638968666209354,0.809283127745101,0,1.348174514669413,10.598010359767278,3.4691955814225905,3.892715595361785,-3.453737409861289,6.8642288438987435,0.9574877881113016,239.06,59.490810810810814,11.58,Large
RVMD,0.6005062849766666,187.50999450683594,123.87866152342013,14.46133979265115,1.664624331950399,-0.4222939232090712,0.5066461707946718,1.4239231225798659,0,1.2919799273311432,58.04955788175437,1.1631713272236095,4.041804063527352,-2.892362142225904,9.95691580653732,1.1990817802125018,595.78,59.164324324324326,39.86,Large
CALY,0.5912007197222641,18.639999389648438,48.57034573644285,8.18967667127315,0.8672794967270727,-1.2006594425836425,1.8776845113273952,-1.6636296435476132,0,2.628443070617466,48.05400447383173,-6.030482691517682,3.655692950539794,-3.7190144523082234,0.9868396079121856,0.9280579644945738,51.98,58.99351351351352,3.35,Mid
LINC,0.6064714623651685,52.61000061035156,102.71509924357896,9.227559391241876,1.2055057945498648,0.4253708851749815,0.6272533976861784,0.5512277364710214,1,0.0,16.677756558324813,5.462699205263752,4.635186003961145,-1.6635502609940227,3.2085554554584386,1.0597471395215123,27.6,58.88108108108108,1.67,Small
ZVRA,0.622938133266466,13.8100004196167,47.58081236193685,7.907489208733812,0.935389168958081,-0.20657228261891333,1.2309856440398097,0.2896448995998011,0,1.8790287777389472,24.864375184595712,-25.551467862815645,4.5013954157832945,-5.281203759024568,8.998138564862087,0.8849683564713571,24.27,58.75243243243244,0.82,Small
JBHT,0.5529475314120216,290.07000732421875,38.40636125293868,3.2551359061426277,1.0725718618399556,0.328762380974243,1.6926960865017702,1.2100455612122558,0,0.0,32.868492327701304,-4.209153546071098,3.12006153504125,-1.6645208079269822,0.5723401089317303,1.061413649568823,282.26,58.56324324324325,27.35,Large
DRTS,0.6089803461362121,12.640000343322754,140.8072196193609,23.7759527832849,1.241612658041631,0.8804342112463225,3.3227853232028433,1.9770558337762996,1,0.0,22.243715247303776,-2.9115259383329475,5.674670830124643,-3.2159269737153093,2.466088997621708,0.9446897803483674,11.75,58.44216216216217,1.14,Small
SCHL,0.5558067062365933,47.34000015258789,46.24720464896293,8.391529156827495,1.058859349946837,-0.594669954685276,1.5420353609377875,0.3907929292158957,1,0.0,27.722206320390757,0.11695727967105804,3.0787921009451455,-1.5186177384139703,-2.414495225051155,1.0134635212588454,19.28,57.92432432432432,0.87,Small
PRLB,0.5683639328354292,78.73999786376953,41.530542533366614,0.5889162759766241,1.4583448923431395,-0.18092571094575652,0.8064446584396615,0.44449896318538357,0,12.980048757370177,17.22495163026686,3.5399318121802006,3.620415506211199,-5.303672376582947,1.1007737743591448,0.8417802255660508,17.09,57.70918918918919,1.87,Small
YOU,0.5907670530286012,55.65999984741211,50.2438470149138,4.452321327799931,1.2593578048123213,-0.6246767088045981,0.7725481608819094,1.149837210548781,0,20.71893321983042,20.927154304309315,6.322649192480445,3.7865100097129782,-11.019590525606326,3.677635525640103,0.7761361812731786,86.21,57.58702702702703,5.61,Mid
MPC,0.5672731680091673,264.8699951171875,54.33817650599686,3.327408981389004,1.2383598374699663,-0.6431143662193601,0.03397755108141554,0.9249809315505805,0,2.0908299912990427,4.254899497138701,1.8664957453278546,3.128756697822494,-2.785728758680582,-6.113404356839422,0.9321664930696283,638.7,57.33837837837837,77.33,Large
CLMT,0.6039715410902309,36.43000030517578,75.18076890547401,5.31489009931334,1.1934011111212321,-0.5914729473036517,0.38429697631571025,0.0,0,1.3978836403781325,3.966893131537607,5.704794623136706,3.956705362933864,-5.98709598648864,4.1159953456316805,1.0433464228983729,33.35,57.24324324324325,3.17,Mid
PKOH,0.5939171837929796,37.90999984741211,72.35789325849204,7.31624388250083,1.613071510895014,0.6395741211386369,1.5563180030257988,1.2133977481192835,0,10.061651483033703,-2.944192230970653,-0.38934133120003556,3.8135429674107093,-3.610480339426911,-0.8264438425897903,0.9671675523645928,3.3,57.04972972972973,0.55,Small
DCO,0.5902105490762595,190.25,88.97570529501189,15.560766386103209,1.6869033341581867,0.8768799754931342,0.43101567632822074,1.3193138012208905,1,0.0,7.086567645109705,-4.006391915678527,3.8892462035605755,-0.42916590400450555,0.41544259887755974,1.1945330756621784,46.88,56.96648648648649,2.87,Mid
ATEN,0.5525916257633371,38.0,102.60665801718638,14.062734307645663,1.2660909710232038,0.06692242793484157,1.0263141832583538,1.0263141832583538,1,0.0,77.45348412626267,5.177691967706285,3.744360199548248,-1.0158879808251284,-1.7266723363195706,1.0936746104221973,43.63,56.74918918918919,2.74,Mid
KOP,0.5780740401324672,44.560001373291016,55.03306093317495,2.6881925645983644,0.9198579190358032,-0.8451607909179644,1.7551630461606516,0.10099188118190255,0,3.2670583113877236,27.228897578819467,1.459507859113153,3.125336661515546,-3.7557394936341137,-10.443377589941012,0.885634917395818,8.18,56.35675675675675,0.86,Small
MITK,0.6022120875203749,20.139999389648438,82.99721052786686,17.345449117290283,1.51791867823854,0.3546896302169747,3.67427901443615,0.0988052079851236,0,0.0,4.406420081571015,11.838360613064774,4.390657360190448,-4.323039811643968,5.819397301675636,1.0969531712352247,24.65,56.300540540540545,0.91,Small
CROX,0.5651838258477617,124.16999816894531,35.48935631935901,0.6917115800757656,0.9470429350479893,-0.5218176301716688,0.6523356687818158,1.0831933965741776,0,7.175665005230286,26.112126064671127,-9.335954112304758,3.8262639929070037,-4.330068116079222,7.015021926812194,1.0861706229876453,151.11,55.1881081081081,6.17,Mid
PKE,0.605808251554596,38.22999954223633,72.34777392558873,12.837767219768178,1.4929638236138312,0.23914387582513588,3.4397034852741317,1.8048617184225402,0,0.0,17.48616615379069,-3.708180358140857,5.217479512982851,-3.3253222596136056,2.4446427310993,1.00619361436176,12.55,54.8508108108108,0.8,Small
EE,0.5613990238702488,37.97999954223633,26.959564236886237,9.200687777142806,1.3343636218883634,-1.03548430947933,0.8425479164630637,0.39493868611263055,0,17.403610814622983,6.561174671676372,1.8937162943729227,3.33069951915099,-11.641238427211373,3.7015669385680896,0.9501673409367843,14.84,54.72,1.21,Small
IMVT,0.6023469414091785,38.13999938964844,39.9310332382661,9.23202443088538,0.9937181747721854,-0.47465222322667594,1.2585200574335076,1.0487617136137561,0,5.347047053572772,7.2553372234195015,-2.2315670515289487,3.887180219401249,-2.9022388621362927,-0.3154579404789985,0.9446741962046288,76.42,54.633513513513506,7.83,Mid
DINO,0.5728345085921313,72.55999755859375,51.514305751018384,5.001913324238627,1.0245920207714723,-0.8277339416947106,0.1309278168388859,-0.33765539528968386,0,4.112207436524226,43.11082921980412,4.916687263116323,3.388821113103344,-2.446894006461012,-6.754186717522959,0.970607344939759,171.4,54.578378378378375,13.08,Large
RXO,0.6176276617049401,27.739999771118164,111.68901066042591,2.2842498257433133,0.8249196535109067,-0.8488722321378556,3.1723182240244103,1.5501092599430377,0,4.684821597793049,113.5488857487089,-8.05194810679754,4.703626574256354,-7.099801727490454,0.6646174044447611,0.90909783525414,68.8,54.54378378378377,4.57,Mid
WLFC,0.6032502036742892,227.00999450683594,59.28459274442621,13.096436462915936,1.5285384532072714,0.9869930388345145,1.4624939009476738,2.7928269641325336,0,3.673432071676723,19.57964543077199,-5.827077430824706,4.328632325647515,-5.020705020114398,6.862791103729585,1.099595575233423,31.1,54.424864864864865,1.81,Small
STGW,0.5991130324640774,7.579999923706055,42.9086515217947,11.749961749537565,1.528013423244521,2.1168640652628565,1.9788930983828275,0.7902349283814962,1,0.0,23.051949857758277,11.249999501732114,4.400677694707819,-1.940492819895305,5.42419837729628,1.1146046643648853,11.78,54.32324324324325,1.88,Small
URGN,0.6125982967015758,37.939998626708984,53.62806500366914,18.899687180007287,1.0265312695409385,0.7311841256194058,4.335794721305729,0.0,1,0.0,44.533328100052,-6.179349408489113,4.905302916318785,-4.155615752855663,4.614765710125758,1.0122648860705303,30.45,54.32216216216216,1.85,Small
CPA,0.5607493173736787,153.0500030517578,20.90440939713376,5.511706004396834,0.7364090728182072,-0.6159121819200716,0.9278001572177856,0.13721444604924063,0,2.8882729767578654,37.774287350471674,1.067022359364726,3.868483583182617,-4.6239160668379045,7.50199790191891,0.9925505491730368,57.78,54.30702702702703,6.24,Mid
DGII,0.5537681872823754,74.12000274658203,58.469830689891445,7.463123578938147,1.9982674891921515,0.6343241138606983,2.995144547232962,0.3440432722067308,0,1.8111687896716209,5.060240312327905,5.213405049421874,3.6056394581259643,-2.99699097728607,-1.5678480907429764,1.0333547683583546,26.77,54.10378378378379,2.79,Mid
APEI,0.6267805308082851,55.86000061035156,39.68730070936242,5.489774966220205,1.4799417548198994,-0.1545687319696413,2.9269572209796,0.0,1,33.89069480515822,-3.121746864017928,-0.24866310472109035,3.9838113701195983,-9.303457587185166,6.342426177418734,0.9955278923415721,14.58,53.8681081081081,1.02,Small
CGNX,0.605808251554596,71.30500030517578,87.0745652841326,9.511725453994801,1.434780440852446,0.8484644219724712,2.187781434535156,3.113387856630931,0,1.531272741765728,21.879376167296854,7.2033928635901505,4.599456750610564,-2.161082611932606,0.7029558377484734,1.0743584918280236,176.27,53.807567567567574,11.87,Large
RCKY,0.560549881175013,41.84000015258789,31.195667700664707,5.063594836190291,1.3544831408852696,0.29218543623794135,0.573617776256667,0.8962715072261843,0,29.031248602977332,-8.327384449171543,-0.5198776758274648,3.2547463759692308,-13.40984769600661,1.728055034827776,0.9381254722095519,2.81,53.80216216216216,0.32,Small
XMTR,0.6082910274582753,95.77999877929688,39.91652881892405,8.350866809360184,1.1286612126738642,-0.034514939134541074,2.3907852716270503,0.8039221683773962,0,1.3026776254950772,115.52655656604063,4.670589671360493,4.443955094743731,-4.085721816619832,4.339963487044271,1.0186411977580168,88.7,53.685405405405405,5.29,Mid
AMN,0.6125982967015758,33.2400016784668,100.06145781358707,5.952670772139715,0.869053498549957,-1.013181083477611,1.44404187119171,0.45126810559569275,0,0.0,70.02559066475116,-0.2644625576972233,4.3665137109980705,-1.4234861353664103,-2.541546827990286,1.0294720298811166,37.19,53.61081081081082,1.29,Small
CMPR,0.6100122376104915,103.91999816894531,41.613531466432676,13.464644364382467,1.413888000676797,0.2323001921732963,1.7417294263499634,0.0,1,2.2734389995050055,23.817464304594573,4.802548613215542,3.906164276943167,-2.082351023881383,-2.3794850087890054,0.9247034627179918,22.41,53.59459459459459,2.52,Mid
ARKO,0.6050080772527419,8.15999984741211,68.91255491403605,4.028555785648691,1.392217919327062,-0.15350539632298393,0.9803912401006016,1.7156905137687866,0,3.0597005949612717,5.836573371988261,-2.968964528062069,4.858193952515967,-6.796119465257634,7.020062780557944,1.0466989005334009,7.67,53.57081081081081,0.92,Small
CSCO,0.5720266278257838,117.01000213623047,43.0469438646917,-2.828122721580299,1.25894265749837,0.487214542568984,0.3589421086008823,1.3246756887842408,0,24.80692699252466,51.505513889685936,5.9687495231162115,2.9942492416317514,-10.24775138546678,-0.6270699549567195,0.9904124363304994,3028.16,53.115675675675675,461.19,Mega
AVT,0.5579868042344039,87.27999877929688,70.89755036856201,-2.01790603561581,0.9181583908691822,-0.40663072358310065,1.5066480978264023,1.9248399732505896,0,16.429142616583935,46.92037738028457,6.102831512283101,3.302180096770534,-8.030696367793407,-5.758887914929789,0.9278989966704263,128.93,53.09837837837838,7.16,Mid
GH,0.5902105490762595,170.77000427246094,59.43368283177324,25.78352600469389,2.497586827134447,2.42316282387377,1.0745396786075374,2.6907542927415773,1,0.0,14.441765765528958,0.0384136532694195,4.565246233965039,-1.06311607455677,2.8220047253849496,1.1940738705890213,466.19,53.005405405405405,22.64,Large
VAC,0.6293968895153937,99.87999725341797,66.72599107188226,5.4804832372280305,0.9387915314188012,-1.262914795683669,2.53303849503757,0.18021657000778435,0,2.6955228473255035,50.89267365182395,0.03346688318701507,4.125664826249963,-5.7469131802160405,6.317146038926483,1.1668122933021727,52.02,52.723243243243246,3.43,Mid
DNLI,0.5925986109498,25.979999542236328,47.699649455807915,14.092484504633932,1.3656079484593606,-0.775616075854556,0.7698258908996849,0.4041552890006261,0,0.0,1.6034409553750035,-7.441863078009011,4.518860443810018,-1.422879933595897,2.921131230266602,1.140223212285313,49.65,52.21081081081081,4.12,Mid
CCSI,0.6120588440494309,38.7599983215332,65.91457939045348,10.734151758159486,1.350328172009976,-0.1752899333407244,6.811154072756841,0.0,0,0.0,69.2576374083287,1.4116907999995094,4.838383127868273,-6.376819098984051,4.6094280871906195,1.0489276766620175,6.45,52.140540540540535,0.71,Small
CXW,0.5528244091804264,31.010000228881836,51.263234424263906,12.35303864131786,1.2486032248692556,-0.1829388571596504,1.7252494145310362,0.8061915451361241,0,0.0,59.352526655725924,-17.93910939154282,3.7764329614409182,-1.6959893678909883,1.7943783906713477,1.2700012335697195,37.46,52.10054054054053,3.07,Mid
PUBM,0.6055597551461416,13.829999923706055,45.357515530742255,17.24810156977144,1.2898831004555742,0.2080570572631037,1.156904181367955,0.0,1,0.0,95.61526997106134,4.401991151215929,4.070343278032306,-1.1436729808315393,1.6178037969257753,1.1725087613973015,9.59,52.01297297297298,0.64,Small
AUR,0.6445421164619369,7.070000171661377,73.69218680724947,10.598359803839354,0.9341479638646752,1.5864300697733658,8.345115436236792,0.8486554641335332,0,17.506919833521735,14.772732900047755,20.20725369137272,5.3788632034775095,-17.45475168465183,4.022980262646229,0.8587047405224562,222.37,51.964324324324316,13.87,Large
BAP,0.5670233352014113,387.0,30.256518112635543,6.26759113062053,0.6953163128785267,-0.4767325528894721,3.1994802391107573,0.573643726278395,0,0.6395302945567709,20.979081021052593,-1.6514967571087054,3.8577327960617387,-3.1002871639446603,4.737230715222763,1.1428448572224559,190.8,51.931891891891894,30.75,Large
ASTH,0.5713574029091582,49.810001373291016,88.82056829165191,22.559456453680355,2.1468438338101503,3.563137799368651,1.6061016161173194,0.0,1,0.0,89.247727773316,-3.7388270760846476,3.5090492960030932,-1.58071374707929,-8.139896649951886,1.1395117919201985,29.41,51.63135135135135,2.47,Mid
VLO,0.5605221757032547,269.44000244140625,55.42343855010523,6.320892105068296,1.3064962074708637,-0.5746215563068761,0.17072129264712646,0.8499140900250595,0,0.0,12.865898934777789,1.734690163752591,3.736587438132119,-1.0030535516885506,-5.289910227803432,1.0857723928467686,833.67,51.45513513513513,80.01,Large
AVBP,0.5924242668576764,34.5,54.125408785954555,7.960100734735996,1.5759826778746044,-0.6852200649306909,0.7536183232628028,0.46376767364484556,0,1.0173766284663182,1.4705882352508652,-2.105612162898031,4.89544601914305,-3.711978127405019,3.3768699793545487,1.0873698619539636,19.41,51.09945945945945,1.61,Small
RELL,0.6221441678802223,18.770000457763672,69.61926560242244,6.802472160904843,0.8813522536496896,-0.39667580004967745,2.1044243372900238,2.0777803948659344,0,0.9834214066323556,10.672178484027159,8.600340684772533,4.949005607828401,-5.488419531895025,-0.8474572259056232,0.8341029542233029,4.35,51.07459459459459,0.27,Micro
OSUR,0.6099262163075019,4.320000171661377,68.7826184260643,1.5873056806004469,0.9637596940106499,-0.4617738923439538,1.3888985467270338,0.46296250294343144,0,6.235663655001127,38.019169754977014,-5.999994276454103,4.960317263212161,-5.676850574650709,5.64263521855906,1.1187701665781862,3.1,50.81513513513514,0.3,Small
TXG,0.5890690187249855,39.04999923706055,132.8005050898672,18.19811900335662,1.310850681471952,0.3741183521402885,2.637650740310992,1.9206146341457637,1,0.0,6.258501325164523,0.3907487315476054,6.418695081563559,-2.5698666340139185,9.394060396560567,1.2951412545309007,124.89,50.76864864864865,4.96,Mid
AXSM,0.5553198631797248,240.66000366210938,50.720803002110394,-1.2597919100560435,2.484810163765393,-0.04479051053559931,1.1925517632772478,1.2548841629241079,0,19.050658235225043,-0.4179230001589593,-10.568957211193105,3.621735963625276,-7.506052729147382,0.6836655510223038,1.0671392266613067,233.33,50.61297297297298,12.38,Large
DNTH,0.6267805308082851,90.20999908447266,107.75159819784544,5.379357706695784,2.4405568852022768,0.7577321878220723,0.9644194162530878,0.14410514880373543,0,15.62881450049943,-5.390665413581077,-3.6778227426591226,5.918729374208292,-8.601821809716597,5.1784101409961645,1.0476600587482292,85.19,50.589189189189185,4.93,Mid
DK,0.6303106305023066,53.13999938964844,70.37256876764432,13.75726413231434,1.1582368307712063,0.050995588091307505,0.07527458785478101,-0.3387284667667077,0,0.0,101.62062646701355,-0.32327091863294216,4.688424306244614,-0.31889322689937566,-6.447372803770067,1.061834350084003,66.27,50.55783783783784,3.26,Mid
CVLG,0.6189722598314625,44.83000183105469,94.5868296135018,1.858388906473713,1.042259427257555,-0.7940061270315708,1.4945307641416277,2.2576403711027355,0,6.172816273916664,-0.39990334855979015,-7.7383283153678875,3.8768833220776204,-4.779099219295431,-12.37942402626445,0.9853244428607019,9.13,50.47567567567568,1.13,Small
CARR,0.5617553480838433,72.06999969482422,26.49626092179176,1.63802671834623,0.8575754213958647,-1.04443295516847,1.0129087831477965,0.9851520569852229,0,3.4824022846913856,14.622355472458393,-7.2568500867638415,3.2114625933048466,-10.07984799235631,-0.4217384970377487,0.9419394517587308,465.06,50.365405405405404,59.86,Large
NHC,0.5639671798523168,212.7100067138672,46.112275259638125,7.896124135924988,1.3908440718145394,-0.4098410460836712,1.4338713256011448,-0.15984748528331585,0,0.0,5.891413347434849,-4.783189591230676,3.5484555825655866,-1.4136020905664146,-5.883065967575578,1.0881496870338905,29.1,50.322162162162165,3.32,Mid
HLIT,0.633480336768405,15.779999732971191,48.962797371947886,7.142855176672308,0.8852786281129754,-0.02624148128408685,1.7744023533962563,0.9822543446405003,0,16.95164955596197,-6.627218406944626,13.928113522342564,4.913543671735797,-10.746609385187075,3.1394289469223504,0.9316112342129712,53.22,50.24000000000001,1.71,Small
CVEO,0.5514928887436819,33.7599983215332,36.71048460679857,-0.6737527061281835,3.5964950691744124,-0.08585997395581044,-0.044440773374355286,0.9478664417190866,0,33.4513704104655,-0.1774138788606318,1.2079435665831806,3.6899118766469665,-7.506853913401996,-1.9168295627254652,0.8554650159877816,3.52,50.12,0.37,Small
XMAX,0.5991130324640774,9.149999618530273,44.786349591410435,7.507926863648348,2.0996040937652922,0.37052276989614985,1.7486427075353215,1.092900389375756,1,0.0,4.095559251406398,3.3799529650108076,4.082748410579963,-1.7185906966460398,0.0,1.109441142403886,14.3,50.087027027027034,0.58,Small
CYRX,0.6016675763177098,15.859999656677246,57.07812998542279,3.426910750432117,1.3073354159654156,1.3067576763620667,4.98108435626994,0.47288657556075075,0,11.189095094558944,3.999997748440958,3.494283346236978,4.330300407845676,-5.200238549383637,1.983003164318413,1.0973734228256964,13.42,50.07351351351351,0.8,Small
SENEA,0.5902105490762595,181.64999389648438,55.008080065105624,13.928929833982243,0.9779263425251449,0.4788410481706766,0.49546335563400284,0.8973243483527642,1,0.0,3.580999574678999,-3.6867990632714074,5.729227579923452,-0.4930206191304914,1.2932278314277674,1.137464231827387,26.62,50.0227027027027,1.23,Small
BRKR,0.5794150075800973,60.63999938964844,16.488242147065147,5.177823442885623,0.923248174371649,0.31549500889108256,3.9577861972225237,0.6926091246136825,0,3.27985487087726,62.047874852019916,0.12214241282816321,4.088225774923292,-5.960605684423013,11.11922714064948,0.9888206629269137,156.56,49.997837837837835,9.23,Mid
PSX,0.5587418344581454,174.5,28.81640036290587,-0.3016655150358661,1.0986313859638333,-0.8535117117433905,0.034382555067854544,0.0143318941394236,0,23.929870985251195,0.963226746028303,1.950042509959854,3.037247909564636,-7.787174760732821,-5.361162170280677,0.9238644023430688,449.18,49.90486486486486,69.96,Large
TIGO,0.5978651449664735,90.48999786376953,61.29490734232319,2.582412793399475,1.4480147558279088,1.039894635110932,1.392421445421456,1.4918759044934056,0,3.4782520717003758,6.009837414101141,1.7101672930023089,4.33236472874083,-4.4758844535699716,0.7191639361371065,1.0950336900012365,167.03,49.83675675675676,15.16,Large
TVTX,0.5805411535451168,56.34000015258789,35.91224228691654,6.797588526071134,1.1056129575305984,-0.3039952916176637,0.46148763848363444,0.5386956484256644,0,5.130311170783267,93.54173469724311,-13.058660916612169,3.856496134506856,-6.25623696661105,-1.2906439462262775,0.9247163361712188,131.72,49.71891891891892,5.24,Mid
HTLD,0.5733231068818995,15.15999984741211,55.80704362521593,-1.3006417194197124,1.2158954933354096,-0.25252355549350464,0.39578113599376974,1.4841651058392131,0,17.0019204254481,-2.256611065649179,-3.1572182747837823,3.415484061664982,-8.770021207372167,-12.648556090462272,0.9148177042889902,9.39,49.7027027027027,1.17,Small
ALTO,0.6289059024794555,5.980000019073486,101.56822578491511,11.452800710980302,1.75417624900606,0.7102981552825829,2.0903009963278216,0.3344478404578316,1,1.194750239098801,48.756220073605014,7.231037774655292,5.619924015213087,-2.0475020407697784,-12.269937032556284,0.8995228846794872,14.6,49.686486486486494,0.46,Small
MIRM,0.5957466664836398,120.45999908447266,41.185614505137025,14.349993195072425,1.5338394322350635,0.09400953258920644,0.13282721511216686,1.7765228340488333,0,3.8782079942770276,10.35177266688029,-3.5911958920572093,4.590379856574222,-3.931733255549772,3.3747735434147836,1.1034767608161395,131.07,49.392432432432436,7.35,Mid
GNK,0.5819998649128152,24.65999984741211,27.3536356318429,2.8292629501967705,0.9971720617088295,-1.226335465822321,1.8248206232995143,0.324411695854921,0,7.500301755089432,18.649371500586994,1.200327028138499,3.1273899176856745,-8.200082352106167,1.7783274503108268,1.11091501277087,8.67,49.32432432432432,1.07,Small
BJRI,0.5890690187249855,60.689998626708984,43.60729742735363,16.45622764612396,1.3625342731800156,0.12432345822537785,2.207942301676198,0.9579799363983834,0,0.9492864292034574,1.3865653322429554,-2.88613898084389,4.20302237206004,-2.2232980101143363,4.41101348380122,1.3691151583546828,27.51,49.32108108108108,1.28,Small
IBKR,0.5785551373002195,93.25,33.99598217468864,3.0910742464099186,1.0498178876697504,1.4840628438459502,2.4879353295435274,0.2680965147424333,0,3.875907515098039,23.277976340740715,2.6938676248166957,3.8896979248327392,-4.691329220814921,4.504614419733757,1.1882492541949754,474.5,49.24648648648648,41.54,Large
KFRC,0.5931526781155921,50.619998931884766,53.40505498968753,6.37474670285391,0.7957194548852505,-0.5209048461569342,0.7506935522046615,-0.15804392086368682,0,0.0,11.247111456041626,0.041746119540391084,4.308244717253244,-0.7451001335446733,-3.525220419438856,1.0944265779473588,13.08,49.097297297297295,0.9,Small
ELMD,0.6150426104713395,44.06999969482422,45.853753128918264,14.122201152025237,1.9081903006565788,0.8166405570279607,1.17994204981341,-0.03403537497609455,1,0.0,74.46555540284876,0.7927854046010979,4.450712031074728,-1.166181780606768,-2.3622062616425445,1.0348967891183547,3.06,49.08756756756757,0.36,Small
MRNA,0.6038847269616262,72.5,123.74962462478594,26.940772102288808,1.2430248604493943,-0.46367124292684475,1.931036587392546,1.702754579717893,0,0.0,39.772511071011685,-4.579316784601291,7.157487540409482,-1.894453987757629,10.789520742035245,1.5835713150499815,557.99,48.839999999999996,28.77,Large
KRYS,0.5891272306331132,371.5799865722656,37.48071252207625,10.973477580232462,1.546152819145665,-0.06542964052376292,1.5408593329110394,1.9632417491074952,0,5.123961159195625,-0.17999017534790468,-5.64101122979621,3.8518825855656633,-2.8637946815166764,1.3562386980059449,1.1930062302030817,121.62,48.7427027027027,10.95,Large
VIRT,0.5892497625888339,61.72999954223633,72.88690147846717,6.445716197199261,0.9680597978344124,-0.7994249839752179,-0.4697892721094613,1.085368822133295,0,5.121054046996879,26.74058363360311,-10.199966113631302,4.471778483456414,-4.855113817020304,5.77532194953229,1.5111843512962353,84.43,48.57945945945946,5.37,Mid
HZO,0.607013557876445,35.75,37.70159172553959,2.629614699183754,0.8460022860008278,-1.0288703474491723,2.573432122005158,0.8951040414413084,0,3.5574529386739004,19.16666666602778,3.1079189381974346,4.211787815456028,-6.266385495104236,1.8330588540398738,1.0473062895159637,12.38,48.51675675675675,0.79,Small
ESOA,0.6246285356675585,18.920000076293945,127.95435555290425,11.334279722719543,1.395495355926906,-0.22960032448272757,0.0,2.2721945768603242,0,2.774209442694494,49.86519046078728,-1.2418274198118888,4.699172097817633,-4.916329692584482,-6.010562160997307,0.9816105628538312,2.82,48.499459459459466,0.35,Small
ESTA,0.5530711372111743,89.2300033569336,13.371823653836156,7.587043469699137,2.5802697630715232,1.068436608378066,1.0366416984798177,0.2633650134572904,0,0.0,0.9617629892754207,-13.36457256519803,4.776578427811738,-1.4033112077926775,2.1813821571698675,0.9541945512653531,56.8,48.41189189189189,2.63,Mid
OII,0.6113422057517114,39.38999938964844,54.17799665179865,2.8499803365323158,1.767246613622824,-0.9306753651293612,0.913939111248197,0.0,0,6.30116829667655,-1.5987994233051313,-0.8792349849453626,3.9168749879982228,-4.277040269563167,-2.398930568535012,1.041692578275641,43.85,48.35351351351351,3.93,Mid
LQDA,0.5959734133092894,79.31999969482422,119.26383039551294,12.513828906344186,1.0895654959053709,-0.36112849392318086,1.487520332288895,1.6704449739325218,0,0.7632065162336585,11.608273582819132,-16.1495217331674,5.851514371750398,-1.6978593445450594,0.8497071059805412,1.2072012927951443,159.5,48.29513513513514,7.05,Mid
CERS,0.6102819477632522,3.0,36.63591047430916,11.462010678975485,1.4508165133630258,1.1780901731188071,0.9999990459923506,1.3333400086091014,0,1.2921366398088154,10.294116483149228,4.444448956071787,5.857144083295549,-4.761907643762017,3.4146309676524127,1.0045926173191886,8.64,48.18378378378378,0.6,Small
SLDB,0.5856766382367032,10.199999809265137,70.26669623053905,28.334170454561097,1.6102580848650672,0.37049767969624736,0.09804146144955657,2.7450954723489662,0,0.0,22.448978420910006,0.15197191731160162,6.604341021386547,-2.0172914621031914,11.660775002249142,1.425992188128265,17.85,48.06162162162162,1.0,Small
ELVN,0.6145044196330877,48.7599983215332,196.90195016889328,12.581095951201181,2.0050452598892234,-0.19107246671653472,1.3022935672246625,1.1587338928350301,0,7.926721021952581,109.72042288359569,-1.6610364441657064,7.733506572065778,-6.928805326085165,3.2536055299833553,1.0568430594264464,68.33,47.95351351351352,3.48,Mid
CRI,0.562858661664474,41.13999938964844,22.197338141792635,-0.009723565409376918,0.9212261264062043,-1.2782398627267175,0.947981029229399,0.0972219285913988,0,14.05535901583972,24.34937866192584,0.0,4.364885746914238,-7.091236395981188,2.2988473047632594,0.9480703242846956,42.17,47.94486486486486,1.52,Small
TWLO,0.6295928559486463,209.27999877929688,38.884991422437686,3.4319149855960385,0.7070038950569951,-0.876264972151361,0.7143516465503008,2.0498894160571677,0,7.676605514206873,14.1485780295632,10.73266475477946,4.5868479936665025,-12.244212290862519,2.0807573690945946,0.9535335603770347,591.06,47.862702702702705,31.76,Large
MRCY,0.5959734133092894,123.05000305175781,55.22478048130477,8.757619915965641,1.696365172848961,0.057923213062766536,3.8845180646753676,0.31288267101090494,1,0.0,12.497720005005483,3.5882014292274604,5.7279218117949275,-3.7392656163231024,8.392778123383044,1.2097699078017081,87.14,47.858378378378376,7.39,Mid
MPTI,0.6048960088367217,100.75,89.1366044920533,6.3229157250044175,1.9146745649678218,2.7781185473579804,3.94540791472123,1.9751839838707486,0,0.0,30.742282885599327,-1.583311770293787,6.312086665854307,-3.7956538858918303,5.453440760561861,1.2445429847237615,11.79,47.81189189189189,0.44,Small
BVS,0.6195001113520834,9.850000381469727,21.814932850686674,8.593797361433639,1.2913182468453555,0.8043209991298612,1.522838707673872,0.0,0,20.7015545549062,3.7388151674775223,-13.440199736088193,4.1646132816909835,-12.436654496724978,2.6264543879035096,0.870477615003083,6.13,47.762162162162156,0.67,Small
DHC,0.5840637237060345,9.239999771118164,86.96530514018312,3.217156191604985,1.3357699010311113,-0.5271056241094572,1.2987000921924639,0.5411276187012428,0,5.635615017192209,37.89200825433789,-3.4117642566930555,3.826529822360903,-4.347826944976443,-2.1739109305419295,1.1646710705838075,17.14,47.72432432432432,2.24,Mid
FSTR,0.6126040107776067,44.08000183105469,49.45200710418363,2.8896937775127074,1.2294023287667788,0.14758348489914622,0.9187812215614806,0.8393891361251435,0,7.316966625895508,7.146335646457361,0.9411800608693988,4.0373022881407765,-3.7764669075238655,-6.033331552940165,0.9953328669459016,5.42,47.568648648648654,0.46,Small
GRC,0.5644141110602127,88.72000122070312,72.18658005009817,4.819179400648044,1.4644255233513568,0.7357490383859208,2.073936330650676,0.721369906261766,0,5.262146289375334,30.2990780115461,-7.316748670613969,3.504605031911419,-4.37594051731756,-15.722126473339642,1.100211570777894,14.81,47.54594594594595,2.34,Mid
PBI,0.5508858200523787,17.559999465942383,57.547084568512496,1.794147730645633,1.0390674778412534,-0.7543919246910118,2.790431583102347,0.0,0,3.2768510619508606,20.79428384823801,-0.3588599028201102,3.347706516387286,-3.780824843944158,-19.332829459665696,1.1069198110655096,62.56,47.490810810810814,2.38,Mid
RLAY,0.6219675824724502,17.760000228881836,102.18201505669649,10.847585484443975,1.5048619794535867,-0.002105007443871849,3.193692002756375,0.5067576093634398,0,8.344165261853528,47.14167918352268,10.254775007223754,6.065877553343664,-10.888108594868006,8.841462456733078,1.132256048145295,78.22,47.424864864864865,3.87,Mid
CPIX,0.6303106305023066,7.130000114440918,66.1891090752631,20.043775726724476,0.046164428961232934,-0.10739894158721952,1.122018547135851,1.8232834829747933,1,0.0,82.82051126311505,0.866554434861003,5.129231944042037,-1.1095689774159783,-33.01587079480891,1.0034687398445536,8.62,47.30702702702703,0.11,Micro
GHRS,0.6080073429953193,26.420000076293945,100.68737240779105,14.45652587000486,0.8310705702411559,-0.23511393306776254,0.7759270367384938,1.286904434493533,0,2.3332281743644114,47.186623692909514,18.17450866528098,6.332864121170659,-8.77071508421719,8.86046830956699,1.1395577470099598,6.8,47.244324324324324,1.81,Small
FNKO,0.6027061760116005,5.704999923706055,60.29267578073896,4.856865242065559,1.0176918665652073,-0.4264149991179884,1.9281272239966545,2.1034160761231724,0,2.2242642664974013,8.874049099431996,2.079397623569708,5.5152119592838496,-6.321842679347308,4.434595918136683,1.121291962805446,4.13,47.184864864864856,0.32,Small
BELFA,0.584318583945971,281.6700134277344,74.41240608236063,8.153670884303274,2.312140483366992,3.6488773614468952,0.1135998833335458,1.924242258434691,0,3.2677616174736372,-3.282627887896389,-3.2207894727758277,5.751158739705142,-4.03393272594172,2.1292904539753073,1.1408431372109988,40.82,47.164324324324326,3.58,Mid
BELFB,0.5934945505971422,318.05999755859375,73.56150124866959,7.668037330907465,1.57255626468498,0.5516065240307897,0.08488618994637581,1.6537791001647266,0,1.8892938809275241,18.356709171046685,-2.53324689594755,5.402845823601922,-5.138838184009971,1.3444445724055196,1.0975456714258578,96.97,47.00108108108108,4.52,Mid
FATE,0.6017010619177948,3.0199999809265137,193.00483656061257,41.91729211037109,1.9470941396307901,1.363840810360228,2.9569509190560743,0.33112551401002516,1,0.0,43.80952941123205,26.070037907688064,8.773178960798592,-2.872026504923214,5.7553988259788955,1.2648351864055147,13.04,46.94054054054054,0.35,Small
BCAX,0.5901180892919002,28.90999984741211,66.11083148205145,22.9558738848806,2.7468219571143195,0.511464376172768,1.8851611177849232,0.44966849342180754,0,3.8859688816178775,7.592106231437658,-4.6843182527388585,5.156890806632322,-3.3110360659386417,4.239450195791928,1.349562273378749,19.88,46.93081081081081,1.9,Small
ASTE,0.5641796584013289,60.119998931884766,24.66024032640439,9.330955658502656,1.2775032894292258,-0.42945346285094366,1.3473013522471857,0.34929988057233613,0,22.709214794108487,20.940068425452164,0.6151474279164664,3.6272696436177663,-8.240942579404868,-0.15342853308837578,0.9835847333510633,13.61,46.92432432432433,1.38,Small
OPY,0.5916010957227011,111.83999633789062,43.80548506528865,7.394919851359358,1.3878171831752124,3.627438697729163,0.2324768819221224,3.214414644479936,0,8.299930086226984,3.872943475269152,-5.058371409381419,4.466520066278905,-5.637186340085754,3.866478644677912,1.1552578783394343,10.83,46.83027027027027,1.2,Small
WTTR,0.5789820602528181,19.010000228881836,71.11521909145515,1.6360159676962014,1.7268159867364874,1.3151808206779716,1.157282013119995,0.9468716622782498,0,13.343818280003688,49.949734481001705,2.8632073065910983,3.6142622146385674,-7.1777311823230505,-9.840429984867324,1.0471602827310909,38.2,46.8,2.36,Mid
NOVT,0.6031636948104695,163.6999969482422,24.52849180046648,3.2807551723718484,1.3969202216236483,1.3857030606505079,1.7868070288753621,1.3744655112593855,0,3.329420358854892,2.8330890367739143,4.709652182117425,4.576971004744872,-4.742513160178051,-0.37798609359714863,0.8615435800628919,87.37,46.6508108108108,5.83,Mid
TWST,0.5890690187249855,102.25,202.26817103874214,22.36423326064235,1.3336108588281703,-0.009098220001356077,2.347189756337833,1.2224938875186064,0,1.0906077990329348,2.413865935981217,0.12830216012279064,6.157875927103344,-2.2933602397153106,1.4221090059974957,1.3388768875452435,187.22,46.63459459459459,6.37,Mid
PRG,0.5928374654603653,45.16999816894531,40.37024283913784,14.497910710614075,2.1485547725533145,0.7480659109717549,2.7673235568818564,0.06641306290075354,0,6.61111452469518,-2.0386086075540764,-2.5847701972820247,4.3565578218561525,-5.105042821473745,8.25242244517637,1.3456903430541365,24.81,46.55567567567567,1.81,Small
TGTX,0.6057808219799905,53.52000045776367,66.30781669938489,8.068815677839158,1.3013645326906986,-0.18321401786107588,0.6259396418130385,0.03737006276575412,0,8.965610742105216,81.17805957419503,-18.367902986248453,4.724801984538604,-6.72220317790861,4.274886513669989,1.2363481199982955,132.91,46.35135135135135,8.19,Mid
KN,0.6039715410902309,40.5099983215332,78.46433489263146,1.4868498545091775,1.6717012912989795,-0.1199711194695684,1.2466084646425017,0.7158654970093413,0,7.877348063098329,1.1485620305218567,2.5503698631059164,4.605564766041017,-5.637088204945678,-2.4646729952473487,1.0263978555310997,47.41,46.329729729729735,3.47,Mid
ABX,0.5755925731579008,11.680000305175781,28.90330289472809,22.457541930481852,1.8468855874414205,1.3068902206489015,1.3698616713863416,-0.1712367914331018,1,0.0,17.860751612900184,-1.245749236865457,4.447774878184906,-1.3513500450726297,3.319508683285388,1.3461086681116927,6.63,46.31891891891892,1.12,Small
PLSE,0.6300404685727145,28.329999923706055,91.21685746057106,7.9813990612884025,1.7146141399753814,-0.3287232648397456,3.0709524939839032,0.9530549187478451,0,5.558846544826931,36.53012011248556,-6.136736939535289,7.390953850617198,-8.612903471638116,4.551200777472762,1.0613558490906274,10.16,46.19135135135135,1.96,Small
CODI,0.624009021488811,11.59000015258789,138.65442346169152,11.383404657097538,1.0789851899036116,-0.34810608290976053,0.9490910717822013,0.21569989817933144,1,13.43719408746181,54.739659628991554,3.096531995058356,5.0505347464467665,-8.306963308007107,-1.2216434803186516,1.031478183227792,10.98,46.156756756756764,0.87,Small
LIND,0.6132548521992187,26.75,78.32977194283193,8.054613672143127,2.184124601426667,0.2732462875425306,0.2990651353385571,0.07476806640345493,0,10.162328401400325,-9.536691659900322,1.894274408390624,5.134846339715975,-10.833333332972222,9.580249550428714,1.2298786216464215,23.69,46.15459459459459,1.75,Small
CLYM,0.6226221641659115,13.289999961853027,190.3291580755801,13.296817950611823,1.9640842975359787,1.4420057481030861,2.257337784600421,4.138451409120939,0,1.1257812136532108,1.605504888041442,0.5803534061110136,6.6483924365210205,-2.9218380625389004,-5.908581015992108,1.00600788858368,16.43,46.07783783783783,0.76,Small
BAND,0.6394832182355699,63.790000915527344,303.88510839051116,7.029754859629208,1.0092098924964052,0.040126684640976795,2.0928090296108404,2.6963492647599105,0,11.446188375243304,23.19428817908831,6.645059604614712,7.354153249559384,-16.043698213568724,0.0828783717768473,0.8970923690660481,89.4,46.049729729729734,2.04,Mid
MLAB,0.6129844760606328,104.38999938964844,21.947062029129548,2.7238193069278154,0.9795947158800776,0.01035395971226377,1.6572500881617713,0.0,0,18.06625464983451,0.2978454584329922,-2.2220092216321694,5.471241579063436,-8.421790204356281,6.257154108429253,0.9632112313302358,19.92,46.016216216216215,0.58,Small
GKOS,0.5594482253917062,137.57000732421875,10.061527079728382,5.496045225476886,1.0732407933067054,-0.651077148730761,1.6718782650934596,0.8904601572199393,0,14.080854012506297,14.422360045738902,-14.045854603639174,3.816395273966703,-7.116327893205747,1.9911708519855238,0.840336394133583,145.74,45.94162162162162,8.08,Mid
PDFS,0.6033156295064439,66.87999725341797,115.73601030616396,7.788384761001154,1.1673601754265164,0.35204987166892154,1.315785420968805,1.3269990799581874,0,3.07649667405765,45.23343835181072,-5.875995247061789,7.107346543700473,-6.709450445133553,5.052826634425622,1.1559987716170015,58.05,45.92540540540541,2.8,Mid
ULCC,0.6288364146544949,7.730000019073486,55.12373350972546,14.100152074466871,0.7695927509011118,-1.0975972757414083,1.5303943589356557,0.45277939613480933,0,2.4449779884584806,93.25000045352465,-10.051991776824957,6.648770659436884,-8.030930818111774,20.166320996836333,1.095579478871972,41.84,45.87567567567567,1.78,Small
LFST,0.608613670842402,11.430000305175781,51.53855319959095,28.24325174449531,1.210571106435006,0.3785494015445989,0.43743863273154615,0.0,1,0.0,50.99075357295993,1.2886646714860897,3.816397471705875,-0.4355334412012667,-5.057802033572162,1.446711358769667,59.16,45.86702702702702,4.36,Mid
SPHR,0.6038593711454546,169.1199951171875,72.48352790519206,9.790374091279649,1.2108491584392649,-0.12857537457530305,2.2173605181216787,2.270575005165468,0,3.3525410930018062,57.42343352526768,1.6343727476508925,4.427120255615143,-3.1386087025952274,-2.1023724348557584,1.1409374699537687,125.07,45.847567567567566,6.05,Mid
SEZL,0.59645174637297,175.17999267578125,148.39537470030015,21.02955445726699,0.9358354681801654,-0.31048318993254664,3.5049748288129208,0.3995959791611701,1,0.0,106.82408380930713,-2.5922483212761818,6.334220366259731,-6.190431871730925,6.688450857874835,1.3815114940951625,118.82,45.83783783783784,5.89,Mid
FTAI,0.6257434871219949,261.8299865722656,43.01342358774247,2.2649564791028256,0.9407490846596012,-0.7667893985098315,1.084671918239561,1.359659985926626,0,47.42394989782168,-14.088798407987383,4.925567632082904,6.209044363557167,-18.791863863850804,10.656812428777775,0.9918391194766896,333.46,45.81837837837838,26.86,Large
LION,0.6257434871219949,15.029999732971191,50.38977215371916,2.0574437081361325,0.9375399267833823,-0.9177346286967969,0.8649375698063945,0.5655358592911575,0,12.73222147028703,-8.129589411246938,2.0999272485183393,5.080791335593574,-10.000005710025585,1.6867473200587981,1.0181109650725226,59.75,45.61405405405406,4.37,Mid
IMUX,0.6236914240269386,14.8100004196167,175.26588090903064,5.431767576059391,0.7386523462665033,-0.36391433723026473,1.417961054576581,0.2700875132815271,0,5.329853373021469,62.21248886480956,16.256831000443647,6.83273775529174,-6.502523503687517,-4.502610920087853,0.8478053968616691,3.94,45.61297297297297,0.2,Micro
ITRN,0.5852730633007774,60.849998474121094,39.31208730360034,-3.961106114991934,0.9078381753206629,0.35280328074307377,2.0460193554336055,3.389971401938665,0,27.33187257711107,-6.433950417607328,4.098238808484589,3.518983103944496,-10.201242385082676,-2.173915746538311,1.0232049832474042,8.61,45.60432432432433,1.2,Small
EPC,0.5949545861302374,27.510000228881836,51.585489670086915,17.860664592836734,1.2543235069566327,-0.07415500972183371,1.2722660070702223,0.0,0,3.2252175500517253,4.919912087187262,-11.093245104845499,5.665474150355033,-1.2562827487057515,2.036484849869983,1.2912890007106228,27.14,45.6,1.27,Small
SXI,0.5946719752061755,348.4599914550781,45.1483698314574,10.789105882829912,1.740068816146772,0.46305324452171476,0.7030883744258871,0.28697699148226197,0,3.1028095780054006,40.3296974617246,-2.1513169044110834,4.377834780769114,-4.240298599076501,3.3310591527504143,1.3359604475129936,73.41,45.50594594594594,4.22,Mid
STRZ,0.6026975166060767,30.209999084472656,145.72659191644684,8.472991577457357,1.5615675715694808,0.8657763798767721,7.845093738257394,1.0261485446103669,1,0.0,174.63635529751176,-3.9253075289274797,6.706626104277054,-7.2744094945085065,6.585609179675552,1.252914771281858,4.84,45.395675675675676,0.51,Small
BBCP,0.5836638265823237,11.850000381469727,60.04906092956188,9.478938971074014,1.0819763070616406,0.02611245718782971,0.9282671149949823,2.4472569830633777,0,2.7080223147638876,13.614573677942646,-36.781611010667234,4.353225342530026,-2.4691296004513372,-1.694916729215775,1.1784424600820815,3.91,45.369729729729734,0.6,Small
GTX,0.6031227202374252,33.59000015258789,82.64349884984492,-0.40915591124906686,1.3546813786374041,0.816097703672972,0.02977712469405982,0.37213456215673235,0,10.456199224991185,-4.329252154077817,-3.8948747704799427,4.017777595638814,-7.337930613348222,-4.764280057991682,1.069935417955954,105.47,45.17405405405406,6.29,Mid
FC,0.5992728677186393,24.989999771118164,36.6342090584679,3.9560711080685054,2.1466314773287336,0.5533991931418227,7.282912010486804,-0.052022762704283416,0,1.1871050226262105,7.161235411992663,0.0,5.439319921007657,-6.788510746030931,8.98202972374451,1.1348755070558627,2.12,45.13513513513514,0.28,Micro
CADL,0.6259047892555122,9.880000114440918,61.34966242544313,10.421905484595511,1.1436245694261933,0.23253058193047163,6.072868631425454,0.25304222583477304,0,2.276699433136981,18.89289549166721,-2.9691211128865693,6.3945913346334065,-13.028165377066045,12.880884421537193,1.096702353765544,21.59,45.11783783783784,0.72,Small
ALKS,0.5930782114386552,51.720001220703125,75.65318119583199,10.539985219570712,1.557779581927517,-0.504144709195686,0.5703754098550239,1.469454985069782,0,5.904979158252763,46.26696925197321,-7.187805524120739,4.102446345784787,-6.439937838534503,1.4607070016709875,1.470279885660021,121.85,45.01405405405406,8.62,Mid
OOMA,0.6290156110471162,19.600000381469727,60.55500862374754,10.45987676430729,1.2053892759558034,-0.06969846441775304,2.448977208519039,1.3137739275481184,0,0.0,12.449799415809952,1.7563709497158217,4.00710654175387,-10.746806927529224,-4.035311205148438,0.9993219256053658,6.62,44.855135135135136,0.54,Small
VCYT,0.5823226206519075,59.849998474121094,30.580391134223706,13.63959785337017,1.4054828791286924,0.2960527273838547,1.3951594326556622,0.40100532093841673,0,3.8347113224796963,11.597981133712617,-3.0125574568203217,4.360424443834061,-1.740274792200068,-1.1958077789129844,1.115460237555519,75.37,44.7027027027027,4.78,Mid
ELVA,0.6578038352773025,10.479999542236328,24.678299415242,3.7366942074324014,0.6880762482272262,-1.1133496518755257,3.4351204774994746,2.194661316174238,0,28.42886773051263,-2.1475302994393224,19.65742089904787,6.059160804004684,-17.996871976617584,6.526100562003038,0.8569053025375696,4.38,44.701621621621626,0.52,Small
MBX,0.5990804974316194,55.91999816894531,70.98552310974678,35.74462544821319,1.788724419904484,0.7635263978913488,4.613737330988204,0.2771863359563701,0,0.0,6.901159818031501,2.7035827460987605,7.203020925755253,-4.410259540189034,5.358198730895501,1.2176478010681684,46.38,44.556756756756755,2.66,Mid
NVAX,0.6209028498324354,9.460000038146973,29.714512955293102,3.241297342887897,0.9762466593885043,-0.15564908399182997,1.9027516324620675,0.8456651519556277,0,39.827153130531464,-15.460228837850115,15.083251282550354,5.995168002144341,-20.969090832737106,6.920419563098745,0.9674657559623979,48.88,44.497297297297294,1.56,Small
SILC,0.6363095018486037,44.18000030517578,212.78198179028206,0.8445570852406291,1.4456271363645656,0.76786121007295,1.6976007125449475,1.5391586701295839,0,33.135686928094096,128.08465869763708,2.862891535403268,10.733686692597793,-16.56279571526712,2.3648674118059163,0.982048142172413,7.58,44.3427027027027,0.25,Micro
PSNL,0.5941836591546942,13.789999961853027,64.9014369593398,25.39213433559837,1.6431293610394795,1.4197419083167906,2.8281388279428707,0.7976769903811382,0,0.0,5.9139744774054455,12.477561044521293,7.322075398837259,-2.750354971098964,5.993692511598297,1.3521025513007165,42.69,44.33405405405406,1.44,Small
MGNX,0.6198066270456873,4.619999885559082,179.7548270126937,7.805386949527401,2.053873500703435,-0.22559358336894664,3.030310535938658,2.705627772062532,0,10.565663587304492,34.693871582923705,3.4567925500320578,7.204700741621872,-9.055118995372618,12.356323686116585,1.2836492611002246,5.67,44.22378378378379,0.29,Micro
LUV,0.574722482845501,50.470001220703125,14.811648530870535,8.242466938925789,0.9835385127882657,-1.2438969620272187,0.35645159241548396,0.019817982937094976,0,17.124192873004326,4.967748999044589,-1.9603164260972041,4.07171116718396,-7.622287764788087,8.656141647428736,1.0847998030396635,350.31,44.22378378378379,24.67,Large
CTS,0.6072220868505861,63.83000183105469,36.279342492330116,-2.9619814063752505,1.4352014160710906,-0.22611964091909756,-0.3211684555392539,3.0432414418947,0,30.50933620099717,-1.7999971829650963,0.674470808486423,4.206170692513387,-8.16932723298377,-2.116015922945514,0.9735099162892393,21.21,44.04432432432433,1.83,Small
OPTX,0.6320919243627864,12.170000076293945,341.74557407403586,2.2173700833251875,0.7232817418712837,-0.4955973613926873,6.4067401338029395,2.3829084635265683,0,7.472294649020743,162.85096703793468,12.093722471920945,12.51831084901642,-18.431635293253766,3.5897475018854266,1.0120201057695972,14.6,44.0172972972973,0.49,Small
PARR,0.661454084849996,58.79999923706055,57.01275003418422,7.8829789999060775,0.8166570985038627,-0.8470757939918483,0.30612297195281113,0.05101833279864593,0,36.75992141195209,-4.218928454627785,4.475526816609617,4.187317060078026,-16.46540737735489,-8.80960287141378,0.7923781620300625,65.73,43.76432432432433,2.95,Mid
AVR,0.59645174637297,9.9399995803833,80.33816380859551,3.331769966051624,1.9224080250915216,0.708791690148262,3.4205248179756413,4.024150795275222,0,2.167629564432439,64.02639725412035,-1.9375705693813785,6.218022595009876,-5.871219834640789,4.391895700796731,1.2825077175230195,12.14,43.715675675675676,0.97,Small
ANAB,0.6492743991220884,65.43000030517578,83.78622607145343,13.820007027938896,1.2335854788986074,-0.12036350438599414,0.9246457660217348,0.0,0,10.50634758499927,124.07533765197216,-0.7218157602228853,4.970306645155798,-9.577114768692566,-30.69675238556736,0.8562070985669072,40.81,43.649729729729735,1.94,Small
MYE,0.5932394695221007,34.08000183105469,71.30515372572242,22.79677920264436,2.842692867738397,0.7541264894748125,2.7288739882080915,0.32277172663793413,0,4.144886671727578,-3.483431023403706,-11.701677826918415,4.3235852214319115,-4.671323549366712,0.233106024487955,1.480501146001733,12.85,43.50702702702702,1.28,Small
PLPC,0.6253310967637624,393.5199890136719,79.47167116843681,2.97553875335135,1.111752893945106,-0.43925781324557434,2.7901808650397117,0.40401359828225875,0,3.874464584039893,34.72097938740453,4.562571542779628,5.417583176893221,-5.027134025028563,-10.108713342940408,0.9921878551345232,45.18,43.480000000000004,1.92,Small
CDNA,0.6005062849766666,29.25,43.34858241436472,16.892459150941924,1.1964286579164778,-0.08143601200895018,0.6495744753884494,0.2564063438914744,0,0.5561259793308185,30.463871097945255,-3.0811069984039987,4.97704576951098,-1.1156184061732515,-2.6303402622573744,1.127222896132018,23.55,43.44108108108108,1.51,Small
ASML,0.6069112430464377,1843.0400390625,64.50406773995132,1.0839572375208684,1.2659526896657136,1.0609568053104617,1.5010546963785647,0.5632001835449473,0,8.422995905634103,29.979325636060985,-4.245414462627798,5.537357529696475,-7.846153170054657,2.772188908110528,1.1690598257832785,3518.82,43.37513513513513,710.34,Mega
OSS,0.6350494893002788,17.940000534057617,142.97114215349725,4.117700318044603,0.8950280629184935,-0.47684985085734505,6.856184534848331,3.623186171372017,0,5.851948257204463,17.02544437815193,21.253135651285174,8.838589206645818,-14.080453758314418,1.6798426699562674,0.9969772336730492,32.54,43.28,0.44,Small
CMP,0.6417937377453105,30.639999389648438,47.731184173207055,1.0220885813120792,0.8370202816950486,-0.7811845979456595,3.671671091296949,0.09790724508314075,0,14.168466281788358,42.511625066154984,12.004802030359246,4.509745317373641,-11.188407565912112,-3.9984337458722026,0.8764819857597141,20.89,43.21837837837838,1.29,Small
ADEA,0.6039715410902309,32.04999923706055,76.91110750770905,1.8058211045556973,1.0396661148908877,-0.17731789803200046,1.162238899997837,1.7160663030762344,0,10.00850980376191,0.8472742734735355,0.42400248339640567,6.0838973267447685,-6.494548190113767,-2.0663934907839003,1.0066298906496343,72.97,43.19459459459459,3.53,Mid
BB,0.5926909832599803,12.8100004196167,221.15947872014416,30.123424461106886,1.4131366987616287,1.0313131121490369,6.088990689772675,0.6885290105914444,0,0.0,23.88781654100595,14.341081258318061,6.8909343012008835,-5.739512319028664,3.2727241510162877,1.4456625025683867,458.18,43.16540540540541,7.51,Mid
LXRX,0.6204175521790352,2.3399999141693115,91.0048384679612,11.908173335488973,3.222101493526274,-0.1544492447081618,3.0769243296178184,0.42735003528977833,0,15.914524058225265,-8.235295764373127,0.529100028235672,6.623932827556973,-12.68657253700836,8.152172464974958,1.1991586114635797,8.0,43.11027027027027,1.04,Small
PLXS,0.6062052812385883,290.1700134277344,82.8020665099637,0.24546155014350635,1.3875879983424295,-0.8204312108553063,1.6955518084106218,1.23549016326483,0,5.257935552237368,0.9497672429484242,-0.4855118852071987,4.359144486187295,-5.500548513350846,-4.711472726809836,1.1170884288416645,96.93,43.086486486486486,7.76,Mid
CLDX,0.5853580406929444,36.779998779296875,32.30333177982105,13.55181035907842,2.2252786802946884,-0.4655564111397191,1.3322400218023505,0.5709600093438645,0,3.471986621294212,18.41596719743145,-2.422148000536308,4.082188489493625,-6.0776329860270435,2.0942443231915067,1.2340777994502385,35.07,43.070270270270264,2.89,Mid
CMPS,0.6219675824724502,13.289999961853027,88.47883436971236,5.526442409363251,0.997701111187037,0.23741133838446152,0.978179945856149,0.15048535850456152,0,6.811848675019544,40.48625695408997,15.528880018878658,7.205201179611994,-13.701296810432028,6.0253667279648,1.124816239843766,54.52,43.040000000000006,1.79,Small
MGTX,0.5975178269030889,12.800000190734863,54.68770176405593,20.097580619531016,2.05852297737224,1.1526864514617088,2.4218782419774554,1.0156258788563208,0,2.040556935698192,5.6977750087728944,0.3246724427603997,5.89564593504684,-6.364300516751011,13.295343341877652,1.4210859850703788,11.82,42.98702702702703,1.19,Small
IFRX,0.6306740566059037,2.3299999237060547,119.43620780873381,24.565620977743418,1.1265505711845978,0.26580103697899526,6.866956695325797,3.0042890774611855,0,39.43541371908832,-6.800003049037811,23.502308364363365,8.663397627707285,-20.990165569700842,3.0120453790085744,1.019353699769656,5.02,42.87567567567567,0.34,Small
TECX,0.6314323592129024,32.7400016784668,48.63604191951831,8.01003426940178,1.0645899417502391,-0.16437955800915652,1.3439175447108598,3.1154621649027248,0,10.783986824822914,55.53445541351627,-4.119573999830345,5.718213514011289,-9.131271751885887,0.03477131015960713,0.9765326473042053,6.56,42.81837837837838,0.62,Small
KNSA,0.5936448866199595,62.8849983215332,44.40159407227227,15.276915255711145,2.627637012504097,-0.10064330225917621,0.7195665130300181,0.45320800670195316,0,1.5573400993568531,6.22465795783975,-3.79369706611439,3.9602337980219593,-2.9702195796111264,-2.708435116929548,1.2022252091985974,52.58,42.710270270270264,4.84,Mid
CGON,0.5954004288778754,70.88999938964844,68.85230034491474,13.430350749009639,1.852031805581034,-0.2466691584801365,0.8604889485046767,0.8181715842011973,0,9.320287519225493,30.793354965805165,-2.0529433003570166,5.542590357735476,-7.935065727626249,5.085229763365606,1.3520203839731966,74.37,42.45621621621621,6.25,Mid
LPTH,0.6435067503389232,15.890000343322754,45.426611084384774,7.535615707718316,1.0872123070870119,-0.31529310796662474,4.782889654421491,3.524231639282365,0,13.66142956655414,21.020565153202607,12.50000148192525,8.473433843327733,-16.103485240612137,2.167835073148277,0.8197038345300738,63.4,41.851891891891896,1.0,Small
AGX,0.6063491200079597,764.5599975585938,129.880403045528,8.229388708780542,1.1909593429949186,-0.46760103107470236,-0.11248108118492928,1.7735687979852508,0,3.8202365245081498,61.48183164358001,7.420758947666678,6.107808811174645,-5.1120077494700755,-8.209502585903367,1.0370675316275662,256.08,41.800000000000004,10.72,Large
KALU,0.6115015726952013,184.74000549316406,49.38850916613031,0.8097988443248294,1.7828726425856083,-0.017523516234106293,0.0054100392652923395,0.9743439418781844,0,11.993385437981827,-1.298281081124381,5.295787551192215,4.729039805818175,-5.725658724348207,-15.624644499186335,0.9723659492251079,53.64,41.70594594594594,3.02,Mid
DSGN,0.630400619240446,14.65999984741211,40.749474877921934,20.842434141789468,1.4475084888226681,0.7838740433435016,0.1364287719678129,5.62755673803432,0,6.69111563445644,37.00934680716455,-3.7364809395559924,6.1942118640952195,-15.014493637320264,2.659570150661067,1.0122092057388483,15.09,41.66918918918919,0.92,Small
SYRE,0.6218153605754002,88.88999938964844,164.00851058256055,5.72388478281271,1.6799195823300812,0.44233669006113174,0.1406232431734615,0.4837442998351723,0,5.695257463746209,40.49312272185401,-10.526313466897772,6.741077674208679,-12.904172529746763,2.030246458837539,1.1421915692811637,121.38,41.6681081081081,7.72,Mid
OSW,0.5721789017311921,28.1299991607666,23.606669852711605,7.415606168934991,1.7091118591539227,-0.07205704514170315,2.3462490831111014,0.6398805659112728,0,2.35585394866832,27.573144991223963,-0.5033512211060365,4.373316812728997,-3.8224837985242908,4.180061294756838,1.4654615133641953,23.49,41.54486486486486,2.86,Mid
OVID,0.6234872239432152,2.680000066757202,53.42908728506186,11.019057787930771,2.3774431752692977,-0.2923885892050235,1.492535852303239,1.865678711594462,0,20.582766754544192,16.52174444147314,-0.8333325051438557,6.769721908754188,-13.687599019926115,6.9204166212700935,1.1118466540679959,6.9,41.535135135135135,0.5,Small
PHVS,0.5811263642300393,33.95000076293945,22.90072450069307,4.506559436185102,1.6028505863118263,0.585858269335853,0.0,2.1502195163768865,0,7.28378464887011,-1.8218653404790779,-9.040720774769243,4.826426623308549,-5.444918765545931,0.8974809631873449,1.050566500454947,13.33,41.449729729729725,2.37,Mid
NVEC,0.6300267515683374,105.97000122070312,76.02932077286457,0.8623334841377827,1.510388451859154,1.823322578758926,4.29366365000232,1.9439440736477533,0,18.57604561227974,0.7606761107526874,6.4490305266151795,7.725232674983211,-12.56600339182953,0.5051062400708741,0.989605693184654,20.4,41.41945945945945,0.51,Small
FLXS,0.6175436478622811,76.19999694824219,83.58990669772427,18.351235473100875,1.2539070947285313,0.41851849044452366,0.870081418247025,2.2307068924381097,1,0.0,33.4877284788691,2.0611533388665526,4.854562485698827,-0.8625763021240413,-17.859457443458062,1.32607191045926,4.36,41.403243243243246,0.31,Small
FORM,0.6320861242400039,147.1300048828125,147.2396165498341,6.871895445244325,1.7574763292500393,-0.25085021993834306,2.310887679204796,0.36702815673004013,0,9.081864802918416,12.53633065693886,3.5888400941804024,9.207114582951831,-8.198664153791558,0.06943421812297183,1.026899623089421,305.7,41.376216216216214,11.47,Large
VSAT,0.6220913419047048,83.0199966430664,130.46258587975444,21.878526900214844,1.9102814867282667,4.606197780984765,5.143215651096606,0.9877134762361203,0,5.36286930341275,-7.560406524921476,11.940506694180007,8.648510941389,-10.759877197909699,8.458180132153702,1.2474834855864356,220.69,41.31567567567567,11.34,Large
KGS,0.6010098123162226,72.4000015258789,90.90665297215605,3.7197291625902906,1.4869577434502255,-0.40203769081796553,0.5455754623427204,0.17956475147895537,0,21.467297089002084,-1.8106279171283781,0.16371574096287989,4.002071979722912,-6.797114776629448,-4.273096753580504,1.2438181331734943,143.66,41.28000000000001,7.31,Mid
ESE,0.598534557272567,339.8999938964844,61.27518352327921,4.232787719361037,1.489936415371507,0.3017420811701818,1.7652250978885369,0.0,0,7.254261666778733,0.005881197300414367,-4.441465639162483,4.012944234996207,-6.143863143705705,-1.8784748666884332,1.2629105162485115,104.29,41.26378378378378,8.81,Mid
GFS,0.633480336768405,77.2300033569336,106.74069538189588,-5.108898619681854,0.6173067931145735,-0.46552326174742537,3.6773225617099254,0.43376805633434284,0,24.714786135832373,-4.646404264619438,11.040182126523849,6.650772787885248,-16.432957723623442,-2.705921399252973,0.9219015628000476,387.08,41.25621621621622,42.38,Large
AGL,0.6183758846305484,111.73999786376953,496.6416582139086,4.357244327174279,1.012057726798433,-0.24233027586348418,3.087528766388557,0.769644376933277,0,6.386719138332753,84.20705266074039,-17.763692982053875,10.001981040245111,-11.112879900034564,10.530034001656578,1.3082081304812054,48.76,41.1945945945946,1.86,Small
CGEM,0.6220913419047048,17.280000686645508,61.41904065311679,12.040464531305654,1.0995937328824257,-0.40727176185103997,2.401614535093267,0.05787169261506854,0,9.346560375404152,14.970066490346015,14.080833284130733,7.139136189023287,-11.06536070329809,8.746559350121453,1.1876896328358264,20.07,41.18162162162162,1.06,Small
MTRN,0.5792404877259897,283.54998779296875,115.01096795617222,10.111154912040252,1.7280145881250772,0.607501290301051,-0.18868054492674355,1.1461823804984588,0,7.016634089911842,-1.2089754558961208,-0.5521757706327896,5.111973232538066,-5.125977038330825,-0.3315839724831771,1.3744829092673458,100.54,41.17621621621622,5.9,Mid
BIOA,0.598534557272567,24.260000228881836,66.2938555301868,21.955510734143196,2.401698461516686,-0.015810851595788655,1.3396490210684688,2.473208473966486,0,2.1587577578428605,2.1043770840169165,4.474006552521083,6.9087846297577675,-5.968988580072828,3.9361691548371796,1.255528108075442,12.62,41.10486486486487,1.08,Small
NWPX,0.5972876138035118,144.3000030517578,119.47222827222241,7.380854350876956,1.6649911814334086,1.2153064858114104,1.8087321934409908,0.0,0,7.626641139512762,-2.506581712548953,-2.956900166557636,4.571825260659645,-5.084520022071376,-2.4835657787448144,1.3147003121049825,26.08,41.089729729729726,1.39,Small
GTES,0.5574464801126923,27.149999618530273,15.374969999876708,-0.21317432012127152,1.2698482924285464,-0.9763195219683279,0.976056697466069,0.036833256066207465,0,19.841698792339837,5.8067021820749085,0.4149400580825751,3.8555645599986503,-6.924924416904781,0.8925088790912752,1.0677559409081583,56.15,41.03675675675675,6.9,Mid
WSC,0.6431462201745974,27.360000610351562,33.633134900145876,-1.7770576498481652,0.8775414226292318,0.04342029562750948,1.3706140044617319,0.255846832090991,0,15.15715707229136,-2.365854226203228,-8.087944119088013,4.023078898024173,-13.09574822379542,-6.9483610396804245,0.925745257945876,72.37,41.02810810810811,4.95,Mid
SMTC,0.6306740566059037,147.02999877929688,85.07822103586267,-8.180567448859568,1.6810442361230316,0.7056777356194092,1.0440071242897115,3.822345891184638,0,38.15892449096192,-1.8163614161502246,5.467202990664118,9.096783786273706,-17.096141122403242,4.362196758370308,1.0712353765662765,564.77,40.9145945945946,13.7,Large
TNGX,0.6314186636248796,28.729999542236328,219.34769037923357,-1.1457883531128288,1.5342743608815865,0.18356241895907638,1.2182401219429337,0.10441621919182163,0,19.42507559815152,-7.112837831107877,-46.79069518825338,7.284819042962984,-16.458272601630856,0.2273568295861508,1.0520273424003843,130.7,40.88972972972974,4.68,Mid
PHIN,0.596077127278598,78.13999938964844,18.778059584545925,-4.210780677475946,1.7384616075507429,-0.6072141229457868,0.0,0.14716901032289212,0,24.84132591995946,-7.8755014491053394,-4.222900499985123,3.906906154541032,-10.116752074348838,2.2095707545880052,1.1111920532680468,30.62,40.79135135135135,2.89,Mid
EVC,0.6149904588958199,13.380000114440918,350.04630032586414,30.084468111130562,0.853597982334039,0.1735337251979075,2.1674137470175263,1.7937202469916063,0,1.6968730352705508,74.94089954394478,-1.8868006853686048,6.201447712370032,-2.12143350558367,-8.146068340254729,1.2302744188369674,43.94,40.69081081081081,1.23,Small
GHM,0.5970356047282114,119.44000244140625,66.65190088179394,8.302203787310606,1.303380450330565,0.22391560913339686,0.36001364399094565,0.6446787145975086,0,6.95932645559113,25.277959963257167,5.494300063580434,5.570639150670501,-5.070733801336761,-3.048120001222603,1.09009184308465,30.51,40.64756756756756,1.39,Small
ELA,0.6228567285866108,26.920000076293945,101.1531538034532,2.2718640261442618,1.6444768764259508,-0.021898263137946072,0.40862039389198984,1.7830592156691356,0,9.34432665881429,76.75640764709786,-0.9334474645817276,6.713009347435444,-9.299192049898794,1.0596794802740392,1.1312811642846285,3.22,40.62378378378378,0.7,Small
RELY,0.6050100418829423,22.950000762939453,54.35003741019047,12.687815268609171,0.9118777179956205,0.0300027056951772,4.6405167375086975,0.30500955335133084,0,15.059532886970581,-3.368417840113106,8.520174939656028,4.217241481251767,-7.905294170321743,-3.0038801237286283,1.1094710410202997,116.56,40.52108108108107,4.83,Mid
EWTX,0.6281712672523154,39.150001525878906,50.02189854657466,5.542679326731021,0.9943891327654366,0.04048059168579091,1.9412569772409336,0.9706284886204668,0,8.617651959837605,15.316644023356604,8.563754702344555,6.678160080197586,-10.880944106492283,9.802772185145463,1.1881375033182207,61.17,40.502702702702706,4.21,Mid
AMLX,0.5948625124270626,17.950000762939453,38.256695570773644,15.806455109020037,2.0387994845935005,0.5320331221088588,0.5570945396391574,2.5738154513988016,0,4.4139166236722405,8.45922411077385,-1.956359891712298,5.908873216196478,-6.266312686330251,3.927151656249638,1.1976105193790534,24.79,40.50054054054054,2.0,Mid
DCTH,0.5703971537679532,12.90999984741211,17.946822249308923,9.50189739026757,1.2401557483153702,-0.4152958360101231,1.6266463254281296,1.2765274375030444,0,3.672644182040234,-0.23183720202241612,-11.016143178710577,4.591012696394966,-4.723249699384779,0.3676467043071012,1.035262057941497,6.53,40.494054054054054,0.45,Small
COKE,0.5639158631610516,193.83999633789062,16.742818628804113,5.427755497767168,1.039759367814509,0.30868120948784983,2.9792660257674504,0.5261621641508124,0,27.782131096315172,9.137996549560148,-5.765712193047411,3.5377117614151854,-11.635853153117285,-4.366829660974295,0.9110715015724253,112.03,40.41621621621621,12.9,Large
ATEX,0.6078744602000391,108.20500183105469,389.18626227917235,35.97906642832688,1.5822735122395797,0.482143870583424,0.3650447173222932,2.76882043023827,1,0.0,214.1841061079412,3.5127031696358295,7.233096197785861,-0.3637169876727899,-10.82159806424373,1.5476870331002173,49.54,40.32,2.11,Mid
POWI,0.6689882432965809,80.2699966430664,116.15049843542138,-0.7112413308445074,0.8670819551516672,-1.126155538376899,2.2922686485762673,0.4796244212430728,0,17.58479821260692,-4.306457662727246,11.260248345305362,6.50616676942794,-11.96534725320726,-14.216393629765308,0.9147934844401179,107.32,40.251891891891894,4.47,Mid
IMMX,0.6220913419047048,9.829999923706055,69.40773348382751,9.137336859113846,1.9041916656301798,0.6834826151487846,1.3733492361738022,2.3397715564398216,0,22.180481105745802,12.72935346971229,4.243867924773847,7.745966412202907,-15.331608832513153,5.550053628270455,1.1347786570507585,15.03,40.20648648648649,0.7,Small
ALMS,0.6305610992272155,26.639999389648438,145.93306694533388,15.14273825111161,1.9656014835389826,-0.16311901477279703,2.0645617479015996,1.7642617271210532,0,16.3054124281264,46.534647645736165,0.14970401833048677,6.583281258323172,-12.941179550082339,-0.16188149335408444,1.095312726174676,33.97,40.13513513513514,3.4,Mid
BHE,0.6107240060587861,95.01000213623047,106.60691246793543,4.947118792554566,1.511262028520457,-0.35144617734674954,0.7051869843951598,1.2788169034353138,0,2.3784732186047273,3.4003635450221883,1.611066968404554,5.042579503712433,-5.377951726798777,-5.370447717654904,1.1539955261307602,49.28,40.090810810810815,3.41,Mid
QTTB,0.617115753982882,12.600000381469727,284.75484452155786,-0.055521062678219886,0.5236768363827774,-0.1568597918018723,1.269840020280601,1.3492069137590263,0,46.8819075195082,-1.9455252339218285,5.933544142163429,10.663265221166043,-16.111850881349046,17.744365234225445,1.2722452027421556,10.7,40.03351351351351,0.21,Micro
INTT,0.655146121649611,17.709999084472656,120.40897792109197,3.4130347718230256,1.2716002900082486,-0.4715996532249517,0.8351193411797945,3.57876133242188,0,28.100630805145784,6.558352527880803,9.080328241064803,7.652577897894609,-11.450004577064218,-6.754340101414264,0.8674870522555121,6.89,39.99351351351351,0.22,Micro
ILPT,0.6103178644059599,9.0,57.43057725765508,2.774923836286077,1.463028100134933,0.30747562128629263,2.3333337569293255,1.2211163837347632,0,7.200805570503727,0.33444517363190623,1.1248636400063565,4.545160323854477,-3.948771505214564,-20.50873441718564,1.1159446638723667,5.21,39.86594594594595,0.6,Small
KLIC,0.5941836591546942,133.80999755859375,181.48924430903713,14.21198488138783,1.7367120890755263,1.4324834575720604,1.487187451952379,1.0462607812659142,0,0.0,6.859923537839582,5.278696084179331,6.690150312221106,-1.4653942919212988,-3.6442122049218497,1.4327136175400683,140.06,39.83135135135135,7.0,Mid
ETN,0.5581337224862254,412.30999755859375,20.02602941760947,1.0293813487485264,1.0486443761941453,-0.4294002287687743,0.8391797417321057,1.835998973836333,0,13.141359371250626,0.6302492999180132,3.8072875059501494,4.171099085586064,-5.593715533724091,-2.2572748523439956,1.0124638983692618,1122.58,39.73837837837838,160.1,Mega
DFTX,0.6194210028294057,43.400001525878906,213.44169881624504,38.139575827704775,2.1690518915652617,0.3441194618650756,0.852532071123579,0.173278661863539,0,10.570227316716489,18.352887081542036,-0.3937014443612891,8.75348995188936,-11.788616152444426,9.490943631926154,1.9889802906338359,130.46,39.56648648648648,5.76,Mid
LSCC,0.5984080634485098,146.3000030517578,87.2226601447745,0.8565591986205663,1.0941706153241972,-0.5871159111684263,2.0505809551611276,2.24880962151139,0,9.840901362689863,38.319001318570145,9.111336629480613,6.623864629378236,-6.82121637456883,-0.3366166117242328,1.1351527778707027,344.42,39.55783783783784,20.04,Large
JBLU,0.584997522423159,5.920000076293945,21.689160810286268,11.550782559519455,1.1866548030673507,0.1607249421229092,1.1824272619978728,1.182435316679494,0,5.914451948472647,24.631580548371147,0.20283473409408284,6.129341732295062,-8.923075747951136,14.086955524150808,1.1046903916390707,159.24,39.46054054054054,2.2,Mid
STK,0.6140442590458678,53.33000183105469,37.40853266323854,1.010487453323268,0.9711865757447977,-0.5226179241404689,-0.1875160048433595,1.0875713690789148,0,14.589955952160338,7.347023960112919,13.869625446488499,3.8935467435539675,-8.775226366181686,-4.196714837908185,1.0912707633741905,3.75,39.36648648648649,0.94,Small
EZPW,0.5981331419136694,35.529998779296875,69.63731644474854,10.839009342105992,1.5388116696933993,1.3032933389213461,1.6605690201010497,3.29299753393575,1,0.0,54.88229272705916,-3.2517715589686156,4.654014799142401,-4.309189988548756,-4.26571609346192,1.218306887495726,32.3,39.36648648648649,2.19,Mid
PBF,0.6261720148956201,48.040000915527344,74.67848406530757,14.968112739399109,1.2680760913722438,-0.7162064705605656,0.020812492386450755,0.2706021043668328,1,6.044402942720614,11.542795455682528,6.509144493200496,5.096942745034229,-7.311312393772207,-8.0000024414296,1.067426413125779,140.17,39.35027027027027,5.68,Mid
MCS,0.5692020858493942,23.200000762939453,41.11953967218811,3.3960275089875305,2.469677399480874,0.4584057772130482,0.6892269828358891,1.6810400179092344,0,19.24797084644691,-6.78987010077607,-3.3082697851575498,4.122506673194873,-6.78987010077607,0.5192108098849042,1.3905958291214882,4.94,39.32216216216216,0.71,Small
ROG,0.6243708781273802,157.0800018310547,58.413981349450864,1.8099354525033422,1.1363370049940595,0.3228867932014312,0.9799410261541139,0.0509306277830472,0,14.97549019607843,-2.519546713383795,8.708343812851902,4.935155767497056,-7.053253354363775,-6.22945276508099,1.0527480356018433,50.73,39.23567567567569,2.8,Mid
EQ,0.6347949504908573,3.0399999618530273,97.80755293641674,4.038329351155181,1.6653368792163117,0.02193889655431647,3.947364704783175,3.2894705873193124,0,22.794279366687917,-1.2987000919113598,3.2258034181935424,8.411654061628605,-14.124293933523942,-1.4925358963773365,0.9645231531969919,2.24,39.13189189189189,0.19,Micro
AEIS,0.6396575059212602,356.3500061035156,55.12513765158167,3.000708548596814,1.8147811910691318,-0.13570043994829648,2.3965140679242807,1.010244434360908,0,18.85801976962345,39.63336319456821,0.20493919987159756,6.484796528093208,-10.310961425910769,-1.4360025181410516,0.9977009079961978,363.44,39.03891891891892,14.26,Large
RSI,0.6105147920017445,31.260000228881836,49.28332063951481,7.819129430896623,1.1352827653232735,-0.17167012398600492,1.3435702917636636,-0.06397488889306595,0,2.9022932972294657,7.4596083356372995,-8.49390413450976,4.557855417727348,-1.852433737842676,-5.703097137109469,1.2862122288707518,83.48,38.976216216216216,3.22,Mid
NAT,0.6103364318875045,5.559999942779541,62.85611552521924,-0.540352523749589,1.4276012184534983,-0.36768713635966344,0.80935389836273,0.4496420075579576,0,24.57739260572809,10.748597684955714,-1.5267251654350054,5.81963095229417,-17.014923862221465,6.765674114918772,1.4498047235745615,23.89,38.87351351351351,1.18,Small
NPO,0.6033170407849336,360.7799987792969,55.0907871871769,2.5643933110725157,2.0646898052222715,-0.026162573062264726,1.164147741346637,0.013855477891719524,0,14.265208893232348,-4.8726495044124665,-4.289599716181063,4.206757396080321,-7.591827680178046,-3.4370772537799827,1.1623431547690852,95.43,38.84324324324325,7.62,Mid
VIR,0.6220913419047048,9.5600004196167,50.87106571084809,3.7382724404176235,1.4981173783944204,-0.20333527252025066,1.516731147591328,0.5230145244244441,0,21.9076916400118,0.7376253970437244,2.6315737784119766,5.254033417276716,-18.010286921928166,4.057707872254182,1.2261305276641208,18.36,38.777297297297295,1.61,Small
DXPE,0.6409501421428359,165.89999389648438,35.040255603681956,0.6402967203582453,1.4410917071282072,0.14097194028642945,1.36226316453783,0.9644309244009105,0,19.212929633667237,29.024725100078435,-6.1957867909018445,4.3240339115398045,-9.79283856609353,-7.144221881059296,0.9999717649619282,31.74,38.71243243243243,2.57,Mid
CCCC,0.6220913419047048,4.340000152587891,104.79795244601988,6.98878735733053,2.402303319968531,0.9234791999599101,3.2258032610864635,4.953920391227391,0,6.774372401047282,1.877932380024161,17.51152539138833,8.688282315840096,-16.05415689162792,5.3511734202959556,1.2026364489755195,13.67,38.66054054054054,0.48,Small
MEC,0.6259185683441012,35.209999084472656,69.28331484503796,1.1505455519778096,1.4514212670961322,0.8969801141032787,0.7526253806628868,0.7100255793620508,0,13.517219130575048,47.0146052708563,-7.454375845480568,5.347709811837464,-9.158925156600814,-2.974500243906526,1.0857020114568798,18.6,38.53081081081081,0.9,Small
MKSI,0.6186806792952461,411.04998779296875,143.91151358657737,11.116514613321025,1.5364593625341019,0.22602165469942778,1.0594845190728954,1.063129849642005,0,3.5186534267828926,76.28862923187944,3.0654448206014586,6.575842783563816,-8.169877959665984,0.5608551330602124,1.3004503170397463,551.24,38.490810810810814,27.76,Large
BSTZ,0.5648862342416585,30.3799991607666,30.92713913699876,1.1806621975853149,2.2486039435324336,1.2060501387904545,1.217909313503361,0.32915891007311937,0,5.378394530750709,38.5120493760044,7.382760214823161,4.07455579399507,-4.705144414805809,-3.068443157458714,1.1757687477422238,7.67,38.4854054054054,2.09,Mid
BOLD,0.6136600922409996,2.4800000190734863,97.67149851188985,37.472286503596195,0.327033438999191,-0.06700063717656098,1.612901674567006,0.6048429347887798,0,77.5229439306307,-4.615380381326845,2.0979001726702053,7.839861699096582,-11.111109208135545,8.124999575826724,1.8610306797377902,3.72,38.48324324324325,0.06,Micro
SRRK,0.5770676528573649,52.84000015258789,7.933366368728767,9.34185892687042,2.0191612977725195,-0.12631572899904686,0.43527543824337206,0.0,0,8.059219311369777,-3.5062056752387667,-2.0143274836873846,4.189872234559782,-6.544040861269066,3.158992354817599,1.074524283333176,78.57,38.34810810810811,6.33,Mid
HLIO,0.6197509695667324,84.37000274658203,46.337364040800686,-2.5823663577322566,1.3335848429223607,-0.11595120260002457,-1.1971104697628026,0.11853277261922464,0,13.324886331612126,8.76627959059264,-0.40727877840737187,4.109451107718058,-11.236191438360935,-0.17376592936957116,1.2256068981526649,31.48,38.207567567567565,2.79,Mid
TRVI,0.6077525510215988,17.610000610351562,28.368341038567337,11.399296420133053,2.1766751713740984,1.3432763387555224,1.7603603360612854,0.5678613174224731,0,9.942389344363352,15.627059353210534,-0.6666677968979551,5.689137090566053,-8.56697611026143,7.337657069377697,1.277402757228326,31.39,38.10378378378378,2.5,Mid
ORKA,0.6192963874167472,93.29000091552734,192.91423027126308,24.234275725183956,1.2213452745836215,0.19540587159882705,2.133130929594601,0.39179054584384854,0,1.2446241171357553,36.989725411827855,-21.184140611444708,6.053742770998917,-4.591938964796026,-10.919117675409744,1.1884246999849994,174.33,37.99675675675676,5.63,Mid
GEV,0.6192963874167472,1134.3499755859375,62.29654909382809,11.741344825461395,1.0206697385316241,-0.6871339614423909,1.3479012052057533,1.5656552340855459,0,2.904418637792343,59.588500299812395,5.106889871875509,4.989760918151788,-3.9782052955710494,-13.13396926169441,1.1580656886487406,3291.79,37.841081081081086,304.82,Mega
CMI,0.5858686164660217,682.3200073242188,24.450375833019898,-0.6277026193635636,1.4741744519361681,-0.6358373886721058,0.20298536621466143,0.15241792944348742,0,18.272018681615133,-0.5175890209859705,0.5113952649587149,4.054340180824431,-7.514639138402682,-3.796678855737206,1.0494974544853284,705.04,37.84,94.15,Large
MYRG,0.5948986067003731,463.1099853515625,99.17222409768958,1.4475266294671816,1.489875002461254,1.95647150227174,0.07125447144362661,2.401156414004315,0,14.2951793805244,-3.104932833228911,5.9669994587742945,5.449492854482499,-8.034636968862625,-4.284331860396062,1.130848782680331,145.35,37.714594594594594,7.21,Mid
IMOS,0.6204175521790352,64.80999755859375,112.0796102956042,6.526937427282291,0.8938077379065782,0.510917764741295,2.47647495350971,0.0,0,10.577084100880864,-6.548242180443954,9.332921642823603,6.869172831003552,-9.944856960356391,0.3219264365093575,1.1865685966553872,7.07,37.68108108108108,2.25,Mid
TPL,0.6219457512854152,415.0199890136719,32.291233334208805,7.770386841691759,1.2231677312207123,-0.3727362831163871,2.407110620886704,0.04578151569454478,0,49.86763349791242,9.970256530323693,-3.0445978653579355,4.2970383355327515,-23.952708238821664,-0.47835616372768774,1.0770152218994227,178.09,37.56972972972973,28.63,Large
VCEL,0.5520689608052507,45.150001525878906,11.116573883239056,13.54063559563273,1.4677810280178771,-0.010707173678069169,1.3953427067835555,0.7087479158416309,0,3.1217178668305783,-2.3361410924249744,-7.48910873481906,3.8902053278687827,-3.1531476612045877,-3.099683756089421,1.050798797561388,30.88,37.45081081081081,2.31,Mid
VSXY,0.6124008744694972,77.70999908447266,29.64890651835006,-2.097638478158729,1.1522467530584706,-0.35260093841642937,0.012871105839890016,0.06433589364515582,0,15.438473992615128,47.42933112076305,6.370220621509312,5.4681316005704685,-12.261488819744882,5.059629977032107,1.2156030267952405,188.57,37.23459459459459,6.18,Mid
MRVI,0.59645174637297,6.150000095367432,75.6895302478612,13.73093192858333,1.5035405584179922,0.10004837612416333,3.5772400582360038,0.5691109544850401,0,5.269118638709303,26.804128165551145,-5.590061804047449,5.29500463517832,-6.106871506235572,-1.9390629827186798,1.2892719484681836,17.88,37.16108108108108,0.91,Small
LGND,0.5856766382367032,312.010009765625,50.878790051721225,16.391677489493233,2.283089686201619,0.7479813984620417,1.0704773030803887,2.147370916735228,0,4.331852123322187,11.655456283833795,-4.519678862643546,4.5016856648331744,-2.7975889410648525,-4.318748192040661,1.5744089758335897,104.9,37.0518918918919,6.25,Mid
CAT,0.5943278302452791,991.4099731445312,63.07608835911409,3.1015400239579924,1.846929964717968,0.7449567803370245,0.740356262205469,0.6415091156873912,0,9.402848629272468,-0.6075368418676235,-0.5374764688840648,4.441797652049583,-7.64350704997273,-3.806356799092793,1.2131971737156633,3105.43,37.05081081081081,456.64,Mega
LXFR,0.5777101498678304,17.940000534057617,22.01487914827489,-0.6479460880271743,1.4456911273829185,-0.10957988070296505,2.062424307968825,1.1148314212623338,0,10.732558728579784,57.47387231888048,0.2277847915315212,3.92976610344497,-7.763497015801642,-2.408705690358641,1.095846182904654,2.8,37.030270270270265,0.48,Small
NBIS,0.6185426027880802,229.17999267578125,157.3693087575262,-8.662117339261943,0.9557532073076584,1.8631619554477,2.7122801363971365,0.4406992491095678,0,15.247584333159251,97.00850087464778,15.52689904821307,12.669610007078399,-23.570998508746925,8.921837535452076,1.3255900368116957,4061.67,37.005405405405405,58.19,Large
ICHR,0.6078744602000391,111.7699966430664,479.2679786946265,27.67804389543048,1.5704387720104145,2.2380871531305755,1.6194016662202073,4.366017909823499,0,0.9804093571915027,146.89638946630325,4.469644577023516,7.895736103585335,-1.5935949628391881,-9.649397004265433,1.3496851192651727,133.52,36.94162162162162,3.9,Mid
GLUE,0.5916439409925337,24.020000457763672,40.01227771885125,24.557605996688466,2.323883068936572,-0.03012305298901637,4.204830181480443,0.29142253741581187,0,9.692855198701698,3.178693081013848,6.36978114589727,6.075591580377501,-6.790841943523803,2.624929653747736,1.3355575248055704,27.22,36.865945945945946,2.03,Mid
STM,0.6285904069023862,70.72000122070312,163.87794177655877,-5.599472944746727,0.8490837493191291,0.922807865146315,0.749292403865724,1.3150456576779233,0,19.322216839884103,42.42555660610163,7.785185436275037,6.156823059385432,-13.043794484962826,-13.720203799878227,1.0456098844475026,913.58,36.73513513513514,62.86,Large
ACLS,0.6291687978997056,178.3300018310547,108.95888698445798,3.3249040285440774,1.2712250738624344,-0.32601633068733715,2.2458390857777717,2.9327626724663527,0,4.70218880882161,117.44908814128341,-3.646560391358538,7.486921557581909,-7.972957501026215,-4.915281812970235,1.055243199728139,124.06,36.63351351351351,5.48,Mid
IPSC,0.619398477673912,2.390000104904175,130.0048489583787,5.682074014569589,4.140212353089423,0.19781492950400392,3.347276994190318,4.184106218410221,0,21.086087970877706,35.0282559496321,-1.8433161487675376,7.9049607436630005,-21.381574503008558,3.8461503176080045,1.3009710358628688,3.07,36.62594594594595,0.43,Small
RAPP,0.6006367403124492,39.38999938964844,21.219712483327946,3.6060904597535255,1.8816825806275954,-0.22942025006340216,1.5105291069060476,0.33003572004648946,0,18.027907954388027,-0.8058416071363903,-2.693405689352267,6.584882431839177,-9.986286790222604,4.684970092400296,1.0918055125979713,13.89,36.57081081081081,1.88,Small
ALNT,0.6010098123162226,98.62999725341797,69.07620086778374,5.0210529840114235,1.5435356451241957,0.1591222441396032,1.4497629147838438,0.35486006677893944,0,4.556669600201157,1.024275354012414,-1.7560290706348538,5.961674538160052,-5.752512359892059,-1.007624859001744,1.265376230077473,25.95,36.54486486486486,1.68,Small
GNRC,0.6081327932255192,270.2200012207031,86.13771654254174,-1.1743367796451174,1.125349545931508,-0.15984721158491874,0.0,0.3811704443194818,0,13.031375659751559,25.689564312810948,8.289408057800065,5.9174006259206,-8.844960533218613,-1.3992491124785658,1.1988729720168267,247.48,36.403243243243246,15.91,Large
ATRO,0.6007080709954564,76.05999755859375,64.34636941383263,-0.732294955834531,1.3495841367466956,0.6558408171059583,1.1043864907206704,0.49947157964527755,0,10.11603905214766,18.995103568146515,1.191442091796565,7.331206124746638,-14.269616194518742,5.509074358990414,1.3474923593333805,59.2,36.37297297297298,3.75,Mid
TPR,0.5973347983381004,143.99000549316406,2.089961323974321,-0.9626658524500342,1.2956994539443047,-0.11724329480393911,1.3438415756378146,0.36113914342618275,0,44.906131103284366,1.1162345036406498,-5.32697782096872,3.8318652062487324,-10.607923697632684,4.648129298124983,1.111056258663062,387.21,36.3027027027027,29.09,Large
ESI,0.5912980391574516,45.7400016784668,71.05627651462186,3.1469551199722057,1.307619822495696,-0.08160644160512613,0.4153966646913007,0.19676464644358052,0,8.930278457843478,7.674823562319887,3.212198587422389,5.151789095692198,-7.126900145100374,-3.8857327642816473,1.1961669756944129,154.69,36.259459459459464,11.14,Large
MRX,0.5985025485906971,65.22000122070312,58.2341223275241,6.075516083744152,1.4473732280421723,0.12930892212669992,2.3382420995285638,0.0,0,1.7637619442835268,51.93064503767795,-18.60784642800141,5.10064804564575,-3.1625795124624747,-4.320506780223185,1.386501494249919,64.27,36.248648648648654,4.69,Mid
VBNK,0.5995758892813291,23.719999313354492,48.992821782566786,19.347410612550963,2.7806731079297258,2.386737370243903,2.9510994231599232,0.9274844844593082,0,0.0,2.197329810327522,-8.521787908033192,5.3128770377997245,-5.309381094452391,-3.8505113873878267,1.1433221595202825,2.14,35.93405405405405,0.76,Small
ACRS,0.6002426665417983,5.340000152587891,68.41348197317375,15.247654971073713,2.1970679809376836,0.1335369928058236,1.8726573362620496,1.8707910635429845,0,0.0,20.541768833095556,7.127427980088259,5.550960955686752,-6.151140616016627,-3.76470229116382,1.1984953382477685,8.56,35.72324324324324,0.75,Small
STTK,0.6220913419047048,6.510000228881836,77.00484500744224,25.809261629557845,3.529983563348978,0.8855165287630982,2.3041415243236654,2.611368207233243,0,18.336726856703976,1.0869591774618685,12.320326870818485,8.94886866019541,-21.848736029711812,2.0304609378843255,1.1325263123835099,7.26,35.68,0.62,Small
VICR,0.6367617771970483,350.2099914550781,203.6923308385667,9.064520024098547,1.5072524860959347,-0.35064197550465737,1.590476417037724,0.9165904838213927,0,2.7225435316238054,7.120790169384246,14.858086621661892,8.422497976372819,-8.477721928331519,-19.48311385989764,1.033074221291792,330.22,35.64216216216216,15.96,Large
ASX,0.5940955902422296,42.9900016784668,159.3569012023466,9.874386273829911,1.3380380831898593,2.6884191549899814,0.2558748687002304,0.30239837877774833,0,2.348907569371351,26.3297185433862,10.646960440850082,6.255608259495542,-5.141213662832632,-5.362020689728567,1.3001272421042818,456.8,35.61837837837838,94.32,Large
AOSL,0.6457467481776552,43.52000045776367,107.41458057091211,-3.6357995812234907,0.6581330791600384,-0.16955374079900415,0.14338423072908776,1.6544145521904232,0,31.381192991346378,-9.408826751726068,23.049514226628627,10.079110263946019,-19.91166666220521,-6.115284544701741,0.9083194826658706,47.6,35.505945945945946,1.3,Small
FROG,0.5808767156238255,90.38999938964844,27.834997006000094,9.33370294683075,2.5164947283174603,-0.20931827014948035,0.0,1.6484100827681643,0,0.7649159917726379,3.2084922354560605,7.711528313586667,5.2449311425223675,-2.9317045493799467,-1.3608404591370884,1.255540982045116,277.45,35.47891891891892,10.95,Large
ALXO,0.6214380235717654,2.059999942779541,54.49689865616429,22.146454548128613,2.7806256410845727,0.13174529479855482,2.4271822175173376,3.155336882772539,0,22.784137613809026,0.9803912397401635,12.921349586578684,7.995839314603112,-22.556395618995257,9.14285523028402,1.2571747237913962,2.94,35.45621621621622,0.28,Micro
AYA,0.6210869458996461,19.09000015258789,27.36198241501757,1.9547119906831705,0.8926939050859208,-0.4234850352403412,4.714508178571816,1.1524422154694254,0,30.660374070227046,-3.292804589837776,22.382501242196547,7.68165779211216,-13.227272033090168,4.182720009074555,1.0865876311367928,8.35,35.40216216216216,2.74,Mid
PDEX,0.6139663020533488,62.7400016784668,50.08192737023851,-0.7537563964919167,1.4441751585085192,2.1181963588567267,0.9085108058114145,0.8320101368421916,0,28.475673176932847,0.6739441362203996,2.6217228464026707,6.6738004404734,-9.059278705231502,2.514071616779727,1.3321913575664934,3.23,35.322162162162165,0.2,Micro
PBYI,0.5578246327249419,7.989999771118164,22.20351779349268,7.190767725352838,1.684491710420981,-0.6067985745464394,1.126409951874522,1.627029303022078,0,5.70478646902027,40.175439264558634,-1.002867785960837,4.407293100496064,-4.994055693987265,-1.8995976319901613,1.1611839178675736,2.25,35.32,0.41,Small
INNV,0.5998088678342393,11.710000038146973,108.66282711214656,27.082317338937646,2.185295618182416,0.5753129420129367,3.415888734990374,1.5695964392646822,0,2.431019906233187,50.51413524229573,-6.509699177584544,5.639135433794125,-7.357597150647945,-1.7610106498616989,1.560026416092473,4.21,35.31351351351351,1.59,Small
LRCX,0.6233589840469742,391.260009765625,113.89943439700103,6.071683830944084,1.5217006382271645,1.9600393080617904,2.9673324801293934,2.622299624166751,0,4.6572555680310055,71.4554324874808,2.1679903980060478,7.800638243877159,-10.77308785274054,1.4021910010406047,1.4004051856109716,4413.8,35.04108108108108,489.29,Mega
DSP,0.6069284289854927,13.350000381469727,2.907604938787567,13.96133324942381,1.2382013117388118,-0.060282531660542225,2.022468137483349,0.0,0,2.7231034799750775,20.162023346639728,15.203426691584593,5.754415552779519,-12.055335222632003,5.96615449573335,0.9660984237179349,3.85,34.95675675675676,0.27,Micro
AMD,0.617622740481322,540.8800048828125,141.86518972795955,4.40278006402629,0.8916736567030578,-0.6983519206210971,1.212837875196166,0.39565423552627,0,2.7227422579529312,170.18332498368457,8.825779460997945,6.786427541483693,-7.499183734466648,-21.705761056895856,1.106830338068951,20460.32,34.94486486486487,881.96,Mega
SLN,0.5983375961161769,10.5,57.40737563462199,35.650151844512365,2.5489624367705757,1.3576674187244169,2.284767513965811,2.6666641232811883,0,4.1877718337345975,14.628822868596231,5.651486076740091,7.8060542645097595,-5.062435188337859,1.387133153146868,1.5195155994628553,3.97,34.8,0.5,Small
ACHV,0.6165902851424923,6.400000095367432,35.148982902364146,15.460942810336261,2.6542235710140507,1.3827160767655522,9.687505516572498,2.0312517575539504,0,1.5766352859648909,33.056136614806704,-11.332001410246791,7.879464104439002,-9.985935649992275,6.823528512583342,1.265539573964339,11.92,34.64324324324324,0.66,Small
ANRO,0.613284575191458,24.940000534057617,25.30748221549357,10.886336760239562,2.9298925869585677,-0.02994499879941706,1.8043257655839529,0.12029144347184956,0,25.734743907262907,-7.766273336870222,-13.041157954690394,7.597662218615689,-12.309691826724823,11.196485453247927,1.178488801239964,10.43,34.505945945945946,0.88,Small
SYNA,0.6472926247521338,126.68000030517578,59.84397263589454,-4.4602319320866775,2.6290069238380562,1.0253687318402884,1.0893568440816401,0.0,0,19.432819181987647,4.694215128205652,10.380710148016707,6.736320181002043,-15.042586153318153,-10.438244706327257,0.9768011335592722,146.32,34.33405405405406,4.95,Mid
RRX,0.5939259711058031,229.36000061035156,51.75793234219823,5.038930373068218,1.4957817409612972,1.4679294045179843,0.0,1.900942012003019,0,3.9135235850179777,15.08889462615677,0.3177899747797275,5.186539810170963,-7.441485962161303,-2.558180159819556,1.209765393329199,260.19,34.18702702702703,15.27,Large
SLS,0.6119122634253196,13.270000457763672,287.12426639430737,41.10266872485368,2.1491589991929105,0.3559784221357943,3.3330808405690173,3.9186167278559294,0,5.675386470459079,-14.110028338337266,7.803122463898084,9.60275569877108,-16.435765980501554,2.204402038089738,1.8516523805124763,125.86,34.09405405405405,2.61,Mid
PRLD,0.6324270818570437,4.909999847412109,58.01163274857532,14.41220704349212,2.3749437203959003,0.3103642483395264,0.8146631993474155,2.8105909512139986,0,6.774866434102539,12.100450205532434,-12.57143020270699,8.69653749341418,-13.708263652501504,-0.22172398081983538,1.0499860123176452,2.45,34.09297297297297,0.39,Small
AZZ,0.6026560938035348,149.89999389648438,28.169765053067188,0.3054632062536356,1.5704693563968366,0.42634537338790746,0.483649682615984,0.0,0,19.390675880823714,-4.302863584897619,-5.603569921636393,4.380063717262203,-7.583232603639874,-5.458539430117688,1.1214287608655082,40.4,34.07783783783784,4.5,Mid
SNX,0.6244795024973908,261.3500061035156,62.46899417349931,-5.481594210718075,1.496108060933388,-0.43504814639761596,1.6567769164443924,0.5816030211386848,0,21.49252945115348,55.274873094231545,2.337736402526951,4.2332406337627315,-11.84605355431035,-3.5983092354304884,1.4557617407443395,216.14,33.884324324324325,20.74,Large
AROC,0.6147240160203622,38.7599983215332,42.298390993056564,4.011802395769952,1.808795788109927,0.001027659999241414,0.0,0.15479246953132686,0,13.974319449506003,-7.604296503728318,-2.806194417234936,4.0210815319589805,-8.216910391273945,-4.2375250526989605,1.371979857212424,77.02,33.8118918918919,6.79,Mid
SANM,0.6456668774999036,246.38999938964844,51.248080008070865,-1.7419191171965491,1.7380218480907805,-0.26108665760723626,1.5706786504153802,2.3255796670765934,0,14.53266011197365,2.0290669530846444,12.932887855851275,6.093416721588476,-14.649436870910046,-7.192519454131638,1.0080569249999736,308.34,33.68108108108108,13.21,Large
NEOG,0.5969513334411689,9.3100004196167,19.952216448003668,1.7597584142699816,1.1132624085913854,-0.6086357536217855,2.738981194908585,0.0,0,61.42575791909002,-4.119460524383412,-6.171428134757863,4.43071989559308,-18.547680041737337,1.86916202510907,1.1810918901105565,22.81,33.608648648648646,2.03,Mid
VPG,0.6139216921034774,144.00999450683594,258.4710276825978,7.175811862124911,1.2989519469218163,0.987823249909008,5.0204925088964725,5.194080975492335,0,3.326063249727372,44.588350113085525,7.725862919923056,8.446835279619776,-5.1192544043356465,-10.19563957693366,1.2062159049501215,85.04,33.549189189189185,1.92,Small
SIF,0.6115549443983537,24.510000228881836,344.89372357943654,14.860117195639106,1.7043173479473193,3.3479532201183444,7.704606717397048,0.08160121410071605,1,0.0,176.94914317101927,-1.1592718772975146,7.089933971853219,-7.1534607035081965,-11.460512518823258,1.2126052308889994,2.26,33.44216216216216,0.15,Micro
DY,0.6112674951857399,470.510009765625,27.98009604165117,-0.663039671532514,2.1806086540181693,-0.21006161408165544,-0.130707152156027,0.5685358982848623,0,22.606769714815027,-3.633382536474893,6.621806406749889,4.813698295603346,-16.939990802728925,-1.401550203070211,1.0882453537263033,273.0,33.43243243243243,14.13,Large
KPTI,0.6036987525500017,9.550000190734863,21.113830187365814,2.7130240609386567,2.1074316443936416,-0.2633389233653528,1.5706766022904586,2.19895323487762,0,9.535278098468234,75.5514722339704,5.8504874168572965,7.525801954132133,-13.102817199656425,3.1319882112104818,1.0519067819861088,4.59,33.418378378378385,0.22,Micro
CTOS,0.6336105286474024,11.039999961853027,78.44117483651021,1.3867203175291303,1.2970145353105722,-0.6336445888215525,0.27174535096424807,0.27173671260990373,0,9.30596726159629,-7.537685511593666,-7.581964689432423,4.784549385120086,-9.730168641268817,-11.421314788647244,1.2507126588829456,12.6,33.3491891891892,2.51,Mid
TTMI,0.6470246050307298,179.6999969482422,143.35703515184767,-7.204199650851553,1.990738089807207,-0.14736059901959966,0.9432343317782319,3.3945414292074574,0,20.415238968401567,86.25620926086481,3.206766876396996,8.22481981643042,-19.715857803514815,-14.593435312368388,1.0165230932591636,502.88,33.208648648648655,18.66,Large
GRDN,0.5672917072806832,42.130001068115234,26.995805836045395,1.8801787380197426,1.537756757125894,0.18360971408947768,1.4004275756366156,2.5872302989020115,0,7.336606542973797,22.506547879066005,-7.476885403238611,5.091723669706338,-4.249997572368787,-1.5800753887549177,1.3367411238649822,18.14,32.79675675675675,2.67,Mid
NRIX,0.5546114567763669,23.90999984741211,14.506899901924797,29.63565300204913,1.7195639850424238,-0.21027160237422496,0.8573815349466385,0.627350980682817,0,1.139807344590951,52.87723351675837,4.459379709477378,6.092490033228687,-3.8987111978890336,3.2277060729247125,1.3242788442358957,51.58,32.69405405405406,2.47,Mid
MTZ,0.6128595291510278,390.6099853515625,66.35498884676979,2.773709696124682,1.451950163427592,-0.004084529264018873,-0.5837021235488796,1.8995886404335038,0,19.48025964428797,3.2349262341882374,3.6090640625789283,5.2172970800350855,-11.5125859518634,-3.848332423218745,1.2346052442680198,456.05,32.660540540540545,30.87,Large
ONTO,0.6171296587725809,351.3599853515625,111.8887066854408,11.756786598595543,1.5014090150788262,0.5689978739200573,0.5379140275580946,1.8101051960088024,0,3.277859993650864,41.631724749190525,1.4351450946084447,8.04364140911131,-9.08244239494706,-1.0810269683770477,1.2569309032647908,453.68,32.65405405405406,17.48,Large
COHU,0.6008465931308097,69.11000061035156,185.71698500048285,10.96036615416393,1.0380538946324522,0.057212445969108024,3.0965118951206247,0.7668915853110567,0,2.903239470151859,20.003473566662198,4.514670024634672,7.400210620933385,-7.359246616607414,-4.337018633495926,1.2787268470139754,111.25,32.582702702702704,3.26,Mid
UCTT,0.6173918016228112,129.58999633789062,391.5455854472926,18.344326941006685,1.5385212192009616,0.22106300202181692,1.2385182289394008,1.1729215654092264,0,2.2706456499136514,113.56294608604583,-1.8512339938757938,8.340591293442,-10.14422740180291,-2.06419062633341,1.2927813289550725,163.15,32.480000000000004,5.81,Mid
RILY,0.6413468473154215,8.8100004196167,78.85132699951933,3.191805504912885,1.7008665585574556,0.23267051743493958,0.5675282028766002,0.0,0,41.46131180370858,-7.263153476954414,15.015324541435618,7.4995927128893785,-21.619211750602503,-5.57823577569123,1.0395894575708307,9.42,32.465945945945954,0.35,Small
FTK,0.616353260479661,23.649999618530273,27.710044603846917,1.1591587272787107,1.077880636617853,-0.7964385594261466,3.171247408311359,0.8879454031755589,0,5.451256765421521,28.812629804097213,-3.771963838862674,6.109937111413714,-7.40016142980645,-9.357099066618634,1.0133597491622557,7.19,32.23135135135135,0.86,Small
SIMO,0.6310908763791356,316.9800109863281,248.7321742058203,6.233309508857625,0.802100867458372,-0.42960584706743415,3.0254262115834187,0.2586648189362176,0,6.837309692465922,46.03603069057814,13.78165450513886,8.525547402488435,-10.709856060159092,-6.373460265633948,1.146005639833057,359.75,32.18918918918919,10.75,Large
PACK,0.6038600854592215,6.909999847412109,10.762201903906,-3.518571565279971,0.981199833537068,-0.6246536071461298,0.7235917775939333,0.5065101039061847,0,15.836851455220913,35.75637799423874,2.528087516945347,5.550961343953286,-11.523688884073016,2.830186132277409,1.0726846329868693,4.68,32.01513513513514,0.59,Small
MCFT,0.5961816273985154,24.40999984741211,17.024450186151398,3.7432123672761155,1.565400500514941,1.0392500574876455,3.195414549321464,0.12290326436630183,0,24.524259132006254,-0.8126808531942951,1.335628945097263,4.40305356616821,-14.170184988842664,1.3935807408752026,1.1919333622738315,4.22,31.943783783783786,0.59,Small
SITM,0.6365747697783849,703.8400268554688,81.63890665273436,0.7040190061778887,1.812247343281029,-0.38131009536913507,1.2616336772092729,1.2559536894537735,0,23.929885261819127,116.3531326103924,5.927996312182513,7.602680954220599,-21.95251452510568,-3.7644396519271925,1.0792913555342838,424.2,31.818378378378377,18.58,Large
MXL,0.6219042256204775,112.38999938964844,530.3108673496463,24.108991268705445,0.9687770732267479,0.3308963020506244,1.0321235593901914,0.7029103299319679,0,1.663549699675721,86.32294422645509,18.19513422375727,9.846453112665559,-12.400626097855257,-62.7797109057595,1.0784002698647501,655.88,31.763243243243245,10.06,Large
BWEN,0.6464780008924867,4.650000095367432,46.00484164687559,5.669812139933712,0.2782310944066399,-0.17324298542592909,0.4086032905806714,1.5053800045307721,0,7.204000849834026,5.442182680385764,-2.238809775933373,10.428570534959567,-13.888888641030272,-5.200004575556717,0.9184989502398908,4.84,31.678918918918917,0.11,Micro
AAMI,0.6265082386729798,71.9800033569336,41.236506111139136,-4.204050457555894,1.403231197899088,0.001896879811240749,3.070295889655681,0.4793014790337588,0,30.73171390742792,-4.218227684016079,-6.382400566496836,5.156595446067329,-16.038725605307647,-2.2188916570728714,1.1556567894014977,35.22,31.530810810810816,2.56,Mid
SNEX,0.6301763075095644,123.73999786376953,77.96091415896107,-2.8163938255790764,1.9146947832402155,0.35046319237257473,0.8323093704054404,0.59802640741779,0,17.07370301656016,77.54925233978632,-13.498184144393989,6.305264237396166,-12.853022694012523,-0.7881510305657339,1.510640879032536,103.58,31.370810810810813,9.81,Mid
TDC,0.6038246831896507,34.459999084472656,3.106332745946294,4.635095208328269,2.0703977794835833,0.033448616112556145,2.089382587960244,1.2187991296911314,0,8.506480043727066,4.901067534511134,8.326478336083232,4.346655270122544,-17.52034444356249,2.2525871936766038,1.0668615562653092,97.66,31.326486486486488,3.24,Mid
KZIA,0.6413468473154215,13.390000343322754,107.67151670834562,1.5047598497596697,0.6368608476766101,-0.5325069377359379,0.22405291914893677,0.0,0,14.872290729090814,16.131835674474353,3.1382517958002336,8.599167032201112,-23.045973349945235,-13.918017825201211,1.0269576605166215,2.92,31.282162162162162,0.15,Micro
TXN,0.6312134200053509,298.4100036621094,62.832455196198445,-0.8854888071656667,1.4889651305146294,0.06980995038679222,1.6386796926486196,0.34516228231399854,0,20.145399540687016,4.547528752882879,6.325454544713693,5.3105270588035225,-10.66371141731375,-15.318785463123799,1.1884768988577377,2845.38,31.19675675675676,271.58,Mega
ASYS,0.6476448409841054,20.5,62.26632169839148,-2.466874172215067,1.71981661514307,0.2669505050329368,1.0424358088287227,1.317075403660981,0,29.00467286538108,4.859339130254093,13.120733338864582,11.247386998831187,-20.264485685713414,-6.040671473082707,0.9663844903915232,9.03,31.165405405405405,0.36,Small
TWIN,0.5912382119613541,22.649999618530273,24.059482631987272,7.521775151910521,3.933816239937577,0.7431126115628963,1.7218516388501623,1.36865108675358,0,23.916709276645737,-6.366270696420536,-14.545451194945654,5.685903812773741,-7.551021964874352,-0.11247786004780488,1.1937973969609532,2.74,31.124324324324327,0.33,Small
ESP,0.6169856772744565,65.5,34.295327882381855,7.019455747157312,2.1497385444210217,0.03421798404393789,1.946567215052581,-0.4427494893479637,0,37.34206961377898,-2.4135915975366835,2.8867722005374894,5.341196521210831,-12.026882021955263,-3.342581968355787,1.1238569462024057,2.78,31.105945945945944,0.2,Micro
STRL,0.6418815357691171,776.5499877929688,140.8680793838047,-10.058913802772912,2.03187529413902,0.09244804524119558,0.03477168701232927,0.9876998301094844,0,40.5136718377316,-3.50539559996737,3.827440723003439,7.84532370607033,-22.78358986469897,-6.883065918923038,1.0976339876564367,600.06,31.072432432432436,23.83,Large
ORN,0.6220913419047048,15.449999809265137,42.179000949238834,2.392469839535732,1.840596432422456,0.43685346938667596,0.5825252666222922,0.5825252666222922,0,13.660663531325381,-5.8500916941803975,1.4893619322738592,5.9870532382984,-11.206895700597599,-0.5775552432293953,1.2345038661444128,6.63,30.987027027027032,0.63,Small
BNED,0.6066080638341482,13.199999809265137,27.509488986268906,15.12297075423232,2.152940604375343,0.045977118110204204,0.0,0.0,0,7.379797012307356,-3.9301307919147126,2.1178595716965316,6.761363156078269,-10.508475868676465,3.646313240031175,1.472511870087035,4.08,30.882162162162164,0.45,Small
TSM,0.6130152829174192,444.2300109863281,39.391447583049114,1.5394678709768095,1.1674342059941132,0.993157544152596,0.18909040747239977,0.1710847414238926,0,4.793732028073901,30.700441272955388,4.2020168541309015,4.674461100680565,-7.258870357745153,-10.577768334210178,1.2422538357305322,6176.97,30.797837837837843,2303.99,Mega
CIFR,0.6281712672523154,22.84000015258789,42.46372618773477,-9.234513258189349,1.025775699186292,-0.07724905437992206,0.301225797160829,5.013136821646675,0,16.874526713995497,3.3484151959795914,12.381137142026349,11.327557109928298,-24.220303200555218,5.857962749742892,1.2525740081616523,579.97,30.79675675675676,9.34,Mid
FLEX,0.6057414569683699,153.52999877929688,136.41723522159052,0.9730303523445689,0.8800857756893188,-0.1103827753285624,0.3875372674010725,2.8398362828041,0,6.936007593166151,4.010567132597147,7.664797417815934,6.984675218267373,-7.988734137729496,-6.881826217009565,1.3074146479730469,1187.01,30.795675675675678,56.25,Large
JHX,0.5838218690699097,25.709999084472656,13.375132634497522,4.771992535519146,0.943567356174383,-0.9257871144061118,0.8362511094346001,0.6028809496655735,0,8.153073879516198,24.866434646395984,-0.6063204361940352,4.110407987578292,-13.81160190959671,-1.3205871020240159,1.0921659022198782,198.73,30.778378378378378,14.92,Large
SWK,0.5682764758065171,91.33999633789062,15.227401806639573,7.549282822390892,1.1085916390524018,-0.5885221406050907,1.8173896744536882,0.06568596562139813,0,3.822705837923467,10.292852692448053,-2.3204547684164445,3.9694707506771807,-4.014299261423473,-6.309897241722918,1.2533495765002556,170.3,30.755675675675676,14.2,Large
IESC,0.6370144730521323,699.97998046875,66.93667275030761,-3.3140090569872105,2.6894449637869915,0.4453139908281119,0.9628832855836613,1.8543359568711175,0,21.518007295826685,-2.087011251331291,-3.0387695193567232,6.983260592294123,-12.93781337451749,-9.703936264315153,1.0938330410146841,186.85,30.712432432432436,13.95,Large
FLR,0.6057141089201054,50.349998474121094,15.633542855183947,-1.8776758046354043,0.8507138700738244,-0.6687068434296392,0.07943813712296628,0.7944344057513473,0,28.100678459509087,16.254899278320153,-0.28374420189023264,4.339622794670355,-12.43478526218184,-7.442831485548555,1.0122817003204032,149.89,30.696216216216214,7.03,Mid
RFIL,0.6088826751742822,19.850000381469727,242.33227291783334,5.742596161772781,1.5691497969860422,-0.04077637184273369,1.3098151965922245,1.360203791240827,0,10.808322645830138,175.3120703840969,14.217252281840514,10.806045036295835,-10.98654232870682,-1.430620668626671,1.3342954983586466,5.94,30.521081081081082,0.22,Micro
DELL,0.619859219418093,425.25,227.13534921133612,3.9769190895654414,0.9475429687328293,-0.6361591877581337,3.1158142269180114,1.7022959839760088,0,5.354102486207424,1.0310984058635726,12.29698354721767,7.025431489387808,-9.419132448426797,-6.070429042404548,1.4344971147451961,3858.09,30.517837837837842,274.77,Mega
CTRN,0.6108361618159458,56.31999969482422,25.291918913780552,5.332060892325471,2.600527954686938,0.6193165043830303,2.254972415878466,0.03551217661877009,0,13.287710293698316,0.17786992520108735,5.248323469002105,7.486554846675276,-15.155164167959045,2.709113980868567,1.1714165979834112,9.56,30.42594594594594,0.47,Small
TEX,0.5647622871822084,68.69999694824219,18.751604772983676,3.5435880231966346,1.7234700331174324,-0.3257101798961299,1.5283887894981847,0.014548045530950706,0,13.533132831978717,17.09217681649676,-4.125321392904293,4.831566948883943,-8.019822328675085,-0.9341233986624212,1.1822232471009888,92.05,30.036756756756755,7.85,Mid
GFF,0.5593938971441901,92.37000274658203,14.609410699037696,0.4955721899959813,1.2925404693430607,-0.7650444474949135,0.7361700605704286,0.06496176919281516,0,17.650515506680616,-4.200368698643772,-8.706408610615018,4.045840932314604,-6.099420384683767,-3.9215636713390096,1.1966634328072272,35.5,30.023783783783784,4.24,Mid
INTC,0.6287657351108183,127.0199966430664,237.29708379584108,3.484935309272911,0.7894137798734223,-0.22512661428615918,0.5825056693348515,0.2672810866130291,0,9.19986361029503,181.8282615960056,0.009267243771050397,8.782615407208883,-10.769236953311884,-29.360733350459984,1.1546200994113334,17914.09,29.988108108108108,638.4,Mega
DAVE,0.59645174637297,383.1300048828125,59.23615296764964,25.233714299809535,1.1830783472870114,1.4748749808471786,5.562080047751987,2.05151913224497,1,0.0,35.592443443098446,-4.452275036767846,7.242244292463881,-5.269013309737672,-4.529309978775871,1.343438729369635,231.51,29.47783783783784,4.87,Mid
FEIM,0.6098890225647432,65.79000091552734,8.528956820069222,-4.538033436608729,1.6213826035500307,0.8578633352804521,4.217968516826374,3.602375305616775,0,19.329560101868328,40.99871652435561,7.233925936414226,9.124814046660589,-17.76249885536879,10.026957193091093,1.0155619050566878,12.14,29.437837837837836,0.65,Small
AIP,0.6328677750109165,43.810001373291016,168.81079979704333,7.564638169118493,1.3615022935076115,1.3481550899087904,1.1869446278283462,0.4565185041441688,0,5.831703030330413,23.234886957148355,11.017397091108414,7.794860994548157,-12.833261367918597,-17.54309044522832,1.1806759891751035,48.84,29.27027027027027,2.02,Mid
BCRX,0.5874988448655535,9.649999618530273,16.166960008618968,6.812769282996922,1.9279948295709106,-0.11826381076068875,0.0,0.6735708077309202,0,16.780147003653724,3.7634346298881063,0.11990681891694945,5.6128797060441045,-11.791590596111469,3.155603645951155,1.330912013239534,49.16,28.79027027027027,2.45,Mid
DYN,0.595512641074547,21.790000915527344,2.235061774768221,12.88693559459491,1.4647557453839157,-0.7708905236509394,1.3308898730122725,0.41303418449894164,0,1.046175850728964,10.161780379195196,-3.944317367541555,5.394021221950547,-12.839996337377023,9.890107376943599,1.1838008885685642,38.92,28.605405405405403,3.6,Mid
CEVA,0.6372321676840698,45.5099983215332,102.58083957104891,-0.45061257114146674,0.8014387725706195,-0.2867776686485572,3.2520400164480012,2.2410488095530994,0,16.322702194966585,24.821720965611554,13.202981568925445,8.374909088553393,-11.802326225889678,-13.508990224652118,1.1543781174574506,44.07,28.568648648648647,1.27,Small
ACMR,0.6089538651585621,117.16000366210938,184.12467855799457,19.949120419744958,1.3043408230980376,0.39076647945900905,5.202288349383418,2.381359532515824,0,2.4584856794637417,105.39972261669838,11.52088397381321,9.025447302683705,-7.885838970589394,-7.124171892315788,1.3671891176265378,206.58,28.36756756756757,8.1,Mid
JBL,0.5978463620337531,375.3399963378906,50.83067851049605,0.8413279444532835,1.3806580289344503,-0.11400072701749561,0.407630093840427,2.064794606382051,0,7.032205110194982,4.668151129226711,2.888840892238041,5.51595258330875,-12.493879479832316,-3.1851807147868207,1.3781708216166633,525.75,28.331891891891892,39.6,Large
AMAT,0.6194210028294057,650.9099731445312,139.06871140130679,12.165713397807215,1.911226712973012,2.1229484174769135,3.889161704485062,1.8205245079703316,0,4.808571010904149,3.839886615054009,-1.8691978145626458,7.748601995111609,-11.999947519336635,-3.3808233042643616,1.6349880651687816,6198.57,28.157837837837846,516.8,Mega
BEAM,0.5932062515393002,33.47999954223633,11.263456854226451,4.16601679707753,1.220237315569925,0.07077820042904466,4.193557832930693,1.9115872114094192,0,14.351314173655602,-0.6233276729787056,-5.214089352783525,7.2439842218415444,-9.219092807256455,6.49246419939676,1.2065061240649717,74.89,27.936216216216213,3.44,Mid
MRVL,0.6328677750109165,272.04998779296875,208.61445090964548,-4.498123887272942,0.8005219144793551,0.11740381778403663,3.7015283131881835,0.2591386156574767,0,31.421632297634496,-12.405821509753872,8.222429574410045,10.090977353867933,-17.53062211521797,-7.0143470189255135,1.175497746093033,12494.03,27.91783783783784,237.99,Mega
FRD,0.6008720143268368,35.029998779296875,59.76744169554529,11.849033918003949,2.3741511227030476,5.385850092702038,4.653157650213942,1.2846154113843777,0,9.602747567258154,0.8928500797401288,-3.5274841670226125,8.568166453662153,-7.742961145141565,-1.0746865611033611,1.8134616486373742,2.02,27.897297297297296,0.25,Micro
ALGN,0.5746966104195865,181.49000549316406,5.988372238860129,4.484746973586199,1.1514933667389557,0.49334823337607503,0.7438375689343248,0.9642404248294942,0,24.976968879901136,12.51705025374521,-6.8450437908246435,4.472501277130688,-12.875038346518616,3.6314340920608292,1.279892279647287,196.39,27.802162162162166,13.0,Large
PENG,0.6117872507473051,68.80999755859375,235.05482626092996,5.194761312321542,1.01162365830405,0.6627364998666795,8.109289389557176,2.3107054124127657,0,5.856235201262826,42.552303512773086,12.68224020598368,10.895426620766855,-11.09819612122628,-3.380778799503078,1.4491858136631284,223.79,27.78918918918919,3.62,Mid
AEVA,0.6202935791750309,27.799999237060547,106.5087148954232,15.87436901120004,1.3321935638870284,0.5671744315136195,12.517991168936959,0.5395669879188748,0,6.446187299388827,39.909401421716304,20.136887990982864,10.941419480255913,-23.312461287824053,-1.8366052092164065,1.2040079314807917,68.92,27.689729729729727,1.88,Small
PVLA,0.6073709845180717,138.25999450683594,27.69968160958072,14.45553320063095,1.9733232435368109,0.7035642333001453,0.057863325786660126,2.357872585226507,0,10.654092689996485,-6.7952016177932135,0.2866107075651227,6.593272611500497,-14.32644049838894,0.5335207853026037,1.2921955076915101,37.23,27.335135135135136,1.98,Small
AMKR,0.6312134200053509,79.98999786376953,91.13817225942068,-0.4182988432510005,0.9801719533328092,-0.1314830067904552,1.968992361901128,0.6125739178014703,0,13.364910694292998,-7.5794395801344265,5.017673939984362,9.511903909167895,-17.263138589729728,-8.89976264397611,1.125514797211611,459.76,27.325405405405405,19.83,Large
BFLY,0.6241095490928739,7.929999828338623,99.68904709551406,20.672598489214327,1.3853718432323792,0.19149870934528088,0.04666149340844132,2.017652595907479,0,13.294771802908429,69.80727404899105,-11.790392374027924,11.478740694599109,-18.16305292134417,0.1821448535474093,2.021471384146415,59.88,27.26702702702703,2.07,Mid
GLW,0.6186667960279668,220.6300048828125,139.74704743008684,10.65804262677211,1.7981433384676284,1.2385673199348508,0.6209468734358968,1.1421372456862886,0,7.543645480140228,-0.190001430963596,13.203588952509584,9.123868629990959,-18.820367255146436,-1.5902684203339033,1.5148785854897504,3399.44,27.142702702702703,189.88,Mega
VECO,0.6396124908859435,70.5199966430664,132.18129946343151,-1.0308170757534862,1.3180071304165115,-0.21638629553800884,1.4860983704886106,2.1412288410297156,0,15.402354631501316,13.723590633352492,-10.12949400064243,9.535288493797113,-18.596330510133985,-6.441262926710503,1.1866817660485336,121.96,26.910270270270264,4.3,Mid
JBIO,0.636976370802358,21.809999465942383,25.46846602178885,18.616410938874157,1.18965301061147,0.15358331940259728,1.4672242549014316,1.5130670874441727,0,29.234826033183207,29.667062195946386,14.253519621569893,7.417960987916914,-22.10714476370195,-14.255320771604993,0.9599822863490008,23.03,26.834594594594595,1.33,Small
BRUN,0.6328677750109165,33.5,156.4565049004915,-1.0675832266661986,0.8494329048041045,1.031806939237782,0.23880004882099667,1.940303062267174,0,33.35092947026013,13.175674216680095,20.658687297171284,13.18123620202038,-20.23809523761338,-16.66667115548176,1.1332293049544615,56.23,26.72,2.06,Mid
RXT,0.6282429661160318,6.489999771118164,547.8874225634507,7.508175158257963,0.4465137239260626,-0.20456026308243838,6.163329883089999,3.1587046364278706,0,6.839130158697047,373.7226091089112,14.49541264873172,15.125469369210018,-24.534889726895777,-5.862063178193995,1.2214496996845328,173.56,26.61513513513513,1.62,Small
NNBR,0.6258504586834057,3.990000009536743,207.6715082883128,33.668341909988555,7.291739890461081,1.024646931357794,1.3784477847608683,1.353386944707952,0,0.0,10.220998220233572,9.235674856389847,8.995703266985846,-8.275859836909001,-19.909504498936233,1.5192226911998414,12.86,26.50702702702703,0.21,Micro
ARWR,0.5726650079128919,80.44000244140625,6.546348476527575,4.026435583144158,2.648953174190418,-0.20088537554917987,0.13053624284605717,2.026361055843524,0,4.335644840218465,24.6745297991331,-3.5441995862906883,4.824536396552036,-4.8599048890118,-6.281586244127476,1.0880265525874953,167.97,26.405405405405407,11.33,Large
ALGM,0.629482720566903,63.20000076293945,129.22571719847943,14.713557425286114,2.0715327836856643,0.7453733966862647,0.273583807233709,0.06329258709466251,0,3.634352077457808,9.172571133501851,7.351481478752817,8.092676223684636,-11.940917208939954,-6.937268361378922,1.4476827034228767,188.42,26.401081081081085,11.77,Large
TER,0.629482720566903,427.3399963378906,107.70535715048253,2.6479879534392072,1.4737532656821444,0.7096201411282524,0.8559904369569595,0.5218353080528587,0,11.971945570903014,-2.4159702149729467,5.962509284597804,8.53652838484815,-12.414176153281117,-7.140007610898863,1.2937635488774852,1974.24,26.392432432432432,66.9,Large
LB,0.618665298638356,72.30000305175781,31.979159111332713,6.674146215679823,2.086623606600561,1.1419221323460065,1.4522757649084637,0.0,0,20.526500245707734,18.699726207013995,6.971415839771744,6.057892765841878,-15.12689455605025,-2.0224409328163944,1.2523077418744126,26.98,26.37189189189189,2.01,Mid
SEPN,0.5826733190467009,34.61000061035156,12.956923153705358,1.7477353812416878,2.2979869232157943,0.45784895180531454,1.6180223886216265,1.2424163466635352,0,14.080375979828819,-7.311193173559778,-3.573813212098393,7.730629834581931,-8.897080596714188,6.589726051665222,1.370324791945345,13.3,26.301621621621624,1.56,Small
MAMA,0.6015450050144159,18.329999923706055,25.192247900316932,9.990998893275613,2.545020968907332,2.4461777088124457,2.712493258316282,0.8881605885095978,0,8.073106242703112,2.689073008131305,7.655501549702672,6.571584224515761,-12.714286076984774,0.6329124535267434,1.4471683520527943,10.18,26.279999999999998,0.75,Small
AXGN,0.5738641754206872,44.02000045776367,22.60423892757235,1.205872498162165,1.4731502771372245,0.502651494021395,1.3630219958321437,0.3861925985253675,0,9.448380802731768,-2.0253724487222557,-8.641662256569878,5.393652452262649,-6.240682124602234,-5.8017724252283065,1.2882793434061224,51.67,26.167567567567566,2.34,Mid
TSHA,0.5990598035347348,6.650000095367432,8.703953213462245,9.08792757720783,2.546942546453698,0.0717364937386286,1.3533785631055075,1.3533857335889858,0,10.852610718648535,7.08534709254042,5.799647105966143,6.6949503314438195,-8.90411066157736,0.0,1.04416558429721,19.75,26.14972972972973,1.91,Small
KYMR,0.6015450050144159,114.19999694824219,33.13302654132304,24.54298016965083,2.862112295776569,0.17632209901967974,2.1541148425477084,1.681259387247342,0,5.524479885173787,5.623375922265343,-7.883297340902589,7.076934075902303,-12.187624553215661,0.28758771323993565,1.8514835707341093,94.58,26.056216216216217,9.39,Mid
MEI,0.6221398468831986,18.40999984741211,166.33081519296098,32.91938843545289,1.8548022074549566,-0.05824263100512584,0.7061334157360908,2.824554383733592,0,6.5805431120587805,32.732516214744734,13.760002135129668,8.970279787192759,-9.666336576942856,-10.599717487471937,1.6134421257917266,19.13,26.03567567567568,0.65,Small
CRDO,0.6265082386729798,259.0899963378906,70.05805325867378,3.7429578159199983,1.6785577039227784,0.03470845179453749,4.041456037957226,2.1498290725760474,0,7.730409197492842,8.861342999076475,-2.323147303142148,10.676020322526902,-16.062466366299873,-3.420616090313692,1.1821838520640315,2251.18,26.018378378378383,48.31,Large
ABSI,0.6090792072333113,11.109999656677246,213.03380957294289,36.61655292252494,1.429082477352729,0.0864830800145022,5.220521526346424,2.4752527513766265,0,2.4068004084941226,10.272951532540743,-7.559055530815321,10.590201669934425,-7.839076105327106,-22.7848062242117,1.6539928971568383,71.03,25.87243243243243,1.88,Small
SVCO,0.6265065749874321,12.789999961853027,199.94204557735006,3.9499351052185814,1.102465041544782,0.11384381928698684,8.053171928358228,0.46911977944458966,0,6.053866672274857,154.2743424815404,6.24486626174965,10.451805578816879,-11.1188349074708,-20.113630290051294,1.304922479345368,7.14,25.729729729729733,0.43,Small
ENTG,0.629482720566903,165.19000244140625,83.5131223104407,5.718555959532927,1.1563833570743258,1.3790732642633712,0.7899949491412095,0.48429265689776524,0,7.914284816670969,23.879066917726828,5.996356125920994,9.10855989643031,-11.634748965353678,-5.049699693707719,1.3200361704165389,568.37,25.662702702702706,25.16,Large
CTNM,0.5877744527055198,15.239999771118164,17.2683028958293,19.97166003759091,3.762902157533811,0.05334356013602648,0.13122408605036037,0.6561642341908744,0,8.13931542312102,7.399578729462547,7.673665592944966,8.005248981321518,-9.875813668033608,3.7119524131469794,1.4153791715620812,4.59,25.48108108108108,0.57,Small
KLAC,0.6348622108180284,266.19000244140625,102.74570180975344,9.713605685944461,1.4565542398813331,2.687125606832558,2.0004439087096277,2.4005464479531176,0,3.3974862933329577,86.89584234761641,-4.604435747472735,8.313208619834668,-13.397531746697345,-5.244500292110628,1.5407170783619677,3314.41,25.444324324324324,347.72,Mega
SNDK,0.6306791057109853,2032.219970703125,723.0293914682171,3.8949207556812393,1.011645624250059,-0.9851477387186023,2.2049807225457085,1.4845795391207923,0,4.282611942217994,252.66290164001708,4.067908066192802,11.113602671636318,-13.683796506706788,-17.215387207078983,1.3321731942919524,26291.15,25.295135135135137,300.95,Mega
SPXC,0.5687646846996031,231.72000122070312,3.6762364522815894,-1.490062506473869,2.744876792717868,-0.16507263045901782,0.08846304642882324,0.07336361472856331,0,28.6005773947774,-0.06468879097872104,0.8996902415403046,5.0602940599037005,-7.710690006805603,-2.2241608034066376,1.0732301546556293,176.08,25.01945945945946,11.6,Large
BE,0.6245318400471306,289.5,218.4564706457274,1.7481702924681901,1.975807392238519,0.7390033648647911,10.14507603353577,1.122625215885587,0,12.77611494638984,14.871833621140015,14.277701793088523,11.409449489093728,-17.58710971128655,-7.518205929368543,1.3309172344025506,3454.51,24.81837837837838,82.35,Large
ATLC,0.6090792072333113,103.75,39.89978615109653,8.580190676846938,2.186535016847171,2.3459999391452238,2.6506024096130063,1.4650570053510896,0,10.651212143011293,-6.0320654298960426,-6.732385733960278,6.590017821005002,-7.8678630337015,-8.783222441463506,1.3698820245216317,13.49,24.601081081081087,1.57,Small
ALAB,0.629482720566903,430.8599853515625,144.29545083873515,11.462938495156326,0.9300331916720668,0.059748373150248134,0.015086674004563231,0.4723049746348758,0,2.6416186414658616,3.306394078965917,3.9521017462915426,9.463979882815703,-13.737602211274258,-11.854377688285087,1.4093420292103567,2754.41,24.392432432432432,73.85,Large
MU,0.6288782701912429,1032.280029296875,241.82647403103584,-1.5443401281028988,1.200864123706982,0.3309118820047159,1.4453485025241313,0.007757403294381919,0,13.494792232967864,-8.835757300488842,12.048676240856205,10.268257408480633,-17.746611211390242,-16.979613275659474,1.3784751361333456,55307.88,24.063783783783784,1165.85,Mega
STX,0.6244083973033484,915.1900024414062,217.147795462886,-4.312982119659121,1.2607006374741618,-0.3063320989585495,2.3448706733448774,1.3494438917578424,0,13.853303468588557,107.12982634095303,8.698370503619264,9.64087038627379,-20.013749371709494,-10.39555105072067,1.4815197188642195,4069.05,23.867027027027024,207.06,Mega
FCEL,0.6226792958896799,31.889999389648438,281.8136618255026,46.68138398112305,1.6001640182834413,1.377155387662925,9.052998095836443,1.3483860564195447,0,3.5623220557146755,32.8749974554987,29.017856312301276,13.705596148862845,-15.813097965698411,-23.46821706283201,1.59714329719821,404.46,22.99891891891892,2.16,Mid
DUOT,0.6065602375814525,11.5,4.082517069028846,-4.198600435717105,1.567765632622592,-0.4145148107499409,0.565222035234478,1.7391287760673515,0,22.793468219977004,0.34903980555313113,17.813178589585583,9.514904614561093,-24.738218578416095,3.9130398271918136,1.0623529863283931,8.39,22.623783783783786,0.36,Small
PGEN,0.6009720397888636,5.25,8.982371614574403,10.654441304822946,1.4912195863636826,1.007595378540249,0.28571174252835396,0.9523845852445607,0,8.503627502735851,34.961435940108096,3.886006761310254,7.142856169720085,-13.079469647543945,3.6496372374244244,1.2668611576178124,24.33,22.577297297297296,1.87,Small
RCUS,0.6024795349747591,28.920000076293945,14.965404995472365,11.151681055955681,1.6158536693623922,0.41300910347922704,1.1756575092641028,0.5013847073863481,0,6.396942477009985,-6.709677173028897,3.391908242593058,5.635745047411096,-8.870333952508878,-9.718562066702404,1.162705156629758,40.72,21.704864864864863,3.64,Mid
INTG,0.629482720566903,46.0,63.41862959927631,18.407166276911063,1.4971381664717622,0.40180467087365057,0.7608662480727937,4.1956528372474455,0,9.657401119359294,14.65603495641081,13.01790684741603,9.427019083722037,-11.538461538239646,-19.285507059666863,1.6698308863134033,2.83,20.836756756756756,0.1,Micro
JRSH,0.6080901704531617,4.730000019073486,51.49045021736009,14.715334356378614,0.11236136051013036,-0.11744822360053993,0.0021069548761419414,0.42283257593311696,0,0.5028193134568179,26.133333834990747,-4.046238869988892,9.35064990052883,-13.528332712366586,-5.438061094248106,1.5594936681554952,4.63,20.38918918918919,0.06,Micro
PRM,0.5942202888922885,34.650001525878906,14.182949238066978,0.6872332738966117,2.040804327203504,-0.6190101820649018,1.370857915979853,0.2597406886636792,0,12.95572438885906,0.726744153789235,-6.569107179505629,5.250876688323913,-9.221893664742217,-8.307587181362566,1.3364730083430316,56.9,19.3027027027027,5.65,Mid
GLAS,0.6135708773333912,12.319999694824219,31.323745865639175,-2.0212129023254066,1.5340821127236213,0.5034289147500797,2.516229493475191,1.7857087563813778,0,17.17106931912889,-5.230771577872873,-17.383098779628973,7.940629393216297,-11.557793072249815,-15.780217691711401,1.5333038980557934,4.08,17.8972972972973,1.05,Small
TTI,0.6111247876621446,10.25,0.04739608460320177,-0.04388231800697793,1.8895891275961527,0.23944770256728237,0.3414619259384854,0.975613477658248,0,42.01810645463788,-5.703770855837093,10.192842747982422,4.895472111186915,-18.261562748298605,-8.69564893717221,1.1087271288959002,17.53,17.29837837837838,1.52,Small
