Ticker,Win_Prob,Price,MA_Conv,Vol_Z,Breakout,MA20_Slope,MA20_DP,Ov_Supply,POC_Dist,ATR_Pct,Resonance_Score
CCI,0.510788254315611,89.62000274658203,2.475303588318227,1.0942344178132584,1.5869452012977892,0.7313358303267822,3.1656497214471933,8.175038109043854,15.784303027787244,2.666415783065919,81.87998124706985
ORA,0.5162832931766757,133.38999938964844,2.7312209751876053,3.4976920819410897,15.114433067215366,1.8631902231850512,18.54781671616996,0.0,24.083720362239628,2.96391883774676,81.67604313173933
LI,0.505300176140945,20.020000457763672,3.285924496680306,1.348301823124274,9.686612492119016,0.5370571407243843,8.09935185120473,0.0,22.147658346994124,2.9235044061058995,79.37880918893576
NBIX,0.5162832931766757,161.32000732421875,3.3040020611195007,0.9323630459127347,17.363759186790123,2.96413403866093,25.62884722630377,0.0,31.04793608736075,2.970361772354401,77.72386310360994
CVS,0.5186185417913505,98.11000061035156,7.056904615748186,1.0032382172100407,18.2415093064365,3.543230851697985,28.88544111204962,0.0,37.45990009859784,2.7898697211765535,72.81528363806844
BEKE,0.5422002878111922,19.59000015258789,5.3976535298328345,1.5778172438580311,13.921843150168064,2.61061579976047,21.225249612318624,0.0,24.23745087890741,3.3581287030944615,71.80731364275668
LAMR,0.5201320102336305,146.6199951171875,7.0296860112833235,2.787853048576829,4.726699419184591,1.6152911991083065,8.486867731125088,7.538112514407184,-3.0291018012336295,3.0279942010831165,71.6361931551805
ICL,0.5410331940249996,6.820000171661377,5.3518932885503645,1.8387586048943014,21.126014050643235,3.311926756364226,27.954976904385127,0.0,28.849421618938067,3.5578123938284487,70.26488513830287
RSKD,0.5170256718471781,4.789999961853027,6.465278801531212,2.5089898782174247,3.589964550804866,1.5817218509755069,6.444443595301842,23.625152760804355,12.705881452375731,3.1509102441716292,69.88279418659165
ACT,0.5076495711627419,42.66999816894531,5.674810739999298,0.20604069029443856,-1.1112571733955514,0.25557926562210914,2.008119295005454,21.67813483034647,6.117878986377351,2.682882104355123,69.36240037505861
F,0.5093948794439243,13.569999694824219,6.504178930566345,5.707061055725649,6.625027826876212,0.14259628062984603,10.458605975840952,18.911014662940353,-3.5425654429252678,3.315263270599811,69.22644163150493
TXRH,0.5436451003147671,179.3000030517578,5.307343847086028,0.9864229245608055,3.8556394145459874,1.7568528737883178,12.09753452490285,30.754432283454136,1.082420856963529,3.20970464317126,68.44350679793718
SSD,0.5392585250326398,184.41000366210938,3.7861594117922284,0.5312439969810919,-0.7750836410876172,0.6485136137780025,8.565879547503929,36.059499436918536,8.638927192819592,3.21953504164343,68.37787154242851
SFM,0.5309235617181337,88.2699966430664,1.158249727949,1.3948636508218062,13.410931662349515,2.0089104259633617,20.603899027775977,0.0,30.809117148167037,4.583338966878766,68.22550398499767
POST,0.5147188059591702,104.30999755859375,2.1395160154104884,-0.07087542599650679,0.9928864646280735,0.37659018336112365,4.781511161092899,24.50783895189853,-8.987002004027254,3.0287475534152715,67.96061884669481
EXEL,0.5422002878111922,51.290000915527344,5.346583760303768,0.533899199712062,11.362010930392932,1.6957761001667313,15.57007589218129,0.0,25.00609905247536,3.395258474714847,67.77074542897327
BIIB,0.5092803640170206,204.52999877929688,3.376763885815871,-0.22686999687658777,8.40477403463663,1.7793757688065206,16.19701955156382,0.0,17.00800641208571,2.8581211308549963,67.48945147679326
MAC,0.5038969556740541,21.969999313354492,13.377098291828418,2.0072377293462043,1.1673124752271864,0.33960156117248264,0.18239401559628196,6.4962604257661285,-1.2140308477078583,2.6854797385035982,66.99953117674636
CMRE,0.5050519831045938,16.799999237060547,3.0525373030146183,0.5762508064407781,-0.3033854046430384,-0.1682851959370905,-0.9875794354835046,30.97615541863823,8.894542802873442,3.613946958773014,66.95733708391936
TX,0.5368495915974366,45.560001373291016,7.66918539641909,1.779764797173891,3.4079722821470564,0.9335412197922893,8.01327890844124,6.758249583334937,-5.906643749998158,3.3801575487147484,66.56352555086733
DOC,0.5377477627718209,19.549999237060547,3.5053347218867366,0.007787588707244111,12.12819451617756,2.5950454858583254,14.474764316832431,3.605202994094191,0.2564063438870913,3.346730071202574,66.0618846694796
MTX,0.5422002878111922,82.83999633789062,10.640510187531719,1.5595132945645145,10.297440637986083,1.8289786365535756,15.456440888830747,0.0,26.938390477972213,3.140304871608342,65.68448195030474
LPL,0.523844593727255,4.96999979019165,6.212283881841591,2.414095202019006,9.447254058522436,0.022026410776555334,2.2633673586973453,9.357551698230418,28.423770978727518,3.779820741293353,65.57899671823722
ARMK,0.5162832931766757,50.75,13.28534257448207,1.2040423014609714,10.995680833847693,1.3679041576023612,14.533961694809422,0.0,24.28114362289385,2.8655866264541916,64.53117674636661
CEPT,0.5410515304272907,12.3100004196167,3.007257396471759,-0.08090398010498011,6.547802700507852,1.5112250143269346,9.131211976393281,15.753638089080486,2.840435630532204,3.357258306293286,64.14439756211907
ATAT,0.527941222237495,37.060001373291016,3.4969818056732356,1.1538889778755308,-3.3861209834752555,0.34947167356969916,-3.388944776700157,66.06362623967358,-12.450486151238369,3.808494675547746,64.10220346929208
DGP,0.5153621554232574,181.52999877929688,3.744936264170335,2.054002089092151,-3.639746538661335,-0.7067516162847642,-5.042631941168259,65.76443256317229,-3.523599465210033,4.039474766517866,63.80215658696672
NTAP,0.5162832931766757,118.58000183105469,6.301052707665026,-0.17500534502278453,6.660191598136617,2.532521393963866,14.371143404589068,0.0,17.878926556159797,2.8100387962509403,63.55133614627286
NOV,0.5172137754545358,20.489999771118164,9.691556122108937,0.6255391489427883,2.6321702333286545,0.7697357993477297,6.830028389105787,5.430724408542955,12.878209887515213,3.0624701432381207,63.22550398499766
MSM,0.5286384500511202,106.76000213623047,12.781644180835471,0.5458536427645072,5.181232810702349,1.761509449513878,13.369442722685854,2.057690454362368,34.335876194246225,2.751497612690301,63.098921706516656
PAC,0.5426701825034488,244.8800048828125,4.399165664869498,0.27829321399788987,-4.275164006880225,0.42675733011222394,-0.4471871143296144,68.16722160562337,-8.23652164999976,3.2403624551616854,62.5925925925926
SXC,0.5553826781709104,7.78000020980835,5.785763269473584,0.5622029989242083,13.114629274630724,3.0132673384191526,24.082938329098287,10.808664655998372,29.45091369757425,3.7275058358921447,62.57383966244725
KELYA,0.5121696420031242,9.770000457763672,5.5425819144726995,0.4484906691559625,1.0184603646790908,0.9551152784686182,4.82833452388495,27.514573193690993,-8.80552960621514,3.531219187563787,62.442569151429915
PM,0.5216486626678887,187.91000366210938,0.9909304227841937,-0.7841442366809386,12.139885397946964,2.368493975541553,20.270095401480425,1.0154563308741253,21.982063544119974,2.666930884601879,62.24097515236756
AHRT,0.5057164214848133,6.429999828338623,5.941490880259674,-0.22039742570878174,3.760768819516349,1.7095421402645485,8.06722746856856,23.71502993809411,15.556245488070966,2.7049539335141515,61.9971870604782
PNTG,0.5263503437652433,35.59000015258789,4.270991582122013,1.2583159239946888,11.907682574206436,2.025888903777433,16.99539797224698,2.9544881119621724,14.21694584957301,4.7208271858542155,61.94092827004219
HALO,0.5423107623282,70.02999877929688,4.517976057974675,0.5510767710567972,2.1387666869191637,0.38056174388195346,5.087033944547356,42.28577034340712,-4.369799851019721,3.765732153883899,61.865916549460856
EQX,0.5093305177208625,14.489999771118164,2.7493757708506426,2.4133329354883886,-1.736575692071998,-0.5715673345045681,-2.2267201786720525,50.43509229384987,2.8620880332979093,4.803805599669535,61.58931082981716
VTMX,0.5046419194668633,34.4900016784668,8.021709378119843,1.344650338662214,-2.6470653267234208,-0.30007448520686314,-4.550862587950774,29.08317474532631,8.352505913297167,3.5723153152709735,61.17205813408345
OGC,0.5153621554232574,34.290000915527344,2.2766782599329476,0.07615925264710188,4.261053101253818,-0.06836841767017714,2.8802851236251357,22.20837328219878,7.1562528607993166,4.074469013639112,61.101734646038445
KFY,0.5121696420031242,64.51000213623047,3.729699399059784,-0.133978378392443,-2.771704210969695,0.4663772250147287,-1.3910058975405264,53.25189965178444,5.35728870901625,3.1113658916893634,61.01265822784809
PANL,0.5609177766651836,8.260000228881836,2.7241247678256286,0.9871068233512672,7.112756302295672,1.227356814913174,6.443298778196217,36.91533635629542,-0.06265383650721393,4.728467471146405,60.77355836849508
LECO,0.5053671730469641,265.260009765625,2.1059643354424984,-0.5152885725995068,0.5946360327142363,0.4730419064046968,5.061792717957239,31.939570993526118,18.109859600391367,2.840204535249657,60.33755274261604
ADM,0.5315895894112109,82.88999938964844,11.294802158936928,0.2721361678069809,11.875179825398261,2.6212278573802,20.69015582574899,0.0,25.268250994598663,3.034140919492537,60.24144397562119
MATW,0.5368495915974366,27.790000915527344,6.345275552962011,0.9134406763952797,0.3596137685376002,0.6180416972850731,4.098482408838492,10.44048877794613,8.884341525761265,4.132670861623193,60.16877637130802
CHE,0.5319336960534787,424.0400085449219,6.298419401405497,0.7820691582066555,0.4505602634596744,1.5265308402697206,10.750105290716252,43.61237132940856,6.910723678138968,3.7152822947374244,60.042194092827
ILMN,0.5406919148364935,145.0,4.714311361150118,0.33348821481864,7.845579747601937,1.650814644405709,9.252560779278218,14.612177488171465,7.582728381948287,4.096058060970212,60.042194092827
GVA,0.5422002878111922,143.1300048828125,7.739285151644494,-0.07156815870048634,8.339076664468841,1.7235871621233052,15.969864694639801,0.0,20.05858190682833,3.0973341080580097,59.96015002344117
ALKS,0.5124541559494082,38.90999984741211,10.865210018669922,0.66941751333817,12.055061799363136,1.7329527289629272,15.220607994734433,0.0,10.039590428968761,3.4218172141096432,59.90857946554149
CYD,0.5377477627718209,51.02000045776367,3.3367951690893203,0.13116140575241483,18.14834649421345,2.1067813878733666,20.557657905176914,6.9228287040484515,6.313812613583014,4.310634574574688,59.45616502578528
JBSS,0.5080760765118656,75.68000030517578,4.308109923039253,0.8904160000129717,-3.789080831140543,-0.7004366461041256,-4.702986800101332,57.98353385286998,-4.98430777727405,4.194712055290816,59.31551804969526
KYIV,0.5550250566230085,14.550000190734863,8.175004528949614,0.8197853974818984,17.225267064780976,2.974239870747582,22.99239462671758,4.218527517084041,28.193829968566277,3.873833917802564,59.29207688701359
HLIO,0.5534134534572605,75.16000366210938,7.052515210245808,0.32324720304176047,9.149796244747364,0.8007315507302114,12.31321834803152,3.285096823515732,-3.1068661108227125,3.7657771352631313,59.18424753867792
HESM,0.5043070302477195,38.81999969482422,6.941473161730606,-0.3339278010571504,1.988000071352399,0.8345414681872684,4.890660538825988,5.9011076427545035,0.2724959416213845,2.766215711386303,58.92639474917956
BABA,0.5310032279881348,145.80999755859375,11.532088047353774,4.338763165382209,-0.7267976041697632,0.9362462634302191,5.209612101473932,57.40048110579937,-12.326378630758052,3.322009474929731,58.70604781997187
IMKTA,0.5046419194668633,85.23999786376953,9.286945517610755,0.5505910593508485,-3.9197475840593556,-1.0037156957009246,-4.567848012705973,44.5599714961293,2.189665455860908,3.202722548765095,58.56071261134552
LOGI,0.5405191955592566,103.98999786376953,5.259137584631466,-0.15577218734804263,3.3523150575900003,1.3262838136958877,4.997977486302864,19.21403713409791,20.02539080810956,3.335486503848881,58.49038912330051
VRSN,0.5162832931766757,295.1400146484375,11.080024886601494,-0.09203800404542155,6.910771917320623,0.9576017561901067,7.774331959224599,0.0,32.14879034656949,2.7870575890857454,58.48335677449602
ERO,0.5090329676820071,30.979999542236328,3.3049304475385206,0.8769855000819131,8.829675516468743,-0.003624715987596206,4.981359884456966,31.70961234826834,-18.537994907097165,4.964034085163162,58.44819503047351
BWA,0.5422002878111922,66.87000274658203,12.01748926569859,0.8388410893106885,16.143155336629018,3.0443229219728254,25.45966923735225,0.0,48.94081619591156,3.4998609288680296,58.403656821378334
WMG,0.5550250566230085,32.689998626708984,7.653687951927507,0.16047343953819362,9.128536667591856,2.1221826869150644,10.252947882590467,5.112731989057195,16.714567448662724,3.5178935281823587,58.2934833567745
CPAY,0.5109290334296239,331.25,3.0768265186037245,-0.2522852263997565,3.2426774471765922,0.8100086548492462,-0.2469380871894465,23.46968162563328,6.920371392237638,3.5624802581704853,58.073136427566816
MIDD,0.5725215015344558,147.4499969482422,1.8712546918843993,0.19743875240021752,1.4425761914063773,1.039875056472978,5.7368233596390015,47.5155780040814,24.77786175234433,4.406822342735013,58.035630567276144
FVR,0.5366032010011665,17.84000015258789,10.85728833947361,0.0983857206021265,1.0450008311345027,0.9924502782405386,5.3750728349376145,4.305834338806443,20.67316527951066,3.0436804216010227,57.98406000937647
FTK,0.5381077143082178,18.719999313354492,0.16327289629509656,0.13819284911773821,12.324488447580826,1.4926281204300689,14.917116397223436,4.1685445785965625,1.9607771841813055,5.269384475546862,57.95124238162212
TKR,0.5537748021611908,115.73999786376953,13.464371602237984,1.4903414139551299,4.5301821506871045,1.5038937059823894,11.374133855828607,6.31801241969424,17.301642200994813,3.5061653613145736,57.86216596343178
KRNT,0.5025196788650633,16.479999542236328,8.484717390085873,4.330666515531502,3.099875893273162,0.08766124424692588,3.1934831975458016,2.4507945945276406,17.128641787585565,4.541869511226357,57.571495546179094
ADAM,0.5553826781709104,8.9399995803833,9.578351379104626,0.839398411176643,7.097929219457903,2.0414395241819085,17.32283089862726,3.964891041162227,27.53209552540083,3.858979754657593,57.52461322081576
KURA,0.5126606551553251,9.479999542236328,4.785790013764187,1.035785221858704,1.9176703023478558,0.9568853710489844,6.040268312512295,37.988423683436324,10.10452868930526,4.6262799370540435,57.51523675574308
ASA,0.56056108454948,69.91999816894531,3.767830373163948,0.2924888898132199,4.933444384161299,0.4914930569289869,2.5259300303575336,29.662131754768577,-4.2249261403375575,4.412274239523938,57.42616033755274
FINV,0.527941222237495,5.090000152587891,1.36693952181443,-0.5832795814018178,2.662367091443811,1.0680219437470788,5.821210251165504,27.470851026883675,-1.2249416619364504,3.1644682105537245,57.34646038443507
SCSC,0.5278811263806449,42.0099983215332,7.22488411256966,2.3000115645715953,1.7930657713916287,1.6352261653520384,8.890607381020546,12.496117891859996,2.288771934918126,4.662155144095535,57.182372245663394
VTRS,0.5371838237085254,17.3700008392334,14.610384580731104,0.8865748273978743,12.274583293200338,3.2914947192368924,23.982873342036353,2.8583342208836546,-0.11500029393786745,3.3432036280376374,57.121425222691045
MYE,0.5371838237085254,22.760000228881836,4.357141521053483,0.3520400421334369,6.487006652772366,0.45826301424877125,8.277829367947145,1.581544062576617,0.5564872899327887,4.892668242675513,57.07454289732771
BOW,0.5171379923760755,27.420000076293945,5.773684665946704,0.6012099310962916,9.162569680107211,2.1088837738491635,12.055581714744616,17.25130339043425,12.56157384707309,4.395904461211328,56.994842944210035
YMM,0.5313638545022747,9.270000457763672,12.173682851791229,1.176440832882619,-3.550123475352345,0.8282523772352554,5.221339570773513,62.91605153481095,-5.201793502772959,3.132995601252754,56.91045475855603
PANW,0.5406735762639734,227.7899932861328,8.224580646108238,0.1287407279535002,22.080493648980095,4.738756876323472,36.425700197889306,0.0,37.80398613448933,3.6750641381029876,56.88935771214252
GDS,0.5405802058205554,45.70000076293945,7.140495583900555,2.9759306012640874,4.46669560481529,0.6337629309758624,6.3532684771194985,14.612833227412281,7.935759561084546,4.840106650777303,56.62447257383967
NOA,0.5224023971514515,14.34000015258789,2.2483687843064333,-0.5157163428083057,-1.9535802504250683,-0.21201892828749358,1.7021259901279961,40.84133487630188,19.23936529768931,3.143056086271897,56.60571964369433
PFGC,0.5393702815783878,95.83000183105469,3.7199659590780407,-0.4458526814714981,4.773464709316514,1.0123955035676293,7.662059915816581,16.450724249851834,6.64366924113838,3.2699264061026967,56.50257852789499
BIDU,0.5377477627718209,150.5,7.272154901979498,1.4809056514764973,15.124093412361406,3.3618890990222994,20.371112108430147,8.516165574770062,0.1330651657884433,4.66682350799604,56.47444913267699
CDNS,0.5550250566230085,354.54998779296875,9.932211209634906,0.05185480353878171,4.9287316477383225,2.9260713786716446,15.503647922371055,4.125709279957037,25.079375742839517,3.263594318999886,56.39474917955931
MAS,0.5392585250326398,67.4800033569336,8.163115379469552,0.1596487195844081,-4.458503657508578,1.1080096926409055,5.884204992270793,42.518667558885696,-8.761487030374875,3.2978022302297445,56.3525550867323
NVGS,0.5220100073045716,23.270000457763672,13.66930430575564,0.05697059615982032,6.99342720209017,2.199144925849606,15.255075988522082,2.077074078852782,28.492543750538363,2.9329603443620758,56.03844350679794
TDC,0.5377477627718209,32.70000076293945,6.115732248828307,1.508391900636791,13.021039798836526,3.332001391070083,22.1516630689279,8.957302691072098,-13.674762827288303,5.167102734827901,56.02906704172528
NOVT,0.5371838237085254,155.44000244140625,5.9514829910946805,0.9599805077418888,15.729678258329432,2.7026614716987236,23.4630663679704,2.8138972533990327,-2.3556755716218563,5.121406293552014,55.972808251289266
ZBRA,0.5118078154399006,246.75999450683594,8.109640159174724,1.9942903225628001,4.16817416707485,0.5066737355339083,5.887401997904481,31.403101197618778,2.0555032708905787,4.348932980574018,55.972808251289266
CON,0.5271830970019293,25.8700008392334,6.615417614615997,-0.19501918363845674,11.523045720114531,1.9446703762343882,15.853116558279359,0.0,7.077818719165584,3.5093049255904973,55.87201125175809
INVA,0.5106483859959342,23.139999389648438,6.691225061901328,-0.3127583705216333,-0.33809486884588874,-0.7862408526903268,-1.9491567134167571,18.945305684475,15.757877210803468,3.049759050921759,55.5743084857009
ETOR,0.5553826781709104,41.290000915527344,12.115385969917753,1.7616321807138624,9.442715631014972,1.710565131617909,8.65789714589675,6.6167296371144895,24.85636920565522,4.044733860892989,55.41959681200187
RGLD,0.5044890496908698,244.99000549316406,3.000575208795809,-0.4212701217842718,-2.5018617152620974,-1.4247466802492508,-6.538739965020652,51.02691369825848,14.042565130422904,3.275643563457865,55.36333802156588
CBOE,0.5315895894112109,366.70001220703125,14.701219434005749,0.16965564391374935,13.914537774802255,2.6620024959410973,18.527379410232168,0.0,28.432343204239835,3.0787621227089317,55.3469292076887
INCY,0.5392585250326398,98.81999969482422,3.8638321395716746,-0.31222831835955717,-0.330400079615174,0.40897121201875775,3.6718422274117235,59.10724528180191,-3.768626599023137,3.280858038324434,55.33052039381153
HSAI,0.5228116609506561,24.040000915527344,4.518695417215677,0.6513122405915567,3.3645097765316807,-0.6296609884483894,-2.0374897364541544,39.7280164366257,59.94678204944685,4.8377700760450395,55.283638068448205
VMI,0.5012920657088691,513.6300048828125,11.842732425292375,-0.1419073931609778,5.2524822938819336,2.8469542993465593,27.848165496585942,4.473413182789137,11.958065519274006,2.8323601472268294,55.119549929676516
WEN,0.544475125600806,8.1899995803833,8.070744326829521,2.143795648173415,8.077136649002696,1.7928429920701454,19.562039331546373,13.84509062833077,3.6708795123840106,4.805512394198579,54.9648382559775
PACS,0.5762640657994883,41.29999923706055,3.2510714334864907,0.17205665741210208,17.07012661758303,1.8059414782487921,20.302933393664482,2.795257924890696,57.99541010255565,5.385853864579353,54.833567744960156
LTH,0.5406735762639734,33.790000915527344,5.131768050133978,0.11117856487966431,16.50920923394445,2.873155987537325,21.98555951130515,0.0,30.665120331415658,4.630068319415029,54.770276605719644
LYTS,0.5260151912151616,23.790000915527344,12.276103088870657,0.9700934621017188,4.390551755040659,3.2604435546054087,22.886057989536955,11.181338624594686,10.26777978668364,3.7728865470312325,54.6460384435068
ALRS,0.5038969556740541,26.610000610351562,9.548725515816908,-0.23912816575310697,1.4313228374364608,0.9873737603634377,6.1851603247392175,11.335791229324203,-1.2249440131844782,2.912438456341736,54.641350210970465
BJRI,0.5406919148364935,41.34000015258789,5.722677723271234,-0.06470693732330032,5.174782496566836,1.495312017439944,10.83110187145786,24.966517644619444,-0.09666726557240041,3.8150518557194446,54.51476793248946
OSPN,0.5295666083953027,12.0600004196167,5.568011784655607,-0.19171677787382954,3.2622696529026967,1.2220491717653903,6.443075911402388,25.30889370526707,15.85014981970699,3.572020240352806,54.40693858415378
GRND,0.5116344313345174,14.609999656677246,9.005330606458827,0.46855886891137044,6.923300818492549,1.8523347464526367,12.905719708805588,3.3769230199257096,-3.180917766899536,4.140511842528756,54.289732770745424
GGB,0.5368495915974366,4.679999828338623,14.628907461917395,0.4519627477288356,3.3797168319272686,1.6732170147502088,9.859144995126846,5.794166179161482,8.157032744070996,3.3806482153095097,54.03187998124708
IMMR,0.5278811263806449,6.389999866485596,4.401349526329621,0.05594852370353107,1.3131945424457778,1.5650906854849607,5.124818846188557,44.52226412086735,-8.659956708895876,4.2253524354892775,53.764650726676045
DD,0.5544647319915268,51.15999984741211,6.136622710669092,-0.5109500849539067,7.688259254171672,1.3212335097636434,9.433154753620917,2.306893487401323,24.491760800255722,3.117670319677107,53.65213314580404
KSPI,0.5368495915974366,88.0,13.25622022549837,0.4861630492178539,1.8931278231974622,1.2574030393299793,8.334354749728313,4.952316328220598,-4.149872192427285,3.604870337944526,53.520862634786695
HBM,0.5568064392308131,27.739999771118164,9.542875708366653,1.4727501453590164,14.041397254909253,1.2171276414788035,11.316210618288416,3.5693212963393837,3.1164404927869773,4.781646347562398,53.30520393811533
PSX,0.5502244026556327,171.82000732421875,11.107793142593705,0.23101764688546017,0.6586028826566735,1.2627601511228568,5.198068571562239,26.998006019830868,-1.303916974788731,3.4300842654962707,53.30051570557899
TFPM,0.5186375528363174,35.58000183105469,4.013266176113866,-0.3650020089275025,1.7586161441106067,-0.09807124139784061,0.5652932642617771,39.16128814702411,9.814815294183447,3.510398932215655,53.25363338021567
AGM,0.5408788315514454,171.27999877929688,8.502897437095342,0.12714881267234643,-1.6753874346704711,1.078097968670469,4.477245473062158,37.86005021599114,22.133479798975415,3.569135222352156,53.18330989217065
MT,0.5568064392308131,64.47000122070312,12.090322835235781,0.285211386631676,7.356959595438275,0.329966900981309,7.845437499326358,7.679557660601513,7.324790324886207,3.55204063857468,53.07548054383497
PHIN,0.5544647319915268,79.06999969482422,10.80013933012141,-0.04772962374602114,5.72056931332697,1.7433000389924749,13.248352965193758,1.1238665166791773,31.19542972019726,3.42652982910771,53.033286451007974
ASH,0.52204107754693,56.5,5.6762969212444245,0.9083438791197078,-1.6569936171994786,-0.024375283611455353,-1.687839220606822,62.369757438485166,14.954218200993472,4.741466150874586,52.87857477730895
LODE,0.5058893129819388,3.440000057220459,5.282360824061398,1.5840503450660106,3.6612942822963306,0.09435511822427085,12.786888881100644,29.924778873633596,27.881040288755777,5.938536404209466,52.869198312236286
SNDA,0.5425597215633942,38.779998779296875,8.98369948659354,0.8230283174414985,6.102679633280177,1.4305929891133031,9.486168221212957,0.0,15.382320960741605,4.726276702460124,52.86685419596813
CRON,0.5112908893877145,2.7300000190734863,3.0387177125788445,-0.19679119888070432,2.1706588304252312,0.7351557084918791,1.865669815379049,40.48581607048659,-16.513760392588367,4.201989566224159,52.761368963900615
PSMT,0.5157098141872822,158.11000061035156,10.117942495077877,-0.15811850407831576,0.21423350659025733,0.04597341607640013,0.9191309492735361,9.357051120292569,27.405852968741907,3.2007514785040945,52.761368963900615
ATRO,0.5834542390173851,80.08999633789062,9.450728589976073,3.060972687557255,7.507679781173176,0.5052445506115142,7.000665291277487,4.098657722543277,46.17630041822388,5.170603519523973,52.51758087201125
MD,0.5553826781709104,23.979999542236328,6.218146260658368,0.0630339355185212,4.982049007511156,0.9769683245628661,7.969385549958946,4.368336580333515,24.24870720174222,4.485137326945265,52.245663384903885
NAMS,0.5406919148364935,37.75,5.254890083485434,1.3908930245604247,12.032902503779003,1.7991172439780139,13.704816663747128,15.825688073394495,-2.5303370869971307,6.390728043742978,52.23628691983123
MSGE,0.5368495915974366,66.22000122070312,10.508696918253497,0.8483685488852971,2.7359561219045747,0.8653671234026722,8.326517362289916,5.36579337018449,-0.7791379378225904,4.413425416703452,52.01593999062353
CNS,0.5092803640170206,72.7699966430664,7.209752834087535,-0.7101996554644444,5.872498212837065,1.6259630587083012,13.623637734888314,0.0,18.9290695580621,2.7947576838287937,51.741678387248015
STC,0.50317388195322,66.5,5.479404288897042,-0.4782518629442015,-3.376728212495822,0.4707923906639636,2.417988121701717,65.93302179034782,15.873846849763193,2.939840904752115,51.72526957337084
ABEO,0.5293040460279761,5.710000038146973,9.7642309136699,0.9422837063063515,2.0371695837497263,1.4503262281881457,6.1338274465633456,5.5752345537640595,19.957978222381723,4.6572435596145345,51.692451945616504
ABEV,0.5578386815801059,3.1500000953674316,8.94918712596812,-0.07491215733755106,2.4390270937026934,0.4245587032900474,3.2786932649758462,12.461320210619792,27.530366745157785,3.6167810819912707,51.61744022503516
ARIS,0.539463628512795,19.709999084472656,5.560923637143596,0.016677396625584356,3.5814646528057192,-0.6266813343475048,-3.049684414803867,19.282701118889715,22.346358395445577,4.502428195792713,51.20956399437413
NGS,0.5548224426656349,41.79999923706055,9.818029668556427,0.0006347867754514854,5.296301270458431,1.0127354123171537,8.51505384276454,1.619210423988085,21.062075471921936,3.840568440487456,51.16268166901079
CX,0.5548224426656349,13.25,7.17038125903771,-0.5268557572691681,6.246491421876982,1.6837213497041175,13.636365122289613,1.862223422496766,21.485658382222738,3.177896792676571,51.04078762306611
DNOW,0.5012942213451748,13.140000343322754,8.882033226190869,-0.0781529391304137,-1.6325917084886763,1.3040225525836466,10.513035860397185,44.694202753875686,10.886075276093544,3.3822575087931037,50.99390529770276
NHC,0.5445208007037291,194.7100067138672,13.709943713782907,-0.07800051163730401,11.61236588506984,2.3956613399474724,20.70547992100382,0.0,23.090747595485215,3.303080411947099,50.90717299578059
HYLN,0.5456291810525362,3.5899999141693115,9.868724128212799,8.317980436922213,64.45258524386901,8.310592700651947,86.9791663303267,0.0,88.94736622781055,5.720254812447825,50.8931082981716
DVN,0.5405802058205554,46.900001525878906,12.500254841327186,0.24735608028349126,-1.7410035859875514,0.27837027774447853,2.4464892451331086,30.719566156396155,-3.6169303884423174,3.4754795845844773,50.89076418190343
WWD,0.5084860661947,369.7799987792969,7.090923535553959,-0.27505916840170763,-0.8366854411920308,-1.1745429785508203,-1.368329687842172,39.56841284955459,-0.2931805427316992,3.367254447332266,50.88138771683075
KRYS,0.5371838237085254,312.5799865722656,8.200291050384807,0.12550988229912877,10.983877107234685,2.359046421605826,18.374607839917807,1.091569279072985,8.595049523710799,4.396452821987654,50.87201125175809
AEM,0.5153621554232574,195.97000122070312,3.582177620083665,-0.5113124289139783,-3.4528756419819078,-1.5538653336129276,-8.821473084768947,49.50084451340923,9.400991391036584,3.449506977793395,50.84388185654009
RJET,0.5550250566230085,22.1299991607666,4.987866400795742,1.177438573337718,11.197644541990714,2.245112343693865,10.099496222235619,5.5864461018170095,32.27734468596209,8.37986499970308,50.815752461322084
AZZ,0.5368495915974366,144.30999755859375,14.252960383838415,0.011333293358037382,1.475186334102311,1.052034301040545,8.047446967008211,7.88877390807879,-1.5553576889557412,3.267767833541029,50.815752461322084
CRWD,0.5406735762639734,562.5700073242188,8.40127691777257,-0.26200109058088766,19.102513876733372,4.874940606799795,34.52175774814934,0.0,60.582887245242055,3.6026847570077813,50.80403187998126
VYGR,0.539666072643737,4.150000095367432,1.3215860740778196,-0.267640766698436,3.1055915756812924,0.7737187849709558,4.797981195509964,24.8753615967003,-16.999998089251367,4.870911977060867,50.79231129864041
DCTH,0.5425597215633942,11.609999656677246,10.163572409542528,0.691097209482073,5.920989348381148,0.7769045814263856,7.202213650914333,0.0,29.575888470448753,4.727514046982384,50.78996718237225
TFIN,0.5405802058205554,64.37000274658203,7.292935511542123,-0.38428278283182193,-3.034589402435687,0.5703850264631591,1.24253050135814,35.39368005266623,-4.382051339232511,3.1484276046954833,50.76887013595874
LLYVK,0.5069444836990337,99.19000244140625,6.631431118074501,-0.6164278772250961,3.83310765583838,-0.24074632503464252,2.131383480501142,7.484465001675078,18.60577029633501,3.0561848584679385,50.71729957805907
NEXN,0.5197777256409316,7.610000133514404,12.480502510129124,1.005002767862538,1.7175717125830756,0.7677280516738185,2.8378383163813616,3.068985692250412,7.79037103561821,4.418996758805323,50.6938584153774
DBX,0.5165349091527097,26.200000762939453,5.850995456429913,0.13202386124158114,0.9650152605863632,1.9196600935460884,8.713694390632712,41.239867674934885,-9.34255671673502,4.453382289584145,50.661040787623065
AD,0.5256541230421788,50.84000015258789,6.526926850583906,-0.19879299131893508,2.3751279078801284,0.9287952663529904,2.790135652308508,6.8086840962793325,10.883319180859838,4.05136648280379,50.63291139240506
VNET,0.5746843622243606,11.279999732971191,8.496346591951186,9.577162022837948,16.215772670338843,1.693759494270985,21.682839004687498,21.6735156142716,-9.470307395412862,5.63893167265167,50.50164088138772
GCMG,0.5205157416808431,10.869999885559082,4.122019721244599,-0.3504739202663039,-1.0063298596020571,0.9144374682048759,2.354048989363981,57.32343180167425,12.17750625544743,3.681165353178416,50.48288795124238
SATS,0.5028557432697165,133.22999572753906,12.061093050081489,0.4350823373687095,6.480072252427986,0.17373188985656138,0.5509401717234363,0.5239114028698175,21.294610496419715,4.176988313407596,50.44069385841537
SCCO,0.5090329676820071,191.88999938964844,5.016569936249097,-0.3292830712183556,7.493913983495086,-0.1991816573770133,3.498089239892506,19.218424348667387,-5.041454355859484,3.9737601671528324,50.43131739334271
LINE,0.5834542390173851,39.810001373291016,4.271366904944415,-0.5464988662824423,6.552114663485291,1.4858077408346801,9.128294607317493,3.967090346999576,19.681695257659197,3.766640738443889,50.384435067979375
TSLA,0.5406919148364935,445.2699890136719,7.3914751424220935,-0.1346922692687484,7.499279447700832,2.781429399967731,14.494727693939453,21.295982513988346,-6.3200876689229535,3.829458324014308,50.375058602906705
MCY,0.5541326213278818,99.56999969482422,6.4085453290301535,-0.5085010370141397,2.4361639047254755,1.023202771578906,5.376232348237526,2.031754068468641,14.41339944612666,3.4311767783117784,50.290670417252706
LFST,0.5381077143082178,8.100000381469727,7.477111555434374,0.6759462564692881,9.52606771015541,2.908230570839232,21.43928468672432,3.8641771105210263,7.001323615848981,5.454145154471853,50.20159399906235
TILE,0.5435086286118365,27.709999084472656,6.442422826229979,-0.07260891284934745,-3.6446007087740178,0.4406552018042176,3.202974639674195,56.84634330198806,8.160154234896144,3.858845084975693,50.11720581340835
CMBT,0.5220100073045716,14.979999542236328,14.793559420458418,-0.23575520674593706,8.186180808482762,2.3543760626880683,15.944268216860905,1.658035468938257,34.50127341042712,2.9510782340737745,50.028129395218
ARDX,0.5235238042350369,6.380000114440918,5.315153986941403,1.1241979759395084,-1.0776016962153874,0.49863680663878585,1.5923551158559048,46.08624584171835,-17.571055513158782,6.003694687130874,50.00468823253633
IMTX,0.5405802058205554,10.789999961853027,9.677630489249028,2.0996861200431627,-3.6521127595559872,0.4034429660140567,-0.7359698669820207,17.762693650935795,7.577270678360507,5.242287002686714,49.95780590717299
HWKN,0.5452153149649395,161.8300018310547,11.618665036532096,0.45380330714076333,-1.7843045569722906,1.7494454028395643,9.722690218801326,12.78939234529245,22.338980438635513,4.154050742325849,49.94374120956399
FAF,0.5145389626480008,66.86000061035156,6.8231030124646415,-0.6611962056318788,-2.366365676327483,0.9605035335032279,4.763398511464194,20.127664670877664,17.60774389573833,2.8946429887768903,49.929676511954995
HLIT,0.5236788631550632,13.350000381469727,12.68138676229768,2.4718316563037797,16.951382029026107,4.351403412339556,30.626223408550064,0.0,3.0888075526265224,5.041038099721573,49.90857946554149
ASTL,0.5025196788650633,5.0,9.674160038891184,1.6413752893460822,4.275287170931792,0.14619819265306677,4.821803353143696,8.963802910496812,40.05602501672054,5.357142175946918,49.84997655883732
WRN,0.5600854252027783,3.1600000858306885,5.3063789756630095,0.29738380960607214,8.715599443652506,1.464620024171764,11.267612014780626,34.317049280211734,-0.9404379574370912,5.221519255096739,49.817158931082986
HSTM,0.5165349091527097,22.889999389648438,3.4047767986577373,-0.2886945263442202,3.7669371088784556,1.7586371596334138,7.162915428400185,28.903682310469314,-0.4513179199761251,4.415528272852258,49.73277074542898
RLJ,0.504595014065249,8.890000343322754,9.122156773201747,-0.6854206137822911,6.231705180481751,1.3687845722245333,11.1250042901438,1.6940808304392627,6.467065115191151,2.743852927150947,49.47491795593061
OCS,0.5377477627718209,31.3700008392334,12.885344705280739,1.5752075167914388,9.900506851288887,2.17823200098578,14.614541020108678,3.2246578197735007,9.493896184378798,4.838562646637899,49.39521800281294
GOOG,0.5162832931766757,399.0400085449219,13.199915862036049,-0.4271720897933776,9.54572165196043,2.6108491235336544,19.914662294960785,0.0,25.469168051786646,2.8027082558247636,49.38349742147211
MIRM,0.5590358419583542,109.16000366210938,10.734252039915875,7.830837516003471,9.758186279669099,1.6568881109822724,13.874403261982508,1.0270733973998918,40.41678243032068,5.774094166686469,49.38115330520394
EE,0.56056108454948,36.220001220703125,3.2262448766317218,-0.49993692472303825,5.195901587352441,1.1233977222324956,6.341749149318911,22.56820755181411,1.3987147637735435,4.0965918809089885,49.07641819034224
WHD,0.5578386815801059,56.06999969482422,8.301256825025098,-0.4613560116221477,1.813096936293072,0.9763653244155134,4.413405769402267,22.183766499098432,23.14510681175111,3.0962577711737183,49.03422409751524
RNW,0.5165349091527097,5.440000057220459,9.890379551393327,0.008281664594599836,-2.9221495030986384,1.8623948998507949,9.018042217490482,44.84909895362356,-1.0909080503387625,3.614757453739189,48.959212376933905
VCTR,0.5544647319915268,87.0,13.937320700436146,-0.19692614837519462,10.590289961755666,2.984058329216337,20.74947441333933,0.9507205736301106,21.974079583609814,3.2286520270486965,48.856071261134545
MCBS,0.5213132088519126,31.40999984741211,12.051600572058287,-0.3825410624081327,-1.5191791395248941,0.2974837131945194,0.34403471970408583,10.446226395496186,15.189548203294054,2.9259464245728926,48.83263009845288
MOG-A,0.5089205521508016,307.8900146484375,6.855854837118497,-0.3137103712605069,-0.47266688586860234,-0.2075318560080423,-1.839262368597925,32.47040761495356,5.745752536048702,3.6173838844314443,48.771683075480546
SWK,0.5499253441297615,77.66000366210938,4.672635672758172,-0.3306860484065816,0.8217944564225634,1.5751821030097934,13.421939940747757,43.091355713506935,-7.217467054261598,4.003714126395492,48.72948898265354
LIVN,0.5248513308694647,72.44000244140625,1.945077828620263,-0.6622518504448969,11.300610910539296,1.5263662605540569,11.429011015092255,0.0,3.0587587108330436,4.297152734972644,48.66619784341303
ASM,0.5908269929370823,7.829999923706055,4.715454271296902,0.47466840506101016,8.702190211081815,1.4677032572480022,8.750001820037804,33.30375635391434,38.33922498960367,6.175881226570295,48.635724331926866
NSIT,0.5598257292131197,87.31999969482422,7.133248715442497,0.3871524773950675,8.730594104108768,2.6818941003383276,15.594385274516902,10.217576369503673,26.532382251174603,5.408677686151567,48.570089076418185
ENPH,0.5701507382836732,42.0,6.628009672910536,1.0602523623751738,12.511853853547517,3.1800766062899886,31.41427159830866,27.77822637033067,-18.71491873705934,6.161564547999376,48.51383028598219
BRKR,0.5574814614807697,43.849998474121094,12.796981929796193,3.8798094367084475,3.6859047988331395,1.727444529824096,12.609142322666248,41.44958556740236,17.077687443545166,4.560986802004517,48.51383028598219
KEX,0.5213132088519126,146.6999969482422,14.952441563700155,-0.2810870881260623,0.26449902514935925,0.30300732486728404,2.244216139227726,7.246243284775564,18.10643106783495,2.94185937642949,48.340365682137836
VOXR,0.5832548501709689,6.28000020980835,5.75385827846716,-0.41294935542958117,12.348498208562827,1.2957009030977824,13.153153042419932,1.8356518588462636,21.945272139190973,4.088944119752506,48.326300984528835
NUAI,0.547805202600977,4.989999771118164,3.7375385336896954,0.6409166020429877,8.16766557105929,1.0452165354045841,0.20079823301948851,32.142687820038304,-38.08933608298297,8.66017816810322,48.27941865916549
ASML,0.5263503437652433,1581.5799560546875,11.660376613077334,-0.027894329603384258,7.843198009080641,0.6101146824042947,12.347660880316367,1.1134179932590602,11.540005518320935,3.9649345513167344,48.16221284575715
GOOGL,0.5162832931766757,402.6199951171875,13.856822352961274,-0.4341475844224617,9.74025748788237,2.6190072747938045,19.820251259102214,0.0,24.649693979659144,2.8447435816973963,48.150492264416314
ANIP,0.5121696420031242,80.87999725341797,3.9076424493760866,-0.5083153383714881,0.516998531275388,0.3748585403172679,3.5993308179096224,40.83166925894336,-1.1971699848701152,3.7754346343556353,48.10126582278481
PAG,0.5408788315514454,166.5800018310547,5.937514439685669,-0.6509819825408969,0.5553550750379945,1.2118411181471611,6.768361280188742,16.711676264739896,18.477947794843423,3.307290084447555,47.99343647444913
PLUS,0.5126606551553251,83.22000122070312,5.654245488748011,-0.28409329065110783,-2.452173554675321,0.49652201100713045,1.105580961110487,65.78314244941271,11.779724152896968,3.7413749233773266,47.97937177684013
LYV,0.5071945042260286,168.4600067138672,5.967451382383493,-0.9445173088646658,5.9340322914149874,0.2935833418366285,4.90068532000499,0.0,1.6043447606348702,3.078301606085762,47.93483356774496
ADNT,0.5435086286118365,22.030000686645508,3.0179599910330777,-0.36527235523002244,1.8751906454701508,1.0514268813628491,6.3737405140630194,26.410234280603195,-6.652540971950269,4.629726573585764,47.61837787154243
AMZN,0.5283034656162545,270.1300048828125,14.376097976124866,-0.4684278915100485,2.7219649016240006,1.3006773794205286,8.181821459422455,3.6468872883787986,28.437616715232082,2.7338680054369386,47.59493670886076
LLY,0.5596651211421233,1015.75,7.180421817204717,-0.35947290121154385,1.3133799730708404,1.1654816987890908,12.362969830730721,51.83002512794378,8.682861816158248,3.4102958447696547,47.566807313642755
TSN,0.5366032010011665,66.88999938964844,6.770864332202457,-0.7713666524760484,1.8934590627164822,0.6624245330060282,4.5319544226738095,6.389848637284203,18.992999661782175,3.0633673990101196,47.51992498827941
CYTK,0.5248513308694647,77.22000122070312,5.711654078058971,-0.007512299675585119,13.05341024347237,2.1039960094610124,18.037302631993754,0.0,0.1686404060015692,5.668405113023831,47.50820440693859
AYA,0.5420733689876046,21.399999618530273,12.25637378825455,0.9234475773243185,17.57918521413484,2.6160743940737308,18.954974378026975,0.4943360417531582,13.46765072027581,5.033310418410799,47.49648382559775
COCO,0.5406735762639734,74.7699966430664,10.140455236221047,0.5361185836787971,24.18718103527589,6.550631351826166,54.69121352800218,0.0,36.66605354398618,5.213416064725209,47.49413970932959
AKAM,0.5233176280667373,161.13999938964844,12.826435581122661,1.9722500040838717,43.31389918610141,9.204941380891533,66.44975049343927,0.0,9.092134632222928,5.462419377750427,47.48945147679325
SGHC,0.5368495915974366,13.050000190734863,14.945870557263685,0.8024286167634146,3.78146370103811,2.5109040078669134,18.960801029039615,3.8907176865669872,1.006192830210463,4.441707005384496,47.318330989217074
TLN,0.5121696420031242,351.0299987792969,7.345906244344583,1.5711492667576041,-4.423116923026722,1.1559499903137758,-3.137415924020088,66.09063493860579,-5.550773470236668,5.636288854533225,47.22456633849039
HCSG,0.5297566328676818,21.5,8.106944216895327,-0.277239308614122,0.7049350455862042,2.028673789583348,14.850431562322782,18.406224428078417,10.03070108771002,3.774087215182789,47.21987810595405
RDWR,0.5047837362424702,26.950000762939453,6.897600898381348,-0.39417143134974314,1.1560721988225202,1.4817359215847659,5.727740309430242,13.462681675187419,12.479139368079878,3.7821362453718357,47.19643694327239
CENT,0.5046419194668633,38.22999954223633,6.226272388219975,-0.6556786990832781,1.3319180640190043,0.22181465280923335,0.9506221824552328,12.311304931231128,8.638820784532838,3.368708007022715,47.17768401312705
CSR,0.5192302123754567,68.48999786376953,6.639679444046082,-0.9290109061196297,2.31321306872204,1.3106216564261188,7.5871788059357,1.2483053999256173,7.458612921448404,3.0338114922526787,47.135489920300046
BAK,0.5352619527206773,4.96999979019165,11.641281328879984,2.0748169522581694,24.890056346898824,2.3890318307916125,32.53332772976846,0.0,1.2219947990211233,5.909744069740213,47.13314580403188
BZH,0.5508727903603978,23.6200008392334,6.161214900699957,0.6607728037644928,5.943436032304083,1.5757177392254074,14.995130410280352,28.73669973379554,-6.120822803883693,6.326357606445283,47.05110173464604
SBLK,0.5051620833903371,26.690000534057617,14.251619027662688,-0.5378755881532842,4.829051204792753,1.35751142261578,8.805543362662805,3.8581513708750617,5.7901567974751345,2.694963710505707,47.02297233942804
INN,0.5548224426656349,5.329999923706055,8.637396004156775,-0.384988796746016,5.180067659982841,1.6040099291346064,12.923732213988057,1.852048010131183,27.81774162855346,3.6987406437800163,46.96671354899203
CWEN,0.5198677560923077,38.04999923706055,6.198413870451401,-0.34125648519639923,-2.6156849815740566,-0.6946656938855745,-4.922541724438511,40.314732425330455,17.991513951832548,3.852073785341144,46.77449601500234
IVZ,0.5048000846167132,28.09000015258789,5.719895779666065,-1.0756755917201508,7.344849518982806,2.0931278908093103,16.99291913636993,7.081288220815115,5.501886959309531,3.022172212346889,46.680731364275665
FA,0.5535058944554857,15.680000305175781,10.789973216079868,0.5638986019530371,16.2084055341639,4.554348424550167,29.801327846923197,7.020040346447942,34.131743949304195,5.022320288176461,46.65260196905766
LXFR,0.5553826781709104,15.420000076293945,9.600853850655543,-0.11670856793865468,8.347386576808667,2.4053752649513602,22.47815638746885,8.1688140407832,35.35379325010233,4.1180282312688306,46.615096108767
VLGEA,0.5096422690883567,45.2599983215332,11.606038230298244,-0.7058496289045286,4.813400334458905,0.8689658415151468,9.297267539760023,0.0,36.20646110098927,2.739724419237244,46.57993436474449
CACC,0.5368495915974366,525.0,9.396427720056368,-0.38978322415441957,1.066882104309685,1.0818281486587598,6.154966554434738,7.127583401931798,2.683461362352016,3.5172787620907737,46.46976090014065
ATKR,0.5368495915974366,75.44999694824219,11.475167666396038,-0.06427563131366769,2.286357236171798,1.29496506213685,12.628749595649447,5.308355712925977,9.157977358271435,4.059359537618947,46.37130801687764
EC,0.5066825379524942,12.869999885559082,14.19992936605142,0.47188643231627514,-3.9833632185753456,-0.0484394794707613,-1.8226987956166678,36.99503712117324,24.853942648592213,4.063929296812292,46.17909048288795
MED,0.5254002932021861,12.479999542236328,7.316663020496252,0.017075522599316693,8.418031718115465,2.260915134455498,14.811404539829248,5.338727458724677,-4.147472323350595,5.156821572812491,46.104078762306614
DEI,0.5427466685737171,11.739999771118164,9.595588870844612,-0.5376721302557554,5.126481766483451,2.8314920032437225,15.098039122541875,7.483647757818582,16.68466185232656,3.2185452778417263,46.07126113455228
SRTA,0.5302294119725582,5.429999828338623,8.739354507002348,0.7099817507597832,7.9415529480833165,3.732343412267315,20.66666284737681,16.688693827056166,13.124991925803634,5.7353319095961375,46.02437880918894
ROK,0.5544647319915268,454.989990234375,7.958318275170037,-0.7466922286750214,7.7039588395062895,1.884567221165516,12.953996423105533,2.4719182320342177,19.520925825221326,3.119142843651587,46.02437880918894
AGIO,0.51664289091293,28.770000457763672,5.648872173434315,-0.36794001956023914,-2.200736711341402,-2.7453242709913823,-17.61167821731095,22.207985359114197,28.782454167275816,4.213217896455226,45.99624941397093
MBUU,0.5319336960534787,28.139999389648438,9.664525538936294,1.0686622782302102,-1.2998115986068925,1.7192974108212904,13.788919977334762,41.75587935743715,5.353801400740394,5.297238765660149,45.90248476324425
IFF,0.5863312205837137,77.4800033569336,3.5243715114690812,-0.7396142429341054,4.8791602696784055,1.2943661410882619,7.52151815417075,18.120050822856808,18.50021563585767,3.8590609951047723,45.89310829817158
ALSN,0.5352080705470948,122.47000122070312,14.874129917398948,0.20778896634694885,-4.8968741222125844,-0.682165920622148,-2.569606846405365,24.913976301843753,29.127538999458082,3.842341089687092,45.83216127519925
NXT,0.5124541559494082,136.3699951171875,11.420107633583305,4.368730495960321,14.198857449585562,2.1999416211792524,27.651402021477118,0.0,13.670078960970736,6.87515137466095,45.79699953117675
NEU,0.5121696420031242,690.7000122070312,4.379939138812883,-0.988939136922953,2.5861164473593234,0.8132740070245519,6.403957144402737,35.66399979777297,6.809599474456326,3.171472454529857,45.73839662447258
WAT,0.5231625586282584,334.92999267578125,11.387988672187342,0.4479492338395864,-3.9225274394125043,0.82537316108953,4.98056159266063,36.49159525884151,1.7405772345868127,4.4674583509393875,45.73839662447257
IONS,0.5077141320745517,77.5999984741211,5.105188194462502,-0.7482660699505664,-0.6806888364875467,0.018672809651067872,3.10921641169214,53.137212031853196,0.09028723839217724,3.191273124197374,45.705578996718245
BDN,0.5214482649917476,3.0199999809265137,5.5505034875531996,-0.6930094489100153,0.5828474707469482,1.4358106538580921,6.71378311927672,22.79789007186973,10.31143119296402,3.500471412405431,45.57430848570089
AIN,0.5422002878111922,63.27000045776367,7.216369048161981,-0.6320831551829442,8.218592467531739,1.1697724933155205,13.366778177341383,0.0,51.761463531896965,3.595700765842955,45.56727613689639
FLYW,0.5381077143082178,15.829999923706055,11.058229666404415,0.489997843046574,7.67974968828468,4.214369058297214,17.870436067128267,9.385894966268502,-9.594519035520985,5.040158458827872,45.527426160337555
FCX,0.5052266525754852,67.16000366210938,8.788430067717922,-0.4327832799637296,7.187607997243921,-0.5665855459673671,-1.6402975061427356,10.027961937741157,3.3439098056145236,3.5676951797068632,45.49929676511955
DC,0.5936757353504434,6.420000076293945,5.009216377761262,-0.470338954618537,10.480124506934125,1.6975849188174235,10.120071358622498,11.891643463022888,41.40969448950145,4.290165084120482,45.44303797468354
MTCH,0.5541326213278818,36.06999969482422,12.899579456599913,-0.12724996646958092,-1.4541456521894596,0.8111215140472018,3.798560272766139,8.543883404500964,16.857247745876965,3.76153568602562,45.335208626347864
JKS,0.5628794235545271,26.040000915527344,10.461787700869882,1.4608868059668445,1.7074968820520828,0.9934647669806004,22.024370801840142,40.49073609145732,22.024370801840142,5.464121484333226,45.32114392873886
SWKS,0.5254002932021861,68.13999938964844,9.556438941071974,0.6058902771356599,5.465998883229979,2.6101798805804806,16.081769171812617,8.828743335771666,4.879172093791465,5.645938747756232,45.29301453352086
ATNI,0.5080760765118656,26.90999984741211,11.910616781578042,0.8658690047217608,-2.98507521688845,-0.05044659480165858,-4.675875721508751,29.69081315646728,8.462587891195323,4.9370910103095245,45.26957337083919
PSNY,0.5374827682399357,22.270000457763672,6.507151227302225,0.016920612621140634,16.034912315388482,0.6766857957300252,8.634148574035757,3.1324435158855817,14.6755940789206,5.7636479790877555,45.241443975621195
CLFD,0.5362189036391078,42.5099983215332,9.240728451317008,1.6701039513800835,29.11357223269403,8.438040254844779,47.24626631562486,9.004576228348956,6.1688245491181215,7.292401370675893,45.18518518518518
RUSHA,0.519458288155158,70.08000183105469,13.182309415378379,-0.2291073253578295,-3.6694206894845207,0.193226748096955,0.5641451382046717,33.85800244707775,45.22604043820688,3.2797623525798874,45.16643225503985
ITT,0.5017912883110716,203.38999938964844,10.791873939368744,-0.5158158420710484,-4.496268748863338,-0.9704604737114122,-4.269042190322055,24.069399813413497,19.532266770193278,3.0469269202999016,45.09610876699484
NEM,0.5896595494761646,118.95999908447266,3.2661112452415137,-0.7154630495986392,4.685134130496554,0.463257466139715,4.893744152279411,21.48302167702916,24.175360432880623,4.11272762171682,44.75386779184248
AVTX,0.5406919148364935,19.850000381469727,4.358413511919159,0.3520859733000662,21.489394610769583,6.367863013484324,37.656035201594634,34.7732988546289,-8.986699368991022,10.033464530639396,44.73042662916081
VC,0.5548224426656349,114.94999694824219,11.391582319597724,-0.358610651599206,5.653056366100294,3.0942633439712406,24.002158287214368,0.8423029995530268,22.886103626262223,3.6351152675296357,44.6601031411158
MPT,0.5435086286118365,5.090000152587891,3.5618455472757575,-0.9592493441690538,-0.9727603201612623,0.28289919012776027,-2.115378090208766,49.029002305297155,-13.876263765887087,3.3819798224682986,44.55696202531646
CGNT,0.5405802058205554,9.699999809265137,14.325364452899434,1.8625434820332756,-3.2225890477341026,1.6737671207354667,0.8316000483308671,18.25300720079603,1.3584129422453621,5.304859136471906,44.43975621190811
INVX,0.5368495915974366,27.420000076293945,9.29707611380158,-0.46541635155656774,0.9665841684327637,0.6653566305821258,4.298208905942722,7.24867513491825,2.927930572398268,3.566399596453763,44.42569151429912
TRS,0.5667775358665874,39.93000030517578,7.597964564918169,-0.35255005333476386,3.0433711579377394,0.9115821894503813,7.355419697719393,5.985925860495245,26.415605791155677,4.227565960931857,44.24753867791843
CMPR,0.5541326213278818,89.27999877929688,14.51590280143757,0.6516377178122249,3.294476846621925,1.855452508629103,12.755744424180465,6.9774108809229896,22.31812767786108,4.841908459081536,44.219409282700425
CIVB,0.5260151912151616,24.450000762939453,5.8962794197864685,-0.6891964322514027,-0.5549434580671725,0.48736273437142197,4.4083356978844375,10.225990661829794,12.722776198900476,3.7478717902695204,44.08813877168307
INGN,0.5012942213451748,6.809999942779541,7.57202299426564,0.1753411045387198,-2.47046275469137,0.8084890519751006,3.3383882407327814,26.61191499628569,13.3111428169352,5.4751414244307375,44.01781528363807
TOI,0.5538637555350501,4.079999923706055,14.053516051924413,1.3424556815138078,9.70690788527624,2.763194238321594,15.25423637060775,3.9002882525837808,43.661973470968164,5.60574264884382,43.98499765588373
LQDA,0.5406735762639734,57.59000015258789,12.106159194392449,0.533132264624733,38.81289517911462,6.363205594625768,39.10627543382492,0.0,60.59676288839116,5.454815993067855,43.94983591186123
SABS,0.5114475799149449,3.9600000381469727,3.8521278530992893,0.27517793724575296,1.5341234035053326,-0.6744250546189678,1.02040717000802,47.33393748112038,-3.6496372374244244,9.333873118037115,43.93811533052039
DY,0.5544647319915268,444.80999755859375,11.8259718941608,0.10128407513182289,5.78485935476964,1.4593272877585082,11.096955925327622,2.2397813020765067,29.162550453434278,4.679444334595219,43.87248007501172
OKE,0.5038969556740541,88.79000091552734,8.607066450682689,-1.170929710915197,2.202885560339622,0.7977239781156517,5.450078743973972,10.345981881137412,0.7219023700786803,2.7233757159187295,43.806844819503056
IART,0.5124541559494082,14.899999618530273,12.873794137864348,1.436642414228585,26.116209917259187,4.562350845025682,37.45386908134479,0.0,12.708012991227905,6.294343456661133,43.72011251758087
PERI,0.5368495915974366,10.449999809265137,10.561762265546697,-0.5871720452175822,-1.3080248695337724,0.7948596254654057,-0.19102633478191275,8.73290691989375,1.6536972830083314,3.2194129034783927,43.71308016877637
TTI,0.5583067673297032,10.649999618530273,8.386630114058677,-0.1484697773925878,11.030020954431349,3.100983223173717,24.561396265528078,22.21377220864966,17.54965921740372,4.4969820012547315,43.497421472105025
PAAS,0.5925108140561034,63.65999984741211,2.7944851633652794,-0.7669313584439827,13.13813430098086,1.5338115184361534,12.652630929256043,12.449773807241279,36.433776372115716,4.375061940036284,43.39896858884201
YPF,0.5405802058205554,43.529998779296875,11.724582984027634,-0.41941345030206395,0.5381408603957697,0.7270062475820948,3.964652232432571,19.291938558448916,4.664579513211723,3.3622136216507252,43.29113924050633
RAMP,0.5235238042350369,28.59000015258789,6.698285237161791,-0.6466733052979076,-2.741869135578974,1.112735283281875,1.3111298661343072,35.494403043131356,-3.509952877490072,3.4864847009253914,43.25832161275199
VNO,0.5162874488691135,30.690000534057617,9.512830160922062,-0.6175734918238656,0.46861980204100484,1.4972434311034055,8.101448375397965,39.72830162755683,20.779223605447832,3.0861615941637885,43.056727613689645
ACMR,0.5269158579881917,64.75,12.01200097997854,3.118725137745933,18.792082232818657,4.031911763411009,35.205681405048935,6.543660009582965,13.516828472277748,7.382681037073824,43.005157055789965
GE,0.5015177106470342,294.7099914550781,4.623834222017408,-1.0676307873426847,-3.4578663245592054,-0.8647064460500562,-1.2001800218838388,59.321539162738205,0.047220932112860374,3.159282525573933,42.887951242381625
INDV,0.5381077143082178,38.349998474121094,9.043197228335295,-0.3034772071121722,6.569217789995243,2.6206968576648073,21.7073887506757,6.351494647714223,8.917919543326471,4.2475344862430315,42.86919831223629
BWMN,0.5426922242121944,32.75,7.588456613340415,-0.036302331305084534,-0.3992901855732984,0.7998380955782557,5.987056324429331,56.13102302397341,21.02734902492795,4.683751862337701,42.82700421940928
MBX,0.5579496257243994,37.5,6.145166567948008,0.3110110644297746,12.959461977773765,2.4661444404891575,12.88380078836568,21.24232619305211,23.274161425761132,8.528570629301525,42.733239568682606
MHO,0.5322051606373253,127.08000183105469,3.72734126042585,-1.1520172137744793,-3.879765474949763,0.6411201223887825,6.530305017751122,78.0533388813857,5.565712519062902,3.1212041605740692,42.705110173464604
DDD,0.5236788631550632,3.200000047683716,12.10648136724361,1.3666466839807403,32.14949653952935,6.2294361006145955,49.53270515524946,0.0,2.8938956782883936,7.053570450682741,42.67463666197843
NTNX,0.516173261762649,44.5,8.891843678663317,-0.38728603135473044,1.2011477980226077,2.6280048067194524,12.544256372031152,38.46655167611543,-7.943732189464791,3.755217379207213,42.5222691045476
PDM,0.5235238042350369,8.109999656677246,11.038151526517089,-0.3999434606385347,-1.115652738907707,1.3719790661574491,5.874671255488603,51.825169294646834,3.7084332303431875,3.307205170195091,42.451945616502584
UVE,0.5405802058205554,39.15999984741211,14.438538875878615,-0.01984831302539401,2.5699235997421264,1.9586527990273717,12.812642415775771,13.411800081616873,-0.4174189115397438,4.150375043913557,42.35349273323957
OPLN,0.5377477627718209,35.61000061035156,13.130820933506623,-0.23459547035592374,6.933727779306899,2.5592856324759556,15.955720194719408,6.131636180240281,0.7070135624368257,3.8933700694269686,42.287857477730896
PRLB,0.5248513308694647,71.8499984741211,13.89312476547071,-0.08733289081648493,8.921396090478648,1.998530351314645,15.775051376143997,0.0,6.967396803160566,4.321502586189595,42.149554617909054
AGI,0.5153621554232574,43.650001525878906,5.391716057491838,-0.47744812811951687,-2.625875284838488,-1.4497022323724686,-9.758109386264485,35.35328782723784,7.918381589920235,4.340532313736972,42.147210501640885
WRBY,0.5406919148364935,28.489999771118164,3.5766434976934347,-0.25083699886621663,16.757508889909907,3.422553152722401,22.960723681816873,13.13653311575572,-3.6523501346486955,6.687811556287181,42.06751054852321
ORN,0.5548224426656349,15.350000381469727,14.276190373861361,0.6871640437604533,14.326148196184722,3.8118067693697766,33.362294317063736,1.5396580093724836,29.864642787533995,5.5700330028996135,42.04875761837788
MPTI,0.5406919148364935,74.08000183105469,10.570337825596827,0.28808309760456835,8.127834359208997,1.7903178753716067,12.892408915335485,12.263589191028439,-3.867111110708907,5.540822997668721,42.04406938584153
ATLX,0.5278811263806449,5.28000020980835,7.573061505767793,0.9188679625716524,1.5873048781143884,3.4534238149007077,6.666675013984234,34.67661614446935,-1.308405533811728,10.017586465855102,42.00656352555087
DORM,0.5009321884360579,116.31999969482422,9.3967661288975,-0.18299967032915307,-2.4669741650595602,1.3445808701532973,9.518878351760012,54.091920863414714,14.061576648080228,4.0992207333931665,41.978434130332865
AMG,0.5042799135808184,303.4800109863281,3.486967274123476,-1.4363231867902273,2.1447858399810538,0.18308969901029043,1.362689859468885,32.65324705025368,-7.73656112652859,3.522254360935398,41.94092827004219
OR,0.5105775551592113,39.20000076293945,0.43917160978477215,-1.1237771587573715,0.24812000193090264,-0.14107295778602086,-4.086122369828595,51.790418327321674,19.44404827477019,3.9982690672474535,41.89404594467886
HNRG,0.5284020249667665,19.420000076293945,9.172767615995848,0.6047189623460186,5.434128878019442,3.8214209335450944,17.12907216818483,22.78361175121571,2.9146752123501445,6.493303843933254,41.88935771214252
WPM,0.5085586280566018,142.22000122070312,3.603847835330188,-0.9322156795548852,3.807567573463727,-0.41360027738979327,-1.7274737278160583,30.52165439299076,8.018929588581898,3.9328695440525996,41.87998124706985
DBVT,0.5157238402785986,19.600000381469727,3.642980313097424,-0.41876811942811987,-4.579686082618989,-1.2430425988482576,-4.900534686668319,63.22530748586512,-13.082035278350371,4.76129817315069,41.837787154242854
PAYC,0.516173261762649,134.89999389648438,9.482418804169491,-0.21406409770706974,-2.8199503433947886,1.869454890342176,7.464347333888615,29.831840437934616,8.075624279942517,4.263264328743653,41.79090482887951
FTNT,0.5429953051264724,117.69000244140625,11.735098065239676,-0.36637103012353406,27.057988348603434,6.307744356024456,42.82767022038917,0.0,46.67248949925465,3.9680518751772067,41.77449601500235
PEB,0.5038969556740541,14.300000190734863,14.022898900888334,-0.6693426411684144,1.0707858008654185,0.37600667465834414,3.2490960060529104,7.286335651391383,-0.1396613443727057,2.9220780736472647,41.75339896858885
MRCY,0.5579496257243994,92.5,2.7254945641927835,-0.6880100419475923,10.773799414667034,1.4980978375560332,8.938871758862296,16.202859836580767,19.942941786137556,4.850965227399554,41.75339896858884
LEGH,0.5371485660023,22.40999984741211,4.275665930989425,-0.8998386009788875,3.5366942190087416,0.74237852647086,8.892127941697224,2.97409583456059,18.258569630544798,4.1731990753778785,41.67369901547117
NMRK,0.5012942213451748,15.84000015258789,5.926863305890205,-0.6638783987340123,-2.526076680334744,0.43882692747357066,1.0848760399196031,48.961139289217314,10.777113121738143,3.6972403858224965,41.650257852789494
VOYA,0.5368495915974366,81.5199966430664,9.241867722250149,-0.7558977458659685,2.4526008091413143,1.5928033011079683,11.962641637700466,7.323546206239491,3.359951571151197,3.305499091161575,41.55180496952649
WRLD,0.5126606551553251,149.8800048828125,5.448168561228685,-0.30003773767710507,1.2914893408167838,1.103488898935189,14.534620345104166,13.705389810971305,12.446554454347933,5.460559559887879,41.50961087669948
CENTA,0.5260151912151616,34.36000061035156,6.912278793523319,-0.7216886001726309,0.9697334769517802,0.2947244299959523,1.1183080436234825,11.448551612032217,10.26957887839182,3.7481283368687848,41.3314580403188
USAS,0.6002271988658368,7.25,2.936623037505512,-0.2530527623931335,12.817054811944065,3.2839770118112863,12.577638749328912,36.261430170592476,34.7583614392883,6.669753408197112,41.30801687763713
MGA,0.556229121057504,62.41999816894531,9.757688827358914,-0.5880801780545233,1.3385688510742604,1.2110059975515997,10.010568069006608,20.068985082389652,-8.474621397681728,3.459376746860579,41.256446319737464
SGRY,0.5313638545022747,14.3100004196167,10.498363016583067,0.3744797835861044,-2.300809872176276,0.938750788478287,6.552495118233543,62.20152204553352,2.8017265887729086,5.00149610807684,41.14392873886545
AGH,0.5346619197952126,4.059999942779541,2.5700941562581314,0.053594018355324236,-2.2911069418481667,2.781289268471954,25.308639832595414,76.17328048847666,-25.912410056431046,11.972202121442171,41.02203469292077
AEVA,0.5529451976895948,20.260000228881836,10.124518774814721,0.7648749087014329,26.886706334597427,3.9822863570277867,37.26287204837009,1.4035154734899684,15.17907932336963,10.099596157732163,40.965775902484765
AG,0.5998796610310516,23.979999542236328,4.535757656978391,-0.4194565866213187,10.970224067756847,2.0208899976294927,13.919241858584211,24.132566239178665,15.096786690465677,5.233498405842392,40.91889357712142
IBKR,0.5007249447003309,85.12000274658203,13.628879340037523,-0.8867373274719342,5.0799363321433395,1.4578974882720537,7.231047734565897,0.7170165738823836,12.4161301040478,2.8161926108604423,40.90014064697609
CHEF,0.5356547099791493,80.5,12.661984997854484,-0.32791580183080765,10.32989393715222,3.244658336742231,27.81835596193683,1.3135326950800281,6.340823309380415,4.039929583734819,40.85325832161275
FIVN,0.5283541123253683,21.1200008392334,11.95996269832382,2.5559686174038743,11.198866978287835,5.332335494348558,34.693880279549475,17.58814233483324,-5.035966471946126,8.521239333784719,40.83450539146742
VELO,0.5575194563679138,21.010000228881836,13.987158499989302,6.8622127679051195,48.87247402454308,5.937658932223594,82.69565415699896,1.4094662780558191,37.32026121954915,9.986400463034261,40.806375996249415
GPRK,0.5297566328676818,9.680000305175781,11.492709157771152,-0.40311233776129196,3.1817987192090897,0.28863112385090933,3.4188104722425354,16.015832487560118,10.376280499538243,3.7632816315013815,40.75480543834974
FSLR,0.5166640480519294,234.60000610351562,13.41873095500237,0.2769099212185829,3.558977796174677,2.4837871402061293,22.410651486900477,41.51459796623415,11.650490936171353,4.599471106709665,40.73136427566808
OMCL,0.5302294119725582,43.16999816894531,8.907542626963785,0.27107465177458784,4.946483141006379,2.6689721957388666,14.813829576375484,39.903500112758756,10.465701499880375,5.750522247087164,40.693858415377406
AMCX,0.5112908893877145,8.390000343322754,9.002238978593052,0.19927470665150263,-0.9561995094546801,0.815233206258032,1.9441167675145188,39.77762519078557,2.4420118823214003,5.576365544893156,40.62822315986873
TEVA,0.537543836729345,36.25,7.319773347324032,-1.1982922129696831,7.326316073159145,2.0192105616093787,15.962891025023598,0.6784682126295498,0.0,3.3636662525496464,40.557899671823726
FDX,0.5046419194668633,369.70001220703125,13.548451325772422,-0.4744828203665537,-3.5879997213154984,0.23617488528484115,-2.935305747854028,25.213084436438272,3.0235490926411033,3.2981382969000936,40.48288795124238
LIDR,0.5007587094929671,2.430000066757202,6.62198468200714,0.1511640048877707,22.202667631332716,4.383202920710886,37.28814082316133,10.846153295795204,10.958904253717753,10.726041600074277,40.47351148616972
ZM,0.5538637555350501,102.43000030517578,13.126937077443209,-0.21653333664788235,4.55028026000602,3.065496796708357,18.17028143097254,8.260296951989481,35.59703344372768,4.161170147649069,40.201593999062354
B,0.5604976438164669,44.869998931884766,5.836169428293003,-0.7553474835219642,2.2926814311770602,0.9511627739170888,5.8254653704199475,43.95948523116847,-1.1849006736864316,3.7234532303396217,40.18752930145335
KRC,0.5162874488691135,34.439998626708984,10.889439623108943,-0.7426287805203835,2.2826943747371917,2.326407290279857,11.564618368337545,32.80120615116686,21.524341711581904,3.032188384531183,40.15939990623536
LEA,0.5550250566230085,137.61000061035156,7.193764821513485,-0.9694943867709077,5.591491795793862,1.8307548194471661,15.502770954481704,4.768140869058557,21.263655744975793,3.5472926227104713,40.13595874355369
MGY,0.5295204750287479,28.59000015258789,12.931141094990432,-0.5678564323603403,-3.3296447919435903,-0.1205760680457,0.76456439577129,30.22583594300272,33.70272694857795,3.158697405835166,40.103141115799346
UBER,0.5121696420031242,74.69999694824219,5.30981016956679,-0.8963865014080163,-4.481509411475525,0.3102193610820724,-2.3274141351181816,67.33438470973965,1.0551931799343712,3.4494085913143144,40.09376465072668
WSC,0.5377477627718209,25.889999389648438,13.753859043872454,0.29768575852289825,12.274766529366808,5.078605449336168,36.55063628397334,7.3433838666032205,-7.864772105839561,5.366110227009329,40.056258790436004
NVDA,0.5422002878111922,225.8300018310547,10.736911240602492,-0.6641258134987224,8.965281716811356,2.0021511819846527,13.854295377767297,0.0,22.149510225572126,3.5902483171688337,40.01640881387718
SMP,0.5392585250326398,38.310001373291016,3.639446105636169,-1.3490137540024134,-0.2582508769134776,0.4406733057972905,4.159876684970873,37.34082188733804,1.2988643900867454,3.719655451354688,39.939052977027664
PTCT,0.5402205347547513,73.45999908447266,5.828617932131239,-0.16516865427955724,1.736520652960839,0.6030677725415026,2.4546753293119496,57.406637599049034,-14.828986568555425,5.434833505472706,39.82653539615565
KYTX,0.5410515304272907,10.779999732971191,11.092713640580303,0.2785166783557691,13.413990166071066,1.6577542229667008,13.116474657855207,15.670588769182118,-0.36968542493087686,5.823615643307497,39.82184716361932
EGO,0.5044890496908698,35.540000915527344,14.657448292523931,0.22872037855103625,-3.9175513696301767,-0.37982291215104375,3.9789367997923404,48.14359926915749,14.31328639741389,4.42559689093134,39.80309423347398
SRV,0.5289992820362068,49.650001525878906,13.791215275851185,-1.141740267254513,5.588876264153693,1.4584521334516163,11.397805397630808,1.880302957672211,40.216083665812,2.6786505927296296,39.79840600093765
H,0.5405802058205554,167.25999450683594,6.513861817489099,-1.0905666077730345,0.8170331072570406,0.40062303008738714,1.938074500411181,23.047373758383184,-0.9786013056450984,3.420035436330393,39.784341303328645
LGIH,0.5697347256204803,45.47999954223633,11.315221566053598,0.21754030897443039,-3.6224588111941665,2.110041226231002,16.02040473701705,52.90165543714755,32.827094954583444,4.969201615463678,39.620253164556964
ENVX,0.5328598225241612,7.289999961853027,14.808481297102519,2.972409788613228,8.579087732750022,2.1218339563560824,11.467889973394097,35.23589589768725,22.52101168601851,6.296295977899574,39.5968120018753
RYTM,0.5275803035565498,93.72000122070312,11.478533123471387,0.6255124122141398,-3.8011546729926433,0.6021771271093357,6.367041847039556,56.526522168672976,-20.31967434754224,5.562770992708372,39.57805907172995
QRVO,0.5293040460279761,91.51000213623047,6.87500867682838,-0.6918581446540298,3.774602485894865,1.9115315510036164,11.979932414547399,4.592828181628687,18.56698856466321,4.173080523429549,39.512423816221286
BIOA,0.5705056104164037,19.139999389648438,7.143752509947353,-0.042346352796942585,5.376163215645675,1.6464670209353636,12.65450057308759,41.69850473613973,1.2698400843890008,5.817287526366626,39.46085325832161
BLMN,0.5544647319915268,8.279999732971191,9.807654559470619,0.200080856984987,21.675235379368154,4.756772896336964,29.374993895247385,1.7241182404781392,42.268032445519715,6.896998053309771,39.39521800281294
CTS,0.5541326213278818,59.47999954223633,14.494317743341762,-0.35106257896678655,4.267645561917054,1.2387416586386533,8.95768341434424,6.3470470873059055,35.94029806421445,3.7791825694463688,39.385841537740276
PPTA,0.5395753777856916,31.770000457763672,2.1681242030626944,-0.7517130017261546,7.185332591852411,-0.0016865837720338275,0.3791495755954117,19.09001046143394,43.56078473627708,5.168847394186493,39.23581809657759
AU,0.5391038285936238,102.37000274658203,2.554803007763244,-0.8894166709159013,3.0459833596352057,-0.4184984184077258,-1.7845155429614463,34.30020034829736,27.978504163292968,4.549323013824866,39.17487107360525
RYZ,0.5895507092354672,26.260000228881836,8.847371204341579,0.09712962657686311,-0.01522814265280558,0.5840340808426574,10.058673751200395,39.1653584365587,31.695082874810748,5.740125815903339,39.12330051570558
PHVS,0.5143520944580581,32.939998626708984,9.593338806727138,-0.21827674138556805,11.150473491173678,1.444537718376122,14.454474776469528,0.0,12.174353425281662,5.2452499051164745,39.08813877168308
MCFT,0.5368495915974366,24.889999389648438,12.427014598138438,-0.11844141532524585,3.9313498806792224,2.075741052493103,13.084957431561387,8.264130171000373,1.1377438941132059,4.715032605010695,39.02484763244257
MRVI,0.5381077143082178,4.369999885559082,11.867704598621382,0.4162414997470331,13.432833268045444,5.374725905609465,28.152486078691968,9.312635029099885,-9.896907802328743,6.374630996773003,38.99671823722456
DRS,0.5006729950347314,42.5,9.460709468765103,-0.7108336630214649,-3.8768378914717703,-1.7001383053102843,-5.429458614189936,36.346243695926184,-2.8278525988501784,3.3613438966895353,38.97327707454289
CMC,0.5596177375862602,70.33000183105469,6.119161876746766,-1.3232416614668434,1.2827760031123538,1.0320173158733847,9.821987547636073,41.7878792035165,1.7791573135362515,3.27841417449755,38.92639474917956
ROAD,0.5558716358923669,126.87000274658203,6.930925420511159,-0.19049106547079775,1.183547353622138,1.9033843185845123,13.125279554432456,26.19669370234809,-0.6110448648389815,5.702968637561329,38.90295358649789
NVAX,0.5692121571452873,9.229999542236328,7.5564695673458155,0.1883787613651942,2.7862489824215277,1.8652971403476695,6.828694159731788,38.89645228545401,-17.5156399595207,7.019037781682284,38.86544772620722
KWR,0.5435973986893392,141.99000549316406,8.392137684235076,-0.48796735596029084,0.24805466301409781,1.4996901470418238,8.596562518606577,40.570507164166564,-0.3089146986166444,4.073725618357978,38.66385372714487
AVR,0.5381077143082178,6.53000020980835,10.0491163879431,-0.08750447541520381,7.277807965475552,0.7948340065884667,9.56376120666869,9.937993030209459,7.755780055926465,5.428788263768364,38.66385372714486
RMR,0.5553826781709104,19.3799991607666,14.283298356041204,-0.4740739700194284,7.459118618304898,2.838560875248086,20.054557249546743,4.922330968842597,30.098329495746878,3.616027223768461,38.66385372714486
CBT,0.5544647319915268,82.9000015258789,9.353596564335886,-0.9179342262159705,5.724289096702402,1.9218025589445284,12.912017969532258,2.665767841438508,26.107709305410186,3.4710424777938016,38.509142053445856
NTR,0.5181555211517219,71.29000091552734,8.306761729095397,-0.7160085035623457,-4.280389419726123,-0.46511263293747507,-4.3472399259264085,49.99525904381759,-14.455666802443186,3.4591093093640635,38.35911861228317
GSIT,0.5406735762639734,12.255000114440918,14.922500972503128,1.339160352902128,51.58168191514842,11.544564396102356,91.18565374813133,0.0,60.19607792240617,9.58792281798268,38.338021565869674
KGC,0.5089205521508016,31.270000457763672,0.8463510241609006,-1.2821147602879768,-0.8246097892904006,-0.9689526972291304,-7.676405538934712,56.527199569348205,-0.7978655169940605,4.214445288843717,38.326300984528835
HWM,0.5371838237085254,273.1000061035156,9.788789078525788,-1.1357086761930806,8.503666586309452,0.9742169488928574,10.347457444727532,1.0079551908660593,0.24961186486364279,3.2418780384680703,38.29817158931084
BEAM,0.5368495915974366,31.850000381469727,10.95192913574992,0.4004296375508561,3.917715277592044,0.6601365360282399,5.011541251358585,11.252236257992118,-5.461556308066799,7.272931987319257,38.28879512423816
IMVT,0.5541326213278818,29.25,8.922673958706788,-0.3484649133928724,3.5865739677540205,1.4114222228375133,6.946982054698977,2.920167695209088,17.89601221061537,4.9543350461929565,38.24660103141116
HXL,0.5260151912151616,92.56999969482422,10.33449827366468,-0.8661783023856147,1.3635100035429346,1.5129813922781346,11.761677589077886,6.011273457965499,9.916698252496877,3.4150404133899173,38.12470698546648
UROY,0.5377717909592342,4.079999923706055,5.233433677525116,-0.32037229157894176,4.267823259917301,1.7027451361364292,8.510636541737474,36.56375130046017,-25.27472718949867,5.870098853553889,38.007501172058134
DNLI,0.5072851694481083,19.799999237060547,3.0722001995382553,-0.7092553552032107,-0.8279402304258286,-0.5887857462492516,-4.39401201157195,42.75001878723372,12.692086402063637,4.938672133555584,37.99812470698547
SA,0.5904768587090087,33.2599983215332,2.0689272955959246,-0.9140402562099924,7.9172234197355635,0.8737459233868807,5.687953756523388,20.145897756557464,36.14407656853464,5.066147447051985,37.904360056258795
ASMB,0.5406919148364935,31.719999313354492,5.322106051369974,-0.581517648854072,4.920199729916741,0.780812163578316,8.185537665172909,32.71312732851194,-12.327255262792205,4.798686193768638,37.89498359118612
SMC,0.5409875794615738,30.350000381469727,6.487600703086952,-0.6754307589324976,-0.45067728679717717,0.32611563056180265,1.0656000249639297,34.164647893240726,-5.539995728031652,4.170393717422618,37.876230661040786
CECO,0.5535058944554857,83.13999938964844,14.994354278438948,0.3490313397869109,13.12334106942866,3.3372463638386964,29.926546661314624,4.5307135450515315,38.566665648771284,5.806040005987315,37.862165963431785
LGND,0.5062725046054818,221.2100067138672,11.926591494262002,-0.04363129266426651,-2.6499381760448695,-0.15773928735012593,-0.9093346753881635,16.565173047860817,17.17873087408615,5.150729253658926,37.862165963431785
ATS,0.5671330785440706,32.91999816894531,11.259547331006125,-0.5833932468557385,-0.5588341328650384,0.9945389569643655,5.175715563324551,9.94987511450208,17.697529413418433,3.8025087876764276,37.726207219878106
ELE,0.5153621554232574,19.43000030517578,5.518276691611319,-0.33706692044621056,0.304346396546674,0.0027237447614587122,-0.81674245103467,47.30081553130226,-17.452254279528564,5.549960220681958,37.585560243788095
RARE,0.5295666083953027,26.459999084472656,11.011871551073432,-0.46644801106667,3.4059914529294932,1.256514743522531,7.91190289727589,14.550862060220307,34.17849901349649,4.112677123822787,37.58556024378809
TFX,0.5405802058205554,130.0399932861328,11.472939526690213,-0.59563496920533,0.12973874392578494,0.5442502461923486,-0.1382337067128759,16.86744520900483,-6.317991806530945,3.711496377059938,37.55743084857009
XYZ,0.5235238042350369,69.77999877929688,12.470182121374695,-0.5039426839825836,-2.150365718193981,1.1869117383284866,1.61642731896471,12.50329985633884,9.544737744805973,3.8072727064848824,37.435536802625414
TGB,0.5609177766651836,7.789999961853027,8.627054536491906,-0.2454750582583719,5.907144728088967,0.4095282980490637,2.2309721630548633,22.99800653415959,2.2309721630548633,5.226480686940725,37.346460384435076
ACCO,0.5318911545061261,3.869999885559082,8.29164785768742,-0.3928168139177012,7.514929789916382,3.448771172897253,19.44444055473852,27.038660453775005,-2.025320535155253,4.697304678323602,37.34177215189873
VCYT,0.5326821021426589,38.25,12.798829892421645,0.38324136649764856,0.5119762262116077,2.425974235256512,15.803818993226763,46.570293445527916,20.131908971394267,5.620914035373263,37.18706047819972
APGE,0.5062725046054818,83.94000244140625,12.514419415475201,-0.35603828359790385,-2.071384770081602,-0.7560625423433693,-7.29983477361158,12.431419502044196,19.8800435097128,4.228104035655882,37.177684013127056
ACHV,0.5533031454878176,5.960000038146973,14.926513883829204,0.3145887419565958,27.88327508698551,7.869459786099786,23.908526170663507,2.6614637299006976,23.908526170663507,6.071189352788655,37.0604781997187
CVSA,0.5544647319915268,128.8000030517578,10.332518197907598,-0.48940092229171805,9.140058398842585,2.0900105797587756,11.034485389351264,2.1849836779107727,44.136081212600295,4.391082009744267,37.05110173464604
FROG,0.5564324686164159,64.18000030517578,12.337886077766903,0.24253574149900173,20.996363263820346,7.0352593478373775,47.134346346329224,14.62261657608164,70.0132458396706,6.1542654362565585,36.980778246601034
BVN,0.5973497318106177,38.470001220703125,4.972433745776679,-0.9371062734632799,12.170492171488032,1.0076166259951866,9.417351744552157,5.471833657956644,39.63737991664267,4.50462377444939,36.9338959212377
MNPR,0.516173261762649,61.439998626708984,11.61127491356472,0.7041064103171536,-2.9527638559233926,1.4663996574459344,6.481798638219262,52.95774331394587,-5.578609320860631,6.657715237366323,36.685419596812004
CGEM,0.5708152444558015,16.329999923706055,12.302471918039538,0.07068938014732959,14.319716045534056,1.2977338793089737,10.786975421773732,0.0,26.29543339535982,6.368646458738023,36.55649320206283
APO,0.5452153149649395,131.60000610351562,9.59562847859349,-0.9900375715528028,3.1966698319676725,1.9458071128237608,8.931387106103802,26.850541895978512,25.812627173045733,3.3043844534877445,36.50257852789498
AAON,0.5356547099791493,135.3699951171875,14.931734634434681,0.7395870148095817,29.488002220844727,6.6722105990742655,47.977689275464535,2.7880458356072566,4.735005893338608,7.986171004335242,36.427566807313646
COLD,0.5371838237085254,14.90999984741211,7.202526669730215,-0.7735486944193538,14.714366635929279,2.983123636705866,20.241937950776467,2.287780343348194,9.541900038738701,4.382486233811156,36.380684481950304
ZIM,0.5084860661947,25.75,12.735540465886054,-0.6077837749215174,-2.829479498790358,-0.3108342633470645,-4.452692871701578,39.983024640994095,-4.420595325070926,3.4210808234142034,36.3666197843413
RDW,0.5406919148364935,11.460000038146973,11.311468680549698,0.44813857187816136,13.662285656264897,2.788255801494125,2.1390353421117037,18.923603884605157,-19.29577329386601,8.760283190627142,36.34317862165963
ABX,0.5405802058205554,9.25,10.154767290507856,-0.4024219419783401,-0.6124414126089905,0.9436002282292251,4.401809914121341,22.17061429863775,4.16666532375051,4.486484601230695,36.300984528832636
TNC,0.523414364060806,82.52999877929688,11.690931560259473,-0.6735331794978237,0.3367644970699124,0.894214842958086,5.456167296774261,10.622875294904423,31.613001972771322,3.7034160026509744,36.2962962962963
SLG,0.5121696420031242,43.22999954223633,8.440098253631817,-0.8872458074796153,-0.11091251184035536,1.1380899766653847,5.92991445099493,39.48448459449427,3.2816306278665412,3.5375559729397392,36.122831692451946
KYMR,0.5080760765118656,85.58999633789062,5.991588350960329,-0.5776302986741871,0.692336939291899,-0.8257567801778647,-0.6384990197916371,35.68913987499093,-9.23648614199325,4.855873672614164,36.118143459915615
UMAC,0.5473350110301516,14.970000267028809,10.564428143040374,0.5232698921534836,-1.5610804573972283,0.34948278703027613,-5.908231234063255,41.4288235829151,0.6724975267828779,7.905333350940376,36.118143459915615
CRBP,0.5410331940249996,12.149999618530273,14.05866163013309,0.0897069725889524,15.239604264486555,2.141005637282965,19.822477386136285,0.0,25.516521025093848,6.038801078960581,36.106422878574776
EQH,0.5121696420031242,41.189998626708984,8.792253061227221,-0.7400590440233384,-4.523158408419022,0.40168810897176144,-1.8818507006263796,59.62134485365716,-6.471394708234008,3.5065725636532727,36.075949367088604
JXN,0.5392585250326398,108.29000091552734,3.6541866740931246,-1.225601199480063,-3.2762279261387395,0.4580635154559177,2.0448531028659027,55.108620689655176,1.429125959929726,4.111974183795045,35.9915611814346
ZVRA,0.5381077143082178,11.119999885559082,13.808038557047384,-0.09478082708181715,6.1321873155235185,1.5212443001053444,6.923079743932991,3.656391212643981,0.5424906298424651,5.2851990393911965,35.91654946085326
TRN,0.5544647319915268,36.54999923706055,11.339353019454466,-0.7763772593788696,8.373358849155975,1.0021844280136303,12.565438444241048,1.2295096315088683,34.84442215680636,3.73460994760647,35.86966713548993
OKTA,0.516173261762649,78.19999694824219,6.769864776013403,-0.6508491177577224,-4.428827448287706,2.802548826496152,8.596020869733287,64.44043651950645,-9.427843102631556,4.117190236325871,35.86029067041725
PDYN,0.5389780882425962,6.650000095367432,5.7669380922819915,-0.1693297438228442,0.49871690009529535,0.4469537917621236,0.30165883225152257,60.35265751719945,-10.497977804672743,6.638024887457469,35.85560243788092
WFRD,0.5541326213278818,109.08000183105469,14.540458776238635,-0.579660176607642,3.5569815153573403,0.7936219737340378,10.172166477194287,3.547912602231225,20.2384798885381,3.739039283883743,35.818096577590254
FG,0.5121696420031242,28.09000015258789,9.461166516129017,-0.6930098407133592,0.5026932858595708,1.1545214717213232,6.806087328462389,45.53193006361454,-7.906614752641795,3.675176482856124,35.804031879981245
TPVG,0.5408788315514454,5.760000228881836,7.442373282079822,-0.8999728004741654,3.1360600949372888,1.22422672442985,6.666669020183455,36.84044310111332,14.512922236163709,3.767361685180294,35.74777308954524
TECK,0.5422002878111922,66.83999633789062,14.777326826878731,-0.6575698695589902,11.009609988250716,1.9929023478003103,15.52021367552021,0.0,47.35448729725896,3.621121634549438,35.74074074074075
ESTA,0.5604502794875843,69.08000183105469,5.427684333123539,-0.31302100648187586,0.9331622204538571,1.020173468419328,7.084172288667075,48.70075959198294,-7.3249248958112645,6.192094993879729,35.68213783403657
ASTI,0.5089205521508016,4.929999828338623,2.5960125737130637,-0.29519412940166373,3.7021420331831,-0.19943324994082276,-22.362206258213938,71.65232377545145,-2.569172250697992,10.596927947139415,35.668073136427566
BC,0.5046419194668633,78.18000030517578,5.132899690416968,-1.2366997802113222,-1.975412008851048,0.08784495865427287,1.0991833104661248,48.85257049388218,5.820253399509534,3.8263338687776214,35.5883731833099
HPQ,0.5339178672610296,21.260000228881836,5.487564021578272,-0.9872495094127112,2.951503911540447,1.6139750085429518,7.80933554295995,24.611050243945414,16.36562504673575,4.241701338557057,35.56962025316456
WKC,0.5553826781709104,27.3799991607666,6.691047482928483,-0.8829718002701267,5.534995393908028,2.2907382656198974,17.008545328840572,4.290058497337744,21.980754323324067,4.398412161572118,35.541490857946556
RVTY,0.5231625586282584,95.01000213623047,7.8315189344703935,-0.4150750409842439,-2.1693684088991447,0.7914338002182439,6.203893481437642,69.2795673114999,-5.406550545376796,4.449906464866374,35.45241443975621
ATAI,0.5235238042350369,4.239999771118164,9.559873683866215,-0.1301692737541201,-1.3150295339652496,0.9278834372584165,3.667472197982402,23.35197471353105,-13.469394107533844,5.923180164061552,35.44303797468354
NPKI,0.5368495915974366,15.600000381469727,10.190110222320882,-0.23638269835248316,2.5641048147204764,0.26698322906051,8.559502474743374,6.43044410900135,8.10810846478781,5.6158420740522494,35.41959681200188
FANG,0.5260151912151616,201.10000610351562,14.80573161010042,-0.8832484290976722,2.3670184095132103,0.8708421500607213,7.741769450561983,7.50171432766553,13.847377037050723,3.171129530823414,35.358649789029535
LTRX,0.5405802058205554,6.130000114440918,7.458440209526635,0.03267361673564965,-4.532002279928864,0.49299678853519086,-0.969304397660865,62.618750314969006,-14.385471435444472,7.037986307495131,35.232067510548525
IPX,0.5809550713788266,41.529998779296875,14.467074540727292,0.36807292481172155,9.351460349226219,3.4006598310093095,24.30409748197197,26.40754649764729,41.06656938012721,6.182277672597636,35.14299109235818
ULS,0.5550250566230085,98.80000305175781,13.833888602354971,-0.4074916399018952,5.317019957407163,1.5924590451487948,10.255554490245238,3.2548289344992347,28.6171734560845,4.350708980990696,35.128926394749186
ARWR,0.5548224426656349,77.87999725341797,14.164323708939563,-0.2360269424881174,5.362127748070375,2.299494539251892,14.563097098360172,1.723464387534941,20.706759617570775,4.908558171035509,35.11017346460385
CXDO,0.5395242414459085,9.34000015258789,14.120909248857402,0.386478145961635,21.306580508568878,6.38341988056453,44.35858508532719,12.621013948709844,-4.1067723602552535,6.9807266770620755,35.058602906704174
FSM,0.5608543470857466,10.6899995803833,2.3824792494013027,-1.293954399847421,2.970801397963788,0.37616325110744286,2.492802181928696,28.222007707752528,-12.876942284479526,4.871040554813915,35.01640881387717
NXDR,0.5410515304272907,2.0999999046325684,13.37283848936962,0.06866090218835426,18.66082259839959,5.001552976571095,35.48386896009501,35.70779247328563,-24.187728543881267,5.452380946974635,34.93670886075949
ARDT,0.5389641335713871,9.90999984741211,8.265308714145315,-0.4187956368651843,0.5172935983401579,0.9212812229470914,4.978816608802609,6.294299774874998,16.0421532964667,5.4834961137324205,34.83825597749649
RDVT,0.5466670673495009,45.689998626708984,14.241963718846304,0.4310581968815671,0.14237154880742925,3.4194198195751193,19.3885499869289,42.18283153298092,15.117158496980117,6.062033374803243,34.77730895452415
BTG,0.5609177766651836,5.360000133514404,1.4741339538283718,-1.1945324084219584,11.00698896885451,1.492853202711406,8.502025735709047,16.700844557402487,9.809284293417447,5.408581886708095,34.767932489451475
ACA,0.5550250566230085,128.86000061035156,7.94273013322107,-1.0328821048755716,5.301865848945848,1.9214640207677707,16.310135883506963,3.9334191716204185,19.944568220153545,4.040376837719255,34.7022972339428
NVO,0.5347264278762688,47.08000183105469,14.503507709718773,-0.8070294932192532,4.781786028218308,2.682479685367802,15.025657170471495,34.09961934814389,23.155817043991547,3.0920014982837567,34.60384435067979
NMAX,0.5121696420031242,6.809999942779541,9.287006205134645,-0.0023832151329481435,-3.944708824044142,0.3754215827014967,-0.5839410569938325,59.31608781315156,-26.298700089486836,6.025802322037934,34.59446788560713
WST,0.5368495915974366,302.3999938964844,13.409919126805079,-0.8090832637711658,1.138028553814955,2.4495297697484717,12.16333600313153,9.536707647503363,-2.283531942409875,3.444176462176137,34.58040318799812
ASPI,0.5170088617297772,6.320000171661377,12.812041728063745,0.3294460300701304,10.003121642994225,2.9066461821333927,23.679060788556264,27.07058738779721,-15.84553955784876,7.1937151010368225,34.360056258790436
UIS,0.5412202373697141,3.0999999046325684,14.534645691946654,0.18383347128811808,10.97189633440462,5.196761452204057,26.016254321179666,10.54757107109334,26.016254321179666,6.324886920921082,34.24285044538209
TEX,0.5596177375862602,62.63999938964844,5.084734658278575,-0.8215570735414988,1.1284929058987099,0.40361762807489754,8.111841343212847,30.25104340810959,6.463132357940876,4.864532049703815,33.95686826066573
BG,0.5405802058205554,126.0199966430664,11.498039590023359,-1.378873704361137,0.5284854778359726,0.5026835139064202,2.4469510239321637,14.606711397152901,6.661019903073882,3.219443884462904,33.91467416783872
S,0.5145402546869638,16.079999923706055,6.042075842363042,-1.0453885678655783,7.1964265356599615,3.216816704073667,15.434311351573223,6.519771796826132,10.743797635356351,4.496267291934504,33.83966244725738
SKE,0.5876084303952881,34.310001373291016,8.94435421058381,-0.8031552406376615,8.832536710750965,0.3437574355107843,5.213127050196013,9.969306058566549,28.022396827403607,4.164967217540993,33.759962494139714
CGAU,0.539463628512795,18.8799991607666,8.377891767599008,-0.6631021855989016,2.8322397580575056,-0.6117041438967957,-1.5127851557540553,22.12359473794502,19.418081337597783,4.4699596112847555,33.71776840131271
HZO,0.5263503437652433,33.349998474121094,11.553867381430736,-0.4719856327488099,9.276183753997328,2.345780082307822,15.959659974099091,1.7342381909787514,11.166661580031425,4.782610123672671,33.67088607594937
CVLT,0.5056628768343249,99.80999755859375,14.65347969927101,-0.16381777773319606,-1.5402142828273173,1.7400129672106912,5.218213068037698,30.66026233901127,11.982498187103218,4.836331591073266,33.58649789029536
UFPT,0.5275202028728557,219.22999572753906,10.490108280629592,0.11259494660797789,-1.2905091084873874,1.6404214171319902,12.981861117739305,46.964083042232126,-8.715026488728082,6.872430521281532,33.581809657759024
AAUC,0.5181555211517219,29.510000228881836,9.493159549592917,-0.8245072525560248,-4.6582100127333295,-0.9564395673656618,-7.521152083771324,63.17398181618131,-6.613924453454531,3.5094651332619153,33.55836849507736
NYT,0.5038508827900791,77.0,8.288208738820977,-1.109779862107311,-4.65915027271467,-0.5545489229014368,-1.1553292788683274,47.994994502410485,14.16841693956028,3.528756334520669,33.33802156586967
ETN,0.5578386815801059,406.94000244140625,14.33877955244679,-0.49754198711264536,-1.2546919139003945,0.37090659929291003,3.9046053800294147,11.599866406261581,29.610845056227554,4.1555163036379925,33.286451007969994
SNDR,0.5405802058205554,29.170000076293945,10.00190148045755,-1.091883232678303,-3.2776826677816935,0.72306457859497,1.6376282259372963,30.041395378208513,-0.7485516091044679,3.4622156048991446,33.28176277543366
RNGR,0.5080760765118656,16.229999542236328,8.543256686501318,-0.7516266612851987,-4.79501974371464,-0.6115897524310162,-5.55552595760754,58.48938958852048,-5.55552595760754,3.944772914509525,32.93483356774496
EGHT,0.5410515304272907,2.440000057220459,9.09135567598124,-0.056592610260030686,9.736903191888135,5.2544382023783545,26.424876853300365,23.175385646213535,0.0,10.0263462294982,32.84106891701828
MTUS,0.5023396265958548,17.93000030517578,8.23491163842746,-0.725495494564589,-3.809011533406937,0.21774764435711327,1.3566973649465883,41.792573623559534,20.985159744826827,4.21241228491153,32.79418659165494
ENVA,0.5405802058205554,163.24000549316406,11.327202733916495,-0.8822678293829221,-2.8044028025054377,1.1518482270502002,4.567295403811587,26.70750708843469,-5.296739503742141,3.645726498300185,32.78481012658228
CBRL,0.5313638545022747,28.950000762939453,4.541869673108014,-0.7772181358216796,-4.725857975065847,0.8329186107730403,-0.3785227289080314,43.18137015371298,5.172327775281679,5.169010661443265,32.77543366150961
CARR,0.5368495915974366,65.56999969482422,9.29788749488969,-1.3531992396314425,2.9061347797783457,0.8025169127333722,10.205248257144616,8.011609624135039,4.284554532878981,3.716295607088959,32.714486638537274
IIPR,0.5260151912151616,54.93000030517578,11.209512342350806,-0.6420016269466022,-0.2578435980791242,1.233433040114372,5.654930816957682,10.47940953300683,11.624980338839421,4.341238761197135,32.49413970932958
NXE,0.5596177375862602,12.180000305175781,10.443962422348992,-0.28451559888637523,-2.093964620871721,0.44001298059146976,-3.7154097034822238,30.938390350338146,8.170515608449502,5.517827355915541,32.44725738396624
PGEN,0.5112908893877145,4.150000095367432,7.202570786471298,-0.5977274760828857,1.1331813995804587,0.4651727703947721,5.063292284018152,42.10979237476468,6.6838042001241424,4.956107427847358,32.35818096577591
NEWT,0.5405802058205554,12.84000015258789,7.429192783487225,-0.9713284370480987,-1.6958222631023299,0.8142944031515411,0.3909319068028354,34.354822670959734,8.440844850541872,4.138851519786322,32.278481012658226
ZGN,0.5541326213278818,12.710000038146973,13.87666728553305,-0.69902685002561,3.9290239226567456,1.2878915867596428,10.043288555459947,3.7157795272610734,32.949785354999726,4.004159765069187,32.23159868729489
CERS,0.5410515304272907,2.5999999046325684,12.170595680870836,0.125829201322769,14.815629979777897,3.9476702549247613,29.999995216628417,21.009598260706046,-4.4117692158575785,8.57142922642469,32.123769338959214
XERS,0.5121696420031242,6.429999828338623,11.57034061727592,-0.37255737926042465,-2.777080405450977,0.4771533781135552,5.065358636041346,60.818688666628994,5.065358636041346,4.471229370872944,32.07688701359588
CTNM,0.5908269929370823,14.149999618530273,3.758150385811664,-0.7405730028542212,5.239669234103573,0.9308255806073753,6.390973049185614,19.780192806867902,21.66809526290204,6.543160142670837,32.05344585091421
HPK,0.5587112538863231,6.690000057220459,14.282508412529149,0.1485561006829719,5.472261071583389,1.2239803416020332,18.40707865689555,14.80967160025778,17.574692263056825,7.260302347746371,32.025316455696206
FTAI,0.5609651300806909,267.0899963378906,4.519807273951396,-0.5608633009694911,7.022173351588945,0.25896950532508967,5.186672284130534,37.4267275601345,-12.51103482928416,6.912384239790932,31.861228316924517
SEDG,0.5130773784467721,42.77000045776367,14.696904759277887,0.32822434402916917,-0.2923376381152577,0.11386403665137085,9.920330571548657,23.602525145721724,21.851858452583926,8.446342204321116,31.823722456633853
VRTS,0.5121696420031242,141.24000549316406,8.470470651083415,-0.7273340629583953,-3.184797250667626,0.26381152670727054,2.023820939530323,48.11492334050872,-12.012661166106822,4.231058453833799,31.6924519456165
VOR,0.5295666083953027,15.90999984741211,11.668346230653013,-0.20046999253892242,4.0957853407968825,0.7216048681843769,6.279222201424023,14.470189697083796,48.41417397965827,6.143934451464031,31.608063759962494
CNNE,0.5121696420031242,13.34000015258789,11.987762295519548,-0.6377284583118058,-3.6023075049461624,0.7920121862094422,2.6153857889364365,53.50910256410256,-16.06492209504215,3.8605702020510884,31.608063759962494
PRSU,0.5541326213278818,42.20000076293945,12.729311680346306,-0.9786344842262776,1.927443909567548,0.25911073269072954,2.8265102863215636,2.650169204737733,20.433788984391686,3.745768562631007,31.57993436474449
DDOG,0.5256501184087111,205.30999755859375,13.142617440063182,-0.3395795260060235,36.77804247383681,9.716288759045616,66.28330406423052,0.0,8.785037994120785,5.5266952526847515,31.577590248476326
CDE,0.5044890496908698,19.739999771118164,5.989195429577988,-0.6040532616718869,-0.7008965726354974,-0.38240932210465806,1.178880264101981,42.853999318993665,10.340975094928003,5.608627184494296,31.523675574308484
CELC,0.5405802058205554,124.47000122070312,14.124398600270405,0.10577805937714352,-1.4216121281864653,0.40036098932699643,-0.6227535163997185,16.99315309973478,-14.146775493937044,7.3521039839994,31.359587435536803
WERN,0.5405802058205554,34.58000183105469,9.626861961491086,-0.9015713907460766,-0.21929335748807577,1.4223004387936908,6.432748675137004,20.491933489693,-0.08556435716870374,4.13533979737948,31.190811064228786
GLUE,0.5405802058205554,18.959999084472656,9.733903088120126,-0.26948873958479036,-3.2480332609811766,1.3053146143506134,1.3903652989928024,47.02163538020999,-18.55670736498491,5.782851538080148,30.99390529770276
PRG,0.5047837362424702,33.709999084472656,8.100084551602754,-0.5620765381223479,0.12028484530518536,2.013331173594637,10.961158708315168,25.841202120651253,13.083385245097723,5.415943950962103,30.904828879512426
CCJ,0.5046419194668633,115.38999938964844,9.571104197733163,-0.32645138745330204,-3.656205566990912,0.02463698140775297,-4.057535037487445,43.14221264487503,0.49642892904915115,5.6980666980218695,30.848570089076414
DCH,0.5392585250326398,6.550000190734863,12.94285942978445,-0.15256946151291406,-0.2272152447350586,1.3138814311031939,12.931034055287924,55.211386341180415,-17.919797302525,5.326280781969653,30.81106422878575
SMCI,0.5471373786741669,32.0,7.980612459786109,-0.3074729880056132,6.607440367169534,3.1044558861651987,12.676057851050315,32.13044840771603,55.86945411188846,7.168528437614441,30.77355836849508
NTGR,0.5235238042350369,25.68000030517578,10.935658605340553,-0.5656392776569263,-0.8053754482517191,1.0263214856106295,-1.3446038118464037,14.797454764460971,4.987740254772581,4.935747307801204,30.37505860290671
PTGX,0.5025196788650633,103.87999725341797,10.610967736722502,-0.7952338982605373,2.190783339708382,-0.01967135583920948,0.14460030042301447,7.695277897653713,21.086369209264817,4.4335501237940536,29.957805907172997
WSO,0.5297566328676818,417.9800109863281,12.824526019606388,-0.8432485220123598,-2.8998983624061663,0.3128492590309189,-0.929126088375519,18.768800371025034,12.882453597510214,3.987204304189777,29.667135489920305
MUX,0.56056108454948,25.920000076293945,5.3764638225346175,-0.8127018590670456,9.863095610737806,0.9218264298558494,4.811971516526304,17.19843813144179,-4.318937134221414,5.996473234176925,29.620253164556964
THM,0.5638210239432014,2.7899999618530273,6.338993001023602,-0.5733643752719322,10.69232281620173,1.6330644189463555,8.98437594236499,26.180984464050056,-9.415583407220506,6.6676924484765605,29.578059071729957
KNSA,0.5371838237085254,59.119998931884766,13.945680283679382,-0.6603309071618456,14.952360527779373,3.7167000109913415,30.450130912803335,0.6845819026554008,9.786444952637154,4.490852990161254,29.50773558368495
STVN,0.5165349091527097,17.860000610351562,13.567705336980044,-0.500314372580306,1.3697625926514387,3.375141271660515,18.82901482016617,28.21010573954665,3.416329686826932,4.562869562134282,29.40928270042194
P,0.5535058944554857,84.43000030517578,10.286273857582033,-0.6129657739433441,14.706101897893689,4.467941572900461,24.528018443417356,7.616727943690169,22.628906573882514,5.248641567984183,29.3483356774496
HRB,0.516173261762649,36.040000915527344,12.818313278846555,-0.3121931357198644,0.7594187483263152,2.5532989852655743,12.801252127680987,39.735617918173894,-0.6888949950016231,5.335104165516849,29.3202062822316
IAG,0.5458621048997603,18.790000915527344,5.909436949081798,-1.3724643501912819,0.3567815255213944,-0.969105974047086,-0.5820037313083476,44.99587356985341,16.925956889780874,4.453356489692139,29.22175339896859
ADUR,0.5278811263806449,12.75,9.743119780909282,-0.23420265861856635,0.5203408434913608,2.816844251447424,11.159544054580632,33.67260818595293,8.234297868713185,7.6459382428508516,28.91233005157056
SCZM,0.5522650932886891,10.020000457763672,11.693457550362579,-0.19732303365708412,3.9294525027359306,1.8394852527544001,10.963463498986178,43.55882609474853,12.584279630480594,6.187411556704787,28.87482419127989
GLSI,0.5153621554232574,25.299999237060547,11.676801911352305,-0.23870769337475017,2.2999259517883663,-1.0908194743800539,-6.642070549834947,28.030366210204516,7.385398176937994,6.506211397863437,28.75293014533521
FDMT,0.5583067673297032,10.449999809265137,5.614265122440739,-0.93180946964836,6.605455741212891,1.0879651699748851,3.8767333334219654,14.735652955241463,20.39169863657734,5.822965998100759,28.715424285044538
NX,0.5352080705470948,19.190000534057617,11.687938452871716,-0.9813780091733907,-3.915479128582825,0.06513405913646964,1.1064330709961716,23.821369741346814,17.270724369317783,4.01623033943975,28.499765588373183
USAU,0.5604502794875843,17.719999313354492,7.863065389157187,-0.904865466532171,1.4978338203969617,1.3134352018048179,5.6648707787862325,42.67020671344586,-18.190214965982364,4.572113519354984,28.44819503047351
EOLS,0.5583067673297032,6.71999979019165,11.414016556850305,-0.4840383172479403,20.021429138456174,5.801209263166795,48.34435934810937,17.42585715430579,20.21466201353286,5.570790669930582,28.195030473511483
BFH,0.5578386815801059,83.38999938964844,14.973355553423964,-1.3256589659025144,-4.284747083283451,0.40161531324339594,-1.3369584693390997,13.729674436396419,16.512479946043957,3.4716398596389015,28.17627754336615
GH,0.5574814614807697,98.47000122070312,10.546434761371458,-0.44674597204641203,0.09741866093063208,2.355929225406443,14.900822318610196,50.7856986244833,25.279902203651304,5.347532093618997,28.08251289263948
MTA,0.5671468653518801,7.619999885559082,9.05289159626874,-0.7510480643223646,0.47357774700681426,1.4588952612797534,12.888887191558418,53.09279506767842,1.4647090986703852,4.505998573994052,27.969995311767466
MOH,0.5553826781709104,191.97000122070312,13.731190878511631,-0.7499370345163159,7.163193011741627,3.5985788519296333,28.951439186451672,6.011540602715193,37.70174031815348,4.395404765269639,27.923112986404124
FLWS,0.5283541123253683,4.269999980926514,12.099241410343497,-0.04950778712907906,7.88276847442799,3.789169866810548,17.30768839815314,41.86433144015125,-4.260090931676286,9.309135222069001,27.885607126113456
NPK,0.519458288155158,138.2899932861328,12.853643998740061,-0.4761078011219508,-1.3324330893436067,-0.573190030571744,-1.7338183155443914,23.28704503204965,32.1538798934327,5.159962409686093,27.87623066104079
CTGO,0.5900178302281825,26.360000610351562,13.022338896859708,-0.29280620428033993,3.4161485121962367,1.141952876946137,9.286897566693819,39.89421385499287,56.90477265994601,5.725722053208452,27.77777777777778
WS,0.5800604919554313,40.29999923706055,8.361870475886358,-0.8440064776931655,6.359110484786805,2.5536577630389776,24.99999112508437,19.06732264757357,27.733756612724036,5.0925202033930095,27.754336615096108
QCLS,0.5121696420031242,4.190000057220459,9.547864499329323,-0.16266039641861077,1.5562681151873816,0.7245418431444093,12.634409270676125,89.04994106485302,-39.45086688699935,6.547902405075226,27.655883731833104
HOG,0.5410331940249996,25.600000381469727,13.949375476837126,-0.8227359993604049,6.751179419572311,1.5971871115968737,14.081995419185919,0.0,23.54440742579211,4.411272638868203,27.620721987810597
HL,0.5667913253484855,21.049999237060547,9.237536828128599,-0.4868671637433984,3.042255664648848,1.1384216655207955,10.151745497886603,42.917851897851065,7.0367526150264466,5.783848863734065,27.58087201125176
CRVS,0.5604502794875843,15.84000015258789,12.98421506056005,-0.1278160697767186,0.26903063355341206,0.6659023476757856,5.319150217491799,64.66803436088654,-26.015879188515374,6.163871934201151,27.44491326769808
CCSI,0.5858708043267963,28.56999969482422,10.294496680387736,-0.35679528517312925,2.8558053005654593,2.500069424745166,8.342809197920936,23.58488453839988,24.759826072041868,7.176359012858042,27.313642756680736
PRMB,0.5371838237085254,23.43000030517578,11.599020061096112,-1.020549530507105,12.11331172316332,2.846949242388324,15.248403310136997,0.863494002229092,4.014431880017874,4.478386150255762,27.11673699015471
PDS,0.5505827583318791,92.94000244140625,13.26396360512114,-0.830351393212841,-0.7072478518832909,0.32259811999163607,4.744729995658485,28.18767532476617,-5.35641005116806,4.158597468286027,26.990154711673696
PRAX,0.5537748021611908,346.8399963378906,12.127650312484786,-0.5002190534903217,3.980200268440389,0.320604023865128,8.25555743938962,0.46466153001016136,39.8604736701991,6.066606197478778,26.976090014064702
VGZ,0.5633542116088985,2.309999942779541,4.753355251395024,-1.2067933723999265,4.194855488230377,1.9548525862191475,6.944437542543963,33.96398883322572,3.587440492642615,5.750774963612783,26.643225503984997
IMPP,0.5368495915974366,4.940000057220459,11.07020682301815,-0.7599740081195256,3.9562307228283093,2.4579557336936606,13.043482527643551,10.76081555745318,5.330490338945928,4.968190149418673,26.633849038912334
ARE,0.5386182334186175,47.27000045776367,8.477970670456797,-0.9267264040911644,-3.7108213387501046,0.3347818861737053,-1.418144513747687,57.191409761269576,-11.14570586153441,4.493941371023789,26.629160806376
VUZI,0.5410515304272907,3.0199999809265137,9.032155344487009,-0.41982097936724155,10.501279768726693,2.496665103839302,15.267179873536666,39.156411757062756,-19.251337609138115,6.951042402349829,26.48851383028599
GDRX,0.5061372972268969,2.609999895095825,8.784315645384753,-0.6227684163927064,5.220719642645168,2.9894121744498885,11.06382982569825,31.62092017783995,13.973796438150227,5.842909476194101,26.441631504922647
EXK,0.5937221147981088,11.279999732971191,5.812210654411872,-0.8113440780674083,8.957432007647375,2.412728654546328,16.049376779068204,29.925180904391226,20.000002026966712,6.550785531866509,26.249413970932956
MUR,0.5062725046054818,38.459999084472656,13.525831733742066,-1.0469701676425736,-2.022725883556257,-0.01273622465892461,-1.987774109607886,19.757909882873438,25.046974514220548,4.0468735932400195,26.216596343178622
CALY,0.5578386815801059,15.34000015258789,11.632335661308511,-0.6296906734024649,0.6429608772648584,1.6370485868291547,7.272726908452268,11.833202220498777,21.84273206078005,5.478207893751765,25.968120018752934
MP,0.5278811263806449,63.72999954223633,10.485819959564747,-0.3910943501163865,-2.6510151742565955,1.7920171090433115,2.295345622255097,25.863650364126613,0.28324202570246104,7.737328175617919,25.71026722925457
FTDR,0.5392585250326398,62.63999938964844,7.737122089336985,-1.0033421948068775,-1.246246900901544,0.9220216303887955,3.6056902715031507,22.699333774358387,9.625481376711623,5.371396643087253,25.25082044069386
COIN,0.5466670673495009,201.8000030517578,9.171601806785246,-0.5777375458089424,-3.663307043593036,1.8177782704221699,0.9858385641004972,44.30626573537125,22.809149255549528,6.056208534476292,24.97421472105016
PII,0.5452153149649395,63.59000015258789,9.578495331499703,-0.8109438188348104,0.6107215433664931,2.7640475610999893,19.935872507290984,47.56866509871319,32.811192008527996,4.91204853099105,24.88982653539616
PLTK,0.5436901962058459,3.5999999046325684,12.036021889706516,-0.6835657113916095,0.6500286658736991,1.504079376129295,0.8403353485252526,34.806132915773745,29.49640076931014,4.960317591721002,24.814814814814817
RBBN,0.5295666083953027,2.5999999046325684,11.627426456695568,-0.4319331326415062,-3.7927883257923534,0.5581394434864052,-4.059045458502246,48.62663019493477,32.65305376035273,5.947800346178549,24.749179559306143
ORCL,0.5166472371147959,189.75999450683594,11.233082982977418,-0.9108607590014729,5.252061902340312,2.327020114085667,6.403498039354257,27.993976992236234,-3.9848628499579113,4.67959568940575,24.730426629160807
EMPD,0.5258250081144367,5.21999979019165,10.666532515222835,-1.3054613331109859,3.746393405898238,1.1458441508857422,3.571425191771813,1.580097708980507,16.778524273712744,4.898739893162634,23.999062353492732
OLN,0.5062725046054818,28.389999389648438,13.237246191956716,-0.8892186391049228,3.1857072448447576,-0.17415615911786955,1.465331858846365,14.289335549574725,37.507101904792364,4.692094533548106,23.961556493202064
RCUS,0.5578386815801059,25.0,9.957445467540094,-1.0224137965174356,-0.08392951445049252,1.1439889733537327,5.977108258719775,19.179045765839493,16.117042278338943,4.998571668352399,23.87248007501172
TMQ,0.5405802058205554,4.650000095367432,10.454613391018922,-0.6063751124747703,4.184172462694041,1.881783193290561,5.203620250031741,37.124708139557136,8.899300141670533,6.005222223763662,23.58649789029536
PTON,0.53238735604365,5.260000228881836,14.609914640452192,-0.3381571808279795,-0.750811082546916,1.544103371408701,4.572564799883458,41.44936059653614,19.81777650700794,6.273764477679437,23.436474449132678
LB,0.5157238402785986,67.36000061035156,11.181677910109142,-0.9303006824311311,-3.0339315167535394,0.10782329873118422,-2.99539423659993,30.77865312444153,8.98303599297673,4.886748344378362,23.333333333333332
HP,0.5260151912151616,38.2400016784668,14.271630879080496,-1.40338815155345,0.2661391094892409,1.555073325855829,9.444771555144719,6.544452184513573,11.593038216575309,4.249476800925582,23.023909985935305
CHPT,0.527941222237495,6.429999828338623,12.77145836459545,-0.5229589915523969,-1.7270390124479353,0.8856431641049184,3.87721759064346,54.152280117501064,-38.35091428011454,5.5376575349081945,23.000468823253634
AMRC,0.5386458930552014,28.979999542236328,9.663479564833919,-0.5655716442053711,-2.5887828785910556,2.233900232760673,15.87364764839608,61.51257763744978,-12.552806046779812,6.166814762145273,22.751992498827942
GKOS,0.5377477627718209,137.2899932861328,12.382375087361766,-1.0014295155657817,6.391299735659498,1.8955004771972106,12.884385944369106,4.262255519628907,-4.4407356887870755,4.996722161782611,22.73323956868261
TDOC,0.5441610206582161,6.789999961853027,10.094306712958542,-0.8000891933876145,7.709390321775396,3.6842109508676177,16.66666256726394,28.30930283958662,26.915889394771824,5.733221456681044,22.334739803094234
LAC,0.5405802058205554,5.480000019073486,13.421243887180308,-0.3586108519616752,3.935515480822237,3.4229112187214765,12.52567038446899,31.21453349219236,-14.906832755716556,8.056309819149812,22.236286919831223
UEC,0.5708147730964602,15.369999885559082,6.195159963906558,-0.9373691867190411,2.4154586300491236,1.5014708984577376,1.3852245398865786,32.5953253418231,24.051650197102695,7.839900976712663,22.14721050164088
MASS,0.5541326213278818,7.539999961853027,12.703087976644623,-0.6723377766335681,4.388757232865339,0.8587586501731869,1.6172491146771748,4.734147653718831,29.109585009526356,6.247630608074347,22.067510548523206
MLEC,0.5326135397832948,8.34000015258789,12.34965727048877,-0.16477924609722122,-2.3967771626686933,1.1929489941390918,6.242041450264669,79.2639027080818,-3.3603703125583433,15.536997286389864,21.84247538677918
PRCH,0.5140493402015082,10.239999771118164,14.869153043143674,-0.41345873136381434,8.808838406594171,5.486745203819022,32.814522958823595,10.579624765497302,1.085880112770939,7.909458706526492,21.776840131270514
HIVE,0.5061372972268969,2.759999990463257,13.49706662462655,-0.382075873450091,6.460945348745778,3.040540012704428,26.027393520069857,45.44972540847343,9.960159396425228,7.142857142857144,21.570557899671822
PBYI,0.5062725046054818,7.170000076293945,14.66980586619673,-0.746391861324932,-2.9178783072559646,-0.8258362396085107,-0.9668466440260584,18.364012037516343,25.789479227376173,5.18529526946002,21.42991092358181
IE,0.5903680846548096,14.9399995803833,13.703226367847455,-0.5860554043228559,0.2308947312733684,0.6357230509635411,-0.20040538482540846,44.866118891754176,32.329491855976094,5.697408104088931,21.0126582278481
SBSW,0.5604502794875843,13.609999656677246,10.508042586182093,-1.0218223733445035,-3.0077515415768445,0.4951270344919073,3.9724942550655866,54.65042293704809,-17.032092166928607,5.030440450094648,20.23441162681669
FEIM,0.5544647319915268,61.11000061035156,12.582853559660654,-0.6923623557020245,10.447411220341591,1.2748701695773583,4.105621492415072,1.7724954122733352,31.560817236397366,7.490752857166044,20.07501172058134
BDTX,0.5121696420031242,2.859999895095825,14.088789717300651,-0.5064740634024759,-0.9866744727967938,0.6621360459556693,-2.0548006715713565,20.035809667371716,6.319696438513381,7.579921167763287,20.03281762775434
VRNS,0.5056628768343249,27.010000228881836,14.923200414254964,-0.5622021810960315,-3.1050209040348555,3.1469704957104128,13.012555062177386,41.40925133240819,14.11068923397204,5.860262295692543,20.009376465072666
SG,0.5295666083953027,6.579999923706055,12.517371649662307,-0.5391538309509328,-3.2495228976864285,0.9649645169000458,0.7656923780024749,47.25724276993894,18.55855310608964,7.321971820020991,18.99671823722457
CVI,0.5353203288223836,33.84000015258789,14.261797825718828,-1.1250117590690383,3.6200240244200472,1.601826189329491,3.2902142045158818,11.009832727914821,5.636991695766984,5.079400767198927,18.912330051570557
SII,0.5186375528363174,142.66000366210938,13.97352611498345,-1.157423968227555,0.0064519767118819,-0.3159316914580407,-1.9114402726978401,29.814053824125907,9.613639065452805,4.828662789999419,18.752930145335213
CDNA,0.5405802058205554,20.610000610351562,11.831904123937182,-0.7481115284376499,-2.801354901041016,2.7948129343633643,-8.073146564238758,21.528294754321152,-8.073146564238758,6.840644787733402,18.556024378809187
GRRR,0.5165349091527097,13.859999656677246,14.355221674684696,-0.6393534126954059,-1.222253095994296,2.166156895625873,10.702868608727645,29.517513396772603,0.36205094524040654,6.783136529137135,17.505860290670416
PNRG,0.5271830970019293,251.5,14.663015672006999,-0.9763761465585675,11.941461495436275,3.0993448580227114,21.998548360892787,0.0,9.276561663966651,6.072946043049737,17.405063291139243
TIC,0.5470259239757954,8.9399995803833,13.3062653060078,-0.7950305240608107,-3.940692713560005,2.9574442722097545,11.889860279849419,61.341334986283805,16.254870139131103,5.712685437125818,16.21190811064229
NB,0.5278811263806449,5.949999809265137,13.858386595008795,-0.7912850776313718,-1.064186915580336,1.8372708145554357,1.1904709770395938,46.5277285877093,-11.8518546757977,7.081634226435811,13.46460384435068
