Ticker,Win_Prob,Price,MA_Conv,Vol_Z,Breakout,MA20_Slope,MA20_DP,Ov_Supply,POC_Dist,ATR_Pct,Resonance_Score
AIZ,0.5092803640170206,252.72000122070312,4.317072242908749,0.8294479040616624,7.537909192682636,1.464289763326836,10.958907321631699,0.0,17.469904214002625,2.7735378835422075,78.04018912529551
ORA,0.5422002878111922,135.4499969482422,3.2389942622050443,1.6991006724061999,15.746970033779725,2.3603968406129145,19.824837093962127,0.0,25.99999716091366,3.152190858157761,77.59101654846336
SPH,0.5050710278586591,20.170000076293945,2.1396700648922473,0.20107480773540068,2.8684769768151877,0.7380918252844338,8.654886674636728,7.2084402273313115,12.397231182699157,2.8324854691984376,76.93144208037825
LI,0.5158715835359744,19.270000457763672,3.439597302571984,0.45456274778483235,5.361002268841166,0.7186520793330762,4.785215319597709,1.4785083669374912,17.571697225068007,3.04841008800613,75.05910165484634
NTAP,0.5162832931766757,119.93000030517578,6.651928935700783,2.368711959026318,7.091831073146709,2.369373826713349,14.732614278745872,0.0,19.22094349428764,2.9005026570560766,74.46572104018914
NBIX,0.5438991731196369,159.0500030517578,4.05483261133706,0.32357854671329705,14.436812363040577,3.173867114566683,19.362103603425286,1.156762660797991,29.203903349277727,3.087036207892147,72.63356973995272
NOA,0.5908269929370823,15.760000228881836,2.5167647824662494,0.4401105793545725,7.6232883048072715,0.4138124766784253,12.65189768831343,13.46960567462436,31.04689012380281,3.349347027884236,72.24586288416074
PLGO,0.5166449353375829,23.459999084472656,8.392624600308743,2.687663472264459,11.740887951233029,0.8550702582971004,11.874105162291047,0.0,30.805880745368608,2.9883689592435982,71.00472813238771
BIIB,0.5402205347547513,191.3699951171875,3.6863178111523895,0.8907452895809109,1.0187891640216793,1.602012029419504,7.905265594075953,12.99061390087598,9.479400329546085,3.4592672026707683,70.81323877068557
BA,0.5126606551553251,229.2100067138672,5.455724288566115,3.1153491107192233,-0.2773554881441612,0.8799939852168143,2.609903171094955,38.801394703532864,11.602883077413397,3.1128658206054634,70.49172576832152
AHR,0.5076495711627419,51.13999938964844,2.291080691491228,-0.3483897720556863,1.7427969356395925,0.5340320579049584,3.125628619197338,23.865424457790247,9.601119781750365,2.677510872814424,69.74468085106383
F,0.5443500390893413,14.479999542236328,6.309565640501264,4.237773942241867,13.635601181421578,1.0874973645601587,13.927902091942126,0.0,6.705968075239794,3.690164977072459,68.06382978723404
LAMR,0.5377477627718209,147.41000366210938,7.338720406005297,0.5660767757451783,4.8319747038119925,1.348887464896092,9.160256954156136,7.4538560078906375,-2.5066093668011864,3.102572059761536,66.79432624113475
SSD,0.5392585250326398,185.63999938964844,4.0956091925340194,0.09335689652580859,-0.5355249212006585,0.9167640912157836,5.3157059567838445,31.50968786843077,9.363537645817086,3.178002614547743,66.74231678486998
UMBF,0.5076495711627419,127.22000122070312,6.469653740856075,0.1305455682330185,0.241503562797314,0.8550708855635966,2.93713487365015,17.705747266859518,2.4150700132788714,2.9229454633742975,66.55319148936171
VTMX,0.5092717894965619,34.45000076293945,7.648162220484137,9.931167698192349,-2.5282569060253954,-0.5958318075141568,-3.3052841888840097,30.651095034690496,8.226840525498877,3.281766927858935,66.42553191489361
AHRT,0.5061908406727662,6.550000190734863,6.165019245668521,-0.16111304462812243,5.347811348417932,1.5350699028617738,8.264462548002381,16.18620096842654,17.712822735934395,2.7699012116156236,65.61229314420804
TXRH,0.5436451003147671,177.05999755859375,4.817583384466335,0.3186914976114422,2.502480127764383,1.6236555088574516,7.257084804086079,39.81990195504638,-0.18040777731873517,3.288836513070566,65.41843971631207
LPL,0.5727858521725235,5.329999923706055,6.2450531959457445,1.3216150845341308,16.77072962221237,0.6283065432283996,4.921259915460841,3.4350250182518685,37.726100282785715,3.752344886058795,65.07801418439718
CX,0.5548224426656349,13.15999984741211,7.584592879985645,0.21350870812967795,4.893988469188819,1.7147028604362686,9.941516739658914,3.069910534210611,20.660471379142344,3.158922497086283,64.5531914893617
CVS,0.5286384500511202,97.1500015258789,8.158964429572976,-0.07785450161960694,15.619454785678876,3.8952513200447436,26.78227201046402,1.2698486241140032,36.114865164095065,2.8372893789865916,64.45862884160756
CPA,0.5776553896953038,135.50999450683594,5.905549875227251,2.862719062146497,9.031254843623138,0.2700222444288022,7.907304133552408,15.863610748911,22.827420491091264,3.986000285270857,64.40189125295508
RSKD,0.5235238042350369,4.639999866485596,6.518538658007933,1.887691520252602,0.1943397153275369,1.1908660253622012,4.035870555127845,33.93124785955281,9.17646744456073,3.568350343780075,64.19858156028369
ACT,0.5076495711627419,42.970001220703125,5.690110446662035,-0.3336574291005782,-0.5473686422293791,0.3076098923705618,0.18652793702797482,14.853567398532242,6.863969656810117,2.7190069140640896,64.05673758865248
VOYA,0.5368495915974366,81.77999877929688,9.516912955678436,0.6123591602811757,2.203281485389104,1.6405100263960741,9.845536778264835,4.446854406768817,3.68961066481522,3.170090374061839,63.53664302600473
PFGC,0.5236360059145778,96.79000091552734,3.607276303692182,-0.31190480114995456,5.794911039650938,1.1176309128802993,3.5187175566761026,14.380718593259362,7.71199672604982,3.2356490153342685,63.238770685579205
ARMK,0.5300581620752403,52.70000076293945,13.94362022337193,1.890395183897439,14.212650019346656,2.163179133942347,16.464090083480247,0.0,29.056480073708734,3.060448639207334,63.22222222222222
LOGI,0.5408788315514454,100.94999694824219,5.162338187658162,0.3831140120435366,0.2358178928610925,0.7901080538899694,-0.13848985529597643,27.41356515827855,16.516617796904455,3.646784837118549,63.1016548463357
TKO,0.5015177106470342,192.5,7.240729398183074,1.201754611887539,-3.5294799898014233,-0.3582541660226244,3.322420977127808,72.29736899246487,-4.537562198556815,3.1094620798425905,62.851063829787236
MSM,0.5289992820362068,106.81999969482422,13.235519271776216,0.4754209411267547,4.588602748833411,1.7859013639913517,9.53650878978334,2.0596474087449064,34.41137099044196,2.823841724315408,62.60520094562649
DEI,0.5301801715040195,11.600000381469727,9.967360184302827,1.75942939226242,3.2258102839543534,2.3172180431266463,11.004790364445109,10.199590192483003,15.293198329519978,3.3959366475581816,62.505910165484636
EXPD,0.5402205347547513,153.61000061035156,2.650242511749736,-0.39294263604893365,2.168997669119275,0.9372509923847275,4.283772863421955,27.471547379916096,9.284293738141931,3.2224465844114625,62.36879432624113
DGP,0.5153621554232574,180.50999450683594,3.528956158952121,1.5091158538875127,-3.698624897381227,-0.9066281127272017,-8.13273476487472,70.4387560031706,-4.065693562044343,4.127986993155034,61.985815602836894
FMX,0.5279425762519421,122.23999786376953,10.323796506632545,-0.15265770399018558,3.6018448170344044,1.1375483072337054,5.478159035477374,2.176362990966736,20.57572499916678,2.7077868998296983,61.62647754137116
SXC,0.5553826781709104,7.909999847412109,6.4495881795176055,0.554557037402994,13.755659889111433,3.3593459366990617,26.357820414351945,7.557211310648575,31.613969149009996,3.873938996396327,61.583924349881805
VYGR,0.5244063605334092,4.239999771118164,1.020946030249357,0.3799976992500981,5.284061957495513,0.7709803486992951,2.6634298693113365,19.328312561064383,-15.200004574596718,4.961253524626874,61.32387706855792
WPM,0.5085586280566018,139.25999450683594,3.1675509922810914,0.1055482189412469,1.8499855377807275,-0.5748217632246096,-8.61006034615918,39.41729187832766,5.770745408717351,4.0099708540869665,61.25295508274231
TFIN,0.5112908893877145,63.63999938964844,7.224305004746948,0.2099114465763253,-4.138580673512152,0.34386301638363953,-4.127746274631201,40.861615800336665,-5.466429473861164,3.2051266901152204,60.93617021276596
CEPT,0.5410515304272907,12.430000305175781,3.295198006465599,-0.46283374745016176,7.053658080827467,1.4858847697387858,11.280216832255249,11.91733155366078,3.8429409176840763,3.2616932239912493,60.765957446808514
HLIO,0.5248513308694647,78.16999816894531,7.556138216964367,0.332173539564411,12.601190488470703,1.8649761728498724,13.734896480144066,0.0,0.7734929437590201,3.767431052477224,60.73049645390072
FTK,0.5139903505747832,20.5,1.0739802801042204,0.23338668284121786,21.521088229789324,2.3883217775085903,31.241998398733212,0.0,11.65576970801039,5.428537840627212,60.70685579196218
CACC,0.5248513308694647,546.6599731445312,9.708253222223721,0.5725659037661206,4.711496318314092,1.1295305741221011,3.6204366658372247,0.0,6.919882344241198,3.5463417782939177,60.60283687943262
SNDR,0.5143520944580581,33.209999084472656,10.401600328583015,3.100627183493047,9.30094514197982,1.1838751030486225,12.997617468613146,0.0,12.997617468613146,3.844366008521017,60.5886524822695
FINV,0.527941222237495,4.940000057220459,1.5610038309943057,-0.4324323540414011,-0.493502686608319,0.7210515972103188,2.9166637686111336,40.18190756198052,-4.135799760867806,3.354539716529,60.52482269503546
GM,0.5046419194668633,77.75,3.032662499911933,-0.3912095832712373,-0.8348483885298956,-0.3388832171619883,-4.390063586052298,56.94455807302145,-5.362359566669701,3.1667454394934973,59.93380614657211
EHC,0.5275803035565498,107.30000305175781,1.5887021159398644,-0.5890308150687575,2.4995219697831836,0.26073043105301125,0.8553469943805294,27.425359609985982,2.0126942609432743,3.199973261060321,59.81087470449174
LECO,0.505729163173791,266.3699951171875,2.223202429739953,-0.7460532041869244,0.750224775628122,0.5254662784904274,1.9013011999733467,28.93731018477071,18.604092463260066,2.832659758564494,59.53664302600473
VOXR,0.5703717880851146,6.320000171661377,6.126767442508494,0.4771640433060234,12.290679013079084,1.7168934057671539,11.858408227722157,1.839213545412417,22.721992850972097,4.266500357137441,59.508274231678485
DNOW,0.5056628768343249,13.329999923706055,8.775157142115114,0.4321881705597808,-0.25690305143109465,1.5712153471808623,11.54811829583033,41.17954292811374,12.489447210700199,3.2992179707032805,59.111111111111114
OGC,0.5153621554232574,33.439998626708984,1.9470188400303023,-0.022375039573210652,1.9879055125778176,0.16506237424221618,-2.8471806924500056,45.99207784858857,-2.4788634181945124,4.297675549130729,58.91725768321514
VIK,0.5252124581754161,86.72000122070312,10.942213486291532,4.002180994559173,5.617636314791915,0.4023063397780957,1.0722589000138056,0.0,5.537304555304265,4.073373197287864,58.711583924349874
EXEL,0.5544647319915268,51.099998474121094,5.934198769277834,-0.38183755116454543,10.14592518411357,1.9032868971279933,13.833814142947693,0.9925088701078132,24.543017290217325,3.302347368753561,58.64302600472813
SONY,0.5034019369606139,22.1200008392334,11.60968581208599,0.7918614820492644,-4.297315274946968,0.8326034583917026,1.9354841544148307,48.18306370931107,3.898543391145319,3.062839756470859,58.60520094562648
ILMN,0.5406919148364935,143.24000549316406,4.89082579376152,0.26391495451079156,6.121394251896402,1.4521347668801206,6.498145348029056,17.610133757649624,6.27690072000797,4.299974544844331,58.58156028368794
HALO,0.5388987018370947,69.20999908447266,4.530578578624018,0.12122401175392085,0.9555581063221515,0.6183958111807428,-0.11545941693818787,49.27612138055123,-5.489559044278561,3.9029762166571067,58.51536643026005
EQX,0.5093305177208625,14.329999923706055,3.0141905842953296,1.5753758739217356,-2.9056685645401243,-0.6690471508359545,-8.199870346196114,59.25313861331589,1.7262758422247833,5.059316432182195,58.35933806146573
DD,0.5550250566230085,50.599998474121094,6.308150720968392,-0.38045970737525536,6.079661371195585,1.3610426720527253,6.863780580072529,5.306337218936224,23.129064216633203,3.1747598167661484,58.28841607565012
H,0.5368495915974366,169.97999572753906,6.59403440963286,-0.2203058047609029,2.2746736463734036,0.3983927501020862,-1.4494434496245425,5.694693705288577,0.6316960408118751,3.429816435811422,58.23640661938534
PNTG,0.5422002878111922,36.900001525878906,5.025090235433745,0.2469243941109823,14.85666754657759,2.6028358524682935,20.039042942179837,0.0,18.421058107801315,4.668387331850204,58.20094562647753
MTX,0.5550250566230085,80.6500015258789,10.980328033758036,0.4151907839717938,6.749084579364041,1.927215046658098,10.843869101003248,3.513162965510668,23.582590998519944,3.4881758711966326,58.17966903073286
FG,0.5121696420031242,28.59000015258789,9.426848532914825,3.389600922984246,1.8742881084245937,1.1497572577905375,5.459238321140499,28.737466926382638,-6.267359061224591,3.940688234055931,58.09929078014184
BKV,0.5604502794875843,28.59000015258789,2.8083039252337283,-0.17610585044928392,-2.3898938314822895,0.7550608651808459,3.0270275767842176,46.63892021695911,0.07000510317329522,4.063109555996727,57.60283687943263
ONDS,0.5093948794439243,11.210000038146973,1.3019942059089757,3.8312825703179225,11.702525517721112,-0.2594419538962216,12.100000380259726,22.40649948316241,5.060918068802662,7.735439880423558,57.55082742316786
KURA,0.5004149873692441,9.739999771118164,4.762600406872605,0.5944514414949198,4.456000141767849,0.9582067411221525,0.6198291740146281,28.95670179468545,13.124275950851343,4.653122989720095,57.49881796690307
PANW,0.5406735762639734,238.2100067138672,9.28087421484486,0.2502630918088502,25.273468687359824,5.2275666181056515,41.91837834461579,0.0,44.10768440145711,3.75074178034989,57.48699763593381
PANL,0.5609177766651836,8.270000457763672,3.319801886694556,0.3454540441860722,6.888980469931726,1.4488959518786357,4.6835488339598035,29.12857766555494,0.05833845255625665,4.930039615783766,57.47517730496454
KRYS,0.5139903505747832,316.29998779296875,8.812893422890717,0.6212625337029545,11.272736954544248,2.461728037613636,15.349548758011771,0.0,9.88743462238324,4.1683772876434215,57.250591016548455
VMI,0.500026836360566,515.5800170898438,12.875991177636454,-0.16874972783785444,4.434066317125185,3.134416937592842,24.95274664117167,3.285075295890437,12.383117779387929,2.8096661943299606,57.14893617021277
INVA,0.5352080705470948,22.860000610351562,6.456390584033474,-0.3476283071506323,-1.3868789692420955,-0.636519763855062,-5.6930658982675935,27.037689012206723,14.357182951229666,3.138670106267041,57.0921985815603
AGM,0.5408788315514454,175.7100067138672,8.63065316319983,0.05115011377969351,0.5280758704537549,0.9567924127749619,2.0027936357993514,13.504366388511544,25.29235584077268,3.520411180538362,57.04018912529551
EW,0.5426701825034488,81.33999633789062,1.3686118949682555,-0.622478247976416,-1.6714526615807932,0.43091802890032227,0.43215024490492343,67.6679243062202,-3.339281208557933,3.1068874228906926,56.87943262411349
LINE,0.5546464179603556,39.400001525878906,4.502137336879595,-0.39746045134651364,5.044260246162559,1.3579066613609097,4.537020327490168,7.097889235168771,18.449103569648067,3.6480959612924706,56.728132387706864
THRM,0.5067882309762973,31.459999084472656,12.341243752167077,0.4790221677708335,-4.013182854402931,1.0234332289201522,5.676851194711634,53.746669761608636,-1.5644556142283303,3.0537642464361716,56.47281323877069
CRON,0.5112908893877145,2.740000009536743,3.0590238214101406,-0.2634932494642666,2.429906441190569,0.5072327250027829,1.8587342466215826,39.65041181621396,-16.20795028498814,4.031543797213141,56.373522458628855
IX,0.5371838237085254,36.9900016784668,7.103903929710775,-0.4395122998590174,11.116123220318405,2.662986576609162,14.768855735926891,1.6023975604507499,4.050639865737478,3.1494996187881106,56.35933806146573
INN,0.5548224426656349,5.400000095367432,9.05301384180535,-0.04633819374276388,5.851221879931093,1.6336291913309677,13.207549619035275,0.3731343283582089,29.496402788358584,3.604497795429218,56.23640661938535
CYD,0.5377477627718209,51.02000045776367,3.9588149364573737,-0.20966523439072107,16.970059200095243,2.8035401821325787,17.93805463970268,6.920217754862018,6.313812613583014,4.310634040512802,56.1371158392435
ZBRA,0.5236360059145778,258.1000061035156,7.950088092060717,1.5416033945873768,8.851248012602426,1.2597695276225784,10.096836653648342,13.5260871151845,6.745528462798784,4.484695410439795,56.11347517730496
NVGS,0.5189800647027255,23.68000030517578,14.278833919397044,-0.19824236827086733,8.011952207351127,2.3219454858894784,15.34339753055085,0.0,30.756485404715434,2.8384410370839843,56.002364066193856
NVDA,0.5406735762639734,235.74000549316406,11.491371657153822,0.0046790208021302345,12.730074846291748,2.1647583271725153,16.888146595665773,0.0,27.509746172257866,3.4211419672733943,55.912529550827415
ICL,0.5533031454878176,6.570000171661377,6.323270502978996,-0.15900128516452558,15.415023355779187,3.44357666074178,25.38168813708912,1.8909734725113296,24.126202470959033,3.991084399936326,55.85342789598109
WKC,0.5166449353375829,28.040000915527344,7.318512303676726,-0.6082018855605366,7.121030298510379,2.389986169670496,19.675631882669837,0.0,24.92113103498056,2.9091083882018345,55.79432624113476
WERN,0.5381077143082178,37.150001525878906,9.955605413212744,2.6409289489375194,6.480556587202637,1.5676628322675517,14.027008710379828,3.3140304595302728,7.340116831563409,4.433763553323246,55.77777777777777
WMK,0.5235238042350369,71.16999816894531,2.780579815847853,-0.8301377647927672,2.0059724007900943,0.2776450771340929,0.6235093318126401,14.39146266113987,6.938205786030892,3.097686329647513,55.61702127659574
POST,0.5181498078456567,102.77999877929688,2.37637139853573,-0.7864255701524709,-0.6438148896232049,0.5008232542174968,1.171377580757618,34.493358260356196,-10.321962977010038,3.073138308307457,55.50354609929078
SA,0.5900178302281825,31.559999465942383,2.4707198139462214,0.4819399030254928,2.226623321294424,0.5552337067637515,-6.0714258951208455,34.1538957277613,29.185423951731078,5.769058444652824,55.361702127659576
SRV,0.5289992820362068,50.52000045776367,14.241923591911792,-0.33559484349191493,6.763597008933518,1.7127686685725056,14.739954254486667,0.6908649629335928,42.67303913954509,2.6622981673887725,55.22931442080379
WMG,0.5550250566230085,32.810001373291016,7.871056877775111,-0.18473015780512664,8.954460465143022,1.9207338415107478,8.46281445688062,5.110428356823729,17.143018633977285,3.6312953319166006,55.05910165484633
ANGO,0.5392585250326398,11.029999732971191,5.078248156725664,-0.5251686509364001,-2.5661431592199233,0.6874422765808406,1.565378284093843,44.14963860522788,-3.583914881249786,3.0954544763412,55.04491725768321
KELYA,0.5121696420031242,9.8100004196167,5.701516045651055,-0.35708585087886596,1.1757458669212362,0.8371907650904447,3.154576061861892,25.60470341339106,-8.43216469672976,3.5277421096994286,54.836879432624116
TILE,0.5318532070778762,28.540000915527344,6.565401768013812,-0.07176001267793539,-0.8417528029915069,0.49878869243642043,1.205674267295281,33.49585179148858,11.399891839549694,3.7966771960047456,54.77541371158393
RDWR,0.5260151912151616,27.350000381469727,7.069911555135347,-0.1848776338992725,2.3003566202440076,1.2670219242853982,6.17236078570945,9.548301099066926,14.14858692149318,3.7581611880232373,54.751773049645394
IMKTA,0.5046419194668633,86.0999984741211,8.948078074728711,-0.12133578759803898,-2.7739368565057263,-0.798149414789122,-5.7883805129652375,40.636629366847366,3.2206741004538624,3.228804254860365,54.6241134751773
ENPH,0.5733623874872237,48.0099983215332,4.537369052073256,2.111395342387471,28.24416431355088,4.577443980990153,47.81403632294958,12.145092679245607,-7.08341392886096,6.51054894309431,54.60520094562648
CTS,0.5548224426656349,61.290000915527344,14.793589645814464,0.9025046140278488,6.813292122920797,1.3011199764674446,11.173589203616118,2.8720030844526274,40.07701844201071,3.6990310510822297,54.11820330969267
BABA,0.5275803035565498,141.1199951171875,11.286965609318763,1.13401465733008,-3.8229697639035756,0.6832379420513257,0.07800908774976924,60.906095190936206,-3.216516370552305,3.5696568440577154,54.080378250591025
TDC,0.5377477627718209,33.459999084472656,5.95699301880914,0.5112162725317443,15.419770290813897,3.366204978724681,23.468629569160615,8.116923871131988,-11.668431517670538,5.188497386113075,53.990543735224584
NOVT,0.5371838237085254,155.7100067138672,6.87315150197619,1.0121672189403432,14.65831641394814,3.3933149062555374,20.845944383242244,2.807950738505082,-2.1860642465899196,5.330880044605046,53.981087470449175
SEPN,0.5502222262608742,28.31999969482422,5.006733933234518,1.2647502117520077,8.425257963921167,0.5782217897399953,8.381173380449336,17.48980602357805,13.826369171844298,5.9448138724438655,53.976359338061464
SNDA,0.5548224426656349,38.58000183105469,9.280223274561205,1.152699886359185,5.101142139393494,1.3333522464528362,11.277772911735758,1.81583094266435,14.787269057723668,4.660074978587354,53.971631205673766
CENT,0.556229121057504,37.88999938964844,6.044465590415876,-0.4717782560114036,0.4280562795153511,0.269752938911284,-2.7963062220636266,17.586000817807225,7.672636738364188,3.382912940446308,53.92434988179669
MD,0.5541326213278818,23.479999542236328,6.158002724448855,0.0969360993526112,2.5081295264788745,0.90973152225848,1.7771991886342389,9.589244147209374,21.658033524336183,4.602945500587001,53.90543735224587
PGEN,0.5567898622893956,4.599999904632568,7.46206605834384,1.5523444209956754,11.218566638966983,1.2236903585249548,15.577886493267767,11.565731229416976,18.251922375291667,5.1086931073468715,53.853427895981085
DNLI,0.5040063994173407,19.389999389648438,2.861709992678198,0.16400962205608663,-2.786067023332331,-0.9848986136144264,-5.736511048249191,56.65302444078233,10.358564179467628,5.175716377853631,53.735224586288425
WRLD,0.5170256718471781,150.2899932861328,6.053391985438395,0.7800057570666553,0.9060615745535544,1.51481061313376,6.302155959495567,13.662126395971852,12.754145739491985,5.344192292398809,53.70685579196217
NGS,0.5548224426656349,42.09000015258789,10.02518123461379,-0.009192867258404293,5.552212178687388,1.3251343941466327,10.472445769445967,1.6108313261805705,21.901982490162514,3.7928931554480902,53.69739952718676
VLGEA,0.5166449353375829,45.84000015258789,11.872752718793478,-0.5099673518629187,5.614819900596925,1.336663935725305,7.328497155552201,0.0,37.951931710092715,2.716746115551493,53.59574468085106
LEA,0.5544647319915268,139.05999755859375,7.7343663714910305,-0.382056453636399,5.894803414620843,2.0444794682154264,10.901984396982794,1.8765611594104892,22.54141121319575,3.4941251262735276,53.40898345153664
KIDS,0.5427178995166746,17.899999618530273,4.7809159700515105,0.3629922154157165,3.3407723011407966,0.35513679040953666,6.8656693639499515,34.64113357671968,-0.9407862709219108,5.097764177876019,53.314420803782504
OKE,0.5038969556740541,91.02999877929688,8.769568598872764,-0.6652348026900972,4.371053145745674,0.990568612347164,10.31115525872362,3.513480189146392,3.262918743711618,2.7383898385147756,53.18676122931443
CON,0.5248513308694647,26.200000762939453,7.2139143217802095,-0.47045380838162165,12.011290022571485,2.211103775296831,14.6106739425429,0.0,8.443712451684558,3.493729596752191,53.08983451536644
GVA,0.5550250566230085,140.92999267578125,8.170911333430633,-0.44426492462311956,5.971563292571807,1.84953284005972,13.406289919225097,5.126668291036735,18.213194240082323,3.2579452092340158,53.08747044917258
ADAM,0.5553826781709104,8.920000076293945,10.138174393901728,0.08044566795571692,6.0326909574317344,2.205078149800082,13.197968865700139,5.295306570086026,27.24679588497404,3.8997432471718225,53.05910165484633
BWA,0.5422002878111922,67.41999816894531,12.940482325613406,0.15670938708607238,15.679929113641231,3.4203430979562555,21.128275877759812,0.0,50.16583135584833,3.714984911115466,52.87706855791963
PEB,0.5038969556740541,14.270000457763672,13.911551592304477,-0.2550014496338689,0.709272680382258,0.3114937762698505,1.9285746981741867,7.935253325966456,-0.34915669080025813,2.9557014523077885,52.72340425531915
MSGE,0.5252124581754161,68.4800033569336,10.813728919313329,0.30948293326971893,5.639891988381378,1.1902624860966027,9.079332093624748,0.0,3.41286936655895,4.232307969560792,52.41843971631206
ETOR,0.5553826781709104,41.58000183105469,12.051943304307992,0.7597764959811568,9.690953672691244,1.4492174135226792,10.408927242223186,5.468701296434369,25.73329971123355,4.172848871782298,52.37825059101655
CNS,0.5216486626678887,72.5,7.672424093205205,-0.7354630591680845,4.834871799723892,1.6323791019634104,9.75523272868827,0.6341166756927119,18.487810096408598,2.902074937890197,52.34988179669031
LTH,0.5529451976895948,33.7599983215332,5.944343031354908,-0.09535770959012753,15.20217849948291,3.117632453445792,18.207279245959764,1.082988437954423,30.54910102250284,4.80027180687894,52.31678486997636
RNGR,0.5080760765118656,16.229999542236328,8.074092028474137,0.1518873233369322,-4.527684784555638,-0.6275019973885604,-4.503678471433657,58.57585244529779,-5.55552595760754,3.853359790710379,52.23640661938534
MYE,0.5248513308694647,23.40999984741211,4.657256428649186,-0.24355836233995704,8.919183091379868,0.9155788440681817,8.1293314540946,0.0,3.4282657485896824,4.868737004172282,51.99290780141844
FENC,0.5698606550416648,9.239999771118164,8.554868921401106,8.595907991965248,24.057371589690757,2.986303266981044,36.08247161514996,0.0,20.46935696222484,5.963203784901672,51.95508274231679
WEN,0.5283541123253683,8.109999656677246,7.666817166431129,0.802079554854818,6.989615680613845,2.662699783372136,16.69064574215947,21.666428671215282,2.6582222626348595,4.963009043006681,51.90070921985816
AQST,0.5295666083953027,4.730000019073486,9.728497342404069,0.3855427870124475,3.601219705962925,0.4409484972483937,9.490736829288714,20.80344358253162,15.365856803445913,4.213227837156958,51.744680851063826
NSIT,0.5436369655338783,89.3499984741211,7.132619547283539,0.5126358939628917,11.193728561798329,2.619454324337153,16.904354464461953,2.2233634250500027,29.473983057475262,5.42269609328274,51.73995271867613
CRWD,0.5406735762639734,579.9500122070312,9.392362558751364,-0.2901364314617255,20.71515530880972,5.037867408529948,36.79679101493956,0.0,65.5439255659448,3.658468673043125,51.66666666666666
BDN,0.5170858854101567,3.059999942779541,5.965432266879713,-0.628155773661724,1.526209566008311,1.208865063704382,3.378375111825567,15.665383904414606,11.77250836716209,3.3380009725964435,51.48936170212765
AD,0.5260151912151616,50.93000030517578,6.428881664754256,-0.4107408948336575,2.4047944763092555,0.6750941974414759,1.6363992911994936,6.181885514760343,11.079611777547111,3.916005911512763,51.163120567375884
PERI,0.5368495915974366,10.399999618530273,10.455054765010436,-0.3905335222563056,-1.7477597740404767,0.28897610316854755,-1.9792652678835818,10.25927621147714,1.1673140920668659,3.20055011814165,50.98817966903073
INCY,0.5392585250326398,97.62999725341797,3.8583839605022208,-0.6330800791253447,-1.5000843600096065,0.2814101192602637,-0.19423680433149798,65.04901145523185,-4.927456488109627,3.350280671992704,50.97399527186761
ASA,0.5600935054399276,69.66000366210938,3.5895931433058097,-0.42272595000164576,4.428640660136639,0.410788463306428,-0.19539040423507906,31.565939270766947,-4.581061634431748,4.286896212113107,50.945626477541374
NXRT,0.505864090593121,28.700000762939453,6.240356739487168,-0.6578524759279257,1.4779739775808536,1.3346711209602113,4.249909360950362,42.977097095974266,3.67667845812243,3.03335025104372,50.874704491725765
TX,0.5405802058205554,44.16999816894531,7.727399670249315,-0.3798356894170542,0.027171446540151002,0.8173515842954386,4.420801337041596,15.496955094762004,-8.777365057064397,3.6256022346065446,50.817966903073284
RGLD,0.5044890496908698,240.57000732421875,3.1273264723766965,-0.753193631677296,-3.954139977477876,-1.475363115837197,-10.275245522373181,56.145353543929964,11.985061078200237,3.338499605643147,50.81323877068557
VTVT,0.5082421100303377,38.43000030517578,6.662483394454085,3.2049644592803603,7.653694181267298,-1.5581915305542793,0.8132250313983836,20.14138240574506,14.001783888321768,6.435634311928931,50.723404255319146
DORM,0.533557480873544,120.48999786376953,9.24730327929243,0.20364464719615524,1.087442755208658,1.4694515224879667,8.883059711064488,47.356111301657265,18.15061178402672,4.0237184866167635,50.67139479905438
SFM,0.5305150075544165,86.96499633789062,1.7139432715667122,-0.6034755901851186,11.061796543829953,2.541495288545264,17.282528048723456,1.2925183012166692,28.875210449535622,4.679220764637177,50.66193853427896
MAS,0.5392585250326398,68.26000213623047,8.515966300657988,-0.424807180016547,-3.663085989277601,0.9783527794059763,2.5232806532711023,39.80418040080902,-7.706864546678706,3.182160131536876,50.472813238770684
LYTS,0.5272768294510718,24.149999618530273,13.132220127003952,0.013662000011071877,4.868002638891027,3.2022682919635987,18.39847114451114,7.297568328872821,11.936390807149849,3.6819567249985066,50.44917257683215
RNW,0.5165349091527097,5.539999961853027,9.519562720488983,-0.2339831264867363,-0.8456762848452322,1.5698289975954325,11.02204841386993,22.131745997094086,0.7272720335591749,3.5881891886235757,50.43498817966904
CXW,0.5368495915974366,21.25,6.720100161919748,-0.2586809331345163,3.8561162043531327,0.29410341687524194,3.911976563204961,2.2497469467995126,9.198360738175067,4.366388401063551,50.283687943262414
GCMG,0.5617131949948817,11.079999923706055,4.456996021655904,-0.4781672104321441,0.6952332174235939,0.5161227563849066,1.279710682631047,51.42465160309333,14.344689405283994,3.7667602790562222,50.274231678487006
SCSC,0.511906319218541,42.91999816894531,7.518828054508031,-0.040252415540060676,3.4540899062637997,1.5979129636743663,8.520857134787708,9.272475561913016,4.504500822553432,4.6049133211458715,50.27423167848699
PAG,0.5408788315514454,169.05999755859375,6.2154887372191485,-0.6710698449272852,1.6523144928693099,1.1018265864741172,4.797910911801098,12.259654056759478,20.241813811816105,3.367780557510687,50.17966903073285
WHD,0.5295644602817747,57.83000183105469,8.39177677871833,-0.7137972449982637,4.61666804004116,1.043741946669672,9.776008914098586,6.5374342553175575,27.010554506254174,2.9989384698896466,49.82033096926714
ZGN,0.5541326213278818,12.680000305175781,14.138841291493733,0.3374043365646434,3.2069041360183648,1.3153014162219543,4.362145705696721,4.464008077683861,32.63598063061399,4.07559843599135,49.74940898345154
IBKR,0.5186185417913505,88.27999877929688,13.935205359909311,-0.535638097928908,8.385510577968219,1.3576574862074084,8.040631218159332,0.0,16.589467905685005,2.8618359793243355,49.666666666666664
SMC,0.5566339993164525,31.25,6.209592740041436,-0.3095860410646542,2.538356927513307,0.3304307298342487,7.020545148725454,22.610036445192037,-2.738876560328316,4.205715070452009,49.5839243498818
ALKS,0.5356547099791493,38.36000061035156,11.311561704646863,-0.37589611175991694,9.745806336064982,2.147961001141827,11.091809922797104,1.2637028784062578,8.484162749241907,3.449240916170594,49.46572104018914
CYTK,0.5248513308694647,78.63999938964844,6.544344060539229,0.09393903658863897,14.028854394267684,2.4915103448132467,17.88337650835579,0.0,2.0106409720710565,5.668689174156842,49.349881796690305
RAMP,0.5235238042350369,29.1299991607666,6.84113752705025,-0.570212440827445,-1.05803316899099,0.7908113390532802,1.216116976228353,24.412079999403062,-1.687478954252488,3.429210148584156,49.33806146572104
ZM,0.5541326213278818,98.2300033569336,13.527952262730306,0.9216699473880984,-0.3241990437271913,2.363566603482791,11.59964451618218,8.970788244462078,30.037069322356757,4.431800858929037,49.29550827423168
CHEF,0.5356547099791493,81.18000030517578,13.727316027677697,0.03233774012807183,9.891300982203447,3.3593575637679223,23.33637295857666,0.6581204463709306,7.239106443568294,3.9849724047676665,49.13475177304964
MIDD,0.5725215015344558,147.0399932861328,2.2717322533987088,-0.5766560822707716,0.955839764117791,0.822889318042622,2.0402408452951883,52.49085021649318,24.430900875252895,4.1786502923857665,49.08747044917258
IVZ,0.5410515304272907,27.729999542236328,6.259273691942282,-0.7846668402647476,5.221217449133941,2.0839789809756795,11.7694483636916,13.590854720043577,4.149777899468826,3.1824723157347017,49.06855791962175
MHO,0.507632774969975,126.51000213623047,4.024468648727339,-0.7726614148158576,-4.3234431331503504,0.682504009184005,0.10286824310557999,79.64131224816704,5.092212180281909,3.0788065861720484,49.016548463356976
LEGH,0.5371485660023,22.649999618530273,4.637176263086869,-0.5412525520421692,4.147505825091701,1.0148862980505162,3.994485327901133,1.5554830388637668,19.525059136840053,4.351938682475722,49.00236406619385
OSPN,0.5295666083953027,12.180000305175781,5.612692029071146,-0.630146500119116,3.9116182982547496,1.1957180655928168,6.005226699237929,21.834401999783097,17.002886489317856,3.6124792945521595,48.983451536643024
PACS,0.5734737135614651,39.650001525878906,3.607511701985591,-0.19194463664371128,11.79038914901144,2.884149286809917,12.642047347618938,12.779621260777862,51.683253447449054,5.900918619748985,48.93617021276596
ASTL,0.5548224426656349,5.150000095367432,9.748938016523951,0.6381475778660227,6.979644985063546,0.40671589002739567,8.64979628608823,1.2878399947295762,44.2577084377385,5.37447912816339,48.874704491725765
ADM,0.5544647319915268,81.41000366210938,11.92005485165478,-0.5158350751479659,8.941766090148,2.7895469612671833,21.434968004362602,0.9399036076633474,23.03159424913833,3.1147446587546703,48.85579196217494
MATW,0.5405802058205554,27.31999969482422,6.356554639564327,-0.39160835401511157,-1.4487925003962636,0.5587288233584785,0.10832364356197041,16.928499680394484,7.042824010656458,4.150649456511761,48.73286052009457
KYIV,0.5583067673297032,13.710000038146973,8.723245341476241,0.013729167765217886,9.627378794572365,2.7651096946728972,12.009806326772678,16.152660992643714,20.7929478163041,4.512347727243661,48.67612293144209
BKD,0.5157238402785986,13.210000038146973,5.244943483786376,-0.4228848418547921,-4.741987998268211,-1.1127222333848963,-3.857348921116368,60.514899691025015,-11.638794603351272,3.860710725292366,48.65248226950355
VNOM,0.5038969556740541,47.685001373291016,12.339084057435883,-0.6758803501164935,-0.6200154057749719,0.5569325682436984,5.033039142210785,11.09820645712161,7.7420579865888435,2.6660081244209657,48.600472813238774
JCI,0.5213132088519126,145.02999877929688,10.214206169058336,-0.7942322859651385,1.945705302230516,0.4611282567889138,2.953080007292684,1.0291122652453986,27.667468515354486,2.8073017276500694,48.47754137115839
NEXN,0.5256443600182905,8.079999923706055,12.748707885690584,0.3208244525726523,7.5111426612582255,0.9537239545917731,7.87717183629552,0.0,14.447591912875582,4.5067173507925435,48.40425531914894
HPQ,0.5012942213451748,20.770000457763672,5.551264851255393,-0.348415295078064,0.32362693595003433,1.264399230899137,4.476867879897747,32.95316937332024,13.68363402969052,4.333172225194806,48.40189125295508
AMRC,0.5381077143082178,33.279998779296875,9.319151267059947,4.098864005843304,11.794456811163972,2.6538056571681503,28.643207187451424,8.310422353204899,0.4224483772559846,6.325936565852722,48.37352245862885
CMC,0.5566975566606427,72.75,6.25840124621671,-0.7145820368153358,4.574276780087786,1.3062329768431857,9.944086463710002,30.73376469711301,5.281295347368844,3.2704978347351346,48.245862884160765
ORLA,0.5157238402785986,14.789999961853027,8.382962416005862,1.9998270790395642,-4.9485867126371526,-2.1103233669113948,-9.981742621795956,43.79586100122727,4.30183105434472,5.56601980195612,48.198581560283685
YETI,0.5435086286118365,40.689998626708984,10.512234673673257,3.258026333580147,-4.360092287686506,0.31923003364207325,-1.165896438117247,64.57895746815483,-13.535917043262092,4.745814095169595,48.15130023640662
ASM,0.5908269929370823,7.659999847412109,5.387797100837089,0.6499603218566643,5.977976917511128,1.3527198313331392,-1.161292291306809,38.383203459602825,35.3356899923079,6.620664863613898,48.09456264775414
ABEO,0.5371485660023,5.599999904632568,9.711714443850184,0.20937400617918578,-0.12484595168343149,0.917926112493015,1.8181800838979374,8.80630895707945,17.647051159314437,4.827806618249286,48.018912529550825
FAF,0.5022946717023491,67.01000213623047,6.999136868071609,-0.940680477626768,-2.374705186916117,0.7833324190394262,1.5303062669926752,19.291031911225755,17.871598829603546,2.8417838765510752,47.966903073286055
ENTA,0.5046419194668633,13.8100004196167,3.863989595393122,0.19162318991439864,-2.4372984738081036,-0.3063706854358702,-1.4275503639076212,60.56645038472996,-10.266406032205866,6.160131649866876,47.94326241134752
CWEN,0.5198677560923077,37.380001068115234,6.123076013692023,-0.35741657821963996,-4.3113608426692185,-0.8968953808124038,-4.496674371317728,52.60009321548037,15.913876635621063,4.0625234491399445,47.77777777777778
NUAI,0.547805202600977,5.28000020980835,3.6680112746704094,0.1403630337789077,14.145713029903872,0.904567739581508,14.533623790545072,20.20832709385093,-34.491315939604405,8.448322665370982,47.73049645390071
CRVL,0.5121696420031242,57.48500061035156,9.11369008046969,-0.5268144459642264,-4.546104531783185,0.5107147914032691,2.6884620943107405,38.98316015493113,7.46868350430119,3.183439939519234,47.678486997635936
LFST,0.5381077143082178,7.889999866485596,8.18751685834241,0.46778368830571404,5.813717362633854,2.8908510767087465,14.513788377835416,7.863464886624463,4.227208553837017,5.717002641460333,47.664302600472816
BWMN,0.5295666083953027,32.880001068115234,7.588318125548267,0.18814580364182928,0.00012965114303339684,0.6803564252227317,3.3312425626142326,54.009604553269696,21.507766876650557,4.742354218065398,47.62174940898346
BIDU,0.5406919148364935,143.2899932861328,7.59208546535891,0.1372782094685037,8.84864880515619,2.712518678013853,13.605007854001025,30.534394520817788,-4.664011725378589,5.021284766580434,47.56028368794327
BVN,0.5993854325587795,37.150001525878906,4.536354068354472,-0.4250042838197638,8.389899668481778,1.1596459469655562,6.963803659083759,18.03942215933397,34.84608038395548,4.701019721859366,47.52718676122931
LQDT,0.519458288155158,33.34000015258789,10.364809185785628,-0.270206383258761,-4.776864450526594,-0.024271434865101953,-1.9411760217432283,16.179661848511152,16.41061753819067,3.8285197639255206,47.513002364066196
SGRY,0.5313638545022747,14.479999542236328,10.35443412419898,1.725096827687126,-1.0709378503143938,1.0636791503201137,3.428568158586017,58.795316840090386,4.022984646787782,4.819454373325119,47.470449172576835
DOC,0.5377477627718209,19.559999465942383,4.114636779052356,-1.1246586346257321,11.392690202359963,2.3144581888811415,12.607936216309115,3.5966445021738638,0.30768956891951754,3.354149000903539,47.41843971631206
LXFR,0.5548224426656349,15.640000343322754,10.25229314660072,-0.29437144344111743,8.728147062476449,2.658179126943406,20.959009852865897,0.7153481124725547,37.2849132571789,4.078370092927407,47.342789598108745
NAMS,0.5406919148364935,36.880001068115234,4.836271052329113,-0.01498123675435666,9.498075045329257,1.8425673046632451,6.343716100105337,18.327176523657997,-4.7766550372814836,6.345870475811805,47.319148936170215
MCFT,0.5368495915974366,24.639999389648438,12.725946099209867,1.078416901079236,2.3255787795187914,1.682747987890179,5.299144407178651,10.988269950843819,0.12189670276983992,4.907816161842959,47.314420803782504
IFF,0.5858708043267963,76.08999633789062,3.6646390753971145,-0.7695468395744629,2.7174387117661483,1.0820921677240876,0.2767515709951208,20.77343024167696,16.374297665371657,3.986821141704576,47.16312056737589
CSR,0.5192302123754567,67.87999725341797,6.773176463771775,-1.001749782638033,1.0833536013970306,1.2568038363152798,4.270351527518533,4.369497591851931,6.501541502070627,3.0305593743652173,47.12056737588652
KEX,0.5213132088519126,147.3699951171875,14.808792681471711,-0.5283816428333578,0.5887034156770536,0.2923043540954685,3.7159539132535806,6.281543880033405,18.645838662938683,2.943514271159425,47.082742316784866
AYA,0.5263503437652433,21.420000076293945,12.658092541178789,0.9965589270349017,16.59046399409442,2.751677891929748,18.081592044244605,0.4900966375313477,13.5736976827114,5.278777497657061,46.99763593380615
DBX,0.5165349091527097,26.200000762939453,5.74676967073727,-0.2898697845367929,1.0620545579728047,1.564494735285255,7.952205474635152,40.178475478781046,-9.34255671673502,4.531081264260525,46.983451536643024
CNTN,0.5161978432417205,3.75,5.553034223586205,0.18989324046503284,7.511467535010728,0.1060283751012103,9.32944393356932,45.07977173385138,-16.107378609064916,5.859046209426153,46.836879432624116
PAYC,0.516173261762649,133.61000061035156,9.310249101457329,-0.055551897721961625,-3.5955811251458205,1.4388770714631094,5.262743472041704,33.44466078741548,7.042141433222106,4.317522939289755,46.83215130023641
WRN,0.5596177375862602,2.9700000286102295,5.661347146853408,0.2740654585643551,1.9538301299019383,1.2829530090150176,3.1249968945064728,50.570360960854686,-6.896552495141848,5.8561812355497445,46.74231678486998
STC,0.50317388195322,67.47000122070312,5.737923883511117,-0.9915609646283694,-2.147899583411056,0.4179772443112392,-0.07404535670644882,56.39944038595045,17.56403892329924,2.8250664141293886,46.70921985815604
TKR,0.5550250566230085,116.73999786376953,13.708652460785977,-0.37073563151157346,4.826470527914978,1.602985169764933,8.433953086304319,5.096392073918589,18.31513489466196,3.423970245752906,46.70449172576832
ATRO,0.5578391561514736,82.70999908447266,9.580689367398934,0.136598608224652,10.441980125313329,0.9360405519999461,7.457448061142855,0.0,50.95819985745479,5.345700972455602,46.64539007092199
ERO,0.56056108454948,29.920000076293945,3.67960036741395,-0.22997347984601832,4.861650980729001,0.6452434292276844,3.3506020302518875,48.18640872084203,-21.325266797548977,5.475317261316571,46.628841607565015
RUSHA,0.519458288155158,70.58000183105469,12.922333385533932,-0.37749801434785274,-3.0416478084251266,0.14536825331213177,-4.280429250347159,32.92138671384201,46.26218510602694,3.1868211069997083,46.62884160756501
ZVRA,0.5236788631550632,11.65999984741211,14.287521245900352,2.0779682048965062,10.620937117260816,1.6000774336596177,9.278348303154289,0.0,5.424949412090117,5.439229890102412,46.61229314420804
PHVS,0.5368495915974366,30.700000762939453,9.740028284688137,0.5765209049164377,3.257490230097474,1.4138552680648437,7.417777623577802,3.8894288783699604,4.546231916163207,5.702418881902496,46.58156028368794
PLUS,0.5286903558710199,85.37000274658203,5.718038893329809,-0.5476502974609336,-0.11115313261501776,0.39705394074786354,0.2348298484609996,48.37531094527363,14.667570511500196,3.8061215908589956,46.56737588652482
TEVA,0.5405802058205554,35.310001373291016,7.653354337243836,-0.7221034353187648,3.9201871881495984,1.90903249917487,8.981480587270916,11.687317759768789,-2.5930996598153198,3.4045403955157356,46.34042553191489
CALM,0.5386182334186175,78.01000213623047,5.495847179807821,-0.7570177273635462,-3.357032135638925,0.694346543680176,2.3107178170906577,65.24508368126911,1.5946348111102289,3.238171425226365,46.2789598108747
NGVC,0.5258250081144367,28.860000610351562,6.03952665196827,-0.5374687569500614,3.745777840656127,0.6640253994035551,2.0870185462094364,3.4785149370817456,15.254360194364844,4.3609540043670565,46.21749408983452
VNET,0.5638683077030449,10.449999809265137,7.982600808912399,1.855242697907909,7.4679034317967545,1.9587856778275743,11.288598797371337,41.56435874435323,-7.358155525539612,6.418318875400107,46.174940898345156
FTNT,0.5429953051264724,121.86000061035156,13.633860632280136,-0.17225163781649777,28.816068817608564,6.332756835135445,48.900300663189675,0.0,51.86939662775821,4.075520272704121,46.153664302600475
VC,0.5548224426656349,115.62000274658203,12.031755722675461,-0.5314962049334473,5.161195823362049,3.0774496057452883,17.202231077593396,0.8400526501266554,23.602366385289024,3.39164634390918,46.113475177304956
MTCH,0.5286903558710199,35.72999954223633,12.91722574753989,-0.31232791941631427,-2.5135572735814478,0.5900716001860371,0.6195472573805254,12.03337061050207,15.75573728289798,3.5924211507586348,46.10874704491726
RRBI,0.5046419194668633,88.83999633789062,10.289156950126257,-0.1326766888827662,-3.55141551175049,-0.942597217209377,-7.966437934914682,52.27985941128475,-1.7147948470040288,3.97166693419685,45.99054373522459
AGIO,0.5000190287508562,28.729999542236328,6.875613298753429,-0.42246423710320086,-2.372555635474402,-2.951801610440392,-18.24132031464394,22.29122444830041,28.60339904081057,4.224056496898441,45.91962174940898
DVN,0.5405802058205554,47.2400016784668,12.399272391429836,-0.321937869057004,-1.1798142665759979,0.48873856801140036,6.80534064507075,29.77515739049124,-2.91820421982934,3.501012467085,45.83451536643025
EC,0.5066825379524942,13.220000267028809,14.30541977160879,0.012523715368771851,-1.6917239373860238,0.2412380896599545,2.4101846239404487,28.277509224087837,28.249352744954688,3.946449657448528,45.78250591016548
SWKS,0.5278811263806449,67.05999755859375,9.863587275064242,0.6474336042270371,3.127183858280549,2.1682256540261964,13.680277420531,12.352711607451104,3.2168636271973243,5.733138650655177,45.725768321513
VCTR,0.5422002878111922,87.93000030517578,14.72952550296933,-0.5240097886987278,10.65562064071344,2.902697991040122,19.033433106314554,0.0,23.2779408621729,3.1912550784694957,45.699763593380624
OKTA,0.516173261762649,81.05000305175781,6.521490884445915,-0.42989035088633165,-0.9554110059263626,2.298486834458823,12.179935019565416,41.7488281182433,-6.126932488355933,4.110777728628949,45.62647754137115
AVR,0.5425597215633942,7.25,10.57385595844404,0.3831264346254283,17.85743248570735,1.6021141686480538,19.439864823286403,0.0,19.636964822779714,5.68275686555308,45.59574468085107
BZH,0.543149312643873,22.989999771118164,6.342703349043532,0.6724447379660536,2.99563814970347,1.3374390225805417,3.886130334055151,40.56376148382553,-8.624801627059222,6.872553020600609,45.579196217494086
DBVT,0.5157238402785986,19.84000015258789,3.1051036626739155,-0.4719016445138187,-3.133039702232217,-0.9997782517066098,-7.029053370216613,61.35770922789179,-12.01773470527946,4.739704320861524,45.56973995271868
MPTI,0.5371838237085254,79.11000061035156,11.163896240898746,0.44618521815396184,14.343942566748474,2.1489580346264177,18.499098380396532,2.3539041221546406,2.660268773266517,5.463910223862528,45.55082742316785
CDNS,0.5283034656162545,352.8399963378906,10.338166055698835,-0.8113562160484652,3.7185088886452147,2.4390978281926485,13.442432473572168,5.692241733114447,24.47611901997918,3.0014619371644162,45.456264775413715
LTRX,0.5405802058205554,6.449999809265137,7.401894399761684,1.0768195278594312,0.24867643407226742,0.4919954065569333,4.200319056530415,32.581775531614824,-9.916201860038184,6.873422490091238,45.4468085106383
NTNX,0.516173261762649,45.540000915527344,8.305380595709778,-0.45059775570134497,3.858589663651494,2.3797512620123804,13.707869620255842,37.37346783270119,-5.792302913041521,3.7470993379074757,45.39479905437352
APOG,0.5213589801366114,35.86000061035156,5.5231387817703705,-0.7139423571556575,-1.6730086772683554,0.2801885423241945,0.038470260678308416,54.259795909499594,13.879279641172948,3.5311382331665557,45.35224586288417
HLIT,0.5360148850801676,13.34000015258789,13.833642864485151,1.037128648073369,15.288220880560853,4.403140012062,27.04762049826109,2.260459304698964,3.011585706847737,5.37588391555262,45.13475177304964
HSTM,0.5165349091527097,22.790000915527344,3.601185562703761,-0.6682360302846128,3.042912718292458,1.444821404252287,4.878055202817301,28.959488863621935,-0.8862116103986418,4.47251356856175,44.98817966903073
RJET,0.5550250566230085,21.889999389648438,5.3122328184598695,0.06150755103858348,9.499272225943436,1.9143020395538743,3.9904996816773495,8.630849750033548,30.842797300004797,8.431769209489548,44.983451536643024
OR,0.5228116609506561,38.369998931884766,0.8767545291767669,-0.8209681711894197,-1.9854357915454142,-0.5038009777832854,-9.97184445427281,56.680351929319286,16.91499784506095,4.2114392490021375,44.95508274231678
SWK,0.5499253441297615,77.37999725341797,5.321662488722975,-0.6100771093613595,-0.11940055397094117,1.7119934194776316,8.466500175911374,44.403021459466615,-7.551998378160689,4.027931985394708,44.90780141843971
AVTX,0.5406919148364935,19.010000228881836,5.1341778402012626,0.4151595956971966,15.393955324240318,5.484232783223764,31.739430537266845,37.76483611495547,-12.838144454356964,10.360335806302707,44.76595744680851
HYLN,0.5236788631550632,3.690000057220459,13.357730787362426,4.492783569707697,62.447724875147784,10.186757380525139,84.50000281877294,0.0,2.785519370866928,6.465350101386508,44.76359338061465
COCO,0.5406735762639734,76.44000244140625,12.212497624741184,0.11103052719099445,24.06523424379414,6.763617664183569,58.19537028890367,0.0,39.71852261043748,4.993485827873975,44.74940898345154
CGNT,0.5405802058205554,9.65999984741211,14.171285053967638,4.472880486019782,-3.6408983606611662,0.6021072852386282,-3.2064099145284004,22.541853976127733,0.9404404958044186,5.448830703879353,44.67612293144208
SUPN,0.5313773517363293,51.20000076293945,1.0056490010687476,-0.9702620745250655,1.4560550767703733,0.3833532102260216,-0.36971906783785424,36.67114807478231,-9.090907243496279,4.130860462963533,44.66193853427896
SABS,0.5148799117685734,3.890000104904175,3.906943567994664,0.2155743627982022,-0.2734549245040972,-0.47720059916247737,1.0389662662870707,54.24987838902795,-5.352798574451201,9.603377089197467,44.638297872340424
ABEV,0.5578386815801059,3.1500000953674316,8.907682665651137,-0.6110220270940299,2.2727297349912057,0.39113430248331255,3.2786932649758462,12.516410769949152,27.530366745157785,3.6281181283685813,44.51536643026005
PDM,0.5235238042350369,8.039999961853027,11.150922866790232,-0.35822747754367074,-2.195729708753445,0.9393413947872291,3.3418990359855467,57.08172517333817,2.813296487649283,3.500355433470481,44.43026004728132
COIN,0.5423328067503619,212.00999450683594,8.939972296942504,1.228616845071945,1.393454048953038,1.0434610581234207,2.752868039231911,31.01506485167342,29.022629659594745,6.480220457310465,44.364066193853425
VNO,0.5119220586246005,31.06999969482422,9.248214787724706,-0.7405463137661079,1.7743471962729507,1.3510118122930854,6.1133844472004695,36.16422121373651,22.27469453434809,3.0829007969277837,44.19385342789598
ADUR,0.5553826781709104,14.270000457763672,10.36999459378477,2.1716003580221326,11.275736767934418,2.7605274109078266,27.07035653762153,8.313692869356256,21.1375278524991,7.423915619158876,44.03782505910165
ASML,0.5263503437652433,1584.510009765625,11.943463530797246,-0.4243291796171281,7.395801772851865,0.9778323485140094,8.780025575267935,1.1119182691723661,11.746645850246992,3.892145751967855,43.952718676122934
AGH,0.5503313242040071,4.260000228881836,2.256616867721597,0.027477132968961693,2.8935850785894437,2.977233073855589,29.878056882361754,74.00552144948104,-22.26276981245869,10.97417754229507,43.90070921985815
GDS,0.5405802058205554,44.75,7.03080169550212,-0.33278592140076896,2.087373014796131,0.4710112168227683,0.11185511455490274,24.107377627700355,5.692016624161222,4.807182853924019,43.891252955082734
HNRG,0.527993227090219,19.389999389648438,8.802755212887178,0.7890503737254269,5.338925553010194,3.3630038544831473,23.11110723439572,23.330576554362658,2.755689068684786,6.626757576922658,43.881796690307326
GGB,0.5353203288223836,4.710000038146973,14.891166988708616,-0.4402818244783773,3.527860217465369,1.4947012378937599,9.534879747219087,5.781982954553365,8.850351930586696,3.438733483493408,43.80614657210401
ODFL,0.5080760765118656,198.80999755859375,13.448764021978562,0.23429295998376204,-4.365164487586451,-1.1897101362359843,-8.702239817314235,27.186765497530025,-4.53262965056631,4.631125921396585,43.68321513002364
ROK,0.5438991731196369,456.5400085449219,8.239962340294463,-1.0960227333719905,7.3879509384885065,1.9316670178376598,9.816466572060317,1.8743281876392865,19.92809879055793,3.0607556173898414,43.565011820330966
CLFD,0.5253827930005917,44.56999969482422,10.904754333457666,2.5158171335367623,32.217919379116324,7.651651498634948,48.66577843520843,8.858194822095495,11.31368300600369,7.4473537171369495,43.55555555555556
ASTI,0.5098048304441563,5.0,1.2725565723962906,-0.15489081136684577,5.905278129565005,-2.201586111972809,-14.529913134086739,66.74851266271136,-1.1857696333238368,9.956999165671213,43.5177304964539
BJRI,0.5406919148364935,41.720001220703125,5.505017471806447,-0.8279784970600401,5.986513042834234,1.38322041746078,6.45573534724577,20.410538321071353,0.8216533199697192,3.8718999772925984,43.35224586288416
SRTA,0.5302294119725582,5.46999979019165,9.513131429955449,0.1760732895794217,7.698361768518079,3.09550360984876,19.69364517564452,14.632127269613218,13.958324431121099,5.712978241442674,43.33806146572103
MGA,0.556229121057504,63.33000183105469,10.07991706242535,-0.6607971187947735,2.268876594318937,1.3958818802351007,4.573976874015718,15.50867758586761,-7.140298550101779,3.4693556706220563,43.276595744680854
TRN,0.5541326213278818,35.279998779296875,11.47886421375295,-0.3343916055641047,4.173737126308387,1.1453564896190478,7.071313997987449,5.362904543777812,30.15899174815968,4.202096322653952,43.229314420803775
IMMR,0.5121696420031242,6.230000019073486,4.464094230368644,-0.5700669615476728,-1.3420952714630983,0.8788163805419731,-2.2745095043728405,59.71993328270955,-10.947023141734205,4.373997388646852,43.22458628841608
CIVB,0.5260151912151616,24.520000457763672,6.000170838910342,-0.8980193987914834,-0.493303291994885,0.5307336998791262,0.40830206915844225,7.196023318759108,13.045498476492357,3.7402890989303854,43.16312056737589
LIVN,0.5371838237085254,71.66999816894531,2.261322733760982,-1.1063526497696448,9.557000448412337,1.6091455183879833,6.778896358920654,2.9837934085500897,1.9632909879412006,4.326377701953739,43.148936170212764
MBX,0.5579496257243994,35.36000061035156,6.212208996183975,0.3664859823790934,6.171043002081056,1.6558689340211743,4.708321382848157,33.26858236497616,16.23931795366735,9.15582501734892,43.09219858156028
DIN,0.5592608191979478,31.020000457763672,11.25996409252505,1.080781213240113,-0.12291591096410494,1.26412768534487,4.620576245576028,46.860582509476735,3.8838793926255715,5.544808822340219,43.02127659574468
GOOG,0.5286384500511202,397.1700134277344,13.892120714429224,-0.9073875580082401,8.077001942902582,2.5421525287699613,17.021219967581793,0.6940331023685927,24.881190088200025,2.75720308572211,43.02127659574468
TSN,0.5213132088519126,66.66000366210938,6.778178655137868,-1.5085841998133944,1.3370273023165182,0.664151886661516,2.838636186238198,7.079098233869462,18.583852079504084,3.0169093547143415,42.9645390070922
CPAY,0.5109290334296239,329.1700134277344,3.0272640822124672,-1.497829444257517,2.640781909482862,0.34810389044309237,-1.634592691024531,29.750385099652565,6.248996488700018,3.56546164538345,42.94089834515367
BEKE,0.5553826781709104,18.860000610351562,5.949781537712868,-1.0216272788763352,8.822344726788222,2.383695649056939,16.133010320182255,4.884478945555376,19.607880610445704,3.61119726590063,42.93617021276596
MIRM,0.5248513308694647,111.38999938964844,11.176347659220992,0.16374543811420486,11.132727701463514,1.946235520417638,13.721289290464068,0.0,2.0428688647000195,5.852155517027905,42.91016548463357
GRND,0.5241381666108352,13.850000381469727,9.365401520057784,-0.36337189737279735,1.0248404318182875,1.4917088878077789,5.003796982813916,8.498008844765137,-8.217360891300814,4.483755498726602,42.8936170212766
INGN,0.5012942213451748,6.800000190734863,7.718573301811989,-0.047714007674350536,-2.7599001248250303,0.8363373070310389,-0.2932548448706132,27.32942655155274,13.144757597930404,5.688024509589526,42.86997635933806
BAK,0.5475571676746009,4.960000038146973,11.544575280023436,0.5638568886130008,24.189389660266265,4.456862118155991,38.93557788535354,2.379303073816001,1.018333854959961,6.2965147983362,42.83215130023641
ALRS,0.5038969556740541,26.780000686645508,9.676844201945809,-1.135615321196521,1.7457890362781923,0.9221628325174555,4.527711980362065,11.322940870687116,-0.5939118197265737,2.7952622869353716,42.72340425531915
SHMD,0.5604502794875843,6.639999866485596,7.487142010114854,1.1881572494345776,1.133434220328811,1.4533073239409868,-3.76811920653038,44.08294630489693,-20.763725823215832,9.05647507377306,42.709219858156025
DCTH,0.5541326213278818,11.460000038146973,10.207867392689845,-0.2480184324819386,4.252899870091261,0.7839002637292036,5.524865565217298,2.930809072555227,27.90178559238053,4.8273502950963385,42.6903073286052
HCSG,0.5297566328676818,21.610000610351562,8.638771809659486,-0.7252553331553888,0.5396885295165993,1.9494382347081636,12.728223913507932,14.27429901363183,10.593651984291204,3.5904352300383175,42.572104018912526
FDX,0.5046419194668633,379.9800109863281,13.200468601921727,-0.5920718842802777,-0.8955061555461195,0.13266985719115912,-3.160200250304837,15.942789230327742,5.888255405702391,3.3039333777697237,42.56264775413712
PRSU,0.5541326213278818,42.36000061035156,12.684273176079369,-0.4900894149433292,2.1510566930661397,0.3496794234025499,2.4921333985957617,1.118028653457025,20.89040954154653,3.8041280602035688,42.472813238770684
MCY,0.5260151912151616,98.62999725341797,6.524322519126972,-1.05292528144816,1.2534751657513492,0.9623706221558188,2.451439381552135,3.699558455207431,13.333266121455594,3.5058887211652094,42.45862884160756
AMG,0.5042799135808184,302.1000061035156,3.5413450163667815,-1.324305076379187,1.6341274368587344,0.05671770184602365,2.4171012497246207,36.60862662079915,-8.156107691510691,3.5143486720632167,42.44917257683216
NHC,0.5422002878111922,197.9600067138672,14.451263754299607,-0.6622261156440292,12.295751473566124,2.862970140193517,17.840347782918716,0.0,25.14531549589699,3.2710430572088183,42.4468085106383
GOOGL,0.5286384500511202,401.07000732421875,14.544314585358077,-0.8834943358125165,8.357177531514992,2.562987367967036,17.381765371500293,0.6962222855003148,24.169823366156585,2.8062450088772497,42.36879432624114
LII,0.5426701825034488,514.3800048828125,3.555730754472325,-1.1382450030640345,0.8345059627243014,0.4578592292482391,5.598328991657272,37.748234404643725,5.8258713027198015,3.671756212502679,42.364066193853425
ACCO,0.5566975566606427,3.9200000762939453,9.327483017409039,-0.2703510260227696,7.884961743786994,3.0195631933233704,17.014930976654636,20.435334666746044,-0.7594929372157246,4.682944393628928,42.297872340425535
RDW,0.5362189036391078,13.989999771118164,11.963924390004387,3.0577706717573307,36.87505821603494,3.060246863298938,35.29980236280514,3.7173634868466214,-1.4788735278374037,8.391197172036675,42.236406619385335
FA,0.5335149574845922,14.770000457763672,11.427730970910472,0.3891580252245384,8.383784937070653,3.8285718364263825,18.065549059571705,17.150695556164496,26.347313838106302,5.742817354005187,42.108747044917266
AZZ,0.5109029294931654,147.38999938964844,14.435155744536582,-0.7861303652649885,3.139516764534956,1.2018789138065833,7.555250758032068,3.494415520847239,0.545741914003698,2.98164294001592,42.104018912529554
TNC,0.5526128682820536,83.02999877929688,11.40394148109854,-0.6500065334555115,0.6527934042900191,0.7800562577453907,5.501908511949925,5.296467042307892,32.41036659120018,3.571429227765751,41.94326241134752
WAT,0.5231625586282584,333.2099914550781,11.172714628221012,-0.12824458731119548,-4.317479739660221,0.6802691390352991,1.6597012001494562,38.73149340794386,1.2180981468229262,4.505310225155902,41.924349881796694
ANIP,0.5121696420031242,79.58000183105469,3.9232766918542947,-0.9221030481054027,-1.1913382094988032,0.44398131318965073,-1.6559520121051066,52.4598608563556,-2.7852415859629334,3.850572012835176,41.924349881796694
NXT,0.5406735762639734,142.75,12.630758379691331,1.2043048956000237,17.770324851786885,3.0881231319426385,28.153335830778666,0.0,18.988079142551403,7.18583943756157,41.8983451536643
QRVO,0.5414904149779539,90.45999908447266,7.119028154730467,-0.7289112935660195,2.078006472097451,1.6156496722765108,10.451767275955946,5.963345321128556,17.20652853927786,4.099128465585511,41.89598108747045
AMCX,0.5235238042350369,8.3100004196167,9.017237475630658,0.12654260585206206,-1.946898255093741,0.48017125857079074,-5.245154094459648,41.666216998211866,1.4652117871430972,5.54839229650879,41.89125295508274
CHNR,0.5067001125934668,4.389999866485596,7.728740252409724,-0.05292364309059828,5.2757766549783796,0.45772059455496644,8.395053324802184,3.158414634928577,0.6880672487532533,6.849820295384879,41.7966903073286
EOG,0.5080595721346199,135.99000549316406,12.823025912986722,-0.964922842359149,-0.09163441212276976,0.26234465833388076,5.8864854383423015,17.387742977888394,-1.2139536837564686,2.704765437623537,41.76359338061466
NEM,0.5892002422308559,116.33000183105469,3.170260406513158,-1.2291191250116515,2.2393716600457614,0.40725180847877374,-0.14592117505910154,32.38822877634583,21.430060673370587,3.8229668878604843,41.70212765957447
VVX,0.5525679285107797,70.94999694824219,6.151665486112337,-0.7062462959222037,2.9702410396023637,0.394312317675493,6.371814384390742,11.165430958670898,1.2414313562268817,4.356689394730988,41.640661938534286
CELC,0.5381077143082178,134.72000122070312,14.204078685413188,2.7272574281793585,6.297613905054235,0.5673546238600081,10.01143412362222,6.384515557880547,-7.076834604166205,6.73969310909636,41.607565011820334
DC,0.5900098972962384,6.25,5.377276944697689,-0.652563180672793,7.167351782941413,1.5143605213117577,1.2965951815861445,21.141961063801013,37.66519938630955,4.652571541922433,41.56501182033098
FCX,0.5017921091743213,66.13999938964844,8.209931518782799,-0.8374336832343467,5.740252601300222,-0.4591162239659109,-5.796894670044731,11.418077926130236,1.774356145919797,3.5779084813431163,41.52718676122932
SCCO,0.5090329676820071,188.5,4.7416532995378615,-0.847545563343822,5.498422378929469,0.1943548482518939,-1.5114266662208138,29.8012983730007,-6.774061387258905,4.122445760994817,41.48463356973996
INVX,0.5368495915974366,27.610000610351562,9.359872596944294,-0.7777737048687947,1.4197316478669806,0.7811197247937562,7.30665021954667,6.565544499531948,3.641145806646035,3.5753080081284416,41.45153664302601
SBLK,0.5038969556740541,26.68000030517578,14.390583366820731,-0.9634644030173184,4.349187941186575,1.3798574589864687,9.120652239509477,4.480433745239078,5.750519264308716,2.7186764561160506,41.427895981087474
FLYW,0.5381077143082178,16.350000381469727,11.942295608906546,-0.07774503543741965,10.123260301637604,3.5572298382571836,20.132261526155713,9.373696159265677,-6.624784878257752,5.032328017027581,41.38534278959811
WRBY,0.5377477627718209,28.899999618530273,4.655944157468002,-0.3765156907995543,17.063289593355506,2.9976221085132653,16.251001242268547,11.428215708594195,-2.2658102238281748,6.723926348207701,41.29078014184397
IMVT,0.5541326213278818,28.959999084472656,9.029918265951197,-0.35048242296788973,2.2680086176581513,0.9860471185787766,-1.1604101072679627,4.230663741086122,16.727124980634773,5.043410247633549,41.14893617021277
NVO,0.5009931202102482,45.79999923706055,13.969204834723579,-0.6596560315373642,1.9607300625944277,2.2342256459273404,13.03059901164171,44.70640342572223,19.807478914266856,2.995930136781172,41.148936170212764
BG,0.5405802058205554,123.16000366210938,11.25285783936867,-0.7103608953888286,-1.7588616141166322,0.40244250118630487,3.270167244665349,29.763279387144237,4.240374161223097,3.3023241033107706,41.08747044917258
JKS,0.5472741465526152,24.829999923706055,9.562501530342772,0.8377562277004141,-2.953160783773895,1.3101674192783594,16.24531467246492,66.66411022697413,16.35426310215556,6.035326914848927,41.08274231678487
AIN,0.5422002878111922,63.43000030517578,7.557732106787299,-1.0522223761272893,7.789824274541796,1.51988258666598,8.911398483937166,0.0,52.145244325828955,3.5832521482662445,40.98581560283688
FVR,0.5213132088519126,17.700000762939453,10.895969195401555,-1.0495386856401316,0.03391380985215117,0.8147691098364799,2.549249873681082,6.997576140794605,19.726182693152396,2.991119699191275,40.98345153664303
HBM,0.5534134534572605,27.290000915527344,9.590614492018869,-0.3165078546698812,11.647509613645582,1.4800828227312255,5.448229522525586,5.798777933748085,1.4436834417579936,4.989897133176123,40.95981087470449
APO,0.5453268448761052,135.52000427246094,9.74238731172664,-0.8715869710886731,5.6612035389993585,1.7000358629499537,8.746590664066083,18.077871613210533,29.560235419787418,3.2847009846682984,40.89834515366431
MRCY,0.5579496257243994,94.54499816894531,3.1819402216467814,-0.9070510865518765,12.57333646771977,1.50194855337746,12.486608847116683,13.594237758193517,22.594650935628515,4.738862045202759,40.86997635933807
S,0.5022959648075347,16.510000228881836,6.499274619130457,-0.6970458548898625,9.124559783863917,2.8518012897748077,17.76034015435218,3.6346713802948614,13.705232150437588,4.563034059053869,40.680851063829785
MNPR,0.5118078154399006,60.9900016784668,11.072523630207769,2.2549347493474303,-3.3836423145520036,0.9088289400292136,8.484525709903872,55.2389047959914,-6.270167566358925,6.8221958064493435,40.2836879432624
SMCI,0.5471373786741669,33.029998779296875,7.930120091531662,-0.039164827932978354,10.06025203239048,2.562957861157474,15.651258392103351,18.867688298338624,60.88649622001028,6.848753723623795,40.12765957446808
SMP,0.5392585250326398,38.540000915527344,3.6916075027084188,-1.542479118306449,0.2933345483972327,0.5056079496422947,1.7692157447112462,35.42522577397119,1.9070265305980498,3.647398001250261,40.09929078014184
INDV,0.5368495915974366,37.83000183105469,9.624036880951255,-0.5303083944092694,4.2091399429028735,2.4640826975798173,15.688076294397035,7.525586614030011,7.441075872288285,4.385221251854481,40.04728132387708
AEVA,0.5406735762639734,21.229999542236328,11.62687001209488,0.6122133056448881,30.32135148189964,5.426481898889133,34.96503598034064,0.0,20.69357224483011,9.994615182875348,39.87470449172577
PAAS,0.5896595494761646,61.09000015258789,2.866085188357412,-0.9962873114849748,8.130592036257868,1.4873762839075537,3.4371803793769287,19.431520132181408,30.925847304019765,4.70851062677707,39.843971631205676
FANG,0.5260151912151616,200.25999450683594,14.909880578899983,-0.7391757839015021,1.5875250283039062,1.037382440112024,11.088916492203078,7.952913735923321,13.371826992000077,3.1762276981218815,39.801418439716315
NVAX,0.5663171923958911,9.350000381469727,7.105326155643931,0.007950172278535617,4.247969953968517,1.451990378730096,5.769233258156021,37.7453607391358,-16.4432463605697,7.1543161694985615,39.7966903073286
ACMR,0.5283366232636899,63.189998626708984,12.970993229698177,1.357766636838775,14.325515492700552,3.998344234541363,24.856743458595798,11.886113160320614,10.781903247479924,7.497118279152967,39.67375886524823
NMAX,0.5121696420031242,6.920000076293945,9.301231188422083,0.013540381453380646,-2.3185221493048327,0.38290739690500314,-0.4316508459019215,56.381785796470915,-25.108222424689362,5.506812038078774,39.5886524822695
TRS,0.5671330785440706,39.970001220703125,7.78594199144937,-0.7842918327982036,2.778485720571107,0.9080956093396039,4.62462821080501,6.21280551748985,22.404097341326583,4.123763284407551,39.498817966903076
EE,0.56056108454948,36.209999084472656,3.2997645207896533,-1.341742055951548,4.839523605434162,1.1554005583706113,3.7535745022384317,23.40458662251525,1.370713556582695,4.07898408620894,39.46572104018913
USAS,0.5940713818404559,7.150000095367432,2.7899451985977484,-0.5153062253684475,10.78973336909333,2.6485733550547934,9.160303619375156,37.89977440375953,32.899627192321226,6.933066897756274,39.432624113475185
HRB,0.516173261762649,35.709999084472656,12.270780165280273,0.14480708907453382,0.017070372625031492,2.356791213479687,11.038554893637002,39.83496791184663,-1.5982414340214048,5.350643358774721,39.314420803782504
NTR,0.5181555211517219,70.94000244140625,8.043406374050731,-0.8449307663101658,-4.696036680107209,-0.5004217045005441,0.45312897532445257,54.9264674225483,-14.875646963811235,3.4298588907747543,39.3096926713948
RARE,0.5295666083953027,25.799999237060547,10.40958748573415,-0.5062939393518608,1.0260838615684107,0.9704832310212957,3.9903256444534416,17.88683733513525,30.831643687128977,4.258028686482041,39.30023640661938
TRNS,0.5046419194668633,77.36000061035156,11.580451953925706,-0.272160823358206,0.5870616625297774,-0.4710601286123402,-3.4327799014026295,17.298799611971745,2.098461182140847,4.830847144281526,39.02127659574468
PDYN,0.5389780882425962,6.659999847412109,5.336976615942624,-0.20909206966912586,0.8846317399212326,0.4153602909903178,1.3698580423975137,58.8585299035566,-10.363391636780896,6.752468445489554,39.02127659574468
LQDA,0.5406735762639734,59.29999923706055,13.76477983796564,-0.09089679656063755,39.916236960806394,6.70451517584013,50.240682550203786,0.0,65.36530459313211,5.475788926686342,39.01418439716312
KWR,0.5392585250326398,142.60000610351562,8.464287540898306,-0.5998791179725537,0.5849239038391358,1.3267862305647895,1.9955715568428067,37.02540289538378,0.11936631080238086,4.1830274701910195,39.011820330969265
CBRL,0.5313638545022747,29.170000076293945,4.646667646603961,-0.6448358531486792,-4.019215635965603,0.2655802533934896,-3.410598213876167,42.41964204053381,5.9715622928598755,5.052891957223941,38.98817966903073
OCS,0.5377477627718209,30.219999313354492,13.041151223533486,-0.17032516583414903,5.345717452276336,1.6819080184182296,10.050984416609019,8.322308806249982,5.479929199559129,5.056963445185649,38.973995271867615
YPF,0.5405802058205554,44.16999816894531,11.889001106852955,-0.8406087104157683,1.746057029402844,0.8280007488240423,8.81990146048564,15.05021085925145,6.203409489852696,3.3102632497782296,38.86997635933806
NTGR,0.5235238042350369,25.81999969482422,10.834067626229608,-0.30842219646164426,-0.22412931206748676,0.43273233670341366,-6.143222537024589,13.867834235441098,5.560100822568295,5.000276910638024,38.85579196217494
NEWT,0.5297566328676818,13.100000381469727,7.28466349389349,-0.7935337925553716,0.17588425004719305,0.35685518833872604,0.0,28.71906716353832,10.636698321060047,4.051254137849218,38.81323877068558
PLTK,0.5408788315514454,3.690000057220459,11.560018807140015,-0.2683070843259071,2.993511866194255,0.8870117753151616,1.9337064600826328,20.929862625626726,32.733816362178786,4.839334032583724,38.73286052009456
ASMB,0.5109290334296239,30.299999237060547,5.061233711188189,-0.5522125294007914,0.43643769015076506,0.7460206761369309,3.6251692004223153,40.34819277990497,-16.252075783182185,5.416078447587596,38.72813238770686
DDD,0.5236788631550632,3.2799999713897705,14.172744325744773,0.48590739201647154,32.33810737379794,7.457185836886381,46.42856950718608,0.0,5.466240577929179,7.055748692028499,38.659574468085104
TXG,0.5386240596863395,21.520000457763672,10.710639344182518,0.23354294673958556,-2.7849913611871107,-2.6132287332645787,-17.484660579399055,31.01854901640757,28.93948333650776,6.4650823906472255,38.63356973995272
SD,0.5157238402785986,15.069999694824219,4.56546159643543,-1.1921167249132285,-4.43588474385274,0.11617498619666,4.79832805872091,61.90996618416028,-10.350980525251959,3.583278307285461,38.55791962174941
ZIM,0.5084860661947,25.68000030517578,12.169096525668888,-0.6543144937912071,-2.9303838681106487,-0.5388399132914733,-4.924101860001625,41.00337059108577,-4.680421700156972,3.484199416310581,38.515366430260045
JXN,0.556229121057504,111.31999969482422,3.9434589793591135,-1.1721832078819696,-0.800228426314086,0.4484547691396159,1.486003479919525,38.21543741054338,4.267154635177719,4.04047542434493,38.491725768321515
SEDG,0.5539112646886123,50.2400016784668,14.924977167077111,1.5582265267611037,16.454268461982256,1.6288656134970485,31.1749417204711,6.239589149694919,43.13391413699619,7.881455205863536,38.472813238770684
TOI,0.5538637555350501,4.039999961853027,14.59470565343574,0.2800090580193413,7.90598137649953,2.4490350356133574,14.124293933523942,9.20506938025185,42.253524067875745,6.032532620096447,38.2033096926714
SHOO,0.5062725046054818,39.4900016784668,8.588905538110492,-0.7163378340838134,0.6329718197958565,0.22334147812123395,-0.7788883530864514,39.64478998926243,14.96360712375259,3.9377056637232797,38.170212765957444
ARIS,0.539463628512795,19.719999313354492,5.008222098379433,-0.8481352926888974,3.8003961566521123,-0.6354774424107463,-5.916029700486037,19.240556052037856,22.40843306026458,4.6740074536103124,38.160756501182036
RVTY,0.5231625586282584,96.37999725341797,7.91963899315106,-0.5035765765357679,-0.7949481891195092,0.8180575924065965,2.5755621461255136,62.28765606348168,-4.0425619025434285,4.42667342070788,38.05200945626478
LODE,0.5695108061337927,3.319999933242798,5.299905130473129,-0.451806073685039,0.06027512207565395,0.7566208337134261,6.070281526974158,35.92171158182321,23.420069233719964,6.228483915409291,37.952718676122934
IART,0.5356547099791493,14.5,13.729003458484582,0.19576492221870245,20.858512284370743,4.457794509828087,30.16157587813355,1.3514333294847685,9.682297329953442,6.600985503549059,37.88652482269504
WWD,0.5084860661947,365.4100036621094,6.706515369557548,-1.1037892293249885,-1.9055665332290423,-0.918414258001486,-7.451304082927604,48.233182510450575,-1.4714982332929947,3.4651881791229475,37.87234042553192
KGC,0.5089205521508016,30.889999389648438,0.565256747071431,-1.5154766247561817,-1.5646428022235186,-1.1622042988220702,-11.591297642034583,60.410409326154,-2.0033953062425445,4.206169122259365,37.87234042553192
APGE,0.5062725046054818,83.91000366210938,11.832978577671057,-0.5342465513721047,-1.725739308867815,-1.017835159614777,-8.991316226069516,13.062788929073472,19.837200349566178,4.229189589140425,37.810874704491724
SLG,0.5121696420031242,43.459999084472656,8.598183443525345,-0.8508120219140696,0.11402526888132863,0.8409117415540667,0.41589720482553716,37.29809959857585,3.831126996518422,3.6388133655499,37.7966903073286
ATNI,0.5080760765118656,26.854999542236328,11.333037463146328,-0.2128629108228434,-2.9427992043208944,-0.2909909497405344,-4.870705002648285,31.554473255913557,8.24090541376035,5.090830625104874,37.78250591016549
OPFI,0.527941222237495,8.920000076293945,8.774052527304011,-0.19685708016189166,-4.598929624269169,0.7763888827280129,0.6772056651797776,72.3408904932279,-9.807889112821181,5.104900661013596,37.78250591016548
ENOV,0.5126438363196436,26.1200008392334,3.669788921266459,-0.7844021205028124,5.275535084594825,0.4440190404156782,-0.7598740801754302,30.694351774800687,2.753740207753653,5.370815152939281,37.73522458628842
TEX,0.5596177375862602,63.900001525878906,5.283787549301774,-0.8077532666352388,2.6687475446927906,0.8204755289376694,5.064126679478025,23.57132163300584,8.604635798325951,4.76525822156788,37.730496453900706
KYTX,0.5410515304272907,10.739999771118164,11.527175939705119,-0.11532143790769683,12.278498781840716,1.8418951548139333,8.157094068150418,16.951309142971244,-0.7393708498617537,5.718941948683694,37.69739952718676
KYMR,0.5080760765118656,84.5,5.67324001937612,-0.65402535931521,-0.4939967734654139,-0.6647149990850921,-3.6597869318691236,42.16796898958551,-10.392367693005298,4.907852134156408,37.64066193853428
DUOT,0.5126606551553251,8.59000015258789,13.631110477042565,0.39141122360359576,-3.821300787358222,0.6680224038620608,0.0,37.69703205215693,13.774833582011508,5.928821670931265,37.62647754137116
BOW,0.5171379923760755,27.270000457763672,5.579790420006042,-1.0270166636030853,8.548116034538312,1.9806006388465285,10.583944145967317,17.6473194862953,11.94581188169623,4.198726339969595,37.59810874704492
PPTA,0.5395753777856916,31.100000381469727,1.8623728846964998,-0.9629980574381755,5.022331345412462,-0.2341465678976091,-8.259590024469741,25.13876472423659,40.533219884618674,5.438677081929051,37.513002364066196
CHPT,0.527941222237495,6.809999942779541,12.441605739756056,0.004490476804111004,4.274594209386685,0.6013876195843287,9.485533318239167,38.9987608894515,-34.707576760594876,5.453638739183326,37.479905437352244
AU,0.5391038285936238,102.06999969482422,2.2496488207844023,-1.361180878476967,2.855817291396111,-0.4878539577358845,-6.486488073306338,35.73606933936271,27.603453457247202,4.425533627024465,37.46572104018912
TPVG,0.5413501097256745,5.840000152587891,7.144684580477663,-0.9847246695088946,4.53708283924759,1.228568941390775,3.362832813801476,33.58237124002655,16.103377909190375,3.727984657601535,37.45153664302601
CODA,0.5157238402785986,11.930000305175781,9.094094939256204,-0.5051736919278714,-4.199789292242874,-1.5999335249021795,-10.09796613611221,62.35659173301264,-28.818614901296502,4.234881995625181,37.40425531914894
AGI,0.5153621554232574,43.459999084472656,4.796956017512553,-0.9805378300546703,-2.6824954622915387,-1.527465626760736,-11.935156173546337,37.53630190681228,7.448627746679939,4.265004549373296,37.34751773049645
MRVI,0.5381077143082178,4.289999961853027,12.837368363638696,0.16101280170648713,10.098806219086264,4.1844914956713675,26.548667517188946,10.475747199042521,-11.546390797434505,6.543454727955586,37.304964539007095
LIDR,0.5165349091527097,2.0799999237060547,6.9598640354947285,0.06314854567923504,3.7924106321341036,3.8341972332411265,15.55555436953785,57.67406457770471,-5.022837013245915,9.611949759046578,37.30496453900709
HZO,0.5263503437652433,34.0099983215332,12.116189810405471,-0.4947587422943957,10.4884377732115,2.28960619950765,11.36213916787409,1.7383666831894116,13.366661071331789,4.588988341498151,37.28132387706856
XYZ,0.5089092854936735,71.52999877929688,12.554736152612215,-0.7614973605494918,0.10285826589072394,0.7500933672794289,0.3788894681008491,5.7819773961029455,12.29199045911155,3.6771797432417896,37.276595744680854
BEAM,0.5405802058205554,29.530000686645508,10.63970905317129,0.31934781612070645,-3.525892923095945,0.27025502653201866,-5.925449949377992,31.099697969768137,-12.347872097097703,7.730638107341068,37.20094562647754
ACA,0.5544647319915268,129.91000366210938,8.544900058636856,-0.9007369967726835,5.336989315748484,2.0724363153941256,13.478336698621755,2.7239623895335376,20.921924747201707,4.0764479623408585,37.167848699763596
PRLB,0.5248513308694647,72.56999969482422,14.382581948051723,-0.5268873767861662,9.14341183223703,2.1689017928541587,12.4941827492858,0.0,8.03930575108322,4.3081553600593185,36.952718676122934
CVLT,0.5295666083953027,102.05000305175781,14.115231356865653,-0.2357309442196515,0.8141061173780467,1.3575616141216893,8.298842636267212,28.285533198713942,14.49568741874883,4.719324799191587,36.931442080378254
ADNT,0.5426701825034488,22.530000686645508,3.4150223067983534,-1.2633429024087712,3.7507794728352506,1.131680640083793,3.3960520421864087,20.06685605555547,-4.533896938489133,4.4825950844588,36.92671394799054
FROG,0.5564324686164159,65.08000183105469,11.192986481322443,-0.12361915527460957,22.6118155739534,6.633679924639475,47.50680735748482,12.88781726670627,72.39735584193568,6.267780804533666,36.903073286052006
ALSN,0.5352080705470948,122.3499984741211,14.371612721610502,-0.5414588270782675,-4.866320218906809,-0.5859317706624392,-4.78599340531599,27.284065531792777,29.001012836440722,3.891062524752996,36.73286052009457
CTGO,0.5733482472569642,24.709999084472656,13.535474337966061,0.6168667834600708,-3.160387120069946,0.6799437093504694,0.0,46.868304553685,47.083334560467925,6.423080288871639,36.73286052009457
MBUU,0.516173261762649,27.239999771118164,9.811807393616865,-0.11017108333972628,-4.5332684620117645,1.4529519330025165,2.637523856131096,51.44303301816172,1.9842781909107992,5.763321319377519,36.69503546099291
CBT,0.5537748021611908,82.08999633789062,9.663706875541155,-1.1098470130368687,4.115664736185903,1.8215394236848468,10.291543733984454,4.703362799599016,24.875527195623608,3.5200934970305866,36.62411347517731
CTNM,0.5900098972962384,14.210000038146973,3.990235707663419,-0.6689219229611454,5.329480057932709,0.9352083861706941,5.025870794870993,19.848094406832363,22.184006002550596,6.48285977272408,36.45390070921985
IIPR,0.5260151912151616,54.84000015258789,11.265987672066318,-0.6881497445580977,-0.6782633247245371,0.956272478545502,3.588971619059391,11.009111020149106,11.442088199623715,4.1320590394855055,36.28368794326241
QCLS,0.5395242414459085,5.130000114440918,9.137284500099796,0.1266695125319489,23.866919939692536,2.4874965326581213,35.3562049003074,59.090382146165744,-25.867051182938773,6.900723196367806,36.269503546099294
VCYT,0.5326821021426589,38.900001525878906,12.597835710238847,-0.03956301252596284,2.2430877662535367,2.2012403956619666,15.088764508241448,42.14964610529589,22.173371040312194,5.493848195003842,36.26477541371158
LLY,0.5592608191979478,1006.7000122070312,6.65061629747519,-1.5138128773062942,0.44506859831604534,1.515362394304588,8.594110265284248,57.64410455071921,7.714534400219115,3.272361376277321,36.255319148936174
MGY,0.5295204750287479,28.809999465942383,12.728639129329725,-0.9737131586159604,-2.6106165877145755,0.20904205787785562,4.922153769265976,27.97485999062492,34.73156598195651,3.1367460524885713,36.24586288416076
BC,0.5046419194668633,79.31999969482422,5.233818992846178,-1.1588014020081903,-0.6699645975659436,0.10404628379343708,-2.351352435248703,46.87078607123027,7.363295402776888,3.9491920851228497,36.231678486997644
ASTS,0.5153621554232574,83.01000213623047,12.665695126059621,1.770285931090018,-2.2044997953779575,-2.310655126130149,-2.9463307365870386,55.96353499333273,2.4814841187724124,8.289448811677223,36.22695035460993
UROY,0.5270646459531413,4.039999961853027,5.368287879404051,-0.5501833190689897,3.146740586035199,1.1907872313121675,11.294761277502294,40.981996586015356,-26.007327218184322,5.892857943768219,36.15602836879433
RDVT,0.5466670673495009,45.38999938964844,14.095300362283641,0.48604943620361113,-0.3817903822222431,2.984506289522047,15.144600451186191,43.912353899351295,14.361302494377219,6.33100483879341,36.141843971631204
HWM,0.5377477627718209,272.3699951171875,10.04931862948499,-1.4548669389637139,7.681440452758152,1.1172384649561633,6.57044421921828,3.7889940674089893,-0.018360732721995808,3.2847334493247544,36.089834515366434
CARR,0.5368495915974366,66.7300033569336,9.669200717671709,-1.0580737571012744,4.135692273957399,1.2313684279051031,9.21019025474174,5.5985164576243545,6.12946021719742,3.6534127099333085,36.061465721040186
AIR,0.5386240596863395,108.63999938964844,9.097924655512807,-0.6419771318064469,-3.947660053437568,-1.7217483021586253,-11.70351220628496,39.96372332557775,18.940227441624977,4.309449199004864,36.023640661938536
ARWR,0.5425597215633942,79.69000244140625,14.468698312184927,-0.3675595668184789,6.963574658898517,2.1239846337360597,14.645374754956652,0.0,23.512099484485876,4.982162155271953,36.02127659574468
MTUS,0.5539546683826138,18.270000457763672,8.345423870892613,-0.8273701177232625,-2.137230673733525,0.2900886167951097,1.218843379445837,38.589720079823095,23.27935785256155,3.9952286308279605,35.990543735224584
ATKR,0.5260151912151616,76.38999938964844,12.036920267848181,-0.8146710466203146,2.905021969638698,1.527004792775273,10.517934540042717,3.2315398599775653,10.517934540042717,3.834553012043551,35.976359338061464
KRC,0.5232839840803257,34.77000045776367,10.437550983972502,-1.2981649385500929,3.400202293574439,2.0554761476335854,10.556437564958433,29.141938912042814,22.68878006467383,3.0712031047833017,35.910165484633566
ROAD,0.5377717909592342,124.83999633789062,7.314546146387338,-0.43285469165240875,-0.9367551038076593,1.6052632540359193,-0.6367423238123303,33.1009127020225,-2.2013358044469635,5.8031422161856945,35.90070921985816
PSNY,0.5122820265476549,20.8700008392334,6.390381955748686,-0.5459051097777171,8.635682038645271,0.49433769432273056,15.559255017889312,12.476598068108526,7.466533250094104,6.2947496265238145,35.8628841607565
GDRX,0.5165349091527097,2.490000009536743,8.795485122380654,-0.2105237206261949,0.10050481476897956,1.8215311580479108,9.691631293473355,37.7857132861094,8.733626678078329,6.454386224062388,35.569739952718685
PHIN,0.5544647319915268,79.55000305175781,11.15056625850516,-1.2169623426197465,5.6749684869162405,1.9060508906071267,8.734279756290618,1.1255843980049771,31.99186638293024,3.42830190276832,35.456264775413715
DY,0.5544647319915268,450.9800109863281,12.186311840085876,-0.5500763615094342,6.610752528666238,1.652819038772797,12.900237127157816,2.2394877747407045,30.954179857068215,4.657634487439681,35.451536643026
FIVN,0.5283541123253683,20.75,13.07303204250296,0.4504464444019559,7.811809853589511,4.7143636842799985,31.495566228238836,22.062903981854674,-6.699639327272595,8.655491630304702,35.442080378250594
TFX,0.5405802058205554,130.27999877929688,11.27743886856506,-0.8984279703479128,0.3122239308713759,0.2926740393763813,-0.9879944016242703,14.25103857290059,-6.145089639984171,3.654492647266742,35.42316784869976
TREX,0.5102021320580467,38.59000015258789,4.086221899967344,-0.8339589686043002,-4.049131111623564,-0.9433148847626996,-9.773206126583732,51.30818166689676,24.28341739308303,5.081812073408766,35.385342789598106
BFH,0.5541326213278818,86.83000183105469,14.814398944000823,-1.0152287202892,-0.4682542706258158,0.26088510867076903,-4.139986668307772,7.324871024654859,21.318850235016942,3.1597047475466407,35.35224586288416
ARDT,0.5258250081144367,10.319999694824219,8.580564544280843,-0.6818251670413196,4.210843400915,1.0200959016120874,4.137233639592882,0.0,20.84308829875606,5.189646539561485,35.160756501182036
COLD,0.5377477627718209,14.59000015258789,7.7668613715507195,-0.9490571821704621,11.314565348954094,2.921083828499128,13.984374492500828,4.9291239657101675,7.190902390231376,4.341526410027025,35.05910165484634
ULS,0.5544647319915268,100.5999984741211,14.335865281128344,-0.5913130603636555,6.611275038136835,1.4568877521054493,9.681636649735184,2.1126259236336904,30.960395281033566,4.299347522078902,35.01654846335697
VOR,0.5426922242121944,15.069999694824219,11.213958998755913,-0.10898526071577058,-1.4324042906747512,0.3313968949665197,-9.162148545459441,26.52053478219607,40.578351856657996,6.543274069134654,34.99290780141844
HIVE,0.5328598225241612,2.9700000286102295,14.53255539548942,0.4428163226760854,12.86338776105754,2.873338143083175,18.326694809222133,30.33071326804751,18.326694809222133,6.950216308952219,34.97399527186762
LIND,0.5062725046054818,19.360000610351562,13.037817118901096,-0.018484073389750576,0.6001753071584192,-0.6094251068118296,-7.633580839371555,28.96398912146083,14.624045647217143,6.261070137395527,34.95981087470449
B,0.5604976438164669,43.15999984741211,5.857832495798169,-1.1169650107547087,-1.7159493511529809,0.5563092460843841,-0.32332423120547893,54.471577021702046,-4.950751652038734,3.9553803399780136,34.92198581560284
LB,0.5157238402785986,67.5,10.91602455582274,-0.4506108311495876,-2.639550085466219,-0.020081086963574864,0.40160141243625985,30.83497573927273,-9.176654740668395,4.8924860878596235,34.86524822695036
GPRK,0.5297566328676818,9.729999542236328,11.519430153113428,-0.8524213350899535,3.5106350029188604,0.513259224189791,10.317458943257604,13.984688233979114,10.946397197885547,3.787989382248086,34.836879432624116
HSAI,0.5228116609506561,23.610000610351562,5.012272265696051,-0.8448009165763373,1.2500828089551341,-0.7176068810261858,1.5483897218756069,45.330289412129595,57.08583519125175,4.882919126204226,34.82742316784871
ENVA,0.5405802058205554,166.7899932861328,11.358597579303105,-1.1463958389214657,-1.005440487718854,0.9206516322839963,2.444564699463407,12.54810870797129,-3.2372234084178593,3.3711328604158,34.76595744680851
ORCL,0.5166472371147959,195.61000061035156,11.165433352044436,-0.5545217346426657,7.979653173389789,1.7139056037126055,11.73883430722784,18.56903557763539,-1.0248651970572529,4.661936869620213,34.76595744680851
EGHT,0.5405802058205554,2.240000009536743,9.927337637317963,0.20013622766671724,0.044662486738155295,3.946146786890982,13.131312516532557,47.664964402512425,-8.196723070145328,11.574617556757877,34.74704491725768
FSLR,0.5166640480519294,231.6199951171875,12.94576210287113,-0.33881743771068923,2.319736879374938,2.6376808265288854,21.623604362342462,44.807488181234106,10.2322484768319,4.730810087052291,34.73758865248227
HXL,0.5368495915974366,92.4800033569336,10.677556989563186,-1.3971035140808596,0.7326509820250081,1.4772912870122494,4.394816886958037,8.455298823103607,9.809837494710791,3.3200656104138098,34.737588652482266
IMSR,0.5121696420031242,8.149999618530273,13.985914353422782,1.3146333216244,3.9728645783148395,0.9045828395101381,7.166332649812681,50.41067778444335,-10.537871286723423,9.176160671846787,34.37825059101655
PII,0.5578386815801059,66.18000030517578,10.331362916782957,-0.5144935930113465,3.6297025045972826,2.9086161595184334,14.28078134935522,29.593174385153304,38.22054893157652,4.942689373911559,34.297872340425535
CCSI,0.5862221170189013,28.979999542236328,10.52886853385109,-0.1567150210877245,3.843982533319848,1.8986936824362044,5.114254127560507,20.906928284607886,26.550218448565932,7.056344316844705,34.297872340425535
WST,0.5405802058205554,300.19000244140625,13.836215613861919,-1.037494061424408,-0.1119622260395826,1.8819497052473932,9.749108261529065,11.824538688040374,-2.9976607909074646,3.3101321852785555,34.29314420803782
TSLA,0.5406919148364935,443.29998779296875,7.268600091459902,-1.2668578779487154,6.939097335615784,2.260785192512258,10.653485396601377,24.818805405928558,-6.734554276151456,3.8268184483254317,34.24113475177305
MT,0.5534134534572605,63.779998779296875,12.077316083656727,-0.9801052567630232,6.084746689834359,0.597654479003853,3.020753147792423,10.305727738618492,6.433630073866029,3.5795333713980435,34.2080378250591
WSC,0.5362189036391078,26.1299991607666,14.986888819979182,-0.31173671032658007,11.580833342924787,4.912304429357615,29.164605792108738,7.499777682032476,-7.010680405300337,5.226615621895937,34.2033096926714
BIOA,0.5700404965863107,18.71500015258789,6.318461284211538,-0.5054048354722833,3.304189347000716,1.5676078863748752,1.2168760640495733,50.71995514820311,-0.9788331728388715,6.063892284050151,34.09929078014184
DCH,0.5410515304272907,6.869999885559082,12.731052207667947,-0.20458283733027666,4.559576950565579,1.71477076482136,12.254902187942378,46.90497933529721,-13.909776074213376,5.3805367820132695,33.96690307328605
ATS,0.5578386815801059,32.40999984741211,11.207186290379347,-0.9137911176462616,-2.2632360412299146,0.7473909737032696,-0.9474369245603581,18.030161029223823,15.874153174465624,3.8017366952911047,33.73049645390071
OMCL,0.5302294119725582,43.79999923706055,9.154276825658076,-0.46606638926432975,6.109791587055414,2.382340088312271,14.420064351216427,30.75306739175792,12.0777819466077,5.553115000844372,33.7210401891253
NXDR,0.5410515304272907,2.0799999237060547,13.029994612079628,-0.1466075113191907,17.271185559129044,4.920537605242718,35.06493343367458,41.13913085215781,-24.909749520668562,5.676510778026662,33.687943262411345
RYTM,0.5275803035565498,93.62999725341797,11.320751883472914,-0.2096233951400039,-3.8152142966246925,0.8846543988837842,5.5699567887819885,56.69821571833331,-20.396195317770673,5.59634514962343,33.58865248226951
ABX,0.556229121057504,9.170000076293945,9.972877452705461,-0.6683764438933877,-1.635825877235332,0.7456638697133926,-0.9719238699094406,25.67735527322054,3.265765293727454,4.658044543647306,33.41843971631206
RMR,0.5553826781709104,19.350000381469727,14.97961721378252,-0.8724276915391962,6.347130200291265,2.6984620688552523,17.182987409580427,6.7427097975665,29.896947078706603,3.6216332392970814,33.39479905437352
BLMN,0.5548224426656349,8.140000343322754,10.650868203567972,-0.31681161205977576,18.107956504496272,4.061603227572154,20.950970580143792,2.6608136559268547,39.8625447222364,7.1165319335354305,33.2387706855792
XERS,0.5121696420031242,6.380000114440918,11.354061096028133,-0.49117512049586126,-3.446708607015881,0.5491845454072035,0.1569894671887948,60.759475219283864,4.248369831719374,4.508397021059738,33.139479905437355
WFRD,0.5541326213278818,109.19000244140625,14.702402501641721,-1.0754719905885506,3.162835832418757,1.3339627548433257,6.9433133079473,3.543983992207673,20.359733151770047,3.410707925649005,33.1016548463357
CERS,0.5410515304272907,2.509999990463257,13.131112819872065,0.24612122761594935,9.606988019469389,3.6902872865398275,20.6730808809029,32.054781275467214,-7.720589553709131,9.212009156087651,33.00236406619385
PSX,0.5409875794615738,171.50999450683594,10.966757987316946,-1.210816583889787,0.39711316668175545,1.054222146602311,9.68216400992104,29.473047553798775,-1.4819931560181963,3.4142108787669554,32.97872340425532
GLSI,0.5049634937572518,25.969999313354492,10.839687953210998,-0.2767210343169528,5.096595708129488,-0.6345184009516751,-6.380679424311757,24.00128231005782,10.229201621136026,6.503383846824636,32.903073286052006
IMPP,0.5405802058205554,4.849999904632568,11.942965141363846,-0.5604454152225928,1.5494122654269535,2.193216773361101,14.117644811562164,12.610098666122182,3.4115105634522873,4.913107557090998,32.846335697399525
VUZI,0.5410515304272907,3.0799999237060547,8.974869094884943,-0.3140218040667386,12.388247403713343,2.2624439790966506,18.007664648312062,31.230063175852784,-17.647061068750347,7.0037129160680776,32.78959810874705
CGAU,0.5386240596863395,18.420000076293945,7.815348179498308,-0.824832437506841,0.5321333541469386,-0.5913794878576258,-8.03794585661003,33.99068478223982,16.508536288675433,4.64750846853766,32.6903073286052
FSM,0.5093305177208625,10.329999923706055,2.5826352210484926,-1.2613394887593665,-0.6420284909578258,0.10865236755734466,-4.880292354305181,45.93558425797601,-15.810924706787599,5.147973168397309,32.63829787234043
UEC,0.5578386815801059,14.8100004196167,6.105865374625211,-0.44984294967245425,-1.200797482871163,0.5264395452582286,-1.0688032367896378,44.03458447834857,19.531880621801744,8.107454944685282,32.534278959810884
RYZ,0.5895507092354672,26.110000610351562,9.348959347096669,-0.4469855184052314,-1.0103658196201692,0.7698186686802196,5.155057150732798,44.40949353346287,30.942828037773257,5.5761336498576775,32.52955082742317
BTG,0.5609177766651836,5.199999809265137,1.7987531708660527,-1.535734489346721,7.462393115087726,1.2002525497366299,3.9999961845027348,23.686595305192444,6.531388649461734,5.590659781522114,32.283687943262414
GLUE,0.5405802058205554,18.68000030517578,9.719701813570117,-0.3950008162095734,-4.671988959672739,0.5954977553722177,-5.561174637151461,50.43236614912544,-19.759451226781565,5.73761047553894,32.05673758865248
SXI,0.5046419194668633,259.19000244140625,6.052573880075371,-0.8750260158554132,-2.276508997819361,-0.7394630849663072,-6.782119008947231,29.24240746180256,4.379428111278792,5.316000386079586,31.91962174940899
ARDX,0.5112908893877145,6.460000038146973,5.527597509405073,-0.7186459969427843,0.023225369416457222,0.4198087221385564,0.15504231280628308,44.95977869639617,-16.537464737171444,5.956434736040898,31.919621749408982
MCS,0.519458288155158,17.389999389648438,10.97622439377747,-1.1227087341951902,-4.790586224933747,-1.4088311599838639,-12.26034481568507,20.556048650599354,16.44946042489064,3.680235818683011,31.905437352245862
LAC,0.5156565837548706,5.139999866485596,13.55043701861948,0.26451001993511536,-2.7620147579033567,2.27338725481034,6.1983409995414025,47.527869737239406,-20.186338182954728,8.923014347245894,31.735224586288414
CGEM,0.5829028106559748,16.149999618530273,12.290263070981194,-0.39842643858804744,12.504350702197648,1.624720952844449,7.237710282009005,1.613007749006407,24.90331969919999,6.39982251281184,31.711583924349885
FTAI,0.5085586280566018,258.95001220703125,4.03428733294628,-0.7085936835106229,4.075722044306016,-0.0015904972075403202,0.09974260391742842,45.70354993535297,-15.033770607350977,7.321048568082403,31.69267139479906
P,0.5535058944554857,83.80000305175781,10.740268172832558,-0.6108575366155642,12.626086226994476,3.8283890022268974,25.13065779309042,8.216207101629916,21.71387786310394,5.400510813047092,31.683215130023644
AG,0.5701507382836732,22.65999984741211,3.5046275018581845,-1.0898767837879615,5.446354968152681,1.7194260595205864,5.444393153563184,29.03223413238658,8.76118509744918,5.746437922391088,31.640661938534283
PTGX,0.5021576520817643,105.55000305175781,10.50537260531628,-1.0821985255176365,3.7407638764419113,-0.22114503519123818,-0.40573720659690066,1.5540565721313309,23.032989771682967,4.16458003222757,31.635933806146575
RBRK,0.516173261762649,62.79999923706055,14.84698509869398,-0.494868282042354,2.916231670888807,2.860394380296127,19.98471351505265,35.42221662181157,-27.205283782308005,4.58223463007385,31.54137115839244
MTA,0.5381040758267039,7.440000057220459,8.592073407595178,-0.681859133907839,-1.9698262634202581,1.3853629086201014,5.681819566449653,60.951721218418676,-0.9320928031779615,4.75892819203265,31.437352245862883
MED,0.5131707551133703,12.59000015258789,7.7407599523410715,-0.8896916038882762,8.562561240374746,2.221242404675125,14.872263764770773,4.40360047803331,-3.3026135946589084,5.191194546484962,31.314420803782504
THM,0.5609177766651836,2.6700000762939453,6.179066314898757,-0.6224474997004775,5.70071664473449,1.2222002423618559,1.9084043091517038,31.20449581231492,-13.311683682954584,7.009097817999349,31.14893617021277
TTI,0.5583067673297032,10.760000228881836,9.102664983244201,-1.0062716633170177,10.899255018775222,3.2950066856239615,22.133935484291804,22.14197621917531,18.763793933128987,4.251859101434707,31.12529550827423
BRKR,0.5574814614807697,44.15999984741211,12.47349975632289,-0.6031680124286852,4.4008149442352655,1.846137872282106,8.50122609220746,39.99491154235465,17.905378324990178,4.585598212146951,31.115839243498822
XXI,0.5339178672610296,8.390000343322754,14.798803226816029,-0.20649804524304996,-0.8029907240779128,1.4211891905163638,4.613464643318981,42.66954251743762,17.178778239547377,5.686191132595946,30.988179669030735
CVSA,0.5550250566230085,126.51000213623047,10.559291461325031,-0.9794374587524954,6.72437070852753,1.7917177948904646,7.293697062967511,3.259053347915907,41.573412345254255,4.37401812695589,30.8274231678487
CLNN,0.5395242414459085,7.050000190734863,9.937364876920359,-0.02806264332100936,8.070823579752336,0.5161791637170043,11.727420832781808,68.62022287823616,-12.855376293062125,12.786119920976635,30.73286052009456
FLWS,0.5395242414459085,4.570000171661377,12.70757151987683,-0.14560032009168677,14.121617250927027,3.4620850834430237,17.783506100283926,20.701831247619225,2.466370684952799,9.010630010078568,30.657210401891255
FDMT,0.5297566328676818,9.8100004196167,5.57342874717427,-0.8160175026969528,0.2042942804742531,0.5701369631302996,-6.482358115096106,29.64345655417594,13.018434038958823,6.257462167899806,30.652482269503544
STVN,0.5165349091527097,17.989999771118164,13.316176698622673,-0.6793551714683648,2.2696572667956763,2.8751204824623495,15.840309596180035,27.01524927200133,4.169075241622985,4.472325928005093,30.51536643026005
KSPI,0.5368495915974366,88.58000183105469,13.522966134189444,-1.2454897881700797,2.1301147241395006,1.2133297399893772,4.32222118786671,4.932361989471948,-3.5181307193069866,3.588524758914165,30.45862884160757
MOH,0.5541326213278818,186.8000030517578,14.401257615271215,-0.7205684157577847,3.1847532589262326,3.640168462510073,25.394375727200654,9.685130715878595,33.993255967605116,4.469257350570848,30.099290780141843
SKE,0.5904768587090087,34.040000915527344,8.715561323922183,-1.1945935810853086,7.73174949103569,0.6402090166179024,1.8856661807054056,12.145111293695846,27.014932404120245,4.318659674101142,30.061465721040193
UVE,0.5405802058205554,39.029998779296875,14.911849679714193,-1.08791718930584,1.654620837937085,1.9365614873929853,10.131208327055525,14.41685426375795,-0.7480073169862447,3.5665588149966636,30.05673758865248
NX,0.5352080705470948,19.139999389648438,11.322976075503401,-1.037944816374944,-4.204207350255845,0.055085688105157224,-5.528138334280417,24.702338872552136,16.965165731450774,4.030454285529786,29.744680851063833
OPLN,0.5381077143082178,35.72999954223633,13.641854509231187,-1.08962215993321,6.4914151018766155,2.323879496806389,12.962379039281432,6.117157266542363,1.0463770517186741,3.857305139256432,29.683215130023644
PDS,0.5505827583318791,94.0199966430664,13.000809049881576,-1.1034045266690915,0.31752935129697585,0.6607818710218619,12.477569998795628,21.529725280091526,-4.256619587611951,3.784910257119322,29.04964539007092
NXE,0.5080760765118656,11.970000267028809,9.839827009625774,-0.6054618371944899,-3.518314903129286,-0.15692877450316436,-5.673753641495448,39.6854158616919,6.305506426747414,5.611647642217006,29.007092198581564
IAG,0.5458621048997603,18.469999313354492,5.545674917375395,-1.6690944353870576,-0.8918163362203277,-0.7531893613650364,-4.051951618727212,47.967587827327826,14.934658767628427,4.551783160077452,28.83687943262412
GRRR,0.5165349091527097,14.029999732971191,14.494647507450347,-0.2437403110637168,-0.5458306622189885,1.7637508947357212,8.507342627594644,27.229982672237746,-9.716861212943087,6.88422699461191,28.591016548463354
VGZ,0.5604502794875843,2.2899999618530273,5.236764381530982,-1.0929965889019695,3.1105759334109395,1.4546296893337414,2.2321407179057697,34.24444922233442,2.690580369481961,5.583283552485076,28.57683215130024
PRMB,0.5371838237085254,23.270000457763672,11.976625804887323,-0.9354827526914852,10.569958288192339,2.5084633165990553,11.393016455427277,1.8483670276153619,3.3041334159980726,4.642703573719521,28.335697399527188
ESTA,0.5596177375862602,69.80000305175781,5.509238423538107,-0.8889713713303463,1.9484169726871905,0.7711645683782168,4.05486157784115,43.32492225617929,-6.358998934112647,6.163517982681993,28.326241134751772
EMPD,0.52652120394199,5.360000133514404,10.920861515278801,-1.0928739447375033,6.191186097309983,1.0308248687106927,2.6819990215132528,0.8046922784207391,19.910523152071335,4.610873500963873,28.170212765957448
SHLS,0.5567898622893956,9.279999732971191,14.191685430319584,-0.25469705260666825,14.437801798519384,3.6378852633684406,29.60893757601461,19.711592094587665,35.77175831485967,7.770165951227397,28.165484633569744
RCUS,0.5578386815801059,24.950000762939453,10.065622296571078,-0.892111838398451,-0.5540247566546033,0.9150693288041402,2.8866010841673697,19.635079900240164,15.884811737402465,4.962782294414635,27.669030732860524
EOLS,0.5583067673297032,6.579999923706055,13.00840361250587,-0.607701557892996,15.408225317479568,5.749790722122572,40.29850411564225,20.07970443247752,17.7101921988811,5.580764061675357,27.23404255319149
MUX,0.56056108454948,24.850000381469727,5.127015178208691,-1.0968020019486542,5.301073797695746,0.5882102708331088,-4.091082486082471,25.957536209876874,-8.26873295835508,6.362460993514916,27.134751773049647
HL,0.5667913253484855,19.450000762939453,9.376375473751606,-0.4792120339790698,-4.997145678838626,0.8485756586825787,-0.46059441333887857,63.03162236038946,-1.0990500955630247,6.628718485635572,27.078014184397166
PTON,0.5280344392257097,5.179999828338623,13.649802298978573,-0.4098746578224091,-1.9983474971489552,1.1228403135585252,1.5686259840456223,43.08844839363676,17.995443865594137,6.1362388769608724,27.011820330969265
ETN,0.5578386815801059,408.1000061035156,14.39648319049647,-1.0832697871459822,-1.1704870643822656,0.36651395295140404,0.7429181514589986,11.628302720267795,29.98030751755339,4.0847674289380285,26.959810874704495
TMQ,0.5405802058205554,4.440000057220459,10.288427142358419,-0.48219211921949773,-0.5580536153757922,1.0879526903399823,-0.8928562873616063,52.4900659677057,3.981266440597165,6.668274918097312,26.86997635933806
TGB,0.5604502794875843,7.619999885559082,8.207573062827024,-0.8993965425670241,3.5959479668947436,0.28631781441559356,-1.4230288904107733,28.982659164251878,0.0,5.55868008754995,26.704491725768325
PRG,0.5708147730964602,34.22999954223633,8.69166814815476,-0.923422841905618,1.086763175836114,1.7503264384299029,5.876887112631782,21.735904462665236,14.827776039764275,5.431744261392785,26.6903073286052
NPKI,0.5368495915974366,15.710000038146973,10.39823710036884,-0.8716149703370769,2.8343260525287106,0.6191138342014392,6.870749945020707,4.910298957980288,8.870406831685058,5.567381885979282,26.449172576832158
GKOS,0.5371838237085254,142.14999389648438,12.902217678831764,-0.8887274920661283,9.288142483201934,2.066134695849373,13.911365376597134,2.8678301565070425,-1.0579830805475092,4.956278556846809,26.29787234042553
SII,0.5153621554232574,136.2100067138672,13.12724518465017,-0.6550931257985373,-4.120808349208059,-0.5499821950014149,-8.214277415023417,37.528387873614896,4.6577465987213085,5.224599867494819,26.222222222222225
STEP,0.5295666083953027,55.099998474121094,14.877810212621128,-0.881530089113151,-4.124338454569734,0.4030475930715761,0.23648763057811895,43.80349245340726,26.150126689844477,4.1097998675448455,26.16548463356974
LGND,0.5062725046054818,218.97999572753906,11.7623578732808,-0.8399108875926384,-3.5409029541002974,-0.4053652939385252,-5.538784915430756,18.158410528904557,15.997455844561742,5.177984152922124,25.749408983451538
FTDR,0.5426701825034488,62.29999923706055,7.706024267374721,-1.1260102664585574,-1.9245161955732788,0.6089833866750507,0.25748285964127005,23.85143908597976,9.030451351836376,5.354850080602429,25.706855791962173
WS,0.5738278929208481,40.65999984741211,9.454980190400361,-1.15633243889166,6.130011789640653,2.848283530057787,18.197668731618716,16.640976141705597,28.874804533629444,4.838380985217746,25.664302600472816
MUR,0.5062725046054818,38.95000076293945,13.24137264404404,-1.535334988648365,-0.7377746738978257,0.12886247710843082,5.641448037036721,13.43651631017675,26.640142191187742,4.001463450199062,25.36170212765958
USAU,0.5435086286118365,16.969999313354492,8.172352781146902,-1.008260415937375,-2.86714977224096,0.6535554232074285,-4.015842644376423,61.61826164599965,-21.652818868331803,4.907819052321454,25.262411347517734
MLEC,0.5322051606373253,8.479999542236328,12.4991778010298,-0.16442742220924306,-0.8940617371533599,1.3083113737432035,16.643735410150175,79.24817690673967,-1.7381294345084273,15.529396193027031,24.879432624113473
HPK,0.5587112538863231,6.789999961853027,14.61519192144116,-0.47705855198713293,6.5582767253930125,2.4720280792056384,27.034616054479187,12.31070762102915,19.332159813309246,7.184935288492101,24.73286052009456
PBYI,0.5062725046054818,7.190000057220459,14.290874001340512,-0.8465291321544721,-2.6141126279757008,-0.5723519668286888,-3.748323169986655,18.478227283762607,26.140356097415633,4.843035450393347,24.728132387706857
CDNA,0.5405802058205554,20.489999771118164,11.155288219648138,-0.6807635849024426,-2.9255009724488157,1.1695068198386964,-4.3417381037342695,28.585987113117543,-8.608386701703923,6.566964979294103,24.042553191489365
ASPI,0.5170088617297772,6.090000152587891,12.237523641044659,-0.5262667811656413,6.217073393373045,2.706499225670932,13.407826484893295,33.83972535832466,-18.908122940447473,7.451324804148903,23.938534278959807
HP,0.5541326213278818,39.38999938964844,14.583618486476107,-1.486542068575051,2.6824095594434136,1.7560149631512048,17.09274703969953,3.843240611208582,14.948993574751338,4.181626575982024,23.76832151300236
PRAX,0.5537748021611908,345.5199890136719,12.05969914799373,-0.9026215969093141,3.195743781305876,0.4747355356292362,0.8817486171279001,1.0824480814979391,39.328191201158305,5.9990314935930105,22.898345153664305
HOG,0.5410331940249996,25.649999618530273,14.570857206510452,-1.4557060293421134,6.248574539779422,1.708375185753089,9.195401738470666,0.0,23.785701411030363,4.461153076027554,22.84869976359338
GH,0.5574814614807697,98.66000366210938,10.398162565399405,-0.9249816188331093,0.2981229931076493,2.250362341425731,9.18548361620431,50.763213161856626,25.52163559435409,5.257226205805976,22.728132387706857
CALY,0.5578386815801059,15.220000267028809,11.570202907069602,-0.9713640876203148,-0.44479194029012736,1.231624715298176,-0.9114543800036018,13.95886821196218,20.889595570746852,5.6011823054944605,22.141843971631207
VRNS,0.5339178672610296,27.219999313354492,14.402318317088088,-0.6469926988733291,-2.207840595146505,2.5826165710032023,12.386457823811693,40.97225333381843,14.9978843492526,5.940773009560678,22.13238770685579
NPK,0.519458288155158,139.27000427246094,12.450524404178829,-1.141323189079694,-0.5814307306567235,-0.5134666705613176,-3.0962962081927636,22.778206325362344,33.09040647140819,4.825671521538457,22.004728132387708
SCZM,0.5629979567430985,9.699999809265137,12.276423822823409,-0.6316053040291423,0.24124028664712394,1.7432373725519725,5.434782720779103,48.497192453051554,8.988766572296617,6.575627730147354,21.92434988179669
OLN,0.5062725046054818,27.739999771118164,12.830362063957972,-1.235713368203124,0.8672251654216789,-0.034531739112802544,6.3242606700535635,17.725765078410554,34.35882555038147,4.7391587763434115,21.725768321513
TIC,0.5626329192743716,8.920000076293945,13.348034207413567,-0.6850372564982505,-4.125538793972386,2.0595601430939836,4.941177367582748,61.07679891703722,15.994798566466075,5.729498530128853,21.252955082742318
EXK,0.5928683241805847,10.789999961853027,6.008994774097279,-1.2809560646130684,3.9607535008611827,2.059342406761796,5.992137901088125,38.07255534739076,14.787238293443819,7.050179140643856,20.69976359338062
UFPT,0.5275202028728557,220.94000244140625,10.309752394474291,-0.8256021354364294,-0.5256827154356852,1.8382752477407833,9.170865258773539,43.411551552784104,-8.002998387551857,6.70091433944928,20.45390070921986
TDOC,0.53238735604365,6.610000133514404,10.21439988987932,-1.1402086834332528,4.201152982341467,2.895377274425002,16.168718222854892,32.29675786768103,23.551406562741935,5.921763462701303,19.049645390070925
FEIM,0.5544647319915268,60.380001068115234,12.142241821625785,-0.9204416497592206,8.962618920039962,0.8848024527854245,5.744312927474531,2.3502322132459117,29.989235901132783,7.6302450450611445,18.907801418439718
SG,0.5295666083953027,6.889999866485596,12.309770117789725,-0.8794505532582602,1.0412070519689285,0.4862952038417142,0.2911205423109678,24.222922218043717,24.144137467711772,6.811113724833949,18.47754137115839
NB,0.5235238042350369,5.860000133514404,13.559961828493414,-0.6913621844648207,-2.5444849095800675,0.9739717254268022,-5.787776025122278,54.98273383544608,-13.18518320524065,7.1172611478614,17.91016548463357
CVI,0.5405802058205554,33.11000061035156,14.406175686462394,-1.3212753341758015,1.330743626168926,1.0815055613304279,12.802253396512175,15.37155418179435,3.3581809619864,5.240630784712615,17.352245862884164
