Ticker,Win_Prob,Price,RS_Rating,Bias,Vol_Dry_Up,Vol_Z,Up_Shadow,Dn_Shadow,Turtle,Ov_Supply,POC_Dist,MA20_DP,ATR_Pct,Dist_52W_High,MA50_DP,VCP_Ratio,Resonance_Score
CSTM,0.6293066192236381,35.279998779296875,117.34245979518863,7.8668129254505725,1.0058227185520958,0.7363897710376672,0.028350727256982587,0.19841184026149142,1,0.0,35.74451361921495,1.1221557405115319,4.136297194831931,-0.028342691897705382,9.061362837010067,1.109403770663108,67.61926605504588
WT,0.6054090876917644,19.239999771118164,64.24792975867442,3.9061441240026507,0.6313318905281476,-1.2815367094139172,1.5332644479624558,0.05197624220519934,0,3.645516210072128,38.5397804456247,-3.783794327173115,3.586105928234331,-3.0730508745494873,13.237226932383923,0.9316353001128526,67.10665137614679
KALU,0.6298127584903929,185.5500030517578,93.55779853212651,6.522533713097214,0.8386946898859542,-0.037950786508567334,0.43384137027061376,0.0,1,0.0,74.15995376749032,3.1553699527803727,3.990647009181648,-0.4319673173419363,8.95636638332913,1.1106066548529225,65.69724770642202
AVT,0.5685361586270626,89.11499786376953,87.74814144212482,7.172169018218387,0.9036522290798488,0.8037548903712921,0.14026819614548533,1.6173477787248667,1,0.0,49.444296100101965,-2.315521285156634,3.179783435288324,-0.1400717200704326,2.1429747012978484,1.2108412913795756,64.97706422018351
DHC,0.5747085131022202,8.819999694824219,83.1401874693065,5.825181381002615,0.8909153191734904,-0.4201982748134198,1.02040992847767,2.1542011407049357,0,1.9084467478856175,31.624188404178845,-3.1914926666507477,3.7010052506152387,-3.501101055179952,7.192251982184773,1.0019728863703712,64.3658256880734
ARW,0.5603002095367163,223.02999877929688,103.25326566011069,11.203351386473576,0.9737613388901802,-0.3330343756738443,0.8070676866796584,0.8474193606171538,1,0.0,40.62420567204935,0.5307974175793604,3.668308360599823,-0.8006062523196497,2.7057839544799034,1.1232776990929465,63.411697247706435
RVMD,0.5603431542545607,154.88999938964844,105.96878430940045,5.48934132839708,0.6933868682994271,-0.2432654826787959,0.07101853624140685,0.5487804938082689,0,0.0,30.554619172441882,-12.326267147502463,3.535874620301759,-0.867225043921638,-0.9698483691926305,0.9760360426021764,62.540137614678905
ILPT,0.6268088149711014,8.720000267028809,59.93404592729898,9.751112697330502,1.2564763120494273,0.27548945459648233,0.34403362441608004,1.834860579061404,0,0.0,18.963169953627183,0.6596268389757803,3.9023597204728167,-1.9122617515139817,4.785480287723345,1.0100905958898208,62.16399082568807
AA,0.6209812542311869,74.56999969482422,93.11350065141137,14.904493794136842,0.9247985899917287,-0.526339686137053,1.3410218641264098,0.18774224248290725,1,0.0,21.54615191158677,7.27435035016224,4.1546892263020885,-1.3350913515645684,11.22818195434317,1.1490241448242644,62.02064220183486
MT,0.6001245214230955,68.5999984741211,58.99246164928731,12.286678441415537,1.5755996823986353,0.45405135875261216,0.01458037383790349,1.10787485878166,1,0.0,14.477061781073097,6.166352333605335,4.003299053526697,-0.014578248274806006,5.873084549466317,1.1716743150663047,61.83027522935779
COCO,0.579273343960522,76.48999786376953,49.80849445546865,6.499027923917409,0.6185338977435046,-0.3070557291347755,0.366069311684965,1.176626423065227,0,2.777860537986572,39.80990521544388,-30.304203069915168,3.621762442765112,-4.027602518626167,9.374460238140577,0.9865130388858994,61.811926605504595
PLXS,0.5611397221947149,272.9100036621094,89.91477678518802,4.70081604960773,0.6902583781424586,-0.8781072626446554,0.7584944840549146,0.4429974565873433,0,0.0,38.11234576519213,-5.3825112130202815,3.3912268254104037,-1.0586169206735787,-2.2334037874221817,0.9329193619170104,61.722477064220186
NWPX,0.5612374537897373,117.48999786376953,102.49750627286727,8.834902492100229,0.9303100396775851,0.20583854823088912,0.9277419244996038,0.0,1,0.0,66.0870814406439,-26.680920649539246,3.473245211164043,-0.9192139909298813,0.28193483331086094,1.1068359825851175,60.9105504587156
RIO,0.5710661499329135,106.94000244140625,44.146553185226466,3.0558280312757624,0.9016215067093255,0.30048216089040886,0.3646899015721232,0.6452167535561103,0,2.535136690476756,35.499218866685695,1.3206600651469325,3.040422907629068,-5.009770205957281,5.328475700279166,1.0528549821362672,60.42660550458715
NEWT,0.5765352355876922,13.859999656677246,33.285771464261614,5.011930466390285,0.684331811107529,0.11036327300707219,0.07215172531621725,0.3607517458138427,0,7.453630451602111,17.055300196920957,1.2326645072609632,3.339518455009037,-5.476477959866841,4.749791555269719,0.9173101049140722,60.38073394495412
SHEN,0.5880767942472028,16.110000610351562,44.297524003030595,0.6309000370317093,0.8311357646563919,-0.6745709147483756,0.43451081420130416,0.31036740432915766,0,12.701272319042017,-1.1049741869146144,2.360249101948321,3.6357189200452744,-7.1469725866464415,4.768397468254597,0.8369434208300945,59.86467889908257
FLXS,0.6122699460346607,56.459999084472656,44.482471058259755,2.0450565260634987,1.033750657498406,0.2186858939014987,3.0286913074227177,1.2398171701698906,0,8.356316634421438,-1.4640008878247024,0.12841624835508839,3.8320430907715926,-5.40873058273165,4.342067816924762,0.8764398005982165,59.6467889908257
STM,0.6234423252894434,70.69000244140625,219.85263780193236,18.185013818048233,0.9362415498421266,1.2501162690077334,0.5375544494110982,0.8500584966875521,1,0.0,42.20479529854755,-9.038764973507286,4.766281478594279,-0.5346802519267434,6.114992030937557,1.4759630142313716,59.52064220183486
PLPC,0.6089666411009867,376.8900146484375,87.0214947524713,9.030635243408792,0.5734323702894342,-0.7548775275187735,0.44309555712415916,0.0,1,0.0,29.027732548072375,12.36348745141737,4.6688498828518705,-0.44114088147767316,-0.550349785928882,0.8786442630226224,59.45871559633028
CAT,0.5642891170523004,908.5499877929688,51.385573373164604,2.6149257442708813,0.9764843507691446,-0.4538019001589275,0.11006549044462365,0.7555985170440362,0,3.2389455854744007,31.577529374604733,-5.549059772530025,3.200192426508075,-2.4480580222918005,1.8890754786016553,1.0869794652583462,59.29357798165138
SSSS,0.6369966181493241,13.890000343322754,43.789248722304166,3.275216966158237,1.0852548543332305,0.3582558752926375,0.0,0.0,0,4.58980857623411,43.49173455563858,-4.387291315785553,4.165379186754468,-4.074580231524699,3.907809694367661,0.8509034487355341,59.081422018348626
HUN,0.6841657074925376,14.739999771118164,67.72630499379268,2.9473368527904817,1.0030889712182298,-1.0480444244264335,0.6105844910400391,1.2211625121049687,0,2.6647440327129153,41.59462042995641,-3.6443147976106887,4.308006584955811,-7.295596699180165,13.466333511084027,0.9180238217201252,58.94266055045871
KN,0.5674294917047543,38.2400016784668,69.31980046899568,11.657790948862422,1.0993479065957223,1.5262644839874697,0.41840962443791496,1.1244777361154579,1,0.0,72.953417558179,-2.4053880456551777,3.747012161441891,-0.4166662527346882,2.2222191395487867,1.2260217575979666,58.77522935779817
BHP,0.5579490308403708,86.48999786376953,52.04882600467584,3.715603356618211,0.8328328937418035,-1.26320824447196,0.12718304204788247,0.33529994529630053,0,3.0445481224186133,22.20202843993332,2.467426955966675,3.1968994889907205,-5.423727993370652,5.018907558055616,1.1036340708351788,58.72018348623853
LION,0.6324963770185833,14.729999542236328,100.6169286337326,15.788229215286668,1.6419430081954314,0.6680208117258862,1.4596073269168137,2.8513179609193045,0,2.997503391377795,-1.4715737111765683,-3.1045761561738816,4.182426664745815,-1.8327262251840977,5.144032779964097,1.2297279722003434,58.315366972477065
ROG,0.6048448496955459,144.0399932861328,74.94733428415176,5.507959240823041,1.4245750908379184,2.5536298057266773,1.0899801425907174,0.8921158858622116,0,0.0,8.300746831616395,-1.886792452815949,4.171956639237478,-1.0782276750408546,3.8056219731544183,1.1597808673170367,58.18922018348624
ARKO,0.6426143997132285,7.5,66.748428767274,8.832867028578152,0.8788185447956064,0.5214879961238642,1.1773300169328664,2.0000012712990882,0,2.5623242997504243,50.34584923972402,-2.0030840969024015,4.160539828553099,-3.0794858217023395,4.7528528005723905,1.0666451803480657,57.97935779816514
IESC,0.6154317829961862,696.8499755859375,79.00083242103348,5.9973602575116285,0.9009219065294792,-0.4102313806113908,1.1207573842584417,0.7777833249676371,0,0.8313678258978605,83.24172603203944,-3.2044439009837604,4.70238548814801,-1.1083356308335077,1.312222746055171,0.9888169007031989,57.74082568807339
OPLN,0.5545539975913846,35.75,30.295325614909686,2.8111296536081403,0.8284779961513206,-0.844340130566729,1.384612396841733,-0.11189067280062893,0,6.2754415142155695,1.1029394312941179,-1.1356485857283751,3.2377633657846063,-7.191070676982482,3.3959556490607787,0.9100426612810838,57.53669724770643
OOMA,0.5614803130129046,19.270000457763672,65.42639508166587,4.478423886140641,0.928723519687779,1.033443516341545,1.5568299806279673,1.9662715045851697,0,2.8397261302587835,54.77912250950705,-8.484846172396516,3.555453166030389,-1.6836730472781378,0.7309969242075367,1.1069454231459437,57.315366972477065
GTX,0.5868317447821317,33.900001525878906,102.9825962004271,18.813967155161208,1.279112915715339,-0.01422314470389186,0.6784646958023417,0.7374630936278218,0,0.0,32.370170705317456,-19.67448889534882,3.96734124164677,-1.2813005962174195,3.5815864844477048,1.5725703323225155,57.10550458715596
MRTN,0.5628174148139075,17.110000610351562,67.8143305012647,10.444104065458976,1.1182985828308203,-0.6551391237778593,0.058446689214033835,0.1753289200759726,1,0.0,36.92470556460515,3.1250017831758785,3.0558572210812067,-0.05841254901305019,-4.191164119258308,1.164912331000133,57.08944954128441
ST,0.6112862400731277,50.38999938964844,62.00332931593338,11.180625582442834,1.1298162305300419,2.465789566200787,0.7739618860182306,0.7739694563641558,1,0.0,40.85524644634978,2.650890063820632,3.9446183217169537,-0.7680177215753716,3.180628732346579,1.2383874285066925,56.9598623853211
WCC,0.5625906753859307,372.95001220703125,35.86307918356422,6.141375672420201,0.8582617413013279,-1.004383319058505,0.46604051149936415,0.04826187689755329,0,0.0,30.747049055501208,-9.852012427103073,3.836172775882743,-0.46387864907049975,2.377877250946721,1.1132539765393092,56.64564220183485
TECK,0.6101078780766552,65.20999908447266,55.193294574578864,6.10152756518795,0.9739613576901417,-0.14655538673661597,0.061341690060313266,-0.10734503267277784,0,2.4248323413889508,43.76101897395816,5.728994840498413,4.231385330893884,-3.635287647407135,8.419136425668853,1.0757089899461967,56.62844036697248
TKR,0.6045846357444511,127.41999816894531,57.09902915332936,11.492875330102537,1.6885324806166764,2.57114924581077,0.3060739250115819,0.45322508079006774,1,0.0,29.552968714816775,1.4535389912869114,3.9754724070585232,-0.3051399711251799,2.347759934407408,1.254077979342979,56.478211009174316
EMN,0.5756462693007816,74.38999938964844,19.61930907356031,1.3515341690571379,1.009908952649821,-1.2346893714090732,0.2554037015298094,0.7392072116396635,0,22.291703184723374,13.86805036663628,-6.393011470347784,3.050517601231486,-9.804867246230168,5.66064717529055,0.915065739581981,56.16972477064219
WHD,0.5528722700093929,62.7400016784668,42.96225790448433,9.004042571553637,0.9867969541526602,-1.0298092897757305,2.1836131578127316,0.8766385671580473,0,0.0,37.79426163904155,4.302769594816839,3.398948330779011,-2.35019194009292,1.6824822454939463,1.1070888967149444,56.096330275229356
DD,0.5588002534093173,49.459999084472656,19.311010470629952,2.8724085003365816,0.8966589461956933,-0.8343452730552633,1.0190008331043598,0.6469868595654883,0,14.833773043825124,20.832606804308572,2.7414858971420144,3.1257300956818925,-5.325617402830888,5.478847497643351,1.0276939449132214,55.88761467889908
RIOT,0.6392860847135915,26.079999923706055,88.38623532373704,16.787012872819083,0.7693687528960695,-0.25378957628019994,0.8435556518007611,0.05752031073765193,1,0.0,35.55093676508325,-2.188181638311492,5.973379531234176,-0.8364993145555533,4.700853626483862,1.0939861707739562,55.87155963302752
JBL,0.6125739293771683,380.25,81.96681117191058,8.920165845099467,0.9007800476750113,0.052076829191311555,0.29717419666259787,0.4575911201500129,1,0.0,75.89247379036131,0.0,4.454201360549144,-0.2962936882747055,-1.188913838480068,1.0169694960120543,55.85665137614679
MKSI,0.6233467910480959,334.1099853515625,126.17176879277723,11.031718504031248,0.9554316295324434,-0.6691361177850923,0.20651955094312416,1.2121720303256085,1,0.0,43.182964912513235,-4.731288303185398,4.887184633932842,-0.20609392669120047,-6.408998889713445,0.9339624842414618,55.78784403669725
MTRN,0.593074447690214,222.92999267578125,80.7727584422743,12.032723566279218,1.0641837345959018,0.5560825017246582,1.9333481177796281,1.9019448402851316,1,0.0,21.282844043618606,-4.323872604092098,4.230989801659497,-1.8966787155325526,2.8899240942665947,1.1960137202037113,55.637614678899084
THR,0.6103032299377656,71.25,101.80822770090224,9.710747052763601,1.136868797923336,0.42294834819320437,0.5614056503484802,-0.5193021004587203,1,0.0,41.145009203048986,-16.503419338905694,4.239599854127507,-0.5582714827003165,-0.6649536258833915,1.1119924491499809,55.09747706422018
BHE,0.6080207222198373,89.01000213623047,96.99301639531022,7.032703783011729,0.9451361401814524,1.2006981207779095,0.3595098159090725,1.241428717005808,1,0.0,101.3539728260885,-19.794973522102875,4.027637443373265,-0.3582219727542777,-1.5219747640433272,1.1367790639132744,55.05275229357798
GRC,0.5558274541747164,75.69999694824219,58.672345546583315,1.1486163112471262,0.604394687545388,-0.6270546332245063,0.052841370065265486,-0.02642572426304141,0,10.565980812164362,11.177182959170397,0.36862013487693673,3.36076910883132,-4.589461454740201,-1.785095768573426,0.9353828534306512,54.98509174311926
SAIA,0.5964270178042312,467.8900146484375,71.11473219097579,4.915954572845462,0.7020091255661769,-1.3750690134901744,1.314410161347898,0.6889853911653948,0,0.0,22.59983143518809,8.829224509265421,4.141082775188185,-1.2973575617275361,0.7383162358816564,1.1152726558415147,54.76032110091743
CENX,0.6248913874844229,66.87999725341797,139.68200136592108,10.411314878127815,0.872323693123669,-0.5632497259463977,1.4055061004718494,0.6130323707328803,1,0.9772512320175221,45.26497811256456,2.98555917681133,6.165626932924116,-2.6350343916582273,10.524389493156937,1.156894667083761,54.68119266055046
CLYM,0.669922559611957,11.390000343322754,542.6988895435346,7.630525525871413,0.8404453948576573,-0.14125846753090773,1.5803278846359645,0.48639063248114,0,3.648936958903432,198.95014468225452,-1.9999955827715874,7.110245860054225,-8.733968259672825,13.086771674337665,0.9463698300739175,54.651376146789
AZZ,0.5687674322409375,141.5,26.979365302389535,-0.6330691315364632,0.8212980865019703,-0.5217008181363338,1.2402861362544857,0.08480220295876466,0,15.035686684547894,-3.4722671839921717,2.4381812467436443,3.280919251689882,-6.705346008872429,3.893373543988257,1.0116475881997702,54.62844036697248
FEIM,0.6305263111923294,68.55999755859375,137.5866697133716,18.00851549260056,0.9329627171063009,0.07825410606468564,1.4002320867036284,2.6691865034993443,0,0.0,47.59956174816462,-5.731973136249331,6.561508847948668,-3.9641432346410648,16.067344510514168,1.082617944106244,54.38073394495413
VSH,0.6086805632049169,50.369998931884766,315.9809586153683,41.433141132456946,1.9583365672757782,3.5843788911007697,0.7345696931124407,2.541192786210702,1,0.0,30.83116605604274,-10.08282027657267,5.709179976823596,-0.7292131145745746,3.3662213527668654,1.9440999986773975,53.70412844036697
ACMR,0.6149743642116653,86.45999908447266,175.7228302925033,40.30589492635998,1.455843112592907,3.0496361395019056,0.046265227793721844,3.966914582236822,1,0.0,51.57783607331757,3.7572797617168683,7.142032396248483,-0.04624383297905354,6.101771810736774,1.6212852900277304,53.54587155963303
OII,0.5817588551225994,39.04999923706055,51.34047346281601,3.3000438579569873,0.5711126364018192,-0.7164481766485579,2.407176593463453,0.6530117108598932,0,0.0,7.932556405741292,1.684662216510557,3.640937073877479,-2.6669983132705988,-5.048078025082172,0.891314019646624,53.42087155963302
CTS,0.5642315263052581,65.25,46.547673445943836,10.673881379245765,0.989452432468993,0.3862683449488473,0.1379254220524839,1.8237585308628543,1,0.0,49.12751373473376,-0.9824923929049934,3.5402307369438883,-0.13773544985195968,-0.8298685302035856,1.208132542239221,53.417431192660544
FLOC,0.6284767850263968,26.770000457763672,52.600564644185475,2.8338022183639286,0.6735647045550947,-0.11990123984287365,1.9611490830527976,1.2327228914858794,0,8.37121845097632,23.83540269805794,-4.7618975290755,4.351056782962769,-5.2724690693478955,4.8684138846753005,1.055167845063233,53.403669724770644
TH,0.6140837101836698,18.350000381469727,149.8745489826041,9.830917295004811,0.5717655509774152,-0.003785112595218131,0.8174365962061358,0.7084526725101764,0,2.785257037009977,44.94471249753838,-5.944051862927205,4.928765838547731,-3.0639192515851876,3.0075260364699363,1.2302947101583244,53.29357798165139
ENLT,0.6319946694053855,103.55999755859375,181.34875961976712,14.630431575286847,1.1307089128883843,1.371008667740062,0.3089993263471008,0.0,1,0.0,47.87947931355759,0.6155516863454942,5.125392573045466,-0.30804746176541636,-1.8381318180385142,1.098084050470965,53.263761467889914
VTRS,0.5558017290448239,16.260000228881836,48.312697897549796,0.7741599999931664,0.9473209865525112,-0.004187453082387322,0.6150084874288669,0.307510108870048,0,12.220440134398794,-5.811312224007051,-2.6333540797348975,3.6441819547806635,-6.5635298899771835,2.2945983581858544,1.037555976892703,53.253440366972484
PKE,0.5979381287052309,36.40999984741211,79.06164357306578,7.515133289091167,0.9819040180731876,-0.1759513164632006,1.2535068026677738,0.38423567179891793,1,0.0,57.16246932856903,4.481122420617327,4.648724707649261,-1.237988532200395,1.161493475043527,1.1462628593410287,53.15022935779816
SKYT,0.5932090841918244,37.369998931884766,159.90732816319843,9.345736196406355,1.011530276407969,-0.6693264872164345,0.6358101168625779,2.247792819305406,0,0.0,15.517776489616608,-1.16278735204803,4.273022494873331,-2.6569431465324214,-0.32786939921007985,1.1330232066228536,53.037844036697244
ATEN,0.5588944907482417,29.559999465942383,62.976511158365334,6.580268762551987,0.6527221254040625,-0.506358396825979,0.34066434449900534,1.9617752098597447,0,0.0,38.04012884319349,2.347412849390543,3.418306921554848,-1.6306149202744176,-2.336669618334049,1.1151306508827887,52.89105504587156
MPTI,0.6150030177686033,85.26000213623047,79.68860075953286,13.822660374042941,0.6543061171814437,0.13282119473658338,1.5716588133950902,0.28148939450323024,0,0.0,10.641065192475912,-14.219142706648535,5.8568730121558845,-2.2583986528345728,7.756359132724685,1.1555917293621683,52.82339449541284
ASML,0.5865855049678009,1632.030029296875,51.257777699181474,8.007498600044924,0.88557317797309,-0.08545570284119315,0.36978695681744694,1.7021763569403443,0,0.811484548831729,15.097967558929367,3.227359076802409,4.314566543498022,-1.300248536104867,2.1134075633269247,1.1506855564430443,52.752293577981646
CODI,0.6697583098272823,11.59000015258789,101.76578529552678,-2.1651960969181006,0.661552838316612,-0.3717150728071548,0.5176830469998649,0.5176830469998649,0,11.82298081243835,54.739659628991554,-1.4655178507653723,5.799334818932126,-8.306963308007107,7.7685992088214135,0.9836066893435891,52.732798165137616
TDAY,0.57710332239461,7.730000019073486,59.600827276267566,4.70707740019615,0.6991956665436125,-0.7696495721790964,0.12936289804282133,0.323416498091988,0,0.0,18.19571963271587,6.336088479083418,3.9687665052872654,-0.8974380761625036,-1.257860409025963,1.0926914983323106,52.473623853211016
ASX,0.5989992248849304,38.95000076293945,167.5901068882393,16.991562306305806,1.3296971642329047,2.4200547780280495,1.591781565403128,0.872914366930304,1,0.0,86.45285734845788,-4.6353270019397925,4.630476446235092,-1.5668408810986003,0.8837234141803719,1.3843989747127987,52.431192660550465
MATX,0.5619115181910286,184.52999877929688,65.8967086590355,2.3485595067568465,0.9385623574422103,-1.0945909159479474,1.3385364098137407,0.0,0,2.1503720371780504,48.62183535796131,3.338419200909004,3.300865772315939,-2.8789480108812295,-3.5594983241259563,1.0773523819898956,52.42545871559633
CDLR,0.6167739825531341,27.420000076293945,55.58532962146921,-2.515331897474272,1.6406347104655552,-0.37620682487587853,1.0211549447710315,0.5470445591081003,0,6.232763375620517,57.67683173145591,-6.795744106838537,3.4435234757063315,-8.63045695684118,6.663972549317491,1.2389889527086717,52.409403669724774
ATI,0.6234894526434265,168.75999450683594,62.33424017887865,7.0452161629882815,0.8796196471885688,-0.39853953291622835,0.5570054941916958,0.5924942053906829,0,0.0,31.4944672915632,-0.28673994796610713,4.430635457181466,-1.3733891035704455,0.11974231702642593,1.0485321206336895,52.40137614678899
ABX,0.6709724670490779,9.5600004196167,59.65015504629789,3.4352226040075866,0.7049470067625067,-0.3008200701613044,0.9414141731572071,2.279281515928106,0,12.444415723938498,7.657660994771476,1.394851058838166,4.999923116068273,-9.25485943829764,8.367353392402057,0.9502965493867063,52.180045871559635
EZPW,0.6120235565342521,34.619998931884766,80.91020616213311,4.439112078367343,0.8213308385302711,-0.5664372172891691,0.5921485770467799,0.9529140508295975,0,0.7959280000567823,64.54371399618172,-1.8425988261546427,4.389493368866236,-6.760037877613451,1.6621580642047704,1.0265771833797703,52.029816513761475
LNTH,0.5926937764510648,100.05999755859375,71.0313081472699,9.019789073200425,1.29474943771851,0.770520046514251,0.02998079155359595,2.05876235142506,0,1.723251138498964,51.790049055574414,-4.363331520948778,4.051995912050884,-3.6865933713726076,3.849537854812247,1.4264574045694385,52.02408256880735
FTNT,0.5790408820914769,133.9600067138672,55.97294190683264,21.41151878233449,0.9048265117577436,-0.6233976673034438,0.7091646018384044,1.7729171998738167,0,0.0,66.9491653534604,-4.167152761859919,4.417629286589487,-0.7041708712828096,2.444871591339462,1.3839660101001432,51.975917431192656
CRUS,0.5694028761856236,178.3000030517578,41.42373269573773,7.191061875817624,0.870141836937599,-0.47021891140573197,0.15143256749190576,1.1048800824306293,0,0.0,32.16218086984848,3.876102451774173,3.863873509983431,-0.3910597476191492,-1.7650142037493106,1.0607685746161712,51.973623853211
AAMI,0.5782455112711051,75.4800033569336,60.0742499826028,8.985378214625868,1.4173000085075096,1.8182345200405745,0.8611471483407864,1.0332532624165478,1,0.0,55.87467558210696,0.9240206080798495,3.7242594043120456,-0.8537947194614598,-0.793181684414785,1.2021397811317367,51.93577981651376
GLSI,0.6620065961737117,27.389999389648438,219.97913756965116,10.532686378923431,0.6283552964325179,-0.355157256498815,3.83351318152654,1.3289533717873985,0,16.65921487972816,16.256366767240475,8.378492071591904,6.579566532754668,-19.677417549939726,9.872847465021927,0.9366616696670121,51.63990825688073
AESI,0.6121526559420343,19.329999923706055,109.8716402517278,4.106637424576408,0.6130136453205542,-0.33797679302173084,2.224523056651383,1.241592198929166,0,2.3313061404901694,71.97509178475134,-6.287420293583609,5.071683873659741,-3.9741642840204627,0.8823590871958975,1.0729711175297978,51.40825688073394
VICR,0.6099346876000539,332.95001220703125,284.1132639412036,21.891398383194755,0.8866945812996975,1.7428377489703437,0.5015716620886694,3.85043005080554,1,0.0,102.35202734390063,6.548520918168375,8.873918954460336,-0.4990684760384428,4.6531921523030855,1.350758875274271,51.338302752293586
ALGM,0.6421563445169275,50.7599983215332,106.94895310228844,9.500384804378537,1.0183995604574667,0.5543787040369855,1.1623328843294698,1.4775414199867352,0,1.2750310520022523,33.64928629013848,-13.825622619335496,6.235224448916492,-1.2451423839180675,3.7905506893697725,1.2394270676325125,51.22362385321101
NOK,0.6116439899602558,16.459999084472656,164.7262225400321,20.922708625491733,1.1097443852884434,2.8697533889560995,1.0024357514878057,2.0048599151946953,1,0.0,59.34171544479497,-22.118959698823858,6.094861133688891,-0.9924867098792114,3.1553368839213274,1.5024545342588762,51.16169724770643
LFUS,0.5666490651514029,476.7699890136719,88.03376272851568,8.794229317697908,1.1050066076310945,-0.00545185384211457,0.06187751631432834,1.64649113132327,0,1.8297212770445646,7.054703101122587,-5.272687595658918,4.81073996298682,-1.315898980669778,1.6953825826681126,1.3129400330047873,51.11697247706422
ALM,0.6740607386796663,19.770000457763672,234.2288806874288,1.1266140100731836,0.6602721692058824,-0.26544430552078285,0.4299397192728832,1.643908727353551,0,21.92992545582387,94.97041210489328,9.073982672260488,7.913503705499092,-19.008600649173186,17.66200055245156,0.919550385517595,51.01605504587155
GNRC,0.6177888500544393,274.82000732421875,80.30939013570904,5.775062167684873,0.9020761764298163,-0.7487256200842993,1.4991612718763763,0.8805812398041892,0,0.5612402778455218,27.829201498708173,-16.690877786168347,4.306974618159074,-1.4770183842807454,0.6083883848419973,1.2747450753240654,50.80504587155964
DBI,0.6531000419887814,7.440000057220459,110.20175295872899,7.904279216767786,0.5075335157864186,-0.5769814298401943,0.0,1.0080619445999788,0,32.54777127420081,4.2936789959688735,4.86841960728006,5.261136690598343,-14.181201862916854,2.527069194517737,0.931010088165297,50.678899082568805
DAN,0.608305624693123,35.189998626708984,66.31285892567105,1.83474929949988,0.895153145588334,-0.9331567294809618,0.14209449760659998,0.44047343006171624,0,11.926223988147349,49.32372228160883,9.92723438924654,3.604630665826346,-10.736578855789205,-0.0956021311791204,0.9607864875423123,50.64449541284404
NE,0.5630822824773055,50.02000045776367,58.874252266765836,-2.618513589140576,0.8626592902835859,-0.4930271222218976,2.0191889489602115,0.07996984238398874,0,14.135833943363341,10.374703228366178,4.981340009150589,3.501457683035441,-9.021460759693364,-0.8855288426766803,0.9487132634051335,50.61238532110093
POWI,0.6332371994754366,84.08999633789062,159.20062746170643,16.245148203020243,1.3606676992613156,2.75545745342477,0.9632598683009616,1.4686653158770437,1,0.0,130.90413382968205,-3.157739508322825,6.458216066204529,-0.9540696977865634,2.1074815256061483,1.2625686886606124,50.502293577981646
KLIC,0.6061963865453665,108.56999969482422,164.61399377182732,12.084406199789607,1.0732805973363313,-0.07060166753680994,0.5342192435107793,2.763194260297474,1,0.0,64.0205891228459,-1.607679163024639,5.5408624756532525,-0.5313805065883195,0.43516715609066514,1.3635515604296977,50.47477064220184
SYNA,0.6161419657977006,147.57000732421875,136.48758283288183,26.137913498344815,1.065318099082733,0.41147560487089385,0.35575921286456225,3.63217479452925,1,0.0,61.33158997947488,-9.887713248448025,6.87058890452893,-0.3544980533802365,3.8445970781801777,1.6964591884435345,50.46788990825688
HLIO,0.5724935685250991,82.18000030517578,48.74431362294291,12.666402054044564,1.2230445941807502,-0.3010910851001719,1.10732055162387,0.0,1,0.0,5.9430200186009925,5.333915040582673,4.173763935902848,-1.0951932516681508,1.8232758107067086,1.339979838635958,50.36926605504587
DGII,0.6123429482272004,68.41000366210938,63.35428927555364,11.62419374890983,0.9843853868494165,0.4320041358413418,0.3581276188698927,1.4179230649949601,0,0.0,55.97355838933559,-0.993608148543845,5.095849212569798,-2.0054346732919752,2.707650743589527,1.1770234684641498,50.34747706422018
NXPI,0.5697900980280891,332.6700134277344,66.67796920755067,12.59716489416505,1.0424804408690915,0.8053799372207326,0.6703280664723072,0.6883723968143127,1,0.0,15.01124059726336,-22.7508826609925,3.9318234116228896,-0.6658645892458915,-0.2672051593967165,1.4516736260939485,50.170871559633035
DCO,0.5983681877402589,150.02999877929688,57.18290834116222,4.698633640484781,0.7890437748178496,-0.5597236254911191,0.03999037464608002,0.0,0,3.5402535840912597,8.607209672865647,3.1252198245153058,4.563373367392664,-4.023802616536292,3.65960988827557,1.1769880517019173,50.1651376146789
CMPS,0.6242549515302621,12.225000381469727,119.4135438722477,21.711430015056486,1.0508338914454978,0.13846044225766585,2.085882640398625,1.840486059354668,0,0.0,29.22833331797829,-7.086615186052748,6.747295448817786,-2.0432625809253424,15.336463840320972,1.5016522811372703,50.12385321100917
RLYB,0.6370438872583137,14.699999809265137,185.54687129094617,9.787518662095616,0.19958051685897246,-0.14481709320184274,0.544217175092683,0.20407981876463926,0,0.588899930946948,4.107648217888162,-60.82004913880117,5.047618886974198,-8.125001191585083,6.631580151311602,1.2636953413945557,50.11467889908258
EFXT,0.5850743182519187,27.079999923706055,87.82639017632789,-0.6891573034468963,0.883351507420244,-0.46322067127335625,0.6462305670129962,0.9970474834357026,0,11.330693115369964,24.700639640257247,-7.274153441264981,4.232592903567607,-6.99856683165214,-2.006689390281273,0.8995805103958303,50.06766055045871
ESI,0.6117734251990983,43.18000030517578,73.15016978659415,1.9021096421263182,0.914652803257519,0.8872134137051465,0.4284422695211421,0.30106777951236163,0,6.397902723077295,1.456764360584079,-6.019322193234792,4.1628069770517175,-5.140597822945288,-0.16134606252616346,1.0387012187580165,50.03440366972477
AD,0.5924017034299429,50.68000030517578,19.472689485704862,0.3862546297331339,0.8245400515104391,-0.2530447870409281,0.9471182701982663,0.6689043012160102,0,9.815920643537481,10.534355488965872,-2.818964932127305,3.853168952527966,-13.055413434028356,5.787183091584144,0.9065218343774641,50.008027522935784
SMTC,0.6096711402005277,164.4600067138672,147.1590034675266,28.883111510832137,1.4977258892457506,4.751501881335589,2.3288254991414847,4.986012777233402,0,0.0,4.898589102129454,-5.736003066464324,7.049911634567062,-2.275825494704836,13.258692047352975,1.4774005846203575,49.908256880733944
TWST,0.592172699996586,64.87000274658203,133.14746039578813,14.97594409107511,1.2046113379112708,0.4914665577485315,1.1253209443809873,0.6782833710033266,1,0.0,12.99425695674559,7.885248152806826,6.187099900573749,-1.801384886425716,2.795746577108283,1.307062546697652,49.888761467889914
LSCC,0.6208212217001363,150.35000610351562,119.49648463436644,18.525354350449224,1.2681341816750558,0.4042410068031716,0.31260472339216555,1.4965080868942005,1,0.0,42.1480673866979,-5.317450439766979,4.805453818217311,-0.31163055156842956,-3.32284740005617,1.1814732984747194,49.88646788990826
PRLB,0.55754295060996,73.94000244140625,42.27507599420031,7.059347428746002,1.130533758957492,-0.015239396749462402,1.4065470397264686,-0.013527368001184027,1,0.0,10.0789109080103,-0.8621969187349284,3.584952254301901,-1.3870377019892488,-2.5758998438974423,1.0921355475225965,49.80389908256881
ELVA,0.6205775924774795,11.649999618530273,154.6189929345668,15.12426106642267,1.1662121822684548,0.1799844226527549,1.7167448023274454,0.1716695686052035,0,0.0,67.86742826796954,-1.5037527746874566,7.878601407040958,-1.9360310915460648,9.273186041276572,1.3606193630151968,49.727064220183486
VMD,0.6131071016108356,9.619999885559082,35.81343753201083,1.1221182709156456,0.6722085343094112,-0.24716698826263586,0.1559287266074936,2.1829526052321633,0,20.817556244874673,12.97709333591595,4.048588740190909,5.035639081539962,-5.500986274793826,5.326084578517428,1.0049207278247736,49.48279816513761
DVA,0.5923945937019354,195.57000732421875,53.862246118242616,6.218774080993705,1.0962831866159526,-0.8202543147311124,0.0332374285276554,0.5829189577836127,0,9.676516644023206,45.15699066692118,-2.6857705413574178,4.159818552619887,-3.5127510145502243,0.9355119763005546,1.1599325990877924,49.456422018348626
NTCT,0.5513880561447875,42.119998931884766,49.68839906645892,11.978091713748691,0.8749731828140895,0.32165745726450506,0.5935422752463915,1.3058002509311633,1,0.0,40.166389353969336,-5.5939867978815725,3.8241079583677355,-0.5900401375888794,-0.23348797828788198,1.3942306567927272,49.33944954128441
HAL,0.5584245087582447,41.08000183105469,46.4620019949352,-0.8004982563789776,0.7363657619545508,-0.6378800761652909,1.0954253721291658,0.6816031682249217,0,8.035813963333323,12.455524784227315,-4.610013518152846,3.044582236013171,-5.758197551478112,-8.429801924218776,1.0068202748600645,49.24655963302752
PSIG,0.621209276862591,7.809999942779541,92.5840392076492,12.059687927968083,2.364237147380386,3.5252085998225224,2.304735334626835,0.0,0,0.0,15.87537400353814,2.325575549499241,5.405158122107278,-5.903617308867828,3.636360167795875,1.1286416279031393,49.24541284403669
NPO,0.5526216606382368,318.1099853515625,37.36717737391644,4.804164847872101,0.7570968005881027,-1.7922441887341516,0.06602181079713101,0.04715158385177259,0,1.0359438869960993,28.290843982094984,1.2315725340084478,3.6741568041441757,-2.712711889629662,-3.011922976923839,0.9848342528857024,49.222477064220186
TSAT,0.6480757136404365,57.79999923706055,129.44035720543033,12.803597616001158,0.9436709631669534,1.316883650320952,2.0761259148067053,1.211074000289107,1,0.0,111.02592378222091,-4.874888463611943,6.265448946645254,-2.03389959816799,-7.6386902257549085,0.8819044888798371,49.201834862385326
ARCB,0.5610263699503816,129.49000549316406,101.96415680829689,6.354729812081393,0.604749708453137,-1.081514389179324,0.9228450187096054,0.347520703176586,0,0.0,63.18035141858086,8.694965248752467,3.743038370578242,-4.0579377912518275,-3.1931086859119198,1.1528341983209556,49.008027522935784
ATOM,0.6224713785977593,12.109999656677246,492.86006746596155,35.77374303937517,0.8500768417037513,0.3402333264038413,2.1056987749727827,0.7844778671697343,1,0.0,111.3437978229176,-35.91087456962413,11.108294013626281,-2.0622735069993103,7.608693735058634,1.314507856644965,48.924311926605505
KLAC,0.6231686130479832,2011.3900146484375,67.23489242515706,11.014350693891085,0.9624598557281714,0.3320249331224186,0.5677626811223065,0.6883345682637558,1,0.0,41.22261693306756,9.825262324585065,4.293697012627637,-0.5645573352591664,-5.6413179129056905,1.1101044892969034,48.743119266055054
AMAT,0.602003983345119,454.8900146484375,91.38433059711677,8.750512249637744,1.0031280884499139,0.27939560572285943,0.41548156037584105,1.4812386235801511,1,0.0,77.84935101721905,3.3295446483610465,4.4251719074436116,-0.41376245367705433,-4.547182876801946,1.2001569765117672,48.66628440366972
BVN,0.6639458983907001,35.09000015258789,42.82940385914449,2.9364317386427743,0.5679810134283032,-1.027291223253454,0.6839603232154935,0.5129675246164869,0,37.92956937484394,27.368742581617134,3.103872773306679,5.166308795168649,-19.164896686660786,14.095286719323122,0.9083091913390624,48.61353211009175
MRCY,0.5948584274415418,99.31999969482422,34.529103602759584,11.666394442940861,0.7894088416601398,-0.2637111022676645,1.7015731439609576,1.3441392353616615,1,5.89323573749083,28.78630207120711,-1.9076061085601657,4.554183620160446,-4.352847459966211,1.1514860333913939,0.9930482966569035,48.58142201834863
MYRG,0.5943644509684118,464.3500061035156,111.4389260525378,6.007875057896885,0.860889025722018,-1.0946152218965135,0.3940963816534833,0.19381800035592225,0,3.2097731151804636,14.708136879983243,-31.734854339859243,4.848406048640331,-3.2604153950941193,0.5552836441283031,1.2337910680702384,48.57568807339449
SANM,0.6125341063751163,259.9700012207031,64.28968747151514,11.894222664486428,0.9782308533763299,0.14730563478266412,1.0655033275587904,3.711964400175093,1,0.0,81.55597233561612,-15.1318540928617,5.352814772359803,-1.0542700451463012,1.8690067051992756,1.2640949470516054,48.53211009174312
CIEN,0.6281886904645038,602.3900146484375,225.7115509254395,9.168277943318643,0.6907350882280984,-0.5239556503641638,0.5345325494810651,2.490081116090427,1,0.0,122.02196608648195,-6.353441098933682,6.1871413086584015,-0.5316904907455346,-13.785644997439073,1.046963821839509,48.51032110091743
RFIL,0.6327467467036377,19.075000762939453,210.38576849254528,17.72330041931011,0.8659495442464069,0.4859771886158416,3.6435107050589934,0.7863675623743192,1,0.0,164.563115955215,1.6925297574778861,7.466765710231179,-3.5154257900694095,4.407441797646981,1.238119535190401,48.496559633027516
LRCX,0.6289530116226661,322.67999267578125,116.13803584764801,13.921167085388886,0.8991442256602568,-0.24005679358317708,0.40288159788359235,1.5851682372748428,1,0.0,87.53502122128972,0.3468585548413278,4.683101865531503,-0.4012649751400011,-7.6154589511963175,1.1868224743148355,48.44724770642201
BWAY,0.6520264045826293,15.890000343322754,103.48979259545115,-0.9228056710258651,0.8205878576540816,-0.1639738796132858,1.573310515471476,0.6293230058433471,0,10.341105755810707,31.37660183708651,0.4848480224315528,4.569359382002594,-8.425535960435331,0.3646986914084229,1.0313251940127675,48.36467889908257
HPE,0.5794202579177486,38.060001373291016,76.8038578888788,20.220481511127794,0.9558829227811247,-0.2493019747655415,1.3662649474178021,1.5501742422141873,1,0.0,47.63382606320265,-0.314459268333564,4.184934088370934,-1.3478497487566807,-0.5097295342936156,1.3681598770145882,48.241972477064216
KNX,0.5801685277081967,72.93000030517578,60.49151203682142,11.0104807712169,1.0333654919765327,-0.5301147403430012,0.5827547648067442,0.08226732255843601,1,0.0,7.202707061194398,3.941881211131642,3.9543774433666043,-0.5793784095190107,-2.599650425884063,1.2750053014320841,48.17660550458716
TGT,0.5770655074868389,125.43000030517578,37.16488673275173,0.544549001102119,1.7890869369121118,-0.6863209071519905,0.25911231511072275,1.092244872229803,0,11.836402601052685,2.53412771004209,1.5109488383606444,3.9316590333092307,-4.872229872263659,3.477065591238998,1.239137493190699,48.17087155963303
NEM,0.6205634340042416,111.61000061035156,21.098967678822333,-0.0930942663132404,0.7175363091377821,-1.0910479177870145,0.18815436190518017,1.048558112106133,0,51.6189794407388,16.503128449679753,6.676429942870565,4.203412389186675,-17.084909851119047,12.575286136987366,0.9323224534407055,48.155963302752305
TWN,0.5796353347528537,100.27999877929688,94.85181670816296,7.2375726043359,2.7891940009922096,5.702658422348452,1.6952578762603032,0.2941744839782288,1,0.0,6.760351808178999,-5.144335497922395,4.139125373747518,-1.6669979620121929,-1.9087678922384197,1.33225218768703,47.93348623853211
DBD,0.5611968911618053,79.43000030517578,16.678651398665934,5.043211214810752,0.5829594886125881,-0.2150160924011063,0.2769749714907399,0.6798450377008974,0,43.07329268118801,-6.011124958683106,6.9355021953242595,3.4599196351052477,-10.802922422004462,1.4210904538798736,0.9213485239909983,47.836009174311926
TX,0.580293026503461,49.40999984741211,28.563744085168796,12.119559248346356,2.2755240600258912,4.551692309452363,2.3679457341268915,-1.7000610304897337,1,0.0,5.041857678271694,0.5350106188148903,3.9983904940995822,-2.313171097793631,0.6626026151318413,1.1225300229516741,47.82224770642202
HZO,0.601071130481714,34.650001525878906,46.00659960322424,8.164640319723613,1.2227490362339901,1.062003705576611,1.183260690750798,1.0966841309385158,0,0.9304843046813172,15.500005085746354,7.769256223443742,5.073181083065718,-4.413788894005396,2.7930802111030966,1.0845105317370518,47.803899082568805
ODFL,0.5563317076633251,216.61000061035156,56.41548794370137,6.568729731306363,0.7959732255941595,-0.29564015248168235,0.909469191239126,0.49397168293697613,0,5.299407245864058,4.014825228073976,12.855396662727655,3.305149484799131,-7.348472205429843,-1.7538025830859056,1.0836993509142416,47.79128440366973
CMPR,0.5618509052208042,104.05999755859375,41.86467573322277,11.631397612557109,1.5910475327155462,1.5332419827670005,0.9898124192315194,1.3742075136575316,0,0.0,1.1469676678331253,-14.017340150741427,4.626451985611717,-0.9801111572745422,2.4349096166104154,1.4386096609698507,47.716743119266056
CORZ,0.6166657404715615,26.3700008392334,58.2619723825065,15.122678254541308,0.9042705856686791,0.8753147901367629,1.3083022463469844,2.199468734263875,1,0.0,7.064562475372793,0.0,6.613303133733717,-1.7144952879745337,4.123707464515737,1.1558977699418276,47.69954128440367
VELO,0.615262901907227,25.079999923706055,450.4573491357042,51.9378434776584,1.3401639516759236,1.0244216836839743,2.591705025843981,6.586923573387753,1,0.0,19.37172608420818,10.18841623041335,11.259399186699849,-2.526232530389374,16.914894781471517,1.6038445259745748,47.647935779816514
NOVT,0.5652125806527603,163.2899932861328,48.89103993783195,13.682403146419016,0.8735100091418274,-0.34566069415152995,1.3839812891214334,0.9798555755355678,0,0.0,2.5755328738121657,5.04593840170783,4.848949222283372,-1.371106732255081,2.4922949716026785,1.406782618507836,47.647935779816514
HLX,0.5911463124439995,10.109999656677246,45.81896012164499,0.08414170758207294,0.9863378223109531,-0.7474284823668684,2.1266089007691074,0.5934759806953763,0,10.403309090434117,-4.1706211001050475,-3.222554732704296,3.4583860889623597,-5.953491565239247,-8.730164221300647,0.9595957427582283,47.62958715596331
CNC,0.5560701377730523,57.209999084472656,48.57231543026901,1.7410306498820933,0.5616532232401108,-0.6776683024447414,0.4369865477999676,0.8215301757017611,0,5.832073118037504,57.170320565033485,-23.126439938068398,3.56456112558328,-5.8426585501468145,0.14513566314019824,1.1509027444455977,47.60894495412843
VISN,0.5555539569705559,12.670000076293945,41.01537217593505,8.066614437886999,0.8586772467708713,0.09110776806238696,0.5130195736919314,0.39463449431598036,0,4.774674634783635,-0.9769441128947352,-29.695684846072357,3.5522604597340295,-4.160364444658759,-0.7390429350907574,1.1361375621614194,47.3440366972477
CRS,0.5951944314427023,453.69000244140625,33.03297326967096,5.7134768556528,0.8937674251695347,-0.15633411818812934,1.697196800806456,0.956599509472675,0,0.7107826085150615,46.235984808989414,0.14244007226584132,4.384365811264545,-4.624860704879672,-0.3100001631037473,0.9398342247597478,46.972477064220186
LTRX,0.6658305467447043,7.28000020980835,44.66980294302767,12.094852831943022,2.0656100607123875,1.2762943172862893,0.8928513530370271,3.914832955485091,1,0.0,1.6759827505143452,-1.5060226901847191,5.695643309497185,-11.650480435183775,14.240507449043916,0.9657632527257435,46.934633027522935
KRYS,0.5537662195069782,302.67999267578125,32.52644917021177,3.0880758591719717,0.6330375939187323,-0.8685841353531076,0.39315530269521376,0.8457769329099527,0,6.638186276291473,5.1556408166496235,-5.206237289451581,3.7007267117655895,-5.258550686356785,-1.7875913075801826,0.9708397819959884,46.90252293577982
LIND,0.6365869402576818,21.3700008392334,69.98201711013472,9.896895670046518,0.7945663607167504,-0.21986115137597578,1.2868488896478207,0.7955080468405288,0,1.4468223788833394,26.524580291373034,2.566899656130783,5.085569618445498,-4.341984362962086,-6.373766685070335,0.8819847935977834,46.892201834862384
YOU,0.6272199094620382,62.36000061035156,69.89517715752034,7.757840046356988,0.7164050456563316,-0.37696631414649423,0.5933273384500476,1.9153254665600992,1,0.0,35.10153007222873,-2.72195436254149,5.663473915744934,-0.5898277292824556,-7.819847143549977,0.9951843607487202,46.86353211009175
AEHR,0.6011716780996526,109.91999816894531,450.9153139140002,17.968391981727187,0.6848508856177196,0.39436657997701974,1.5010931162206433,1.5465765798265871,1,0.0,74.03419638024079,3.243673867158247,10.619411082203415,-1.478893546990537,3.223991505978269,1.4036138336294064,46.784403669724774
BB,0.5881203304532933,8.420000076293945,88.19146227457495,36.179850416585126,1.9303966887727495,3.7693004322921935,1.0688854128468757,5.225653838258254,1,0.0,6.447537783255656,-4.887213225683235,6.099423944473956,-2.0930267112859036,3.5928110361343824,1.6131066642557448,46.668577981651374
ACA,0.5642684888885152,125.58999633789062,10.764364418799621,0.6919078528958926,0.8874555780990762,-0.41460024761170416,0.46580677675044435,1.321758166339562,0,14.434272081822252,16.900805619830905,-2.2832945402131113,3.6184066305899703,-7.368347365519921,4.731263143997958,1.0409438428392979,46.646788990825684
LIVN,0.5736161572589851,75.41999816894531,25.500452977540398,10.528569203690688,0.719847537971192,-1.1551212607849606,0.5237394352236218,4.998548371530363,1,0.0,7.298331464684543,6.844346574614558,4.162207009869483,-0.5210106967430451,-6.380430380751127,0.9981624846527544,46.560779816513765
EE,0.6023928127756099,36.040000915527344,20.45979484953766,2.6922343246352507,0.5832151988991217,-0.9505797308149065,1.1376244089496965,0.69367367825275,0,25.515366548398383,1.1180852822673697,-2.443380005707309,4.065206151102753,-16.154558020956422,1.844684545465204,0.8301553607047354,46.48967889908258
SCCO,0.6445448590452533,189.8800048828125,47.01010875148579,7.386866307168146,0.6805855550171677,-1.0253926677663798,0.0631952359917649,0.25279701600062815,0,24.625283008359464,-6.091556079621352,6.6359809577869955,4.719314304355711,-13.893379441136966,10.607039207632056,1.0699464074144907,46.466743119266056
CECO,0.6144096519068876,89.87000274658203,65.25155175879978,11.370666873772011,1.0733215689091304,1.2255976999960807,0.6064294561958004,0.8990749221361316,0,0.0,49.78333791014033,-20.409735633871414,5.099031075777341,-0.6027740567612935,-1.4311904207019508,1.1708665353405332,46.403669724770644
CYD,0.5932725503329517,59.040000915527344,60.556182769928135,24.39163352438118,1.8938415431910314,1.3669437175803554,4.1290608207024855,0.3597536005343738,0,0.0,23.02562794405662,6.287355852085673,5.181450381328498,-3.965329935907348,4.233818461417979,1.3884277602316015,46.299311926605505
FCX,0.6406574889366098,64.36000061035156,47.48274347978347,5.3950272034185085,0.6387402947261956,-1.4208569827433826,0.9477945999956577,0.0,0,21.45230145097231,-0.964655516802968,8.25491171390035,4.490367389923733,-9.313795260764596,7.609082018519667,1.1675007932851516,46.2901376146789
MTSI,0.5941222937525578,409.67999267578125,147.96367967529866,19.669102535293064,1.078926694916019,0.5234798249673672,0.9934601144727612,0.5858216020761015,1,0.0,107.38040311109076,-4.394502817050267,5.656679921641156,-0.9836875708057796,-0.5326003883610537,1.4412926125157437,46.17087155963303
AVR,0.6356648178046174,9.079999923706055,152.95641596843154,28.149035649993863,1.900200633615643,0.3861108303098666,0.8810564357867492,3.1938322054822645,0,2.0308253521346122,49.8349836459401,-8.303891866015956,6.0808681617267215,-7.252298680704618,9.531504798685052,1.6224562740130468,45.93004587155964
WTTR,0.6225986996955446,19.350000381469727,92.22333433366214,7.261055129669276,1.0273355975823322,0.21671954235448196,1.7571066969896094,0.7751918117074906,0,4.701675448862053,52.631635164196545,-0.9605157870648855,4.231450394200162,-5.5175741502386515,-2.8551012676713206,1.0846932876522166,45.782110091743114
SPB,0.6520286272760928,78.68000030517578,31.266051047215893,-1.0781069526404092,1.165676148871704,-0.749111375481249,1.3599386002293035,0.3685827585140221,0,21.402295554390722,12.819046049788396,4.575859428026936,4.302238222149944,-9.52161783161761,5.398810758242205,1.0949555093619814,45.667431192660544
CVEO,0.5709284727605316,35.060001373291016,47.53898542840827,7.447138998443791,1.3131794062005469,2.3053751155678426,1.2549874770730298,0.456360071706771,0,3.5741773450897254,22.11773769101748,2.0082915245167303,4.666491221479166,-3.945201716902829,3.6195899456400427,1.4293854029434132,45.63188073394495
PRAX,0.6040533862299273,350.6000061035156,97.98061614626741,4.784337190697269,0.7261453523340279,-0.5065902148854512,2.019391457213793,1.276672306234766,0,0.0,41.37666774347738,-2.0000590085760184,5.820389817972262,-2.2745020180530973,-1.4832404049967844,1.0953711658174097,45.61009174311927
PWR,0.602487150585167,742.1799926757812,57.08468036501095,0.7025752687408934,0.9654479410615682,-0.8712822832179269,0.8771470303511811,0.2452080724168495,0,10.845361395437166,1.9800174172869587,-18.839441381973035,3.9819939907991784,-5.904279850923577,0.6493480256202492,1.245667736268744,45.586009174311926
MGNX,0.6202640733325343,4.46999979019165,210.59472987952813,23.548916429976778,1.0206996086961246,-0.12386601283343764,0.3355674985746903,3.803123208009528,0,1.791127770260188,30.320691046355574,-4.918035988962412,8.06967112391834,-3.6637948523491644,4.666670161916937,1.5286233094143808,45.5401376146789
RMBS,0.6107644520513963,157.22999572753906,64.46173466100318,23.58954072686946,0.8474217029358052,0.3922498247366227,0.9685832753008133,1.205243480215253,1,1.6751752872378862,59.70543484079746,21.095462510373462,6.084940885898745,-2.824479133494588,2.457190868495319,1.215958403064951,45.537844036697244
SLGL,0.6666067001002679,74.5,92.70898245846982,4.681511085031154,1.1820950492244218,1.902637127692268,3.9194606294041847,4.697986577118147,0,39.802208756328525,0.0,-0.9090869457572682,8.0275179898636,-23.956314104346315,13.099916446299764,0.9580689014795095,45.50458715596331
ASYS,0.6197012832112594,22.815000534057617,207.4760244772082,15.901907121586492,1.1420858702109373,0.9565481208950279,4.470736473784891,4.0981869443934,0,0.0,105.17087021407676,7.0501975871559015,9.52067788366701,-4.778792129041736,15.716487162097312,1.425318850876039,45.44839449541285
NHC,0.5646730444273252,190.0,34.786826786406365,2.5773914019856283,1.0289949118176565,1.1752724423607435,0.8947352359122317,4.205266049011584,0,6.85047231395438,20.11320033239738,3.271348289315354,4.078946794782366,-7.344190840642663,1.62908454898453,1.096747413477854,45.3348623853211
HBM,0.6443738264009828,26.549999237060547,66.47281365552583,8.515722482230546,0.8450841704136987,-0.019780554620427628,0.15066258634765134,1.3182688945918544,0,13.381853918851366,-1.3070858325402865,10.815237222626086,5.792306487134576,-7.591289967155235,12.783404133720305,1.2053658505737546,45.2993119266055
VPG,0.5713520163017186,123.41000366210938,305.7996171270407,49.96506892863302,2.04848069685163,3.3981578398776273,0.8022022805153425,5.161658340089815,1,0.0,23.90562806477928,-2.475242237784903,8.0353524090064,-0.7958182086964236,0.9022164033629512,2.3931584996912165,45.28669724770642
SIMO,0.601053378152242,290.32000732421875,248.62088367203262,18.04467333884135,1.3807409493839764,1.9631705001228175,0.6337821340123647,4.86359698295618,1,0.0,33.753486119758584,-53.96503674164681,6.195279505831452,-1.251698189036984,-0.4056451927488755,1.541925679872369,45.26146788990825
EC,0.6250470900352881,14.859999656677246,38.448109578378094,9.44214409068943,1.0841246678493581,2.5084013538480874,0.8701219412604386,0.26917875352952536,1,0.0,44.15925107780051,-7.338251557652287,4.037347581373418,-0.8626161290526995,-6.99855665409817,1.1179580686356256,45.23967889908256
VIRT,0.6079522518437958,51.900001525878906,40.21429556285507,0.26079625549728874,0.8084547654231747,-1.3019827122425958,1.3294770836406151,1.0211995730282464,0,7.0540201399785065,6.0482284065574525,-4.009235667175587,3.1381769410051676,-8.109061709271725,-6.497827847396949,1.0184284913090358,45.197247706422026
TER,0.6311845424253926,389.1400146484375,134.31357550419835,10.63224673514314,0.9582179650052589,0.2117253836505255,0.3109398698481737,1.3851093296825756,0,2.3776312220238287,27.080930884019853,16.059705813316487,5.262939824770696,-7.775936389705043,-1.5396827156329154,0.9976388915909076,45.19380733944954
GHM,0.5956083324258105,100.0,71.02386666577203,3.936598262672709,1.4340866194916648,2.5909135608115474,1.7499999999825,0.9799957275292626,0,0.94913112164297,1.7087065809329258,1.0352876811851612,5.237857818603516,-3.409638579044087,0.14990973392336057,1.141979476028668,45.16743119266056
TTMI,0.6107537584716964,196.9499969482422,221.2720265518609,20.439928598945407,1.2257720182752094,0.5892672537424508,0.9352603542982183,4.031427140325916,1,0.0,104.13556187241457,-9.225222460001685,6.28084982375166,-1.8400939854078184,-0.9929407898603337,1.2412321905588064,45.13188073394495
FLEX,0.5915255916831362,143.24000549316406,147.09486425911422,16.287474927123505,1.0858068232099796,0.15348620594289503,1.1239880959213995,0.0,0,3.653100623106744,6.316343825001974,-1.953812689876799,7.267521892126294,-2.782673372202578,2.8526420039378375,1.5515156994158759,45.112385321100916
RRX,0.6607937454217283,209.85000610351562,48.03085877316477,1.4694597933706584,0.8003098000278281,-0.9142491598450047,0.03811606859129075,0.7005009187233439,0,27.109605157741345,5.131501044773972,0.3704019554813469,5.419517226242146,-11.21218502879222,5.8103422923375545,1.032418944638587,45.03669724770642
QTTB,0.650252779956413,7.090000152587891,251.67490491010415,24.736104205607244,1.0368411521967944,-0.0909019456588119,2.397744324559949,0.9873084646684162,1,0.6301000919717287,85.60210145640418,7.861057490917138,8.825307794872133,-11.870726097336261,2.0527909058413027,0.9612082791272012,44.98738532110092
IRDM,0.6197134042900179,50.15999984741211,205.47837224900834,18.93160762499132,0.9229012880875209,0.4483169871071895,0.0,2.192979420744388,1,0.0,196.15310332905207,-6.657748027042196,5.270277201444122,-2.865994499806953,-2.7923860744054267,1.1997284785151672,44.98050458715597
OCC,0.6467576888667316,13.619999885559082,100.16523474940058,24.90256202284146,1.367388450821388,2.511069679897962,5.212922496773566,3.744495103741744,1,0.0,70.67668987842507,-2.452823262511444,9.702118814476984,-4.954640906332989,5.405406623761894,1.120620067000626,44.92431192660551
UCTT,0.6246780285330912,87.45999908447266,288.28966333016234,7.814251268873262,0.694607245358084,-0.3177454915703278,0.9147073635068161,3.635948248830919,0,0.0,44.13315531340119,9.840912674590749,6.650385341004666,-1.1751422774187483,-4.911764395552135,1.131348923990185,44.79816513761469
CGEM,0.6516178721895748,15.460000038146973,61.610947056793286,5.7365141723511055,0.9909047067727181,0.0002890875938660328,0.3881010314668138,0.9702433256820994,0,9.704271238147147,24.276531827888167,-15.773586056076638,6.2419147087166955,-7.646354542388558,5.5596739263861155,1.0938129532475058,44.77981651376146
MG,0.6159419785939295,18.209999084472656,47.34332715633079,1.9026245478908677,0.8975154764315774,0.4383702223555775,0.35694968326205184,-0.10983228318571191,0,10.920171797394246,42.26561572421775,1.2678276135044002,5.1286579064191,-6.901842629143785,0.7768337419126552,0.9878465142151387,44.67201834862385
VSAT,0.6217679117672479,81.4000015258789,151.55310608424523,17.60456710530899,1.485054941954776,1.2283287491874155,2.272725355552002,3.058965377227069,1,0.0,140.75716716407806,-8.796453905125245,6.056511317887903,-2.2222203893079535,-0.5418292225870066,1.2510906931496588,44.66628440366973
ENS,0.5957326194145091,243.33999633789062,67.96994769703866,8.259849856816988,1.8371927578547231,0.7958464020079685,0.18081796992939658,1.5862581854303484,0,0.0,52.98849597712505,-0.29923287874019466,4.49283189488099,-0.3929622193495713,-2.6956498992942044,1.6230035916387051,44.61697247706422
ON,0.6116439899602558,127.0,167.1681439645001,18.288083380794756,1.0377280869035483,1.7118586989512714,1.6771691990517545,1.3700830654727258,1,0.0,130.03079533543655,-4.0799673221195265,5.444881323352037,-1.6495042222983092,-1.2126372223949065,1.5872273163365647,44.61353211009174
FIX,0.6470011500804823,1883.56005859375,99.48497859226137,-1.09295603827738,0.845333627771283,-0.33657748338827664,2.0190440465665382,0.59116828873152,0,6.700232178617946,100.40363539392992,-5.457511150176533,4.910534143005895,-9.146225433937575,0.6291498650679923,1.116166974679059,44.56192660550458
CYRX,0.5958410344846672,13.960000038146973,51.103517782734386,11.510503861960489,1.5448545698570153,-0.11849846982542173,1.5042982633100677,0.4298024315791159,0,6.320612459992504,14.520102695219414,1.6377656493573565,4.855710549969396,-2.7855127302626554,-2.813296487649283,1.0182308067770351,44.544724770642205
VOXR,0.6160336908360825,6.239999771118164,39.29343289752432,6.9362880704768255,0.9146696043049075,-0.2707570789497859,0.0,0.6458392745904761,0,3.5984452825209736,21.168542168168596,2.7472544742118075,5.351418736880155,-6.865672405575325,12.544799976965479,1.1711507532689678,44.542431192660544
RKLB,0.6015514935176575,143.1999969482422,247.0326694281103,32.70071734568997,1.1274880280830142,0.778086003004276,1.955309435341877,2.377792494299976,1,0.0,35.77320118564212,2.4061287336016113,8.854250095728961,-1.9178103094100236,1.7248943750782249,1.4524555827264303,44.53440366972477
OSS,0.6246896899760517,17.440000534057617,286.1606902164785,23.19429609561996,0.7641539859538745,-0.11575221568765522,0.917430289583307,1.490826954730807,0,0.9011002509420672,13.763865758088192,1.9095435578529711,11.447410714158773,-5.6787412114730484,12.500002364023619,1.3626093908263928,44.428899082568805
MRX,0.6142977089286211,54.25,56.03013719133729,0.006636607318397698,0.5831152880867193,-0.8592146335060536,0.35022788332807764,1.0506906816842616,0,8.194020927625377,26.375917495432468,1.6189742088882761,4.509656492153132,-7.190663358025925,-1.477762376601585,0.9835416282192297,44.30619266055046
XPO,0.5935062786589208,210.75,52.058540115739845,1.7870072189498438,0.8564018509411889,-0.6950477402645406,0.8256253822803351,0.8113910860541276,0,15.511854965733777,13.538414795675319,9.113637750757581,3.861038888072467,-8.947552973753949,-0.07704550353581767,1.1083226364281962,44.23853211009175
BFH,0.5962713373382078,88.51000213623047,28.256995567833588,3.0066424118401445,0.8631269961260462,-0.8572157086709946,1.6495300522182774,0.13557238084962803,0,4.9683146555411515,23.66614611337729,5.045457319722495,3.223203308539433,-10.713200253532937,-4.31987141056167,0.9424724592086781,44.17201834862385
BAND,0.6003312201727331,61.18000030517578,340.2041099637453,25.827814387153115,1.1672043106843104,0.34991057735212583,0.0,1.9614265396110497,0,1.5351079372768397,66.20483026905116,-86.7274961310751,5.902721568164265,-1.6999239610012125,-1.5101805831162234,1.67360586893064,44.1651376146789
TVTX,0.6253661177986857,44.290000915527344,11.844012417848958,2.209661160500402,0.5907620773187003,-0.1249088017184218,2.483627119796731,1.3321294657452243,0,5.005614090136881,52.14702846573036,-10.046553139064486,4.449165748623526,-8.887059536089367,3.4532342114539936,0.9141075545093331,43.90137614678899
KGS,0.608063474229994,73.6500015258789,107.95724389709724,2.8322155048651014,1.1508320011299147,-0.07809720846029553,1.6972165296477375,0.475218556503845,0,10.537820959436752,-0.11536945697457808,-2.9789786245722167,4.182042801114918,-5.187948974527075,-3.136535300152442,1.2384751639330192,43.89908256880734
MU,0.6037035535146613,895.8800048828125,329.5765880203269,30.345272424229798,1.0557784233867826,2.3580992839087416,2.3306698183893997,0.02288443638948487,1,0.0,101.73686612822878,-9.89210288429255,7.389223726398339,-2.2775867904761484,0.7579903801254131,1.629805060645812,43.8795871559633
KOP,0.6550250058925728,41.540000915527344,37.307570479309945,0.850946666007164,0.7969204344329437,-0.08137023402356368,1.0351475582291065,1.673085410423528,0,8.245109502891633,18.34758610024137,3.651749400768947,4.7475754869380005,-10.474138901776175,7.069107628308395,1.137769312758118,43.86009174311927
HIMX,0.6290448619137483,21.43000030517578,193.55259536575352,27.97850155393453,1.160416609000393,0.4870314398520762,3.7797543710607706,2.1931927857587485,0,0.0,111.5498525366307,-0.5217427792302765,10.765949482738653,-4.500892178250755,12.703251834241295,1.6726876229195886,43.77293577981651
SNEX,0.6381835794468825,113.91000366210938,86.90808908719154,1.9424679762340544,0.5987079792521035,-0.8942556304437105,0.9832280582659826,0.7857050428278213,0,6.507876945223182,63.44461235978105,0.24496150152924956,4.575039762561714,-9.177160480611539,-0.936565789147532,1.048568985792501,43.70412844036697
ARWR,0.5990368851283311,78.68000030517578,90.88077650840789,3.9015932372373046,0.8485855019183779,-0.4469676209395875,0.012712425256159612,1.1692910083442127,0,1.6328776220759793,21.94669001646887,-3.7907621920270063,5.421507908071863,-4.352056574326778,-2.325163690663906,1.0609346647868274,43.612385321100916
MITK,0.5982378385218832,16.68000030517578,76.04151970893693,12.870485418776209,1.2429043235210036,0.8162759793913221,0.7494004658604152,1.8585156710214288,1,0.0,13.392251949599915,-8.380684030439836,5.920264415755732,-0.7438262286378116,-1.5140594078192902,1.2194617847752154,43.57224770642201
SKM,0.5919679968552054,38.63999938964844,79.96294059672695,2.329153021867967,1.2692144265831293,2.2673519033706784,0.8281565731640884,0.31055624683526134,0,7.5735950458132475,22.666664728323084,2.1459207704785666,4.427314614990023,-4.569034853254967,-1.318136242404167,1.2347127054284732,43.56192660550459
DFTX,0.6590377666682834,22.8799991607666,94.61148178840644,5.3237240632190765,0.8925802550284766,-0.5359031764281226,1.7482584813522408,1.6608438900217768,0,7.146061287793572,80.15747640620586,-3.6701643209134853,4.943181289719039,-12.83809843468578,-1.882614410981784,0.9326464172175051,43.54357798165138
CMP,0.5984552390018835,31.520000457763672,69.51126131723355,11.36432095270256,0.974461756999384,0.11131343804750966,0.6345141265225255,1.2369930261569055,0,0.0,46.6046532897564,4.070862780674518,6.5015409983216825,-2.686010954776213,2.1838014204328466,1.29773353752563,43.518348623853214
SCHL,0.5583948102473404,40.84000015258789,32.73974636021588,2.364019885404874,0.4216727662406172,-0.6159832899901567,0.24485424521309326,1.738489426548842,0,1.2586305031057436,10.185359290625389,3.9429033942362404,3.0659715114384802,-5.406664217046961,-10.2071045176538,1.1304491717139369,43.506880733944946
DNTH,0.6415385598258135,86.81999969482422,99.27157314287165,0.023041562651619583,0.6872906699525501,-0.7820979562024698,1.9465589119180036,1.6008986551360023,0,14.134803873037246,9.579699629194337,-2.501138806977742,5.399504582714712,-10.031088399041938,0.1284336929564762,1.0355626972201113,43.48853211009175
SSRM,0.6652824096020502,30.90999984741211,38.86737330392198,-0.9834390240331239,0.6230830222019421,-1.0316720348490942,1.763183691254346,1.5412500087433172,0,26.294475594433564,16.246708047654167,7.837397877508083,6.869020781117493,-15.361447261442562,18.417318941335157,0.9384736980795197,43.32454128440367
NVCR,0.6559377901945583,18.260000228881836,43.65419926842915,8.56607915418412,0.8065664068445257,0.010326347216944429,2.245344152521747,1.095294416328424,0,0.6995925976588114,45.7302523349265,-35.65705870038416,4.8662167749295655,-8.973077192882444,2.0729684185800052,1.063486488040444,43.28669724770642
NVTS,0.6207455632884974,31.790000915527344,305.3769782048731,57.801995120442086,1.2491703264952145,1.6615171927338082,6.385651842625448,2.39068954693461,1,0.0,107.37117464230452,13.005460436395278,10.308722362559392,-6.002361908795406,13.366339904430918,1.7332535730258332,43.276376146788984
CTOS,0.5923109024484418,9.680000305175781,65.590782841665,0.2641276286112288,0.793763712854892,0.1151831342254772,2.9958672797562738,2.3760282537345563,0,13.763664086643725,56.38126357237305,-8.769937142303316,3.8474029940418437,-5.283756826722474,-3.931624321088192,1.1965787165648178,43.26720183486238
LINC,0.6303919174645118,48.95000076293945,131.29013651207086,6.126963808795247,0.9582937561689144,-0.19542553453943454,2.2676212319270874,1.430024386757236,0,8.588129584423871,8.560657789317872,-3.114017297686799,5.352400926335175,-8.504671470982244,0.5051912744423166,1.163651136761115,43.1341743119266
NVT,0.600264637013364,169.2899932861328,51.6332816712779,3.952320892955031,0.8152632841703334,-0.7474432719195157,0.8978160434731887,0.962838731559763,0,5.235032366788425,6.52529274893275,-14.804879495738529,4.089134287508467,-3.262860979334034,-5.794600192474777,1.1404185807848068,43.09174311926605
NEWP,0.6601963459373706,4.929999828338623,110.46414825811668,-8.847188223169248,0.7706959690723371,-0.4200247722096934,3.245442794888133,1.2170374210254327,0,33.177553796254315,-7.504692326791944,-6.077355633792112,8.142568180358252,-21.870049552081777,18.203883996375076,1.088860915150769,43.08830275229357
TECX,0.6783231532173727,29.989999771118164,50.37496353508608,5.479740090953542,0.9008184223395971,0.13523779061781654,3.93463956916798,2.1507184483653505,0,14.275361560518219,42.47031286297238,-3.130433455648588,6.6903254339468035,-16.763805752560017,10.297214263016283,0.9895306053294676,43.04243119266055
MPWR,0.6186806954726697,1662.97998046875,79.03767913286353,5.198333423729359,1.0463014930294574,0.38311888401917044,3.0733901719498,1.707779092207725,0,0.0,78.11389372959141,0.8988515746524638,4.850714840862481,-2.9817493795660432,-1.5447593965411577,1.2376910013192846,43.03211009174312
MYE,0.6026086391483543,23.139999389648438,24.563993536988747,6.425054316771002,1.0372840972044413,-0.39483923496775075,1.5064839963397838,0.0,0,0.9520023915035921,2.235370435533279,7.383177344844903,5.136004982704099,-4.577322104353771,4.061896228971703,1.1582514919973144,42.86238532110092
PTEN,0.6473289656179028,12.119999885559082,114.17581444673515,-0.020623674208588204,0.7748998194781795,-0.3722293750912839,4.702967823096606,0.7013204533214276,0,6.292039645805561,50.11154947562698,-7.24258220655151,4.6293014278237985,-7.339449875176865,-6.025266159351662,1.0568553632805753,42.80160550458716
GCO,0.5501109990013202,37.380001068115234,7.887625531705189,9.71851447214433,0.627720257953195,-0.6055412953957962,0.42804616782522265,1.310865876008909,1,1.498325767255678,27.794875445597555,6.1581926868577295,4.295651727800786,-4.0308078665758345,0.6797284075624678,0.9546696132252692,42.762614678899084
TRVI,0.6054159387720169,14.380000114440918,19.34085415620057,1.0718682593316657,0.7389921849996482,-0.6515052876083812,0.6189134041411762,1.947153577174519,0,13.28668158619414,-5.581086364332141,-0.770845502038451,5.526525566008213,-10.794048598618357,3.6330659750484204,0.892134262524645,42.56192660550459
HLIT,0.6029019025992705,16.899999618530273,75.27781350272593,34.350898793611115,3.6117190872524616,8.474155855421285,2.337280867788864,6.3905322368052975,1,0.0,11.184209411088691,-12.488088160865432,6.204565338212019,-3.9226863447006592,3.3297573105390326,2.1139488968918165,42.55733944954129
CRON,0.6290859116236879,2.7300000190734863,3.0130295308608,2.496715142010266,0.8537766802781869,-0.321714022776676,1.2820544166056944,0.3663000142757382,0,40.78956324247703,-16.513760392588367,1.8518500523975838,4.0162233174865865,-20.4081642523532,4.399995802073009,0.8485199139290984,42.50229357798165
GLW,0.5963005085384915,196.1699981689453,136.18989788158632,8.087705068977579,0.8964487517555834,-0.3400046692211973,0.5275977024905129,2.533463045085103,0,5.493819267130216,8.040970565461189,4.79137435635908,7.6227568919264606,-7.375228109106553,3.5161039790756012,1.2030189860065756,42.46788990825688
VSTS,0.6104304310397307,11.789999961853027,97.51808861550748,11.027403290231788,0.911587690566004,0.030672181383004076,1.3146711913448004,4.325701700497906,0,7.185921810763103,-1.7500003177456054,7.46888217128369,6.280140681579816,-6.428574563724982,4.479580312355702,1.7189235929143483,42.455275229357795
WDC,0.641364024709085,524.6500244140625,258.9327755279323,12.299190662727856,0.703620033568912,-0.2818992305215059,2.186213698534177,0.8557892828931929,0,0.0,189.87249761351873,-10.388534230981467,6.029326439343882,-2.13944094746857,-7.6425858112543015,1.2288148970695834,42.35665137614679
LQDT,0.5598742425336591,35.7599983215332,23.40722079941213,2.2868613813785275,0.8253009086996507,-0.786895975878161,0.25167829085489485,0.0,0,5.507995477305767,24.860331995012526,-1.7324641471042912,3.6253600147382157,-7.906266713042376,-0.703230843277532,1.037323704151729,42.34059633027524
ZD,0.6540582172056059,44.7599983215332,35.840721847144174,3.454250257385003,0.8104931111774272,-0.319237079017307,0.3351240650145246,0.0,0,8.251727630679367,7.907422409390328,5.411570879265296,3.9177211456437764,-11.454007918496439,-7.095791439314496,0.8518690041679294,42.325688073394495
MCHP,0.6315701913026804,98.05000305175781,88.34918856437139,3.449177684848067,0.9733936389765743,0.9747541218251287,1.9581826712562347,0.6272288063454919,0,5.95990495473291,55.82824034758106,-9.742059674519137,4.53499063438681,-6.956742778185289,-1.662900186781589,1.1476727226176973,42.31880733944954
CDNA,0.582520456121746,21.540000915527344,20.992504794671053,2.1046691741842736,1.003218369567574,-0.6426698732251211,0.9981436557085938,0.8588735627632524,0,7.8687898752335395,-3.925063147782183,4.073232409236565,4.5539837829580545,-7.314969329863626,-0.8230416681740987,0.8546365633185874,42.2947247706422
INTC,0.6328603805932382,123.5199966430664,251.71773268472464,11.29531880809048,0.927918273686033,-0.3105587433843694,1.7001345211876704,3.853628777166201,0,3.0378910784557425,174.0625637401783,-12.695612644555752,7.854137344688093,-6.952921549426791,4.151194028478777,1.600877482558695,42.20642201834862
WULF,0.6154317829961862,25.18000030517578,102.13743800428723,11.022929408153983,0.8198389167624645,1.2154319448581328,2.9586931009768227,1.0127051535581557,0,1.2326037575197988,51.23123652591504,-4.013068586395327,7.700272902564722,-2.8736700242252318,-2.9311540757339922,1.0051162013794057,42.10435779816514
ATEX,0.6191132432969327,63.72999954223633,202.01428951512116,16.728025065224937,1.222572681929992,0.5561994986586655,0.3295137077950026,3.969871014325755,0,0.0,85.04646365450733,-2.478292747950102,5.544259890449925,-1.6815800026270435,-6.266881864057379,1.4462050203488404,42.0894495412844
AIR,0.6332910098301826,112.73999786376953,30.07044463930473,2.3717830230973425,0.7693383287341085,-0.8039619790877883,1.0910088524296142,1.5521561566553175,0,24.32073279939005,23.428949401837496,0.5807617126733855,4.343749135665415,-11.37489295238553,0.5691314004580333,0.9750115714749892,42.07454128440367
NGS,0.5835276400082099,42.81999969482422,25.61509443548653,3.5635979747109685,1.000113357350833,0.7728816752692561,2.755722357678705,1.039233297490226,0,1.7289750114177593,24.446432629182148,-2.48680849650016,3.9087745643892404,-2.6818188753385526,-9.74992933520325,1.053219837459665,42.065366972477065
VECO,0.6130475157749171,62.47999954223633,121.07372490915932,11.251580097598577,0.7009670480561292,-0.09679524531575899,0.20806829235853835,2.3927639929802216,0,0.0,0.7579442564382974,-2.3924378498769303,6.891348435572457,-4.508636327579246,0.9693090048602448,1.2730702003534369,42.02637614678899
PLAB,0.6320020554964426,54.439998626708984,152.7591728018981,7.479538991410897,0.9826667260330514,-0.10630694509854614,0.6059931249848833,3.5543743976255997,0,0.6195092469146583,45.75636104502541,3.735412308574622,5.48702392773625,-2.785716737969926,-8.315949266437682,1.2006085449038113,42.02064220183486
CPIX,0.6588973376412617,5.769999980926514,186.41161918525657,18.95680731392447,0.12761606874349293,-0.05877009343260946,11.091860404288385,0.6932402422585793,0,0.15948231042738828,47.948713829542,-8.114562001516836,7.254270458093883,-12.708020204141798,6.907896076087069,1.323268113113487,41.9105504587156
VIK,0.5794879407547514,87.7300033569336,26.96778602935508,5.9361975189020155,1.3477523498465862,0.24562675425799846,0.8548956700024747,0.18238191722912495,0,0.0,5.546198818533686,2.21479945838187,4.394896208446615,-4.641300698934775,0.4830237595490761,1.127476941549811,41.899082568807344
AP,0.6562042402804013,10.829999923706055,326.35817867602776,1.0732614302539503,0.6812199046753176,-0.1970653551327698,3.1394289469223504,1.4773850618541762,0,5.90786543195405,63.34841230973074,1.2287345497739195,9.497428853266317,-11.951221496863011,16.747568880684796,1.3096499247372708,41.86353211009174
MGTX,0.6187716140105916,9.600000381469727,13.523304124282776,0.544621653051597,1.227069903234103,-0.005479281733796944,0.7291634587019715,1.197914234755258,0,17.931195551231593,1.2658316984731834,-6.243151014425717,4.728420671400884,-18.987341159317875,2.5710427689778212,0.7710685412909101,41.86238532110092
STX,0.6294370153260944,845.760009765625,237.52240942354206,11.119360480830426,0.7396060795833481,-0.2513177755825212,1.9970221402520618,1.8781935279735245,1,0.0,186.63049482465536,-23.945221391458162,5.654508206743435,-1.957922004336593,-7.17209095251497,1.4314255312701603,41.834862385321095
DELL,0.5970234276345591,305.0799865722656,146.12551215221254,27.722813034747425,1.0102251830240723,0.4514324548532276,1.1669463044411403,0.4195617004163859,1,0.0,106.66123252523505,2.004908925573299,5.985785723853003,-1.1534857451656741,-3.990240985210911,1.4106806563206054,41.83256880733945
HUT,0.6127789413401582,112.54000091552734,217.67047392097413,18.312465303150756,0.8893679967922874,-0.1270480089468274,3.4743166881746763,1.403946879498072,1,0.0,180.22908700528066,-3.130369535345551,9.951890788304679,-3.3576609146835095,1.7798025988520094,1.4122388294726653,41.829128440366965
TFIN,0.5542200387804739,69.41000366210938,21.491298484287036,5.412634871525601,0.6933261735240145,-0.7300299792604933,0.014399231102835204,0.8644265126872281,0,4.3029186692098556,3.1045810706009207,3.976609883019163,3.1800678337256563,-10.829898602615213,-1.3525698641428048,1.0569489599777622,41.771788990825684
NN,0.6401463976341817,23.020000457763672,86.7800010630247,13.093997698131757,1.035512012979308,1.7940593748818459,1.5204186554934758,0.41268163102197564,0,3.010076808031592,31.018786894087025,-6.5255766922424865,5.96996440854853,-4.828837774072415,-5.464161457744968,0.9915934472564093,41.77064220183487
NEXA,0.6595716815411009,14.399999618530273,106.19719111420925,-1.9407580888006177,0.5501035024024873,-0.1202071019153688,3.540972962159329,1.3194415653012257,0,36.36903995666444,-1.706484685956707,-6.818180026438229,8.616516742689713,-14.742450331270074,16.073061729479797,1.1339605649975797,41.74655963302752
BELFA,0.6591357213583635,254.55999755859375,107.71311073434784,3.016101360949554,1.2212519482994326,1.4550228296598835,2.5049086354722156,2.1429140019447264,0,4.672449051547845,8.558996799515699,-12.005045452308236,5.138040098473104,-7.838237053755195,-5.111430261046122,1.0158987683382423,41.73967889908258
PAAS,0.65304045362303,55.349998474121094,36.94070909616505,-0.662515986087392,0.631330647786409,-1.256206333136816,1.0117390677896037,1.4814809709394936,0,51.80792801389388,19.012239919943877,7.459708420483918,5.80943969924388,-20.45007243363975,16.856734458090006,1.0591974688790446,41.6158256880734
LQDA,0.5942823319776854,60.095001220703125,94.73404894238458,19.73560558032158,1.0101263957498408,-0.46482885121499495,1.5530410172842937,1.5558721262715323,0,2.0615243125849094,67.5822649112837,-3.0530245981771866,6.443760482448539,-3.5393227019661606,0.681942174123682,1.3778646147065514,41.4782110091743
CPSH,0.6039526028257545,11.119999885559082,244.18793052118045,126.66122739913894,6.651395037057868,10.928349217014222,2.5179832358598446,4.160074063757918,1,0.0,85.33333141176249,4.999995414065619,9.063462468768055,-2.4561380904916956,1.058200056751291,2.243911647341208,41.452981651376156
SYRE,0.5933497041327256,73.6500015258789,198.1222470136274,1.2604302238533844,0.7162699071926432,-0.6397570906345902,1.2695146493004734,2.0909720076045257,0,8.464111943870881,16.40588113300302,3.852578878493356,5.758898618230922,-6.535534678127995,-3.4093773655719652,1.1165661373330633,41.21444954128441
BE,0.618119307150658,302.3999938964844,208.15545801520477,7.498784433099499,0.9650011051717676,-0.7462748795890985,0.6779060298737009,0.6283048726279028,0,2.345718394662742,148.19435569940183,-22.993021841011394,8.85513544114632,-6.328406134956334,2.8412397551575865,1.377814810349808,41.13302752293578
GEV,0.6617371578054889,1070.469970703125,76.40487492661569,0.8861822883243966,0.7739902890581386,-0.895557155660954,2.2915082064775176,0.07286792887444743,0,10.31496479960931,48.25808429122455,4.131297153595928,4.420366007803532,-9.431869797712327,-5.784283506310047,1.029826993105504,41.12500000000001
IMUX,0.6650810046598971,12.970000267028809,72.83481667278755,12.262785713629066,0.8693823732566539,-0.0713127353002238,3.4695435618023165,2.3130314921763495,0,4.419733531444271,42.05914681308243,-6.412829384912112,8.153430994805401,-14.105960665495953,5.982904449716173,1.0455254030064216,41.07454128440367
FANG,0.5645579035802001,195.1300048828125,19.27533386517655,-2.7592353267976923,0.5463930087280153,-0.7811101590285473,1.4246905702442776,0.2254919440340523,0,16.701419909171033,11.075190233411274,-8.792385102823106,3.3057617947163895,-8.534228012229525,-5.5765715931942985,0.9883961359351221,41.021788990825684
ATRO,0.5909303123377906,84.44000244140625,63.48138961476746,9.405168533398458,1.0037923185833004,-0.9485453538943971,0.49727495816074324,0.4500204197378516,0,0.9593028884944328,54.11571642616092,1.784505002887769,5.868063676555399,-2.121240608377863,0.28155843002302133,1.4135070187338357,40.94724770642202
CGNT,0.636918750702908,10.399999618530273,14.643183511380208,2.970294224759361,0.6724567291148629,0.10774712601760895,0.7692300637763674,2.4990394479490563,0,8.317321693833032,8.672935737586466,-7.097458750053949,5.096770436828703,-10.76791199559559,5.35714082913614,0.9793374531889105,40.92660550458716
TWLO,0.581523164960179,189.64999389648438,43.847991730155236,2.1273590797507627,0.9778193983008827,-0.22311324615876846,0.07909789617737885,4.028473311619642,0,12.453811003103144,3.4416917664436837,-33.017745311642095,4.414523963121257,-6.90197454907682,0.3132525218034578,1.1778085153564282,40.805045871559635
CGNX,0.5950472496141621,68.33000183105469,80.88427087711436,10.402503515878896,0.9088311435860771,-0.36424263333647033,0.5853966268902676,2.546462486633903,0,0.0,16.79430560327451,-2.196407440685595,4.934635232363141,-4.837578665199364,-2.626099074223754,1.1763368971482246,40.800458715596335
NKTX,0.6644145380336234,3.059999942779541,61.195981525972655,3.430790562773753,0.6292944416584797,-0.7726590650225017,3.5947756710916234,0.9803912399003581,0,14.254848352677099,-11.815564332336391,-6.71378311927672,7.028478554404238,-16.164387315361253,5.309729469573451,1.0503107082702492,40.77981651376147
GHRS,0.6455675840582149,23.149999618530273,49.792713575605305,7.782198148476294,1.4293783470625203,-0.0017162166480004593,0.3023744966508085,2.1598272493196062,0,0.0,49.74126494767853,-10.691509538193314,6.655968879037713,-6.123277527023452,6.5551809677176704,1.2525724159176428,40.76146788990826
HYLN,0.6492745815049582,6.599999904632568,302.0388756723012,100.45557931756206,3.789711204828463,5.331860356672172,9.545456415889698,3.1818188052965657,1,0.0,10.183642015376874,-14.673905253942433,9.664502634427286,-8.713694504727187,11.940299032639592,3.2756336179822703,40.723623853211
UTI,0.6028902399985544,39.970001220703125,54.692492483459574,6.02122232414866,3.3650358083896768,9.87783820931456,3.4275679009508666,3.490109082881247,0,5.172851245777726,-0.2246633786828807,-2.4599209013730117,6.534364273678063,-3.7563149636639563,1.8333329094271558,1.251760941295324,40.647935779816514
ICHR,0.6436719957303786,72.7300033569336,394.70336253657086,4.4532336704405555,1.236982551455732,0.9282038995197163,0.6462169250777651,6.157014463664812,0,4.921533834558541,60.658278376169164,1.3582329942191222,6.58619879442954,-6.756405952562618,-13.03403689590114,1.0245523429007772,40.590596330275226
AMD,0.602670375390949,503.8900146484375,128.90042629418022,21.60711200625127,0.885608184339828,-0.018101737424619655,0.6092553369561106,0.8882856448603415,1,0.0,151.70588366140032,-2.064968341529508,6.4546411015665,-0.605565894425537,-4.1056944342646275,1.58697178319386,40.584862385321095
TLYS,0.6724975254116907,4.480000019073486,237.07328637838404,7.731152800323407,0.27786307304026253,-0.15789019494442808,1.3392844310424095,0.44642814368080314,0,6.4275595345549785,86.66666000781751,-23.369561936447386,6.39349637606042,-19.13357310265495,-37.174720385007696,0.8472624493840278,40.512614678899084
HP,0.5990199467652636,40.25,40.70361486482834,1.5937661094400823,0.7648821919106493,-0.9918737670441246,1.7888229085347498,1.3913077596946648,0,4.021934333622953,18.20681119159197,-5.147440330857645,4.538599115951448,-3.7541838982389697,-2.32818588608941,1.1299737213294725,40.35206422018349
FRO,0.6305415432198952,36.56999969482422,35.297997056436856,-2.5098967275148714,1.1395784258564459,0.4946026641668933,1.0664462479964691,1.914139373152315,0,18.037586174331853,-4.7701704908257465,-2.9730470822252855,4.068517948002513,-7.976854176331055,-6.5937635638867595,0.9647011011303497,40.30275229357798
RAPP,0.6157451144521803,39.709999084472656,32.2130855018532,9.081415691688392,0.9009745456926286,0.30994227238467476,1.7376037705794805,1.4228119862024404,0,2.367422893791152,28.71960646080755,-0.36722386387261313,6.399969638319153,-6.054086592011595,2.729885864544044,1.0691944277850502,40.271788990825684
BAP,0.5920600720428678,351.75,26.63096207898672,8.6952932064843,1.3010169929809685,-0.7831817462008351,0.09950422274758491,0.3383091517847525,1,15.636262503236695,11.65562217197774,-0.012505426205009475,4.138286132850568,-7.054484154056856,1.2404766362835324,1.2361854062483664,40.22591743119266
RLAY,0.6446301749826783,14.170000076293945,106.41768475840234,9.80665671245225,2.3431013346983165,-0.23007160271133903,0.9174319952843936,4.558926640250468,0,12.745023319727533,17.398512298192106,12.441469433331445,7.122190033110257,-18.18706509151802,4.34362764608458,1.1713849657529876,40.17087155963303
ACRS,0.634553984498783,4.510000228881836,71.45430635984562,-2.465393496490811,0.5506265968025593,-0.33046271687882656,2.1064253957729715,0.7760603650830546,0,9.257827442967791,1.8058781856692883,-2.7210967465100544,5.273993909897145,-12.427181640967767,-4.237290874052455,0.9027102126657185,40.10779816513762
CXDO,0.6026179610593084,9.75,51.55579821082013,9.412259841470732,1.675840787375695,4.618233793258813,2.3589696637203943,1.4359009570091783,0,3.6966005687673866,0.10267175683579283,-21.216622455854747,6.839559366414835,-2.8884458458764692,2.3474193815039195,1.38978533836608,40.08715596330275
TXG,0.6111867156377258,24.6200008392334,33.89211409499657,11.307023678171094,1.1466493756145382,-0.6717961525133043,1.4622205146907576,4.021119972913773,0,4.356954058656236,47.51348143170329,2.827652821683154,6.0223972126547665,-6.9011112746542995,2.128799927450095,1.0705001085560932,40.06880733944954
OPTX,0.6134058634976107,11.420000076293945,790.6665933311584,41.301659061047175,1.940109084870747,-0.03445135081053392,2.8020988849243955,1.5761764473132738,0,2.457080620799001,358.6345393160161,14.042550513317789,10.142606042821145,-6.393440533621124,0.15037937950254424,1.131875217528382,40.066513761467895
MX,0.6362197726863483,6.380000114440918,165.37465019233892,46.09571904249694,2.2382470049408463,3.7016662684597836,7.3667677380468035,0.7837020349553364,1,0.0,21.52381169953676,31.669867235501677,9.729064195882907,-6.8613109002407775,5.673753586631595,1.6992399435945054,40.05963302752294
AYA,0.6708899039787395,18.729999542236328,84.21064803693643,1.5258664945908864,1.7178822345734965,0.37406983053741555,0.3203490376628599,0.0,0,18.77473799507107,-0.6892951426363614,-3.848363481491088,7.4898953872130205,-14.863638443704708,21.079044823824642,1.2184802256572527,39.87614678899083
DIOD,0.6469846536985228,108.23999786376953,139.84144466217393,3.8109058659270953,1.1134711792798642,1.4396847548520837,0.6282338493995028,0.6282338493995028,0,8.379536673022086,38.769228029976716,-7.326222608909437,5.703594814537025,-8.11545410886513,-1.3619269212964895,1.157676306374568,39.74541284403669
MRVL,0.6059180052754009,208.25999450683594,156.2450713477891,19.874286520496014,1.0698376585577836,1.780619237783002,2.9794497237544197,3.9469900304803103,1,0.0,132.62727171476445,-3.4447864970162128,6.566653152911142,-4.226260092131161,-0.056914617820864315,1.5874437036709397,39.69724770642202
ETN,0.5803841921377033,403.1300048828125,7.875238155646591,-0.12877116736090166,0.9566393599316427,-0.3391627556042262,1.6173415361506083,0.513483813941201,0,14.553472857621314,28.397369060684003,-1.360466046058712,3.802025027082635,-7.162102906274787,-0.39391567838190894,0.9582825034340133,39.694954128440365
GFS,0.6109626340797449,89.95999908447266,163.34961476478063,24.93229702994104,1.775082771407421,1.318914791223851,2.8568249454765047,5.3245897779259375,1,0.0,145.59103592634855,-12.261808969107946,6.153210582207302,-2.77747728163968,-2.91447970111182,1.4427449545197986,39.607798165137616
TGB,0.6589707087435881,7.059999942779541,48.50341196498995,-0.5003174674323048,0.8640825423755957,-1.0212951182666945,0.4249321536437453,0.2832858510733467,0,53.8359706277795,-7.34908072331241,8.299864831189998,6.80898429139957,-23.6756762917157,13.181816636339756,1.0854701311446158,39.48509174311926
SLS,0.6369073677454217,8.119999885559082,440.4817352585885,31.79678408771863,1.8946125298163483,0.1291974346200254,2.955662247180966,5.665025179475729,0,1.8989892624321874,24.349151981940075,-2.868849655200191,10.283252685157827,-10.769235766171185,11.359397943453471,2.0320624171323285,39.48279816513761
SPHR,0.6242932391819439,134.13999938964844,63.50518904945937,-1.0365557957118183,0.6674828249477193,-0.6379215060959863,0.2311000149112581,0.26785351698736926,0,11.176067763753977,24.86270037079874,-1.8054413226881925,5.159853195946704,-9.973154771981095,-1.6367108863440671,1.0130876021453776,39.46559633027523
IMOS,0.6412722488939322,55.22999954223633,74.24171962097803,7.381375650668964,1.077609742169132,0.7408280945307459,0.39833645215024666,0.0,0,8.962167122897513,3.0410468553871577,-11.049598809735514,5.634877532390023,-9.858006969646466,-1.3252054228811476,1.0235060321363112,39.42545871559633
HSHP,0.6283209521281996,14.90999984741211,69.53987182892295,-0.3182054340302556,1.478109364616188,0.9463536812926535,0.0,0.2548632273498674,0,11.180898574968042,52.318649746194154,-4.114621325958571,4.91406564621373,-9.804981404042785,0.4029106758142017,1.2045907300875334,39.415137614678905
AU,0.6347604601545122,97.48999786376953,10.869065249339794,1.377837788244627,0.779596870019765,-0.05130739002709176,0.13335202139693608,0.46159050927555634,0,48.13811828970907,21.877735300837692,7.6758634406769275,5.592515798910921,-23.23994863736831,15.702393952536292,0.9319398961662867,39.41284403669725
SILC,0.6627762112829035,47.529998779296875,230.2416795330534,11.583245376516064,1.5804158809525701,1.2249089678061713,3.0927861528001985,6.9429899777859845,0,5.550391112118806,145.3794358210475,-43.391000599544405,9.076975550256135,-9.604417793456879,4.776902277213714,1.5753427399592657,39.282110091743114
SVM,0.6371924949956868,12.489999771118164,84.4776341509743,-4.0890775828480175,0.9431515455354423,-0.9509078451706997,0.08006588522251039,2.0416342601555773,0,19.729983505779764,-2.1926442959001746,2.6399993894372376,7.915475155501929,-20.79898916440901,15.462963394870865,1.1953890472431523,39.2052752293578
ATKR,0.5735423805859015,85.41000366210938,33.8842692818166,12.509922127221735,1.7005200968729521,3.3043730670744718,4.870628127494368,0.21074850422179253,1,0.0,24.1174193184376,4.584899547822451,4.13165096842559,-5.268411498460875,0.017816946236533914,1.4437667214891194,39.153669724770644
ACLS,0.619699569759283,164.27000427246094,105.94446282197632,8.092638862041298,0.6315557823689477,-0.5912774289602292,0.42004165304433805,2.1367227220575433,0,2.9204632650533946,100.30484086390055,-3.2081974304482146,6.794563869599825,-4.277137877595872,-1.490561158028576,1.1793086085980564,39.13876146788991
AAOI,0.669145435488321,177.6199951171875,795.6565079974783,1.135364736843803,0.804712504270414,0.2660967337170646,4.667263548012537,0.5686265818011604,0,10.458419100695256,73.27089202515774,-18.65825022349942,14.367348576266851,-23.986820512145226,9.575453854711682,1.2667153831000955,39.080275229357795
FNKO,0.6672459715162405,5.269999980926514,70.53645968525018,9.04200213444442,0.6830052593544378,-0.6623632242218447,2.277037684452033,1.6129039551893858,0,2.5691022354456945,0.5725231128440036,0.6960494979701538,7.9750607831656755,-13.464698702483254,18.40194207357058,1.197188258956403,39.07568807339449
ECPG,0.6186593007271765,81.55000305175781,55.21008355065264,-0.6420763352927377,0.7523223639849551,-0.881541051493262,0.2575095973163849,0.30656038092146415,0,20.616469627066515,-0.8148846497079072,1.3167266549882404,4.560741218137539,-11.971066937431464,-1.9637199468632978,1.0238058752960684,39.06995412844037
APGE,0.6354172122170723,82.80999755859375,14.99434890412581,0.46160338144623675,0.6453468383798174,-0.9199020043375626,2.234037142899658,1.3947576540691076,0,17.293299491027177,18.266211837374012,3.376891555093932,4.875619820048049,-13.11966066450935,8.150209298898101,1.0849480861601228,39.00917431192661
TIGO,0.5661791044266212,83.01000213623047,50.19132492845708,0.6499041725712886,1.1989753016182028,1.5149841825945376,0.6625744339200937,5.240330516953564,0,11.898406615358734,13.56368688125833,-0.8692517261595532,4.878672515059313,-4.641011802238361,0.290902660723706,1.4862312749295228,38.99885321100918
STGW,0.6046665444205762,6.610000133514404,12.418155636254546,3.9962262338759285,1.0066752419467502,0.33014526487878176,3.706503488249636,0.580940581025826,0,12.554572137690762,7.305199629482029,7.058823610871478,4.066782449363105,-12.101061829776505,1.618121478868556,1.0311621561593336,38.978211009174316
DDOG,0.5763448931276105,223.64999389648438,24.475288230558977,21.486845633030278,0.9118107261879056,-0.624792145667929,1.0060362447545357,1.862281868892848,0,0.0,18.502622243033752,-10.575907124898109,5.517006345095017,-0.9960159631615891,-0.44973113000398274,1.1822680850785718,38.91743119266055
BWA,0.6039343115562509,68.26000213623047,52.123838112955355,11.662757361803463,1.163573712158023,0.005961221975476283,0.19776516643603884,0.7324933846248581,0,0.0,52.03678800837784,-1.5706787171975465,4.38292511475347,-2.915652813990975,-3.3030026177856895,1.5027717590081553,38.88990825688074
WTI,0.6701374712744177,4.070000171661377,100.86486920682727,-4.603350124017095,0.672666117169373,-0.16163250123650513,0.07370472813258626,0.4914000019178295,0,14.086999477592203,32.45138540566542,-15.87302168858263,8.444220216244926,-19.702651964766364,7.704214253545591,1.1873868272119985,38.883027522935784
COHU,0.6238129233199863,49.93000030517578,117.85339962854573,5.839958679366361,1.2380801073373708,2.754318074225318,0.14019566271775205,1.7424372652710691,0,1.1781150912593832,6.392499425586437,-1.0824854186075994,5.67508659224127,-4.768262417319732,-8.330276908918785,1.1695287018448692,38.88073394495413
ROIV,0.5897994411242344,29.665000915527344,30.666659935600848,2.2886980132393613,1.5076518718594152,-0.06773418447194461,0.0,1.1967012931632104,0,6.937727465157459,14.891561835784856,-1.831239575863192,4.118128654025385,-9.53861623461808,1.2829604769844911,1.3308555257360013,38.596330275229356
NBR,0.6470011500804823,102.26000213623047,105.46788969033136,-0.4201885793209519,0.6532718062987846,-0.9799131215088525,2.7674572383216782,0.8703299149691779,0,8.289111197843557,42.20553042426137,-14.343994017454229,4.943281492880054,-9.424268596768174,-4.413115347149079,1.1182286387935005,38.56077981651376
AIP,0.5881203304532933,37.90999984741211,184.47572326645084,17.101949976887667,1.4768429495085518,1.3800119279147653,0.31653635548561443,4.115012871350243,0,0.0,6.6385391306138155,-8.458646494918188,7.2551536686766145,-1.4556832739976284,-3.485989233476268,1.68314341399463,38.34518348623853
ENPH,0.5941997695022962,66.9000015258789,140.44294595195933,53.88508466512816,1.5995805340017486,0.8945009943122891,2.9895365535925214,4.286995463468384,1,0.0,29.47552524937454,7.661749813458879,7.626307898211987,-2.902757555411331,-0.09076677060003242,2.0447409249480266,38.34403669724772
PL,0.6434806280567416,48.31999969482422,314.5934351930566,20.56640080016635,0.731164703566652,0.5116334337771431,5.815400229677266,3.797597466937144,1,0.0,42.83179745512143,-8.716502358248492,8.571724846552154,-5.495797603236078,-36.466319408243464,1.0378204288963369,38.1204128440367
CRDO,0.6267231103148361,221.63999938964844,48.824170191063196,18.355233372798015,1.1511607370466628,0.8349108349253178,2.5672272410438954,4.53889080772945,1,0.0,127.7903313841329,0.24376866559767996,8.484607843523905,-5.160461153627267,12.142068671058457,1.4821118980781678,38.09518348623853
PPIH,0.6381571866877498,32.77000045776367,26.67184759473549,1.0546453323190015,1.0953695738660039,-0.011823366706499954,0.5492838042595872,0.2746419021297936,0,14.606450228449313,0.5523175953589701,0.7072556549560152,4.974060258513045,-10.757082329847066,-1.8498702920876136,0.8540262644331422,38.0848623853211
ENTG,0.6784558511186586,142.1199951171875,91.20177339032061,0.8554808837582294,1.1296236602951717,-0.1079933129242509,0.8021386355244454,1.5536866317776832,0,15.474749614647058,6.578437709819703,11.112192358465968,5.092276304524972,-10.638844620859881,-5.892134971155831,1.05179411495986,38.03784403669725
GRDN,0.6176249097043168,38.59000015258789,23.93387553118629,4.760224713308822,0.7783816983088676,-0.2106520722902487,0.7514923927782909,1.166107181001435,0,5.6118390613354725,12.212855008312522,3.4010042317803655,4.36234489226753,-6.6972930774169885,-9.297326680016285,0.9581432346254691,37.74426605504587
SNDA,0.6034073257935745,37.52000045776367,1.5307524647099502,0.20163305249306895,1.0681021522650325,0.9282288050549218,0.6796403651313734,1.3859287084369256,0,12.651205682956174,11.633441762246004,-2.774720547160935,5.222928921445632,-5.395863332899428,9.381234778198333,1.085918942391046,37.74082568807339
CVGI,0.6697606089146173,5.190000057220459,219.15609773679722,7.275735494744956,0.5562421919435024,-0.018442152800439943,2.502889733728351,0.19267344763973737,0,6.87129840042171,155.66503097587,0.9302316295220698,8.574045860078968,-10.362692719896287,-23.793096409416687,0.8962299618474733,37.73050458715596
CRI,0.611044608562356,38.400001525878906,16.97547266657764,8.641840520855757,0.6801201083940287,-0.9164224967640145,0.06509820361372366,0.3135402872663431,0,11.21939371002215,15.288089948331915,13.28105053835785,5.400932046308266,-12.963195704626045,1.2691048454984053,0.9236741572696362,37.670871559633035
INVX,0.5608596676011619,29.950000762939453,21.200380975944455,5.662377434481646,1.36832938176558,-0.23356466353806743,3.572619924980186,0.5008398065201782,0,5.645784211816207,12.424930364123584,2.245986373902524,4.161698144150282,-7.131780579811564,0.7851261490071436,1.2535414947858072,37.587155963302756
TOYO,0.5761408905233901,15.300000190734863,123.19324744005951,21.212122813091145,1.776252878943471,3.3057157894153097,0.32679862815866917,7.969282711115511,0,0.0,3.37837833461129,-3.102840334434182,8.434781290826399,-0.5847963000279656,-4.385963706167325,1.4745510756092177,37.47591743119266
GFF,0.596387882493798,86.38999938964844,12.061951473240295,-0.5594189681545703,0.8575668888359197,-1.1343030905334364,0.6713761258776808,0.14469267378364054,0,29.113513328893216,-8.67557480863874,5.925372646623912,4.5160665413709795,-11.239928336655122,3.628917969305999,1.0923774872203835,37.43463302752294
PUMP,0.6349468373543717,16.8700008392334,68.28684733704495,-0.11249590389898144,1.600286902354247,-0.05037579383116573,2.6081719312048177,0.2371127061946864,0,15.143927378919136,1.5653234154858926,2.091799663759498,5.364977013857778,-8.810806273937803,-1.67247222802414,1.1062526265266373,37.419724770642205
ELVN,0.6425671116516367,42.529998779296875,84.27034944995873,2.2859783818472312,0.5761227884970727,-0.44254372444754797,0.1528390389617506,3.0566641766818137,0,15.092572000660203,82.92472592889301,7.327395999213541,5.592355833884569,-12.363486813925068,-4.537271184971135,0.9931505409779787,37.36009174311927
CVE,0.6039327072662687,28.920000076293945,45.453952496928494,-2.616425106710047,0.8554644167530486,-0.3001027396623272,0.3976478935366747,0.2939176749450501,0,9.018081810159698,16.191244617545642,-11.949211252511597,3.7159172492218846,-9.822262701612779,-8.017235524810795,1.1430966633899886,37.3440366972477
BFLY,0.6512325282063618,4.539999961853027,80.00703322591181,2.114260431879817,0.8694656341361057,-0.4502281331993918,2.8634386675021752,1.4317193337510876,0,29.960907644139784,-2.783728314545279,11.496352411189767,6.186278733077569,-20.629368381371798,-4.473686273221797,0.894193294986916,37.336009174311926
IPGP,0.6424291912029055,119.81999969482422,49.67757446534622,8.48249401363119,1.1459470789681823,-0.3078043053872691,0.08345724785090175,2.2241703574467793,0,37.698506479025134,31.902250687923694,-4.851293178101219,5.163400202313489,-23.10358486523322,-3.974766816917426,0.881988788303342,37.3302752293578
LAR,0.6658450489429941,9.710000038146973,71.04815088047036,-5.448171556837652,0.6396907827138851,-0.4080314825465947,3.4057664193722186,0.20597793700347836,0,12.205052998960646,55.360000601493965,-3.109322543716175,8.276226173383153,-19.419088094230112,14.644973584159587,1.218321174822733,37.23165137614679
APLD,0.6477161300102349,45.13999938964844,95.54806015450754,11.085816594792643,1.1453497637133623,-0.2940817583031538,0.9193640255416545,0.9082850087433724,0,3.0929326172958223,41.32748476664047,-5.821214748147714,9.921040425554004,-7.518954886929434,4.140476759455422,1.4180629492466725,36.826834862385326
BEAM,0.6555753619106748,29.790000915527344,28.929026318694785,0.1226777717029095,0.7875274327195381,-0.6380003588814501,1.5777082876615116,1.0741849109735493,0,30.42857844949347,-11.57612902950377,-3.1373186333767453,6.424736242952286,-18.249171135053174,2.1065210247962582,0.9611882827219039,36.74655963302752
BCAX,0.6371280360792434,21.979999542236328,20.16409302647233,1.4773753624700299,0.7901379972803875,-0.01405888660644867,2.365789210963319,2.81300954095421,0,12.779658432448917,24.886358327180766,-1.0900953402246094,5.655562160215553,-9.360826629567272,4.0646204528267145,1.128768083084493,36.737385321100916
DOCN,0.6307985494837999,160.72000122070312,256.5267304466908,12.650390325408134,0.6516831596094561,-0.6040127515056435,2.427886746959577,4.710059274935173,0,3.103984560875712,79.81652065195033,-9.964629524353994,7.3605428148971805,-3.174892522457458,-20.428391131195063,1.2723767812562716,36.720183486238525
AAON,0.6094291409488575,141.1199951171875,42.962491205731325,17.281380931038726,0.917154727096281,-0.03232879897901934,0.9353793720820701,0.0,0,1.1444977485491332,9.183748639919276,-0.2837212330416068,8.303976130028417,-5.2885938810467215,4.516371457244759,1.3002216471868295,36.64908256880734
IMVT,0.6215463439751661,33.83000183105469,32.759675392112996,16.12959069004646,3.0202540978460926,0.10988908684091847,1.4336405086801194,0.8572299728714806,0,12.706193924981083,-4.865015397572718,2.690427795799437,6.580802261994058,-6.765875779560894,5.858256100189218,1.3548091330832859,36.55848623853211
ARM,0.6177629482889535,321.2200012207031,126.69268847068412,39.714933199842726,1.4786707144018474,0.6503812833760765,1.1767347027539679,5.393503561776555,1,0.0,104.50753564721384,5.845844955751555,6.824982557380204,-1.1630487050319265,-14.341257972675777,1.6573960330366686,36.48509174311926
BELFB,0.6324248370650318,276.25,90.05700371252712,0.6479707340819879,1.123255015746942,-0.3002148493465154,1.8071266968260378,2.9791894973025643,0,7.704085984816174,2.7983435813674262,-14.237326574562278,5.472583733763939,-10.386995216763676,-3.2582820631263507,1.1035977946945426,36.46100917431193
ATNI,0.6590091428992949,27.479999542236328,30.520089334919255,1.2285175870841487,0.8874506566867262,0.4123683751001157,3.1295440949692512,1.2736549755724884,0,21.020438063145555,10.760010497887547,3.1515559377842104,4.569556145211463,-8.845788689671801,-6.85994396100193,0.9595424949567144,36.45871559633028
HCC,0.6065384138337828,93.08000183105469,11.935688862865046,7.202289820727324,0.9427607840549402,0.4097958271387528,0.9051340381546245,0.021483286068780295,1,15.548865378237348,7.981444462073132,3.8586130011274227,4.1115551742237475,-11.480654346622801,-4.017856061472916,0.8521278998780729,36.22935779816514
SDRL,0.6232310407197702,49.7400016784668,49.73141524833928,-1.551734421234786,0.7765039332947069,-1.34275034003175,1.4374751275552335,0.5528779987806671,0,9.33508489090624,23.731345110035416,-1.0026635751306991,4.18720311211271,-10.329907005652663,-1.6316944599724685,1.2306278889535789,36.096330275229356
IFRX,0.6217468130294506,2.740000009536743,122.57824940099734,16.3976213625805,0.6006868150796594,0.27606271085163286,7.2992717852047555,1.094889462569519,0,0.0,9.600000377629726,-32.29814255854257,11.96037612507185,-7.08714413420536,0.6342476192076596,1.1644552355761166,36.0802752293578
LASR,0.6453233945126087,81.56999969482422,168.9797287700649,10.707341321376811,0.6979563035398089,-0.1725391859256339,1.6366299981008807,3.1874445063338577,0,2.451516646236344,85.97810888929354,0.8994820747772266,9.373719156212665,-6.187461118093642,-5.047929295661636,1.064965731383631,35.9862385321101
VRT,0.6428899168165727,323.9100036621094,87.37983616800331,-4.506397629041743,0.8447111630992474,-0.05978338916988234,0.694637391421899,0.20067113986402757,0,9.185135358213024,26.58668027233596,-2.6486396237594354,6.280074071720164,-14.745941873306029,1.1353193187238426,1.2492805111248637,35.834862385321095
SNDK,0.6272734260297791,1589.550048828125,695.4778120990571,16.531613409582917,0.7113153662823131,-0.5619009435680333,3.2833153913394244,0.9842420213678861,0,0.0,175.84382626054085,-17.34816320783936,7.97896116690037,-3.178940740717875,-7.268526829646111,1.526398672263535,35.694954128440365
LOCO,0.5909770828433448,13.859999656677246,21.953919019300837,1.9417453764244765,1.143199357082009,-0.20650081309843113,0.7936552169439025,0.8658000614928761,0,26.125108928204373,8.962259163734284,5.72878871632414,4.170273786023532,-12.830188746339694,-11.242133029632937,0.9263730773416352,35.57339449541285
ASC,0.6304920234739543,18.43000030517578,32.00277142625858,-1.572804493641374,1.0317746485455246,-0.4749918831169711,1.6277766254839343,0.7053774604207239,0,15.108435438495556,-4.3591081089252,-9.246170418476833,4.158593589357146,-7.988019603297397,-7.404686581462601,1.0964082823420118,35.403669724770644
FLYW,0.6249513572795032,16.0,6.4547750903941825,2.109193217014973,1.044707852474629,1.6799966934345343,1.6249895094809577,0.3125011920733642,0,13.014532262543632,-8.623644826143021,-3.4181837599609217,5.258481417383466,-11.357336972834227,4.183430771963153,1.0147439667419094,35.200688073394495
ADTN,0.6563177677028235,16.489999771118164,107.15520593988101,4.499364077839915,0.6485044355782226,-0.15063047042751035,0.30322101334242146,4.002424842528251,0,17.627028103466664,7.777774937716305,-9.557947450720148,5.618124557914569,-11.771004280138031,-15.291755752288882,1.0863290100197371,35.08830275229358
COHR,0.6419219444276455,381.3500061035156,165.52820246236394,7.733141290859366,0.6383256733198877,-0.4556478885979363,1.1262574646397503,3.2070304944419687,0,2.4114891594294265,50.35681849992925,-2.6000733682249875,7.525895069765838,-7.66343677879122,-4.4776777977829845,1.1100027560340424,35.0756880733945
MXL,0.6429709417751465,96.12000274658203,620.8691084861802,11.264168588778762,1.07193158397894,1.4596681781743213,0.0,6.158973813063864,0,7.988767589357826,59.35013798455995,-51.24879078063146,12.514117877589223,-9.559650121673123,1.9538184464871398,2.248863637451672,35.065366972477065
LPG,0.5958967852639472,44.880001068115234,74.69455072787883,10.541443002661339,1.990055748809138,1.8766648220035074,1.5262953586745978,1.3814677625056795,0,5.3868959199841555,-5.951383235288466,-3.819816972472815,4.424984291519562,-6.7331627922280495,-12.521439154682405,1.5350148602605085,35.05045871559633
NVDA,0.5604830919328725,214.86000061035156,3.274193219623478,0.09410302127823922,1.0850561686035656,0.2071062740863715,0.7458313699958861,1.3310996007697407,0,9.817307001985096,16.215930694897846,8.36988358415728,3.921822370274245,-9.165466006192108,4.1886286001197925,1.2860848733024328,35.03669724770642
CALY,0.6320822810423291,15.520000457763672,43.824066645765505,1.1767030424203777,1.275728396914893,-0.14953693174176377,0.5521847866473919,3.2216493893056892,0,9.103467785796271,23.272440583257588,5.315615817561293,6.013301315954644,-13.777775233880835,1.7937202469916063,1.1605271079128983,35.02178899082569
LB,0.6030939923106629,73.91999816894531,8.458382819656386,6.37501511953686,1.1447595927831324,0.11775283464047083,3.0641226267905264,1.5692587411162566,0,11.49654176484001,-0.5383479220941959,5.845754420184102,5.145040995168905,-13.362337140555287,5.1343814951559645,1.0564919592576254,34.97362385321101
KOPN,0.6565157324103896,5.610000133514404,138.16352957273386,16.161096718766956,0.9401835791383368,0.6865683859383884,2.495541232241235,3.3868102079271196,0,0.0,40.25000332779761,-20.4851683025702,11.382733499847083,-13.023251169928377,4.807687896753185,1.670918328407077,34.89908256880734
VIAV,0.6653285966910849,53.790000915527344,222.19426262055322,5.052439980749241,1.1974464424839957,1.0784438398025444,1.3292436148076026,2.8072100684223003,0,3.4504061494681895,2.6526705136362043,-16.852190155667365,6.819509050202703,-10.98791884164503,-4.904909090201581,1.1138827532573377,34.888761467889914
ADEA,0.6334661553040236,28.25,126.93409861062423,-4.252246926576616,0.8989563164041456,0.7855467204766606,0.8495567118926319,1.6431892867055233,0,27.325921783771246,-11.109654725256297,-11.616335257615525,6.791353026976682,-17.58099605238433,-2.0668369954474715,1.0631576910124068,34.87958715596331
ARCO,0.5934003714513875,8.739999771118164,8.141363852405137,0.31563582341471846,1.8788898183116205,0.8800278042866935,0.0,1.0297500564588553,0,24.458725837408952,4.833236120408631,3.243847599914039,3.890160471997406,-10.35897670541791,0.3891061021564314,1.1007374691350107,34.815366972477065
ELMD,0.5917743783585402,38.29999923706055,36.90701014246813,23.143202834485276,1.3504991032659748,0.492701693966293,1.4099240894780984,1.3315883333657965,0,2.1303568967893067,51.62311516035846,1.692309746310362,6.395002518824308,-3.4047975708227582,0.9783051466923961,2.3583412704496918,34.80619266055046
CELC,0.6346380972928427,134.25999450683594,27.147155457112436,1.7259893879246275,0.7259515702509645,-0.45679392565367216,0.0,1.0501925078196097,0,12.336158765859,-7.39412438718462,-15.35645717325392,6.5061920906306705,-11.097873984479998,7.1616181208913225,1.2092165321017296,34.772935779816514
GPRK,0.5592376722355398,9.970000267028809,13.054048147719733,2.9692921304095408,0.581563956900547,-0.3070012829819976,0.20059682599496675,0.8926754848280141,0,3.301610915285639,13.940699365200867,-5.303027951421948,4.448524804509475,-4.922934787592393,-11.744587100386422,1.0006156623752245,34.38073394495413
SEI,0.638291942120409,75.37000274658203,67.96392355221259,1.203787501326118,0.8840183070917988,-1.1122938143362342,0.6235918847942503,2.998543258382689,0,4.270215394475714,19.275208710848243,-5.450950379691263,6.359102062276212,-7.225498857051395,-18.86538725596608,1.0374954926913214,34.31307339449541
DRTS,0.6228617938516332,10.369999885559082,183.1646305526884,12.527804622601172,1.6627430264472458,0.6737281021052288,3.324975884226099,2.6518767747211838,0,7.745181187355437,0.29013280972516964,4.804041022580331,9.356522929416894,-10.75731507920135,1.3946987943451972,1.5431226496035224,34.25229357798165
TSEM,0.6201710796839537,288.5299987792969,199.27206990461494,20.215322542946364,0.648585279435205,0.08587735693614289,0.0,5.046268193998282,1,0.0,73.72952528749818,-5.768944878694161,7.624610397378241,-3.957797123012928,-31.20840837442809,1.3486912667647557,34.191513761467895
POWL,0.6508290942343636,291.9700012207031,182.13725281308396,2.047029858851597,0.711801458387479,-0.7362861700582279,0.3493471964256223,2.4007572481647936,0,8.782279272912636,66.2493551001628,-3.61969640188622,6.53457351891074,-10.954117269725518,-2.643665701394937,1.2032247044364555,34.037844036697244
BAK,0.6379937590970152,4.730000019073486,46.303671857537765,9.732050644828963,0.45125641039246966,-0.48780420136059083,1.9027516322609308,4.334036423595402,0,22.50227550353461,-3.6659843970633696,-13.905318761515467,7.760494115050365,-12.326227323091869,11.41552481328341,1.3999431507268436,33.96903669724771
MEC,0.6169166533326617,26.649999618530273,63.899579892397654,9.214596172765722,3.4554603409658182,0.9149083113713316,0.15009724614791117,1.3508465872087234,0,2.678520475130645,11.273481292143002,-1.5589186652811797,7.2664166306898075,-5.311781186231572,0.17996812541333743,1.4351403771555278,33.77408256880734
SPIR,0.653176362551639,23.75,194.7748865364646,28.36450213918283,0.830500036249998,1.723745100360582,5.7684245860030074,0.9903114719977765,1,0.0,32.53348157678372,-6.337604662610512,9.286917492859345,-5.453824814524446,-12.419506858864114,1.1517550701361094,33.76146788990826
FATE,0.6375457525019039,2.1500000953674316,99.3173836036046,10.881902539232318,2.036815047558451,2.269768846840441,0.9302316293057368,2.790705977152951,0,15.126828182477498,-8.89829699042778,-37.40458248593672,11.86046555653278,-12.955462729014396,5.982900491500101,1.7054795118453132,33.74885321100917
AMKR,0.6428599913687713,73.45999908447266,128.61406115956362,2.8167530474056997,1.2171964138157787,2.244092090373351,3.866054999511688,3.5393494907214045,0,6.882634655715932,55.01425122352354,6.162395520751788,6.562366547352343,-7.282600060477172,-6.559664072242007,1.202863978827622,33.65022935779817
LPTH,0.6414471370490411,16.239999771118164,147.1005491836152,24.683300040882624,1.7785440764920835,1.7132083418581023,0.0,0.3694548447309316,0,2.360454248102851,16.082916630808047,11.865617401370237,9.477480509196992,-9.967847460621305,-0.19029023455673438,1.181420913327627,33.57798165137615
PDFS,0.6405076540902094,48.95000076293945,88.445821512088,5.879046537446751,0.93772734017254,0.4764490965920894,0.26557929741852776,2.1144021067606893,0,6.672130118896637,6.297506132165235,-7.40203522477597,7.331094331143973,-13.301449598261774,-3.116140539735003,1.0100834969690917,33.57798165137614
FSTR,0.6230414582533168,39.31999969482422,34.39370440973428,4.076229686812243,0.7661975258762015,-0.10885625750656215,0.5773173752329769,0.0,0,17.38,31.110370105371583,-15.058154946392182,4.537313834969076,-7.547611513122761,-3.193835706723825,1.1843861061602194,33.302752293577974
MLAB,0.6181939559339823,106.16999816894531,33.1439458700836,3.3073515519873737,1.4448673854106948,1.5628777682072077,0.11302168150688384,2.882167854703775,0,2.2090747200023544,44.98155578528055,-4.792428920356188,4.837929232880941,-7.258804363338976,-2.6167277314751596,1.160056847722053,33.28784403669725
INTT,0.628931806749571,18.229999542236328,130.00469690772093,2.7186899733769216,1.1033550957220057,1.0547707449556893,0.19199039105349278,1.9199143732265385,0,25.272696284513124,-3.544974020007927,-3.807392395852342,8.61021974791191,-8.85000228837586,-0.42948793694510673,1.2295455518812821,33.24426605504588
PNTG,0.6257789642754377,33.91999816894531,15.232072518059002,0.2808527889085783,0.7482704753586894,-0.9639927787363293,1.621471348560215,2.0636703596948225,0,14.94752327148208,8.857504284210869,-0.6798348849591245,5.71302156557215,-9.643054497071924,5.594406161986902,1.2609264385882661,33.21788990825688
QUIK,0.6127789413401582,22.75,298.7071909787562,21.79126876289382,1.1944459545099373,1.6436863949422913,4.4395530614892635,5.208788861056242,1,0.0,44.9044603562693,-16.62420183579078,9.695447745091125,-4.411761641493695,-3.55555216431848,1.6296632041211732,33.08371559633027
BKSY,0.6434806280567416,48.77000045776367,209.66761557741034,22.27807843062391,0.9454396488452075,0.7960455781181605,6.807462914894509,0.5536199615006452,1,0.0,51.27170570163029,-9.394769143329611,10.89238136723491,-6.373583576569719,-10.410499699896633,1.12537590164313,32.94266055045871
DXYZ,0.6439014912185698,60.209999084472656,164.23368482369577,26.077077209571208,2.2454299268396287,4.143555579004695,1.6442542903192452,8.653046277374408,0,11.511384566870445,96.89339186959273,-28.992292254638613,16.738202536922607,-17.37340906375835,3.9053244819782256,2.3735022286662106,32.84633027522935
PACS,0.6250673050487195,38.869998931884766,33.01668485291091,8.6497706870101,1.0067236456238673,-0.6029395629502319,0.5917148148973683,0.6174470930168996,0,26.196718499838063,-5.218238178938431,7.796994511568533,6.528354246405617,-9.77252256298042,4.01837405197236,1.4220684732995075,32.83830275229358
AGX,0.6528634865079609,670.6599731445312,74.53840286862278,-1.3889776227994364,0.6500560545652789,-0.4329386178591334,2.598931406929066,0.6799268990523524,0,6.501394192635719,41.649316233201375,-5.492933369012372,5.883649302411776,-10.399469185753475,-3.390724857879932,1.162694444732644,32.67316513761468
NYAX,0.5927135911365239,70.68000030517578,43.32749575870582,2.4321854276743804,0.6212377433070759,-0.028625831878365104,1.1743093201177657,0.0,0,6.81172249918464,6.702902452488926,-5.419607532230456,5.266291866776487,-5.759999593022158,-1.1224694237663349,1.8166631923299434,32.47477064220183
FTK,0.6260144337594012,19.780000686645508,31.16221663944847,9.03779203262364,0.9801840725682722,-0.48588498235549005,2.1233572380827836,1.0111261677780052,0,4.694220637928223,7.734204951039011,3.084986479627627,7.308970796449168,-11.06114707589479,9.162900515717286,1.3920234372139046,32.45412844036697
TGTX,0.6161815118281492,39.72999954223633,14.793559770579101,1.796098426453679,0.606988235301966,-0.6250660072970803,0.9297760600577443,0.7173416830824707,0,10.392889354545577,34.49559346833933,-0.9186002066663608,4.857862918808974,-11.019041019921984,-7.5464974226264125,0.8893053971699281,32.43692660550459
FORM,0.645227271075239,136.47999572753906,164.44872116859986,1.6822865897509112,0.8413817718542602,0.9034442533725167,2.5205176942183316,3.2239112208327105,0,13.99118502274467,0.40462229190700216,6.642116337810366,7.900163776119812,-14.212081922604455,-2.5578326274105296,1.123006768613133,32.40481651376147
ELA,0.6319619918136593,25.639999389648438,126.89069601504939,17.2409026344262,0.7732998020949202,0.023773487634965805,3.354136625546203,-0.44851705870206615,0,0.0,68.35193801456948,5.524236498450167,7.989747905210849,-4.896141467361911,-38.24268385822794,1.2217623987289254,32.31880733944954
GNK,0.6140959948522363,23.600000381469727,24.99846070379221,-3.6469098992317512,1.245671409630838,0.0525786454773203,0.8597454642926355,0.72033929465621,0,17.317219443548275,13.549279400094951,-0.968415536839764,3.8540992147206965,-12.146062249854948,-9.311747034810237,1.1360157711129022,32.090596330275226
NVMI,0.613269352791218,527.25,75.50237745137132,4.074551640232276,1.0106055641609433,0.8198848629824922,1.090564248456917,1.81128265394986,0,5.37643708901701,15.160318936122932,7.167637209679599,5.836347592746647,-6.681415929191714,-8.56275808836636,1.3297161118946175,31.936926605504585
OCS,0.606320671918141,29.93000030517578,40.081100673674854,2.0196005288643772,1.3498701277487308,-0.11685672138512727,1.069160345976307,1.804206490660433,0,12.651853431614304,4.467716243084871,-4.203537442215753,6.30399427986597,-13.183461551782848,2.2414458826639967,1.337559864175149,31.75
GILT,0.6396410029959955,17.81999969482422,50.39379955671943,1.8169340295294685,1.4356757836070042,2.6392584869978664,3.141976954941692,0.7744135277038631,0,28.89945613829972,9.661536582939098,-5.584336594317968,8.669993344310347,-14.859056688278688,1.2158100525921,1.1059644708090577,31.688073394495415
BNED,0.6417950343048607,9.75,43.63110253614402,-0.2557549622424971,1.0671221655149232,-0.1290822242875831,1.9487136447570628,0.7179455878670696,0,16.154119647088,16.348447096495043,5.014188724911439,4.706959148029704,-20.147420395248712,-4.122501659177374,1.1095510203002334,31.670871559633028
NVEC,0.649438493318187,96.76000213623047,57.292020190744175,11.32214850863648,1.7219280380176323,2.957111412911382,0.5994152427131779,3.782550591022137,0,0.0,2.6330905373386093,-3.9252083058379066,8.016470811824886,-11.069357588402887,1.6918965828718373,1.2748567876835084,31.642201834862384
SIDU,0.642332449461631,6.199999809265137,757.5568102136209,69.15625954375213,1.3131779290937586,0.654642019523787,7.096775333637353,5.967740272289772,1,0.0,170.74235418505347,7.761193963799888,10.528800998202588,-6.626507018095411,-11.057693624964427,1.2362665221419962,31.63532110091743
STRL,0.6149297092313355,783.530029296875,133.404999759294,6.742288810534307,1.0621040104621289,0.03794556868377423,0.6636569087894054,0.6949328194987048,0,12.772502058184031,-2.787837556215524,-4.756153417095866,7.029541641707886,-12.271447044285047,-0.8766176723525146,1.4372129016452915,31.447247706422022
VIST,0.6580393604917492,74.30999755859375,33.175547713232255,2.822743998727486,0.6848840228117227,-0.8441573070785688,1.2111446042736573,1.3053441697736856,0,8.915445049817887,32.69642421119069,-1.834352017231614,4.621471384746079,-8.754917324388325,-11.306765425161752,1.1376453338483055,31.379587155963307
BLDP,0.6333813675110262,5.940000057220459,105.95916172576455,38.671648992780106,2.213247274775805,2.3630903600065514,6.397308261218447,0.0,1,0.0,33.483153067068244,-1.230768056637528,8.958632496181375,-6.012659874357225,-0.8368192485475795,1.878787879273258,31.35665137614679
PRM,0.604458215585745,31.3700008392334,7.967353576208991,-0.5405720714721199,0.9772993014946684,0.036650191959476594,0.6694264547271648,2.1995492771043565,0,12.421543032498688,14.447285712227744,5.736923960869318,6.08679804084839,-10.08884669501744,9.094901906488099,1.198213443547158,31.287844036697244
RELL,0.6309002791158128,17.850000381469727,75.43209477787003,13.653953432485725,2.714177023805083,1.690673615492684,1.5126075741087162,2.2392165615159465,0,4.343588559066607,5.247649439789265,-2.1708745924735213,8.213792852840967,-10.120846762376038,1.5329110310477667,2.0198621475678733,31.170871559633024
RILY,0.6205700639502103,10.430000305175781,135.6426768498324,15.619113990060148,1.2845584830124828,0.18183888635057383,3.835087313405224,1.0546558688634866,0,0.6565202791617886,82.34266935179195,-10.953600549163301,7.649634905111172,-7.206401088651797,-3.3527698915966164,1.4016446478049782,31.123853211009173
TRT,0.6284762996526445,16.6200008392334,276.7613012277641,24.2616880728089,1.026152025459286,0.31746315885704113,4.813472903827557,1.3838777634346653,0,6.232968720015352,20.609587526049687,17.409766582087602,16.804192687844775,-22.263790964245718,1.3559308881250665,1.784203107288706,30.99885321100918
MIRM,0.6279019776189552,98.9000015258789,27.31910380804008,-2.8427561647617767,0.7328341304586751,-0.5256875067263832,1.1021196370703668,3.25580742325213,0,30.474935500873855,-9.39904891162791,-14.39229787555141,6.302037376715108,-13.992518163895241,2.371499491515868,1.2193451729151488,30.99770642201835
LXRX,0.6366289571602479,2.059999942779541,40.377969591293336,3.961641715599044,0.7535460047837873,0.2416823488204151,0.4611663573859564,0.9708728870069352,0,11.985726382235379,77.5862070068509,5.32544557858593,9.186894328749338,-18.577076432387468,7.692314198959606,1.271841642967372,30.980504587155966
FN,0.6348431533209792,680.77001953125,60.126995828427596,0.4639750370019292,0.8865421294470118,0.04370132636438659,0.14542212582381522,1.1413574787839071,0,15.906156391850649,51.778035222502716,-4.825044914437132,7.573147944073883,-9.096128107553298,-0.8224746574155543,1.1625247733813135,30.947247706422022
FCEL,0.6250862888005466,24.399999618530273,272.8523868590808,42.57749487522191,2.0289232573405194,1.6520332197659253,9.179912772817271,2.745901994841275,0,6.960928072441719,-7.5056846290806805,-21.910113160153845,13.85828588161424,-11.881227060847799,0.6033176645030451,2.5299980799134456,30.736238532110093
PLSE,0.6082645519400517,26.0,89.68862456742748,14.868895660487471,0.9273216131828679,-0.38804237877734266,1.9615393417777713,1.009999788685613,0,4.01218256411374,25.30120481805777,11.567324396887122,7.482307559841282,-7.07648168176957,-2.457119583307698,1.3474419858167745,30.511467889908257
LITE,0.6579383282379853,910.8099975585938,274.8207080179869,-2.727768777672185,0.7422670159388705,-0.1608833267674054,0.09112285294531985,0.855273549155109,0,10.579825289017082,28.945994059497398,-13.551554182068903,9.796538597156662,-16.10696038436586,-13.469875596112901,1.0754362195506633,30.49426605504587
PNRG,0.6601518185816769,249.49000549316406,54.920489576745894,3.3536419022483868,0.9647326265945402,-0.7496440944698022,1.234525240296969,0.8777916522421486,0,4.055832446659573,8.403220555936361,-4.301807575804291,6.070526266006218,-10.544994279967815,-4.930467377730246,1.1179590409131537,30.467889908256886
KEEL,0.6574201206418028,5.130000114440918,81.62507801333096,29.30056936322082,1.043283096128415,0.44856156001409503,3.8986316718230123,1.8518477203481556,1,0.0,56.40244386048755,-3.5031812543251593,9.899748342589232,-22.27272441227043,3.1249970050680775,1.6080692495910114,30.387614678899084
SITM,0.6249703399951742,743.1199951171875,178.31959406496708,5.732086186929942,1.6473174953033594,0.6734597668536001,0.8612287949388828,2.936943205728188,0,9.404449454827288,128.42738792124112,-3.047558816421604,9.195295464418026,-17.596833354125643,0.24836646320914899,1.4611491277646926,30.3795871559633
KPTI,0.6479526874930893,8.970000267028809,40.04653918132388,5.38992652358694,0.47766758722625324,-0.12088689811695631,0.9476035184740494,0.22295990514781147,0,11.99001838967145,64.88970904465558,-7.390304324775523,8.393056698328582,-18.380341637623435,2.8025451316731242,1.1782042368729948,30.318807339449545
MOD,0.6464885395130536,295.8800048828125,97.16538253740514,11.66779144283751,1.6342937646739266,3.1642580558291824,5.502230130653736,0.5306229884764493,1,0.0,127.65253681816908,-6.04613717160066,7.209727247271356,-8.467129193225933,-4.248440676152105,1.2675939831082024,29.956422018348626
AKAM,0.6156208065965438,148.2100067138672,53.93285973005169,11.44489255719568,1.4543775180428746,-0.2823441458175011,1.140275531231538,2.894547163185263,0,6.985460011646436,0.33850110166549363,-10.267902056377842,6.438739664409021,-10.420060775017117,-2.6098311839413197,1.1481454178927186,29.886467889908253
ASTS,0.6362547680530412,119.69999694824219,120.41203905104851,48.40069041798637,1.5633665061024147,4.307897916232503,6.182123403910208,0.11278374241539481,1,1.6149654427699636,47.77777400958569,11.360099727507171,8.475115953779145,-7.845101616144815,-4.157984850027252,1.252007481528467,29.826834862385322
ESOA,0.6452461092214832,18.309999465942383,96.29457656204019,4.895303680729817,0.7830480355930867,-0.5293709300270844,0.5734650608512295,0.7646166088089426,0,2.802713197841545,44.729804364917364,-6.85358525663487,6.255365580795413,-8.174528708008003,-6.050953716975678,1.5811327455994377,29.69954128440367
DAVE,0.6112382809495717,249.35000610351562,20.940032336776724,-0.649451526690239,0.7579321365639881,-0.24333168560168458,0.862196523893329,0.0,0,12.872001684505602,14.270655987989938,0.11091940260722459,7.002144439189315,-13.326843481662543,1.0376364983959991,1.0862939075554912,29.389908256880737
CERS,0.6283835463725133,2.7300000190734863,67.53885068431946,8.591887030975705,1.1333918453508867,-0.35468079866399305,0.7326000285514764,2.5641000999301675,0,4.470829811864804,0.36764670420572804,-37.37373747649147,6.331763006195016,-13.333335347458808,-1.7751461749273525,1.2645347090688746,29.018348623853218
RLMD,0.6355090601884003,7.170000076293945,50.28959146000385,-1.5920932386320772,0.7048722912016977,-0.15277059729331266,0.13946655421030033,3.4170137087578425,0,15.917390937737153,0.0,-5.405400088317569,6.996413793182074,-10.374999045028808,-2.7072813596138454,1.1187923540933291,28.759174311926607
CIFR,0.6380549603740429,23.020000457763672,42.421768258696815,15.041043775073929,0.8650694830962369,-0.7016281210337313,6.081666336358809,2.106866206281606,1,0.0,4.162896200778858,1.4867866741049582,8.613628392767037,-9.796238068410732,0.4971569261260498,1.1804509001672843,28.676605504587155
WATT,0.6673909789050434,28.219999313354492,349.226740051782,1.5856988380229597,0.5410836034410574,0.010951109042418684,8.18568221852284,0.6024099235447976,0,7.411396927850655,443.73793830034236,9.926589906880572,11.51969323993588,-23.68848117112551,-48.111662258171634,1.0951943987893162,28.53899082568807
AXTI,0.6221466205958904,132.60000610351562,1287.492070150025,21.351342943288813,0.6941116945436222,-0.5119012106531197,0.2790425029731292,0.7541477782525876,0,0.9026126194745576,76.870753559664,-51.10477219360385,12.969186782200342,-7.37636021821012,-11.011054033563209,1.4245042927001965,28.431192660550458
SATL,0.6615524741635367,10.739999771118164,729.9866600839307,30.9197260725098,0.8469446224897216,0.8070704244826077,8.789574154287411,3.2588401789731374,1,0.0,72.66881242226788,-12.689546577963645,10.097764368154218,-10.500001906473633,-20.87541681406812,1.2794011119140667,27.949541284403672
NXT,0.6323322145728737,131.2100067138672,37.20715171828275,3.814419904590531,1.2380409472613718,0.3893933122789173,1.2346698369561184,2.4464648651705825,0,6.052909947928358,9.369013402269344,4.609235961360078,9.094579301632372,-16.30947331570152,4.388164515830282,1.510471259917603,27.795871559633024
ETON,0.641958453394599,31.290000915527344,76.28057885269193,4.053742514440732,1.1119096474094878,0.13058645043512626,0.0,0.7830004220421396,0,6.302354306246959,77.28046227210103,-28.614067658330512,5.936400170108707,-12.254624089908278,-17.9080788949722,1.3027061403339812,27.77064220183486
MRVI,0.6029979707447506,4.380000114440918,12.387549994672199,5.516746642441961,1.2998213992683065,2.4262512402999095,1.484019532129982,1.3698616711908704,0,13.188897313572165,-9.690717512093435,-2.989127529089022,6.953683747358927,-12.312308009716903,3.2467502297783994,1.1650097463837454,27.64105504587156
NPCE,0.632073634594646,16.68000030517578,7.872931882978329,0.035984418055619596,0.8007282435712083,-0.8859710654214603,2.3381257943025333,1.01918509096791,0,24.114741791457583,-1.6509362877071863,2.028987718547459,7.3826650632479796,-14.897959282213066,7.735983965268672,1.147160591613224,27.566513761467892
FTAI,0.6437421614339262,253.38999938964844,45.734366946933115,1.6957865197190287,0.8258158901614637,-0.7205776433520712,0.7853467931491073,1.5628109725680577,0,48.67391502014268,-16.858112380651598,-4.406636990130367,7.471175039095239,-21.409576361504477,-3.5052163667756013,1.0232093549238732,27.404816513761464
XMAX,0.5985686101694402,8.180000305175781,36.6451297372723,0.03669115239874228,1.5251417000689276,3.074790240217052,1.1002346643633512,5.012228715196053,0,14.91383427025125,-4.883721600176613,-9.809267737915002,4.802653546222658,-7.3612641457854995,-13.085620923441557,1.917202356501886,27.305045871559635
LUNR,0.6329045155426662,34.86000061035156,317.3608496493047,14.750323328667413,1.2703648147428601,4.949248728002819,9.466434822683162,10.065980254330794,0,3.404843583033869,133.3333439633461,3.244276170555042,13.880008763704819,-23.418277108913802,-1.3068155524895129,1.6810472843775528,26.686926605504592
URGN,0.6072102249876069,29.459999084472656,2.9164034690550844,7.2306008379531415,0.7408136889433413,-0.5245958411321192,2.4779411820991535,0.6109925438385687,0,5.635049551933712,12.228567940382364,2.019350159748772,7.308942707285294,-8.98980520032033,4.446852879777623,1.1502058280373153,26.60550458715596
BRUN,0.6306699563513236,28.43000030517578,132.1813639823586,31.08027172693186,1.7049505791443305,2.4629699662300895,0.5979601634299546,1.2662701599526907,0,8.4258953395546,-3.952702909378558,-13.438252128962914,15.192955612688372,-9.746030776910345,-1.1981489049220713,2.628710138835137,26.53211009174312
PBT,0.6012152861285376,29.969999313354492,50.40486111713287,14.096672545364738,1.3197567008190716,0.9742310208559342,0.06673492899978951,2.102099349948453,0,7.181010928961748,6.8068420659176745,-4.889049424282116,7.033223915579451,-7.069769570774606,-1.871938790695691,1.9899035423777742,26.478211009174313
BW,0.64903196997268,19.649999618530273,207.50816132188243,11.073424805856433,0.8227454656512314,0.18530623718426292,1.730280708249796,4.922638811295573,0,6.555687556146553,66.52541779866942,2.3948212951643555,10.606796806131827,-10.803454352363893,-44.433872256408605,1.3147717819571652,25.819954128440365
PANL,0.5702409091740951,8.369999885559082,14.713662059853538,4.887216673077976,1.089826048981662,0.5572227814003297,0.6571123765975575,1.9115872112381298,0,25.038048466121758,1.2682267278116766,1.1904782176876052,5.273084945362794,-10.862624284996643,0.5856509852706746,1.6779200436789763,25.62270642201835
EVC,0.6261778069762812,8.75,236.04640703474962,25.241537870794424,1.6132044668753251,0.4331601632413693,0.0,0.11428833006506348,0,20.519724073006554,13.784134392124248,0.7792200551974146,14.465306340431683,-13.537548428025703,-2.0235804787878973,2.3736629466400987,25.55045871559633
NBIS,0.6403956289216179,208.05999755859375,130.13495329529385,11.727762171134136,0.8179248499497319,-0.539628030988966,0.15620347594645145,1.1535104895870025,0,4.779392941611406,78.85325735657548,-21.702531731361717,10.067699208594757,-10.982757300333505,-4.134578065051621,1.4870503612901242,25.354357798165132
SEDG,0.6199500847569456,70.75,98.12819205945915,44.83408003531794,1.3134934118279649,2.403892788254843,7.038874002633505,2.996330126393161,1,0.0,14.556350263349643,12.368088809882739,9.554770256400651,-6.575997802873306,-38.167738887018686,1.7177897590993565,25.261467889908257
SMC,0.5884550343566161,30.959999084472656,12.835426737553313,-0.8089736980993275,1.5480717889483167,0.05746663713665589,1.2596941489577447,1.324288951947978,0,33.939974020646744,-3.6414626352665627,-6.708946229095406,4.955702812402892,-7.58209228492992,-3.466487967280412,1.2339071622669668,25.0756880733945
ABSI,0.6680059583882504,5.28000020980835,74.93110136523808,0.1945094736082135,0.6613923757567834,-0.4968256416556588,3.7878750242420436,1.136362507272613,0,10.856335680941113,8.865985846234729,-15.876288575434213,10.280032028077244,-21.428565850118087,-23.849368534950667,1.0676435964566993,24.78899082568807
DTIL,0.6674921903515523,7.579999923706055,36.52620729325751,1.7586242813535051,0.8160848301906135,1.4328042259916505,3.496040489682091,3.8918216256497535,0,6.823820925627231,86.24077648993035,-8.380684029844616,7.445345438418969,-14.058954805919496,-14.99117977152194,1.0368598023755784,24.76834862385321
MOVE,0.6431285156020724,23.1200008392334,195.79518460447275,29.75278942946619,1.129753454720009,-0.12672512375548226,4.8010322779543815,1.6435949262827338,0,0.240454110024062,87.55652381415464,26.978818329072844,12.462306324539906,-10.733586178127108,-5.815705994475502,1.787099349591596,24.705275229357802
PHVS,0.6089557581601941,29.8799991607666,7.788441086518949,-0.5607634149902045,0.8797557525109853,-0.24470541098305015,1.8406999994596447,1.8741615851814966,0,17.733871713466694,1.7537864588625856,-4.562875008776577,5.3741154198554035,-10.3510425462086,-2.2816676708987558,1.0927253532467347,24.29701834862385
LFST,0.5889901285248516,7.570000171661377,6.809289632115245,-1.42587255483795,0.6741120993325327,-0.18184977880409026,0.4623493608165205,0.12285642960988305,0,25.281212456562645,0.0,0.0,5.4198912827501475,-14.848145337860899,-1.105847906698475,1.0734168908730657,24.285550458715598
KVHI,0.6490854610571857,11.520000457763672,77.60597111434338,11.320486020866054,1.7522983687935092,5.753330880148407,1.9097244641292235,1.0416739101959804,0,3.2323310601363913,-1.4542269350493215,1.44478220533062,7.979909734918761,-11.384611862480632,-12.976023361979475,1.3506737078735085,23.918577981651374
TBLA,0.5728342110327348,4.820000171661377,6.963686784065759,3.7339972135499275,1.1451293175823605,0.15124804637984074,1.0083028028512324,1.03734831833534,0,19.525931008908504,-7.485601987623975,1.558440110394829,5.888560644476912,-8.365019733665362,0.0,1.2935573271969216,22.865252293577978
DGXX,0.6629544072312223,8.100000381469727,138.23587676831582,27.70989992126947,1.2265706109596377,0.5677542832473732,5.802460384714047,2.4691333311290027,0,7.074927215126624,58.51272346863563,-18.618622762653356,14.576717393279559,-11.956515766098793,-4.954950163452841,2.359814850965762,22.85091743119266
PLUG,0.6411322421204224,3.8399999141693115,87.49197423795516,11.676601088569576,1.0287658251432268,0.6674815112886437,4.947924474906158,3.5937503774139317,0,1.514985442299949,72.19730406292865,-1.6233828557523466,9.486608507965412,-16.15720571402054,-3.720926517222947,1.6001628985906593,22.31536697247706
NRGV,0.6373754662777859,5.25,63.498257356412815,6.968214284533941,0.9239343754850025,0.25452817113819165,3.238096690696464,3.5238084332248176,0,16.434643079567856,68.26923691942844,0.2247135386750036,11.638095751911605,-17.968751219553244,-1.212120073299698,1.447354596628053,21.948394495412845
CADL,0.6520366466486038,7.949999809265137,64.18162004060821,2.362709240279883,0.8684908441961935,-0.0328599646719358,2.1358466508169274,0.0,0,11.796086863616136,55.72967245846743,-19.713835537017733,8.208266469737342,-14.239488491617422,-6.4239766366672395,1.4744506481853679,21.34862385321101
MEI,0.6286212181726909,11.670000076293945,64.14983008945146,17.938353131603108,0.7770626495316282,-0.02591602207121377,0.5998260013760889,1.6281108209013375,0,18.471352479929116,-15.861570492131563,-11.979827320898275,11.237605882189362,-24.95176891703973,-1.3645226723620982,2.4492713034004128,20.301605504587155
