Ticker,Win_Prob,Price,RS_Rating,Bias,Vol_Dry_Up,Vol_Z,Up_Shadow,Dn_Shadow,Turtle,Ov_Supply,POC_Dist,MA20_DP,ATR_Pct,Dist_52W_High,MA50_DP,VCP_Ratio,Resonance_Score
KF,0.5828923185309662,71.62999725341797,98.73701141153141,21.970112409016604,1.422215995872337,0.25107119941875605,0.6003075829369235,0.0977239948447734,1,0.0,38.388716336635895,-6.144485968660117,3.6606757990456265,-0.5967253951405843,15.547393043102634,1.0429388404366922,73.64732650739477
HSHP,0.5865385365072598,15.930000305175781,99.37841690809994,11.80535560096241,1.5600823008328284,-0.31436958735200354,0.2385442942947808,0.7532949356727895,0,1.037555199499785,61.187007158912685,-4.1653427164699774,3.307774959070088,-2.598589109935542,9.653298677435084,0.920779865477276,73.26734926052333
GNK,0.5645142233904086,26.229999542236328,48.76363943894901,7.643376328888873,0.867078442608938,-0.6662782983201672,1.486852092216815,0.5337376747478356,1,0.0,39.83957379452953,-0.9603320872650206,2.963345746976056,-1.4650686877801422,7.692300826496713,0.9497196672988498,69.7952218430034
LPG,0.5744382316587515,40.40999984741211,44.88970222459694,6.846816037042178,0.8576126513322881,-0.7891480595900376,0.9403639434316068,1.039342169069115,0,0.0,27.677733868710096,-3.945889357109063,3.0059745789608963,-1.390921671980097,7.866990308971666,0.950707496614439,69.1433447098976
GNRC,0.5912471602560371,271.3999938964844,65.5541664974467,14.889732138400868,0.8099969992744634,-0.7953522554477133,0.797718715402647,1.4959460758600196,0,0.0,26.238423629814537,-5.897831267636261,3.7981639173725066,-0.7914055254117073,9.473306698848843,1.0064853493965495,68.41638225255974
ASX,0.5516447837925179,35.29999923706055,118.74793112295971,14.202521197883296,1.1765579682441925,-0.31056919532678745,0.04249118972293099,0.3682641819374472,1,0.0,68.98037466608473,-10.282491630626446,3.7221766573528465,-0.042473142379421264,13.050637944344503,1.4083052253150259,68.29920364050056
AMAT,0.623390511161121,443.6199951171875,79.65224160973368,10.082544718221026,1.1619379476882556,-0.0013226510935112575,1.0887735320760183,0.44520222831467543,1,0.0,73.227749682521,1.0385908965777766,4.032891301113313,-1.0770469301722656,12.774643867276597,1.0454291944078398,67.87485779294653
ECO,0.553697348356256,55.93000030517578,60.65682434107635,4.719197853493322,0.6239952232357855,-0.2671161968403055,0.3146767151451399,1.573397216695643,0,1.586667438673692,10.555446009835943,-6.116701949294657,3.6308145340793225,-2.865580884647269,9.16190737752266,0.8733860025095846,67.84414106939704
FRO,0.566303827353245,38.150001525878906,55.01643302420236,4.527710356100832,0.6657673983860894,-0.25842282103268666,0.40629773994879725,1.5203192866087891,0,3.009425551987675,-0.6557787422061301,-6.1136654957674645,3.4057281566129367,-3.5398172898935663,8.93280677477066,0.8237942834571631,67.63139931740614
SVM,0.626349547155339,14.75,128.13971423023628,17.665829026197958,1.030212194846209,-0.1102424868213767,0.8474576270611893,0.3389843439421928,1,0.0,15.505085913113756,-5.513143516354871,5.235835484095982,-0.8403361343972883,15.075379291547497,0.9247921533707243,67.30147895335608
SLB,0.5643654635866806,54.93000030517578,42.24378765338586,1.078316020888722,0.6528920842559194,-0.9216315843207276,0.2548687217696909,0.045515248023938804,0,5.729175479664179,17.79969771983973,-0.5392962324028441,3.080544369430079,-3.9685322158155394,8.648224802154965,0.8148771741831029,66.61433447098976
SNEX,0.6011146062097418,121.83999633789062,101.41853327123489,13.32688114703803,1.114553026669116,0.06672881155396122,1.6627559547840676,0.4760293984636516,0,0.9423512490287169,74.82302107919651,-5.977653867133718,3.6749538083836826,-2.854410686726171,15.24705774625904,1.2262210039230939,66.16382252559727
FIX,0.6345373157940002,2032.97998046875,101.58062841991156,13.329408195906515,0.9721834847625497,-0.1749604402352668,0.5981384124047175,0.6071211465808704,1,0.0,116.21661061036264,-3.211671223588243,4.504972859481867,-0.5945819891344643,10.46932925607806,1.0765679207137924,65.48009101251424
TECK,0.6368355501203447,65.29000091552734,46.874696716868435,9.862189864959667,0.883996127918826,-0.7797107884927945,1.8456146640207143,0.3982148923053899,1,0.0,43.93738985133127,-3.013936404559528,3.9193278220224856,-1.8121690070890404,14.178977551041294,0.9781682610245301,65.35494880546075
CAT,0.5832841109235773,926.7899780273438,52.42821451885653,9.9248358554144,1.0581951806653598,0.10865296977608813,0.23844667667264796,0.9106704476198093,0,0.9466453142692017,34.219071263437186,-1.034451464057506,3.227267373651387,-0.48961160445836016,8.337034399363569,1.1913495853333782,65.25255972696246
PLAB,0.647531827760161,54.959999084472656,131.40778463182394,10.372525354275282,0.8508816853994374,-0.1947265943841163,1.8922869956929145,1.655749386015994,1,0.0,47.14859793657453,-7.9045341690581585,4.582553899406574,-1.8571444919799507,12.369759631958393,1.0850366925504489,64.8646188850967
MTSI,0.6274432108350583,365.8800048828125,108.27457879865075,25.406592689019174,1.6172325839478312,1.0404551357626752,0.629302012583653,2.3860311768336167,1,0.0,85.20880750687732,-6.619118221062778,4.583324535700665,-0.6253665681840455,16.367081012962185,1.2150554802763835,64.15358361774744
SQM,0.6447829958799942,93.41999816894531,93.27774388336782,4.491565623366758,0.9635312307413036,-0.3787663802285138,1.6377636579627974,0.8001472631523041,0,1.321129490126765,58.87406617281476,-0.9015217995709167,3.9258366866058014,-3.589379298853119,7.745749033607739,0.9744585123867187,64.08873720136519
KN,0.5964673183913693,36.2599983215332,50.09217226761278,15.131207819522372,1.6788977047040061,2.949577674881311,0.38610924109916567,1.378930014150836,1,0.0,63.99817874232372,-5.403531072186041,3.648254927714549,-0.3846241716290049,8.612440728490965,1.1195235399496033,63.86803185437997
TWN,0.5862584719421381,96.6500015258789,80.77629482578786,8.984914610397897,0.7177162464876623,-0.6392261161354437,0.06207714189954187,0.8793577636476557,0,0.9148590821897592,54.048452246870106,-8.614928157526338,3.588049329225064,-3.127187753967971,8.169146605079092,1.1011407202214807,63.767918088737204
AZZ,0.5686334818299406,148.64999389648438,38.12649038381313,5.2714358738672225,0.8202186242259268,0.5021660172650008,1.937440296700368,0.538179000740175,0,0.0,1.4052784023756937,1.341841495141931,3.5837155779513905,-1.9006169774925,8.788060605164953,0.9629510049610386,63.74288964732651
LRCX,0.6367146487638286,296.04998779296875,72.13212708743058,10.43056577142169,1.0648266451106843,-0.6381496176103526,1.3342382603914167,0.0,0,1.1159336989626116,72.05820628339028,1.5561886683058324,4.628200723221054,-1.3166707356726945,14.674067817094638,1.0483010307555198,63.55972696245734
ASML,0.6048086583943068,1565.81005859375,41.75172302006496,7.166103368106621,1.148312476847131,0.7183563703795759,0.13922069465956805,2.3138170731426335,0,1.1177686880009077,10.427842681986665,1.579779191676444,3.9099028867215697,-1.8491703127594812,10.875805109003213,0.9807745175450547,63.43686006825939
LFUS,0.5642067057975252,465.8599853515625,83.22957639599203,13.733265976317197,1.543917880189795,0.395265714164989,0.2704696271931202,1.777357798401719,0,0.0,28.237168827536678,-1.9713736860118969,3.84772326780345,-1.9242136101933174,14.237074814783465,1.357382223249719,63.250284414106936
VSH,0.6089260429399247,34.83000183105469,131.06388960014354,21.460461023294712,1.8709041546638936,1.7923516120580987,1.4642500565815142,0.08612913499552727,0,0.0,32.685721259915546,-15.280209052756625,4.2820232717643325,-1.4431191831260521,10.844008460888304,1.31858903215731,62.690557451649596
BWAY,0.5845728324683128,16.729999542236328,103.70450108921034,3.706914672362232,0.7637889639847052,0.22930493382239384,1.0460319736226762,1.9127298479430594,0,0.8653284336686159,38.32161366262551,-8.96455824173741,3.5846652716251177,-3.070687598995103,-6.655146741633677,0.7169374308029581,62.6382252559727
MRX,0.6385041891379157,55.7599983215332,64.57623769617429,6.34422425453541,1.247823733163436,0.059112583550885875,1.4795498082158254,1.4311272327883393,0,1.2928101159684353,29.523807919689194,2.8244338049769273,4.0729385737259705,-1.9776743133951482,17.970545008943017,1.2224819455366307,62.43686006825939
TXN,0.5766645535296473,297.760009765625,75.73632045005878,14.098215263021643,1.1736967384440293,0.43168478104816566,0.14104745311011357,0.767397765704095,1,0.0,6.0386725440372,-7.839965283592135,3.9993784030269643,-0.14084878947981586,8.901045054726728,1.2992201011907523,62.41183162684869
BORR,0.6227521625086889,6.159999847412109,80.98005409365663,6.298530059307515,0.793559061772292,-0.22320010642549473,0.3246750230305469,1.2175294011487638,0,0.0,11.999997223492898,7.046981099584992,4.635900097393328,-2.6856252498587443,9.624798392772185,0.9247594605001824,62.350398179749725
LNTH,0.5710745234249592,94.06999969482422,64.2892897408154,10.228377581164322,1.2966569194520343,0.4401306163410969,1.9028392912887424,0.7069213539679252,0,0.0,42.70328019929048,-2.8162153829999923,3.2435568784520274,-1.8673074317875344,3.137105845147519,1.1260961674640173,62.28782707622298
PLXS,0.6125460464281572,271.7799987792969,78.47347697352936,9.215044647259072,0.8391662313939523,-0.7192272334417861,0.5077654312332515,0.6898962427017021,0,0.0,37.540480963621825,-3.2458215780261304,3.904024232733854,-1.4682913352834455,4.239432740577025,1.0880415117365054,61.98407281001137
SKM,0.5726888101722809,39.099998474121094,81.59574911999297,4.421207131298313,1.1709107954524924,1.7763727022803075,0.613815058380392,0.767261505780961,0,0.0,24.12697928215817,-5.567873188736268,3.6189262233060036,-3.432954178044894,5.3724491096367935,1.0689825199864018,61.967007963595
VSAT,0.6377471173348034,73.06999969482422,94.96872181603553,15.218743548264671,0.901268154159337,0.1593431027839635,1.6148902560392586,0.09579813208651082,1,0.0,116.11948159039811,-13.315654633866256,4.721499876711645,-1.5892260002153387,4.346871814741072,0.8876896954737652,61.96473265073947
CSTM,0.6140698601373432,34.20000076293945,110.72589403754895,8.917199881688799,0.820139573887737,-0.1524231059934949,0.4385897889797667,0.614032397022867,1,0.0,31.589076813416916,0.39473333350857387,3.9598990714622326,-0.4366745788657909,0.5624724510882771,1.049702253308611,61.74288964732651
SATS,0.661041612622457,129.13999938964844,71.86813827850627,3.2422079933370576,0.650636586458886,-0.20716385713238047,2.292091317821033,1.4092461834308319,0,5.143875608936503,17.571015745677272,-7.614494086930853,4.094665546021096,-6.039000948967459,8.041202296897895,0.8212314180990997,61.73265073947667
JAZZ,0.5648785300159372,223.61000061035156,55.89063771733822,8.070619998119854,1.3656670803197097,-0.17333952125846,1.4377694777070789,1.0375239559392833,0,3.0667585442740943,31.46569782142075,-3.7120475605903644,3.0386146005711456,-2.947045775163516,4.2153507975390125,1.1048955769649194,61.58930602957907
INSW,0.5742744127589686,89.70999908447266,68.68051049885344,10.264384185426005,1.289000205444566,-0.40142889759819783,0.6353803373480612,2.134657156447851,0,2.872719957875057,22.082362958161063,-2.991623490704979,3.6516883520902494,-3.1836870936917525,4.130803034951934,1.0193816421030157,61.27531285551764
ARW,0.5521558672172503,202.55999755859375,71.23802578610999,10.099819900311815,1.991278840465711,0.14222450647750745,1.7229490201476196,0.8738172856366654,1,0.0,27.717521918699667,-0.6117823679547539,3.5876497517282897,-1.693766290442844,9.069402418201685,1.4683292709521225,61.259385665529024
ESI,0.6209513459711775,45.060001373291016,58.30945645373993,10.568550284062365,1.0044085815798323,-0.24491579030063765,1.0097603250785099,0.9320864539186244,1,0.0,5.874059960698594,-2.263159500865608,4.295066957537627,-0.9996660934832535,12.225075648010456,1.1622302182461608,61.05119453924915
MOD,0.6283610847233383,284.79998779296875,80.10530113955198,11.794557053035206,0.9972777097511751,-0.4399661018475985,0.660114102312582,1.2710657557353173,0,0.0,119.12747950825691,2.1362661749380836,5.201142091631666,-0.8701705903979444,17.58416137016121,1.1068704592914536,60.924914675767916
ARIS,0.690730598443167,20.18000030517578,99.06935445153916,5.54669387806306,0.8338817300269386,-0.5076707042977675,3.171453815352894,-0.1734382897972415,0,15.412882758683969,25.263808444280144,-0.33718542412856795,4.4418092866354195,-13.353372640464794,14.770724586619687,0.7182442116464917,60.80318543799773
STM,0.5766645535296473,60.119998931884766,144.98991464437594,18.984708822203082,1.088273584736585,0.40738112208108085,0.13307024696390615,1.1144347651989617,1,0.0,20.941460549039416,-10.267855706549524,4.267654117683594,-0.13289340538116667,6.694438202981044,1.4515808500976648,60.700796359499435
PAAS,0.6689107548820645,62.290000915527344,73.6899562060773,11.894519812361851,0.9712059275448396,-0.34212702598420985,0.6341314046422928,0.32108004494568426,1,13.484805573975834,33.49764491833178,-2.4969448118049686,4.2147334291899625,-10.76776602537146,13.076467759213317,0.8221373831380873,60.60864618885097
KALU,0.6438596111411696,180.38999938964844,87.8438585572627,9.15274358623684,0.7814247983579717,0.0923280885289714,0.31598610019636136,1.0588190412779563,0,0.6992724481513719,69.31669866402623,-5.989406822873947,4.7261194049190065,-1.426229841714372,5.724604091243194,0.9813937128154464,60.46643913538112
CTS,0.5692355930794004,61.4900016784668,39.277517828519294,8.556148077637278,1.5935142302313214,1.489529354659351,0.05691957465630838,1.3335558418033124,0,1.4469151768429709,40.53411601322533,1.3496490986239082,3.545873698632189,-0.8545610696169934,9.039120560778871,1.2390118349554717,60.27758816837314
MRTN,0.596033363241251,15.039999961853027,44.12251848993345,1.5324377143905803,0.8388013384838034,-0.8951534954758745,0.0,0.0,0,4.234262385968449,20.359292403476424,-6.446988653341494,3.1772414501099924,-5.050506205668544,7.799855022645569,1.0247018310015608,60.24345847554038
KLIC,0.607486539824259,104.27999877929688,162.57527974762158,19.226876330381202,2.059600244832969,0.7402106116671149,0.08630990442834757,0.8534781640322867,0,0.0,57.539531008507474,-6.976140776811418,4.335853756599945,-2.5511665287443095,11.833046665089144,1.4088860506396796,60.208191126279864
KGS,0.5637702100267215,75.5199966430664,113.51710346182722,13.375513588075775,1.6904505257503708,2.022310235130208,1.5360218666012297,2.4496802917515064,1,0.0,61.20018493365945,-1.067726165632885,3.2101233832077023,-1.512785155813241,-1.337730522824593,1.2611610614697046,60.19795221843003
CIEN,0.6305263111923294,581.469970703125,177.70774092703095,12.502111303118452,0.7841791261466413,-0.25636243476477705,1.9407767809611915,1.291555908988874,0,0.0,114.31149749570213,-4.8697635787384,6.133163485736815,-1.9038277343435523,15.638083415599302,1.084574521797263,60.08646188850967
RFIL,0.650378880074508,16.950000762939453,122.87286357277571,18.21320774187618,0.7884616102085886,1.2929509098408232,1.3569293915646559,1.4749261872121353,1,0.0,135.09016188500377,-14.122445241592683,6.350611832081181,-1.3387633186109376,8.017627933228425,0.9130667127375852,60.079635949943125
SHIP,0.6115580210153545,16.3799991607666,88.38016587034218,8.829972677318937,1.2292833812374517,0.31292964038893706,0.22588924310994363,1.037851556737263,0,2.225679282974172,23.597050422685804,-1.0288039732846401,4.2647829382748785,-2.558003086326065,7.456452728435988,1.122778823614996,59.744027303754265
ON,0.6244954308055907,107.23999786376953,108.833847019968,14.046886437256267,1.7192108246095363,-0.0016955064695271366,0.009326870971297035,0.23312197405603452,1,0.0,94.24017323156862,-20.47310842381198,4.894229553249182,-0.009326001147203253,14.455481256984607,1.515044387125898,59.728100113765635
JBL,0.6236590923176908,365.239990234375,59.03216209526219,8.555538340522336,1.3754070450599158,-0.4895330045869492,0.9281608638344452,0.0,0,1.7728101388156738,68.91113340517619,-8.157318682363814,3.965493607288887,-1.9147635352707428,9.019206301058928,1.2134965066710255,59.54493742889648
MPWR,0.6119100274772218,1661.0999755859375,63.100033314345126,7.791155861831574,1.1403304973420902,-0.22481880962180043,0.17397463250843032,0.40454944325374204,0,0.0,77.91253532850362,-8.645052693150047,4.414071152431133,-0.17367248643838087,10.464325581381196,1.286697615684885,59.53242320819113
ST,0.569028932878007,45.290000915527344,37.660774459058,8.472548845749628,1.0192861089626863,-0.5410267389475142,0.7507179194244991,-0.1324826056011842,0,1.630995188748904,26.25789424020747,-4.565269819504191,3.7835519902568624,-1.457785427060833,11.676487928275018,1.214899320638302,59.45733788395905
MT,0.5894640116017089,62.34000015258789,55.245325058071984,4.0569532753076665,1.0582037413280232,-0.5849296213583961,0.2406123047996299,0.8020532543601914,0,12.110136548015848,3.778925369166385,-1.9105129602529094,3.477474889308173,-7.781062781338739,14.978516862417147,1.0962411342960419,59.26166097838453
SKE,0.6905000309091827,32.619998931884766,95.53543655120838,3.8985823922867944,0.9315669913956239,-0.8713899176009752,1.900682914973968,0.4445139868398172,0,23.377893036131436,21.71641738914243,-3.1770023033808803,4.397829535083213,-15.86278424840396,11.490024596090691,0.7364597343091275,59.153583617747444
MEOH,0.6041402081507216,63.349998474121094,66.54143576068282,4.443159762196796,0.45679909583198014,-0.3449516930935225,1.7679601792285449,0.07103104976866613,0,7.37580375587158,2.991383844525055,7.1129707111780265,3.889953005027521,-5.093635244686097,1.3853113263936063,0.7090971357983705,59.04778156996587
AA,0.6179436655216699,65.33999633789062,67.40947403298505,-0.3348158446470438,0.6533200909889177,-0.45547223459598496,0.7497801323621471,0.4285200188065441,0,17.621093728001984,6.331451541159352,9.248395860039976,3.425259385750469,-13.685602414618426,3.9143017749219786,0.6709604561811756,59.02616609783845
RUSHA,0.580025534011319,72.48999786376953,43.424001577119654,-0.5344460028777345,1.0108736847126538,-0.2336680351465547,0.6482301730106592,1.510554908203826,0,12.548172398607383,49.82651873467863,-5.867413177893582,3.07578366234193,-5.844915086118207,6.715751817020362,1.035042430443309,58.98179749715587
FTI,0.6072167645703221,71.1500015258789,57.29421582021883,-2.808512074252666,0.9057440734036776,-0.4101962471979193,0.5200212357658545,0.766553078216629,0,18.43011913351248,59.22601569748526,6.410765876031004,3.115690402133038,-8.524038772674126,4.961538656327442,0.9689567319736893,58.96814562002276
GRC,0.6204141843778321,77.87999725341797,63.908752937251556,6.38980511733358,0.5713291297262979,-0.34103461964482024,0.9628927122600193,2.42039317242469,0,0.0,14.09316556692656,9.035482180545097,4.4248383627287415,-2.087004831507927,5.106651755435413,0.9778470748818355,58.967007963594995
LAR,0.6391686722028088,11.789999961853027,205.16553784689268,20.07332530444124,1.099993437859436,0.47619684112297506,2.2052606420782315,2.967771389049543,0,0.0,88.63999937546603,-12.098759209410332,5.670605512242189,-2.1576782136499135,17.799753150583356,1.2195431438415663,58.8452787258248
AYA,0.6865398258884721,19.860000610351562,90.49964110091186,11.07382879784773,1.6144176930098433,0.8245692606521827,2.9279913485957927,0.9063459196113862,1,5.989241965375401,5.30222676343984,-6.945263808138763,5.096388193591901,-9.727269952505296,18.307902163363877,0.7733443091595938,58.640500568828216
LSCC,0.5931026064725605,128.9600067138672,95.38275740250033,8.297857893928413,1.6032148237530472,0.44165641194923916,0.3256809453134845,1.7644216314484817,1,0.0,21.92494167210671,-10.272828020852085,5.396213372261003,-0.32462370775336163,10.594022789932058,1.1862530910006286,58.6359499431172
TH,0.6294884581465924,18.079999923706055,166.3803627391871,20.29274793931611,1.5811744629404492,3.6956862866029425,0.8296439112552272,2.1570815539098764,1,0.0,42.81200743437413,-8.10249383803558,4.121365817759378,-0.8228174563280563,-0.5134783317556996,1.1279388810433293,58.34926052332195
PANL,0.6120329317389062,7.690000057220459,47.03446456505927,0.8326240172391114,0.7766417221395733,-0.07373545650087135,1.3003888670413002,0.5201555468165201,0,47.38430117943228,-6.959058543918251,-3.5904252869072963,3.4116670863831646,-18.104368730189925,10.588242612787784,0.8706451333391837,58.193401592719
SITM,0.6144603563043404,901.47998046875,154.3691722036933,55.35927783879211,1.4744746233396444,0.7992488993697155,0.013310902048537123,2.4415417138998317,1,0.0,177.10560683977565,-18.122034411485483,5.71069664552888,-0.01330913048321499,17.72644966159905,1.467095745174608,58.16496018202504
AU,0.6840207731278962,108.33999633789062,53.18971358801217,8.641475354383338,0.9812888615867085,-0.46210096940729456,2.861368108061142,0.7661013750304279,0,13.246386067576829,35.44192927976993,2.410195029866582,4.075133311697366,-14.697057485465015,16.615791406850622,0.7821426741821113,58.16382252559726
LSTR,0.5708741703507004,178.9199981689453,31.663167770139,0.27714561223700424,0.800975762433432,-0.4835165957037465,0.016766588197916796,0.6567197986676414,0,8.468009057550823,30.61871696064723,-5.503057153185321,2.795144492549194,-8.63970510889214,6.830309808161797,0.9670643676686626,58.10352673492606
FCX,0.6816380993649582,64.37000274658203,56.408308137252014,2.438020343259003,0.8456080136767586,-0.9596105486748999,0.9476473268823594,0.11651508425991239,0,18.53255989299462,-0.9492645131090118,-3.3875351850345417,4.349851468178786,-9.299701790201981,12.808464633243375,0.8037286378690844,58.07622298065984
PSMT,0.5746604066582384,156.97999572753906,23.48908408702637,-0.4234156079321936,1.0138054021535874,-0.6534669087057234,0.14652248221861106,0.36309853544355947,0,12.241805415945523,26.49528921314836,-0.7467362636816653,3.084106068235586,-5.125112197620965,6.118219993376119,0.8959464732726554,58.05460750853243
STX,0.6203040661583485,834.010009765625,189.88659116150092,29.466262225211278,1.3290917438263974,0.6412632566711097,0.8752877912114573,0.5971127936634132,1,0.0,182.64838609960577,-5.15702329960777,5.343032175115059,-0.8676929804880464,13.49548817390267,1.4602607855493506,57.95790671217292
B,0.6223589209022018,47.0,35.31205742570454,13.928346089000346,1.258556061415583,1.4285300193324566,1.2446789031068286,-0.2340438518068555,1,24.872771162818292,28.54069191191612,0.13947320467494942,3.2834322619220773,-13.338169445262702,10.484831165613375,0.8435324724451904,57.95221843003413
LITE,0.6305263111923294,1053.0899658203125,328.45307987530265,17.516886198825095,1.1916612238749247,1.5765019382082384,1.9219621201679273,0.0,1,0.0,49.08897886578865,-2.7468482835853623,7.574546074592384,-1.8857193093495372,20.326429379189857,1.1079631102006955,57.93629124004551
WT,0.6132987715024766,19.399999618530273,56.191521925245965,11.012558791368452,1.032156400398034,-0.23872106696005388,1.134026933081207,0.9793743836866362,1,0.0,39.468007411552,-11.721612787230882,4.002207411976596,-1.121310964737491,2.8638208860908847,1.0502995146273448,57.92150170648465
TEVA,0.5559253415706601,35.84000015258789,35.60469438477769,7.493664214566137,1.0483023196420271,-0.9518933075552182,1.604354800433478,0.08370195080446134,0,4.487872218723267,-1.1310340617953079,-2.792940127960482,3.3053664387868587,-4.042833689910365,8.298881637789938,1.0746008886090312,57.82480091012514
TK,0.5688284302541388,13.619999885559082,28.77205611975173,3.4207814909954797,1.117696736373511,0.11021952945394667,-0.367101596747359,0.7342101955088468,0,2.5849882676128884,29.83794263523517,-4.735153697706431,3.256765808684868,-5.285119768989188,5.714284030580333,0.8886209695293473,57.810011376564276
DHC,0.5890537947050191,8.420000076293945,78.88566365354765,10.324781874638992,0.9261302520233483,-0.20188384841581875,1.2470367570874183,0.3562913621828949,0,0.6966844035896201,25.65484294309509,-3.221291980447754,3.914998073720286,-1.9219564484640603,-2.514792146722256,0.9854554216020517,57.55972696245733
NOV,0.5508344224827776,19.770000457763672,18.925784728563656,-0.24723593843900757,0.9816213226480016,-1.092584787453771,0.4299397192728832,0.05058284597764398,0,18.444732619494953,8.911775796955258,2.496178257982496,3.029482600650436,-5.54228299303861,8.341561025891538,0.9215506182284813,57.45733788395905
NVT,0.5701489079125646,173.38999938964844,47.28007044890548,17.1406581361368,1.0151189539099148,-0.5688023574924971,0.8737524626406723,0.7151539866900424,0,0.0,9.105211041614314,-1.9825826144795482,4.223850137213116,-0.8661841572358211,10.42582394695876,1.2852309143092333,57.41524459613196
NGVT,0.5725381200720469,74.44000244140625,50.20529335036568,-1.055370173375263,0.9879000954191093,-0.5952168465248072,0.5910833247845163,0.09403505175644918,0,12.422919078185837,17.007236232329916,1.0660767994079103,3.3776014290106735,-6.116784484877149,9.829240526089464,1.1577403229519103,57.33105802047782
TSEM,0.6326698276875334,228.8800048828125,160.42534417525476,7.391369664056249,0.7342034078022631,0.24267932853001478,0.7514860118848118,0.19224153793146354,0,0.0,37.81310353986096,-7.170479870558534,6.942815066330055,-1.6289136184049609,11.435898209722689,1.0789515102452931,57.27531285551763
VIK,0.5924375892477989,80.91000366210938,30.259302424968215,-1.0620110422687368,1.0344802418816088,0.5372796579881267,0.8898791102532194,0.6674093326899145,0,12.37034991115319,-5.699299785154566,-10.075434529549383,3.8314182593466515,-6.999995790598419,11.676484712653298,0.8662512274885771,57.271899886234365
GLW,0.5917883164419455,207.38999938964844,126.37302492664466,22.269222269783214,1.6730930277014917,2.2384681421570836,0.7377399024988209,1.1186688514563752,1,0.0,14.220405917141516,5.5888527649779505,6.24771752225131,-0.7323371590556412,18.014365665312752,1.2977766763876744,57.19226393629124
VICR,0.6272814574342755,312.9599914550781,240.64120012553155,24.811061450268838,1.016078175271447,2.256108656121149,0.18053503860909467,0.2428456628238573,1,0.0,90.20299272161931,-20.722798885575955,8.338011273612024,-0.180209696963105,19.230385750286178,1.2419048197406657,57.106939704209324
VRT,0.6355377416530069,367.9200134277344,90.22983863044456,13.91435428501918,0.6841920752523151,-0.05691844382880528,1.1075727170907064,-0.4014431648687252,1,0.0,43.78615226140703,-4.817313181297082,4.840900776626738,-1.09543992336737,5.143392148332775,1.1270973566290314,57.01023890784982
AAMI,0.552449853890021,72.37999725341797,55.148772027538314,7.709932414818825,1.014049151544764,2.1727216836479526,0.9947516551738709,0.04145676959054417,1,0.0,49.47281516622159,-5.138711210673511,3.7801489730215074,-0.984953810837863,4.9758636734675985,1.328988342348276,57.00682593856655
DHT,0.5916580132536885,18.729999542236328,34.21952360535692,2.140419603578618,0.7235133818063423,-0.5483819075324714,0.08008216772142952,1.8686619861457323,0,14.906679472826024,-4.681934321156682,-6.203757378817405,3.413164165330631,-8.856446531897708,7.285788060015048,0.827253471087564,56.95449374288965
MSBI,0.56903959014514,27.530000686645508,67.4334875151638,8.464829628172149,1.1303636984227283,-0.9573246114535052,0.0,0.12713347816157547,0,2.6430174205512857,48.56415030999531,1.3344441239344234,3.5688331976401617,-3.50508228495429,4.157253100503521,1.2284073336682888,56.941979522184305
PKX,0.5641946683918666,88.61000061035156,56.64782603941831,17.649400872058884,1.2701155441164187,-0.1049919231432717,0.5078399110004517,1.015688432083827,0,2.709718592878149,60.49629067041121,-7.144000707101558,3.844292554381591,-4.10173252478231,15.246439652023463,1.333520850897076,56.89078498293515
BELFA,0.6218142089791847,270.760009765625,83.31961008192859,11.36635608827053,0.5814586407941245,-0.4730452399559944,2.0109974184643407,0.0,0,0.0,26.563373846215892,-6.253184230148351,5.303589526706084,-1.9713535494755814,18.405279962708963,1.253459119049599,56.838452787258255
DC,0.6904089782473893,6.389999866485596,53.347093924135194,11.227151167118896,0.6679561937734476,-0.10913100351306308,1.408453121350452,0.0,1,11.947149020601103,40.74889691122357,-6.412476372929637,4.325956229887196,-11.862070805459084,12.35632368789192,0.7896701273971573,56.708759954493736
MTRN,0.5734535174901595,203.02999877929688,65.78093241433139,10.805788575666028,1.185712661784045,1.5635843827990203,0.8865699958485616,0.7979092384965888,1,0.0,10.456450397629615,-8.139601367397091,4.594326063685907,-0.8787790048616416,11.572424506072409,1.3948557827498136,56.620022753128566
MKSI,0.6272412947468522,319.7099914550781,95.52625607342986,12.835967083572319,1.4943596985152685,-0.07293979159595271,0.6068006922682516,0.0,0,0.0,37.01184189550726,-2.4708983750454987,5.244037609452089,-2.1814970513644267,14.096378044389319,1.2583031158209006,56.58930602957908
LBRT,0.6048387731163528,33.38999938964844,82.50652294848477,7.170366364765246,0.6975133714741436,-0.5217679089162689,1.9466838066600445,1.8418624587988888,0,3.7137800212865413,11.82183090095086,4.7345758052762354,5.081719359312337,-2.978356817031677,4.282841595983395,0.8999815237595062,56.5608646188851
MTZ,0.5958309151814145,421.3699951171875,103.34293849097389,7.690280739944422,0.9654196706776699,-0.31816421022883934,0.42718236500014645,0.5956493638348684,0,2.8085193991604864,92.38003810649356,-1.6523071389968544,3.9319016178468593,-4.544321385357667,4.164151439351411,1.1533440136513051,56.37201365187714
DAL,0.5581775995868342,71.19999694824219,12.57646091475877,1.6445828324837943,0.6060490564538614,-0.6764496655169743,0.014037229303622709,0.15449524587758187,0,12.349514378591763,17.530529541133397,-6.204318931114113,3.222314106288798,-6.540839365440183,10.182646784409249,0.8360938068246536,56.31968145620023
CODI,0.6163449585887726,12.210000038146973,96.02889944500863,6.233957827039563,0.9052980314527651,-0.918537392868491,2.129403997119072,1.4742039688671171,0,0.6565552460702115,63.01736195772937,-12.463204219202414,4.849654812187362,-3.401901055872325,15.487314855872988,1.2893442881747728,56.291240045506264
BVN,0.6680308898577848,37.75,68.09489941700706,13.2964103443136,0.7938361306864847,-0.5106671498171718,0.29139234529443336,0.0,0,10.67472964258159,37.023938772818404,7.3183480627559705,4.393566568278996,-13.037186184013812,15.204952341522077,0.927564118146122,56.122866894197955
AIR,0.6233429304386283,117.56999969482422,32.02199847028424,2.157941655479944,0.8377970543255011,-0.2206867418365066,1.6330681074361741,0.5018255842621901,0,12.960116861980348,28.71688680566042,1.4543067554082978,3.750349086123238,-7.57802017054595,7.382437194658653,0.792302661226768,56.06825938566553
SMTC,0.6360475835853662,136.52999877929688,84.42958501630314,27.15309309448554,1.0245544624789873,2.151044418068093,0.4174960296718393,0.2197341642407654,1,0.0,90.20618709981566,-15.332681640151993,5.6439718035470205,-0.4157602471470465,9.088898765902636,1.185461975092293,55.91353811149033
WDC,0.6203040661583485,515.8300170898438,204.7838091360231,23.691345610510265,1.0230677322692157,0.12881276188394544,1.7970955913682707,0.08432963266601483,1,0.0,184.99938709590978,-6.839725108209536,5.886074484757844,-1.7653702013092136,12.274800577415002,1.3373976423639566,55.84414106939705
BKR,0.5728308050934515,64.5999984741211,26.657524763011065,-0.09489346887958064,0.8588807322022686,-0.8057861664152719,0.7894770097043918,0.2941214332681822,0,9.9431321724281,45.5167409743084,5.418801790373349,3.4497462551554703,-7.944873347461234,8.351214527162353,0.8792103777735663,55.625711035267344
NVMI,0.6318447895936881,526.010009765625,56.588197524467134,1.7212049474750797,1.1010941623154322,-0.009106299503857336,0.7281262749245048,2.3516595444823496,0,4.107613413699345,14.889484093319647,-4.958283374028304,4.404858378919859,-4.3618164062420695,6.273071070077255,0.9365460031020949,55.55290102389079
SSL,0.5952314992038291,13.319999694824219,95.91204116134972,1.4123092957052183,0.6602399948222306,-0.4671523319745144,0.8258304269034433,0.30030002076927387,0,5.796519810177489,-2.0588285203758234,2.8505385098559812,3.9414396906740303,-7.306890737813967,-0.4484300617311442,0.8329391925530243,55.43117178612059
HUN,0.6394677330564352,14.84000015258789,92.14852709094761,5.566424845580112,0.7697168312706439,-0.9512377662173044,3.0997306831951597,0.0,0,2.1303413654023142,42.55523890186715,2.777780230445977,5.034655338176325,-6.666663467339743,9.565216532416773,0.9745052378998945,55.279863481228666
TFII,0.5973668012678895,137.42999267578125,50.388500454050615,0.8719714341322651,0.6572245427008999,-1.2601033106405395,0.10550027024513614,1.4116184864971966,0,8.957134850998695,59.05983411573871,-9.292037625176516,3.3009003353790054,-7.820782043354189,7.62613538467391,1.1369288357323304,55.13879408418657
COCO,0.6250682644841975,72.45999908447266,62.346128398996385,25.55991504073369,0.8248965467269321,0.0729985830394741,0.17940554106911602,1.6284851229212294,0,0.0,32.443795095425656,1.901215500166148,5.2250493172329575,-0.712529800677802,10.919738206198605,1.2685925621536793,55.0580204778157
ICHR,0.6279978457653272,76.94999694824219,399.02008207392726,13.53324774654768,1.7740677759550927,0.3328661639181442,1.36452643714907,1.9883125007797338,1,0.0,69.98011082269757,-6.59830954714367,7.161422499356604,-1.3461577586466036,15.83595983166625,1.3568268078537267,55.04209328782708
NAT,0.6414280347020422,5.820000171661377,56.2443430585301,1.15582061093453,0.5094736853243728,-0.6382180222657808,0.5154675071879091,0.8591097809538231,0,13.374328294798152,11.133494858413425,-3.767119595989912,3.9027973216827765,-8.201892244943224,1.9197203182827534,0.7448849098366476,54.80204778156996
WPM,0.6361362692236153,143.8000030517578,38.6716214192806,4.56584983360426,1.0771796594020486,0.5188649007836585,1.2586909041508798,0.13212965046776898,0,27.323337972953244,9.21897251554316,-3.024238643517776,3.828729631256499,-13.111090631797287,10.265800739361563,0.8851811213798004,54.62457337883959
COHR,0.6240593096529132,379.69000244140625,127.42877356075215,14.46357883652572,1.1454841734830885,0.5596259390766959,1.3590043532663405,1.8436092483266804,1,0.0,49.70232036085069,-12.853576472295417,6.946644582070402,-1.3407830532054215,8.963809566878117,1.126258792661476,54.564277588168366
WCC,0.6037604168843539,366.29998779296875,31.90890474960866,10.94082906932088,1.1394659757220482,0.70037565295742,0.42452177045499184,0.46273747766875,0,0.0,28.415714989742497,-5.9924481140831025,4.279377255240291,-0.7047997144283378,8.76338333719333,1.1793570970079903,54.407281001137655
CGON,0.6193983751023461,69.31999969482422,63.733320005142645,1.4521919225186168,0.6053542728197113,-0.6046524298126816,2.5173149945745728,0.0,0,6.262970000448731,27.896676602898612,-3.9881901023733226,3.8553100037441017,-5.763999462254668,-5.2380984200099086,0.7832207066455926,54.22980659840728
BHE,0.6168424925258006,86.51000213623047,81.1119561654277,17.196816616914106,0.8969369367812935,-0.5842323345417939,1.2599656813804814,2.5177442285602853,0,1.0055541002045234,95.69859792463492,-1.310120436939051,4.5558811717390055,-1.3906316813024466,8.51064153715398,1.7750001707161662,54.167235494880536
CVLG,0.6414686384482721,32.599998474121094,57.98967903308954,1.1903781865233727,0.8060007087451223,-0.8931931560386354,0.5828179006019989,1.0276046016637488,0,9.558768487129857,-4.314649937855138,-7.873744237572406,4.236415840669884,-9.217492028024555,10.414360026184632,1.0177279648990094,54.15699658703071
AIP,0.6013290893746229,33.130001068115234,111.5780726651854,25.504313437538922,1.5708962824347672,1.7936692867354294,0.9909461680647822,2.5294332151468377,1,0.0,23.989528140882726,-14.177595908512593,5.8650549117519635,-0.9812227785406549,14.537959661470639,1.5846263097631457,54.137656427758806
BELFB,0.6224837633376603,302.7300109863281,78.2213584568128,12.77212650286304,0.9753348533298156,-0.584351739519199,1.8300062188336015,1.4798701231228946,0,0.0,36.90461247518354,-6.945346024038342,5.4947595082699845,-1.7971188324401175,16.472944719920214,1.3705862612077722,54.06939704209329
ATEX,0.6243597155317171,55.720001220703125,198.8073867863745,19.445222687128467,1.0777268691273554,0.7896879521900136,0.39465548053248467,1.6331655194897259,0,0.9602904168085384,61.78862788012175,-18.49790700937088,4.550931586529859,-1.3803556924253584,-7.287994141849638,1.0900705258943826,53.997724687144476
OCS,0.6230529494826075,32.650001525878906,57.292020505630134,15.73089932733154,1.2666251837522724,1.3816404141668543,0.39816558050759,0.7044512899769545,0,0.0,13.96161242746367,-5.494099280807179,4.329468802888134,-4.336359495680188,8.330502467077478,1.1097421830261736,53.97042093287827
NEM,0.645623152590528,120.66999816894531,36.01495357286619,6.4855855506281115,0.6400210924785837,-1.0084391584694465,0.48894006483220914,0.1077358786642293,0,17.726600957774888,25.96032810509557,1.4248958472919535,4.02632949985208,-10.3542359849365,10.365119653931359,0.8571653581812634,53.959044368600686
HLIO,0.6011834404001307,68.0199966430664,10.846753380603813,-0.19222489678454033,0.6730076292830091,0.5312206072633623,2.094965440560027,1.2055273967670062,0,31.577643206614496,-8.025185710671144,3.073687637018264,3.0122457925242667,-10.899771604573951,8.861464138772298,0.7378876058725237,53.86916951080774
ONTO,0.6455407608864724,287.5199890136719,107.31124031366146,-0.1503750059403774,1.3723237799497348,-0.5540954357285914,0.978192858742938,1.2520889820053243,0,12.190588750189187,32.85891786327083,-16.81643467191779,5.3458765885190465,-9.012661704505696,16.753901649467544,1.0355593571680013,53.82025028441411
ESOA,0.6467244579895468,17.639999389648438,56.02954167754262,8.794865916605854,0.7790699880593779,-0.6292571233892714,1.6439961765592976,1.7006760058029633,0,0.38538482190025025,39.43384681223834,-4.847650853410866,4.6039834053866695,-2.7027015652129687,10.37131588311118,1.2339437326191252,53.75767918088737
FLEX,0.6011481092257577,145.07000732421875,118.22207178952088,48.95551229375924,2.6953729407253726,1.1405557464396325,0.2240276637703668,2.867573029064807,1,0.0,154.73223069221905,-7.6235492360473724,4.975677281999428,-0.22352690167464678,4.934942221059728,1.6668492919358104,53.60523321956768
GTX,0.589381851485421,29.139999389648438,59.005893148297694,27.91641582208942,1.529465329611614,0.1425201882966841,0.9951987700466816,0.0,0,0.0,13.783673155135393,-3.0490963355349883,4.387685065559009,-0.9853921593962337,8.974366570320626,1.859441429627089,53.55290102389078
FLOC,0.55371588175668,26.34000015258789,44.994931537012775,8.829484269604261,1.0381476258603035,0.15694665599997548,0.8352289752151921,-0.03796594086379973,1,0.0,21.43844861144408,2.7557404023378758,3.8621321699699824,-0.8283106843744932,-3.2801409069291,1.0465674753844894,53.526734926052335
SAIA,0.645271142894639,446.17999267578125,52.032160635896865,2.764538940730658,0.7250050789053191,-1.2808257853840972,0.9480503509247223,1.3144897419512214,0,3.858328777920443,16.911218831869125,-12.499369248980985,4.631619977616052,-3.01488870452902,11.250897708613286,1.177156936462489,53.47098976109215
TKR,0.5535367397458814,117.38999938964844,40.83143554288389,7.099847108908327,1.463736451181608,0.04616729109510054,0.5537111587468726,1.2288076164117276,0,3.279531246127036,18.973906692012722,-1.4499489244380888,3.449582294523542,-5.078029329851693,8.02730869961112,1.2539365522958181,53.35836177474403
MOG-A,0.6061172368001214,312.9700012207031,45.95591130750238,0.8871192190746079,0.6054906018351038,-0.30954699283521625,0.801967665620654,0.6358405682994906,0,27.98388538526505,7.38745491314343,-1.1543246951092565,3.790409003579118,-11.640318906062777,6.113862232327892,0.9126471503420516,53.3094425483504
KRYS,0.5717891704393675,312.8800048828125,45.54322060827711,12.779218561987694,1.498559077809793,0.6691116544136116,0.7303130997322463,0.492204206367791,1,0.0,8.69928045560452,-3.399273106230707,4.338701470772902,-0.7250181968650982,7.963289450172015,1.3768949114506908,53.26507394766781
IMOS,0.6320258030866157,57.16999816894531,149.6540284404337,18.21753220560551,1.9891624234006318,2.410053610284703,1.0582532382371992,1.3116967416102778,0,4.831476670107128,3.0090057097571576,-6.306531020813065,6.000888173726994,-6.691696194090564,17.671930942803947,1.1027575487545824,52.96473265073948
WFRD,0.6594750700735549,102.27999877929688,33.38810301018276,-2.0766783255903096,0.7138718232373782,0.4282879016303119,1.3101329519601963,0.8114996489563687,0,21.05992677899813,12.742861842623201,3.386724601599162,4.465269050101565,-8.699464645926271,13.900996768545323,0.8394480881724401,52.90898748577929
CAMT,0.6392005485797125,207.4600067138672,61.6036637083631,9.070360202595154,0.9918113747481869,1.1217419837003848,4.111635256534286,0.16388524384746386,0,0.0,45.30046819379573,-5.545082383301756,5.701614957979596,-3.9492562444179167,11.995938768237128,1.018303872976961,52.89647326507395
ARKO,0.6445742448774979,6.789999961853027,60.87816519372111,3.735390263999014,1.113952685116082,0.5116468771590565,2.430043634104786,2.36671347922701,0,3.842350172073397,35.52893515562122,-25.314179599718102,4.331685380894975,-4.028266502546082,6.065315721975047,1.1309032399439385,52.820250284414115
AP,0.6414198048202435,11.859999656677246,503.5875205338084,13.50911322689779,0.7902244341350153,-0.4152464414017325,2.3608747137689945,0.3507527393115267,0,1.4218123386255013,78.88385295885496,-11.301366953634409,7.2462053680378276,-3.5772400585268365,9.440172217267877,1.1036755881991596,52.79977246871446
FDX,0.580884671469081,378.8999938964844,36.79904546727282,-1.0460827537287734,0.8499472917370856,-1.1658434450330544,0.8999745888177526,0.6545211160444058,0,15.841084436213274,5.587289243943655,-5.880769651157016,3.2300273275176616,-6.219836388059313,7.209296967339441,1.2223552887742348,52.774744027303754
IAG,0.6827706776784608,18.989999771118164,46.804000691605616,6.739360831562689,0.9442983118390755,-0.891060368687604,3.1332244365168065,0.10532100054596791,0,41.67737254866212,18.17050486349857,8.366338961108182,4.387647313914879,-23.642946801203454,11.436709404680842,0.7444922632964492,52.73378839590443
OMER,0.6364857073199198,14.359999656677246,107.31682898081594,3.127577795237625,0.6973723328491802,-0.41753315992848866,2.7855193714488613,0.20891179447314773,0,27.513180184674745,-6.510416811761967,-18.36555475735084,4.352368266450311,-18.640226814580437,4.2323669773187795,0.8897878797468354,52.7155858930603
CGAU,0.6802324798467758,18.729999542236328,54.55753001245001,1.6195072997285065,0.9490247922172723,-0.4257753554203754,2.82968873235717,0.18686518027571614,0,25.657347011753618,18.46931717226184,-2.0449878805277972,4.526732253314177,-11.281393375590278,10.984319820201433,0.9265138210466267,52.54379977246872
AMAL,0.558138277021728,41.18000030517578,38.30341631889469,-0.8583692563562604,0.9819100610165779,-0.21865640009523848,0.048568376918327515,0.4856745057125678,0,12.748176930856445,23.782254209566673,-4.681865251883729,3.529079067320151,-6.036618517963546,1.792688912896402,0.9453751562479472,52.46302616609783
PRLB,0.5588583037921839,70.94999694824219,34.947343841631515,9.021338767162453,1.0649684255592358,0.07340393716413747,0.584920272546645,1.6067645365284453,1,0.0,5.6275106182572525,-2.674308044110759,4.077820150161975,-0.5815188508990561,7.635311756739224,1.4202298778556177,52.39476678043231
SSRM,0.636358913898019,34.7400016784668,64.71170345609025,12.664185618168247,0.9976776044287834,0.33432209658266987,4.432921780024839,1.3241193501281274,1,1.5477526334804366,30.650626095536882,0.43668524951885274,5.1032162000042005,-4.874038217241398,5.156874839486818,0.9184549466029727,52.37201365187714
VAL,0.6675520370849946,97.31999969482422,69.03536424568392,2.6279156157212635,0.919637446208874,-0.44568135006345,1.6440592674906738,1.2124951796793033,0,11.946398047490772,16.105941361238813,11.406079626983288,4.6812429121884165,-7.6178284995127035,8.701091779417567,1.0249247660440652,52.32536973833902
SYRE,0.615364407941091,76.43000030517578,230.43750926469951,7.173533109255438,1.0312794243359045,0.6547301949668219,3.100880200298164,0.9943767279679812,1,0.0,20.79974672355054,-15.994940506568343,5.605785345849889,-3.0076175821913074,6.649609177398938,1.2708227078828702,52.30375426621161
COHU,0.6105105776002385,51.279998779296875,109.54405860676076,13.25088136390646,1.191934094216993,0.5038436878409923,2.2392749575096413,1.0920389467889688,1,0.0,9.26912091570699,-17.676772234211686,5.310939492710714,-2.19022969249369,8.410598845282983,1.4238895507960456,52.281001137656425
HAFN,0.5524514468117298,8.899999618530273,43.78579806981069,3.0987510839864187,0.6674598470294459,-1.1078687844571975,0.11236212707123389,1.1235891243856924,0,3.2041012324659155,19.982270703311976,-0.48426102590555936,3.1139649123150774,-6.6596773883282685,-1.6156525767336398,0.9521917578597312,52.25938566552901
NPO,0.5934994183341201,315.0799865722656,37.60712333418963,8.831032126631893,0.960174841422513,0.016821211275713732,1.212392880222014,1.7722531200120109,1,0.0,27.06887322179366,0.589347046293311,3.990006501430496,-1.1978699897519451,4.520466270085121,1.2662014184694241,52.186575654152456
ALB,0.644001219956082,209.99000549316406,120.44679412906893,7.26307979965828,1.3174445239194001,-0.042211050152032116,4.226391622360642,0.09048165933379645,0,1.6791780257420768,79.39301987849198,-5.069303525055075,5.7205114927247145,-4.981897966871547,9.167748109556621,1.1091574029437905,52.16154721274175
MCB,0.6128602350976389,87.80999755859375,23.537427338252613,-1.463950251839294,0.5698524924429899,-0.13314975924075467,0.46122171797353223,0.8768894937547799,0,39.81979965303039,2.0384403359271954,-1.1403885361608874,3.032800155543268,-9.996752133982064,5.692222184068381,0.9840830723058496,52.11262798634812
ASA,0.6759966156973725,70.55000305175781,46.01895039017585,6.197317336851346,1.053544542071223,-0.7390160197859498,1.2897190803882883,1.1038992638640648,0,27.247546006959467,-3.361957522451474,-2.2183033946069237,4.322800750522039,-15.151326668088288,10.333381573021063,0.8781278667248513,52.086461888509675
VOXR,0.6546430038534872,6.010000228881836,44.482939144157776,8.616097320223508,0.5728087071163607,-0.8916678093532951,2.4958338235075677,2.57903833410331,0,5.795986780300214,16.70240270504775,0.8756600769188944,4.039695790825839,-8.514728276103096,4.35458985861723,0.8719167242084379,52.0716723549488
CTOS,0.6044006345625963,9.84000015258789,58.734919066651095,11.092294533004493,0.9998873908241854,-0.14924743263784174,1.5243863433841525,0.0,0,6.703552496385673,58.96607529946869,-7.0652170030268895,4.333622435470392,-3.5766758825201803,10.47486055696397,1.4670246223424288,51.86348122866894
MU,0.6214293734123654,795.3300170898438,223.06436558911784,46.24607055244911,1.3193452256133191,2.2837769774955654,2.934626547314959,3.0289346985274355,1,0.0,79.09472731945394,-5.124722429249032,5.766608303702088,-2.8509614750154335,10.20200392893997,1.5453720700311084,51.720136518771334
PKE,0.6202404221149032,34.869998931884766,73.92358258828796,3.6332538523819964,0.7741667459884639,-0.23967463624540503,1.2331526192570714,1.8503087366322815,0,1.135045871559633,50.51511015086528,-9.167975011708686,4.634601016551448,-2.7607408298632596,-1.8168018109243689,0.9400109051754226,51.70534698521047
ABEV,0.552391085437336,3.2799999713897705,25.746409645125667,6.910037530605787,1.683794954331366,-0.2039536519674943,1.5243888029625434,0.3048777605925087,0,4.807573328698369,32.79351955746173,2.848106016293056,3.3318825382677657,-4.927538373769175,7.5949368019622545,1.1789774926595185,51.67463026166098
CVE,0.5545316565845272,29.1299991607666,63.4556077074575,6.374040171818862,0.8070331310928279,-1.1015008517843676,0.291798813138497,1.3044942385901406,0,2.61065067451537,17.034953294178056,5.321169315451052,3.235496538257074,-5.575368555523592,-1.8825606450901442,1.137313814759676,51.605233219567694
HXL,0.5744218764589683,94.1500015258789,25.84473401729126,4.0666619090122555,0.6388442342580275,-1.260365091807255,0.07328756560978504,1.0515112562020474,0,2.6530625952967886,11.792776734435824,-6.3561781483039415,3.939317085065225,-3.995415686631904,4.434130701136603,0.9566651837688057,51.49488054607508
SNDK,0.6107639405400253,1547.56005859375,634.2095297553233,38.56571239687446,1.083645633935281,-0.11364059528450465,0.8884954043389813,2.138210255999512,0,1.0158880237134504,619.6615080471871,4.144879839234494,6.699703044570675,-3.277496337888577,17.002954349064446,1.5797125991223968,51.345847554038684
DIOD,0.6053452103771952,111.98999786376953,105.27665985838055,9.242015513511998,1.5045385465926426,1.317380429374519,0.6161286316296243,4.41994629921361,0,4.588450372528705,43.57692033760738,-9.517336644540547,4.926453902453431,-4.93209256148,9.29210560642301,1.315970943379662,51.34129692832764
SCCO,0.6700493832249264,185.22999572753906,27.77765276543431,2.305079927425636,0.8459525980313854,0.34354778718479223,1.9273293460858436,0.2753304100829069,0,40.63645215364342,-9.771293684852068,2.8618037662752993,4.226791523225327,-17.26740978486248,15.267980469519113,0.8103264000126895,51.26393629124004
SFST,0.5823158988436017,56.220001220703125,15.786990020585057,-0.9120926905354854,0.8657199042557022,0.19326114389468585,1.1205927423117257,0.48025694040618616,0,36.856001558846444,1.995650054633972,4.134628770503176,3.178203800870675,-9.322578676134919,6.053010492153552,0.895215692001556,51.23435722411832
HAS,0.5749078152541134,95.19000244140625,15.351541217800623,0.3145722741893384,0.8939523681776246,-0.41314469264874276,0.31516235325167297,0.6303247065033459,0,27.322410202922647,-7.840104285967925,-3.124661537860485,3.062295625479578,-10.40728376895075,5.120994740040477,0.8628575805497348,51.15585893060296
SKYT,0.5964596293143085,35.09000015258789,76.62652602893574,6.916514847384021,1.3766441289427427,1.0871955658027745,0.797944651100965,0.5126848739226365,1,0.0,8.469866484148392,-14.845353026448812,4.3044221896884025,-3.248046082562144,1.832990580250886,1.1952228354654535,51.095563139931734
NHC,0.5947959654200949,189.75,42.18834024182188,10.720161540917545,0.7690125798108728,-0.3892598229092092,1.3122478178455217,2.2397891962991316,0,0.0,19.95515664775032,1.7806628324057174,4.184829594163196,-1.7857127343271006,-2.685023179237598,0.9771017047146755,50.95904436860068
AGX,0.6371149415459033,683.52001953125,109.04813948379883,4.453669506716392,0.6938158773132406,-0.10045390973894203,0.950959710653115,1.7014870889621063,0,2.9635760255821637,44.36547173725243,-2.1338845295020135,5.178131202518475,-7.918627135695656,8.210519632869326,1.085541031988969,50.81342434584756
NE,0.6157377183491829,51.0099983215332,71.05140375399104,3.3846748239320976,0.7866180028563039,-1.2006222690915174,0.7057451915118678,1.0586177872678018,0,2.4087733811296475,12.559243800299216,5.797977640054113,4.036183163805768,-6.523733540653534,2.7432801199577703,1.1163822586450394,50.738339021615474
LINC,0.5728626233930537,49.5,167.0135030224569,18.504686342888277,1.8237994620295332,2.2931718648978525,4.121213970679054,0.0,1,0.0,9.780438750034465,-3.133617495850457,4.334776466887062,-3.9580925092168098,1.1037569187132321,1.2883307734914644,50.65073947667804
KLAC,0.63838679769794,1845.18994140625,42.48553387703402,2.609114626057801,1.2578303788640877,0.4544695180635244,2.4127607967175684,0.08676354192655744,0,2.8607094391894883,29.388322914313513,-2.0658259583975616,4.509797943441796,-4.855727902841773,11.806762273120677,1.1558987814873583,50.51877133105803
AMKR,0.6085435996346724,76.69000244140625,108.12970037881267,7.7780382363930185,1.179236928111284,-0.26430032938430337,1.6428516286040573,0.6519754649577656,0,3.307275235834301,61.83015862970189,-14.890807443816145,6.17047497317639,-3.205857387197755,12.986192978328031,1.3878466054782945,50.45051194539249
HZO,0.6014134487506164,33.290000915527344,31.405537477276635,10.625573776921717,1.5176307353715093,0.07182605186722156,0.21027243285375313,0.12015894991304933,0,1.7317779962834778,10.966669718058924,-9.773623143059428,5.216067570575662,-3.3110641286981157,11.93442422796424,1.0157713381823494,50.315130830489196
POWL,0.6203040661583485,322.04998779296875,147.05857322824968,21.235959918001804,1.2584463838547906,-0.8031454597733187,1.8475430624260003,0.10557253556182011,0,0.0,238.81827677808047,-5.528620507257449,5.981988380807515,-1.814028111894241,7.629877978316024,1.536147233611421,50.23435722411831
HBM,0.6665025863622553,25.5,51.13779625984041,5.86843262480093,0.982576384047712,-0.41027352712118403,3.3137227973386465,0.45097949456335007,0,18.51287374866105,-5.210192708361223,-5.161819896380704,4.976190839494978,-11.245869169294759,21.320153243442657,0.9893228753190183,50.18543799772469
UCTT,0.6155667192703125,85.44999694824219,216.09850081701322,8.048298287739486,1.1126704343398004,-0.2847622742917296,0.33164876533772014,0.5149149534470765,0,0.8120023698831382,40.820693009366074,-3.2354442481270187,7.740816620624144,-3.1875050782516343,16.67765141862531,1.381293782955511,50.18316268486917
NEWP,0.6326371947198315,5.96999979019165,174.7256843075857,8.663993154117348,1.2058049384639162,1.4727738886081256,0.6700241220980211,1.5075402970814178,0,0.0,17.51968267080425,-8.33333490852236,6.759990209491036,-5.388275049401008,18.80492373836668,1.2767295268754897,50.16723549488054
PSIG,0.615288093196616,6.840000152587891,79.60900631764449,6.21942937420096,1.956003778452956,-0.3079922315044685,2.339179003207802,0.5847947508019505,0,9.24560519401729,1.4836852351747138,8.408407740625659,4.097745042307844,-6.301370220069165,-2.7463663117124106,0.9687617908437166,50.04891922639363
TFPM,0.5958646072310823,35.52000045776367,17.398223608050124,5.577600758975235,1.1975829992382345,0.8167962048887849,0.21115079383662727,0.0,0,40.1213554914776,9.629625879172963,-1.4594455294990667,3.3669152187992895,-14.820144345225064,6.251514721464973,0.7937887016981713,50.0
OII,0.6172592250927597,37.93000030517578,56.83737578989447,1.9733310141325073,0.7883633718428097,-0.955213017998689,0.448189210580189,-0.07909990443436825,0,4.996592176463299,4.836926437784696,0.881650623444528,4.845392480493408,-5.458620849847356,3.633805395749312,0.9346998468571943,49.87144482366326
ARWR,0.577274148486901,77.73999786376953,85.39288308420265,6.5624861397518375,0.9526686742034532,-0.1871139065760265,3.248008226436027,0.0,0,1.2476798476646513,20.489773571491504,-8.559333760815209,5.020030420841076,-3.145831364913821,5.452822408604212,1.295597432319627,49.846416382252556
GILT,0.6140832125019949,20.850000381469727,55.08293180575639,12.818572813122445,1.4906051170455639,1.882640755295967,0.3740964679109287,1.151078017820811,1,0.0,28.307694653456306,-0.4376363276622984,5.138059301879049,-0.37270220213690824,-1.50943255887483,0.9833426425750244,49.81114903299203
SNDR,0.5846132233176862,29.84000015258789,24.778890897059647,-0.6277364245394426,0.8074101002503669,-0.8756107374943993,0.11729171324384553,0.0,0,15.022828168415248,1.5311356661090583,-6.759158937061721,3.409612576842052,-10.497900371555179,9.654683587566911,1.1056668503437443,49.808873720136525
SYNA,0.6252020257430975,126.55000305175781,73.52808355539399,35.05942098436453,1.7318038336544108,0.8583974505264604,1.019360635644988,3.188465874968972,0,0.0,38.351373524122394,-12.288760562063612,5.476943554298198,-2.4888239774197305,11.613060631815946,1.6453175007038134,49.75426621160409
HTLD,0.6380184234847339,12.670000076293945,56.26919929756391,1.7180477969988288,0.9881215617905967,-0.038183510979334506,0.0,0.15785680853715958,0,8.354656267998603,14.580492456164123,-6.799637516672663,4.256399849261609,-8.979885007608424,7.978240499962028,1.1149186983872963,49.71672354948806
RIG,0.6678547061875728,6.550000190734863,57.028468333670986,2.9955206957479548,1.159327069663193,-0.32919122563781755,1.374040810934613,0.1526679656787789,0,13.204125228980121,14.71103584639169,11.295180948309364,4.7110152666717715,-8.263300934184823,8.487657238134174,1.0314803507273427,49.55403868031854
TSAT,0.6199526638155834,54.90999984741211,93.51012413458545,11.401906425871918,1.1306651492546913,-0.2751197058150093,1.6663648116069043,0.45529047658015886,0,0.0,100.47462968239284,-18.08676513891724,6.702526428839441,-1.6390522221334118,1.7834378112351075,1.024205783203946,49.52445961319681
RLMD,0.6282398176432928,7.360000133514404,171.07210321560913,0.5395828857328628,0.3782146073451,-0.11657603843391871,2.5815224694013508,1.2228281378126447,0,7.75071929969032,2.649931034480094,0.1355044542738259,5.742430767887457,-7.999998330069946,2.41228365944301,0.8937352288273571,49.467576791808874
OLN,0.6562425925364787,28.420000076293945,40.355806438560315,3.3041336565230757,0.9095247706141248,-1.046480718588259,1.8648862955808008,0.8796622073190513,0,12.832968627047276,37.65241037835072,8.664631729120543,4.845681316022615,-6.697304889781337,7.152535578291812,0.8975254122206837,49.41183162684869
VPG,0.6337235969511236,66.5999984741211,90.22743080449843,14.136859120759976,1.531410968589025,0.20573366798315063,1.4264333324145642,1.14114437482213,0,2.131925483360704,43.44173602398716,-2.309470331139705,5.570571369166231,-3.2820245660263723,5.665293309277215,1.195134180472797,49.25938566552901
EZPW,0.6148891322045548,34.650001525878906,85.84295417207504,8.782674714842265,1.2187212160563081,-0.0597039309818917,1.6450206917943573,1.183260690750798,0,0.0,64.68631187017027,-3.7149559318124035,4.009480988873918,-6.679233694660984,4.5231840627062985,1.4095638028309643,49.19112627986348
IESC,0.6284943694371776,685.1099853515625,62.109163474112286,13.817178100136482,1.1634614979527529,0.10428364898688983,2.2025699782646306,1.1107506012095139,0,0.0,80.15461094340904,-2.561822333684187,6.065240956493769,-2.1551023410987122,13.061473990045732,1.3558953179331772,49.170648464163826
IRDM,0.6154317829961862,43.150001525878906,148.0289320745839,8.077649923456196,0.8038324768511778,-0.1621731463280286,1.042866587065765,1.248895594318551,0,1.6753231070806316,154.7648903400677,-18.444948042631164,5.955968531583963,-2.7276804954845333,-0.2505181102526987,1.008878268612896,49.07849829351535
WERN,0.6292484166601854,35.40999984741211,28.693920444373155,3.0843793751918303,1.1034129250666072,-0.7427519741994929,0.3671309479575274,1.1437412624418195,0,14.229882338583739,2.3126073893737913,-5.34591447695624,3.956712304370952,-7.930315417538872,12.225711626573888,1.13179272884361,49.06484641638225
LION,0.5934073615035097,12.229999542236328,63.04844344522951,1.9931582554703124,1.0539851867530368,0.15111823161258772,0.08176802334687296,2.8618106366894644,0,13.248631634006463,-1.7670704448317853,-12.466126037577725,4.091228994266903,-5.923080443880316,-18.444442746974055,0.8871300533167018,48.9283276450512
CVGI,0.6458897810771992,5.210000038146973,269.3717218649371,19.290211162902455,0.5832684861065114,0.037346906416392496,2.3032607419851283,4.414587664977138,0,1.185342200666559,156.65025172456632,1.6666594758679245,7.718673309072297,-5.2727265781872745,10.526319452424955,1.1793746895790431,48.797497155858935
TGB,0.6684195016381941,7.570000171661377,62.306302688232165,3.2108557896401018,1.073452196577645,-0.20239060697386807,5.2840169913338855,0.13210341682621346,0,31.043691413322456,-0.656164234147819,-4.330178313930811,5.22740124195605,-18.162160304400015,18.91892210963518,0.9937355634120635,48.74175199089875
ESEA,0.5653674913301311,71.56999969482422,17.73695910108122,1.3466628442617539,0.5673862212392206,-0.4030811440199825,0.4750542676199875,2.1657161636794697,0,5.671616389397097,6.234224101160407,-1.6294230824213825,4.245593833900744,-4.266990837628172,5.7899318136593125,0.9134944653539843,48.731513083048924
CGNX,0.6091781133438419,67.26000213623047,59.818279335708866,17.761381858151516,2.3915092626107777,0.6215090616433944,0.8251565381211481,0.2899192516027002,0,0.0,14.81118327380329,-2.0040451641838044,4.284545294371514,-6.453406524496154,9.099265852949785,1.4032738648619643,48.7155858930603
BW,0.6390995991276083,18.90999984741211,256.26420585824025,17.96263185013077,0.8074079266629366,1.946386868822755,0.42305618375122495,5.97409132607914,1,0.0,60.25423339956673,9.320169280865095,8.423358907107813,-0.4212739582204398,-47.85554050353143,0.9166263944340036,48.63936291240045
KGC,0.6519059311138768,31.809999465942383,23.06733580986662,0.188975297750543,0.8688703484749075,-0.019609539540254163,3.0650751267159477,-0.11002781514813274,0,49.31464445090174,0.9152478006944638,-3.335315279273275,4.099114734787095,-18.565967750358244,12.003248775756745,0.8739738631068399,48.63139931740615
R,0.6313940889316682,232.47000122070312,29.13384017809273,-1.9047699071906923,0.9548103413341857,0.49012850396519225,0.05806964603023995,0.42155793108309725,0,12.489277562906773,2.3510748131328048,-4.302296406901641,3.9091071872328955,-10.243242771889745,10.236501591259016,1.0807327759855394,48.58816837315131
ATI,0.6189487917379144,161.16000366210938,56.58832999377186,2.532130900356803,1.1333912931984733,-0.5030437145718316,0.1737396208318458,1.8459953064623964,0,8.914988125365705,25.57270395859702,-0.17096030124684525,4.838802634955784,-5.814971020216394,8.252338347164944,1.1443560298835012,48.57110352673493
SA,0.688172696112719,33.33000183105469,38.47465156851906,10.154512573280638,0.9080336429463466,-0.07592338479696435,0.39003074189136594,0.4800475206041893,0,19.349268172183407,36.43062388185493,-5.4580306285696,4.952638388432333,-16.799798580524726,14.739515786074497,0.8538241320348448,48.56200227531286
ENLT,0.6095204476110467,93.7699966430664,164.06508930503782,7.834282909141868,1.4141713747369342,1.3217461963409907,2.3781629910879434,0.12796749651488132,0,0.0,33.89975478687119,-9.821307569986205,4.435168782067934,-2.3229201634482965,-14.976204661809492,1.2793263600606892,48.54379977246871
PPTA,0.6849732890445644,31.540000915527344,40.35073443800439,6.258794371991113,1.0024762228570623,-0.39297404377676876,1.7755153529507492,0.09511948564905427,0,20.479902138701927,42.521473615860536,-9.117549073406142,5.127275302363733,-15.600744401486066,12.696690796403592,0.799838961872031,48.52332195676906
BWA,0.5520829991198407,63.150001525878906,30.355195686960144,12.059483662499185,1.5864431897256184,0.24513988869742298,0.855102276759623,0.3562921119254864,1,6.415089468565198,40.65518743419679,-4.051527470622731,3.2315352131196793,-9.621817758673714,9.756095291503195,1.351325823693378,48.51763367463026
FLXS,0.6241774669149098,55.630001068115234,51.59497105065014,7.3016445346914,0.802138422767462,-0.07958338621005574,0.8628429498679538,0.27863129788828145,0,13.912897892555929,-2.912542955264191,7.996818024820322,5.381859750744054,-6.799282606337053,8.66524868725224,0.9653565848244297,48.39021615472127
BTE,0.6107527910188164,4.800000190734863,90.71911241686041,2.454647276590063,0.7685464899486436,-0.8608756516414459,0.10416904669144977,1.0416705987003663,0,7.783256237066253,7.382559641132301,1.6317056472612168,3.9657743047508736,-8.396938922106859,-2.864588835708878,1.045884249146337,48.2957906712173
RRX,0.656335942663039,211.3300018310547,45.89689126912619,0.362117021414988,1.6649497310931654,0.4413170905781536,1.6112235602036524,0.9416578223216658,0,24.429443053186382,5.872955263739019,0.9761382060758353,5.0572563797846355,-10.585996880151091,15.603223783681772,1.0174130233888807,48.15585893060296
DY,0.6123690637047964,430.95001220703125,41.40195791224248,3.5595227650980386,1.0434217591610728,-0.46553170361017276,0.7054131433406875,0.5986529635566793,0,3.1445743129054766,25.137930802174736,-3.3530664187556,4.561349217533426,-7.286690457256892,14.98737758579728,1.1860142832133265,47.83503981797497
GEV,0.6518225076620684,1073.0799560546875,84.38654560337879,1.100858885146215,0.85398683618838,-0.5818271441240142,1.2254468401774974,0.9906069741424615,0,8.196701687121156,48.61956236986349,0.09484244551984425,5.3265562516705005,-9.211049504181917,9.657733571980573,1.1233900311262406,47.778156996587036
ENTG,0.6296489339739594,149.14999389648438,63.382183688295356,1.8544169615304726,1.1628197038752666,0.2770382082997352,0.3888715084047148,1.025812163524789,0,5.9645478224841435,11.850365044015884,-7.858329896651882,5.4345815475025505,-6.218574181717995,15.107585732131145,1.2650371231753306,47.726962457337876
TROX,0.666131227864437,9.329999923706055,189.9645153787717,-3.095138740869616,1.284250820037757,-0.32849114904861526,2.6259366295418363,0.42872413907642726,0,10.507064733627313,99.54570331807462,1.8927476427413061,7.322768804373929,-11.898018985910477,12.566845651040842,1.0466726030802118,47.69169510807736
THR,0.6217032165737546,65.47000122070312,88.68341650228926,11.209254936975533,1.74055526281017,0.7249755729713181,2.1383862834186256,0.1527393802582434,0,5.53844878532337,29.694932278332924,2.0806975146253337,4.625892815107855,-8.099377900065681,10.85072558857787,1.5521363510989459,47.68941979522185
NWPX,0.5691026871365239,111.18000030517578,72.66627170159099,18.823309798426315,1.127539573464082,0.15759454747010293,0.0017978965296661055,1.0433564120479137,0,4.440615704695804,57.167095931658885,6.499714494690304,4.472799928280202,-2.7041186913792354,2.925253463496107,1.5650590123695274,47.65642775881684
ASC,0.6091471872083776,19.1200008392334,38.252996537229286,11.030462499059812,1.297236578911492,1.2205828450901826,0.8368192488539464,0.10460490002482516,0,0.7619584803757631,42.43283046298871,-1.0821137865711683,3.915124329155631,-4.447773010613769,2.625148800404999,1.1470218893252413,47.60637087599545
STRL,0.5942574326639658,868.1799926757812,112.44601723411239,51.076238602395755,2.256882422118162,-0.01893648157933021,0.7855522336089817,0.892672034068088,0,2.0214485573505994,7.714639289789591,-3.0238345202803023,6.234634966273467,-2.3364665331023606,7.712615129652288,1.6547494203738393,47.60523321956769
GFI,0.6275059871507688,46.13999938964844,14.864913464352703,2.058194107532935,0.917945319706354,-0.6330779066658495,0.585176552512905,-0.10836419098583824,0,50.463761803307804,-18.983279788823882,0.36764768900739364,4.1767315558121,-22.965767116503642,14.27600461490818,0.7365837089707757,47.58589306029579
ATEN,0.6013817817017106,28.020000457763672,47.59351372406662,3.5189826745380763,0.9057648563203612,-0.2749311271959486,0.0,0.07137921997219823,0,1.0070511994403226,30.56850723601292,-9.185715924806551,3.859487902086715,-1.9937030142082277,-6.2824458464717265,1.2557188296641675,47.49943117178612
XENE,0.5943141494186656,55.779998779296875,34.71943599921141,-1.7767549139456935,0.5446512722175312,-0.36632801800544246,2.09752275820879,0.8425912805359835,0,33.58249529273134,-11.121733156149952,2.576789011648661,3.599216188432098,-12.775608891391183,2.984041011236084,0.9688007775549095,47.38794084186576
OR,0.6503135550213561,39.79999923706055,17.336487522283118,2.0421220095135384,0.8286360528984319,-0.7636591347714671,1.6959780150323431,0.4773834933325567,0,45.53540172616378,21.272268818419647,-8.284774148842988,3.953697598042822,-17.057442545842374,9.052550057570038,0.8136700924870344,47.38339021615472
LYB,0.6571962008394332,73.52999877929688,69.74011984184418,1.4213870450423822,0.697647358851114,-0.5646512429528968,0.3128020682018908,1.6047876033583923,0,19.47528338891749,0.2864144644624382,9.177592516262054,3.9410542216339524,-12.40171951299619,-18.089042675761398,0.837756408615515,47.3674630261661
ARCB,0.6604555679326953,118.30999755859375,71.72693767395238,-1.3787269901618682,1.0270508055015317,-0.8414762422157037,0.7902946309527086,0.43106628125746427,0,10.93086607035492,49.09156042144149,-9.754976291058478,4.644872950375158,-12.341457532095342,9.136964869709468,1.15451116799726,47.35494880546075
CBLL,0.6439763725377325,20.059999465942383,62.60915044707973,-2.3678020870810603,1.0252282912144568,-0.2716256309631891,1.1964096585030752,0.2991000375710785,0,53.906912779846586,-5.466540456612623,-10.397073325354716,3.881212111531026,-17.550351298717732,4.499197370703179,1.148432913380357,47.35039817974972
MXL,0.6224837633376603,102.2699966430664,579.1607128199985,80.73853484481657,1.4892356878192246,0.7886342805995926,1.9556077692665474,4.18989322647835,1,0.0,69.54575125958806,-48.89723292794167,10.204080528869914,-1.9180973092644789,9.810671302978044,2.816743780054548,47.22298065984073
EQX,0.657821916635108,14.859999656677246,19.438218178725663,3.0263094335288403,0.8788513871735842,-0.9438941837779767,1.1776594533395661,0.0,0,37.53933806133393,5.488655417648182,-2.1234283673356997,4.32849421688929,-21.551151416174918,11.353956783995285,0.7536416791099819,47.16951080773607
HLX,0.5702789565265952,9.970000267028809,40.14036189046122,1.864624979458355,0.792521046663846,-1.0679632453735826,0.3009000217120628,0.0,0,10.067615699422726,-5.497629508674713,6.7415715006782335,4.212637882902653,-7.255811468824495,2.0674601636347583,0.9502002907305003,47.16382252559727
KNX,0.6484162933783727,61.91999816894531,29.684142235696708,-3.066738262783623,1.806292786321816,0.600740493744389,0.662138315297702,0.4441177637423104,0,18.984335906263436,-3.6564471710425277,-5.99935784274844,4.121101345659495,-8.605168754197248,9.318115599397162,1.0905489120167418,47.12741751990899
REX,0.5776717148909435,49.400001525878906,44.86657694950959,5.151130704409565,0.7116261002560795,-1.0565072560155724,1.5688212292057497,0.20243377677619584,0,2.3921555723734,45.67974564350269,-1.4623891054461482,3.3668309634003304,-7.421287554539916,-5.118109180220766,1.037823325376265,47.10807736063709
MCHP,0.6163448762891773,99.02999877929688,58.4337239311413,11.707075933550726,1.5699606827526713,2.1717753253885954,2.1660146408965826,1.5029822666307397,0,4.31154498599945,56.599740693814645,-9.299790692033362,4.722594832821596,-6.496085964360085,13.223476456537368,1.4573979154942256,47.0136518771331
PRAX,0.6346554894973537,331.80999755859375,81.60077414894462,-0.42852343597994164,1.1214411269510522,0.16350941195401808,2.848019130386211,0.5695983076941284,0,10.596118253709037,33.799746041540466,-8.066248367235989,5.914744265644452,-6.7949445059939055,7.73274195837997,1.0803393887083939,47.00682593856656
ATRO,0.6880172647760654,75.79000091552734,50.30077410995839,2.1490531480552777,0.8771845307798332,-0.3755663621685017,1.0819365152499996,2.4574421425519883,0,23.7138805710238,38.328161432217414,-4.520382789634976,4.72004517151426,-9.73082212712761,5.742997674297851,0.9612893029132523,46.94425483503982
PPIH,0.63213109383209,33.7599983215332,10.213575596667734,3.9792974305822515,0.7380096556649618,-1.0838295062200491,2.4141068776720718,1.3921724803290596,0,4.702983949550477,3.5900526647174793,8.837871308821398,4.471691601856062,-8.06100980579606,11.677475761226438,0.7661999989817064,46.806598407280994
FORM,0.6075814206055552,151.39999389648438,168.31248749843354,7.457049365656412,1.3475390800387694,2.940891687581218,1.6380522366515975,7.998679721580082,0,1.0105025674325023,11.38085930563404,-12.330367655555502,7.34242362506398,-4.8337435529416615,14.027099011238885,1.4158780310188939,46.756541524459614
THM,0.674789751063764,2.8299999237060547,56.53536071878198,13.40412579690291,1.0002439641550676,0.503836672275072,1.7667912390512404,0.706713125746497,1,24.682651131548734,-8.116883315309146,-2.3809501273754647,6.410905465887487,-22.465757534567217,13.10541422409539,0.8034746475549831,46.7349260523322
DOCN,0.5930404778292676,162.72000122070312,234.7042077408111,48.92848048894341,1.4561499329874592,-0.034201927307481374,-0.006151527501134831,4.443212680221359,0,0.9505975577133026,82.05415777595589,-12.144730955998174,6.888608295404495,-1.2441603438666664,2.871923958050249,1.4511178959626883,46.67007963594994
AKAM,0.5778163980365614,153.00999450683594,98.68248180234215,44.533808678901366,2.12283985131808,1.660918313754611,2.1632657579196897,0.6339463143065791,1,0.0,3.58810341346718,-2.822835723857873,4.873164365415949,-2.117459482007596,-1.524545186797276,1.3030858058219923,46.67007963594994
DRTS,0.6356702514101678,10.34000015258789,160.89889844935448,28.815250464142185,3.2933076164094937,8.95299778845939,4.448743049460755,5.029017892066822,1,0.0,144.44444691535148,-6.151829821252762,7.556644472064722,-4.259259536856363,17.39691161697663,1.5724867046807218,46.56200227531286
EQNR,0.6301328476709032,38.220001220703125,52.66673163456266,-0.2557508729234027,0.6068663928825704,-0.7065816416608874,0.7718423849180795,0.41862857744037413,0,29.60931784801452,-5.652918281056296,8.13776117152725,3.8171866635655562,-12.05705930518784,-12.60476110751746,0.8317647370403157,46.47440273037543
LIVN,0.5795128616152511,70.08999633789062,30.47574873252037,8.865827073274144,1.6678706595443047,0.9139932724287917,1.8975629911921015,1.2269839147927726,0,8.567740469645873,-0.2845420045935602,-1.904607761916393,4.300084148355632,-3.696073765440199,9.575068650908506,1.3895894509989102,46.474402730375424
FSM,0.678164983669163,10.880000114440918,25.42060283974297,7.467405560683332,1.0330584001113554,-0.06397041726891128,3.125001369304783,1.33272478148127,0,22.700361907019253,-11.328445732289815,-2.0114946989216986,4.625131930058859,-21.444044657125126,15.666174329403079,0.8885887920532961,46.441410693970425
INTC,0.6224837633376603,129.44000244140625,236.66298431477674,47.79799041289907,1.4912441540056747,1.4860447098160972,1.3906080174548172,4.26452732409136,0,0.0,187.19769983579343,-0.797785579355293,6.480112025996256,-2.4934068237806524,4.801583889611252,2.0433372324549013,46.31399317406144
CHRD,0.5962850546345317,140.07000732421875,57.17592648509502,1.8576141951547793,0.7407798627058384,-0.19950934340400356,0.9780788502470797,0.9538839700189906,0,11.147333270509554,3.809393705927321,5.7138596483056805,3.865924632239999,-6.930227691502957,-11.98670746625636,1.0221483761551458,46.201365187713314
AXTI,0.6269873854672918,125.80999755859375,1307.4562905459195,44.54356578403089,0.9399523910524143,0.6878667635964124,5.301643985634659,6.191877487190453,0,0.0,67.81378619368745,-18.525215580357777,10.660065959996803,-5.034721002416556,14.591035280228763,1.3746640947193234,46.062571103526736
GHM,0.603761249501937,98.31999969482422,47.303117255756135,3.813279055009575,1.4170233303058009,5.148072972114111,1.2408474618363328,4.943036000806092,0,0.0,41.467625459582074,1.7540100423859863,4.717105643779884,-2.6148964080451464,-0.4924914058878642,1.050860983871117,45.88737201365188
SATL,0.6163561815548378,8.699999809265137,429.4524037604647,25.09435784121546,0.9515232771888833,1.1716777255420698,2.2977084079975216,3.9080478161243652,1,0.0,39.871384281804914,11.258282912366532,9.020444209604966,-2.2460995888915622,-2.9999971379770516,1.007280838208167,45.574516496018205
CENX,0.651578950493758,60.18000030517578,96.74020942096904,-1.734103866188718,0.8943853951214236,-0.5207464108044779,1.9940192037790783,1.9940192037790783,0,13.230088582968763,30.712422042051895,9.729173348138982,4.839054295567697,-12.388996700598105,-4.131103950047669,0.8405764665586216,45.39817974971559
AVR,0.6274397836448029,6.510000228881836,50.618208409153894,7.523332974938694,0.6408470385911312,-0.046359493781224406,1.6098270931849605,1.1520780868491038,0,9.481510024358979,7.42574736430832,4.516124863546044,5.192888314633406,-6.317450860125409,4.761911039476662,1.0295465564103317,45.37087599544938
MEC,0.6238008771750517,27.260000228881836,52.41108187560337,21.68828167305124,1.9453259853279523,1.176799889580122,0.7520173220003795,3.301539291785159,1,0.0,70.69505179943596,-1.339716228434079,5.262811838679569,-3.144431389079151,8.666665213035962,1.4489418874993751,45.33788395904437
PDFS,0.6130674283676223,55.09000015258789,89.47989733225354,23.46758074120598,1.654734194156689,3.540045028267872,2.4868377710388168,0.054454128177963426,1,0.0,18.498597899426294,-7.083131035052641,6.648858151398087,-2.4264947822807725,7.400823513675084,1.5537809486090346,45.274175199089875
SRRK,0.6287882459476893,48.349998474121094,56.96169319480355,1.5505601673945208,0.6823619920047094,-0.47001021709751434,3.2471635140368065,1.013439253822653,0,15.403607915388996,29.243514223572873,3.473346536285689,4.35588566948993,-6.34382862143432,-2.3040443803784805,0.9949438569658265,45.13993174061434
WTTR,0.6081069526273085,17.6200008392334,47.124971490036536,8.279043004651347,1.2030628865701123,0.25825046693662873,0.17025413091000527,1.0783230703586073,0,0.0,38.98550318767924,-3.795720698740875,3.9500349286846066,-4.756752220102887,-1.1704439316209774,1.147596535322651,45.12059158134244
PTEN,0.6229720647480173,11.859999656677246,89.55051963276091,5.869222013297923,0.6525312233881824,-1.410886196493157,1.0539629309271075,0.8853330433502612,0,3.4675504235009242,46.89133185295582,7.481059946841287,4.965671571855772,-6.022188872531397,-6.658744705238405,0.9703556552592429,45.05346985210467
LQDA,0.6038297958390407,53.130001068115234,96.61881318094913,33.76301527830444,1.7940109039784504,4.643071315583672,1.5057391698898175,8.469790908052278,1,0.0,48.159509657946906,3.063059648434839,4.792826330184479,-1.4834029900217434,-16.15086475641168,1.352017889398621,44.905574516496024
FANG,0.564557305728697,196.14999389648438,30.2189921922269,0.5348340276169193,0.9502265505477329,-0.2575828882683693,0.44863875105314804,0.0,0,12.103827034887871,11.045060334091477,2.9878418682602668,3.3043222409195785,-8.55904204019775,-4.330863354482157,0.9872169022518251,44.88623435722412
NBR,0.6145883087092199,100.1500015258789,83.01856197452679,8.652611776408751,0.8266491922391298,-1.3927644003277968,1.5476738879003245,-0.10983585489216376,0,4.653073270431941,39.271306390235885,6.3696516362999684,4.702233404140889,-5.340265938424878,-0.7808507282348287,1.112857089408915,44.8509670079636
SCHL,0.5580983818393107,40.060001373291016,35.82831830682063,0.5430459922620675,0.47848821937172004,-0.6340684360533161,1.2980540187834053,0.2246633786828807,0,5.512643825518413,8.080940940481847,-0.45476211484634965,3.6221063944803205,-7.213292183815977,-3.681332263847442,1.020640616861756,44.82707622298066
CMP,0.6258308487120093,29.260000228881836,65.9842151953511,11.630392210730788,1.4545134128236417,2.513454838820661,1.8455194939719648,0.0,0,0.0,36.093024318701886,-2.2444867687208934,5.883214111317883,-2.5965401559504238,6.6269842288404694,1.4599635048250947,44.814562002275316
GFS,0.6048467184680986,74.98999786376953,106.9472738691896,20.00271624370924,1.6544857380661426,-0.18866394140757223,2.6403565986282067,1.9069213840418024,0,0.0,104.72289291849822,-19.844992421550728,5.30375595192131,-2.5850940586624063,1.4090392842930364,1.520436289203426,44.74857792946529
AXGN,0.6481879508210426,40.790000915527344,59.10893386419522,2.28056539985954,0.7284799256904827,0.2010007323525662,0.9806362267494659,1.789653164583642,0,8.094892912678278,27.468752860164553,-11.233935417651221,5.0975379044199585,-10.997164988115356,10.022062246936404,1.1681922866033563,44.60637087599545
ROG,0.5790981269431595,138.52000427246094,53.10581150544702,6.7357103692181095,1.306153075276314,1.1108182992872324,0.5558794749535413,0.7941135356479161,0,3.0467551775078334,-1.4723608502272059,-4.771104711907189,4.502702665955731,-4.111866374982614,3.941389156813127,1.3559403789696212,44.54266211604095
DOW,0.6504398946344869,38.7599983215332,68.20538416639252,0.17185978547220138,0.8106788952524815,-0.9719106643025336,0.15480231137196337,0.025795464308342297,0,17.411890961631844,12.969970183611345,8.327100727200277,4.6345649351780525,-9.31212728249768,-8.298077692688418,0.8746763864353343,44.093287827076225
ACRS,0.6240095699566169,4.949999809265137,107.14141703983577,12.00361586763835,0.6331595304495222,0.00136983006339445,3.4343451072746527,2.626255405791553,1,0.0,11.738149005846509,-8.97435630728748,5.538240181000511,-3.320314063682423,-6.620211314651131,1.1072787611296855,44.05233219567691
MYRG,0.5748434484007199,458.4200134277344,85.50618024503973,21.91016481751399,1.3676784969549525,0.019832173082317123,0.10034279516673739,0.4013778377886352,0,1.3708414689681416,13.243253919698086,-3.9431701090741034,5.085166982818131,-3.571725007722986,3.3560519504119894,1.6986471994871593,43.98634812286689
WLFC,0.638748371009061,216.30999755859375,64.81550503752183,5.992227506384185,1.3349822163339333,0.3915998998756954,1.6504054855098178,0.5824524840810732,0,6.2182672572107585,13.847367136029092,2.000768456802397,5.571367220649689,-9.660042034277911,12.321439927420009,1.2659461299667758,43.96359499431172
DNN,0.684934774483107,3.8499999046325684,39.47037423739916,0.8249289090891083,0.8015584185494726,-0.9777893514909414,1.8181863214844853,0.7792200551974146,0,26.288143010905184,40.51094492070405,-6.166220317311285,5.82560374972719,-13.092549572234313,12.200951503994965,0.9179167924519096,43.96245733788396
KPTI,0.6899971969783243,8.8100004196167,57.853710783544976,0.04542732148689599,0.2588807966059561,-0.10628942555417192,4.994319629697598,2.156646140594817,0,17.305407554020736,61.948535410469084,-7.971012906006039,6.4553278914466,-19.836209251179096,6.801268862469049,0.7695637268621945,43.85551763367464
ECG,0.5923432693677897,163.85000610351562,55.729471541890916,14.387245010904243,1.7826494048344028,-0.5575336419323559,1.0558504253119139,1.6234382441295905,0,4.347089560990866,25.941582180163003,1.1766568516627145,5.39766389072326,-4.503511503850769,8.786301402474718,1.3488147424643144,43.83731513083049
AEHR,0.6205775924774795,104.55999755859375,330.447395027268,16.9646865318886,0.86060800716021,0.6532874237659851,2.333590759712457,4.772384860013046,1,0.0,65.54781160630809,-25.80239592324804,9.854219270421725,-2.280376113442473,4.862408976587497,1.5117299182620836,43.792946530147894
PGC,0.564292889859368,42.029998779296875,54.52971312623143,2.686368813359757,0.7473047684594625,-0.5419321283722639,0.0,4.94884148636354,0,4.101554085243883,63.01781558428738,-3.8622135261178645,3.923984503437667,-3.9956427826379737,-1.3735484583475948,1.3774061324075144,43.7428896473265
HP,0.6008545223842252,38.630001068115234,38.10002657555928,2.4695639038138437,1.1588436454334092,-1.2068408644425386,1.268438649258246,0.7504476072431328,0,4.733326177243527,12.731145300311347,5.791839429908966,4.2065743789556365,-7.31765646510474,3.208407237132377,1.1323059049864381,43.70534698521046
SLS,0.6818245504376366,5.25,213.15382272137882,6.750712042648782,0.6607894669076146,-0.14821070423990387,2.7619043980741833,0.5333400906954724,0,9.013664768113937,20.689657813602995,-4.831922922870063,5.636734865149673,-14.495112144848651,-12.170393554561617,0.6720898244783677,43.67918088737202
EWTX,0.6592241096421514,34.560001373291016,91.30327835908119,4.510338327177835,2.1228119780026535,-0.20057019313146215,0.1736150778502292,1.3020854891348648,0,6.930245466081441,-9.076551172055565,-0.38416391112649273,6.036084477060483,-13.513508095010932,8.607098532130296,1.1029782725909056,43.54607508532423
RVMD,0.598156325573666,144.14999389648438,123.9282204191053,0.13336892777568157,0.8922144980761368,-0.5707463710376047,0.9504061283213633,0.4613309560004639,0,13.418477485367486,21.502018406826384,-7.285394316489953,5.381795771658643,-7.418113858745344,3.5483191886558867,1.2799442561850933,43.54379977246872
EE,0.6288603098113523,35.70000076293945,16.376131031907715,4.5571711212141155,1.2563816169536621,0.2879600432178758,0.5322090270118478,1.4229675330403508,0,29.285228880056263,-0.057038309537118026,-3.1370154774848933,3.9191670704104107,-17.12894537441303,10.608692447153064,1.0553408853383073,43.54379977246871
CC,0.6658450489429941,25.260000228881836,106.90260086759366,1.529371681378472,1.4971809246165018,0.013507654634480008,0.4750551496148065,0.0,0,6.738006806280178,48.99644787001325,-1.1713686190403103,6.465615704850908,-11.89396525364072,10.032894443910081,1.2088545383222518,43.420932878270754
SIMO,0.6050692578890158,262.04998779296875,167.07103337249606,41.846702429723386,1.8854889476267431,1.9914157638618653,3.796990143290614,0.4884559583735783,1,0.0,20.729190275267904,-10.079367838534626,7.83968938019686,-3.6580927231598053,8.419089890538391,2.2020894888177414,43.34357224118317
EFXT,0.5888374404580647,26.690000534057617,88.98696217697166,4.7036238268149475,0.9361146997242923,-0.16380254052572016,1.53616240742371,1.3360801820549233,0,6.214755401401836,22.76909298448059,-5.62303205435883,4.604881911967966,-8.439105031152302,3.2589209731673625,1.33308489752209,43.333333333333336
OOMA,0.5530084696119759,18.989999771118164,49.603839995012144,13.451025847043848,1.0475833192558706,-0.026313667546279795,2.4223227487766708,1.591887852234555,0,1.882166808013284,52.53012097607213,-13.610312415488885,3.7818018965097844,-2.914108948661035,-16.504854517418284,1.4320511829860725,43.251422070534694
ALGM,0.6120957088946191,48.38999938964844,66.91878311025039,9.033143101380926,1.7378679504823689,0.933987861514157,0.0413317999907581,4.629051233677883,0,6.415380494839816,27.409162645095336,-6.861200177357485,5.935847181286336,-5.856035110536779,12.448589973793615,1.5486792657943478,43.250284414106936
CPRX,0.5990211175204793,31.149999618530273,37.48375130772432,10.359241436691988,2.7867980899979483,1.501627012765598,0.1605173194860337,0.03210346389720674,0,7.573839357331426,-0.06416572895115705,-2.8808190126745816,4.274249812569426,-4.3304720370007805,-5.02599588906577,1.0121126605976027,43.22184300341297
DINO,0.5693874027878889,72.80999755859375,27.446490728646488,12.938873766558922,1.046103611739198,-0.4371566341991322,1.7291618290694248,0.5631040330406122,0,1.2793943438401758,42.6125771037646,1.144129043577383,3.787649020715453,-2.5692569410757415,-13.573018477854987,1.16234381941471,43.15017064846417
AMD,0.6172622995710514,458.7900085449219,82.09195592647553,36.21040248890559,1.5236752341689719,0.33670474192528393,1.8886654860650838,1.7241011170184704,1,0.0,129.17728305533822,-11.392460465608094,5.969662760969532,-2.221793394139368,3.885926665576706,1.7838594647553039,43.11376564277588
GKOS,0.585796074532003,135.3699951171875,54.58897273593883,6.2258660402638215,0.917088634549186,-0.48838699109216105,0.6573892804953643,1.1893334331185572,0,5.233459692114491,-5.777130338611023,-4.234668406065956,5.057298680078225,-7.754688165407124,10.523254159691001,1.3971151458123434,43.06712172923777
FEIM,0.6106639025270871,64.11000061035156,82.53177673182176,16.717491619801883,0.911136637924156,-0.177713967525465,1.3726364764098176,0.14537620138042476,1,0.0,38.01937471898193,4.414290004972003,7.1049749561306,-1.3540502882444423,-3.3658682975264607,1.092710082467354,43.04664391353811
ORN,0.6160632846372947,15.149999618530273,36.31006713952729,15.666510620043933,1.343151484833538,1.1761284107477776,4.0264067701044315,0.8765620587103867,0,1.560160045003155,28.172588912015627,-2.1922448261921486,5.300707683014513,-4.174578010926335,15.0764731514062,1.4563026314352372,43.044368600682596
MUX,0.6670752433250399,25.06999969482422,49.16914895688833,6.858189043273878,1.5468537342282485,-0.3354843760897471,3.5500574409527417,0.0,0,23.270045241669234,-7.45662770878994,-10.213680922465958,5.840789263460617,-15.58922878458911,14.63844642872186,1.0375627358841675,43.020477815699664
LASR,0.615156847528452,84.94999694824219,174.24253690397953,20.23636291130301,1.1818059116673287,1.1548399028683636,0.035322436455571794,0.16480211262642827,0,0.0,93.68444086901353,-2.1185166255188634,7.733794281442388,-2.3001725936431225,-4.360207906699047,1.1106644368965513,42.828213879408416
TOYO,0.6463831843655045,13.460000038146973,86.15149467441495,11.590119028537375,1.1397957024846348,2.5086942561711485,0.29717653593381665,1.3707261520355731,0,4.463850280419409,34.1974117263285,-15.39122909789554,7.5005310646046945,-6.071178577322484,6.861498978866261,1.1411797684107434,42.82707622298066
SSSS,0.6346266692269039,13.460000038146973,25.76620185140768,1.2106170748039067,1.114230172273698,0.5482809440624196,2.3774122874705332,0.5193132155847004,0,3.647862858062655,39.04958278316969,-4.901192552418595,4.2453294883517065,-7.044195692435652,5.223878092619096,1.151817974170076,42.696245733788395
EGY,0.6660353028428169,6.059999942779541,53.041924901996175,-0.13183981667163894,1.0388117640809775,0.4122922909333733,0.33003269161814464,0.2970317830363432,0,20.70340224954974,-3.0400009150409435,8.85860291270518,4.5485622848085425,-9.821426605953395,-5.825237054059684,0.8579952122405343,42.67804323094426
ACMR,0.6403333659923783,64.66999816894531,98.23239516838498,21.681371449694744,1.451881250961486,0.9448702272550862,2.0256768595318935,1.4844581902567697,1,6.651917328309219,13.37657280998952,-0.1410715363353781,6.737944658009671,-9.741804896284759,19.324716374035322,1.4373831097348375,42.66439135381115
NBN,0.6319642643243242,123.33999633789062,35.767843339767104,-0.49695267677969046,0.7443951929300404,-0.2979490100644886,1.0458901847077406,0.5188903913131038,0,14.956719607632108,-4.535604294676367,-0.7446362980278185,3.928746836255116,-9.05471112028528,4.274889954130719,1.2710204815982795,42.57792946530148
TALO,0.6409757078842365,15.329999923706055,45.82821935855519,1.8977025331953044,0.8264137972958437,-0.8369184275558904,0.7501615895824548,1.108937228499073,0,17.641776095523372,-0.9689898123789851,8.526106754860617,3.967476248568178,-9.850040103657,-8.326534348411482,0.9579561610039233,42.54266211604095
OVID,0.6738649296020418,2.7899999618530273,98.85417605440081,0.34166355515489344,0.6380241311519035,0.3829502285926437,3.405018991938744,1.6129059818312208,0,9.970727207926538,21.304348673148034,-3.5842345656839463,5.581157441279567,-10.144929313494941,-17.177912394913992,0.7801755257140933,42.460750853242324
MGA,0.5663363487442088,62.540000915527344,16.020995293518524,2.402883255867564,0.829827252026276,-0.9320967370518519,0.0,0.38375707539104315,0,19.37247583976216,-8.298663417286804,-6.505322733697174,3.4378000192085487,-9.885145107809484,6.661381147811491,1.2470751358885055,42.32992036405006
NXE,0.6539194387203011,12.65999984741211,44.799302727952565,1.8831472127454278,0.9864060029177208,-0.06923677030404402,1.5402819680813562,0.39494621906440697,0,12.942771229813555,12.433388898296366,-7.166951146743939,5.559693190205707,-9.312322257087185,5.399057861865024,0.9716360554854967,42.22980659840728
ZGN,0.6239790375873961,12.510000228881836,17.387444256395355,3.1624969565181877,1.1777792925842039,0.2557068359314816,0.0,0.8793014255012648,0,3.748893348637536,30.857737232974277,-7.766146075763899,4.0596097295121805,-6.5022412410525785,7.098492973997837,1.189315916392776,42.1490329920364
CALY,0.6575504697142438,16.110000610351562,62.866155370566304,6.67461601500882,1.785340667569091,0.1863845597547748,2.85536354448384,0.15519258181337042,0,2.22027676960337,27.958700673729098,-8.571427208424447,4.976943357650604,-10.499996608574653,7.894740946976982,1.3303500141848814,41.90443686006826
ELVA,0.6318331755401352,11.210000038146973,106.32781878029046,14.697908958618932,1.3194090980274216,0.8042460086238182,4.28188707011685,1.293483528840284,1,0.9225429868744263,61.52737673061949,-16.901402615561096,5.814323318002961,-5.639731227132894,-3.0423283172473186,1.0567930710854636,41.87827076222981
DCO,0.5919834014729437,140.67999267578125,46.88119690116592,0.18979228530430511,1.133828221588413,2.8286340433270385,0.14217530384067284,3.99487873879813,0,11.073702700724585,1.8387094956833776,-0.701982203592258,4.62854090975212,-5.469704507303911,-4.30456143847678,1.0071146802549407,41.67235494880546
BE,0.6360709604709774,283.9200134277344,96.53263003488293,13.925503308374365,0.9755876419881344,-0.28613938152453333,4.392082498908859,0.5353581789870552,0,3.8796659047028226,215.50174482211776,-23.546729232146742,8.471552698413348,-6.293929641644692,13.156032612771668,1.4800727085334993,41.6245733788396
ABX,0.6517005399295303,9.229999542236328,69.26087169659773,-0.25396223027478093,0.9834699995796775,-0.12751156414493,4.333700888400446,1.9501659163968657,0,21.580684319843474,3.9414349464569987,-12.61682091866354,4.426558306271968,-12.387283568613224,-7.667029577374013,0.9899711241015815,41.51194539249147
BCAX,0.648871691955622,22.920000076293945,46.38929357075487,0.19343674794759824,0.7998866136848347,0.24068856939483999,3.075915887122853,2.5300996172465173,0,7.734151058601305,30.227270336443524,-6.007226559671109,4.574888143287771,-5.4845357676338535,-10.071505109968605,0.9871360975115495,41.335608646188845
NOK,0.6116439899602558,13.920000076293945,90.52693315659435,19.917298656639492,1.3438575608725454,2.3444840795688884,0.9339088629243029,1.5086209553225574,0,0.0,34.75314790663027,-2.2179411612989135,6.131977543318923,-0.9252677058139301,-0.2590671174542415,1.665311196946572,41.334470989761094
MSGE,0.5934538400787045,63.95000076293945,33.534233679984716,-0.17404997355287213,1.579867223045776,0.17714024272188444,-0.07819085404297377,1.88428743809206,0,11.855823213316935,-4.180397348053934,-3.454512983154364,4.0657867863507,-8.466324027203333,6.810261765218536,1.4560895438821877,41.285551763367465
NBTX,0.6229048331108161,53.54999923706055,161.32173754911972,50.44775864604855,1.4741849447967992,3.8643632481076513,2.2220344752766303,0.0,1,0.0,71.8549406244282,0.2812504768283691,6.19219635759857,-2.1737333703860595,-9.503868156681387,1.3161438287716607,41.27531285551764
TTMI,0.6373915653874889,162.99000549316406,128.38382247238764,15.085617604257726,1.0919103018408989,0.06942256611860703,2.251670682394522,0.9325751403299156,0,0.7033851516973453,68.93656697904885,-1.878694416502287,8.025470058701526,-9.449996948189689,15.665766055410943,1.476728528522511,41.27417519908988
GTE,0.659549744067396,8.880000114440918,106.72681529954143,2.051371365670824,0.654193279352633,-0.24558915557664315,1.914415248692869,1.801800060046113,0,8.149090856283607,13.121021938730204,-0.6265628292222065,5.670848734076374,-8.829565470207617,-30.298012168225974,0.8970356368463588,41.2127417519909
PL,0.5964596293143085,41.84000015258789,224.87429233388116,12.269403125635394,0.7364805182561529,-0.0628219971593478,3.0114682526480703,1.3145388378079352,1,0.0,23.677203333591162,-9.265735237062659,8.640055480348312,-2.923430083786478,-4.722457853245406,1.111572654521938,41.18657565415245
SII,0.6145183166983124,143.8300018310547,60.44392016358111,5.051730329812895,0.9675391030005915,-0.9059623781926357,0.347632617417215,1.2723366528156743,0,26.052239713122226,10.512613926696101,1.1114174567708053,4.635929186525338,-15.20957513939202,0.9771796692361867,1.000121361286708,41.12059158134244
TEX,0.6609397545746533,64.12999725341797,28.64498381281877,3.883687798820697,0.9860277401177437,-0.18208342293531113,2.4481518198038907,1.216277580992942,0,20.583914546292736,8.99553723224914,1.942513499913114,4.6557221761581395,-10.074874272514506,9.563784359821993,1.142569479000058,41.086461888509675
MUSA,0.5750790638129264,577.9400024414062,51.60661901603403,6.550297472254721,0.7238385482257484,-0.1562158750156874,0.19637829630625916,2.3860570247891726,0,5.104306838387358,45.658272483118175,-0.2724917997438176,3.911614574179844,-5.2277728673816375,-12.205047764033218,1.3091232112859776,41.02730375426621
FSTR,0.601060069166192,40.91999816894531,38.969856973050824,22.581027020349353,1.5813596301027222,1.237123530420836,0.0,1.7717461059262376,0,4.150919016700584,36.445476761853186,0.0,4.907658059705635,-3.7855646755800922,5.8574658763922,1.5127723953462535,40.98179749715586
SGML,0.6496403158555868,20.299999237060547,289.47419831397656,-3.6339072757380095,1.034016397512274,-0.02911717016147423,0.0,0.7389144047308069,0,8.15667308808947,153.117183003128,-24.726861961372624,9.124560903764904,-17.075164963925374,14.365022321997593,1.2997797800633923,40.822525597269625
HUT,0.6367923974017021,102.19000244140625,124.70346405390409,26.040680320496552,1.8132459042264326,0.014129197396900441,4.051276338878374,3.3564930259287458,0,2.9477229957982924,154.45717835690368,-13.231071451778343,7.9153678504384875,-8.209825958178332,11.572421379430258,1.4694350838609564,40.81456200227531
YOU,0.646235647980256,56.88999938964844,68.74243599071164,3.1213735465253065,1.4388686457225728,-0.2018089859793408,1.8280842186140587,0.9843514933941135,0,6.590025109546552,23.2508962176898,-17.126960623905077,5.7740510615956895,-7.765889902318531,5.0575581922669,1.2461558298734603,40.67463026166098
CMPS,0.6141796207417363,9.649999618530273,61.70943395036126,11.851632660037728,0.7398347946766981,-0.09057765357740477,0.6217660309049817,1.0362635413272459,0,1.6970148632497775,2.008452215613663,-63.95147432892062,7.318283104931031,-5.484822893923185,4.637683582495078,1.096739710645574,40.56655290102389
TER,0.6484789882247582,366.6400146484375,87.47477914851632,-0.518917859564918,1.1472686024880123,0.5164744998501825,0.2263764289501286,0.5557238768560995,0,7.880809470105143,19.687928286363633,-1.3724871005419523,7.579594242079697,-13.141117866897734,14.6798772506887,1.2449588176283384,40.47212741751991
GDS,0.5930680428595303,44.95000076293945,21.63652036263919,3.026623175927282,1.0725154293101278,-0.5164302044443809,0.6674065227184987,0.22246601206137515,0,20.782485326154585,6.164384980830925,-7.541292019595243,4.363897211047174,-7.529314547174507,1.0651232795167187,0.9411549971848051,40.339021615472134
KEN,0.5658575025394794,89.88999938964844,67.23426781763504,4.3533777901681265,1.6805261365712663,-0.14095896357335952,1.2237161882053926,0.4338629350230149,0,6.234327712926932,4.111655318844117,-1.165822241615845,4.244075806570555,-6.29625862217213,-8.126845475041119,1.3282556395353202,40.30602957906712
CYD,0.6082791306782716,47.459999084472656,11.969445088188802,11.858772055157186,1.1417281323700095,-0.6412326626192484,0.5478342630437483,0.8217513945656223,1,20.902788168985982,-1.1044021159534774,1.251959264497006,4.466920217388374,-16.07427104343785,17.859983611923443,1.0496355955318792,40.3037542662116
DNTH,0.6628496080759715,87.12000274658203,128.2233181347512,-2.454860882293745,0.4990248198158224,-0.9126047855794172,2.81600137592088,1.3200200753102294,0,9.876900796524257,9.95834791777575,-2.1333312988044213,5.074551169767271,-9.720204407586285,-18.13734113141929,1.0716708233445118,40.23094425483504
ENTA,0.662613597095036,15.460000038146973,32.22789557447068,8.88474114589677,1.6692022134738893,0.27726728189363514,2.198577075834357,2.3285876828310124,0,8.94035817363713,0.4548388125932763,3.4337821236127226,5.010579907037464,-9.85422517711746,5.3146868439981,1.0310317239636715,40.215017064846414
AROC,0.5781895171874846,36.709999084472656,38.057412641251,-1.62133375409416,1.284706588422424,0.7150388065695668,1.307544413495449,0.24516522699535187,0,15.630343432609475,41.66867675153392,1.645194046391479,3.8195130506234403,-8.499501341255193,0.028310602071336087,1.2553853922204095,40.166097838452785
NVTS,0.6258308487120093,22.649999618530273,145.44646743633155,42.78959613043192,1.471870549275809,3.1167824428431996,5.165563337515894,0.19867583686466544,1,0.0,47.74950900702353,-34.41955416636319,11.177862566740814,-4.911839173948659,8.888891007177493,1.8300152097106692,40.159271899886235
MRAM,0.6598414535119133,39.86000061035156,346.18983434587534,134.64312352615235,4.948993211082412,9.404838152246521,12.06722901359899,6.1264458236811725,1,0.0,118.05251155319073,-11.971196801855854,9.333201981805061,-10.767848121001252,18.88888820033744,3.003678751897864,40.14106939704209
CF,0.6602134984944411,124.4800033569336,43.64201380290218,2.2477622104079122,0.7256072429063325,-0.5025398077913114,0.25706915664525,0.7792426048655815,0,28.14410969266701,-0.3362675450847992,4.717289488269505,4.36501547255984,-12.313329480212646,-16.315046930116196,0.8398163053662407,40.02844141069397
FTAI,0.650538662980351,280.3599853515625,62.54762253970689,12.48843435822887,1.0045952787648411,-0.17690037583983928,2.974756488512751,0.6848386103744052,0,22.576872943405597,-8.164269235114013,1.6061232149197662,6.784314612156537,-13.191659201044336,14.862649300654777,1.2290117406323047,39.8839590443686
PLPC,0.6058868294189025,356.9800109863281,61.01660394804984,6.57805790278998,0.7146010731205722,-0.9519158937585872,2.351669212641118,1.6107344453536114,0,2.294030425950239,22.21157258709469,-3.0132901596626263,6.7679865063473095,-3.9860078787450224,7.068789556724567,1.4571240170394484,39.799772468714444
OBT,0.6393330095542914,33.75,23.35647756210646,-3.4472891612120007,0.6581184374504676,-0.35874748503781223,0.9422245731781008,0.2962917751648321,0,45.26064439102305,-1.3734693276546095,-3.3601435780106867,3.925924149770585,-11.11404025526086,4.749953686000238,1.2442403784007714,39.63708759954493
PNRG,0.5944404424264345,240.19000244140625,69.22675263338493,9.63975419381403,0.688305170998091,-0.33088844482991525,2.931010123046604,1.7236351836255732,0,3.6132551632994496,4.362376194280497,8.001287673372055,6.224239625270506,-3.7314619473172086,-4.620413636685628,1.0841049419738091,39.57679180887372
SANM,0.604082008096074,245.44000244140625,31.35556564481785,22.386497268546513,1.2323882755164353,-0.11641496132450911,3.2716748286299238,0.0,0,1.1888739110777444,71.40861670222186,-14.306193298843079,6.0582733191130655,-3.831987592070121,20.778046920005387,1.7070365182785243,39.44937428896473
KNSA,0.560371485145481,58.369998931884766,40.17992386462128,16.41287796058317,0.7503092749128851,-0.6007284985681045,1.6532468223915358,1.1821117685857105,0,0.5308635991555728,8.393687253031084,10.23255862696362,4.446999827232742,-2.301447861007784,-3.7536482488290326,1.4194294406450194,39.26621160409557
ECPG,0.5970930662169749,82.33000183105469,63.433836222774566,-0.18670113589455808,1.4058766167317869,1.1183693720590477,3.2066067422587734,0.5101398756216093,0,9.227684622722023,0.13378814001102968,-5.007662531967206,3.975288975341796,-11.129099337660934,-3.499779407778594,1.3083838838966597,39.19453924914676
SLDB,0.6785498466480445,7.679999828338623,71.28614462643377,-0.5825261870884015,0.9619527025687705,-0.27853424648677194,2.4739591333665585,0.0,0,21.31529133813441,-4.239409101947381,-1.1918882442368024,5.7375356950450325,-13.3769492841229,-8.695651504813897,0.7712294712182185,39.17292377701934
PHVS,0.6234235611307064,29.950000762939453,26.465079009941704,2.1591590466185857,1.9535283375757495,1.6468868080440064,4.574286801135172,0.43406031652512983,0,9.466332834201257,1.9921709394213682,-3.9096132903858503,5.751012614229165,-5.371244474018261,8.735468811081521,1.1566991168729512,39.075085324232084
EVC,0.6034873057141386,8.869999885559082,205.0592152330201,98.3452582700071,7.840539803603422,1.713772354270229,0.0,0.0,1,0.0,15.34460103257381,-8.868500411494635,7.956193202407831,0.0,-11.6129087215034,2.7544529049993542,38.89476678043231
WULF,0.657008308803328,23.3700008392334,52.73522072333048,8.859701909462714,1.1082722058715146,-0.6653124659862346,4.236199125050082,4.086435127815412,0,3.8596437668605974,102.16262967044653,-5.398453448944119,7.476007125571615,-9.277947858385561,15.228109850587812,1.244622530008534,38.78498293515358
IMNM,0.6337134130911991,23.0,37.466846375390595,-1.2388089511658282,0.602792832620321,-0.42231142436155195,4.304346830761394,0.04347925600609193,0,20.01593172003419,1.5901087457637588,-7.206008400615881,4.86087029024681,-16.81735870710753,3.751142140400515,1.0009441207800447,38.70534698521047
ELA,0.6503533374397342,24.270000457763672,124.71081764326574,29.744469170444148,1.7295342653124697,0.8995478192443329,5.397607915863694,0.8240657567323395,0,1.1101297312189546,59.35654094974695,-2.9867918569286998,6.536582101819789,-9.977740051773537,6.3892990652008095,1.5273774776667475,38.624573378839585
INVX,0.5749466899017218,27.059999465942383,27.706792794630132,0.1758425393452109,0.7245699994785139,-0.8050383840824945,1.2195119372016112,-0.7021383239164309,0,13.01350619804979,1.5765768990271818,2.5407662303586607,3.7852387626053847,-8.208955609869308,-3.8709694229919758,1.133514513040776,38.58248009101251
ALM,0.6629384479201577,20.920000076293945,215.4448131626247,-2.0805549171557156,0.7926494277919518,0.45651536777995055,2.2944528702813334,0.7648176234271111,0,15.345835769548795,106.31163083743644,-13.336565896904554,7.860556977318716,-14.297418241668655,-1.7944531519335671,0.8993741332333085,38.382252559726965
MIRM,0.6254109126237297,106.16999816894531,45.85765310851031,7.986328594810504,1.4470603169791623,-0.5709157915331252,1.3939939553964824,1.3783571815562625,0,4.174794362885892,36.57062141245541,0.8083726775391178,5.492365482733345,-5.205358777680923,6.490408282894316,1.5265327434094955,38.37997724687144
IPI,0.6448779411844635,43.75,71.82828353610738,14.416476542890996,0.6869506853129503,0.714388376741611,0.03428431919564493,0.0,1,14.848522064004033,-10.421785701435892,5.742888192033889,5.109387456154336,-13.090981590150436,-15.039213889259411,0.9414225400128804,38.364050056882824
TWLO,0.5891122407967649,198.58999633789062,44.861041653610044,24.392411348158703,1.1893327241209892,-0.3537599619635503,1.3444776767048245,1.0876699239287781,0,0.9951220525820913,8.317879515941238,-17.20862654608967,4.8666326511638545,-2.5133818699162083,-5.844907199303483,1.3151498606068857,38.327645051194544
KOP,0.5879310609371011,43.08000183105469,44.60723358576901,7.844246730544843,0.8423810330670035,0.18593446372435296,-0.1973052016200489,2.715881926383789,0,1.5540160147398885,22.735053286654207,2.550753745227789,4.246253371888137,-7.155171520632359,0.4256601480062402,1.346284481858328,38.29465301478954
IMTX,0.6078921994072041,11.539999961853027,14.106840979112878,3.1508372079138875,1.2601421367499828,0.06446379567298768,3.46620121159326,0.07451716931296386,0,2.192703267151113,15.054838174796037,-3.4958612548910306,4.437360544462798,-7.010474586511785,4.642171071381353,1.0927465891171495,38.233219567690554
VIAV,0.6406434002444157,54.93000030517578,202.24963237211995,15.58978674463622,0.9460782421521995,0.49534774930407943,0.7919194809145276,1.0376837641490668,0,1.5923093218189015,4.828241804533339,-7.56991182310763,7.819692830113281,-9.101439636163489,6.1595421744757735,1.4526945591642004,38.207053469852106
ACLS,0.5955501914461647,165.0800018310547,90.05370024363961,18.801478677425802,1.5739376124335278,-0.1464966682347861,1.8536452172485802,2.6714342216908404,0,2.196742716579036,101.29252228992753,-18.31317211461065,5.9118524078076,-3.805138835752054,0.44789098637434055,1.5158931031722096,38.02047781569966
LXU,0.6728204221613189,14.899999618530273,67.30941742934628,3.092781056030497,0.6267342863266524,-0.22568056985065946,0.6040278851411669,1.2751714020755593,0,27.325304425070946,-3.4974091741824234,1.1212389344259908,5.311602621476121,-13.472704919856069,-16.09294237362361,0.8893734783291306,37.97042093287827
ANRO,0.6672888540958899,24.530000686645508,109.475081446867,-3.2366195227512913,1.111156297950526,0.2479745090121599,6.196488005728364,2.3848388724910383,0,12.58113388521633,22.772779021155962,-6.1359220335716325,7.2255542721536825,-13.75127210736777,-5.43422887632282,0.84973176498896,37.86916951080773
HCSG,0.6054431495268371,22.350000381469727,16.940167031221453,6.009583506124072,0.8062224308028371,-0.39954041856452277,0.2237187631030118,0.6711392213126134,0,4.502519663628806,14.380754012993041,-0.6774317724958377,5.186960455488257,-8.364079783293816,5.144698280346311,0.9529571355136418,37.80204778156997
LUNR,0.6407990187225638,32.41999816894531,228.20105447500129,22.501409781312795,0.9502984837927984,0.6538614275516369,3.7476872954121463,1.8507107197370292,1,0.0,117.00133251907047,-12.740682628696822,8.9693309853686,-3.6123092409192177,-6.978153218470523,1.1809703224776773,37.79863481228669
ABVX,0.6259331574033694,122.12999725341797,6.625462267041837,3.507014923098161,1.0845157760754622,-0.6558448173335623,1.854580725921127,2.3990832482146724,0,39.45545521866129,3.499997672358448,5.218031760779267,4.350225243887674,-17.939934320343557,9.853229772775675,0.9844349635883182,37.72810011376565
ADEA,0.6178690345823753,31.84000015258789,117.95887623885942,6.753393242747979,2.3275057108138526,5.682850341141164,5.835743976602655,0.5967353427798491,0,5.533383596684865,14.429467311468262,-10.396412529308316,6.481740226271724,-7.280139746122852,3.963258472865347,1.8299541957186911,37.72810011376564
NOVT,0.5690283653756325,139.97999572753906,19.585057208548264,6.573069033248377,1.2093605137693075,0.31736153367484093,0.11430466280315332,0.9620733291703897,0,11.824526152610842,2.4818796987427834,-2.8455946206079687,4.378518578120507,-6.648883910333092,2.387853626382407,1.1352665237252468,37.65756541524459
DELL,0.5884889183334436,247.0399932861328,55.917458273113276,16.003761886409325,1.0539168925924252,0.8624388092748979,0.7508888349843073,2.0401527781272506,0,1.3060972409321145,67.34493163314738,-7.613677447764794,4.923724538437016,-6.420696835182832,1.0804954315520696,1.3456039157143989,37.58248009101251
MLAB,0.6658999422260891,102.88999938964844,27.00919774729551,1.5705979270002919,1.0176612922885209,0.2408209521265305,0.0,2.711634689523503,0,7.448731749054676,46.27165576739864,-7.143585051303579,4.837692185840243,-20.981676907940383,9.837423661512954,1.1769470471237804,37.285551763367465
IMMX,0.6788508111595969,9.920000076293945,216.47249448442346,2.4105709307826513,1.0362839255884748,-0.35485054036395713,1.81451919126278,1.3104850143950848,0,9.698977572529497,61.300811737438956,-4.127973059700459,7.319269036109674,-14.556413696926935,-15.117723829160635,0.8944039210207352,37.21160409556314
CUBI,0.5524559364885541,74.12000274658203,0.2541980521449716,-3.3763492041952725,0.9089848515257887,0.3786512411250589,0.16864543357572634,0.22936561257128357,0,47.65423484906298,-2.255042915942288,-4.67476942908625,3.2866574314195254,-10.222862235333196,0.0,0.9639676081914439,37.164391353811155
AESI,0.6412469090046442,18.84000015258789,57.444368538408376,15.98128663565478,1.2954952841276404,-0.2569793799543915,2.1762199791385295,0.7430965419699108,0,3.1945052649549637,67.61566312770054,-17.93339346241969,5.252879383398216,-3.9265702894366297,-22.429904688668966,1.1653972788095321,37.1217292377702
CECO,0.6410004681702045,81.5,41.0752766871489,13.425233009987828,1.4488699562236411,0.399316588234333,2.607361963158192,0.11042495446566963,0,5.609682554607027,35.83333333273611,2.6772373603948716,5.566607181906805,-9.695290858618334,13.10174008859093,1.6415607725257024,36.89988623435722
NKTX,0.6547422957717788,3.180000066757202,50.50107044252658,6.514823803732875,1.1186811166797215,-0.6983335829410756,3.773581226484559,1.4150967086514268,0,9.393652514405531,-8.357347532518661,-52.401749657178144,7.277628436519647,-12.87671277263759,7.407409039907921,1.0511792395572361,36.85779294653015
MRVL,0.6203160059484613,170.83999633789062,72.35254675569927,9.111344521367842,0.8556729717175241,0.17479164841436307,1.9427000483087236,0.49321330418952886,0,0.9653450395176906,90.82897962230163,-12.597100458167438,5.764354494183534,-2.821391710885627,-9.646217522633627,1.3868878676687182,36.83845278725825
IRD,0.6747252418648416,5.119999885559082,141.29649628685576,-3.1586930835393003,1.0500197786130139,0.0803901707142085,2.1484401553049715,0.0,0,14.866224588802057,114.22592718346785,0.5386033909944269,6.808034695651625,-11.876076831277864,-17.548078021015566,0.9474886317924864,36.7098976109215
CNC,0.608488841423226,56.36000061035156,40.993504125109446,20.611620014761293,0.9485292109299124,-0.4801246431401719,1.0290951207701078,1.3129908985802103,1,0.0,47.65523529872444,-2.2417937688813083,4.192435598121745,-12.143415011866097,2.7406406259708596,1.4337257062245963,36.678043230944255
ASYS,0.6182659380059474,22.68000030517578,210.78187288598676,28.699109448923604,1.9195401511505112,1.2839324394738423,1.181656284964313,7.072748024808638,0,0.0,103.95683936642348,-0.3601408552719852,8.4127295023579,-5.104599718727819,0.9961694446813321,1.397273022179803,36.540386803185434
KOS,0.6716964454834975,2.880000114440918,93.33508170179921,1.1946630558222584,0.6345405802366748,-0.6678438749272918,1.7361093858369294,2.777775017339087,0,14.705830797903232,43.28358844142636,3.8167904184110855,6.597220990314104,-13.253006852912241,-10.30042992671001,0.9014777714305655,36.47326507394767
KYMR,0.6546271690236445,84.0999984741211,26.9485995587726,-1.6233331857320887,0.7986106195698299,-0.47908284216026453,4.13792602929539,0.14268147367802578,0,43.327312435843936,-10.816547452209672,1.807295262808913,5.0119744690672885,-18.349516044364474,8.604270105699246,1.1373624795045671,36.334470989761094
CASS,0.6058479246350326,46.709999084472656,8.314965198908464,-1.44218231380516,0.8378258431050396,-0.38313156369401113,1.081141250273104,0.23549692251176677,0,13.868235532788962,14.6769713559316,-4.589530435407039,3.8818550071539724,-10.94375899878571,-1.6701570902343987,0.8928054961231414,36.23549488054608
CAPR,0.6394051491021325,31.899999618530273,397.04150999584806,-5.596165745343093,1.1414594084280456,-0.07106975546348018,2.0376163833316205,0.8777391305216511,0,10.770624052088143,6.475302380761108,0.9554192886450739,7.3399017193548035,-20.980925284233695,0.10741384288089023,1.0641633702129147,36.22298065984072
SPHR,0.6259597687161221,126.91000366210938,62.76252528498949,-5.618910324646735,0.9394552199857041,-0.3546644793468405,-0.3427606540367602,1.46560598586779,0,16.804533206829134,18.132740669659807,-1.870104565379354,5.699596057850556,-14.825500897813674,5.201245550998777,1.2863831375991595,36.17406143344709
FCEL,0.6346256335538003,15.9399995803833,95.55643371503935,41.94754442716259,2.3046380062785516,2.7153144464369596,5.646176887330171,3.3249670444796653,1,0.0,67.96627991725967,-26.647140774347033,11.749419596684643,-5.344421401402647,6.633911742605872,2.0731426789667537,36.1490329920364
FF,0.5720879172454403,4.840000152587891,22.303286326010063,8.289519684067582,0.4945365339723348,-0.20784354683442707,1.0330617592604445,0.8264454666055203,0,4.739864458617224,7.1722923163914905,-1.4285814839813415,4.3978740382048445,-5.468744905761442,-7.284030660257258,1.053155991059054,36.01478953356087
LIND,0.6465710133879653,19.479999542236328,51.27791089173992,0.6068417514400534,1.4936101596939644,1.9432352689610204,1.0174549819170577,1.950714423391973,0,26.50955805580894,15.334518922611137,-5.35900480431469,6.1051642066913585,-12.8021512564414,9.487564782603448,1.3313592269211376,35.99658703071672
VECO,0.5872398264776004,61.209999084472656,99.06259654971727,22.12567530964147,2.234336517308082,1.3553157991562146,0.9312199041667693,2.107500301913103,0,4.675899105721914,-1.2901133022121742,-16.504609401604533,6.184797161146536,-6.44964267301831,0.8507861041132724,1.4904415886385345,35.847554038680315
AMG,0.5972246463286277,301.2799987792969,5.506906848818804,1.4125646664925349,0.806414605660821,-0.8817716271829275,0.6812567188941547,0.9592353101962289,0,37.688293266431664,-8.408430028236765,-3.390585678532693,4.0797935635513705,-10.003440989139415,6.666014811638978,1.1404817024581042,35.518771331058026
LWLG,0.6532870931362282,16.860000610351562,222.94113521627636,20.626747495223846,1.1636730908633939,1.0316191620323776,3.498219807799667,7.710564040750451,0,0.0,138.13560438775784,-24.495170127397568,12.735044509324966,-7.768052641560614,4.7619057905996645,1.6138140277893955,35.489192263936296
MYE,0.5594844098641611,22.850000381469727,21.39961205901035,7.287071710141349,1.04948575282414,-0.7467126977645105,0.9628062014034257,2.4507634860785754,0,0.8004186598858077,0.9541190609515899,4.2837978177883755,4.5514214803131035,-5.773194302979553,3.620926722223613,1.3598098586045555,35.480091012514215
MRNA,0.6384208239791426,52.880001068115234,106.42459643200752,4.203206767642836,1.613125660767538,2.672843225558,2.7420588759903253,2.8175160102409187,0,13.898075634669848,1.947179789876848,-7.715074632577782,6.945901861926945,-11.20066877294312,1.9600508549982207,1.2316304969703933,35.42093287827076
ANAB,0.6239979987036298,67.91999816894531,155.78130776519325,14.50632348809076,0.7898356973697802,-0.661470172196106,1.0600724972070545,1.5017618824344374,0,1.8477114184436694,132.60272737329214,-11.195986691773712,8.03939527129652,-6.135990055132364,-0.6539451192746226,1.2641811182257823,35.384527872582474
SRZN,0.6405731595347246,29.280000686645508,123.3197550943611,-6.784987041805825,0.8581436140585436,-0.12928529225152524,5.157104485721444,0.6830626989153112,0,20.011160628970238,44.09449373004951,-8.004016546268444,9.369389294174097,-16.342855180545897,2.7338069869178314,1.0858269567267251,35.30489192263936
DGII,0.620804153790216,62.79999923706055,65.73235321529818,9.96996768797367,1.4107002034652,1.3754886816065162,1.4490504349526465,0.5971337652066844,0,0.9936898077156442,43.182850804172254,-0.6712676954739316,4.629778202338818,-10.041539273152205,-0.04096775478960644,1.5147271078379638,35.09328782707622
FATE,0.6470276376973588,2.180000066757202,98.6951483241904,35.27769563228771,2.7723332933510982,1.2467744688445124,3.211016948884482,1.3761454338226085,0,11.501360280392111,-7.627111706080954,-6.10687376707303,9.141546903127894,-11.740889003098104,10.135133386734289,1.9982847799518888,35.00682593856655
ESE,0.6333374668975299,297.8500061035156,25.22689362791215,-6.28947387508449,1.059819638086054,0.39979861996787225,0.49688784234258987,2.612052583462722,0,25.623237575600292,-0.657061294300563,0.5553657963716334,4.593635683956955,-13.965916926213783,3.9200837538498976,1.1559404092491556,34.71444823663254
POWI,0.6432489944056718,74.33999633789062,94.82753304756552,8.472493048400734,1.3212112975537484,0.5572159369618241,1.1703023801830528,4.129674261522882,0,1.8165081013591662,104.13144500988014,-15.829899950729828,6.877667568565005,-8.885893277757411,3.8814625765592337,1.5694749854894625,34.56427758816837
JBIO,0.6540740418119697,24.860000610351562,166.845125468761,3.6783749139848854,0.7926873759053427,0.018325072745315495,1.4883380134127946,0.6838297349691936,0,11.186030495288737,77.57143292554177,-27.095728992039376,9.112746419748216,-11.214283534058195,5.259607126981504,1.516860394898775,34.533560864618885
FN,0.663309383404341,649.530029296875,29.902324193400574,-4.024714346266467,1.6552434587187816,0.9352838458172243,2.623431905952604,0.12085247935030587,0,15.82121607683292,44.81306290864924,-1.4668997814571791,7.28653046649833,-11.603308602445301,10.309183786910323,1.0936624714657024,34.459613196814566
INDV,0.5596630378756811,38.84000015258789,10.949844140931454,9.627706558676726,0.9914075868827068,-0.07856796474175906,1.23583815741048,0.2703386761614847,0,5.3819036113217935,10.309574445893531,-2.5949296757935616,4.3530251434541825,-5.268292310632748,1.3753079038425229,1.1589792574370015,34.45733788395904
CERS,0.6470276376973588,2.5199999809265137,67.8031567346642,14.104596352209297,0.9846235304470681,0.14787624459422813,1.1904750636877324,2.3809501273754647,0,27.893303403644076,-7.352942849503403,-6.770833232794087,8.503402100694762,-20.000003021188213,24.609375354184852,1.589259779121575,34.34926052332195
RKLB,0.6016704908810087,117.3499984741211,125.62479501616319,39.014752792350556,1.5893145612525743,3.131258435039497,5.61568304466768,1.124839976119869,1,0.0,11.263863767713087,-26.677988678690173,7.362226038255937,-5.317092010182482,-1.4616529066843786,1.4116962946987515,34.17519908987486
MGTX,0.6492002501597779,9.899999618530273,6.796750768285786,1.0410263434681173,0.5834122805983256,-0.2932835958018907,3.3333326907916816,0.4040400342452258,0,11.259388715442741,4.430380765087713,-9.345790319225413,5.354255343129142,-16.45570210971624,7.407406705608718,0.8390586139721321,34.007963594994315
GPRE,0.6627414769078007,17.149999618530273,67.35417603102204,3.1051784674781264,1.3507632163130832,-0.08004465108339603,1.5615235611146558,0.1166207475648893,0,5.215465220292778,35.46603337188291,0.25526459257002726,5.588421594377305,-9.450902138118119,-15.294977795569038,1.101959441815297,34.00455062571104
RLYB,0.6366550170543279,14.0,162.94516492477703,35.79708063566022,0.5744513218752978,-0.0008539682704343693,1.6135692595282998,1.8571444918804607,0,52.809332404036354,-0.8498575532802283,0.12048468254005779,6.588214270922603,-8.556501525974037,-44.69495891461414,1.192954363901774,33.93970420932879
ADTN,0.640876839250253,15.680000305175781,84.34750584773434,-5.188050252948149,1.347533685803288,0.4266892941907719,0.6664468187481893,0.7544670638855272,0,21.66121741441612,2.4836608475743414,-17.76886336748243,7.031248750995987,-16.10486967742913,5.98038890219734,1.3828281488174714,33.92150170648464
ILMN,0.6198242671081969,142.50999450683594,6.74963135219695,7.113727185081236,0.9632882321787062,0.20136997817099853,1.8946125261991988,1.1718463499438894,0,16.170575265584286,5.735269177542899,-4.64713419059406,4.35157371325232,-8.371378110053945,7.318164120095312,1.2623014152263525,33.806598407281
BKSY,0.6363295996676046,41.380001068115234,137.90718890581647,14.314132097238117,1.6658053690641088,3.4308591536902027,4.1807624396789755,1.7641361125560182,0,0.0,28.349872560551308,-7.559635481839157,10.96682305221788,-4.012988906756803,-25.888589187005756,1.2057985181164237,33.75995449374289
GFF,0.5945349410518854,86.19000244140625,10.732206013385714,-3.735427767403912,1.0429413028758603,-0.24329017814121823,0.0,2.0071972478358076,0,29.20365883237236,-8.886995186773634,-12.226479743046955,4.195050910175753,-11.445412114680805,9.162362452171873,1.4889110156779548,33.7098976109215
AAOI,0.6262243809175612,184.89999389648438,524.4749093010053,16.426233504873224,1.07015354356947,1.525579357593836,3.2774543090264867,0.8599223311884909,0,0.0,80.37263685738506,-6.7106198938548705,12.41899006878327,-3.6326686809001925,-13.475006555430753,1.389614063356692,33.68259385665529
AGRO,0.6514444752502637,13.489999771118164,57.91921246518439,0.1908154989641081,0.5546295430779987,-0.3086981443322318,1.1860626398438152,1.482585369295744,0,34.2886056880115,90.86200594280751,10.799444439595097,5.903330304641537,-14.358327999037575,-14.414419292905395,0.9202814490112169,33.645051194539256
CGEM,0.6424134169571133,14.729999542236328,89.4879092387541,4.279490501653183,1.1101560543795481,-0.08182787255361311,3.1907690536529696,0.7467729809112952,0,15.703706894772221,13.921107458913282,-1.8947400543489437,6.861603215459517,-12.007169989510128,-1.5483856200172916,1.0872644009042116,33.60978384527873
CRS,0.638985105609209,429.05999755859375,25.09435463227463,-0.9097657632396144,0.8857289184575124,-0.14613615923220513,1.3809229074415885,1.657107488929906,0,6.465224217605593,38.297099225224464,-1.9248534483094895,5.098614002349159,-9.802603511403035,2.753295036168087,1.1308709111108026,33.41638225255973
PRSU,0.5703252186522809,41.59000015258789,17.04898083992901,0.6449103179979117,1.087351780550451,-0.570753503838997,0.18033364429546164,0.4568372830183642,0,4.766835715926561,18.692919708147336,-0.1218898988331553,3.6882139560737603,-8.533100866210852,-6.58803517272568,1.234833274416084,33.400455062571105
CVEO,0.6059356891081827,31.899999618530273,33.29312396034474,3.2278933947806885,0.9056518163036885,1.0936921321422883,2.4921692574436607,1.5987468180707949,0,0.0,11.111113325223917,-5.230771578096411,4.051724459715306,-8.333332419612704,-4.911515625581406,1.3867422463664751,33.31968145620023
MITK,0.6253949908329588,14.979999542236328,51.376610762328134,1.935964722633686,1.837809870458713,2.6937408900400284,5.707607265064117,0.8010673512554517,0,13.079760097553692,1.8354826877689978,-6.254443023919111,5.488270351234096,-9.101941999844444,-0.4801076487360133,1.180356188866964,33.201365187713314
CCJ,0.6182058908220798,120.13999938964844,22.472837518877697,0.19055655335810706,1.043206096668155,-0.6285075928610788,1.1653084176625033,0.8573384500712598,0,22.86788518955977,4.633338886010898,-5.9297394852115115,5.875287912166071,-11.165339759001435,7.364865800887283,1.126796633230944,33.06825938566553
SION,0.5849628270982505,45.95000076293945,22.655327289388595,10.252658041094017,1.2696257117183494,1.5288448828538648,5.429812601532721,0.5875961986393747,0,0.0,8.449379091855793,-2.0828319902549417,7.009792226317179,-5.150168123749261,1.6694050220334127,0.9936435602481521,33.06712172923777
NPK,0.5850217577062184,140.7899932861328,21.57388851579576,-0.012431783136549591,0.796690053298407,0.7759915912104681,2.042048538305282,0.5113900108267596,0,13.834361179235117,34.54295152385502,2.5842315384103998,4.535883625256088,-6.0523203571452,-4.183719877935178,1.1537895730233814,33.06484641638225
ETON,0.6275293277253408,29.84000015258789,44.983621618697626,13.161038211390952,1.0607253670363403,-0.5281166778578181,2.4128663191977937,0.0,0,5.992518077864731,69.06516032198098,2.9558486485098503,5.249425553675784,-7.644695498739591,1.1183080435905715,1.3455125272483448,33.02957906712173
DSGN,0.6231955251347193,15.609999656677246,116.29954460424894,15.83555635775852,1.3935778805457124,0.47864651915720985,0.8968632055920611,0.9288946889397166,0,6.052544587340815,-1.1399639366639858,-6.558699925970374,7.91113708431915,-9.507248366537285,3.735626487417565,1.7931024918556664,33.01592718998862
PNTG,0.5926509795825363,34.130001068115234,32.78501725641909,8.999747957649683,1.5478078794592218,0.8407947576957553,1.274542512934918,0.17580243601372694,0,3.9061280310741693,9.531454541565006,5.363985700803725,4.534133044967713,-9.083643484704403,0.14832168026398457,1.2928565801841787,33.010238907849825
WTI,0.6670124635363327,3.890000104904175,93.42029975547466,5.46292783741786,0.6283177144486835,-0.006679525140704236,2.8277607223935357,0.12853151378454056,0,9.260391830173194,26.311007997991798,1.9736823523915874,9.107601296307084,-13.363022197458566,-18.490572537000382,0.8926376857284913,32.84641638225256
TSHA,0.609524253623642,6.820000171661377,63.05934243092872,6.645820045910784,0.9017343274630629,-0.8151238923079634,2.639293603835519,1.4662812161000764,0,1.813291432160362,13.666669525411837,-46.15384448368552,6.341642888151256,-6.57534255433236,-0.8830013243175899,1.3047489042148743,32.798634812286686
HIMX,0.6203739485672033,20.649999618530273,150.14169671724244,66.38465359468636,2.5982876336936562,2.5657575379741093,5.569005519218661,1.8886169338210808,1,0.0,103.84994456272483,-18.68249999231808,7.737805771049889,-5.275227792313373,-1.6483500286294306,1.694437553486597,32.786120591581344
QUIK,0.6213723192548728,20.690000534057617,178.45038258150862,38.45485065490639,2.080818372891165,2.750095930619492,3.8182648030391215,3.0444657435865126,1,0.0,31.783444491062134,-5.939717128504468,9.127907167396659,-3.6778353118143694,-5.832327126981726,1.8539711839709263,32.65642775881684
AXSM,0.5844816167222928,216.47000122070312,44.35555157690425,9.26233977672804,1.0658454178924301,0.1420585556941258,0.5220145407839571,1.2126391579365037,0,6.883534562626989,18.522778112091288,-5.809454664901685,4.851876289586638,-7.605955258870359,0.9518564673829413,1.718915162818636,32.525597269624576
XFOR,0.6141263390250269,4.5,17.467762527632978,6.094542119208783,0.9416239654106583,-0.17075466903885386,2.2222201024521366,0.0,0,3.106711628412923,25.000003304424794,-1.4527830775407964,5.6190464231703015,-6.832296663568538,-9.302323483341349,0.7951694022065415,32.47326507394767
TRVI,0.6562339331175021,14.880000114440918,24.22961159127364,3.408736345107169,1.0022523039096503,-0.610871324165484,0.4368251335956037,1.3306448433301357,0,5.560529468602896,-2.298092175261066,-15.528880018878658,5.333622255630733,-7.692311787587516,-11.577182093057527,0.9246847639248392,32.41069397042094
TFIN,0.617085843862946,64.8499984741211,9.551598511127679,-1.9800504478424006,0.931399575232533,-0.47066926336504183,0.3855050206298916,0.5859633960727848,0,33.576964939476895,-3.669045204788283,-8.137833445659433,4.1417567083421485,-16.688076149458183,-5.6748981995197525,0.8538189410386511,32.406143344709896
TYGO,0.6517461530420073,4.289999961853027,77.23764502599676,-5.82811984350106,1.7699316866733015,0.11176946428710435,1.3986000769015992,2.960369607020783,0,15.93000406268066,45.42372515441879,-15.702470432428175,12.41258818986611,-19.466869750700646,8.91892318331272,1.3414995753437315,32.33219567690557
UVE,0.5555992242516862,39.18000030517578,10.757905090183018,4.0214736625708225,1.0461828032838205,-0.5550893814381389,2.3991894692713447,0.6125617064606464,0,12.012579697193628,-0.36655841065192424,-1.77549051418952,4.276938717182929,-6.2552835899205395,-0.48272250723344917,1.1574965840764198,32.220705346985206
TDAY,0.5817875406521145,7.300000190734863,33.92102432316977,0.1784020094524959,0.8710927259589044,-0.567174367756372,0.0,0.06849471656972216,0,7.52213433705762,11.620798672761634,-1.2711886093929192,4.721134252798525,-4.947912057915815,-6.890761971822612,1.332970388059899,32.19112627986348
MG,0.6185366721358047,17.770000457763672,41.87424902427739,-2.869634921798061,1.3645698901621854,0.5156047382982429,1.6319583606746135,1.4349980539299483,0,14.06591365633599,38.82812650454495,-4.985339703548367,5.388294632869208,-9.151324422088665,3.0104715062545426,1.40930881318425,32.184300341296925
STRO,0.6377517979274916,39.310001373291016,307.2712705433786,12.197283361207955,0.9391008093090757,0.3194195596870491,2.3279065521852953,2.543881874941898,0,2.501650078283959,90.08704445014759,-32.035132209204484,7.866972041141058,-6.136579821435313,-23.54666225510251,1.3814448275380076,31.98976109215017
CMPR,0.580312333638571,88.44999694824219,30.78112663239201,3.6126759646886386,1.1153536078273976,0.32592383468980973,0.0,0.15828083038688784,0,7.9163402055827765,21.18098306170086,-3.601992159676811,4.808203188373559,-7.864586512165799,1.8617392929735397,1.4650847506474278,31.96928327645051
CLMT,0.6569869108278795,32.31999969482422,54.73838269018576,-1.0576922669551458,1.0929657842101026,-0.06789690047065028,0.6342760466792574,1.5779710200545842,0,19.96975996430116,-7.762560358325163,2.5228018010168967,5.137244712123726,-12.506765304585768,-12.759646330667923,1.1193445895752703,31.84186575654152
KZIA,0.6539399099444044,14.100000381469727,77.07975468746007,15.977794350223611,0.9797313045332956,-0.12873519664870967,3.7943250560281188,0.709222544377057,0,1.688183199437219,82.17055294061146,-16.68520620714743,8.789260340462302,-18.96551327137117,2.366861701253237,1.1152486113021673,31.670079635949943
TVTX,0.6070326668267044,43.5099983215332,19.740408214995586,4.196847606956304,1.911928316917156,0.11287542037570616,0.344751853969212,2.413236675572951,0,4.117227785852231,49.46752802734846,-31.237784735993905,5.171292213249062,-10.4916729575753,8.559923014283802,1.4272932237346776,31.592718998862342
SVCO,0.6349853826111135,11.130000114440918,116.68712011918359,10.674689611446517,0.7726523462791329,0.17006258794083803,5.031450258835102,2.15633215299977,0,6.689524793631037,121.27235882664633,-18.91891996129398,8.10807199799125,-13.080828978403225,3.869044048882058,1.6869573670913605,31.587030716723547
KYTX,0.6571354343354036,10.34000015258789,34.918958769813656,10.087837998226187,0.7637208553180387,0.06038374297983638,3.6170173122513463,0.0,0,16.714763773473713,-4.436225099170522,-18.545840581079432,7.757668092144912,-24.359911520682648,1.339825288096773,0.7650420969195143,31.514220705346986
PLOW,0.6409288673049124,45.77000045776367,38.32482519687967,-0.13854416808592704,1.4550052773293332,-0.15432242179590364,1.9008060370647981,2.7419730293556004,0,15.705495471455254,-9.795035585728725,1.2631131752074631,5.323979167245367,-12.535832493077983,5.770904635019409,1.6273664595748616,31.506257110352674
GLUE,0.6307291585747793,20.260000228881836,44.80611295594321,4.006777997870952,0.7448428384504889,-0.15772936989971006,4.985193570689938,0.6416637050353705,0,35.236379205991526,-12.972510174221599,-12.87749474074387,5.662106643812196,-21.381451807495157,-0.28168584257876067,1.0363643682092196,31.395904436860068
SILC,0.6374330503679997,43.18000030517578,173.53297382447394,26.545925660434072,2.185654677477326,1.4330080206817144,1.8527078077535997,4.353869974026723,0,10.702182653647329,122.92203630929468,-26.984131528821585,9.710183659006201,-11.733438427019362,3.3502529026304857,2.020940800827835,31.377701934015924
BAND,0.6334084104284424,49.95000076293945,239.36025423802033,56.0571737848258,1.6722180495756116,1.442914357758136,6.526523066415453,0.8908902663030162,0,0.0,35.69681852504827,-42.61228753862847,7.300871960247375,-6.126664870443956,-11.673411455762608,2.3394971530551443,31.37315130830489
OSS,0.6095258696001444,15.920000076293945,187.20708333504976,46.52554065334654,2.9380501056121755,0.1705827068197998,3.6432155834803366,4.145727664621312,0,0.0,3.848663767030016,-14.221222094405361,9.209439595677694,-6.076699942319761,-1.8776466481359042,1.5962787514589334,31.262798634812288
CLYM,0.6363338092362756,11.119999885559082,459.3361400442558,14.420948623368751,1.8129870240981891,0.13010749112754647,8.633085380090895,0.26978177407584825,0,4.369084364087279,191.8635183896612,-3.9397467907278187,8.493706686703955,-10.89743354529458,-0.41957667925672915,1.4234221713878081,31.078498293515356
SNDA,0.5593741403263172,36.959999084472656,7.617269558621209,2.030391567675372,1.0650597934015664,1.6685405157276654,2.029220829431221,5.573596927118733,0,15.696408906940492,9.967266924088223,-4.434381111005218,4.560915093288312,-5.206469624399108,-2.089718620043837,1.0779014855212523,31.05119453924915
BVS,0.6166526878727817,10.1899995803833,25.309690168035303,0.08839542661481187,1.3680152346959165,0.5126343595690023,2.9931242790106274,0.24533483373195308,0,12.546476659947526,-6.684986178970284,-9.129507957756786,5.246039894980572,-9.4141706216694,4.214121831091801,1.3528703216578477,30.882821387940844
NBIS,0.6126965672270933,186.10000610351562,59.12726600467377,14.98265662736847,0.9127182702156704,-0.26052274440279405,5.564743261218433,0.7254114994324042,0,1.0373973615973058,59.97593327058286,-2.9761944721447087,8.216625719263826,-5.9578519998166035,2.0396979499219787,1.4805823816831178,30.582480091012513
DK,0.5922802386537109,46.81999969482422,10.702586855201911,9.635144875439968,0.9177159155274399,-0.31040636610110606,0.8970567842187263,0.9184115932707537,0,2.3427572970608637,48.89975541068158,7.52008253484828,4.896286295037032,-5.414142030548768,-11.715764290158894,0.9848755621235622,30.302616609783843
PBYI,0.6429586656816559,7.139999866485596,34.79402975469967,-3.844860569050792,1.4788723158906445,-0.09254761906312785,0.5602235657619645,0.8403353486429467,0,18.269799392919726,25.263159739534746,2.64201164518575,4.951980217077305,-9.620255944443574,-6.140357774037298,1.1727616906298008,30.24118316268487
CDNA,0.6184014189251998,21.549999237060547,32.65069502726454,3.290432623467802,0.8156810146394228,-0.6519148192523763,2.1345665927459923,0.6867694433745729,0,5.860301008875902,-3.880467601400678,-26.50030310026389,6.681471578506611,-7.271947291863443,4.63753106915009,1.3833214755954906,30.17519908987486
MATW,0.5670062701788469,27.770000457763672,10.918700014732096,-0.133058607539689,1.03124111676197,0.008472692619569205,1.0983017385255276,1.9178984300806987,0,10.455857967865516,7.819991920312547,-1.2560035330932737,4.092957276941621,-10.216617575594247,2.9511943912586656,1.445780859146217,30.130830489192267
AD,0.5644689993224359,52.52000045776367,21.770351226950034,6.314714520952991,1.3964305887076731,0.4457190346614219,1.13290406608106,1.3328270312736614,0,2.9554684382262493,14.547442105721819,-2.0790413409716524,4.078719541734956,-9.898782581984257,-0.6156356246101924,1.4681469883256502,30.091012514220704
UUUU,0.6564577989008278,22.040000915527344,34.84695252675702,3.3310710943355955,1.3405384276709587,0.3365417425808839,4.445550044851185,3.130673799292812,0,24.583263579324868,-20.49061521760509,-11.105369579738756,8.77618505959092,-21.003579867079544,10.741083681287458,1.200936389614034,30.02957906712173
MPTI,0.6237553516565217,76.58000183105469,33.135434422239584,13.065755258129599,0.9273813420585308,0.18787531549114056,2.5985868583990586,0.36562911020938854,0,10.396883369856342,-0.6228857289644494,3.333328478554521,5.156137933574712,-12.209103652304613,0.2686079652088998,1.1807281851496294,30.003412969283282
ABSI,0.6480092347700624,5.78000020980835,50.08254481005936,26.345705701725908,1.3778418424605652,0.9310108980527101,12.802763739253791,0.43252758573749783,0,2.889514165243638,19.175264397339912,-29.50820029976905,10.064259520652806,-13.98808942844642,13.138682252242189,1.8704726296362844,29.830489192263936
SPIR,0.6742014340787021,18.65999984741211,102.33689071447832,3.3737733295551164,1.0029493354717693,0.922275946227279,5.894964578809105,1.2325806222120639,0,24.001437197927654,4.129462990660375,21.564390244257186,8.980631080367425,-20.898687041449467,-7.909602022749191,1.0441361849093387,29.827076222980665
UTI,0.5958104645690051,36.75,19.352706682673613,0.12532564947544503,1.3852791016126131,-0.16926734646739947,1.6054425920322075,0.8027264860804106,0,15.879313598604597,56.64962247912886,-7.986404942134731,5.417879584695206,-9.05716372467625,3.3425388368444295,1.2234986353004842,29.722411831626854
MBX,0.6508158765589821,40.08000183105469,51.08460894579843,22.335924871337827,1.9920368932154646,2.5689769407023992,11.452095665616856,1.6966074702919276,0,9.937472429393601,31.7554297508735,-2.9564076969710884,7.607284888529428,-12.584507818898391,6.144393384997104,1.419593768651643,29.658703071672356
ULS,0.5563761465762826,97.7300033569336,3.5060164807384275,5.078681061201552,1.311624342871513,-0.4481094288028987,0.09720783530026648,0.3479013154638914,0,3.26027567139736,27.224255115042784,-10.12673578201137,4.18090660971682,-9.122184745198467,3.2866146523475748,1.314009577735394,29.394766780432313
RAPP,0.6379239378040554,38.43000030517578,40.61760204702565,5.339619361413102,1.278740873853917,0.7338369481975089,5.906844755863502,0.0,0,7.050253834208077,24.57050187919392,-7.18614070431707,5.929147142831334,-9.082307625795178,-4.168098711026223,1.1248573130123158,29.369738339021616
VISN,0.6170777616062475,12.010000228881836,39.98293226598537,13.911973456591262,1.3373444220473447,1.2681823297087058,0.6661109256851513,0.8817715440324682,0,9.764734884020172,-6.1352078364202045,0.9844515248956079,5.476375836118546,-9.152798892699204,2.0489529816949412,1.6540169237944395,29.32764505119454
RES,0.6412779478463436,7.019999980926514,20.227493138619334,-5.019618516174188,1.0350454379216245,-0.7040675803889794,1.7094000835901741,0.0,0,16.263544061513414,29.24016527657434,-2.0710038716676626,5.062068934331731,-13.970586858619038,-5.335627293963084,0.9626489961909354,29.11376564277588
LXRX,0.6539686556586958,2.309999942779541,50.618213063423426,31.436696673230237,2.2054151921066443,5.068329514742684,6.922075927233276,0.0,1,0.0,99.13793174634633,-7.602338728394324,6.245825647393451,-6.473944568700811,-16.326530932137405,1.2499385336654452,29.110352673492606
CTNM,0.6226301988098236,13.649999618530273,13.057945193991817,2.124791880808975,0.5335620346110611,-0.5598728722532065,1.0256435694140453,0.2564091456972055,0,25.91472615183746,17.3688691662818,-5.564263521596721,6.782836844115835,-16.411514498056693,9.51760119640867,1.0836928091206435,29.055745164960182
PARR,0.6556918446449149,64.5,47.3619581901541,1.2018705519393877,1.0648931223675389,0.05651884502820082,1.379690244194937,0.7751937984375938,0,8.499355167009556,43.36518691537962,10.135235399310485,6.130662497755961,-8.367665066965385,-14.530117245953939,1.1547567842631277,28.832764505119457
OBE,0.6357543637917198,12.890000343322754,116.81827770763114,3.7716880287110253,1.1259340899304082,-0.07373635317103099,1.0473178557126908,0.0,0,13.5565528740205,10.170944900473893,-9.771315438069513,6.8463921163488966,-11.651814882586429,-8.535038995992364,1.3873097621074724,28.810011376564276
NXT,0.5775969566041512,126.26000213623047,7.589230595418717,7.382665782313623,1.0711041629327147,1.5497655389242662,6.066848988156843,1.219706074338202,0,0.9072741542946464,5.242978120758286,4.536087000907693,6.573114924661176,-6.000599127777895,3.491910772780897,1.0725644688276534,28.283276450511945
JXN,0.5591887018299616,109.63999938964844,10.085798247354184,-1.859162375136933,1.3231579857424864,-0.9735338423908377,-0.5290056861347975,0.24625742846313367,0,43.62108424705706,2.6935932617897547,-6.868109028336397,3.951893778405075,-10.532536868394402,0.027406793004302404,1.3724849529945535,27.905574516496017
MRCY,0.5930406712626249,91.94999694824219,11.09407577360395,11.127892689966453,1.5209728309517712,-0.3859085774420841,0.9298568627528816,1.4573098231099708,0,16.158954234709537,19.229763580532452,-1.9389313724974238,5.012429400094756,-11.45030798233507,2.9315968169250146,1.1747252740532572,27.87144482366325
MTW,0.6186609580279075,13.020000457763672,4.916054965004291,-1.127688277780437,1.4750772423512586,-0.6413960018657343,1.0752640915170235,0.46083269971249,0,54.77625013271048,-14.05940075418063,2.422404949855568,5.036206975571749,-16.323906768585793,9.084746796590123,1.24999965119025,27.80546075085324
CTRI,0.6209268956436954,33.20000076293945,44.51046034214126,-6.32186092928749,2.1068140408437466,-0.02567436660633759,0.3012002163256219,0.4518118145401734,0,15.233884075268897,-1.19046943254422,1.8968677311453452,6.544535678555756,-22.76375411944991,5.35483821728568,1.5464271724627212,27.52332195676906
BEAM,0.6514335030288247,31.75,26.22877993891639,4.007141303594537,1.0178765127880747,0.0470655762146906,5.118110236059272,0.2519682636331811,0,11.233617720636405,-5.758381435828838,-3.3465878682418633,7.525085517874719,-12.870468724833344,6.746304394385491,1.248648360897853,27.463026166097844
CORZ,0.6156587265244918,22.950000762939453,0.5416271770208647,9.87432939926779,1.6778438693111821,0.1840410670533303,3.747270912313938,2.3965107570921815,0,2.640205080088466,-6.820943788073802,-6.199902787068671,6.606907035723873,-8.23670310678808,12.433705020202629,1.2485515819667903,26.938566552901026
CABA,0.6489538651038564,3.819999933242798,43.112003789240475,13.834460416342036,2.2538500399399855,0.614471898092011,4.188477753045423,2.8795784552187285,0,14.173329491976821,29.931967979449308,-3.2812505461266137,8.694839076684536,-9.692673377896714,4.518068069873726,1.4633369288850526,26.915813424345846
GHRS,0.6670748481585806,21.260000228881836,47.61815728794012,6.578436822401415,0.8524125730136209,-0.38182167680581836,4.186262370766607,1.1288794380201095,0,6.3452745449967916,37.51617190199494,-31.578946137764213,6.728262585998424,-13.787508675711546,-7.272726571650352,1.0921004963763126,26.905574516496024
ALTO,0.6369274113144698,4.900000095367432,234.15018928116876,-5.057156984808344,1.4526817310794728,0.5433984331087267,1.5306083222475264,0.0,0,12.584546587562023,21.89055020888815,4.117647882993945,8.593294960686308,-18.333331740820583,-92.54385616874544,1.3005450223373776,26.798634812286693
INTT,0.6489351687424142,17.549999237060547,116.41135211442541,2.7938797400816884,1.847955839921089,1.5208259922230496,3.361824377224826,1.5954347091345955,0,15.36894338514227,7.470908260744849,-10.065787842562502,9.71103076975005,-12.250003814084765,-13.648070425018599,1.3033057636067888,26.189988623435724
SEI,0.5940015134742661,74.66000366210938,29.32694910675504,5.668393375668179,0.8618156638247951,-0.743491371232722,1.1250954951475307,0.8170380128885164,0,1.3856486965398358,18.151614629677745,-5.076797844888371,7.22675974891524,-8.099451470460501,1.349987883906598,1.2568752739765787,26.06598407281001
KOPN,0.6256334352816951,4.96999979019165,62.855972415538396,28.374010097542033,2.3610484984824103,1.8755430332719338,0.20121185718275847,1.8108587430977197,0,3.023534607111675,24.24999474872876,-1.428570089997748,11.238861777730964,-8.807340106129926,1.8099529929631466,2.1005508751366797,26.054607508532417
POET,0.6523428940544821,13.899999618530273,150.35792948872623,50.93109916627409,2.35406488732866,2.5863865189207513,3.309352883007615,4.31654276416222,0,4.014103772955768,74.84276668261583,-17.671231890015275,16.608427597622192,-10.322583105590327,-4.666670162694715,1.5511617695218403,25.936291240045506
NPKI,0.5773487621206843,15.289999961853027,9.473451896360752,0.7047353588167108,0.9024963154309695,-0.9821850920467549,1.0464345833932516,0.5532995103964424,0,9.890630221401588,5.959803454121769,4.660457666837326,5.566008381302997,-7.333333564082663,6.029105108104105,1.566557459217451,25.926052332195678
PUMP,0.6206296864849405,16.649999618530273,43.96346698287401,4.457477152161995,2.3749103620668097,0.6148732029405849,0.630627895709768,0.24024001661902628,0,9.474178309239376,0.24081280377181274,0.14368144865384208,6.47704885128269,-10.000002061457982,-2.225882122998984,1.316206766761163,25.46075085324232
RILY,0.659692926628974,9.050000190734863,65.8375697773325,11.728398072763339,1.2798209546429067,0.17930098463936522,3.5359081551895035,0.5524882837077417,0,15.964023195440486,58.2167923444884,3.7958110848563322,6.653511957908986,-17.502279210417456,-15.968995970652749,1.2806438928298134,25.25028441410694
RNG,0.6564731362209479,44.619998931884766,54.757219563576065,6.106722351497897,1.6155306770193836,0.21278084886689674,6.574633459330897,1.9497959495547632,0,7.251293507469948,59.01736547376376,-9.029278524468626,6.82807255252949,-8.132593756798094,-15.281208173875632,1.359140186099684,25.167235494880547
CELC,0.6352823503690963,125.63999938964844,58.40590129536483,-0.3043085542688957,1.2507640205835404,0.08333333772096137,0.565099855556805,0.8635777536890168,0,12.538213235067655,-13.33976886997768,0.25747938875156373,7.805634988173779,-16.805723854209017,-2.9451266157562723,1.2198796706107984,24.93515358361775
INBX,0.6177610142046637,127.58000183105469,46.605376463976555,11.03737651168212,1.7463863373747905,3.6249365217006266,0.7681421174684737,0.32136985124761214,0,14.07185450917039,10.852381519229837,-6.358124335017555,12.869122337381414,-17.844029012121897,6.677454649368922,1.5756931523132254,24.84641638225256
LTRX,0.6226301988098236,6.25,12.111247511936885,-2.381881495319391,1.542722039962039,0.13619301639838274,1.5887985226950108,1.1200027464028308,0,42.637893062314696,-12.709495344667113,-5.843078377045757,7.210627964564733,-24.15048332709622,5.518393354486969,1.0733898868803247,24.51535836177474
RMBS,0.6339625420382516,134.50999450683594,15.392076772911146,6.916885678623578,1.0860954304649828,-0.14479529451643242,0.05204618770144378,0.0,0,4.583067512642188,36.62772846725956,-12.115587345939767,8.717886342670992,-16.866506817075567,11.579370350554226,1.2934883158654717,24.45392491467577
CYTK,0.5704664802045087,74.55999755859375,12.728171660826138,10.806449145283516,3.2518249058689244,1.1599916554480112,1.2070836310845636,0.5364725182088035,0,11.130428909466938,-3.2818768964197402,0.869307284823641,5.787285582607319,-7.03241845909039,2.909034615479346,1.5361311780055174,24.135381114903296
LPTH,0.6649906139845131,12.8149995803833,57.25559963853677,-5.174170724337957,1.3851679603035865,1.4002328401506772,1.9898565959484198,1.326571063965613,0,25.559428503447677,-8.398857826121048,0.7633564041249269,11.816510482758025,-22.474294928727932,-6.136139701448359,1.080669650362521,24.092150170648466
CXDO,0.6039391337160234,9.470000267028809,29.376049853475685,27.895202748123708,2.9085041290117544,1.6617424222904484,0.3167870340244022,1.7423437928515737,0,6.749719146204461,-2.7720688953428847,-9.461662525015083,6.415748472829957,-3.7601613799179825,-20.890406816892384,1.6786964124790917,23.811149032992034
RCUS,0.6330664565627951,24.860000610351562,16.175870711207672,-0.0060312616827405095,0.8320424539253348,-1.0269683874002213,2.051489204907581,0.08045236231627152,0,19.67972950628054,15.466789676494985,-1.5631996024792663,6.288070248124108,-13.44010722546804,-8.541972014460788,0.938613486224775,23.72810011376564
DXPE,0.6092985816503452,149.14999389648438,37.67991879025636,-8.693831374592504,1.2935121347642404,0.7151267857593827,0.7710420397763316,3.4528958144135986,0,28.02076413243314,15.99781596853395,-0.47427129330818707,6.784158299847691,-18.900554115206912,2.2604209252523053,1.3985653407052236,23.66325369738339
CVV,0.6429709417751465,7.420000076293945,95.76499343666536,20.123037414679494,0.6772930034092938,0.07077115898244299,6.1711596028613664,7.547168961536878,0,3.0950420653171697,44.639374470193445,-15.035802045035918,14.148921053577656,-12.293143700243897,-4.2253548546474455,1.6022201522693442,23.2901023890785
VVX,0.5905293904690225,69.18000030517578,11.435602422163594,1.4072125787350627,1.81836933746537,0.09917494507036917,1.0841283559997998,0.2890964836037064,0,29.056042695091755,-1.28424871910783,4.753666824197614,4.870316993574283,-11.715161094378459,-4.530471200091856,1.178721029794922,23.20136518771331
RXT,0.6636872905958736,4.690000057220459,210.3126218395425,127.86347918318842,4.932216047214827,0.7529610559183976,2.2388063490414285,0.5330510673152848,0,7.339397506172396,242.33576923162477,-20.833332488129965,13.088637708499878,-21.833332376020127,-6.153840131444307,2.1192875543712875,23.050056882821384
BRUN,0.6417557230495335,20.969999313354492,60.824215185465505,27.19111656631225,1.8021366992088799,4.085260263412114,13.018605335462297,2.0028616596398487,0,0.0,70.76547042866318,-15.309447517658459,9.250630127380202,-11.518993086864254,0.1874457133907,2.6049701173222184,22.717861205915817
LFST,0.5841772455612678,7.670000076293945,11.799750821900169,5.836898340562886,2.879164721504849,2.009034504478166,1.0430237666213882,1.0430237666213882,0,11.44954115437345,1.321002673074068,-7.120743581415126,5.50381801883497,-13.723287061601896,4.281767300233576,1.4866465989954665,22.592718998862342
ILPT,0.6051276030836773,7.730000019073486,34.66802385631489,7.932873466030312,0.9984332264693542,-0.0762457799353431,1.811129921852484,0.38810103144171026,0,2.7066416822819073,5.457027277984213,-12.411355523554843,6.640177280141478,-6.867471789084812,-6.65528962536989,1.528596910837791,22.582480091012517
TPC,0.6047000511203833,82.79000091552734,12.123583066345422,-5.3612251191723175,1.5230065382341689,0.49737824533529384,1.3226249650693387,0.9542226196178675,0,23.388365758014444,9.93632751728354,-0.6921171605387775,5.814625290993014,-17.209999084300556,3.383306643101551,1.2779091589889513,22.444823663253697
NVEC,0.6386605436435183,95.33999633789062,37.96266345634398,14.685765242696414,2.518044642061761,7.40451449147903,10.541216497051337,3.5031437843671536,1,0.0,44.13746504747349,-6.062981136284866,7.390093410643803,-13.350906665679974,2.701907437357376,2.0409598536032894,22.350398179749714
EDSA,0.6510346229570984,15.279999732971191,787.9032380940648,32.933139137227755,0.13574471594673848,-0.19867216260066084,2.3560249778747884,0.8507861040854325,0,1.9102177021540907,911.9205179043872,-14.406777809307231,17.1559459129344,-24.803149789853357,-196.36362898389484,1.9209038905353204,22.285551763367458
BB,0.6040737468130905,6.21999979019165,23.711783026863387,16.207375858013577,2.075009144681979,1.3839722180040455,1.607715562533966,1.607715562533966,0,4.326458064170878,13.09090527383166,-42.11886724085136,6.717961160768874,-5.900156359851644,-1.474924801011128,1.7875002108540983,21.915813424345846
IFRX,0.6500644304716973,2.5,97.41307465610782,35.39128053760713,4.903957506720892,0.2339689088046952,4.400005338816169,1.9999980918513678,0,13.399209064491854,0.0,-55.140176139788444,13.29714264188494,-15.225496764907923,-5.434783799951491,2.2312461223044058,21.684869169510808
IIPR,0.574852242394432,56.4900016784668,8.80816925961585,3.288448084017655,1.467400398952117,-0.6501731168913004,0.0,0.7789032188437407,0,5.158970130108118,14.795108167922905,-4.932912361674462,5.168423611106757,-7.989247890944064,-2.662389339255596,1.3430215915920272,21.00341296928328
OCC,0.6584103171803591,11.359999656677246,37.18926125280926,5.365669439266494,1.1612599654297966,1.4239388593443714,2.816907201949379,2.4647864560626433,0,10.964900130204725,42.35588507645936,7.000859872405385,12.27992978068932,-18.566309590069192,-8.61759433023751,1.047701607898618,20.863481228668945
NGNE,0.6390338571093388,30.889999389648438,4.946214591619524,12.312975412012683,1.0664227944645759,-0.46532263048862355,4.532216100666998,1.7481415544825887,0,2.3114326764228252,31.502765816600064,-43.879661736183266,6.829302799712282,-17.109428564710626,5.619411271306243,1.1654608621761462,20.646188850967008
DTIL,0.6424053641241316,7.860000133514404,11.1294400309643,5.730429342533183,0.7884714925253824,-0.368724557505192,4.198466173299678,0.5089053583775616,0,1.3958545106935851,93.12038823268016,-6.311357671518198,6.770265069715767,-10.884349143054065,-9.761912923119517,1.0001125389849155,20.492605233219567
CLS,0.6216064250678265,380.989990234375,0.8857066723980456,-3.9739712226022403,1.0955535221181152,-0.49879581593068856,2.7310425591151843,1.0945124588653998,0,12.221650428699771,26.996663411368342,-9.757567037647972,7.259562768995432,-12.41609419896571,10.124986534548214,1.3855172094205928,20.233219567690558
SLN,0.636712990672864,7.170000076293945,0.24254476895131383,-2.87842743180224,0.5817288790857216,-1.207788087872777,3.9051566241665516,1.8131117578729756,0,14.83554236141343,25.130890962928675,-32.05661410310167,6.297070211444359,-14.642852356523195,-14.522057966879018,0.8142911917407946,20.021615472127422
NVAX,0.5985173872807295,9.5,14.244437466992089,11.24121891530085,2.43256800247894,1.8174520245676855,2.1052611499377276,2.097892761009638,0,29.36646924683573,-15.102767145719447,-6.905060952580691,6.50323279818198,-20.63492240368648,1.577917116896431,1.3296685530616088,18.293515358361777
FTK,0.6219215612998957,16.950000762939453,0.7398314337393685,2.876915763856237,1.4460422239767856,0.2736688699237203,4.660760900137579,1.387019362150328,0,43.296770858077046,-7.679737475282758,0.0,5.956637455592858,-16.952469917543105,-10.68403484550644,0.9443190778539298,18.094425483503983
NPCE,0.5831504054662993,15.670000076293945,11.6932112890469,-6.770586261314559,1.566650026237629,2.5951297326746143,0.0,0.5743468547795487,0,52.40499622088719,-7.60612663761096,-11.08871343685267,6.919044501282936,-20.051021573911704,3.772292137003915,1.420298955635843,17.50853242320819
PLUG,0.6677183262023831,3.5199999809265137,29.318793198836524,12.442101047620916,1.0437073853365804,1.6438469302444125,3.267045742250348,1.1363625584774908,1,0.0,57.847531400942195,-16.24548919205206,7.071835692441966,-23.144103934621178,-18.994422326466115,1.221795567050767,17.507394766780433
BLDP,0.625906721714916,4.170000076293945,6.544542060507563,18.871153273468973,2.7059362993512948,1.4086145504554144,1.5587543409025482,0.76737619711175,0,9.139050012955668,-3.695146655758223,-17.407408153172458,8.761561626472405,-14.197531648615925,6.074771402218759,1.8474733319650907,14.92150170648464
EGHT,0.6010349533031646,2.630000114440918,22.582291542594724,22.09842604664434,1.461627017075057,-0.04871085878061469,0.19010934611691607,3.8022866411312877,0,15.404604998575792,7.786887405200712,-10.555559008232564,9.315588805801408,-8.6805552076072,-17.757002673688397,1.7648942780719903,13.42434584755404
IHRT,0.5921062645770799,5.489999771118164,5.8882601099782494,8.97181019311172,1.2311728291519022,-0.013149701772812267,3.278694219441345,1.8214919632680817,0,9.41912091755972,4.571424210903806,-12.064337985077842,10.460578370367813,-16.310978366333593,0.9174303228006773,1.590894696188844,8.75995449374289
