Ticker,Win_Prob,Price,RS_Rating,Bias,Vol_Dry_Up,Vol_Z,Up_Shadow,Dn_Shadow,Turtle,Ov_Supply,POC_Dist,MA20_DP,ATR_Pct,Dist_52W_High,MA50_DP,VCP_Ratio,Resonance_Score
SSL,0.5534562047835961,13.449999809265137,110.42884748988644,2.164829838331015,0.6675520113576303,-0.4659137592296143,0.03717557257585867,0.5576194076069527,0,7.125062341699999,-1.1029453528393953,-4.320990879052176,3.4041427997805873,-6.402227442983236,2.5862062520441715,0.8474128667263424,70.47902571041948
CRS,0.5546984778647597,499.0899963378906,50.11080995665509,10.714768196508441,0.8408738148010764,-0.7380857469063773,0.5409870417835215,0.7413517069412224,0,0.0,60.86957334308391,4.42211362809063,3.646922809175569,-0.5380761197010074,0.02808223807789943,0.9852217158987943,65.8998646820027
AAMI,0.5548571395031868,77.02999877929688,57.71512576729674,6.615915265371234,0.9862649398447707,1.4170163499362447,0.45436645419059535,1.7395871589029666,1,0.0,59.07559003449393,-0.2768504283948792,3.476379849195473,-0.452311303359617,-1.5429834198422365,0.9935945853157183,65.37889039242219
DINO,0.5816988556673817,72.38999938964844,37.49244430344951,2.496937342474336,0.9734089214097571,-0.6400399636802375,1.7958323838938324,1.0498717262437884,0,4.092697147632883,42.77554008333976,2.6692592253200154,3.4880507145987316,-2.6754476165987366,3.954445220684989,0.9505879566240768,64.93775372124492
HTLD,0.5652592537571293,16.18000030517578,71.90494754012119,12.701565457177136,1.3364344733681779,0.5484199656957333,0.679855428121198,0.3090246587682609,1,0.0,46.32299855663973,-0.6051431322548922,3.076993159075163,-0.6752646050495872,-2.801931895038513,1.0567827414436097,64.87280108254399
TKR,0.555193177047799,134.6699981689453,55.1499261315733,9.612875843715171,1.1340851210863168,1.6773052996615547,1.4257059441869095,0.8835753358890525,1,0.0,36.924331426105574,2.9499031478254816,3.3335442425656234,-1.4056652905836857,0.14133251247217507,1.098028658357027,64.45602165087956
CHEF,0.5653135817025461,80.9000015258789,25.33605170629325,2.9858268101279783,0.7138845637853232,-0.2348896194457302,1.983925460132167,0.18541597410114813,0,1.5447329300560038,6.869226931572253,1.6766647435021278,3.156011549849565,-2.3064800012103923,4.746938430858115,0.9891586309742374,64.2936400541272
SLB,0.5679911687388071,56.54999923706055,41.377989313476604,0.9943257740839284,0.8167055386198359,-0.3711714642416931,1.4235195685625792,0.0,0,5.287542207972756,21.909702607722615,-3.9609541810092304,3.150773488719845,-3.355161823919031,5.486528305147955,1.1092102201542844,63.32611637347767
ATI,0.5587861301258469,180.13999938964844,70.79577866231321,7.846306610938466,0.7362941827921762,-1.1470032285781333,0.46075376588336725,1.1990694290085062,0,0.5265537146311583,40.36154318952631,2.6327408201199316,3.6237694078449207,-1.7239517782222054,-1.868835900904325,0.9939356581251905,62.397834912043315
ILPT,0.5854497445974336,8.520000457763672,41.81155665061023,1.082609727336027,0.8063730026146905,-0.3166121729430709,0.2347471442105312,0.5833419521520042,0,18.83765818823824,-5.016720131760106,3.5582760558776974,3.7556177074860355,-6.885237015987366,7.809847723760839,0.873258434582035,62.32746955345061
CTOS,0.5675779718804079,10.239999771118164,59.242322571438336,5.46371896792518,0.8145639460031644,0.9310785906800515,1.8466823213982742,2.3437478169837855,1,0.0,65.4281046172078,-1.4433025367134227,3.7940146717368575,-1.8131983087781751,-0.1519791640770068,1.1352049269608204,59.65223274695535
KFRC,0.556536667346044,47.88999938964844,56.97797712228352,10.36596368019861,0.5645432501530003,-0.583141703716786,1.4408069538229897,0.5220296579264897,0,1.5863554205284007,4.403750827897903,9.134830854915752,3.558751982793704,-1.8848636708442248,-4.250868574496272,0.9191826666923918,58.91880920162382
SHEN,0.561360703847516,16.15999984741211,40.039524759411464,0.6947685452906676,0.9278494244408978,-0.9785767100373871,0.9900980749565481,0.7425676547673778,0,12.954778564792688,-0.7980421166418672,1.5470297174821146,3.4653478994159554,-6.858792552304392,-1.4784964067339972,0.835362163187443,58.791610284167795
BHE,0.5956579239216304,86.12999725341797,76.72029000660696,0.909743190081947,0.7827386810683881,-0.35339097891412363,0.6615596757576568,0.5921218194509785,0,6.127500986112811,94.83896989395988,0.6665883295260084,3.922625781280282,-3.6577228373735338,-0.8892920367129251,1.0677989733217563,58.776725304465494
CVLG,0.5603055578667885,44.529998779296875,98.75175947199241,17.154978172728907,1.1581612677687319,0.2740135104130056,1.2126677078784858,0.11228214334169254,1,0.0,30.759998878930965,-3.067671274121806,3.4231119529848266,-1.1981382719587093,-3.797927845704469,1.1525588509597373,58.76860622462788
KNX,0.5563996560057501,80.70999908447266,50.93099515926005,12.322647108135936,1.1510014281589094,2.237366146628099,0.30975096373777383,0.47082751470492673,1,0.0,18.638836590495742,-7.822005102340461,3.117862972226705,-0.30879446989131654,-5.566565026058676,1.0858669175898097,58.58322056833559
AMN,0.6392730737926261,31.040000915527344,78.69997387863887,7.02894945654818,1.1675925755559302,-0.07544494338072222,1.1916873029436836,3.0927866091335505,0,1.1389750193577317,58.77238939272031,1.2426603780572134,4.89688396757999,-4.55075292977816,7.048003912529734,1.0901784191225772,58.308525033829504
ODFL,0.5602971648550488,247.00999450683594,52.71052577304292,14.342597029778142,1.0528483570401173,-0.3138598124143207,1.4898214713549054,0.6740590758079603,0,0.0,18.76306441261831,-2.4151585422633466,3.1781404179208073,-1.467951613034812,-5.358386119399238,1.0399897446020907,57.34776725304466
AXSM,0.5609141400661065,235.13999938964844,50.208927909703284,1.9913332217330746,0.9707574638597263,-0.32686524005875806,1.7449165759992138,0.30195063183938436,0,1.7847283023342442,28.745072369228293,-4.756645554137904,3.4225193818409583,-2.999052911432016,-2.5811983739035314,1.0370525628339753,57.326116373477674
WTTR,0.6378770299853058,18.5,57.755276523726565,-1.5983613063592708,0.7041854616077579,0.05241905686377128,1.8108058619164769,0.21621085500837206,0,11.79839101560391,45.92688345620944,-12.857142531998516,4.040539863026741,-9.667966730449647,2.629885392245237,0.9790364054973832,56.8958051420839
OII,0.5827544449405773,39.189998626708984,35.242777245993295,2.0293895507583604,0.7246025527188632,-1.1250695735576215,1.0717070639181372,-0.0510345967441058,0,0.5015915257774995,8.319508833778006,-3.5577427598600484,4.306857051025183,-2.3180466847258487,2.628694064658168,1.0553104424444264,56.669824086603526
ASML,0.5870682895021445,1749.0400390625,49.485711988661606,8.91172278610896,1.1797401695796594,0.5164628705356842,1.164066281893923,0.5600170182636047,0,1.0854299305782538,23.350030368011314,5.666383577513335,4.094083537055044,-1.7001163012142522,0.9229054595394556,1.198152684020096,56.38024357239513
MPTI,0.6075684352362251,91.76000213623047,69.7907405221432,9.443303577710093,0.9732989049599094,0.024271519360174496,0.26154954030036487,1.2716876717379344,0,2.2218148967648172,19.076051185011504,2.21674321427432,4.885873907676798,-3.410524067089922,4.074847372402308,1.1787662915753272,56.2828146143437
KOP,0.5960065533167357,41.220001220703125,38.99581262560376,-0.24707956696295041,1.1091050322255516,-0.0652745169052643,1.3100365958886953,1.4553689687267466,0,14.363231405398691,17.692440572065003,7.5244425361860365,3.548451498154343,-10.969739378347658,3.8173800457934637,0.9861070950916128,56.03247631935048
CAT,0.5591496347602317,915.6400146484375,44.84581089686168,2.100633893750826,1.1030604618331357,-0.13011514475105346,1.1292676914548714,1.4093998831861698,0,4.183992706412341,32.604317365772175,1.0184427571570216,3.1417143120729465,-3.2941501513902383,-1.995186958224501,1.1698567316056678,56.012178619756426
FSTR,0.5607038284805892,41.7599983215332,47.427275292267154,3.8418464731316875,0.5201881444845124,0.017098254035351593,1.7478457601220168,0.2890345810107753,0,3.4180758167911356,1.5070465266601294,8.297868521886377,3.8657283927346873,-3.0190501864079824,0.10706882995829735,1.1647391433187149,55.706359945872805
DCO,0.5557402366678837,150.0399932861328,58.01051228912684,1.762735767264937,0.8022795355623056,-0.6597793300811114,1.1530230638096304,0.046648939323626265,0,7.532757614335679,8.614444729243251,-4.751150969470594,3.5776172667876653,-4.017408996802675,-4.628564347955271,0.9381091920996367,55.68741542625168
CVEO,0.6327328247161284,34.220001220703125,45.24038478722745,0.22258871039631656,0.9108120465623659,-0.31636752278280106,1.7533672337738666,0.02922891839093554,0,11.58364902221767,19.19192724397733,-9.146336610994329,4.104742467653266,-6.246571997902492,5.098743471428349,1.0848146015569202,55.682002706359945
CNC,0.5773170556144582,65.02999877929688,58.76086205974944,9.279422227444185,0.8286125215382281,0.24269287890055893,1.1840754834740015,0.4920801181395284,1,0.0,78.65383530898117,-4.127951056187021,3.3303310849907293,-1.1702192047674456,-4.618591101274328,1.1721467168501947,55.508795669824096
GTX,0.6148195576149045,32.25,85.14348408799515,1.559481808549215,1.2298807772294478,-0.1432426708815547,1.4942612758439282,0.6821743277404753,0,8.555327152011001,26.235638681220273,-6.827584719788216,4.061206734950749,-5.856295996332339,-0.3816737786777795,1.1568356949467162,55.2679296346414
ST,0.5632673754830312,50.16999816894531,43.49063501837542,2.1284813171407677,1.2585380225144498,0.7705527113303673,0.9866509161616157,0.0,0,7.8441564320934205,40.24027667982132,-8.237502357990294,3.6931569462034584,-6.9029527978592995,2.589358333803023,1.108335512506559,55.2638700947226
ESI,0.5814902542619401,40.150001525878906,44.84803166287603,-4.203636379687479,0.839673439393605,-0.4696455427821677,0.0622607975865346,0.8468247563085979,0,24.995732098260266,-5.484386276831544,3.5535341546741153,3.6813793591054593,-11.630388336151103,-0.2942910571648826,0.9110703185713435,54.976995940460085
ARCB,0.5927623330675655,166.22000122070312,130.8671779148017,26.6259617223499,1.0888721841903384,0.9238318601229412,0.8181931177690239,0.21658080117048978,1,0.0,109.466654269135,-1.438371369923868,3.652644568678175,-0.811553046594741,-5.655431276809799,1.2421207775720644,54.91204330175914
ARKO,0.5685861192680666,7.610000133514404,49.113298272490354,3.2134702565562945,0.6278952454254804,-0.5772759180283082,2.2339037225890017,0.0,0,6.01623843169134,52.55092437139083,-1.7467237338512753,3.8614611649082344,-4.276725583209709,-2.540824276863411,0.972491927673482,54.868741542625166
AIR,0.5666801430911875,114.72000122070312,28.287184054562342,3.7819063604997454,0.9951479207425338,-0.24109464731990674,0.8324632329885444,0.3661071866044016,0,19.87772453847007,25.596678147509177,11.232803417002815,3.592285802831684,-9.818408893610222,0.9384595906712782,0.9216495793834977,54.38565629228687
PKOH,0.5922260531059503,32.720001220703125,45.41650849143186,3.812050627738424,0.9780604123512768,1.0474399200411384,2.3838592609205134,0.21394714825087222,0,6.395125326772258,6.095982680779971,0.648925559911404,4.285279003190195,-6.540980321487721,1.5618560961810537,1.0251254279375515,54.341001353179976
LNTH,0.6042889421485558,100.01000213623047,53.01886296921319,2.4440731421136794,0.9756155709576335,-0.5301316625075223,1.0948917081319527,0.06499594042309464,0,5.310738212776674,51.71420648313625,-0.9133957939030657,4.051093762125778,-3.836536407433813,0.34049519925202465,1.189971688018151,54.29905277401895
MUR,0.553476067427577,40.0099983215332,16.85694282099528,4.488477843959716,1.0371676805743775,-0.25693242164895086,1.0747321249788948,-0.04998864934320139,0,9.199665641868439,31.216632879546463,-9.897241555067339,3.690148719262364,-6.881477104803199,1.6047916288407678,0.8818184289664636,54.11096075778079
DAN,0.5901370435221579,36.66999816894531,59.902929077207176,5.335722426725758,1.0498450654508327,-0.28905448050106963,0.3817922316136072,-0.34087811900260706,0,4.7935225810543605,55.6038885004216,4.610957503151113,3.9814583917250985,-6.9823922236858476,-1.674293706816244,1.0206118918982512,53.87415426251692
LIND,0.6519492928171381,21.389999389648438,70.07020400934945,3.0396429122871953,1.0502016899385114,-0.8201497136807547,0.9350199562272643,0.046751889512479224,0,10.670150681788934,26.642984975425964,11.516588915300071,5.12589418514059,-10.050467737113038,6.057270873633346,1.0242533345966085,53.81326116373478
NWPX,0.5785221574418401,121.16000366210938,93.00436382531798,4.949503107767644,1.1008139081821693,-0.22030459272694317,1.6341991314596904,1.6228079344559272,0,3.5410209825086385,71.27510223385289,1.528611484720743,3.7783574057641345,-1.8867877900618866,-3.7770273143363196,1.203472844219834,53.798376184032485
LSTR,0.560803176834438,225.3699951171875,54.544803343930106,14.833564548004697,0.9695110889580588,-0.09809908572149165,1.3710838459481876,0.2884119051178522,1,0.0,64.89731993833948,4.007853362515816,3.2831738398004213,-1.3525393967690027,-4.412615851076727,1.2411829369311353,53.73748308525034
PDS,0.6285421834173701,97.20999908447266,36.09582010779675,3.053110113377489,0.8283354390698038,0.10466758450179128,1.1315692670194466,1.3270249230154816,0,14.318978742055663,-1.0081444954435623,-8.212779370315854,4.274986469140239,-6.348751226852753,7.080346548043949,1.0769769885889608,53.72530446549392
MRVI,0.6009791794373004,5.039999961853027,27.589684669852453,10.18801952868505,1.402954225656488,1.0636403959284313,1.8253969902276637,0.9920672837973462,0,0.0,3.9175270292232707,14.432986038869586,4.734978149423628,-3.2629572939845737,4.5307401400988265,1.0484094412657325,53.59133964817321
MOV,0.5662022871175175,37.72999954223633,77.19678462655932,19.091582845406297,1.6143061569775374,2.636090131224149,1.430961409845082,1.007158952333874,0,2.7494305006486677,10.032075050342005,3.712962895365642,4.233065728703598,-2.6824887882926483,0.2366974935807094,1.8395671910466085,53.37212449255752
LXFR,0.5503854914791031,17.459999084472656,28.618154022697738,6.619437036902183,0.943865565444448,-0.2881682750604414,4.663238245286698,1.0882047194132125,0,1.3246514523023356,53.260511966013745,0.6422570953693043,3.5076903202254686,-4.455469105931947,1.70040110571845,1.1928512994507576,53.351826792963465
BWA,0.5909891031805011,75.86000061035156,67.14022951014307,10.995043536965643,1.4432666789595454,0.11277791586927916,0.6525214112744944,0.5470615768295205,0,2.295298981253742,69.3653043668064,-3.082189196788527,4.387665200369528,-3.7553908854296445,3.5244611663351555,1.4792159869237773,53.34776725304465
ARW,0.5741218850177061,219.6300048828125,88.68728823773489,1.991727208205984,0.7978044562030695,-0.5907786045467691,0.5076744836179906,0.7421108387040753,0,3.5471765080458693,38.480451721470175,-6.883815531651118,3.651429501202234,-5.859407625405825,-1.8221170833855493,1.2516020870354017,53.25304465493911
DHC,0.6283705744264937,8.300000190734863,65.55729549724055,-3.3197403355889388,1.3441632048759626,0.6663943849552406,0.12047319248831832,2.4096362005424585,0,15.23811127655225,23.864039304769967,1.0650905870856662,4.03614330372834,-9.1903733144786,-0.7278067623193873,1.0568039284918238,53.021650879566984
BBGI,0.6679745958097221,21.079999923706055,426.39884224423446,27.517996440220383,0.030776621609683107,-0.16469623915421186,2.514234765363256,2.564515298524533,0,2.911452636961493,271.7812987185471,19.381196168181912,9.226958356578983,-20.060677842134353,11.813188303476444,0.7976459183644662,52.96346414073072
MUSA,0.6048672169391834,546.1900024414062,28.985990616151014,-0.12267086568884995,0.8258178094251377,-0.623897298557743,1.5186991473779174,0.018304177207645256,0,12.506027135089424,37.81335165747523,2.801671221648785,3.36362403807486,-10.332056042416795,-1.4559769164068987,0.9135392729244962,52.92422192151556
SYRE,0.6347869448837548,72.0,106.23471745430952,-1.670241188107607,1.0160690307316336,0.1437305084555001,1.7638842264566215,1.2361102633834393,0,19.61506084232553,13.798007711294582,0.16656673069260078,5.970238882397847,-9.479508208002336,-0.12626551496581506,0.9817178836112409,52.16238159675237
JBL,0.5909890803300867,363.95001220703125,57.8633278290015,1.2963279986146206,1.0270925491625715,-0.6250784728123762,0.642944431762541,2.347853590083164,0,8.368807290639992,68.3525785223786,4.294870092425957,4.140286438423084,-5.39381318989384,-1.66571274087151,1.1025399399330678,52.09472259810555
CVGI,0.6439999747333761,5.079999923706055,203.02990918901588,-1.9778114992422455,0.9665513367685122,-0.10023114520955294,0.39370041777453246,0.9842557377155168,0,11.494081278584583,150.24630511328246,-0.39215649601140556,6.763217118979884,-13.605445153547832,1.9283793232847977,0.9600441140337268,52.054127198917456
KN,0.5786802629101405,38.220001220703125,54.63704009882877,3.75860641518724,1.0477025624950789,0.8243463061540469,1.373620341182831,0.784927335089129,0,4.336947901904328,72.86295868341351,0.4535143224026013,4.069486517867337,-4.258509584607319,0.0,1.2876279079129758,52.035182679296355
CMP,0.671476123921482,29.809999465942383,39.53449620297147,-2.8040441151103526,1.040027477209779,0.03847183661417855,1.3250538660796365,1.1405573923774528,0,13.260933623042332,38.65116030491103,-5.084139136153035,4.606556436776172,-13.594204446149785,4.575987264932559,0.9408143673468826,51.871447902571056
PLXS,0.5934741121003935,282.2900085449219,80.69008809306479,5.247659223850323,1.0643952795826686,0.7258273701796683,0.30464604680565616,0.7651718433945188,0,2.320193422796554,42.8593116523547,3.046331078230585,3.927823983217564,-3.4344673788118096,-3.5869550882817367,1.1498670985923138,51.671177266576464
GFF,0.5615166383278948,86.7300033569336,10.3778828684284,2.19415364081081,0.7718575069819607,-0.556970377637255,1.2798258249525307,0.6918003584583156,0,31.041910570985586,-8.086526070623448,7.009771783097888,3.217988762907136,-10.66742324492914,-0.40770510606091565,0.7587109080253449,51.30311231393776
RRX,0.6131673434281649,210.27999877929688,40.70393952493296,3.109009455616286,0.9018639720214947,-0.15888835132982734,1.5883566469772972,1.3648445567027543,0,29.25715910598249,5.346920506904591,8.023883606637455,4.428789017353923,-11.030254559287131,1.6211582445355877,0.9710268458682075,51.19485791610283
IESC,0.6107537584716964,734.9099731445312,66.04842999137854,6.8360118084523895,0.823830968259597,-0.4739625021260428,0.3565138925968706,4.199151798073561,0,0.4887536987605272,93.24987683887238,-2.3248837132409585,5.056402740428631,-1.3384748782236933,-2.8960134315805837,1.1383443605332961,50.65899864682003
SSSS,0.5802559752685261,13.859999656677246,37.73038006654241,1.0830301557268323,1.1049776390345105,-0.39362294235722417,0.07142924475564097,1.3347725145138012,0,11.818971437172127,43.18181011662418,0.07564469500065328,3.5945673629619765,-7.4766349780349435,-5.063286084331434,0.8259142141190976,50.384303112313944
EC,0.5872888076715694,15.350000381469727,51.53615700202187,6.816049118799787,0.7203838215699699,-1.4612278945840573,0.9765438370818648,1.8241024494759073,0,3.9428958814036075,-5.5384591906147005,-3.56012497631975,4.066961550390916,-6.686932099608596,-2.29729684926259,1.0453300238212366,50.37212449255751
SKYT,0.6246175283656493,36.849998474121094,90.77822982736983,0.45661611359210486,0.7573037170509408,-0.636209706652397,0.4613351171706378,1.3839949995514698,0,5.126094376555619,13.910356142553592,-2.965598943562233,4.461328196158174,-7.713503149105458,-1.7940437205807156,1.1147105599517866,50.27469553450609
MG,0.5851740023355815,17.940000534057617,43.27863547922468,2.660946141463758,0.9498278009600077,-0.7584036741694116,0.9476035185268702,0.39018780789570323,0,13.685700578095089,40.15625208069702,3.6281145791179727,3.8142984588006863,-8.282203353955426,-1.2574489633497756,1.071427755781907,50.26251691474967
BWLP,0.581126292738529,20.790000915527344,62.01688687380922,-0.4310301889828466,1.2442025671011683,0.7147010588883375,0.38480000086222926,0.7696091760801522,0,9.800099659995318,-8.049534036325815,-3.336606148892681,3.4274724456090455,-9.30110761309528,-3.780268033515489,1.0586243961425235,50.20297699594046
RLYB,0.6296298956676691,15.90999984741211,189.53688858979078,5.90427873816153,0.21920862344136322,-0.16489056706763203,2.765559637019929,0.0,0,3.2589864878264923,12.677053656048113,0.5563276986357781,5.544132214935466,-9.468530862336262,0.11847483060989286,1.1732872105091972,50.13125845737484
KRYS,0.5578314539986305,301.760009765625,27.32589538769674,-0.7606692505981301,0.979931812755183,-0.262365989108946,1.2294509991391358,0.5832481802297645,0,10.986639705351338,4.836024737627338,-0.18972788134308724,3.452034358741955,-5.54651327510001,-3.7987345037252354,0.9620731448151492,49.985115020297705
SAIA,0.6072069699050453,480.67999267578125,37.730382422193465,4.038671638539025,0.9529598800379872,-0.8375689363479601,1.8203378824389043,0.8259135560428106,0,0.4950544777568691,25.951151405944355,-2.3521603772674924,3.9395067974886984,-1.7877939911578908,-5.196270581204073,1.008676874198324,49.886332882273344
AVT,0.5523356289649648,87.05000305175781,70.20782879918244,1.1366271791879041,1.2800798080777378,0.19454063884467865,0.03446154881659664,1.1028221484212501,0,5.0126172176818375,46.533220419261326,-2.399801999676603,3.7586051024174965,-8.27304910834965,-1.094771381872902,1.3201154022669987,49.7063599458728
DXPE,0.5898151268669006,160.1199951171875,54.51151772804577,7.341335875348426,0.7532830966023201,-0.6131630377332301,1.3864609595225765,0.13739771884250812,0,15.531851473343552,24.52947024167017,5.98027710067832,3.7520988255072116,-12.935679447052248,-4.581934109962558,0.8243952431477662,49.617050067658994
CGNX,0.6275849880411754,62.38999938964844,52.212575825203736,-3.576441560726465,1.0033681282785605,-0.2490131953216368,1.1860902158907778,1.3623953877590502,0,18.787260298707267,6.641247768870278,2.1322000073209,4.142479916436399,-13.110152935696034,0.32434793960540037,1.0668150003177614,49.54397834912043
BELFB,0.6350718885481357,279.1300048828125,62.53203089717976,2.7775694057252696,0.9723807122814924,1.2753518329136766,0.31526703235605247,1.4724269263969942,0,9.157206686097611,3.8700530165106066,13.846569650398335,4.940092516564124,-9.45274764630834,-0.2645557246561525,1.0740250931929047,49.50338294993234
UTI,0.6056645023639633,42.959999084472656,56.097394591911474,7.543837039199283,1.0479293533414857,-0.3039167846476777,1.361729741447968,1.1405909548429876,0,3.5106814137525504,7.480604884610327,-10.688303064683039,5.683857819968459,-6.0778366679468565,3.7144359362003208,1.2466719317442267,49.32882273342355
TWN,0.6314504543966181,94.13999938964844,79.49605055150015,-1.4111797190741753,1.4921456760768128,1.1196952915733358,3.1973598112588695,0.5204991150851931,0,15.236927141071298,-6.122855469015852,6.05339249897303,5.085889097931125,-8.999514580132569,1.9734794437742484,1.213251474106999,49.32476319350474
NOVT,0.5744720558549288,164.33999633789062,31.332591407569723,4.0620519511917434,1.2007093656502377,-0.5797650195752985,0.2738207121011703,0.9370775954972911,0,2.794069760043118,3.2351239509199736,-10.613844402856797,4.555017500559946,-4.37009572234613,1.2237294070146263,1.1691706666020851,49.166441136671175
VSTS,0.604373284417451,12.460000038146973,81.31249786864136,2.5936600145636373,0.8407639694979221,-0.6853208599408926,0.07945500038129256,0.9630809404660111,0,4.743469566304212,3.8333336509053275,-32.57576085623461,4.27075246751201,-7.840239524027577,-1.4248722343219753,1.2257789516131299,49.15832205683356
MTRN,0.5981963946720237,225.52000427246094,74.41554297460335,4.838331667257844,1.2742000564778646,-0.3907001801253713,1.3923374113814482,2.1062433087932404,0,3.5954369525361582,22.772082716497454,-2.833929930798849,4.017135758387525,-3.3968698990839687,-5.999435832900928,1.1118995959292477,49.11772665764548
HXL,0.5510235194423629,89.19000244140625,6.775328479296272,-0.029140855963330513,0.6281191594702631,-1.3738345921639328,0.4182095396551593,1.3790820980500127,0,25.713247970729608,5.903323083230565,6.997480266712078,3.4239114282957424,-9.053117678952512,1.651348299741338,0.912936093797023,48.83355886332883
VECO,0.6397039594567719,61.040000915527344,85.21278962433898,2.8726498618937857,0.916792389902918,-0.2145045614149847,2.8505862346709194,1.5727376639221586,0,10.278441010968194,-1.5642596875436159,1.312687316256767,6.2593611989191205,-6.709459527901111,4.635021441795209,1.3508034652243823,48.4830852503383
CLMT,0.6027190052855397,35.5,73.89274428633384,4.631799565863167,0.851766151983488,-0.9611403097156572,0.253521556578466,0.45070379551437284,0,5.485551412343391,1.3127827409835717,2.1820530870064845,3.893358702630824,-8.387096773977108,-13.868140080085665,0.9456444120982139,48.47631935047362
XMAX,0.5594655654092698,8.59000015258789,47.27183413966436,2.6836424186896335,0.879739493626701,0.18718399788898707,0.910353727572603,0.11641709782343856,0,2.937755429202229,-0.11628172601271555,1.1990453192822321,4.671711063935099,-2.718004226100302,-1.1064996332495385,1.314874374422252,48.45466847090663
BELFA,0.6330428299037185,247.25999450683594,65.31283323754924,1.3335716147221905,1.4125909454220156,1.9727257057662788,0.0,0.0,0,10.000489679994121,0.9471674868522943,13.057238773755245,5.151028488089814,-10.481154861787724,1.2079737118897071,1.114894779992691,48.412719891745596
TEX,0.5738674601535695,62.70000076293945,16.398850668855737,4.116506294137845,0.8649325778779814,-0.2588258341014214,0.5741636458776713,0.8293468124847917,0,30.3932683061888,6.56511087340193,5.455970894972969,3.9781281827440393,-12.08006091997354,0.08536663363532782,0.825574542555392,48.27740189445196
INSW,0.6225981128568614,81.41999816894531,56.71380620673465,-1.3730507365038802,0.8540127035534051,0.372045337622941,0.8474606447006181,1.2527593539579802,0,17.407201859111122,10.800868018799425,7.6839125784823645,3.5269498723039536,-12.130374540055229,-7.670325600992664,0.9043662399868923,48.189445196211096
BC,0.5655719336040674,80.66999816894531,8.299970812659542,0.7395640474198298,0.7437843343897017,-0.9753404653260628,1.400765190346768,0.7127766967725188,0,40.90280545361733,9.813632368326518,5.091177418407656,3.5510624420877885,-9.658889655397115,-0.20506597932044612,0.8380248758388453,48.021650879566984
HUN,0.6390743826716,14.229999542236328,35.71255408766394,-1.699368106654471,0.6742129408789903,-0.943535737244828,1.1595219054764734,0.4567785134905066,0,13.998746499779541,36.695482713257704,8.422461400967228,4.266640511550116,-10.503145385253044,-2.8685231169504957,0.7559559921060622,48.00811907983762
FTNT,0.5665662523311245,143.0399932861328,59.300206123498356,8.011775111750643,1.0612522160162068,-0.4007777234753614,0.6991051782228762,0.3740131630504191,0,4.544091536893822,78.26520076458834,-7.63566153037476,4.012113980757936,-4.684489701430546,-1.851166262592537,1.4734975181439207,47.97834912043302
ROG,0.5998373474676372,140.9199981689453,52.97897938318725,0.025550814131326448,0.8733604428750029,-0.15297350215154856,0.461261115324133,1.2702303208684251,0,11.77315652415118,5.954885841267492,0.6753852719338024,4.519786748814116,-9.475171949252156,3.467838671190094,1.2946130377954739,47.864682002706346
ODC,0.5688956618585432,83.98999786376953,46.662581925293665,7.9680907978076325,1.6296042195015388,3.006125907317062,2.786041668507007,0.0,0,3.07877185603557,13.699735671823507,1.0481335033357493,3.5386860714098525,-2.9017365736432965,-7.7843330744422925,1.1437070972711683,47.851150202976996
KLIC,0.608708596291035,102.5,108.49219519442855,-0.7494623893433752,0.9624017926019323,-0.0003403685503390327,0.8975591892061824,2.425075624023597,0,12.033057031382986,54.85042306675394,0.6039379743416352,5.849476990384092,-7.474272314913168,1.0347462068493667,1.3621889875546869,47.74560216508795
WULF,0.6104944925114246,25.860000610351562,62.63174910139937,6.888216534883948,0.8122455548198962,-0.6939570490989919,1.300847140047917,2.095900247800512,0,3.67504122249847,55.315322536212285,4.574603346300281,7.351784621632699,-5.86093463119099,3.0618909141237967,1.177536234311191,47.66035182679296
PDFS,0.5837120273628579,56.29999923706055,85.84669318605371,13.694880292503234,1.1222999007567318,0.9887568073760429,0.4262907312875207,2.0959153128692485,0,1.2370056127981688,22.25841513484397,13.422429133593933,6.221770840571796,-3.164774977420875,-0.8425361154741878,1.3725202638408331,47.57780784844384
HZO,0.6332023680669558,33.060001373291016,29.06610371882785,-2.437580417123411,0.774518290667987,-0.7122739474388394,1.1645557175622632,0.0,0,12.748299348859915,10.200004577296719,3.7878765984334213,4.499393780968967,-8.799996211368235,-2.4896259588416125,0.8199354176129153,47.43978349120434
ACLS,0.6412436086607037,154.75999450683594,65.06594840866482,-0.6193662576543058,0.7331547398111457,-0.37058216039787384,3.6120520774486393,0.9272406368049413,0,12.296284681918598,88.70868244689241,4.815068491839027,5.878225726109121,-9.818778651295593,3.3146946484753923,1.1852889171944516,47.1745602165088
ENLT,0.6273966602126113,95.05999755859375,122.49429567473535,0.12375702864648953,1.3128657873927991,0.3287680328534984,1.6199261234285882,0.1683105794469868,0,13.627116419477622,35.741823811567926,5.126504563123654,5.705185406376542,-12.508056858078485,2.877397309628144,1.27499421386913,47.15290933694182
DGII,0.6070169611672501,67.23999786376953,45.20554461496451,2.5554951554403784,1.0535616266101824,0.6324440431487532,2.6472320580329867,1.3905377577110882,0,6.051802599449861,53.30596654703855,5.746425736373076,4.054772159037188,-5.01483684954861,-2.71381519605447,1.1501407357771183,46.95805142083897
NVT,0.6091854732358056,163.80999755859375,43.17977709481784,-2.4896965536579136,0.89426041309287,0.17385069171817288,-0.04578288832151638,1.5139465017309734,0,12.732984130011388,3.0770195355899683,0.55310530054731,4.3787230783176545,-7.97191148389131,0.40526839886707033,1.2253506067054476,46.82949932341001
ZGN,0.564430991243622,14.819999694824219,31.053020480232796,8.163337281375403,1.8279403902688676,0.865185423676862,0.6410274559963486,0.7422379145408508,0,3.3766763206458177,55.02091049979478,4.407294303852425,3.5666078000595554,-1.2000020344252083,-6.458126671165408,1.1968933192279705,46.75372124492558
ALNT,0.5961718127459097,87.18000030517578,50.552281067261106,20.692456151506764,1.3378290737137652,-0.07061621175747969,1.640284813206729,2.2481072441621817,0,1.6689141434945303,32.57609588337545,8.037188434016079,5.468701960972232,-4.313467543414916,1.5769723976515393,1.441321296878077,46.741542625169146
NHC,0.6038364247623743,187.72999572753906,29.998802421204207,-1.6523148417980138,0.9989931943863276,0.8885590219116094,1.368934411744959,0.0,0,13.48719857716011,18.6781609748602,-2.5579845275329216,3.8402374291830528,-8.451186012531922,-1.3107345276652143,1.0949956540141421,46.6468200270636
LINC,0.6403961626687884,46.45000076293945,96.08920358758428,-4.8116713287347785,1.0304910366136084,0.1578264899766669,3.0116233699938895,0.30139803519039615,0,18.850493076110723,3.0161911858927883,-9.720666981058965,4.630002352406385,-13.177568667156583,-2.1787104958834758,1.0870873201673745,46.54127198917456
GNRC,0.6374263216398679,265.8900146484375,54.25634657766905,-0.8978741658061226,1.096503822091275,-0.5741521331240613,1.5043814282660435,0.7107913015067124,0,10.37837373844953,23.675523445044576,2.1268738756610404,5.125911421620642,-9.616554059278347,1.9747493242876908,1.209106866918264,46.49932341001353
PLPC,0.6207255176692293,373.19000244140625,63.48806144950934,3.5324610876904985,0.7896340526898277,-0.9661805261636045,0.7342078341977711,2.0418540334192046,0,4.546145562804839,27.76103890558496,-0.3436830155675995,4.765859162814192,-6.0779166756439205,-11.116617573249002,0.9597976457750057,46.23139377537213
PBF,0.6539857719692201,42.369998931884766,20.173770516779864,2.5071242395412052,0.695777789506257,-1.2225508814350323,3.457635566402754,0.37762532792496295,0,31.442971097345662,45.74081678300402,-4.608516081688416,5.235343187134308,-18.251050790149588,9.886831404167735,0.8610381290737976,46.13667117726658
VIRT,0.5870641062838097,53.02000045776367,42.52453078606096,1.9193558392025831,0.8651350931119343,-0.5125361070367701,1.9049383492909053,0.6978478473845591,0,5.642009916120395,8.857700504128548,-6.197625785582892,3.353196378332161,-5.6746492626089315,-6.39964323761399,1.1583732713816304,46.09472259810555
LSCC,0.6054910960856387,142.89999389648438,79.82130250202432,3.2727053742778227,0.8864748472945636,-0.09609964774693115,0.6578043957654767,1.5080467958891997,0,6.837079816550888,35.104470484542574,5.566476684565385,6.083673204836111,-8.291626761875612,-0.10535026975248767,1.205374263965525,46.05277401894452
RES,0.664172763233771,7.119999885559082,15.942863740289637,1.8816614552817623,0.729575810823154,-0.8126352276296159,1.4044930649696374,-0.42135126806649376,0,13.894650276558968,31.856819119593975,-2.3668687883783437,4.243580019964017,-12.228793133061727,4.827582875421972,0.9757776972981569,46.00947225981055
CRUS,0.6168779041177475,165.66000366210938,27.29405492512209,-1.8028854394114942,0.8766122796796245,-0.020707951448771834,1.3521611643389218,0.5583744001593308,0,21.375023376454422,22.792972474292856,6.96685010926504,4.170761901761781,-8.180908245511048,1.0491610282930766,1.170452304567839,45.80920162381597
MGM,0.6015489511677689,47.2599983215332,24.914016977899767,14.136665688079637,0.9985743988926233,-0.7019041387446191,0.5078326004771904,0.40202842457231847,0,8.450694067777565,-6.7666214204646264,4.691930012429486,4.363400606359539,-8.393102962131998,2.3689097600587896,1.1396745775087727,45.6468200270636
SRTA,0.6264842406656682,5.869999885559082,24.782556656717603,0.34187920345982814,0.9136079814416783,-0.21831932049507033,0.8517838988752394,1.2776799099582374,0,11.504610899658529,22.291659418402833,6.283669131422926,4.909953670087678,-9.692309451446075,2.3529389319773877,1.0302029676388467,45.602165087956706
GRDN,0.587240531376867,40.5099983215332,29.538541987663457,6.605259810878795,0.9388316776060647,-0.22158822490722596,0.9874143234817421,1.7279703577526098,0,2.1369949354840143,17.795868102134826,-1.4408436008609327,3.9417089427433654,-3.062939856237041,-7.316384296258651,1.0164923716387793,45.315290933694186
TDAY,0.618479903537255,7.849999904632568,46.511811030702475,2.2002334959633525,0.984229477588177,0.2709022514982145,0.3821622080487652,1.5286609809126133,0,3.5926267997056205,20.030580278597785,3.145481576987542,3.9581437283707817,-5.193234808624682,-6.606607616145286,1.0742971028040158,45.216508795669824
CPIX,0.6450279122008636,5.860000133514404,140.73518916881304,6.429351412832866,0.044803592130449994,-0.11907341778593449,3.9249149111588806,0.0,0,0.9045634307565059,50.256409992722084,-16.88034168079596,7.246465183094014,-11.346444549733702,2.1604917597269253,1.229462536429549,45.106901217861974
TRN,0.589693111616359,33.56999969482422,15.355171902930675,0.09093764314298604,1.2137123260330174,0.9933165469489811,0.2978804737181234,0.2978804737181234,0,23.725172435110526,23.85026826686697,6.470113779440512,3.1490688219833576,-10.144541899112765,-4.766455903901361,0.8842887579638053,45.09336941813261
MRCY,0.5961809029736761,110.94000244140625,46.86051372638591,9.232157836876901,1.411296982396919,-0.25005229602101026,1.6404366978810023,1.4962181750826955,0,7.672330453948713,43.85373248172581,-1.8707134269372532,5.28276613557274,-6.435014989450726,2.5472719906734387,1.4969644347428384,44.99052774018944
LION,0.6363750645798883,13.520000457763672,81.7960154565258,1.5091256996785183,0.6689422640040223,-0.6265161702029898,2.0710038718208432,0.4437830170596712,0,8.106829292540764,-9.565213174916448,-3.267978591925812,5.026944724659602,-9.896698735437562,-2.5559080119019297,1.1077092285344712,44.96617050067659
ATEN,0.5650835979600237,30.979999542236328,68.39602034777346,5.3075035141398175,1.1656172357914607,0.10832016914020523,0.6455802643261112,1.355713629717084,0,4.643412921494349,44.67128571138529,-0.7552457860893518,4.122474317593377,-5.978759256537252,-3.49438137190011,1.307773896798076,44.9404600811908
PWR,0.5734650821254881,693.8099975585938,40.69952335101576,-4.914224009849258,0.881690982755087,-0.6332350378699719,-0.07422992609633931,1.488882709413029,0,23.851678561369038,-4.6663123048793524,-3.354361105280732,3.6390151164457616,-12.036767345963344,-2.7674169082328905,1.0824760822568205,44.8660351826793
SNEX,0.6427665710709043,117.69000244140625,80.5856914938692,3.7309307291070772,0.9154801091501781,-0.38065699546386905,2.3876263916035465,0.4333436363722123,0,4.088373383194469,68.8683716024709,9.604658185894975,3.91585567867428,-6.163288024502156,-8.209340175674148,1.2157566755612015,44.84032476319351
MEC,0.6068936684333974,33.599998474121094,89.83772326880506,21.481637055972083,2.7397055463308364,2.547560340528148,4.315478656979991,1.5476204802470541,1,0.0,40.292264732246906,7.022058065322932,6.597577608738097,-4.136949484908712,-0.9423401347478242,1.544820714516524,44.68876860622462
CLYM,0.6623024809572984,10.770000457763672,513.9168434379789,-1.6932095497261463,1.6662675259205475,0.5446475272366419,8.310115747126865,0.3714105276086089,0,13.828633533213045,182.6771815665638,5.013189978111059,8.873855647793404,-13.70191624245218,7.735586221229052,1.2463712653280083,44.54533152909337
FLXS,0.6039594769318971,56.47999954223633,33.11123705539731,0.26539743633763063,0.8002884749522622,0.6248038760313694,2.5141678383965713,0.46388286068786233,0,16.567318779682214,-1.4290953773683384,4.190544674340475,4.268263319206751,-7.364280118906276,-4.360804421397148,0.9588717301621843,44.376184032476324
ZD,0.5694183315780853,46.599998474121094,22.419581123350852,6.831725346886712,0.9920443839737086,-0.3111780655606212,0.4506500129652122,1.6094421127511658,0,5.950379344039727,12.343295535835235,1.2433011470664426,4.3163710276189,-7.814047126563326,0.323109158611047,1.1414151947461202,44.131258457374834
BFLY,0.6395753614515461,4.78000020980835,47.58263134443273,8.661064958983673,1.064685780196427,-0.1779694089455181,1.2552288730839696,0.6276194243781477,0,18.42473455734558,2.3554632054341296,7.932690762765704,6.999400205575805,-16.433559697516532,0.9638544801008562,0.9559283586458307,43.978349120433016
AMAT,0.5887317134640996,492.1700134277344,74.4927131485753,9.493456265628291,1.3798003269762893,0.8035020933417949,1.1256228287353658,0.764982535650289,0,1.7986342028735698,92.42480573650698,-0.27098863767554093,4.976387017376048,-3.63778493827298,-2.9301437061413917,1.4981428177496,43.798376184032485
CROX,0.5527564574275842,120.6500015258789,28.10285071284686,9.931162945960466,0.9355855312134306,0.4185178476263979,1.893911009690549,0.18234663731364495,0,0.8566214523070218,22.537073580656052,8.385597840630306,4.004795203809712,-3.336939337439994,-4.653491502434273,1.1067100501736389,43.63599458728011
SEI,0.650982557855176,72.20999908447266,23.16497526552459,-1.388452642212573,0.91498898832937,-0.8500614479598012,3.7667824757746144,1.7379826468803423,0,14.35350468081508,14.474364785091245,-7.702851437030832,6.499590350375412,-10.9596821573194,7.692311096087276,0.9765570050769357,43.59133964817321
NVMI,0.6374263216398679,507.9599914550781,49.843546086921094,0.3062725627719126,1.462312033518766,1.0817395702436365,3.620360744976016,1.7422644012074444,0,16.32630228043042,6.768114391381531,2.3044707703776686,5.863792685694113,-10.095576733596623,2.5065575018923623,1.2590490074751695,43.258457374830854
ATLC,0.6075543444116195,85.88999938964844,35.532579581873506,4.791185385688014,1.5200078248499762,0.8221887808065956,0.3842144992384498,0.7567837122952377,0,4.574026265574138,1.3451320231681252,9.02015577952225,5.345707901808247,-7.853234381122405,-0.5833672880048425,1.1270814173173078,43.221921515561576
LRCX,0.5955996901440056,324.45001220703125,98.15859542406795,5.4643551868017415,1.0820075414207218,0.1847673606308426,1.9201665077316914,1.092622374586745,0,1.9787173398294,88.5637204213903,3.172925339076308,5.278383886192624,-6.2797856902270786,-3.2227613087363745,1.2954495343443715,43.216508795669824
SBLK,0.5555303632224048,26.719999313354492,24.499960351268648,-0.9728548996875978,0.9033678231224128,-0.533016322589496,0.13098745625081956,1.4595785915268433,0,13.46215233077379,5.909061836887957,1.3417838664250634,3.321481407454864,-6.245616444151059,-8.088887532192578,1.085077493564615,43.156968876860624
DBI,0.6096762901714887,8.880000114440918,83.70239879575061,20.00000270367038,1.4865312042468748,0.460934355119123,1.4076576393579627,1.463965233681341,0,0.8494162302668428,8.11251865180358,8.034432705252616,5.811615418563065,-3.162485925939119,-4.7787606428556595,1.2485038449506292,42.968876860622466
PDEX,0.6053064377561844,65.0,51.078627951536795,3.5056571959704144,1.8889377847762447,1.7059894807187757,0.21538367637889794,1.8307671179856564,0,10.720498288535994,-0.3220350980183335,0.0,4.894505175915393,-5.783443958920697,-4.807300138972581,1.0895340669949931,42.953991880920164
ECG,0.6626546309146816,152.72999572753906,53.026720923595306,0.03438380776483042,0.8099706833529738,-0.3940099201231007,-0.03928341535502242,3.3293993303817957,0,11.68156791826787,17.39430327608415,3.9941215713166787,4.204759107842866,-10.984572861084615,-7.637502124550048,0.9682704856216573,42.94451962110961
TSM,0.5983958765607361,426.79998779296875,37.87880939893673,2.72208400984206,0.9271262884049903,-0.4461152141212953,1.642457817737562,0.28818662228822617,0,3.0846193197575187,25.278830722167868,1.7805059032879829,3.881544723932869,-5.189269521737161,-3.9649271025480957,1.2392315505250031,42.832205683355895
ATRO,0.6528602029972821,84.31999969482422,57.096737601576606,1.828369856544639,0.8087902926329038,-1.1128065093992172,0.2846274485712749,0.07115460010695572,0,5.900289420143746,53.896693347908275,-4.6750058886351535,5.022533302564475,-6.9829031709147396,-6.985290508262187,1.0096230795146544,42.72530446549391
RVMD,0.6540515395334393,148.49000549316406,80.58091153267412,-1.877337932915192,0.7936001567747826,-0.16214490146108793,1.346891996767152,0.7273229113707143,0,17.837315196219304,25.160153621737535,-2.7149045693324347,4.279075568414938,-10.816813517554216,-6.3405253943731505,1.0831464465325955,42.66305818673884
KLAC,0.5871091445212732,2108.06005859375,66.31995416728552,9.950936101049141,1.2128818306784237,0.3541607642043787,1.2879093379269444,1.253756103051609,0,1.4791758682633291,48.00996124996329,3.4704831691320224,5.080941412915836,-2.254838856473211,-4.528193883949242,1.454441540710089,42.48985115020298
PSIG,0.6227914667387453,9.710000038146973,127.05309036295789,21.77075468652054,1.0420070490128126,1.9316443753046717,5.046341597761834,0.0,1,0.0,9.717509824979805,-8.208958303136106,4.983816790928451,-4.803919414047784,-10.35088021451086,1.252585371067953,42.40189445196211
AAON,0.6121187143604526,132.0500030517578,43.714764587665925,-4.0089340828195414,0.9700735273002669,-0.4163568197570172,0.36349543085378827,0.09088252419700049,0,18.250321245868253,2.2375222262911834,2.985823801223841,5.981790650506938,-12.174677831559997,2.446036382015535,1.1547930431761235,42.26116373477672
DIOD,0.6235136183101244,104.66000366210938,93.84978472957395,0.350453835568508,0.918659089494749,-0.6499130417042482,0.8121521539949093,1.566883384409401,0,19.99816776814874,34.179491874061,10.205549208097658,6.8855611271500585,-14.184975034510295,3.4084481252270815,1.362995797740897,42.09201623815967
LOCO,0.5529726988384368,13.989999771118164,16.061523273678134,0.5173152188468517,0.8738443520981756,-0.2318260304364254,0.750539654188621,0.929236001132795,0,20.988784101725457,9.984272620508087,4.000002996976423,3.7552346183957814,-12.012577944127873,1.6288919552702417,1.1661319453715016,42.089309878213804
BJRI,0.5888319504828768,44.16999816894531,9.00329565127822,0.8355361815080555,1.0334698836826102,0.17896407059370242,2.003627287520815,0.7018369620444099,0,12.719859627017808,6.742380446462692,1.4988275836025815,4.030694995700307,-7.959998699387268,2.8462977891149555,1.1248446199568476,42.05818673883627
MAMA,0.6276906428878161,15.199999809265137,21.51045250825929,4.442229189935982,1.5048223860794352,1.201982204795085,4.053285297996552,0.4934198039560928,0,39.009809452175006,-12.54314992314348,-9.469697105813006,4.372696286052464,-14.84594126287596,-0.33624876339143894,1.0186834559199966,42.02029769959405
POWL,0.6237078510217026,293.6000061035156,153.00850031639047,1.3122124976983311,0.8067578925149649,-0.9186677846562087,0.43290056788948134,2.3092638413922013,0,9.865838115675597,67.17748901612605,5.410650480257809,5.719766451385404,-10.456993513732234,-4.466144401776365,1.1016207579898818,42.01894451962111
LQDA,0.6143246486363045,63.900001525878906,79.75791987013598,7.478053002999207,1.7397359619349895,1.3450163061528027,2.809073749693518,1.5179987441707705,0,0.0,78.19297389150412,-34.5862915641651,6.099372869924865,-4.305503458270573,-2.474843176661485,1.4785614980004271,42.00676589986468
BHP,0.5924080327829626,83.69999694824219,36.10511635601807,-3.8229554766132905,1.1606071808392981,-0.9597217435997166,0.8602165435439048,0.05376125517973499,0,11.493900781985257,18.260026131645702,0.3777144596431414,3.0790226905415636,-10.672358938727665,-6.919704910511435,1.180617516792946,41.95263870094723
TXN,0.609594503440023,290.8999938964844,54.75704408140818,-4.321331001736835,1.1666973192549306,0.056169310884996645,0.766579757831093,1.1584720480864346,0,15.542156693809355,3.595674987163004,-5.1876385776803895,4.610568763712247,-12.250011967279386,-0.7548662938736024,1.3624780657294993,41.92016238159677
EVC,0.6229948862555642,9.09000015258789,227.9570960124099,2.8571440284380385,0.8102611330611108,0.2828387078794696,2.3102314037264793,4.1760128142373745,0,10.117909496494583,18.205462740807903,-9.357543163112398,8.384094295382022,-10.177863088113169,0.6578941174638624,1.4270371196077742,41.91610284167794
MITK,0.6257816262612154,15.399999618530273,57.14311259390297,-1.1458131898858348,1.0125915240658956,0.131302581764875,0.9090931609193389,1.2337697321541397,0,10.733376341087379,4.690683742671924,8.648298894301762,5.89981518357479,-14.301612648205806,-1.4598526425911398,1.0704963009233177,41.90798376184032
MRX,0.6340275217577207,57.9900016784668,46.95636783103259,5.989127904038888,0.810229521549063,0.25766352225826544,1.6207956843582565,0.7328836433040342,0,1.0768971575729862,35.088288804962176,0.5131807675693227,4.484135016315858,-1.5949448864704503,-8.261413756635863,1.304511976130117,41.80649526387009
PBT,0.6384196982023953,28.90999984741211,48.92118380896846,-0.17520682775851906,0.5683172475107625,-0.32783298022857443,2.4386023085530284,0.916642332710443,0,14.979575701673472,3.0987932327865493,-25.584412503649865,6.4065004368686385,-10.296060885102124,2.542895690612295,1.2511988266272431,41.71447902571042
HGV,0.6058479246350326,48.560001373291016,6.064073975800999,-0.13059298106656778,1.987825230006638,1.4922930208020013,1.214992042607834,0.26771224142522465,0,19.621599118403328,-2.724352655271315,7.828226221192873,4.0094714962208045,-9.77331540553932,-0.3221037317791085,0.9541970298454255,41.69418132611638
STRL,0.6330440512529557,891.8599853515625,159.77154593907545,6.523431832716042,1.2441796456582372,0.3223696026361332,1.2412201994561314,4.69356020440975,0,2.7821356350773376,10.652603641619848,-0.4782243277547598,6.559164738259734,-11.317716187359784,-0.09857516152435498,1.5570324967600955,41.58592692828147
ALTO,0.645540511916553,5.630000114440918,93.16559279633945,10.979699165660811,1.1581533886637998,0.4160207617035259,5.683831052624369,1.3854363599500947,0,4.374389300176114,40.049754745094305,-4.7085209933571575,6.191322623804093,-6.166664758290256,-5.417613029370096,1.1113060848629774,41.531799729364
RELL,0.6390619357181979,16.6299991607666,48.88147317814511,-0.9411535058397117,1.0975235410119244,0.1258031371983372,1.5634410221715018,0.3908631228740976,0,28.563092046020493,-1.9457543720548964,-10.27307515066584,8.147924323362671,-16.263853726866248,2.280702004695855,1.0157865367162646,41.46684709066306
GPRK,0.6104920034589663,10.760000228881836,20.06822419286729,4.958704970651455,0.9845201739182611,-0.3558930268203035,0.6505547707129322,2.5092978809967645,0,4.138838679746926,22.969099137732936,-2.679537362760207,4.951677745957054,-9.351303009986943,3.9087881281950807,1.1828033552190729,41.46549391069012
CALY,0.6348124831760689,15.640000343322754,23.803613387654664,1.7136556425984792,0.7428388908424497,0.5955687420397754,0.959076823708144,1.3427112117884425,0,9.058763990088128,24.22557707329079,13.070781139060205,4.064669518101706,-13.111109203034083,-3.7397158133310993,0.8995478348984393,41.22327469553451
AKAM,0.6308860089553158,141.8699951171875,55.19563938898375,-5.720440707391069,0.7344134352880277,0.23616880550589395,0.6978258456549038,0.4088262853406782,0,21.788363796743653,-3.953700718430665,-2.1460957449311717,5.22913429013202,-14.252041260713177,-0.639658848608617,1.2272279491901492,41.19756427604871
FTK,0.6426144353197746,23.549999237060547,38.46902964352814,13.933232462491807,1.9618078732368973,0.1906423076356736,1.825903690395167,0.1698471739823506,0,1.5087041689261722,28.267965435143445,-22.79273814797526,6.642402283292503,-7.791705587524215,8.194843796974993,1.4011617153838565,41.15155615696888
TEVA,0.5554770652439963,33.2599983215332,8.4449196743694,-3.5368896584340246,1.0518379839739362,-0.5194098073200613,1.8039757037866893,0.5712526647370961,0,38.628592750303724,-8.24828049209466,4.03022290824959,3.2106351510591193,-10.950469396437185,-1.007384923214606,1.1508102809234306,40.97293640054127
ACA,0.5636978906635816,123.54000091552734,6.760882177708538,-0.6569790467062994,0.9704969576223954,0.17938479232166996,1.6148637945453803,1.7281869195330768,0,24.892228180500993,14.99264315962528,4.463600848652106,3.458510613003998,-8.88036639093832,-2.3861529608819434,0.9764675081658849,40.95128552097429
TLYS,0.6299846682249541,5.239999771118164,187.41865923923385,19.389376394057443,3.2533613803689625,-0.020984128421194122,11.435110647703121,0.19083497098389254,0,3.7416932998749397,118.33331507149816,4.2653989868514754,8.341331102685198,-11.186445991002998,0.0,1.3529098258818721,40.86197564276049
LPG,0.6398665393593708,43.20000076293945,72.28048871041281,2.7624841313331108,1.1487045748421532,0.507596184086194,0.32407265549240427,0.543982884712645,0,7.837090299462428,-9.471920247369923,-1.439559801728973,5.038193835739467,-10.224435324297215,-3.8703801428226137,1.13246033608055,40.81326116373478
TNGX,0.6270878967088753,30.93000030517578,203.7977287853706,39.69243476426073,1.92736480331713,6.874771861209936,5.075976977959284,12.641447813472546,1,0.0,83.77896877332273,10.686363782780774,7.413975326796978,-4.830768291618188,-8.912379133580412,1.1279780838158746,40.79296346414073
HUT,0.645535798073078,119.5999984741211,170.74743675636344,5.729363074227561,0.8187553914481344,-0.5749289800399544,1.4882933127019613,4.272575815638102,0,3.706299602733934,197.80876226733847,-4.0727220937199125,8.651575854103301,-15.056821106525877,4.883355340524683,1.4889012127499806,40.64140730717185
OSS,0.6452727430091068,16.489999771118164,142.74542116320526,-4.06376422352953,0.770296680156607,-0.5535821634565856,0.28016858230708114,0.12128840533696858,0,8.006061456527886,7.566861403193072,-5.038258882351928,9.64532485677163,-21.024902135470256,10.53864284873792,1.2668463618343804,40.55615696887686
ITRN,0.5665048143161265,63.65999984741211,59.659971058503714,3.4516367529262753,1.1115438457799949,-0.4172413161678866,0.75400493776203,0.9582164809992189,0,10.661427548213053,-2.883299948627824,6.154603612598218,4.3456307655703315,-6.793562221017132,-3.463278186196419,1.7018953267234753,40.504736129905275
KALU,0.6493692341070164,178.16000366210938,60.834885726024645,-0.10849012864419504,0.7994900455132622,-0.32612073258111673,0.07858070653903249,1.6552565482259023,0,9.675250691746456,67.22359197353765,6.122114142273275,4.417337489164794,-8.36804486266631,-14.581697073990751,1.103965522439632,40.45060893098782
MKSI,0.6403910615238139,312.0899963378906,82.75828073704376,-1.4684361467064377,0.7963674567639459,-0.2988965955312638,7.988087886767283,0.9820892939093252,0,9.432089519701053,33.84726744996772,3.205512113366337,5.531461996518652,-8.694889392613952,-4.237741746826793,1.1710236157861087,40.33694181326116
HYLN,0.6278008956898262,7.21999979019165,256.01992177753783,32.57436342675144,2.0687452680067575,1.8920583900724246,10.387811934773111,3.7382251098201826,0,3.3344867441753108,20.53422480579724,-89.83739849505491,13.330035036587724,-9.410288828726083,3.3707833545068557,2.534661648409091,40.28010825439783
BLBD,0.6310558633838024,70.2300033569336,29.32280058097232,0.8464940812186508,0.8618632706308935,-0.7982186868407476,0.6692313800808481,0.7902609691575434,0,13.629521774483294,-0.8610855625103269,-1.196854609520235,4.3482627162893515,-13.838790925690123,-3.5865771178181953,0.959751512466185,40.029769959404604
FIX,0.6525561479750401,1852.030029296875,75.88729521643573,-2.1660111983566783,1.0739950479775866,-0.18877808847191888,0.14801114961074488,3.0199323351220824,0,11.511083855340186,97.04896004586323,-2.1077400852527584,4.949593141650395,-10.667080668007895,-4.307912530737361,1.1497250210223446,40.023004059539915
ELMD,0.6152952610769897,37.08000183105469,24.754776451175697,2.3729690453156818,1.0585229282404574,-0.04320877611159272,1.3888871742267126,3.964404390704069,0,9.959663228566013,46.793355085524254,-32.4916446361621,5.770342920045089,-7.299995422180781,4.744375505799399,1.4345311502738463,39.90663058186739
PHVS,0.5690081445406499,31.59000015258789,5.457976633081696,4.504028213404231,1.6090693702584755,1.6899001614761986,0.7597333648347756,1.1237718914541013,0,2.037863216723608,5.900101352075946,-1.030240825390687,4.040836184810757,-5.220526801151788,-4.271632356054048,0.8693354048519656,39.83220568335589
CMBT,0.6275473568021704,14.40999984741211,30.593321234449622,-4.134151660503531,0.8434083990934994,-0.5213411541351574,0.8327542458114963,0.5204705763643795,0,15.406072696047357,-9.545960829098291,-0.7417367418042088,4.511769902033621,-15.21208625727539,-1.6548399380670857,1.0867308493122079,39.78213802435724
ENS,0.6201082640698343,228.4199981689453,47.83154223760728,-1.571106039854699,1.0235356248411238,-0.4501716454295312,0.6654360501925045,0.92373725035306,0,12.62352535803555,43.60825387064648,-3.1154765360303025,4.794426574895205,-6.500206583862847,-4.711584823958708,1.1874360667264063,39.72936400541273
ATEX,0.6266103048388225,66.23999786376953,217.67889169963954,7.386029208473922,1.0056257033896518,0.08592669042484259,4.837570714937399,1.1171465694794462,0,3.2291761503850194,92.33449623739415,-2.0386324063909,6.091852397734922,-7.736543482967479,-4.151626253195147,1.3482226947915261,39.72124492557509
SLS,0.6441098705474596,7.980000019073486,349.9941594778224,1.8376726612851741,1.0139412467902618,-0.4062815954200975,0.37593650245272986,0.37594247785569984,0,11.15354629564536,22.205203100378476,-41.31735728229779,11.860008839669703,-16.088329892998964,16.565651035455232,1.5555993231448118,39.549391069012174
SPHR,0.6493142193290764,137.5,57.51653123383909,1.2101061354865128,1.0469814171689544,-0.3799584393133957,1.294466885643995,1.8036332563789281,0,8.44568478014268,27.990318913827274,-0.750018740162939,4.628513088474026,-7.718120805317328,-17.43745875582448,1.1108951779606493,39.493910690121794
STRZ,0.631782746083422,26.25,147.47103221573045,12.583634089986209,0.9855771469239245,-0.6754048822300854,0.685715448262568,1.4857119605088775,0,1.890131523833459,138.63636362376033,-16.826678976679844,6.473742115254305,-7.04674145600711,-5.030355048467028,1.238236834555719,39.40460081190798
RILY,0.6602199561249753,8.619999885559082,96.12406049078415,-9.201034347142679,0.8855347063822865,-0.18820330152789794,4.292342116338217,0.8120614355618179,0,32.808466565373514,50.69930421733937,-10.146697954025953,8.92442557677422,-23.30960799535093,4.755246825250089,1.2564430991789153,39.26657645466847
ADI,0.5837248948144854,403.8900146484375,38.41930902743809,-2.460921463692382,1.3185769303083745,0.7704914041090906,0.0,0.5694664951158079,0,15.917524883342798,1.7450853815238758,-0.23288833849370189,4.883105550972453,-8.144188438560082,-1.5697670388219052,1.3986671909091404,39.24357239512855
AVR,0.6328175281476819,9.34000015258789,97.10034857638645,11.164010409385087,1.3045909057648108,-0.007783878151081138,1.6059916066773534,0.2141376599013101,0,4.5899007646674495,54.12541650557603,-10.030392932589482,7.142857142857142,-7.889547964194817,-2.0408188537807654,1.385060183315136,39.20703653585927
CADL,0.6529428000236923,8.5,52.97042238335132,1.3231602918771461,1.063318774015486,0.08868788416943388,2.117639429179864,1.4117633593525223,0,14.127081319597515,66.50342737662992,-5.0299408030652035,6.231093607028993,-11.180770416232127,-2.4590139901715924,1.0908377490235526,38.960757780784846
SYNA,0.6327312365859034,136.0,70.46221976226464,1.5145075183572454,0.9411468490536162,1.0033397303895888,0.21316303926198965,1.8187522888049863,0,6.8509796523606825,48.68262619934372,-2.2323171613876003,7.236339665260635,-8.7921672299648,-1.325500432693036,1.3350972550974614,38.88903924221921
DELL,0.6204436649657996,400.7699890136719,181.87548214619753,25.793722025890247,1.4137736779308754,0.049982187619931326,1.4297276718951084,3.2362705732011046,0,10.432704233411993,-4.784874313549766,7.091294850567747,7.963063241788864,-14.633525470904003,0.8247150386851249,1.8523833817749087,38.81867388362652
OCC,0.6621258081383384,19.0,125.36362232116105,47.16703455885784,6.23968331931519,11.080300413810441,12.999996385392066,10.473683005333829,1,0.0,33.991534490482174,-13.926494767832603,11.9210512118232,-13.6363636357438,6.945866269213077,1.472770471970623,38.79837618403248
IMVT,0.6049575923012365,30.799999237060547,25.812578364513293,-1.2219008324887233,0.7280243069253778,-0.37907154705228463,0.06493655278717238,0.6818152261937516,0,20.210853542722546,-13.385832261727163,5.010368818697627,7.163729606253696,-15.116441045242542,3.391169517427424,1.0355049951306896,38.70230040595399
STK,0.5954342336734693,51.630001068115234,31.677044144048615,-2.775207637847493,1.7539157152639289,1.688920191177485,2.440445690759814,0.5229526480199602,0,10.99399436205417,1.2154533757515351,2.133489708764552,4.244487353029636,-11.683198979136968,-1.3513452665188384,1.3283124144352123,38.58186738836265
CRI,0.6022318958158964,39.15999984741211,18.653399922606482,6.332011316190448,0.8079277732649174,-0.7172469173970532,1.5577135156099786,0.9831515263554839,0,9.37937779751939,18.364650502597,5.2929677583566415,4.3401684520288395,-10.640552760691643,-3.876191264309074,0.9563080419634729,38.33288227334236
TECX,0.6401418835805498,29.100000381469727,30.077003253486325,0.9032761846454972,0.5327452296480941,-0.6198266740680002,1.408934165028738,2.4398593647454736,0,23.62068368371835,38.24228710590144,3.8275883114251266,5.972017107858934,-19.233967894600212,0.7802333203008758,1.0899198038066922,38.3085250338295
INGM,0.5658089120680652,29.530000686645508,28.449453366139863,7.213009816479694,0.8331218424098629,-0.047848395592828205,0.37249813898226536,0.6772799129094759,0,12.45966662385074,10.242490791455811,6.805647361324311,3.5474806016023446,-6.816029696883633,-9.0788876203552,1.2442618878572835,38.30446549391069
GFS,0.627104041113643,77.30999755859375,97.09458297968345,-0.8229492003025936,0.9884768308357182,-0.3237092958454625,0.23929318902273436,0.8148975207667556,0,15.933357482150305,111.0564982341157,4.168920470508158,8.074265166222318,-16.466780108560936,1.8398018856191398,1.4695401223793239,38.267929634641405
BE,0.6397624592075382,253.57000732421875,106.09954049892522,-10.870136123194982,0.9207161142605808,-0.6245939963094939,-0.10233503935820859,1.9671122166272044,0,21.515453401587255,108.11721515480764,-5.715823276041241,9.641447996534696,-21.454010509748127,-1.5802880039084575,1.0505915493821099,38.19485791610284
SANM,0.6106870210502034,251.9499969482422,48.097784226787674,0.4992039788420528,0.8526086292719713,0.10996632233376319,0.0,1.2780318554049541,0,7.848487102825535,75.95501966038536,5.238578395745988,6.108070451629102,-12.72342963118458,0.5802813619505399,1.3509668844425786,38.173207036535864
INVX,0.6069913828298051,28.850000381469727,13.619233592405244,1.5326700404182019,0.7926623727314556,-0.4463794811521596,1.7331022300568755,-0.485266508812617,0,9.003332647740974,8.29579970860313,-5.2631563849635095,4.86259047899365,-10.54263447573596,1.3311892652439448,1.131030995988434,38.06630581867388
VICR,0.6430831842769567,274.9700012207031,182.2239033935879,-7.91405965164035,0.8425479135682634,-0.09686345310384191,0.8007465302970797,5.34240185334326,0,13.438002966516239,67.11438704258538,-6.70644212777262,9.717989747480159,-24.018350855005963,1.468730834132328,1.2699969652335836,38.064952638700944
XPRO,0.6316310815151245,16.940000534057617,5.447545980185042,6.971460076343377,1.0954224414603262,0.5037901205614049,1.4167636572471203,-0.5312877788972544,0,28.667565399560047,30.60909934454591,-3.122970068011519,4.743634047204673,-9.556855589060092,6.509539097713528,1.110281054141216,38.062246278755076
NVCR,0.6503716611691993,16.850000381469727,34.65578462041439,-3.2415485844455096,1.1124797643174391,-0.318363644697774,3.8575644141024177,0.11869707602190796,0,14.474307898383017,34.47726049655212,1.7328087003984334,6.236117449399998,-12.467530485223886,10.2891157695082,1.4093583970367427,38.03112313937754
CHRN,0.6553219019062992,18.889999389648438,355.5012007959042,10.437155305623158,1.8864746365891945,-0.08998420653471106,5.441497202805699,0.7406046163706567,0,1.3817708325969826,78.54441895162168,-10.46885741784819,13.245406164444814,-21.291669208911024,13.761468370258909,1.6766251408574973,37.99864682002706
HIMX,0.6532329917422406,20.329999923706055,138.3965703226002,-2.028818363922136,1.0616633619164804,0.21039522574047592,0.19674868827767233,2.6064908958706274,0,18.903595530597567,100.69101375149563,-7.138833529992568,9.7498097643893,-18.971702669364678,5.02994651368959,1.565577542835031,37.95263870094722
ADEA,0.6231598382797274,31.549999237060547,146.02251009170894,8.115332077010493,1.7216898822644324,1.3881700138861066,2.3454887364120474,2.535655329257386,0,15.058364207616167,-0.7260061738113697,-1.2021622418728897,6.672688874726306,-7.953291622763292,-2.914609886809573,1.5791060581659067,37.914749661705
STX,0.6446261733044167,876.77001953125,222.88864443458615,4.224954992717312,0.7116420007930536,-0.6152596579280283,1.392036199093435,2.5730804037562023,0,3.778088838708011,197.13987613968246,-1.6393176702617658,5.462826313957535,-9.312160674220522,-13.350398813518302,1.2816064594525203,37.8958051420839
CYRX,0.6171616577410303,15.479999542236328,48.053626735364816,7.146562405084741,1.5531584863124306,0.11096929659279618,0.8720945275532747,0.8397878850287308,0,12.0977134605925,1.5081937194835815,3.3823531265477635,4.491971621552309,-7.4716080940083165,-6.820955139421459,1.206160010859442,37.85520974289581
ON,0.6418227499862451,120.9000015258789,112.03417484601562,2.4680491298192453,1.0746799922839458,0.43255021823295947,1.6211737466660845,0.8767619310183525,0,6.827870891715783,118.98207485877535,-9.602717010721912,6.541416464734424,-10.39134067094102,-2.1685554755465826,1.5327542510715677,37.83897158322057
NXPI,0.6007543901209399,301.1400146484375,25.815804128412758,-2.6382110692399277,1.274726354653734,1.5399593325820462,0.6011093099566206,1.0261096849138118,0,11.602961933127201,4.110636006360033,1.1026293469004154,5.019027194661655,-11.416383634322127,1.2035319618184,1.3237108544956087,37.8254397834912
IFS,0.5666648522890569,47.15999984741211,11.279954993154305,-1.3853311769564447,1.514594810681338,3.1950529528779064,0.5937209079662511,3.9652225146216344,0,38.40923700736785,7.182784254566502,-0.4254335587861401,3.978856833493652,-7.377901110215354,-4.406568481647904,0.9757115643087539,37.82138024357239
STM,0.6396429966550735,75.01000213623047,185.53005633243293,10.601595786932956,1.402979086804531,0.9071057073348511,2.1974405065112244,0.6799020028061121,0,4.4247718361283885,50.89519918971701,-3.7857051677324187,6.045697800863814,-7.872753840322456,-4.284411588899297,1.572512509601735,37.78213802435724
GGB,0.55946454895473,4.570000171661377,16.498691309537627,-2.1359315653307247,1.1193150604064535,-0.028830131057303476,0.4376363275904762,0.8315121526438316,0,16.75438042946822,6.428353693434865,4.424128289854816,3.372929646995184,-7.526120930975466,-8.933716159976624,1.1071861116946344,37.767253044654936
TTMI,0.6373754662777859,178.3800048828125,136.26640623608395,1.6375533346447924,0.9683679495491132,0.06668131517796688,1.3208287340759972,3.4308750698676955,0,7.5245339155889335,84.88805832855957,-6.382307991021626,8.295535653796067,-11.112212779918478,-1.615764668832203,1.3361212040782355,37.76319350473612
TVTX,0.6059563906926844,47.08000183105469,24.631324031036428,5.24669000297745,0.8717049343212261,-0.08828733346281822,2.5700914133117587,1.423105656060405,0,2.730804335163348,61.731366689479394,0.02347023918097618,4.686400435780183,-3.1474979634943367,-9.025789580183678,1.1310274637470574,37.623815967523676
QTTB,0.6356158931633944,12.029999732971191,223.69391635840134,37.328763472729875,0.9060844034762988,0.10162234466358197,5.236908797777257,7.896922944914603,0,43.259773799982185,-6.381327813944654,-17.3184418030164,15.985037720532377,-18.989902867797344,10.64425442786902,2.310488679634251,37.56562922868742
SVCO,0.6434327281189942,11.489999771118164,149.5757243547247,9.018452233097788,2.9113217473811135,0.32496351335673557,6.266320986149834,2.0887708953707005,0,12.979155196094606,128.42940935526633,12.184505189700152,8.499315709317786,-18.74116342061174,0.9641896617752074,1.5356569048265403,37.56021650879566
IMUX,0.6658450489429941,12.0600004196167,66.66417209785924,-7.884433007706558,0.8186812093394247,-0.1737669141426098,0.4975158998678629,0.4975158998678629,0,18.832424624643576,32.09200731794604,-3.8693018469336127,10.578060934364244,-23.525681231577003,7.9365076955973075,1.209537655778754,37.50744248985115
ROKU,0.5915090212629002,123.56999969482422,22.080048877279324,-1.980304359124506,0.9383293402785418,0.35138687092957255,0.4653270041694026,0.8011636046018265,0,14.419542455729841,37.208531028502975,4.253842498351516,3.9223003245070394,-7.410464949378158,-9.693367405417055,1.0612000401007389,37.47361299052774
SKM,0.6207540526510119,39.63999938964844,86.74063536534804,0.771547537575654,1.5095785752269018,0.8152309675889629,0.9079249085648611,1.5948591275373336,0,8.719196404053701,-10.78100581255574,-1.0298373399471579,6.77164246833188,-15.981349865613229,-1.301366954879952,1.3173572296774891,37.3382949932341
FNKO,0.6584555667801347,5.239999771118164,59.32218801320459,0.06683505927183127,0.7655046051280333,-0.42495191575298896,1.3358811966718998,3.0534323353115846,0,10.60954195038813,0.0,3.8022866418541557,5.541167818451186,-13.957312972626996,-7.97342226635926,0.9965689411768492,37.33423545331529
BBCP,0.6398454021518261,10.800000190734863,54.26939890701765,36.99499105492062,5.593084583045619,2.119638616006819,1.9444447631369828,6.018514879543353,0,0.0,3.5474580507921822,8.553457164371236,5.921956934112219,-9.849744545004338,-1.306243168633541,1.7649636886271376,37.120433017591346
TIGO,0.6088146278869148,83.66999816894531,59.17855723591347,0.1298420934035464,0.8617322350289249,-0.13127678970047887,2.6353463008108458,0.07170737409589359,0,20.341238442478158,-1.9798528928097334,1.4422524651169306,4.92026527664199,-6.503519760520008,-8.575330919493718,1.3349011668138702,36.95399188092017
HPE,0.6171372050319492,49.869998931884766,111.86880614477587,24.84353549480243,2.5988779790811485,0.31268731531140337,1.836776390237534,1.9149750086072028,0,9.711139975279098,-11.184332009301754,-5.582131008935904,7.675098886376974,-22.381324619286257,1.8348587556994502,2.1872078649282303,36.93640054127199
ACMR,0.6282635087877343,80.56999969482422,124.10022508360463,5.325424890274148,1.105309451271927,-0.07759066330516319,0.0,2.1409935219479674,0,9.793641341065277,41.25175035275825,-6.382622877446097,9.591304484160116,-14.48010718647664,1.5661052233600303,1.7456912313508206,36.86468200270635
AIP,0.6085555246216084,35.2599983215332,102.13258233582809,-1.0676089849803427,1.0813733953593758,0.39456063999760643,0.6806627620098943,2.8927978056987937,0,20.051458283222708,-0.8157550541291234,-5.806649210992005,6.509804299467875,-9.566563724714882,-3.8812801790518137,1.2828769893169687,36.77266576454669
PLSE,0.6664620233327962,24.84000015258789,78.56261438785239,-0.16077078472353473,1.0755283871604864,-0.22229363327983287,2.858289372313486,0.04025857012883917,0,15.660517071910995,19.710844107907384,-28.668759617087698,6.792326987037028,-12.933755503397226,-6.976744185722011,0.9911212234416159,36.72936400541273
SLGL,0.635182720890849,80.0,87.93366411570973,11.184460261834534,0.8765070055392438,1.042953222880768,0.9749984741089063,2.8750038146613277,0,14.691440274384975,7.382550335471374,-2.6248949961956334,8.572320938110352,-18.342350716151937,-2.199355735627862,1.0895072615344066,36.6617050067659
ATKR,0.5835610424619805,80.08999633789062,17.048146703987666,1.0854380397556391,0.72162483512782,-0.4982830179589209,0.7766188625141135,0.11236901236680916,0,11.170531677043542,16.386409465754273,0.026923278867141777,4.6652879421239986,-11.169040500315639,-1.6358219122737567,1.1079746759868194,36.42083897158322
DDOG,0.6122220043630757,231.67999267578125,42.798303054356815,2.5280150299778974,1.227635033205234,0.006065217171200565,1.756730056145922,1.2689862204539988,0,7.644666735144845,22.75737716330984,-3.9068704647865458,6.017411801588316,-16.87267762039934,3.1697524896551754,1.5985463414065968,36.38836265223275
ARM,0.613558286445392,346.3900146484375,137.93194593908572,15.505305002580725,1.1589096074737484,0.19061604773648144,2.987963181903585,2.131701946726098,0,7.027995424687293,120.53224581076469,1.9271348656614653,10.703046758536521,-19.065860755542722,3.6757120989636056,1.9086851478760212,36.372124492557504
TITN,0.6040590490291934,23.860000610351562,39.38835565799425,13.043068825095313,1.613677806277721,1.8344585866031022,4.274930948366228,0.7367913312376781,0,2.435152961126283,60.34946523012545,8.49187929656164,4.752663413249054,-4.099672768407819,-6.419746661331688,1.4339648103816265,36.28146143437077
WDC,0.6486459255272016,526.9299926757812,218.9011802551536,2.8410035072528363,0.9286977906097552,-0.5998144067341783,0.0,1.4954557516801086,0,4.383486502671717,191.2081049094336,-0.42083266028680083,5.922855480221647,-12.525743619249246,-7.909279472271829,1.228067017458554,36.131258457374834
MYRG,0.6424444673219681,436.8800048828125,81.13154490130823,-3.9847377702408724,0.9144304503598715,1.1094223420180744,0.9865403567141936,0.8423348824947798,0,19.79862288502128,7.922236979707398,-6.7601532667302,5.168140860651257,-9.86775338147733,-6.177059119873945,1.314616944860788,36.06089309878214
RFIL,0.6483129488077788,16.670000076293945,162.4303788465261,-6.1770092612509,0.8565871569801208,-0.3599488212785625,0.41992562596445393,0.8998177434599208,0,15.434307011480328,131.20665723694228,-16.5575901637379,8.338329451265658,-15.680325288488065,-3.0274423624151523,1.1516998707129846,35.986468200270636
FLEX,0.6344441417604263,150.8300018310547,137.8680050138451,4.837701363156535,1.1059662918045625,0.607242793883226,0.0,0.7226654675137562,0,4.088609521506652,11.94983048611888,3.0315802307612905,5.644480451325206,-9.60685528021408,-5.914135384900328,1.5393543839309347,35.85520974289581
SEDG,0.6148716794324937,63.95000076293945,91.592631207728,2.318363777124632,0.6448763350963521,-0.8106570660117732,1.1571626025395478,0.21110576171657322,0,7.618306763169599,3.5459885053255014,-49.5399502710341,10.760527573690743,-21.292306753043228,3.0236730532965157,1.388540468522156,35.69553450608932
TDC,0.5981591923799403,33.70000076293945,4.650784728992807,0.510007692466423,0.8604989657339011,-0.32175895267775445,0.8011882838073546,1.5115709273442535,0,11.05688461190644,-11.034847379093314,-7.027544190913796,4.145698162433363,-19.339392657349446,2.859321437515599,1.0788915297277857,35.68876860622463
CSTM,0.6500933220910173,34.189998626708984,79.43726690999873,0.9924931486725905,0.9185711933320913,-0.5380963932606405,0.8774473503997604,2.7493380065454898,0,8.297904193390766,31.550592256594417,5.814643325082313,5.749384421195257,-7.569621315567819,-15.323590643970734,1.2742908937215525,35.59404600811907
CORZ,0.6239703283145612,27.149999618530273,50.331315149988875,5.592717524336543,0.8618437121119386,-0.8820420503085447,0.6998178148074111,2.651931209739549,0,5.893141522541035,10.231427298119824,-5.628267905010474,6.046039833850211,-10.86670901287396,-2.78657112994571,1.2297084906675242,35.50202976995941
PRE,0.6473071050087259,20.0,34.94848604158391,10.249025112129734,1.274499812637508,0.42141993988298027,2.799997329571914,3.8000011442191797,0,26.90547788749295,28.123000894261274,3.4034665587506585,8.092500482286725,-15.361825177886375,7.692304939242805,1.258150694724769,35.465493910690114
ACRS,0.6671718412524663,4.360000133514404,36.22397447362318,-4.91767389070221,0.9728905318935586,-0.10584761008781364,1.4908269544743575,1.6032117821468697,0,35.8887650400257,-1.5801286122096612,8.316427213083946,4.865498100064899,-15.339804797484494,-19.31817704062759,0.9547489081773887,35.39106901217862
DOCN,0.6381490862014678,169.32000732421875,257.47078437356663,5.032338845712327,0.6877599931388536,-0.3911012244686084,1.4976989256758446,4.866527956933761,0,4.013772856945141,89.43836711390077,5.538275083875601,7.645746121589438,-8.207740886105139,-5.127305826642728,1.363332339127956,35.38159675236807
ELA,0.6352271571667354,23.5,69.13443587950809,-4.132500793470674,0.9348602362416067,-0.16998492724906542,3.5744687342644506,0.8297859353868974,0,17.965456478583164,54.30072689290654,2.1121057677378303,7.533435183817855,-18.68512003329238,-0.28652856659966824,1.4071580959725227,35.284167794316645
WS,0.5944084880229372,41.56999969482422,6.802100412300693,1.8410768240901714,0.9337696722125479,-0.16105848568385547,1.4433540851784772,0.6374774875811635,0,19.50061834840013,31.759114737714413,3.710116222212522,4.109076195127397,-15.040619954547074,-1.5441392088626995,0.9872359644216633,35.242219215155615
ICHR,0.6622772700866204,66.75,275.2147728087313,-5.306724036416185,1.243413182276092,-0.36887876885288273,0.808990135609369,3.625465421586603,0,23.830856972664595,47.44863999239939,1.5452856142951867,7.446546233102177,-14.423076922892012,-5.874583331280644,1.1424258974055195,35.18944519621109
ARWR,0.6033838490871202,73.86000061035156,5.6017366703519755,-2.8854298059910946,0.8222717653696191,-0.5301507648078496,0.6904984186421552,1.1102080802016574,0,13.69083166927557,14.476138333996817,-5.475300032755526,4.914220886124758,-10.211526024355774,-0.427839920306778,1.0339899055346196,35.171853856562926
DFTX,0.6425056322887908,23.020000457763672,76.57057415715181,2.5001689953852555,1.5368470698435335,1.8768186007787908,0.1737659197661548,4.126849452680135,0,14.879143555057805,81.2598488399748,4.807253979912687,5.940485965529237,-12.304760160431545,-9.186904551018646,1.1091629401741936,35.10284167794316
UCTT,0.6654182236906147,83.93000030517578,210.13534191376974,-1.5067946703774315,1.2768670708999086,-0.3939292995889845,3.4254735964637546,1.5012535823114426,0,11.09664515109797,38.3157545858379,1.331797994286051,7.351788613243953,-11.60610531557722,-6.133425691085677,1.200088836866403,34.90527740189445
ETON,0.6653496701991277,29.950000762939453,69.54123872648587,-2.7091977567773275,1.0513780859705237,0.83472594032363,0.3338847130898721,2.1368927323000695,0,18.58751338818358,69.6883932552545,-2.0573376667086323,5.998091814420451,-16.01233625559568,-6.567159735648557,1.0790807429112754,34.740189445196215
CENX,0.6506887247724201,63.29999923706055,96.49336101688057,0.5264534901723539,1.1621715815114106,0.4730459612093419,2.2906805377457378,1.9115309621443362,0,15.571195497470375,37.48913548639233,3.5477850245559384,6.940870598984529,-10.123528378701465,-29.276854797361967,1.112501427656432,34.59133964817321
RYZ,0.6068957378330212,27.719999313354492,7.3140881897210575,4.420380754859654,1.0731754829650901,0.07031831583114531,1.6594552784966439,1.7045449462454736,0,26.17739832304969,39.95439262106658,6.7597363850639,3.903181196836921,-9.686386332591784,-5.468378133238147,0.9391199012922222,34.5872801082544
ONTO,0.6588518431147792,268.989990234375,60.07211995924844,0.562268457325545,1.1918152189272528,0.7247954531279737,1.5595403087482855,1.5366796365470385,0,22.803922952092005,8.42872793006345,4.531571224761948,5.790444167706863,-14.876585368821594,-5.264956668739549,1.1300169994073435,34.5575101488498
GLW,0.6468792413644113,187.5399932861328,111.59346509434027,-1.8443928255884923,1.0780779460654768,0.14214009617221393,0.0,1.3543742012638127,0,12.846981200673637,3.446278785988724,-2.605114615480831,6.989364747960118,-11.314304802072353,-9.311250749668995,1.1332080304300314,34.535859269282824
ENPH,0.6351799114022255,56.880001068115234,76.28894797899358,-1.5465547425298254,0.8224763569078819,-0.43042718420218556,0.0,1.1603372626701247,0,10.969577579453839,10.08322640545477,-45.10287594554272,11.494124991711397,-22.864113485022802,13.09109531147015,1.6415837716050115,34.506089309878206
VSXY,0.605303247888293,76.26000213623047,74.82308080488916,34.233390110526194,2.1390848983581723,0.22425703840071173,3.2848114125543906,0.8916867114062171,0,5.787695568249021,44.67843570547206,4.32972895789246,7.750364923068559,-6.176177064957469,-3.7671962551956173,1.5318378402548471,34.504736129905275
IMOS,0.6182459931089174,56.47999954223633,94.75841402447054,-0.9018502134940108,1.1256208816613793,0.7794269852347964,1.6014501793022675,1.7351266822977278,0,21.409610124953073,-19.612869591263756,15.762402402004023,7.32933212085601,-20.439496771324926,-1.0737868747649701,1.6027992203562829,34.495263870094725
NVEC,0.5966193780385934,106.87000274658203,53.96384813892063,11.289544812931112,1.6276871549747898,2.26839841337431,2.6480716093405228,0.8421460678770957,0,5.78522331136828,13.356742718568915,0.5210034068673983,6.425697236885254,-6.5494909266606465,-4.055261880395612,1.428920644974795,34.47496617050068
FEIM,0.6444400236156035,69.95999908447266,125.27517448779146,5.838834455858333,0.8625939341195563,-0.2879410483149261,3.959400627896237,1.70383270205182,0,4.551403286171427,50.61355852502963,8.336006210031966,7.526747086892202,-8.35734550614295,-10.230588083158365,1.2353471946832562,34.10825439783491
MU,0.6228617938516332,949.280029296875,310.5495101057314,10.388779949018527,1.0916831384100871,0.8225263145907586,1.440036921483233,2.2927917976464505,0,4.898755139063198,5.9606224185110595,2.9659517797624257,7.806893308658756,-12.853326914289642,-3.0759724747058064,1.5480242784261664,34.09336941813261
NN,0.6491084197724897,21.020000457763672,27.07392810491973,-2.4378899417029873,1.0897667125668244,-0.26519101781708837,2.0932470240464336,1.474792419244547,0,28.254929551436557,19.635747425535808,-8.590190888627449,9.415182214789748,-13.923012316824849,12.06163918412464,1.2107639056246102,33.952638700947226
BAND,0.6378198619571949,68.83999633789062,359.3544104608553,14.472901785581799,1.2413121823904143,0.7572551704730778,3.6979956546046675,0.1307326302685787,0,7.0858126937752575,87.01438133324854,-8.177995351548267,7.5873373196346625,-9.15294319713521,-4.6983728343916535,1.8491367218342514,33.88092016238159
DRTS,0.6250704293616794,9.279999732971191,119.9448964559042,-8.6771500461196,2.029851416944551,0.13631929317352334,2.1551704202425745,0.7543070779191043,0,41.07921280715161,-10.251454582898514,-21.73912312363237,11.486299115935369,-20.13769514141374,-0.28985479198823266,1.432574798480162,33.7510148849797
CDNA,0.5890612112212278,21.950000762939453,4.459514184453828,1.3365379807219357,1.127102740067943,-0.9254914954906677,1.138952124369455,0.09111825543318257,0,10.8544349095278,-2.0963394814190397,8.47846199477156,4.739341608350297,-8.617817049495441,-4.808243763911838,0.8304015521989194,33.74018944519621
AMPX,0.6541220688063195,18.829999923706055,45.4651202764297,1.761779796125968,0.8798627041996766,-0.7906150534248129,1.172072323599929,1.7525221722017938,0,20.582577512580542,16.88391812622219,-0.8982012674764048,10.849216775158064,-22.270383374968823,6.759905930415548,1.2472553692422046,33.723951285520975
ADTN,0.6240619742577891,16.020000457763672,78.96129945233088,-0.7650112049390513,0.9747501895155983,0.903596349855167,6.49187876651891,0.24968764486611195,0,30.251637633789656,-17.422676428116553,0.2008014311364105,9.153735595087484,-19.819815690702576,0.6939101829453463,1.7369540138063508,33.61299052774019
SIMO,0.6240619742577891,263.2099914550781,182.2506609683697,-3.0873205505023855,1.234321053215759,0.04166380526224816,1.5956887441076137,1.160667442326572,0,14.099645673670217,21.2636161839343,-2.523756452889254,8.227814911554308,-16.265828554534032,-2.4004253101977797,1.4943675182756624,33.572395128552095
RAPP,0.6283878123917052,36.68000030517578,19.178346954761682,-1.6556072323269784,0.6535121372331422,-0.7652948841727144,0.5180001085612299,2.617227580314448,0,21.359571008208146,18.897892549197202,2.549950571325265,5.044594636716351,-13.222457518775787,-15.793109761712953,0.8609637595974126,33.30581867388362
MCHP,0.6191304971074406,91.37000274658203,34.094864870215424,-3.303212452971447,1.2550158054739315,1.2069546438831946,0.809891475886066,1.9152894247300556,0,23.07799263352547,21.522542562363657,5.2881193877416575,5.4288811994777495,-13.295640965693192,-2.180686660465336,1.3011405932287827,33.1935047361299
TER,0.5992543973675668,374.69000244140625,80.16079308113291,2.460901687726621,1.0702646460533747,-0.2806085417431761,0.6205162112348137,1.6760518664391575,0,11.356567108065734,22.36200984422584,6.084437072026577,6.654270180724452,-11.200510565535602,-4.126583144048388,1.360508711859703,33.00811907983762
AMD,0.6248651272080856,490.3299865722656,118.39912003716104,3.0774146708509424,0.7987816152598758,-0.8161242151901329,0.9463044838160606,1.4928736819413322,0,5.479426965823386,144.93230460613603,6.830114055904455,6.479020156951994,-10.268284828773039,-6.737986671047668,1.4302112214139824,32.93098782138025
CNR,0.5904443159932987,93.22000122070312,2.550487771272203,5.365724584573568,0.724596777148762,-0.9474231060410717,1.1746337448595328,0.7401871190338563,0,38.956113967156725,-12.924013724475442,2.5203288011606277,4.474395051101182,-18.71138434726602,4.0673628641654975,1.1476820896137159,32.85656292286874
COHU,0.6365902217220017,52.5099983215332,100.32691364020138,4.179270360379917,1.3999234399032516,-0.03466553564736238,2.8946876905753127,2.113877035067382,0,12.237998423577054,-8.820979019806794,4.84457303487499,6.510324336246858,-10.19326624703005,-6.318226517603284,1.4017101373352139,32.85520974289581
MPWR,0.6542935219636389,1559.1800537109375,55.63021312981093,-1.8345162342556258,1.2429265098822702,0.4531417621316571,1.5835208606902518,2.619331089658123,0,19.93373226865393,66.9963761762785,3.174580056351184,5.859352093663388,-9.037443494697161,-5.900719036643415,1.371127691099271,32.7063599458728
FROG,0.5964942843053045,85.66999816894531,29.283966478350454,14.069247526321552,0.9129721510880526,-0.23899086059159086,2.51255283444175,2.133647901495256,0,2.7308060660791296,126.94039249715475,6.222536073266451,5.314196740091157,-3.9143173505813555,-7.887445693659914,1.3508470458633082,32.61569688768606
TECK,0.6402941083348478,62.09000015258789,29.96598482730397,-3.790877475303648,1.1301950518457367,-1.1209183894404353,0.5959135861922695,0.5959074423732066,0,10.049904018014475,36.88271454310688,5.426243445923304,4.047120564470924,-12.856140136538313,-8.770850654538341,1.1906818372282335,32.40054127198918
COHR,0.6579721208087231,401.92999267578125,118.00441504802947,4.624040725256876,1.05851860540612,-0.1626664782192148,3.249321473029799,5.202399433506448,0,4.193050251552972,58.470995125716584,-14.075643102872688,8.117795677841118,-8.652274391848232,-6.1120517844015305,1.3702766177809238,32.309878213802435
ASX,0.6251684705930082,35.52000045776367,125.67426817467424,-1.065383513076552,1.494172305267519,1.0728753362933745,1.63570178556947,1.8299484875746108,0,8.428850909163133,4.378494657277206,1.2269885321348244,6.658420974022731,-13.576638013101489,-3.9664039632550545,1.6418112949364996,32.281461434370776
AXGN,0.6342870900065318,41.459999084472656,17.545103359360283,1.100988780832104,0.8087711509483798,0.2786072046548859,1.3024624395531088,0.14471191489913177,0,12.64803623162781,29.562497138053228,2.543983974946447,4.692991916474663,-9.535244538274355,-6.790693415941326,1.0537342792082431,32.23680649526387
TWLO,0.6065965522026153,212.5399932861328,61.10673366959966,5.213131332809511,1.157580906735617,0.33902680471205265,0.6963375243640142,0.24931400419194294,0,6.757922347034337,15.92669222828396,1.6906314891851502,6.089270636567249,-10.877223627148025,-3.8461526826092505,1.6587127056947704,31.84573748308525
TWST,0.639899050226815,70.04000091552734,104.84496768615077,13.932493665343712,1.158984991843168,0.08459767089615315,0.1570539818848084,2.812680175505628,0,2.8024800599737003,21.999653547228785,13.50923572766098,7.026595943252979,-12.993787682413313,-7.401067560211007,1.2431944019157488,31.811907983761834
QUIK,0.62464350694291,20.780000686645508,214.5461188514446,-0.09615008691247214,0.9934700564932074,0.012102482984712828,0.14437288572056858,2.791144872535478,0,12.242490244123786,32.356693877530574,3.971840283464966,9.775881298038163,-14.591036777832775,-3.430352677728464,1.3236107809314377,31.71177266576455
MTSI,0.6354580897010772,361.8599853515625,84.8194191041023,-3.6231259735185124,1.4984607881009495,0.7731099955214896,0.7793089698688842,2.583865573538826,0,14.995377891620903,83.17386978522292,-4.368122987488103,6.617990246885147,-13.616617182114602,-4.2888415981246935,1.4074280092858868,31.612990527740187
MOD,0.636269815233043,275.2300109863281,63.489039174125935,-0.6224823843810712,0.9978866850965429,-0.4161181213304192,0.39603106288463924,1.3109817926786247,0,11.840735656923297,111.76425975240252,0.6373590602082881,8.957915298212725,-14.855371697919049,-1.626435200091111,1.4258573821153893,31.5426251691475
AA,0.6359491594870472,73.44000244140625,58.78541300446898,3.121968087903464,1.0311974544677556,-1.0686667162638055,0.4493384949421089,0.25871791270058214,0,4.289079035859752,19.70430105489021,1.0288044191964092,5.442051182716394,-12.965151893790708,-24.18402997695316,1.2354928946599992,31.49391069012179
CYD,0.617299993474607,56.560001373291016,50.74230386434746,3.476982856243204,1.1261206843625968,0.24995149132205258,0.7160515725888306,2.4947013410687986,0,10.522923740093312,17.857885798930937,-8.131483964030343,6.375783802866332,-8.00259955351054,-4.813833634830185,1.4307746328842907,31.487144790257105
SNDK,0.6470084611059774,1642.0,661.1451738294295,5.414091904923672,0.691344383009988,-1.234295286486232,3.2270127179106414,1.9188902990815049,0,2.4472768299086614,184.94577006475498,9.903733108908176,7.608937611471202,-11.767866738306413,-16.31713227344227,1.3318529184988535,31.456021650879567
LB,0.6255089778917992,69.66000366210938,9.120475908616976,-3.3585073589940584,0.8946329468382207,-0.9411254059403161,2.2839554038256753,0.17226922232503764,0,31.349163397765828,-6.1219197795735845,-7.279154926914563,5.775411307788197,-18.2259946543738,4.864637138122107,1.2105240304723346,31.45331529093369
NXT,0.6421157844049035,125.6500015258789,29.983509200250392,-7.7930122277146125,0.901210621495565,0.03563630752808357,0.2603284179529748,1.281337517538472,0,19.99736580440122,4.734517168737215,-14.59771987077515,9.580415053456635,-22.975542349568556,5.648724847061009,1.253536983047427,31.285520974289582
LPTH,0.6229948862555642,15.039999961853027,58.11403885182005,1.3306383077692379,1.3406162567112554,0.0592552005812258,0.0997363255306046,3.1914863259432753,0,14.623679020912295,7.505362457742824,-0.08688295987930317,14.164608607956076,-20.59134351652079,0.09099389526109641,1.3432285645077575,31.119079837618408
SEPN,0.5636275994712068,30.40999984741211,7.619648704913118,6.5867520408509375,1.067491635607432,0.1308016692027743,1.3449599017295126,1.183823124452795,0,4.603804474513057,22.226691611563748,-12.903225032630283,5.879176618190484,-6.803558528854565,-1.7784985372291524,1.1618587592736402,30.787550744248982
POWI,0.6223439546054658,76.68000030517578,102.45159592837905,-0.249462169567366,0.9152340240750028,0.04539595198340045,0.5477383889707895,1.4475751250905555,0,13.477867545635311,111.0781246852007,0.0545858478823765,7.266941407893718,-13.842696286163811,-4.635362302624879,1.4354347015018583,30.70094722598105
FCX,0.6539023615582501,63.90999984741211,35.310529620738215,-1.451019628118669,1.016555751803343,-0.7622751923551728,1.7368183586048647,0.3364108169266917,0,26.552155371771804,-1.6571039343306375,-2.205996369783299,4.748866217516909,-11.346923159802722,-9.940887511613372,1.2354492840513003,30.61299052774019
RKLB,0.649569442851063,113.6500015258789,121.57400594679658,-11.189079531935862,0.771835688184211,-1.1860857868357633,1.4807738253304292,2.331721504862598,0,18.027340861673373,7.755760131244351,-18.29903782952817,10.52101547407674,-24.735098327068705,-2.714590308198393,1.2557505116544463,30.57645466847091
SHIP,0.6468714314286979,15.40999984741211,38.96727178306962,-1.1989481528407047,0.7757398602713123,-0.3121576156885373,0.7138261611527353,1.7521058192429315,0,17.256358158761298,16.277815979592244,4.51535777284531,5.5854270464691105,-8.328373961483077,-14.754100153512582,1.2750672020130365,30.313937753721248
PUBM,0.5719665191679404,11.239999771118164,14.889947063639397,5.140075291216478,0.9712885342482385,-0.7172932239016857,0.0,0.3558715539501243,0,6.966825496718511,58.98160534113628,9.497202288005163,5.134724196485131,-19.02017522597759,0.4813472903537937,1.3546745258916415,30.31393775372124
CMPS,0.6240619742577891,11.729999542236328,97.88755392922714,1.1097904235353222,0.8684731388908915,-0.04797957660396879,0.0,1.6027257686484737,0,10.558537549474918,23.995766328707603,-4.641776439791561,8.554986254592004,-20.528459616899106,-2.6595762214849863,1.4471148665538127,30.265223274695536
IMPP,0.59114190617203,5.230000019073486,5.069126185818784,1.2878869792868741,0.6252398568273237,-0.7299593725167316,0.0,0.0,0,7.221788253475729,15.452533701763919,3.592820297735329,4.766458224617132,-20.395739990446348,-1.8058781856692883,0.9955144354145549,30.2489851150203
IRDM,0.6567028844114261,47.474998474121094,165.8819672978877,1.26757481967301,1.015180532071768,-0.29582731189673295,0.6658183668760573,0.38967364831132445,0,7.843204012374974,180.3004021419313,-0.38591377458127446,7.391273060567443,-11.805690396891864,-16.0720636880344,1.387176937814059,30.240866035182677
CECO,0.6449780112422244,80.52999877929688,36.1595200099494,-0.8831049464327714,1.3273108056027292,0.30352972283599217,1.3783690887415538,1.0058333178466787,0,18.89591577067199,34.21666463159118,1.1494282898335322,6.816446111551816,-12.467392631063532,-1.7842529871460047,1.4769115084317501,30.116373477672532
UMAC,0.6144506526505982,25.850000381469727,127.66233205344102,21.612722394775144,1.4601346864906197,0.21636255923396622,-0.07737120877272892,4.2007785079662305,0,21.31429825908529,-12.668918755220341,-20.715355220818125,17.30254132724795,-24.76717135467796,-1.190482188020707,2.2897404862398893,30.004059539918803
SILC,0.636269815233043,43.31999969482422,180.36613539139447,-1.1985268936994318,1.0375838446912182,0.5819894928293615,1.5004652133955636,1.4081269959250782,0,26.156969274975722,123.64480029264797,-7.15400707713711,9.34903129156286,-17.611262483040147,-4.1803633223779455,1.3237319929227596,29.975642760487148
MLAB,0.585187901386962,108.45999908447266,32.41140059589816,5.045989984068536,1.2598610311482012,1.0520434791458007,0.009221958615900869,0.0,0,3.0044487360761454,19.634988822768847,7.816537510077323,6.9233899346514525,-2.391432452831714,-11.412843734706193,1.556924652146627,29.907983761840324
APLD,0.604601926585875,40.94499969482422,22.860306491746172,-7.855724582967576,0.7223122512572941,-0.8220948160663003,0.5128809037311411,4.10306586312447,0,14.351176395070913,28.19348468977838,-3.1757609048709288,10.291854721888916,-19.280431884278197,4.491544545001124,1.2130220074250615,29.886332882273344
HLIT,0.6218191661148218,14.09000015258789,38.45071826307398,-0.8235367384292409,1.3911075759276528,0.4360398910219417,1.8452819449801725,2.555001084124016,0,34.42001526747009,-16.627216149135542,2.1077318415160016,8.800568476135787,-20.305430375665047,2.1276576314918074,1.817768516265484,29.635994587280106
ELVA,0.6601518185816769,10.350000381469727,88.14153076680091,-4.5026723511168845,1.1303743863041924,-0.6447319429946847,0.5797049635283751,1.3526602719733125,0,29.909405218430074,-3.3613413199008657,9.478672813517344,8.012421827997072,-19.01407982851639,-9.52381353863501,1.1389293432631398,29.54939106901218
BLDP,0.6105110511417964,5.159999847412109,75.65918321463442,-1.4232525626891135,1.139964315524804,0.2640889355933569,0.7751930819404299,4.457364841672707,0,20.37048016220083,15.955057717287183,-7.748176413550914,11.226468507993914,-21.46119158590683,-1.2244886038222023,1.510159436091159,29.510148849797023
RMBS,0.6287418276518625,152.02999877929688,45.23441905478285,5.860151261281548,1.2254567155571863,0.5958830916377809,3.545352517852538,1.782537312911786,0,5.408532586539995,54.42356880790854,1.7021252984333977,8.378517105670323,-12.676626393091391,-1.7388410929801634,1.4736708046585418,29.506089309878213
NOK,0.6341979338239218,14.59000015258789,128.22412893481732,-2.2674741539949372,1.265385598543719,0.7691693171387018,1.3708071338866303,0.9938345184185222,0,16.956043471506955,-11.3608689901763,-8.814353675913004,7.593263520352604,-16.389687593949986,-6.5217388792600435,1.3743438056730641,29.200270635994585
VIAV,0.662227325739565,48.75,169.94489981154925,-4.2550062754386015,0.9394520057919846,0.2482767543184325,2.7282088841587804,3.589743589669954,0,20.835540543432472,-6.9656515639729815,-0.4296059844405179,8.336995442708334,-19.32814867780518,-7.11382363693907,1.263526145671961,29.10960757780785
VPG,0.6311017343027329,119.95999908447266,212.80969863941914,7.790457501557603,1.1925383867892183,0.20202026768458828,-0.6710572785201597,3.946316435276852,0,13.329059900344815,20.44176799403993,-44.7352807648067,9.175024328394175,-11.930112934662136,-5.291627412332869,1.9085757014414957,29.05548037889039
XMTR,0.647873557951575,82.19999694824219,32.15099788420361,-6.368271333814403,1.5829107623983738,0.17440537953483654,4.781022446512405,0.0,0,15.001647306847868,84.96849569655319,-7.636545990677384,6.619308155234345,-17.684762221102847,-3.343091623120532,1.1481215942027116,28.910690121786196
INTC,0.6648480465005318,110.2699966430664,163.64506788966736,-4.25291978294188,0.8725726878661898,0.4967605572658848,1.3965729231843689,3.273776268089951,0,15.819498899984428,144.663850428832,12.928275506302766,8.129397417376385,-16.934089157637857,-14.240369186264235,1.2629937883119284,28.893098782138026
GHM,0.6262330974240927,95.33999633789062,53.213560503130374,-4.065691013132241,1.712270090029209,4.741454469381069,4.856309062940305,7.321170154153178,0,29.25938676343607,-4.7932924715057075,-0.09165529651902465,7.022236728490625,-13.335156361546058,-3.9002598091372036,1.3852813293145454,28.86062246278755
IREN,0.6082384523018339,59.189998626708984,18.80080741776453,1.0033759731999305,1.1457434350911881,0.03208063411505853,0.8109470406570054,2.1878729746013894,0,15.474803167214981,7.32547051492115,13.496735348241149,9.59838776396303,-22.999874447681318,7.156208946613292,1.2338438566859555,28.657645466847093
AAOI,0.6774249690969727,196.63999938964844,640.7637193531793,6.525672085501552,1.1641004030728184,1.0313286838622833,3.3359977757258594,3.305532963864075,0,5.047699372882894,91.8251831927638,-27.809854632547125,11.876231674595902,-15.84713444999705,-6.661882175200318,1.263630973143618,28.607577807848443
OPTX,0.6639671843865989,11.90999984741211,707.126864132373,20.00604395520157,0.8649913205291276,-0.17719133949676172,3.0226671810179977,3.0226671810179977,0,2.377100466611322,378.3132449001394,2.1857967278038366,14.328894444712628,-13.350309591063562,-9.566326343205118,1.261477217470928,28.45060893098782
LITE,0.6685722854343608,895.4000244140625,164.48617758283405,-4.275577954461956,1.0841247862921752,-0.2320730958156618,1.587002634039375,5.9716361715772335,0,19.70451230072706,26.764359787941515,-7.402082907453314,9.624325984555822,-17.526344768544657,-20.046460443774823,1.1848039774950665,28.376184032476313
SMTC,0.6353050982350997,158.7899932861328,94.2222139104244,5.899177702713382,1.0803855673806235,0.9330157417580054,1.2469368789176534,3.0858329262751063,0,8.475940983680921,-3.447654868192223,-12.995650725064738,9.006504297117504,-7.873060615042163,-11.448216618674264,1.6455203248793757,28.364005412719894
HCC,0.5789322203306563,98.9000015258789,11.312189066493783,5.632487797086903,1.1074629502331899,-1.0458859910900649,0.7886741832707536,2.4974733898581705,0,11.753039868389447,14.73318448620707,0.8501261599809946,6.3856708798269874,-10.408549621518425,0.7634436372669179,1.4982060979372702,28.28958051420839
ALGM,0.6292746231151763,48.189998626708984,58.58373889103752,2.1212542944704103,1.0053747523913141,-0.2405793378219213,0.10376230168444335,2.9881690552300477,0,12.17986557361025,26.882567686315063,11.9509748672526,7.425221985634514,-11.415446185422578,-4.3868042008392365,1.5420890047390274,28.250338294993238
NBIS,0.6407371644287215,218.0,103.4357217541029,-0.7690397888294966,0.8421530281299066,-0.18809085120502622,0.0,0.13761607878735613,0,11.19740447691506,87.39791676073901,-24.224794493151165,10.884928172100263,-21.818963253732154,-2.6894389367407134,1.4848467368757088,28.186738836265217
AMKR,0.6270408244264732,68.29000091552734,50.006743935605535,-3.35255137765891,1.1913262281386054,-0.007600646987598599,1.215407555886872,2.219797390332516,0,29.023788188750068,44.266735863767636,8.171251846826562,8.079187309225588,-14.100627779033523,-3.455914657608994,1.2928382213713108,28.173207036535864
VSH,0.622961496265943,57.220001220703125,271.2338954754349,20.482182708878945,2.092128431758898,1.9926956395314075,0.013106771520609775,4.648723856376276,0,8.742569651702345,-10.551820964652297,-8.669005738829009,9.257188819415317,-13.617145129564973,-6.353753027566025,2.3292150212741776,27.688768606224624
MRVL,0.6397298292259594,288.8500061035156,185.9070550945778,34.68743840507834,2.744018281278665,3.0845922721385977,5.577284061310827,2.537655161825236,0,11.031860252588348,-4.243324399774004,-3.9734287384830003,9.705728038886695,-10.903764581240171,-9.653975823525117,2.195984353050021,27.117726657645463
CIFR,0.6042590129111177,24.290000915527344,13.864651315666322,7.87405428938914,1.0752419472627304,-0.9414913603131719,0.905719658515125,2.326062217944096,0,4.4323620572082865,9.909504507496662,1.070556309058312,9.54008119743125,-15.129279512874897,10.662025406735111,1.3481445896466944,26.952638700947222
ASYS,0.6590915066838472,19.709999084472656,120.2933303621488,-6.618661519701689,1.7298039354384835,0.09012232555725531,3.054293344078613,3.2978165839153113,0,19.46551675515755,77.24819502288341,1.9078634330376159,10.531998916390357,-19.551024144211564,-5.574916104415901,1.296562964094608,26.748308525033828
CRWD,0.6081260144656133,658.7899780273438,19.762538962357446,0.6624565459735324,1.4353134763462385,-0.09056261618571847,1.3737288202309879,1.029154736386571,0,9.045173342011193,88.04841243316433,-12.564184228835643,5.878591185622241,-16.148206533831758,-1.655544822174264,1.584064555539849,26.506089309878213
QCOM,0.5903386347619719,217.77000427246094,17.54362682473214,-2.662429141832164,0.869921040749041,0.18029276822383677,0.4913404254178475,1.4418879221334069,0,16.16067191632983,68.26353701561736,8.033220916893779,8.622749782873703,-15.90707972181608,2.865008593191134,1.5413266395913292,26.357239512855212
TSEM,0.6727515870993825,242.0399932861328,101.71499720522388,-7.485024139154288,0.6049255696100383,-0.831203263336657,0.0,1.0989871414203685,0,13.33890804186288,45.7369885700575,-29.83603707650261,8.667989038650783,-20.08188437129735,-13.235637362749737,1.2667445350472282,26.3382949932341
EWTX,0.6426080421641521,34.84000015258789,38.31569603085936,1.4663709641188012,1.5019931386947956,-0.12523574595148265,2.4540744502501926,0.7749726078456022,0,15.222511079189868,-8.33990610061686,6.313702042585166,6.133138236522774,-14.534525513619295,-5.308063926445468,1.3268154174732667,26.28958051420839
CERS,0.6024832454107178,2.5999999046325684,15.182996130907945,-2.9850780116249522,0.9751636927082148,-0.10835202517202934,2.3076901906634224,0.38461503177723705,0,33.7473333074745,-4.4117692158575785,10.34482726724985,7.1153833305845335,-17.460322981231695,-1.6393426595545102,1.1604773303489775,26.119079837618404
PENG,0.6456875949181363,64.62999725341797,189.48231046365385,18.528429487821814,1.3844060425700206,1.3572191880846507,3.667032101598956,5.566920228174781,0,4.976984843432618,33.89268000863268,-5.855754418573027,10.048076267168689,-11.755872284771339,-17.15742192895856,2.063185348442089,25.976995940460085
AEHR,0.6718040432532347,95.58000183105469,266.197007832492,-3.533470156140311,0.6743352612559357,-0.17644485383403952,0.010464674658663096,2.0192511698911857,0,16.581945399635202,51.329958932002185,-2.3346668360278144,12.27468250938816,-21.52709405872995,-28.20364502686913,1.2504997903956039,25.867388362652232
URGN,0.6387754881017826,27.25,3.605758016735372,-5.025791186378435,0.7111075215732262,-0.3084935889246943,2.348628612747097,2.1651381745550062,0,13.105117995935464,3.809523809378685,2.1088399316607593,5.611009710269393,-15.817111834017844,-5.139665339937519,0.9089163025556811,25.65087956698241
BB,0.6322567026623674,9.289999961853027,109.96170563666251,17.305385409163918,2.385660269735735,0.8431046872438286,4.251888690453389,3.2292808604353427,0,18.010587593678878,-10.154740571938214,2.8257430383700455,9.226511978922316,-15.004577286206516,-6.4615396333033,1.9433720170006585,25.646820027063598
NRGV,0.6229350060810896,5.170000076293945,16.555067681645564,-4.462717312212973,1.3347525544731027,0.4111280579124284,-0.09671401095094573,3.578335396783451,0,22.61867654897581,65.70513670741582,-30.905067403527838,11.139817085321518,-22.19713933249609,9.090907241075048,1.4195717621984838,24.91745602165088
ABSI,0.6528387901888211,6.550000190734863,66.97669261387959,14.721081226065017,1.0811464745281976,-0.6666107385065558,1.5267160565697926,1.6030536793873822,0,3.8284320492974504,35.051552972774125,13.050846921182163,9.80588911449127,-11.366707588812682,-6.2499937890129456,1.5680989546133346,24.657645466847093
KOPN,0.6583997887894762,5.46999979019165,93.21847910705394,1.1183993233376694,0.9315967274290973,0.12907862172014017,3.4734929519817603,2.650822421602417,0,11.964426749147625,36.74999474560376,6.654337648140779,11.151737746476968,-17.246600909585347,-35.75129307802881,1.2760972241286335,24.166441136671175
LTRX,0.5874967766355901,6.71999979019165,10.946423678413119,-2.651024293736967,1.4115851653586486,0.19022725910539742,0.29761877303521606,0.8928563191056482,0,36.707498810779974,-6.145252325920633,-1.7857164970995825,8.375850216442414,-23.200002395158283,3.052065907077312,1.3160794570862206,23.994587280108252
AMR,0.5789322203306563,202.19000244140625,0.9556122953117585,4.497707419914486,0.9077736306217663,-0.4539089403880926,0.15084458781196516,3.4774250825669677,0,38.52687061078418,24.30987397997893,2.4007376863116425,6.298742080594454,-20.34118800440311,3.061319315661069,1.2980859149745168,23.943166441136672
HBM,0.6388973723419924,26.110000610351562,41.997045991243695,-3.2335753300955243,1.1676629051303387,-0.5336024403220102,0.7085387269656079,0.918807289820433,0,23.735320452051493,-2.9426695593126295,0.279774954199492,6.467144702189803,-18.786938191830632,-14.984058131785838,1.3501899500077497,23.39918809201624
AVBP,0.6227264515743746,30.5,16.6301427891298,6.212564127498367,1.359512945483265,-0.2066682369031522,0.7541031133685898,0.8524597667977422,0,7.456339636270432,30.17498763310164,5.525420883767279,6.106792959173055,-9.269398573275366,-14.148126765212194,1.2501529796866448,22.658998646820027
ASTI,0.6553625180145212,7.480000019073486,276.9404711602382,25.11499653329613,1.7133443178430325,0.0484206570527312,3.608286689825964,7.68716957966861,0,7.278975068806232,47.82608899569154,-6.018512538264609,20.50983572714056,-24.21479122548204,-12.113396294016352,2.0284221017910378,22.59675236806495
KPTI,0.640851507774982,8.5,35.19750202621299,-1.6289090170545295,0.7577097232825755,-0.2670050967434861,3.0588150020815457,0.8235258213645116,0,32.26411225015322,56.249998346149525,11.226854495048542,8.80168065303514,-22.656959260684793,-5.745057179618024,1.1606747328553755,22.313937753721248
TXG,0.6309872230097171,29.18000030517578,52.14482616281948,13.56405515695287,1.2673744702246736,0.6127901081850042,0.13708332799049966,0.5071991624748627,0,5.583768687156289,74.8352269065703,1.8518500529977204,7.933271801902284,-18.137186335758365,-9.300046941046412,1.5842050913442223,21.80108254397835
ZM,0.6055249995100417,101.1500015258789,8.201837360111043,-1.256862451844808,0.7817524092185817,-0.20598628645083628,0.8749403093140777,0.9738018739325626,0,16.123558961287014,33.90256857244539,8.286782802076893,5.845278768999231,-11.84416645528227,-3.8325780725984844,1.248284824682454,21.79972936400541
DY,0.5940364162620065,458.8599853515625,20.84863863687565,0.43545898348259643,1.0261321067685891,-0.08714584879523822,0.004356233777176398,0.8415578583645691,0,11.027378479658347,33.24234242559275,-2.1152897691427737,6.914830869627396,-18.996591331717504,-3.3791624117423105,1.4945944320724112,20.84709066305819
TOYO,0.6413912359622486,13.149999618530273,85.3262619717007,-9.191356786007193,2.378199664992446,4.557217883447924,0.07604737012298979,1.513303503155044,0,44.01223564622258,-16.560917336808515,-12.622222899268651,13.161868902506177,-24.555367822506703,-17.12846503201679,1.5719150643624398,20.220568335588634
GHRS,0.6103553444516842,20.1200008392334,22.448392016812925,-10.406551650740195,1.2833999217209835,0.1406358234679096,2.783297428211671,1.888673221898465,0,22.553299753428586,30.142307822035093,0.14005922753151498,8.558647006783858,-22.436390033834254,-3.406668112165354,1.2758038343931777,20.16238159675237
SHLS,0.6460023969903079,10.880000114440918,28.57398006686975,1.7654635718776932,0.9068123648846477,-0.05544904946844578,3.5845531756470264,0.7812503423261957,0,6.437834919969601,59.18068841443302,-16.855200737902905,8.642989581621604,-17.45068389457584,-5.409588759897984,1.5170197905837841,18.19485791610284
TTI,0.6060830033102134,9.920000076293945,3.590664736320881,-3.806060310660263,1.5403714883789932,-0.6776413456894911,0.40322541876369467,0.0,0,37.51188836153434,9.49226950056485,-7.566469784473107,5.933178826375764,-20.89314109505783,-3.9285706982509154,1.2265755976236412,17.17320703653586
CCCC,0.6493391467650682,3.5899999141693115,29.983511129667527,-2.246428857508093,0.7942054139481295,-0.17226538316827988,0.0,1.392756364840362,0,13.83113930887375,26.855124052421882,-20.677962204373724,10.431755184776442,-21.92257773664392,-7.633589936768333,1.4345554531325404,15.723951285520975
CRDO,0.6138336315115281,222.27000427246094,14.228880549213475,8.622827024619813,1.5649321115807808,0.551739593736855,2.3579417886747667,2.9468677400569447,0,4.981894622506119,128.43781839651345,8.665555974991475,10.332606368019224,-9.62797030677264,-5.194934031475055,1.554029508453329,15.391069012178619
CLS,0.5909098911568176,386.5,11.110758568892454,1.3932725259674805,1.2718552100344136,-0.1899397641617707,-0.025874800392074064,3.2289808502705917,0,13.121033148394757,28.83333333323722,4.526694328992072,7.854370162306817,-18.465075840034594,-7.849876023010059,1.3017080618891328,13.468200270635993
NVRI,0.5929722822438837,19.8799991607666,1.0259813394427608,3.243225196371157,0.6934811010579743,-0.3944200176545432,2.615696577914055,0.6036259773299446,0,4.532020430993208,0.40404003426563184,-0.674969674013338,7.832709920234968,-7.1461966253072235,-6.474045210448284,2.47678849419045,12.982408660351826
