Ticker,Win_Prob,Price,RS_Rating,Bias,Vol_Dry_Up,Vol_Z,Up_Shadow,Dn_Shadow,Turtle,Ov_Supply,POC_Dist,MA20_DP,ATR_Pct,Dist_52W_High,MA50_DP,VCP_Ratio,Dollar_Vol_M,Resonance_Score,MktCap_B,Cap_Tier
TIGO,0.5613924407140005,98.16000366210938,93.40659576671906,8.337866943689711,0.6031629952062794,-0.3132986759670479,1.955988281678201,0.7029286738617284,0,0.0,15.930747702849931,8.979415902031592,3.398159854764503,-1.9184633631075285,5.160225676389028,0.8610120642208476,182.48,73.13333333333333,16.45,Large
CVLG,0.5673115619964635,46.459999084472656,76.1424609620794,4.536042726155045,0.7316291591250369,-1.147619552389534,0.2690486492908383,0.4197152360366538,0,0.7538230603246083,3.2215081470321767,4.664464018154202,3.4322898259762806,-1.651148531464118,4.819281202035379,1.032320502757861,8.8,66.9388888888889,1.17,Small
VSTS,0.5970721848938598,14.899999618530273,122.46886661766186,6.9480308003067845,0.6005094006389323,-0.9331854502775438,0.46980302205364716,2.1476490133917654,0,0.0,24.16666348573839,0.6065195318047516,3.893098446238653,-1.0624222882981422,4.423871330437568,1.0078565562548825,24.52,66.9011111111111,1.97,Small
BZH,0.6072751716895045,32.56999969482422,31.550879586790014,13.908997896530433,1.0239907513471922,-0.40257117329495745,0.49124915230693994,0.9364455266325508,1,0.0,29.45150990483717,3.2517401157284027,4.2304481077183915,-0.4888476921631166,13.710055445874497,0.8490736428948522,22.16,66.15333333333334,0.89,Small
EPC,0.6375368783817892,27.450000762939453,44.113635667182805,6.434543311684876,0.6547650872538541,-1.2518435059386421,0.3096505723392108,1.8397124009506212,0,4.1482231307492725,4.691081166091336,0.9590288385866091,4.212854562601145,-1.9992840462206067,3.9911235659765585,0.8178798548868573,27.71,65.18777777777778,1.26,Small
PARR,0.5894699960435216,73.55000305175781,89.03030343498305,26.144827494365874,0.9768009637639746,-0.8570177975990321,0.3399048125404885,1.1515976708563218,1,0.0,19.807792446340557,8.545325123175353,4.496454276641108,-0.3387533735212465,5.207854826026958,1.019701870465184,77.15,64.30555555555556,3.69,Mid
ELVN,0.5887025428906664,51.72999954223633,90.06395167041352,6.202139509459579,0.53717831036567,-0.6040933805419927,0.8699028937035638,2.1070948428616556,0,0.666120571425522,3.2947237436511583,0.368528028837175,4.7050621447174015,-1.2597821246203693,2.2798899760433993,0.9102024078373285,74.92,64.03999999999999,3.7,Mid
VMD,0.5503169795223984,11.9399995803833,56.01954145912678,3.708847545643268,1.0452848728063506,0.6667705691334875,0.0,0.1675000401217639,0,6.676312587627911,2.6655155878356593,-4.019139559039753,3.2693212991299325,-5.313244206838931,7.530120452331182,0.9829055840483781,3.56,63.967777777777776,0.46,Small
DK,0.6094254174713092,60.95000076293945,92.66486460704624,22.10513819486771,0.9521570336404904,-0.44109690377073163,0.0246093346356638,0.9844109378191801,1,0.0,131.25286936591502,9.191020839264935,4.527715673024844,-0.02460327993217394,3.528654438099696,1.0318714682852808,73.04,62.968888888888884,3.74,Mid
LOCO,0.5586991671635919,16.559999465942383,39.48950898709525,1.5950896396280667,0.5588650970042705,-0.5469593458045258,0.7246312545136939,0.27173959989416635,0,6.363629186961704,30.188672311314747,1.2148371475361666,3.0581453571155848,-4.827587189398842,0.07396618744457056,0.8931321906078842,5.77,61.874444444444435,0.5,Small
OII,0.5949094907514456,43.279998779296875,53.01786397993098,10.68062707221895,0.7919922600964833,-0.7569554769140012,0.6007443243016777,1.7097917851754048,0,0.0,8.118911064268328,8.12389137456845,3.8437420075945417,-2.1257404238715805,2.5572697417010652,0.9971932572169899,44.74,61.78333333333333,4.32,Mid
CNC,0.5593425091638892,68.72000122070312,38.538588152993405,5.487759519480456,0.6005946774904278,-1.3285820646746531,0.9240426730812143,0.7348621135624787,0,0.0,88.79120422826938,2.316309372076674,3.06523576294166,-0.9155823019044381,-2.402683830320652,0.9792959415412343,360.46,61.074444444444445,33.93,Large
HLX,0.5563438620746343,9.529999732971191,25.897315981957302,6.916472882641865,0.8183149219725182,-1.0794178290310161,0.5246609877294087,1.1542461673438973,0,41.536215929224554,-9.668250608779761,9.13757094939735,2.9530788363308837,-11.348839692235536,5.024158826548651,0.8120493830610452,15.41,60.51777777777778,1.4,Small
PBF,0.603788983629072,60.88999938964844,79.64707859596427,31.963631474511757,1.0754428701009877,0.13798647864078273,0.20528822672183777,0.6897654346336163,1,0.0,41.37886381661403,6.206728364626141,4.72104255159118,-0.2048676575405462,6.388375611466493,1.1104525444758555,171.07,60.35222222222222,7.2,Mid
XPO,0.5675474190170045,209.97000122070312,34.20199060814466,2.1172917188994034,0.4414491120560008,-0.9008744831954201,0.877694669281172,1.0215765394962637,0,32.70202020202021,-1.9976657079472104,11.886304546877255,3.301419982305996,-9.515191355560844,6.019170356623362,0.8483523225198186,325.51,60.27888888888888,24.65,Large
KOP,0.5797775783180831,48.529998779296875,63.18646879450116,6.654649305481312,0.6305615042082295,-1.1694979234733882,0.9682712762914771,0.45333036520175074,0,0.0,38.56413944998144,-2.3266489865471582,3.3999446127188895,-0.9589856932797048,-0.8082295802895436,1.0753140854814531,8.99,59.95888888888889,0.93,Small
EC,0.561341920656411,16.15999984741211,47.15206209168734,6.141214104109672,0.8367221310430738,-0.42144556793812243,0.30940122233639644,2.1658380636049404,0,7.200317667824427,-0.5538470928144748,1.9903493679412982,3.5625877777462662,-8.957747338018665,8.19208940558139,0.9064722323186708,50.65,59.78777777777778,33.22,Large
LTH,0.5794565661031076,41.56999969482422,37.21840294858261,5.280485385868299,0.549690044246726,-0.6269702766297136,1.707960283059557,0.7216724543076731,0,1.5398837611679537,60.75018837229478,-8.802099495182773,3.0018209447502464,-2.211241269823154,-20.067136395882134,0.8012032407143214,135.32,59.440000000000005,9.25,Mid
GPRK,0.5672471651296279,10.350000381469727,36.70828612876027,6.921491332715458,0.5654358163180878,-0.8441873409145179,0.09661135109188755,0.48308439819222504,0,9.385926045076367,18.28347545690252,11.69642400120158,3.4368525594814345,-12.805387688423798,5.475212445840121,0.7313856160717229,5.95,59.32333333333334,0.67,Small
DAVE,0.6150426104713395,417.0,65.32426137282287,17.50550227002002,0.6485079426026112,-0.508239801362847,0.6859209897690386,0.5755381046711319,1,0.0,47.57927647315044,-7.999164006894589,5.902915084227261,-0.6812481656087119,8.35324341982314,1.0426426353578497,250.92,58.67333333333333,5.3,Mid
DNTH,0.6014219846403873,101.27999877929688,156.30273552794668,10.037917032353286,1.037565815355174,-0.2288992140320014,1.0762282587005785,2.093202155132654,0,0.0,6.219192868391129,-6.457905533570363,5.415678896670043,-1.0647689147501778,2.653760535355131,1.0506132668887662,104.33,58.41222222222222,5.54,Mid
YPF,0.5573245182797447,49.79999923706055,37.229165443095624,4.347823654189023,0.9523278302599921,-0.029305717503795587,1.0943738499674271,1.184739280351178,0,14.596536892271686,19.740319918619658,11.486846017070295,3.3670377782082235,-13.376243201872825,5.225864965175689,0.8650447389486214,96.51,58.220000000000006,19.53,Large
DAR,0.5574365158899158,61.83000183105469,49.31633240571578,9.832137024021522,0.8205439939068138,-1.6111520635706953,0.09704248991289689,1.0431836303606297,0,18.764121987459976,22.898032484750686,6.615196256647916,3.1289709436436643,-6.346554112386943,3.0515379054979066,1.0553673400276025,146.42,58.13333333333334,9.83,Mid
CF,0.5579893288379141,119.19000244140625,36.76282258628252,8.854785678763456,0.820601256856132,-0.7983497876328647,0.5621261475089423,0.2013637790468504,0,48.03354815524034,-4.18205521867886,5.370848285041086,3.2259409028591266,-15.696947949317725,4.4444410177924105,0.8792768669597409,346.77,58.042222222222215,18.31,Large
RVMD,0.6091581429204285,184.97000122070312,47.0110479535689,3.435163588047897,0.6234615807402162,-0.27753334200719276,1.130018212868557,0.5541406118367421,0,6.677397800108302,35.707994922132585,-7.759799064291344,3.914271977969853,-4.56855197570722,1.1171250797165657,0.9287938003205091,538.56,57.43333333333334,39.32,Large
ARCB,0.5725916551369867,151.5800018310547,64.56049770267656,2.891665327195964,0.7837847260813006,-0.4394606277102215,0.6432287186510907,1.8439095759096722,0,9.96381285047883,3.6161110039418993,15.857598385989776,3.7801835319981936,-14.211330727971664,4.5386901242725095,0.9226452426010522,61.13,56.718888888888884,3.37,Mid
GPRE,0.6302381564854129,17.1200008392334,53.07026107660049,10.185041941572774,0.6786084672648657,-0.9271830551040362,0.9929910511127503,0.8761770941412013,0,7.476912820418927,35.229076186605866,-0.40000279741799455,4.080442265487607,-9.609290619899562,5.293441430755692,0.9064253422492048,25.43,56.62555555555555,1.2,Small
AVBP,0.6472552486025209,32.540000915527344,49.67941394425823,-1.9739246175053693,0.8436181004969485,-0.7627669689774462,0.5531662572398932,0.27811885488829796,0,15.868676450486499,-4.294114954205045,-7.072690840173425,4.79706248222066,-9.182251597274556,7.204888260058952,0.7865561672710822,18.02,56.11333333333334,1.52,Small
GKOS,0.587186444355444,152.4499969482422,26.109499117835888,7.378813851518082,0.6648849854582127,-0.8306345699348346,0.9708073185674272,2.892754181935257,0,2.7738135029876028,26.798629868941525,-3.4539901956501007,4.216838614198508,-2.6500695999358395,6.626299431840914,1.009627509379626,159.2,55.99333333333334,8.95,Mid
WTTR,0.5922763969629834,20.31999969482422,75.32901014767089,7.6641843557777225,0.5809761399529743,-0.5681994744044685,0.0984274510977576,1.2303149790468513,1,0.0,60.28293120445779,2.2739307700834743,4.032621696327029,-0.7812492723660753,-0.5379566948301338,1.1804515820195824,37.25,55.10222222222222,2.53,Mid
BWLP,0.5611266385290518,20.93000030517578,58.18978901271874,10.899169448793051,1.0254598500975298,0.1697600882024961,1.767792290837142,0.02388514425929783,0,8.393444260078663,-4.4853470213001785,12.116993961448467,3.662889133093851,-5.89028542880069,-1.3540511288026515,0.9407022897572422,10.06,54.94555555555556,3.18,Mid
FTK,0.6142851299276281,26.770000457763672,41.411237319304604,14.1723910778262,0.9276489607448253,-0.19087697976247386,0.5976833943599368,0.7284261915669182,1,0.0,45.806097861524044,1.2581147467886553,5.926143500729238,-0.5941323638805049,4.142005155916544,1.0478831778847306,8.53,54.150000000000006,0.97,Small
CSCO,0.5695829104183245,117.08999633789062,51.04402935305923,-0.19787647965194052,0.7922765412443739,-0.2631610189198428,0.3586968845141325,0.45264223748279303,0,25.101468814244548,52.17625182118175,-0.35507906739327844,3.3273267695300097,-9.850402856392547,-0.7213105698680288,0.9413005087123252,3094.69,54.08,461.5,Mega
ETON,0.615489972754053,37.5099983215332,133.72853546742618,5.926035733252209,0.7163755056676282,-0.4707440222043527,1.3063228482536096,1.0469213886277224,0,1.6926531696362914,112.52124153604639,-3.577084718649146,4.283182292458383,-2.8741601269346533,-28.60696259604071,0.8480651550004471,16.1,54.00888888888888,1.03,Small
CLMT,0.6177117562170487,39.56999969482422,90.24684387507911,10.65281336464408,1.1624552754068391,-0.11433609062779393,0.5307124103720509,2.1228207203563234,0,1.1978498352696376,12.928078369884425,3.399181380453779,3.8232414237206664,-4.350977238313967,-5.776281537528806,0.9475239125738958,37.21,53.42888888888889,3.45,Mid
RCMT,0.6369319981728561,27.479999542236328,27.955002851210576,-0.3228278716465484,0.6022483432501441,-0.49519655830395637,1.164482169370998,0.2547296069422527,0,32.23059691332813,7.89163833133294,-6.742009167795782,3.948326259901659,-15.446155254182187,8.628957123210936,0.8253608143609669,2.12,53.37222222222222,0.19,Micro
TVTX,0.5984575816244083,57.060001373291016,56.11108573842307,0.6730971861389823,0.5320212830225772,-0.5941525681392612,0.36803203542731344,1.4195607321803716,0,7.27258247688225,35.43793004107162,-5.899307534118855,3.8710380219640483,-5.058231577307795,-1.282053488148936,0.9904281246798684,129.93,52.58777777777778,5.31,Mid
ACHC,0.5882184483741714,31.600000381469727,124.6574852217518,11.721969105055859,0.9245650132736195,-0.054536473770378346,0.3480971571884919,5.655065299047521,0,1.7727132936520051,15.244348261826488,-2.479669485849368,5.0214737532577445,-3.7172435242579125,5.559847703517971,1.2354005377316668,94.35,52.50444444444443,2.91,Mid
PBI,0.570386570403522,17.770000457763672,61.22628279671065,1.6241592853558158,0.6491108343184178,-1.1427291098946075,0.6190242403584928,0.33765544030374295,0,4.573207583555237,22.23886928015826,1.0392627502134344,3.621673000012604,-4.564985731005327,-0.77619536751023,1.092648103507118,55.34,52.239999999999995,2.41,Mid
PUBM,0.6133221384734086,13.6899995803833,54.662746720558886,8.444229668960197,0.5509403239333396,-1.0204101458202435,1.1658163824239387,0.6574153056241117,0,0.9101338702938253,93.63506714356899,0.4405302999997202,4.410726930632009,-2.144390247473475,-4.703477000609166,0.962094140319466,9.14,51.86555555555557,0.64,Small
OPY,0.5959734133092894,118.29000091552734,51.688458215908774,7.268193241499245,0.9933651580985441,0.3170179694783652,4.184628379312642,0.6255793879752516,0,0.0,5.767171663786821,-7.581468001327879,4.3917483385407134,-4.016550660503733,16.989871172623698,1.2598307735894647,12.41,51.78666666666666,1.27,Small
TDAY,0.5759097059640864,8.420000076293945,35.28049470059456,1.5620289070769404,0.6647512102661096,-1.6719509207271108,0.5344427064234378,0.05938378141351427,0,7.040475830926088,28.74617928316901,-0.25840385468381555,3.63080992578524,-5.393253514112641,-1.659749449874308,0.9559789948440593,13.47,51.70333333333333,1.24,Small
APEI,0.5743368003010405,58.040000915527344,35.08653538182498,5.352006786929351,0.8540197155455757,-0.2966632315613818,0.44797059290953795,1.7746426218626048,0,10.083418378666194,0.6590375808433153,-3.529637665167843,3.9098651123143267,-5.763921461613674,5.915739210799787,1.0980268293422601,15.21,51.50222222222223,1.06,Small
ATEN,0.6019916813307374,37.63999938964844,110.67460624527573,5.941623728965571,0.9798361479861964,0.000581246497979181,1.0095671473619756,1.1437301739822419,0,1.7387205335167362,75.7723430053999,-6.328716040092151,3.939673981499847,-2.2083716594686686,-2.211388658313783,1.2133890203752102,43.04,51.29111111111111,2.71,Mid
DXPE,0.6286946687673154,163.52000427246094,34.390182527290115,-0.5519124716238392,0.7310988797217,-0.8872094502010065,1.4554730686303599,0.0,0,24.64128709244108,27.173745484187567,-0.08288401315037916,4.550777350526185,-11.086944148508264,12.14055386671605,0.944152266602215,28.58,51.09777777777778,2.54,Mid
ECO,0.5953395108327344,56.72999954223633,50.552699942078426,7.087238131380238,0.8832141919692906,0.1368565159353681,1.0047588567135417,-0.035255522518431684,1,0.0,16.487389669405616,-4.266211468241174,4.378508999658722,-0.9947638785405187,-2.715423047623036,1.0561307976921421,26.63,51.094444444444456,2.22,Mid
TKR,0.5883287224131369,139.60000610351562,45.213744287961255,-0.44748233325100906,0.657448865956055,-1.1894950986533475,1.017190620953261,1.418345916722763,0,8.675085400481414,41.93686613717447,-3.582375419184218,3.224518330860937,-4.625257388445903,-4.9147793666631605,1.0328297233500632,152.1,51.03888888888889,9.7,Mid
LGND,0.5987368661620324,300.9700012207031,36.74481037720334,1.370148817051984,1.096760658610429,1.3726435496884135,0.0,0.32229166254632613,0,16.927484257364174,7.704694600313817,-2.5945137026562657,4.011076508038388,-7.855984838636318,8.332968128745337,1.0627387432016555,110.58,51.021111111111104,6.03,Mid
RELY,0.6085500993418289,23.520000457763672,62.2814604539399,5.463759482200061,0.42382495766442796,-0.5948470729148404,1.0204071702249433,1.3605428936332578,0,16.65738127941346,-0.9684191251648165,-8.280922064680754,4.008745930114998,-5.617975979887312,-4.111473508141774,0.9322108811189349,117.49,50.66111111111111,4.95,Mid
TRNS,0.5892334596765583,89.7300033569336,28.388220537141564,-1.0787260015718136,0.7998211319704318,0.7643418005022558,1.2704773732159267,1.404214966095913,0,18.67581785731011,11.715642053966038,-1.6326954074896642,4.301792361658576,-5.5374193336904955,-0.5256261943417466,0.8752050722128153,15.98,50.4488888888889,0.84,Small
PLSE,0.6402893481119772,25.459999084472656,66.80979582964906,-5.692355488072972,0.8026421236212459,-0.38190193461819216,0.04909962053606669,1.2175941754815967,0,24.70773607406095,22.698790767449005,-5.498556417884901,7.0341429758518235,-17.870970694673012,7.463391204238569,0.800917110983325,9.24,50.33111111111111,1.76,Small
DHC,0.5747152261278177,8.90999984741211,56.61902834960324,-1.8722475518021406,0.5825516859688262,-0.72710121605548,0.785630707240626,1.1784460608609388,0,12.494801290859222,32.967294690933244,0.9966794600148962,3.4151044216054625,-7.763975277114351,-7.294432273800054,0.9081424807618803,16.37,50.321111111111115,2.16,Mid
MOH,0.5699090234241674,241.55999755859375,24.193322715286246,9.894908968219983,0.8713412158794436,-0.3773438495901904,-0.32290064049385764,2.0139883604588915,0,0.5438759084922686,73.27307310265518,1.4280011123272103,4.205255061600599,-1.044612283549039,1.4232807949613477,1.1526612975410833,238.88,50.045555555555566,12.59,Large
ETN,0.5625116413950829,415.5199890136719,19.901994130998425,1.3496765259038104,0.645750710199463,-0.8801052365052418,0.35618286134385374,0.9385815362896219,0,12.617764616004438,1.4136943831976878,-11.341624075570465,4.068911724169871,-4.858726403613027,7.819682427306324,1.031753616222763,1089.21,50.02444444444445,161.35,Mega
OPRA,0.5758972961716379,20.1299991607666,43.626940445629,6.147959329339643,0.952047605185931,0.24953204101534127,0.7203202374646631,0.19871295177854983,0,0.42542519440315846,33.22388624132952,-2.420249828238829,3.7833531053411655,-2.5653470016179245,-5.690144191110914,1.0284531808845907,7.53,49.85777777777778,1.8,Small
KRT,0.554168240155071,35.45000076293945,42.29163640237512,9.54544200439237,0.8236165734462028,1.0791904299652626,0.8180561615737377,1.0296238945023801,1,0.0,31.231878044911944,1.1976004969621767,3.379005038121223,-0.8114183041405786,-5.995117424084276,1.2129298712476708,4.18,49.817777777777785,0.71,Small
CTRN,0.5877959495187489,63.18000030517578,21.558743499454323,8.527798331321943,0.733376770403521,0.9383438636621297,0.9417556470713792,0.0,0,3.3492054999732486,12.379934068350435,-25.57267164053501,5.857979285536687,-4.820724737268966,3.161570405339293,0.8052649763826726,11.64,49.68666666666667,0.53,Small
ESEA,0.550530029724113,71.70999908447266,24.441938260046104,4.494682842674762,0.7700247673593418,-0.4270646296031441,0.794867803783994,0.5856898261073854,0,3.034212538226299,7.730084427585638,3.6493192161993293,3.377692301834883,-7.849463888987455,-3.2423936774310436,0.7859572484543778,4.8,49.58222222222223,0.51,Small
ALTO,0.612892863572204,5.619999885559082,126.2488433745532,3.6135676481970824,0.8369652274270694,0.23060668435763668,0.8896831271197151,2.669040896712031,0,15.11747391089117,39.80099283149242,8.421053246511583,6.542959865267682,-8.019643816166058,17.75362359206857,1.0512300747195633,14.45,49.52666666666667,0.44,Small
OOMA,0.6110430129700538,20.540000915527344,68.7840773392746,8.887538847595039,0.8183321053897282,-0.5157250750587385,1.0705852680854255,0.6815938821881363,0,0.0,17.84280295881366,1.42450148634666,3.902802855191201,-6.466294299095364,-16.4215708034695,0.8734986490547506,7.09,49.207777777777785,0.56,Small
BWEN,0.6100407293459621,5.090000152587891,29.794514336649435,10.640150275862657,0.4647723680481241,0.15881542183730257,1.9646346093345284,0.0,0,0.0,15.419508583897713,-20.574166713554078,8.798764795066823,-5.740739578654402,20.67669822485503,0.8687943600067316,5.51,49.05555555555555,0.12,Micro
PBT,0.6435067503389232,27.90999984741211,50.666214305422265,8.340921937595695,0.6072196329866089,-0.5636444048608461,2.938013970898933,1.5048372575245301,0,24.488078028071072,-0.3676140911863015,11.212656500279868,4.04504230025008,-13.312101409409793,-2.5389720286687045,0.6941790258444099,4.6,49.02444444444445,1.3,Small
BLBD,0.5993689181985885,77.27999877929688,50.672925587564286,0.8505341380082649,0.5224295631786847,-1.0620336418379264,0.6987589596921954,0.6987589596921954,0,8.858450441676622,9.090913007106886,-6.1084745465420625,3.7586883511317755,-5.189551277169578,-10.497575516084808,0.9292355523280038,37.5,49.01888888888888,2.45,Mid
RNGR,0.5544631127630717,16.110000610351562,3.7972636207103116,3.0380589823019304,1.0555996803236058,0.5116425944013433,0.9931709580406157,0.9931768778064768,0,65.12881847770674,-6.253815318449117,1.5142001198809047,3.033165403670526,-14.051467573431395,9.221068456163636,0.8759563840397668,3.52,48.85444444444445,0.38,Small
WNC,0.5951642307477717,13.420000076293945,23.1624179031515,7.881477822643876,0.7441952574974342,-0.5273978386260811,0.8189233997097259,0.0,0,3.5605417352999207,34.536928147978905,-24.20185610723885,4.903646830684429,-5.715649032188316,10.24165658040119,0.9952187400666366,12.23,48.778888888888886,0.55,Small
VIK,0.5648289114445971,97.6500015258789,26.821672325587897,-2.2615460382579613,0.5393804283242759,-1.6397876679519576,0.9626162798911764,0.30209745451372266,0,11.597307047856036,17.4807486754078,-8.45528786089242,3.3044391110426745,-7.668306019725973,-2.514952345828708,0.9561911194506372,307.97,48.102222222222224,43.57,Large
WT,0.6281221912621169,19.530000686645508,36.80912133619925,6.911184706088432,0.9048093320644831,-0.7719109849809956,0.23041512908093206,0.12800623476725198,0,1.6124555923797714,40.6279646266043,-3.8397360065920676,3.940824758391702,-3.2210089626775225,-10.117645313077526,0.9597284555770094,61.67,48.101111111111116,2.99,Mid
HSHP,0.6246285356675585,15.6899995803833,70.5724576014144,9.689984937228544,0.9312445077097592,-0.12259152847767582,1.2109658325488997,0.5098784311057422,1,0.0,65.49925685299095,2.7858983111066498,4.07402419720926,-2.000115154741776,-15.762456341846272,1.0773067203994497,5.28,48.096666666666664,0.74,Small
CDNA,0.5923825319261616,28.93000030517578,59.98742210619557,5.697741412041808,1.0679131989213104,-0.0011456468748244641,0.7950208772975,1.7628766798628914,0,3.944160688278157,29.036575407842648,-9.055289446204789,4.479037267694998,-3.566665649295173,-3.0273958878087397,1.0436262245847177,23.39,47.974444444444444,1.49,Small
PBYI,0.5816786277448526,8.279999732971191,26.61795591939695,5.0894756573132245,1.2446525149977476,0.3538690693423059,1.8116011717870875,1.1473462570178763,0,0.0,45.263158062913085,-4.502045390120359,4.921496854742184,-1.8957328832697133,3.3288947050263076,1.1891973434887744,2.59,47.84444444444445,0.42,Small
CROX,0.6183819571911061,131.1699981689453,43.501623327853345,4.69979550250805,0.8655100234965926,-1.0793157834713825,0.5565264448607158,3.0342271731852404,0,0.9796179008001668,33.22161221642635,0.7296897116414527,3.972490905159011,-2.6712220741722885,-2.0592257354124937,1.1475833870369199,155.89,47.775555555555556,6.52,Mid
CART,0.569670019188036,47.709999084472656,6.987771312465241,3.0464682936074365,0.931107502388048,-0.43991091740637517,0.05239511980886255,0.8174374284722832,0,3.9661452655642653,31.432507126470476,-7.334226219283675,3.722638938559923,-10.822431617605831,10.295152190420074,0.8432535039557307,217.81,47.58888888888889,11.21,Large
TSEM,0.6547258517460588,255.49000549316406,103.95754126417526,0.850853464509015,1.0416195953857956,1.6789786562663462,1.170296359965947,1.3620928065648408,0,16.023839906281648,53.835502574550546,-20.511938962911707,8.566174342934126,-20.144400967754606,4.998870345693014,0.880129138043211,536.4,47.55555555555555,28.88,Large
SYRE,0.6088942431544629,98.94999694824219,214.36277098132283,8.438947132842477,0.9660757572310942,1.622562546791461,6.205153692726275,1.1167213356316583,0,2.068947206556202,56.393229384806176,-24.17378209894486,6.188261960537133,-5.842610718006286,1.8132955398795823,1.098352971689241,139.89,47.481111111111105,8.59,Mid
RXO,0.6355706750678257,28.040000915527344,81.20411609172385,5.12503641734531,0.5034538865138249,-0.3809265489528409,2.2824513863378972,0.0,0,4.815956420824224,115.85836342131905,8.924164559129736,4.4767690424772,-6.095109368927235,-15.723592412644843,0.8803455673622205,68.32,47.47888888888889,4.62,Mid
ILPT,0.5896996974112833,8.930000305175781,35.72378597280681,1.7895862337913693,0.722834234356718,-0.37090592012408014,0.22395860474410373,0.513990924978731,0,19.75653863910825,-0.445930442116001,7.000001270787977,4.031355577738963,-4.695833358701145,-6.460296502001578,0.9319557520080014,4.99,47.24444444444445,0.6,Small
TXG,0.5949545861302374,45.790000915527344,114.90497100323351,22.928651611909796,0.9494669211010773,1.0100457799071831,0.06551382113217497,1.375848559740568,1,0.0,24.598641946343832,-14.216360791562016,6.070416134870689,-0.06547092862510195,-1.6780083991782606,1.290228375342167,147.19,47.17444444444444,5.81,Mid
NEXA,0.6369319981728561,14.520000457763672,34.72260241603726,8.329916981045827,0.6230065869142972,-0.6515755738472722,0.34434735179618675,2.892562417520108,0,37.149706600334746,-0.8873663081417182,-1.602332660944516,6.670603528699948,-14.031965763106976,7.8093936349093065,0.848340868869309,14.69,47.096666666666664,1.92,Small
CASY,0.5520142615955496,847.1900024414062,34.00726556729563,3.214276295799126,0.8029462071183424,-0.19859612488903808,0.3375848798164881,0.2378468398621695,0,15.685961905521086,11.789471751286076,7.090514411104494,3.6984016481992072,-8.693212832549522,-3.5748185820274156,0.9201285448657137,492.3,46.59888888888889,31.35,Large
NVRI,0.570280660459329,22.549999237060547,13.923757493570822,1.9301151783631658,0.2640372682113513,-0.5568152142320664,1.3742806841891941,0.9090906014757192,0,2.3263795972029926,13.888889423358222,-1.17096016637673,4.695881617892795,-4.2869280633855364,2.437792973800731,0.9287334833936313,27.45,46.544444444444444,0.63,Small
FTNT,0.6058322600484176,166.8300018310547,101.69317394497376,8.471337915111617,0.6683503714907961,-0.705169699116463,0.263742993810666,0.0,1,0.0,15.269817422621374,0.6220120595494555,4.1928925671689,-0.2630492199228459,-28.06310561850689,1.2720888855039123,1083.14,46.42222222222222,122.23,Mega
UTI,0.6157252343868258,46.650001525878906,60.73878415451879,6.407247414738651,0.49723334287057097,-0.38365232118538006,4.866016224583561,0.8788849603271176,0,6.245082612116444,16.712534653485672,-2.248342058803122,4.905833111748747,-9.135174547484345,5.4356439305323665,1.149280555926859,57.08,46.25333333333334,2.57,Mid
VSXY,0.5852757031987011,81.91999816894531,15.411969251950763,2.2338672868213747,0.5442584594191527,-0.48082153947164813,0.13427809180776978,2.4108868630879416,0,5.359440075463557,55.416428744585566,-2.1424980986692352,4.729788323944758,-7.508187364476678,8.257770485640112,0.9232637977586908,198.34,46.13666666666666,6.51,Mid
SENEA,0.6306740566059037,169.25999450683594,41.48890090233852,-0.8235439336543157,0.6791114269861181,-0.21841887600063528,0.5494462400790139,0.1122457691019197,0,14.22539593179158,-3.4840627133700015,10.7829098076762,4.3116254572327675,-9.780931743361093,-0.15730102941617527,0.9954138475216368,24.83,46.13333333333334,1.15,Small
MRVI,0.6279046109982451,6.510000228881836,56.75127294149676,11.817248807360816,0.9367507115365642,0.578098907909738,1.920122820061235,1.8433161493338406,0,0.0,34.22681147522125,-5.421686342132373,5.1415406872775,-1.883948691320937,-7.065217002066943,1.0368786369594043,20.04,46.11666666666667,0.96,Small
ANET,0.5856766382367032,182.57000732421875,39.666177872084106,7.079182702169276,0.8149684946389398,-0.758995156051437,0.9256234983118415,3.768420116540222,0,1.4610799069396239,24.146613868421376,-6.934569765028821,5.730516870071809,-3.8178845768561134,17.926006317039935,1.322626157956095,1896.76,46.06,229.89,Mega
PAYS,0.6145044196330877,8.699999809265137,69.38109540477872,7.7265943393658905,0.633848235192302,-0.08582946038503955,2.0689690701303087,1.4942542215636687,0,1.3548857204204794,68.93203198970245,-5.007158696425346,5.13136300248126,-6.451616872040083,-2.2865868392219704,0.9844678931156119,6.26,45.98222222222223,0.49,Small
SND,0.6342064329930531,5.059999942779541,23.81267044789155,4.372935558180884,0.7526875393328224,-0.4046493906828438,0.39525654444127895,0.0,0,25.39382300108441,0.7968119919728894,12.593985987763077,5.396667199013671,-14.527029092667068,11.070782360520628,0.8966907740263912,2.13,45.70222222222222,0.22,Micro
PRMB,0.5929456756286006,24.170000076293945,26.869589161482498,-0.7982932476400022,0.6790086912614843,-1.2162138638457065,0.041374550475200306,0.2482394114625932,0,11.208568122995942,7.8345018057789195,2.567283402287792,3.100065501907478,-15.541043989320661,-9.126593869518148,0.8448400457836032,90.15,45.7,8.77,Mid
IRDM,0.6674610476668795,48.86000061035156,146.0813078308813,1.2904910294659975,0.665885338918672,-1.0745985755803888,1.944332278044919,0.3070027097872296,0,18.053490157284315,-10.496427049120879,8.204372660069023,5.8943914648932525,-14.550541535981088,-2.8666438120621507,0.6907620697288667,134.06,45.54888888888889,5.18,Mid
AMLX,0.5908512024757566,18.200000762939453,40.16056981044051,5.599075264830207,0.8466203418898257,0.6709631119756988,1.8681326281125739,2.032961078869087,0,4.142567398190561,9.96979819844551,-11.583279755086375,5.921508055762967,-4.960829631672455,5.000001191780395,1.119232201574478,26.5,45.54333333333333,2.02,Mid
CMBT,0.6319869901815995,15.779999732971191,37.272830125794854,5.435470461786862,0.6213330925111367,-1.0768904778357604,1.520917166277302,0.1584259756130049,0,7.903789986493194,-0.946236705843183,1.4838680143321898,3.8561458159248123,-7.151056878629973,-7.189542199937699,0.9333161361612953,24.28,45.50777777777778,4.58,Mid
EXTR,0.6029008125053212,33.02000045776367,102.49806605584769,4.348377578753877,0.814733614086586,-0.16332388984980378,0.18170065947962868,1.798915087119208,0,0.904420031687155,51.121280918858226,-2.3786555981234843,4.9113083723229645,-2.1049483963453777,-6.473518765202536,1.1511634187449653,76.97,45.31111111111111,4.32,Mid
SNDA,0.5711240328927734,40.02000045776367,15.041712965991128,2.868601573022165,0.607233800123179,-0.4351764769267147,0.437279447912213,2.4987505960435783,0,8.305493284513506,2.5365147563534376,-4.308137429545985,4.2309205325744355,-6.473476042141842,3.7144359362003208,0.9828237579618345,29.94,45.30222222222222,1.89,Small
HNGE,0.6103178644059599,89.30999755859375,77.47553886597281,12.024682706403139,0.7661213967067777,-0.14854812038503457,1.8900499229245984,0.7390031129146267,0,2.0203454569422012,13.093575000539456,-5.37190439684996,4.532449548633501,-2.3934452911282134,-23.318389868735682,1.082016754879292,188.13,45.123333333333335,6.91,Mid
GHRS,0.6166046499042677,26.770000457763672,69.45018345423493,6.506993684716944,0.9121438585897818,-0.831474160853401,1.2327228914858794,0.0,0,6.1791882278000845,24.511630034970025,-4.592799596421667,5.944820025338351,-7.56215019291062,-2.3380395818748365,0.9102093511414988,6.47,45.013333333333335,1.84,Small
DRTS,0.6290156110471162,12.34000015258789,69.16879964856804,7.617844648471704,0.5355954362760739,-0.3553544244159984,2.6742294943173586,0.0810391309349242,0,12.271123346081453,19.342359480584896,-1.8274045128141705,7.137646049180624,-12.544291616097237,5.875302625078763,1.0282544037647134,12.39,44.96333333333333,1.11,Small
PTGX,0.5850609703293219,131.27000427246094,54.73991468894219,5.3662406991129545,1.2869134471946286,-0.558406078108687,0.04570545946563956,1.9730414507218192,0,7.017824030945853,7.704305243330316,-4.782291909573477,4.3523710421142,-6.966691286868838,0.12125163696139862,1.1585126798802299,95.84,44.95444444444445,8.44,Mid
PHVS,0.5851294835069603,34.41999816894531,24.049494847410678,1.6306025231537222,1.7622373326891612,-0.04793510312680979,0.7553810286297347,1.3364297179838784,0,18.205040489916776,-4.282538806152203,-7.421877400824468,4.612560427347445,-5.95628523497792,4.288938774094046,1.0806886513848306,15.8,44.84777777777778,2.41,Mid
STM,0.6282105712401895,70.12999725341797,135.2398178354517,-3.449165923771312,0.8144347998203004,0.415270749080389,0.014262279512407432,1.8679560956509582,0,25.71696297598821,41.23732637436051,-3.376448983722317,5.710823727379068,-13.76925411940342,-1.3783163438205974,0.9344929907055856,863.87,44.79666666666666,62.58,Large
ORKA,0.6125810045801963,87.47000122070312,205.06508296816602,4.556025404388338,0.47464907379381094,-0.281051459373284,0.3887005066215374,1.9092239003318447,0,6.845810108751375,28.443470161983125,-22.163396764662377,6.2813376606566385,-10.544076178359763,6.3441071990843,1.1810860302704642,138.55,44.73333333333333,5.28,Mid
FLR,0.591439305004664,51.119998931884766,6.523498453751997,-0.9417521941746686,0.5131628154192757,-1.1084076485299688,0.11737358087544403,1.7996909288876257,0,22.511159925632985,18.03278067598907,-7.210401828928696,3.8550744626597853,-11.095654031311788,4.254914166726701,0.8514259726667748,147.98,44.727777777777774,7.14,Mid
ASTE,0.5986176174876872,55.939998626708984,9.468221205942129,-2.204508701932462,0.7349917993803616,-0.4363140733222789,0.08938011849678623,0.3575204739871449,0,49.00695925383442,12.531393576826167,-12.575439037111833,3.908524126246239,-14.620731249210248,18.486618502638997,0.906660686862252,12.17,44.72555555555556,1.29,Small
IMUX,0.6436573433165989,14.6899995803833,112.00466113062492,-0.5012219339418018,0.7073403717063821,-0.23103946907684111,5.786251910768845,0.13615015884015777,0,9.320465379747723,60.89813138708675,-6.4213590570312205,5.782845003935866,-7.26010455210826,-22.141373592082072,0.7643364791386761,3.39,44.62444444444446,0.2,Micro
ANRO,0.5949545861302374,27.799999237060547,60.9252482734179,10.435781123385812,1.7960598409768054,0.3309645395357352,0.8273365055400409,5.6834531187429,0,6.263782362613821,2.810644584958865,-6.8001911432067725,8.28031913530808,-3.639518649875642,6.196415284415066,1.3361431503622663,14.13,44.54333333333333,0.98,Small
AGL,0.6274293025301597,122.61000061035156,385.49759393034105,9.214805024034435,0.6946532053964705,-0.06929204259613968,2.4549401526972954,3.6538645580259645,0,0.0,102.12660883242835,-0.17712952063921655,8.420252031096163,-2.4659919629888347,-117.0304049747092,0.9505230315827926,50.75,44.51333333333333,2.05,Mid
XMAX,0.6138210265073235,8.609999656677246,40.064341338755206,-0.22597257496593526,0.7772564319939257,-0.482319471533867,1.2775802677200239,1.6260092359423588,0,16.05640599107307,-2.047785050471802,-0.9876533324516011,4.5213215366331605,-7.5188048476273295,-2.23048713705555,0.9600924501296177,13.29,44.501111111111115,0.55,Small
EAT,0.5535463305236415,185.3300018310547,6.926431089408269,8.083991401563036,0.9822353779730278,-1.0238326928652386,-0.2913685214454119,0.48562518015244094,0,0.5001115009566712,25.39242084176439,-3.2262108670106917,4.253801867970468,-3.3027244652365013,3.90173556689339,1.0287314136493058,189.65,44.367777777777775,7.95,Mid
VIR,0.6259047892555122,9.489999771118164,53.32463592378372,-2.9900353728469464,0.879752823037979,-0.26408750890206395,0.31612947698534744,0.21074293540147881,0,31.358056922033118,0.0,-11.149826670329459,5.093330162745394,-18.610635544643355,9.251098194964777,1.0909129612239854,18.28,44.25555555555555,1.6,Small
FNKO,0.6348878864924494,5.550000190734863,42.32857506101573,0.2574197059758933,0.8727013172409306,0.513381043784665,1.8018086128834467,1.5315321659548027,0,6.548607956536818,5.91603879958544,1.4869873975736576,5.406693723195708,-8.86699422388174,-1.133791212098718,0.9163321743427963,4.28,44.16777777777777,0.31,Small
RCKY,0.55571734228932,39.77000045776367,22.82474788547264,-1.6008099612688274,0.7904029318012501,-0.19867612647923988,0.0,0.20116125253163883,0,46.764792032806085,-12.862811923295972,-1.8703242606488284,3.802219534694636,-17.693824469096526,1.0362623920245693,0.9682454673649855,2.33,44.01555555555555,0.3,Small
LINC,0.6133861966269465,53.5099983215332,105.91573752796431,5.626778770163349,0.6846859350916764,-0.6937680288126482,2.6817443810061437,0.9325299014427586,0,4.697740600206968,18.673759459447062,-6.890574647811594,4.397576566757077,-5.023077428718227,-7.194941974514214,1.0857161951253504,29.36,43.882222222222225,1.7,Small
LB,0.6268667041388389,78.73999786376953,47.58396215318488,11.580316616032924,0.6743786325946667,-1.381319119573944,1.7145015376297343,0.6476943366341178,0,1.4316758525562583,29.27269423860004,10.0591732263069,5.578031850086145,-7.566972901005296,6.925655467671028,1.1836559258490458,30.74,43.782222222222224,2.19,Mid
NTCT,0.5643823058079491,43.209999084472656,51.67469044139794,3.3929921366695766,0.8515120757991432,-0.7299979912134809,1.4348594300028075,0.0,0,3.729067739808145,43.79367780729923,2.5832924724767836,3.6086233524453704,-4.571554219486768,-13.620178185572628,1.1231780221826029,29.02,43.62777777777779,3.09,Mid
ALKS,0.612408279020335,51.599998474121094,65.07408974894086,1.6278141515484474,0.7039986271536466,-0.4136966013056024,0.35852980379488564,1.8023262260834763,0,10.820234661065111,45.92759497452054,-3.9295431942085775,4.325166093001098,-7.310939156850016,-5.013356532942055,1.032344839794998,122.58,43.40666666666667,8.6,Mid
NTAP,0.6204860809750395,174.5500030517578,58.07929690825831,9.014555480085022,0.956191344147813,0.07589279797120489,0.6416471484385945,1.1228825097675401,0,5.081624773248169,0.4533582866091878,2.041953549128635,3.944572625774931,-9.2049215625082,-2.01318408073518,1.102747748978353,603.51,43.035555555555554,34.2,Large
LIND,0.6540121441307107,26.18000030517578,65.17156637627248,-0.39757093131086146,0.7211856002133368,-0.2596135708759089,2.1008373973578744,0.22918053949842437,0,13.539553548428646,-11.464320001758953,-8.95521708191325,4.556366595608581,-12.733332315656284,-14.139227386168397,0.8449315761805735,23.83,43.001111111111115,1.72,Small
TBLA,0.584225612915457,5.489999771118164,19.97564210919367,8.390913850734446,0.6919341743787423,-0.25164551099646254,0.9107416388546419,0.7285967853072327,0,4.17676456308549,15.336124096247152,6.329108192417575,3.9786615424847662,-3.8528943173470593,-38.5638311429737,0.8730444823648679,19.63,42.9888888888889,1.5,Small
LPG,0.6399945049819735,41.630001068115234,51.4036528654487,7.198498595799381,0.866194282203773,-0.2043397919190257,0.7686756824554166,-0.7679517788372446,0,15.025297363862105,-12.761944670316039,11.506964164972832,4.6324772093083535,-13.487111404182361,-3.2684856793162522,0.908736686878844,30.01,42.97555555555556,1.78,Small
CCSI,0.6332967215956733,38.099998474121094,63.65675648114228,5.014364330495919,0.6658008615646105,-0.5822956504682227,1.7585354605199857,0.708662647165142,0,2.04256560830157,66.37554195689809,4.711298878479592,4.573490367467071,-7.9710215701689995,-9.31221728291676,0.9499569248181458,6.54,42.937777777777775,0.7,Small
RLAY,0.6078530439752947,19.079999923706055,129.9009189779208,5.334345699804319,0.7242531219297208,-0.7053950762669499,0.3406736599272737,2.2536703714499926,0,5.010875046503973,58.0778823988458,-16.6779216534685,6.890536881654914,-8.225112633169228,3.472220740014409,1.2221065878084785,84.33,42.546666666666674,4.16,Mid
TEN,0.6583015545384111,39.75,49.154107227633226,4.087563608438514,0.8220018928493198,-0.7146985138133182,2.792454365594058,1.2830242420569524,0,18.532079414838034,7.171743964403287,-2.4503501462422927,4.3162617507756345,-13.304250113401958,-8.161257792124935,0.87989904643977,12.47,42.43666666666668,1.2,Small
SLGL,0.6215179798999825,75.38999938964844,21.08517253786395,2.042471638136628,1.0476384543360224,-0.691200806840143,0.0,2.0427124658106433,0,34.980734177799306,1.1946300532033438,-0.49019689321754206,6.671499546642819,-23.047873379073287,6.077795710825689,0.7545115295688657,2.34,42.410000000000004,0.24,Micro
ILMN,0.5940387240286653,191.1999969482422,26.637955496422205,6.923162345372178,0.8743671432269939,-0.002450174327105416,1.5585751961754273,1.0878670838090365,0,2.796839159936169,59.70597644345914,-0.25470811890265144,3.900179152825041,-2.776368662750822,-9.444539254978961,1.073643655008616,374.34,42.391111111111115,28.93,Large
TEO,0.5923680341376059,13.850000381469727,14.104192056014341,3.8230912408557307,0.41738618891767115,-0.5259983140106597,0.5776167617100754,0.866425142565113,0,21.011406859549613,-13.32915658103471,13.564879536797777,3.914388339279362,-15.238676546593648,-0.4187620811379505,0.7660209971488527,7.97,42.338888888888896,5.97,Mid
XENE,0.5715621283879075,67.30000305175781,50.7702693358621,11.93254562305052,1.4779761947672574,-0.2518159946633734,0.44576974465013636,1.2332864686559264,0,6.165453592898561,7.233914677455587,-5.1631526298235615,4.110485919694723,-7.376824029907005,0.07137921997347195,1.44271764074837,104.37,42.32222222222222,6.51,Mid
ARKO,0.6306740566059037,7.650000095367432,55.40682194170326,-2.715073579188668,0.6723228019601616,0.03204920869111388,0.6535847899438431,0.32679862813730975,0,21.51699460493447,-0.7782093706212141,13.557358756004703,4.555554782840926,-12.621359274737559,-1.6666692059944237,1.0232833960089374,6.99,42.19222222222223,0.86,Small
CGEM,0.6495005015299521,17.770000457763672,54.129947810461964,3.223936648226967,0.5141011894941333,-0.6052560571731052,2.8137309346743087,0.112551813434581,0,8.395282967386004,18.230211399135694,-26.277368450019996,5.460244945940261,-8.54348852935675,-12.796935262511564,0.7837212508410965,21.01,42.1088888888889,1.09,Small
CRS,0.5892965251715044,576.8699951171875,66.81239372205685,-1.9492200689542822,0.6617569298179171,-0.647313875489828,0.5755208889896511,1.471733719247366,0,15.651919000586298,-2.519523039224169,-4.680409224367203,4.050924767819911,-7.846770057572034,-3.9560957399450833,1.1174436078639316,422.75,42.03555555555555,28.66,Large
PRG,0.6001440027326826,45.209999084472656,32.358959160110736,5.937761885430434,0.7690831154060283,-1.1694865162605608,0.9732414295660451,1.9796515723692256,0,6.479186835957464,-1.9518575448843956,-1.2201485335034445,4.671060553845308,-5.021007281959493,0.33491709873422826,1.1903681279931175,23.7,41.913333333333334,1.81,Small
ELMD,0.6097709767782801,44.34000015258789,45.060752911160094,5.552580547111121,2.179988727911656,0.380665785797871,4.194635592648183,1.3304036274597328,0,12.743142997139826,-2.869663372343332,-3.3925744666213635,4.982570663247639,-6.455698891815002,-4.4729738109119985,0.9845152247246077,4.07,41.876666666666665,0.37,Small
LILA,0.6194294960263406,7.239999771118164,42.05537426144426,6.781917828723927,0.602536444010546,-0.6515128407110691,0.9668532301748597,0.13811812651137925,0,10.2490934533438,37.121202330591295,4.752933116261882,5.5840563827026655,-10.672422206858872,3.8177199374020323,1.1100978766842982,6.33,41.58888888888889,1.46,Small
JRSH,0.6374359856620183,4.519999980926514,41.49458915998936,-0.5555251260252148,0.09777442925710292,-0.10616933587540606,0.4424774558956808,0.9933615192534893,0,4.174926702803745,20.533332819231475,-33.81503072417296,5.601930883056455,-17.367456042592963,4.297993711574248,1.0460791514195786,4.37,41.586666666666666,0.06,Micro
LASR,0.631799432302481,71.4800033569336,69.71311596730241,8.35885539015825,1.2891893575473412,-0.7339659574229352,1.1891416258960654,1.7907195698940015,0,18.179408041156226,16.473854653485155,6.4025358589366865,8.565232318910262,-17.791827641281387,5.239794005175887,1.0370732643097198,96.14,41.574444444444445,4.03,Mid
MRX,0.5987677362537708,65.68000030517578,64.59037211104317,1.7998645525369759,0.7080372718420126,-1.044764882464112,1.8803297877503775,1.141900116479565,0,4.572953431792482,53.00221750488936,-5.390581046777751,5.751477518965913,-7.726889542486844,2.7553819919485383,1.2948230830821579,63.87,41.553333333333335,4.72,Mid
FLXS,0.6008465931308097,71.62999725341797,71.0996101481643,3.1862722402756756,0.8902797448193714,-0.2701824020400284,1.7311153305859595,1.5775475313846579,0,8.398654302645285,25.481968599146732,-2.7900980264893986,5.282103268083629,-7.203012063818454,0.2531612438769548,1.2524770047253464,3.75,41.46888888888889,0.29,Micro
ESTA,0.5781217331299543,86.58999633789062,17.807128135960237,-0.7735090562678882,0.5643583290174876,-0.5173253650483184,0.2425211841455388,3.16433535006272,0,18.223364247626883,-2.025346199518992,-4.7723377136908045,4.147625171643448,-6.732012329239911,-4.954104126326532,0.850622521185528,56.62,41.39000000000001,2.55,Mid
PVLA,0.5914366440917582,149.67999267578125,53.076212982840374,10.078245087444742,0.7695374728111866,-0.2635762193309151,1.673573627319587,0.7883436220693332,0,3.032343475382895,0.9033277409750854,-9.217901851163614,7.25819916745983,-7.2499763619754605,11.736287662312607,1.2658385218226111,41.14,41.348888888888894,2.15,Mid
GEV,0.6473911796080026,1066.010009765625,62.5401066656734,-1.1615248598616854,0.7929964938969661,-1.0891748784245985,1.0253237409403264,0.801121845410215,0,21.848920016214812,49.97394316090033,-19.93346880548016,5.755298222236487,-10.864252220536912,3.49157963474849,1.2123900382629835,2928.97,41.16222222222222,286.46,Mega
AROC,0.6414754452771465,38.529998779296875,42.66633007943388,0.31633279039233136,0.6295053927258677,-1.1099328732025422,1.3236395994748942,1.2198220111187816,0,16.95582617234083,-8.152567154617167,-4.01529963440461,4.601239163521202,-8.761545827513643,1.6774247603158532,1.2375572299768578,77.35,41.156666666666666,6.75,Mid
MOG-A,0.5803436919545645,391.5,34.963814664908476,-4.529542333655664,0.6905461929666211,-0.27354816241141644,2.4750886139983077,0.8071529149684046,0,18.638174284914935,34.46185374055114,-2.0754192768308863,3.67724678416775,-9.06345582303313,-4.971622676780869,1.0454017117368246,118.99,41.08666666666667,12.4,Large
JHX,0.6089632488172446,25.780000686645508,3.826506533244345,1.9093195328512886,0.813292557793943,0.1439415334026212,1.0473252543125942,1.7455420905209906,0,7.758461234590852,25.20641328481602,-1.5748076308155736,3.8623507558658816,-13.576933447144338,2.477372384035986,0.8453319625098409,192.46,41.074444444444445,14.96,Large
ERAS,0.6305610992272155,19.5,179.56394366423766,16.13710053134288,0.9688626605766503,0.7862052430721905,1.0769183818558312,1.487174400840201,0,5.8978324906886135,96.96970454959694,-7.3309588534888785,6.344688681019095,-19.68698744344655,2.3474179242367565,1.1157984087786073,105.29,41.065555555555555,6.06,Mid
SAH,0.5625692553140195,92.37999725341797,35.37227674797838,8.095453797557406,1.1124167607209499,-1.1086283889043036,0.27603906732125894,1.0391850108295444,0,2.1209475416875403,54.61330237340359,4.299290439112993,3.7782617275988466,-6.705715627840639,-1.7523724668905374,1.2444918702332908,26.18,41.056666666666665,2.92,Mid
CYRX,0.6126040107776067,16.06999969482422,43.280436335601436,4.147761667249574,0.622920984403937,-0.24059004762657055,0.3733632052150794,3.173616916833914,0,6.746239109938814,5.377047178822612,-1.0259957138747524,4.573738262319736,-3.9450081615748567,-24.366471188946477,1.0305672779429005,14.05,41.032222222222224,0.81,Small
TXN,0.6136917934594488,305.54998779296875,53.525321061364075,0.5421118532836791,0.6931303095856461,-0.6003553904777305,0.5056499720026735,1.1994692108497258,0,14.243937611888699,7.0490122388684044,-10.348035390303222,4.915841480890418,-8.526183603365642,-1.9956313202640992,1.0537984647645964,2670.43,40.99222222222222,278.08,Mega
PNTG,0.598062901963495,39.7599983215332,32.44617432868424,7.7944911881069485,0.9078851614865515,-0.24076722557569002,0.32696447082483604,2.917504769497694,0,3.8521836506159013,10.721243359435256,-2.3744372304457633,4.119716970613247,-4.574478058560339,-14.080459419672595,1.02952763288605,12.27,40.974444444444444,1.38,Small
XMTR,0.6236629756040599,97.1500015258789,45.578488222368364,4.694553162481298,0.835124433073406,-0.182711937244009,2.5733401551294,0.1544019799499485,0,0.0,118.6093711224925,-5.253477189329882,4.8762589187934795,-2.7332757334635462,-53.11097971246821,1.063136508583515,93.13,40.96888888888889,5.37,Mid
MAMA,0.6224923384182137,18.6299991607666,35.857654491072765,1.97602086684349,1.2893838512368054,-0.3996143045657716,2.1470726598376464,0.3757364357153357,0,11.111852462584256,4.369740966856799,-21.596239745753028,5.870715074409782,-11.285718281526387,5.637767869352958,1.0976876574572778,11.84,40.952222222222225,0.87,Small
URGN,0.6150167886587466,39.189998626708984,75.52593791872333,8.381669021249591,0.9136504090275995,-0.7923398453559554,1.684102757139322,0.7951001335963261,0,1.2537925362048201,49.29523286177536,-17.732175258049015,5.180184693205815,-2.874844835811678,-11.582040443149019,1.1561759065445787,31.49,40.93000000000001,1.91,Small
OKTA,0.6105147920017445,154.6199951171875,58.74850570941519,17.289635691051096,0.8445479210501504,0.4111057298275936,0.6014797334972354,0.7101228676925637,1,0.0,25.43197803812881,0.30097039415480076,5.243129808744775,-0.5978835849041303,-9.816694606449454,1.4011857054676564,608.71,40.85222222222222,27.11,Large
ESE,0.6350494893002788,325.4599914550781,44.953339455813904,-3.6239948511387454,0.6738175617249335,-0.8531961845571862,1.2935605245428166,0.7066883344643425,0,20.560387425481167,-4.220137163830593,-12.516739292747598,4.1477214569346925,-10.110006128497094,-2.7226354851346226,1.058011547955758,92.4,40.82111111111111,8.43,Mid
DCO,0.613618048378646,168.75,47.714943971824766,-2.2416354873835864,1.050522191076069,-0.28566975274074374,0.5066641348349605,-1.5703667534629164,0,14.924103035878563,-5.01519952628455,-0.2187921630234532,5.085504118096892,-14.178916843991654,2.9521506367995753,1.147886834704453,44.57,40.78333333333334,2.55,Mid
GHM,0.6446564517361081,107.05000305175781,41.98332780428662,-5.185773205385396,0.6467220753936981,-0.3989256831763371,0.868753179500094,1.3451680526310388,0,23.39400452643227,12.28236539074682,-3.8694814669743796,5.64889579292992,-14.918134389162102,-1.9747951082549537,0.8812307572435448,28.21,40.76111111111111,1.25,Small
WLY,0.5939687398694753,49.27000045776367,50.60954941118543,2.927612765119735,1.2056842228425462,-0.19594960426304114,2.070226199038413,0.8321490635163625,0,7.628914615599491,2.9417191470161264,-1.8564711361166955,4.59891849168661,-7.422023059497117,0.5619276514960678,1.40946111098603,25.65,40.62444444444445,2.5,Mid
RCUS,0.6029959735344929,28.329999923706055,25.942965255466156,-0.3429775507309369,0.6755162288496738,-0.8846171640954174,0.9177558403559849,1.729614445536389,0,12.834906271964844,-8.612903471638116,-14.411766449515612,5.672937769814787,-10.729480450766225,2.8235267189264976,1.021979174434098,35.5,40.43666666666667,3.56,Mid
CYTK,0.5891576664634648,81.93000030517578,22.169448252327186,-0.2173947928269874,0.6448554919361883,-0.45599281446784895,0.5370467957548429,1.5134845101130332,0,10.932328004139533,6.278381368716519,-12.858156018158137,3.87264239025467,-7.224546970588001,-16.132561353340964,0.9012144149161199,232.3,40.41777777777778,11.12,Large
FTH,0.6251012519821619,33.119998931884766,176.25092624404536,34.98532272897127,2.8905697555239183,0.04044064090855922,7.0954062495086205,3.426927409729673,0,8.279836873319525,26.171424501421146,-78.38461948672132,12.072766520923091,-12.612143539371983,10.743803606606072,1.2294951624638468,2.92,40.300000000000004,0.85,Small
DELL,0.6071819426640627,457.5400085449219,273.2641960920113,8.576306030675596,0.7426372167811184,-0.2843397128162734,1.2698337741125907,0.021857346165955607,0,1.978641618475167,8.70257408092649,-5.849782264163114,6.61659572581449,-2.541161872906852,-10.203401596314823,1.1757791164113467,4272.19,40.224444444444444,295.64,Mega
DCTH,0.5706713009970046,13.140000343322754,18.18172008957346,4.0957014254379045,0.6179183375823777,-0.8053640489426843,0.4566169282355162,1.8264822285324973,0,2.828018961847958,1.5456010000741653,1.7918091582287365,4.2036289328605525,-4.366808134982334,-8.285160376809063,0.9491626050384626,6.83,40.21333333333333,0.45,Small
HPE,0.6257434871219949,49.560001373291016,116.74744999028779,6.602770271379005,0.6997806963324497,-0.2592438738034748,0.9786052909713728,0.5246209221562764,0,10.382645678614912,-11.478186784375746,-0.771454093775365,5.331200920699789,-22.638133118411485,-3.232537425341596,0.9760599339927241,1413.03,40.120000000000005,65.63,Large
WSM,0.5518523360738029,220.33999633789062,2.595267945225732,-2.885792703942668,0.7605904628927432,-1.0124692767098866,0.7079956360689138,0.36761258602725283,0,16.276698485569522,23.98718313289832,-1.1273169670467158,3.2517921642845242,-9.936643435511535,-1.2195747327329076,0.9146248507762068,272.74,39.82222222222222,25.94,Large
STGW,0.6173950497981341,7.590000152587891,35.67384644736915,4.863224171593748,0.7690807974520206,-1.1155626334166715,0.4611310501168369,0.32938201398604416,0,3.460694183120172,23.214291239705123,-0.45248465232034646,4.51251555262742,-6.064353659458604,-3.030303951644985,1.0810809158870665,11.66,39.80666666666667,1.88,Small
CLDX,0.5758407174347218,38.16999816894531,30.51073980115737,5.917443704337462,0.867030847671586,-0.3924728084227329,1.3492256073880116,0.24887977616058526,0,5.243580482932478,22.89117458153921,-6.843618030867937,4.526741230421889,-5.285362551827536,-1.3381952931938401,1.1436968114625454,37.61,39.78666666666666,3.0,Mid
IBKR,0.6111315489464215,95.61000061035156,27.06045866035962,2.500054810840052,0.6071103123978014,-1.1831343196329978,0.7739753781380825,0.010461391242038355,0,2.703815545782688,26.39793451129228,-6.618216383373896,4.1343550424053985,-2.279227116704886,-5.2955998646746005,1.3022371275110658,469.75,39.55111111111111,42.59,Large
DGII,0.6231394687809189,67.62999725341797,56.69986110255139,-3.5414305728405857,1.2295879674253276,1.0138179428123884,0.13308290838245848,1.5821489984591874,0,26.244119470478832,-4.138916615150593,-0.14560057320224237,4.4623047766690105,-11.490650422426793,-10.688789731984032,0.9814668094523142,26.96,39.531111111111116,2.55,Mid
VCEL,0.5625116413950829,46.09000015258789,10.630419407057845,4.896616244025534,0.7738184150155905,-0.12141475865155263,0.737679185848642,3.27619508895935,0,8.02129549874589,-0.30283234054005115,-8.035243485624582,4.193658569213155,-4.634805697402487,-1.151746418484496,1.0066500470935251,30.64,39.476666666666674,2.35,Mid
ELDN,0.6339220225228589,4.050000190734863,125.20646965638657,4.718814369676416,0.9699276512122367,-0.323159868632971,0.0,1.7259267296037293,0,3.7199828473413383,7.142862997810942,-6.7226894665937165,7.035096996074058,-11.956515764799173,-6.043950104144366,0.9220191219282258,5.78,39.43666666666667,0.31,Small
LNTH,0.5824927358115165,102.37000274658203,42.62699526244804,-3.623643122864627,0.756867459780753,-0.5548204570997839,0.0,1.4945847099994776,0,20.894464427920408,27.946506703000008,-1.6073482195917719,3.7813806472825457,-8.483817103436065,-7.539585259113305,1.0897652734108227,107.18,39.26,6.66,Mid
INSW,0.6115200362025448,88.12000274658203,67.81490040132512,5.189653053810558,0.7579360887750068,-0.6729092896906778,3.1660168145880583,1.5773937202771802,0,3.1877846996551678,10.828827039258673,-7.80392800767099,5.331924229739957,-3.0688563078654907,-8.716091962415081,1.2116266610487174,53.21,39.254444444444445,4.36,Mid
SLN,0.6228429046749017,9.75,67.73285036243178,6.656457139757564,0.8783966296013963,-0.025970353517061593,1.0256449380458472,2.564102563839579,0,17.930049895458282,6.441049807333429,-12.556055983224173,9.10769277439886,-11.844487972846336,4.9247624662534655,1.1549594680107702,3.7,39.13777777777777,0.46,Small
RELL,0.6187576302251178,17.5,58.42005230522855,-0.7120366023970158,0.4875070506805644,-0.23879488770144686,0.11428833007159422,2.3714229037428383,0,19.35473647513707,3.183967833995284,-4.330485822663908,5.875510001669125,-11.883184983401437,-3.1944484986229287,0.9683936831603198,4.21,39.11333333333334,0.25,Micro
VIRT,0.6197509695667324,59.56999969482422,72.76388629555186,-3.7890046303852745,0.962069695416718,1.4136618654314996,1.544398478500921,1.544398478500921,0,13.339239731706856,22.30579271613744,-7.792436240230946,5.16654956088488,-12.422812944933167,0.2416374911177927,1.2388598082620452,79.54,39.10333333333333,5.18,Mid
INNV,0.6063353001627597,11.609999656677246,110.15900438195662,8.186177611749727,0.6862242400917864,0.07696561828493904,2.024122457197194,2.0671815520637113,0,6.659491424032322,49.228783330212224,-1.0976990694555462,6.389198008692295,-8.148739387559683,0.8588920011293595,1.4563109433731098,4.38,38.992222222222225,1.58,Small
GRDN,0.6038246831896507,39.66999816894531,21.940141118021607,-3.4640562706802567,0.7411703454063403,-0.6212783280359284,2.3947587768208938,1.1088970629531154,0,24.392003924255384,15.353297100472322,2.7848706397359693,5.201287554143317,-9.840913252173362,2.237191510705885,1.0478476149162412,17.46,38.726666666666674,2.51,Mid
NAT,0.619569314008384,6.289999961853027,64.13627788628476,6.115562238243831,0.8176409929002151,-0.7174256862081372,1.4308450416439784,-0.953894167470331,0,3.353213078660288,25.289331361190655,-11.690649315467057,5.1328650488454315,-6.119400880936511,-5.017923574228191,1.1200630958980557,25.29,38.60666666666667,1.33,Small
DYN,0.5768196924272149,23.780000686645508,24.92346209421683,9.901793560882593,1.060522286405524,0.14735968288555584,1.640031027631782,2.3969789137516138,0,3.0836695127154115,20.22244621304983,-14.733371227838132,5.125555293555166,-4.879997253222769,0.05697049554007868,1.1954908177680044,44.44,38.336666666666666,3.93,Mid
CXW,0.5882932065961264,31.360000610351562,45.58518240281266,4.348985586038858,0.8222946111862108,-0.6060004839774223,0.8290762642367105,0.35076724555848676,0,1.0966624444468709,61.15108985160506,-9.409591147866086,4.418730736665434,-3.8036746066593965,-6.647119604796132,1.3547455816537417,41.94,38.242222222222225,3.1,Mid
SEZL,0.6182987055101686,182.38999938964844,127.45074167329562,9.680890756495055,0.9524055920898854,-0.0010329485032588227,0.7237279064799591,2.258834541053954,0,0.8990370105252292,115.3364887367688,-17.912588409141396,6.921311113065043,-1.4108111407229484,-25.4020120704184,1.319560720010315,126.97,38.154444444444444,6.13,Mid
ALNT,0.6232272462432038,88.77999877929688,41.56717318357983,-5.296788295468848,0.9372910193830876,0.7735205608021393,0.1914911023602914,2.849739596818245,0,20.7105121253144,-9.06483532008971,-8.109878307857375,7.112686254533183,-15.164837568115933,13.625619452977586,1.157672801403741,25.83,37.98666666666667,1.51,Small
ENVA,0.5758809476339358,230.63999938964844,33.825181478503396,3.5390661672151076,0.9708928232536098,0.32791567437861935,2.9049587955010407,0.32084872316994417,0,12.83382507158731,-0.1731275571789292,-8.139229658793766,4.122317140616639,-6.388507663431012,-1.8239751319735678,1.405366174210808,76.15,37.92222222222222,5.74,Mid
JBIO,0.6406562113508277,21.34000015258789,48.82599644589254,3.479210388758125,1.0400023171422166,0.6868599665230639,2.6241774222678727,1.968135301176794,0,34.437899457619785,26.872773718811775,-26.792702537165685,7.567948305004478,-23.785713739908044,0.7377061802562702,0.9932511200837715,23.52,37.76666666666667,1.3,Small
SIF,0.6154896222088999,22.860000610351562,292.155070676501,2.044463700800104,1.4679181303961482,-0.37785639628009443,2.1434810061852994,3.324585339269167,0,9.689148051279851,158.3050804905404,2.2412938899467005,8.52393449515122,-16.079292207813463,4.307691133674214,1.3612889316273653,2.59,37.65888888888889,0.14,Micro
ASTH,0.6082238960893787,49.0,63.455561202427326,10.592005853802075,0.7987131172797232,0.29873366146954045,1.9999990657476086,1.9591818050062542,0,4.1167322157587,86.17021492129447,-2.5116552239911463,4.632653439357746,-5.038756881697742,-5.682491142450495,1.4068990834013375,29.88,37.59777777777778,2.43,Mid
TGTX,0.6025885091932025,54.88999938964844,83.9018554805588,0.5965401528839421,0.6842421012648898,-0.14603569277634648,0.5829836006132966,0.16396457202953418,0,9.005741062890573,3.137914563339557,-9.854606265965026,4.391510060185704,-7.436762064208658,-27.368274364694283,1.134024237640601,138.27,37.58111111111111,8.4,Mid
BAND,0.6144601860695341,75.7699966430664,429.2415985890644,23.838549306225897,0.8832442355922934,-0.31262313485857657,2.2832300825620684,0.8182694655438975,0,1.794328899705576,46.33062655246356,22.22221832973083,6.841005246386704,-4.185641263663435,-31.9750068414399,1.1227861507619317,109.71,37.40888888888889,2.43,Mid
RAL,0.5993115278126897,67.54000091552734,19.95231869525753,-3.0175966100543947,0.6583098802855213,-0.7934351313097529,1.0364183280176638,1.1252622533567256,0,13.921887237663721,76.27500452306194,-2.4818392012405965,3.866493117496467,-10.436284795503918,-0.9683140305505364,1.0842572467544593,119.57,37.40777777777778,7.56,Mid
TWLO,0.6367617771970483,217.8300018310547,56.89128995462496,7.919443799430007,0.6750611615290266,-0.3933243178537155,2.2402813394708354,0.6105687094838796,0,7.924062441958051,18.812046570248537,10.015681231827466,4.854211423644377,-8.659004640368323,-33.10145250130685,1.009590619239515,585.94,37.39222222222223,33.06,Large
AMN,0.6364766332957246,32.5,103.38196499719604,0.19422238774153858,0.8087183809857589,-0.8599570688164244,0.2461594801606951,0.9076866736499558,0,4.896270457501005,12.185021643740287,1.4935035579618479,5.22088145161723,-10.3942663636023,-9.672699149513377,1.0465543548073968,37.91,37.324444444444445,1.26,Small
CLOV,0.6186433386542993,4.820000171661377,76.48704375634827,-3.6096353635091507,0.673940127070993,-0.6153516662756231,0.20746372793502085,0.0,0,17.369662783986026,-1.4314866405142073,-8.668072847190803,5.778009754979906,-13.774596775856907,-2.5454521169943027,1.051769053183791,39.56,37.245555555555555,2.54,Mid
CTOS,0.613618048378646,10.569999694824219,60.76533089989922,-2.6703522049411346,0.9085143006768082,0.050350711006150344,0.5203434887279104,1.7502315162361701,0,13.83445695816235,-11.474036294734622,-6.941836600761237,5.488580165409072,-13.573179962464959,0.8121819350223822,1.2581478070558043,11.3,37.236666666666665,2.4,Mid
GEO,0.6079954980257367,29.780000686645508,61.27384746462177,0.5147272663640171,0.6630976437419528,-0.9226581083914134,0.33579710933724927,0.057085956923132286,0,5.507858915987247,124.58521999521027,-4.324892823824401,4.107981988502675,-7.658912599311328,-14.640729610028517,1.184393715663639,62.87,36.989999999999995,3.98,Mid
SRRK,0.5751662745118443,53.779998779296875,18.603596548912236,1.8695636697858782,0.6824509651097487,-0.513581838555809,1.3945705039226852,0.2603186924945198,0,12.855868144459484,-1.7896266841795498,-11.33996896064501,4.604738744606063,-8.052663299586452,0.34327364366766916,1.0806258765731391,79.01,36.91777777777778,6.44,Mid
MEC,0.6442910864853372,34.4900016784668,78.44626051176866,-0.45888334037078576,0.5609067761211802,0.16456441365244134,2.5804562084967597,1.4496954933396509,0,20.34064502949363,44.008353149604055,2.170238071241632,5.751769778172592,-11.016503683861192,-13.941255499740052,0.9927676483028373,19.8,36.89,0.88,Small
VAC,0.6563056692140176,96.9800033569336,42.74645497776477,-1.1497500958689688,0.7390320772228419,-1.5065054558430626,0.6393020166221518,0.690870050671155,0,9.229661219977114,46.51153784242001,-2.4951830151659715,4.323423628359692,-8.483530961711775,-7.137891303237964,1.0911501057401365,49.31,36.83444444444444,3.33,Mid
TECX,0.6183758846305484,34.810001373291016,60.411764568242376,5.754043889918329,0.99533371330953,-0.06642751826434963,1.924728935633254,0.7899962663740101,0,7.8785412011939195,65.36818353585011,-0.19814882622133856,7.346001075103664,-11.940292313792002,3.9327797679157013,1.424224654347778,7.06,36.65888888888888,0.66,Small
BFLY,0.6241095490928739,7.75,82.93409994915754,1.0101005077563143,0.8752656279880486,-0.11185831617716302,-0.6451637513343438,2.6645168177950525,0,20.05267075185096,65.9528880669907,-31.22743737677859,9.530413755074074,-20.02063636938109,11.482258768270873,1.3614640740678028,60.88,36.56111111111112,2.03,Mid
LQDA,0.6269203292190376,76.48999786376953,104.40413432778442,0.6593027164665071,0.6685211173577785,-0.4593568346178957,0.7974906881681614,0.0,0,7.830889495527085,7.62628140163587,-5.980618146863332,5.884056169432837,-7.798940805239357,-7.829634701424048,1.079154738584923,161.83,36.50666666666667,6.8,Mid
AMD,0.6523522348329248,548.1300048828125,160.8912665828303,2.4391765314693163,0.6790332876897008,-1.1734510338329476,1.179102154183745,0.24811364812090098,0,2.520703166855824,173.8048844579574,-7.83079480520181,6.942045656894461,-6.25929519750885,-15.22468975354368,1.063677163435585,18633.42,36.46,893.78,Mega
BKD,0.5942408727905446,14.1899995803833,19.98524226645206,-4.183127468209947,1.3730578949201198,0.27205749119301054,0.4651161852590906,2.1141663113820752,0,48.31032522030708,-9.675368898638178,-4.169765101828533,4.943118889164578,-16.96899090779564,5.571025460525311,1.1086330393814101,64.77,36.338888888888896,3.39,Mid
OSCR,0.6469764341814949,31.06999969482422,66.34212448449581,3.5166317945012953,0.4827852988418011,-1.1917224234835653,1.0276846100758836,2.944959823419908,0,3.67966193877702,141.22670355085324,-0.9908021385981375,5.579175902605019,-6.132927108207212,-13.055264757067759,1.0934717501271476,237.7,36.14222222222222,9.37,Mid
AMCX,0.5804284118055345,9.819999694824219,6.2255099546868475,-0.28432432500735705,0.6766350559907242,-0.5661596652459054,1.0183241435122767,0.5600748798887677,0,16.328083337531247,19.902322316915296,7.242059004852779,4.397002005241131,-7.793426792090933,-0.8245070715834748,0.926757382273126,5.27,36.129999999999995,0.43,Small
SLDB,0.6115663623907832,9.630000114440918,73.14400634727913,1.8024220255859438,0.6326563864111558,-0.4067948888686162,1.5057160542622996,0.25961133857624225,0,9.008436487892169,15.606244927796167,-16.246503442272058,7.384661892466424,-15.895194104654529,2.6170805951000835,1.257578103525145,18.14,36.004444444444445,0.95,Small
HZO,0.6323010990181807,34.16999816894531,14.14885935439254,-3.1050678113880235,0.5627716938673513,-1.1991980563480285,0.39507851554976886,0.4975071057944531,0,20.009188721378734,13.899993896021043,-2.4411818559713994,3.9769644519763414,-10.409022769089324,-14.335424049760704,0.8176907689987369,11.3,35.994444444444454,0.75,Small
CMPR,0.5726614315523342,98.5199966430664,16.302559316209695,5.4405899924091745,0.7718657371340824,-0.53245058967416,0.5633377223721286,1.055616444943767,0,12.917397657246457,17.383529470590332,2.4977426416361013,4.363871330860879,-7.170452093868092,-3.979204509215296,0.9930911755729235,22.55,35.85111111111111,2.39,Mid
TNGX,0.6364766332957246,29.649999618530273,143.4428372548686,-2.0223397781892403,0.6537155311023484,-0.6142133477806521,0.20235907828768246,2.4620558232839973,0,22.259813503950753,-4.138379159310679,7.886233005370805,6.559622455427568,-13.78307605439242,-8.603138902481422,1.0020733659609455,131.48,35.82888888888889,4.83,Mid
MITK,0.6189505069843008,19.459999084472656,73.3121390183127,4.857608537457748,0.5036776941431552,-0.905395325701046,2.0041177560394408,0.0,0,4.315747024800352,0.8812761061077035,-5.2279553985684855,5.336954812889679,-7.553445178815058,-10.028650534415188,1.1082024909063024,23.03,35.715555555555554,0.88,Small
TWST,0.617115753982882,92.52999877929688,153.07863121747977,0.33397649698203985,0.6660010548890088,-0.8599452779116248,0.16751192190643374,1.1888019978611788,0,8.958202464626632,-7.321712566756465,-11.815675746663159,7.451253314559761,-12.268893800622727,-0.15397801781281745,1.2423490537829558,171.06,35.686666666666675,5.76,Mid
LXRX,0.622818187685126,2.119999885559082,72.2989930310616,-5.251401760375588,0.6172006471380828,-0.39453722159412463,0.9433953772033041,0.9433953772033041,0,33.18129119150188,-16.862748024680766,-11.97917413041083,7.210244133569163,-20.895528620891586,-4.347821899214828,0.9575925372826892,7.59,35.663333333333334,0.94,Small
SIMO,0.6506921384561356,308.4100036621094,165.34391759679846,-1.5373892981987487,0.6345455598942445,-0.5415904596819742,0.0,1.3164286211120035,0,10.50828696224496,42.087738024678394,-20.11123591782101,8.61793512816239,-13.123942630354756,-11.1648445466124,0.9504738950574888,317.13,35.43,10.46,Large
KOD,0.6212388924678298,43.2599983215332,47.16301884077561,14.940080837798572,1.0932681457060682,-0.030315313952301345,2.380958469565253,2.4502949600014667,1,7.421416011139508,8.802817272797629,-7.545506726738103,7.3954822730764285,-9.573582392037677,-0.4599833602587167,1.0933762636211597,33.54,35.36777777777778,2.71,Mid
RNG,0.6463004847819103,41.29999923706055,29.780937926999364,7.363356908815627,0.7089850128619697,-0.6315398219718733,1.549635354614336,1.2832900461858794,0,20.059567561004936,47.4106776372065,9.834366710627366,5.178138250622026,-17.024707727559267,-12.854298151527955,0.8241217973091141,73.4,35.30555555555556,3.46,Mid
ONTO,0.6150673456813909,319.32000732421875,59.475743522581915,-1.5205810488945708,0.9206385108503762,-0.06617972071861387,0.9175725318072953,1.547038183666015,0,14.141461333611103,28.716545052830238,-7.407061217928869,9.420798842275143,-17.37307499228933,7.079910629579731,1.3301071742572355,432.23,35.178888888888885,15.88,Large
CLYM,0.6261998671204804,13.239999771118164,154.3230753842012,3.8105678574631754,0.9200343182797568,-0.23252388536585297,1.3595189446667522,1.8126871242367733,0,9.978051381447349,1.223240430681463,-6.468538040829204,6.916270995061207,-8.151232700400968,-34.121618170955884,1.0347790158063765,17.0,35.07555555555555,0.76,Small
IPAR,0.5649514395567038,117.80000305175781,26.631531516622807,7.1493568202559405,1.2976464385624797,1.3174215900899775,1.4346305332902571,1.1799654954388359,0,6.105634167201848,31.984500310235504,3.1986564166417457,3.766673432518914,-10.416100348590966,-2.9489201603732695,1.2240222421339526,34.69,35.04222222222223,3.77,Mid
CAT,0.6201436171798917,933.3400268554688,42.86316841400391,-4.485105566617759,0.7443820364468701,-0.9911514700541892,0.7103525716284402,0.8399968532233975,0,21.575791388280333,-6.429260602440615,-12.26814205102167,4.956315132004877,-13.05311228930493,-0.626890741781036,1.2444544574578629,2945.36,35.025555555555556,429.89,Mega
WTS,0.5908112164223215,350.0,13.308275071243347,-1.4849041042841067,0.5389524206734114,-0.33740226599269113,0.9642857142829592,0.7542898995514163,0,20.10817786197713,-2.577523106910868,-5.070401786533408,3.86500206772162,-11.289098083886138,2.005595385048649,1.2202410995592765,147.36,34.89111111111111,11.69,Large
WSC,0.6109027814044627,26.84000015258789,14.521436259189047,-2.6071808842364774,0.6698690897175903,-0.7104325282425402,0.3725796605718678,1.6766049193904282,0,18.81437144754125,-4.221475547888257,-3.199436731950421,3.942676803593141,-14.747438636641629,-2.915197129768317,0.9578335475795222,64.07,34.83555555555556,4.86,Mid
ACRS,0.6072050759107595,5.429999828338623,96.7842184759373,6.3350596727843325,0.8436523467470413,-0.33122639937629156,0.0,1.4732951421804874,0,4.239365048957355,22.573364300767818,-12.037036114425957,5.489344269852958,-7.179488599470843,-11.981565956780628,1.1695532828278297,8.48,34.76222222222223,0.76,Small
PKOH,0.6140464510602531,36.88999938964844,57.26007286709,0.9813430483521504,0.9166314945514349,-0.08937008170245615,2.195720755409798,0.216865905058724,0,11.85845731015116,-5.555560438538173,-5.2404253347554794,5.059441945367708,-6.20392150456907,-6.990457367720991,1.2600390386693257,3.17,34.70333333333333,0.53,Small
MU,0.6796292005289117,983.1199951171875,176.1539421136109,-6.421609728500625,0.6719786635936273,-1.0838601971332138,0.6967588514069453,3.3617450521892382,0,18.368185377062655,-13.163901791770485,-23.407464758709313,9.13082559077095,-21.651695441615836,-25.034815316471736,0.8819291086160518,53214.26,34.67666666666667,1110.33,Mega
QTTB,0.6126714656441822,18.459999084472656,403.88018089993903,37.75861848307115,4.675148492541018,0.9003662048720974,12.079634185151567,5.200428667562288,0,30.2262721231139,-13.657624839928523,-0.07910818777794336,13.827930664493609,-21.679775123588424,2.8571401805056995,1.6219794354812422,28.13,34.574444444444445,0.31,Small
ALMS,0.5981457735029022,27.280000686645508,30.57072494643014,3.753853702096346,1.2112766318618688,-0.27904187285523935,0.07294489657085963,2.1994148326449756,0,18.92109844248971,3.3333374272635385,-1.8633572257928086,6.455277255280639,-12.98245500851757,3.7667083232957532,1.2241063598327608,37.08,34.516666666666666,3.48,Mid
SXC,0.5702593043607282,8.569999694824219,2.09112743354265,3.0667427587650606,0.6614904982681001,-0.6500928759858551,0.6417772126944236,-0.4795746767630545,0,14.802289877907041,44.79226634857758,12.72158756506768,3.396400554164443,-12.012321392893673,-7.331375445756754,0.8329060153378641,13.36,34.28333333333333,0.73,Small
SKWD,0.5696413906090034,58.36000061035156,16.177427402425472,3.0521902915419745,1.0532410386503916,0.059110415222445215,1.7563425550745009,0.20561845549642563,0,15.882907623080994,-1.402260577125389,-1.538462476495154,4.155121041467249,-7.409167474718642,-0.13200782747038534,1.269002144477409,31.2,34.074444444444445,2.37,Mid
LFST,0.6052168023308185,10.789999961853027,36.913223385680304,6.536335318290064,0.6843861063935521,-0.10015183357623486,0.2780327439710116,1.7145544045746457,0,5.3317337759462395,42.536323867210676,-8.294116748507218,4.064610330352254,-7.14285655601529,-16.90885311246091,1.2355192649898992,48.7,33.843333333333334,4.12,Mid
SXI,0.6014990706936382,311.8800048828125,22.895042272287647,-2.953132068704537,0.7598244195627303,-0.8012393689201421,0.9266333479557329,1.2729258556290282,0,14.87806677574616,25.598426800234584,-5.7560303069677525,5.089412325692821,-14.292782893680153,1.6336968670702259,1.1673136829837227,64.56,33.766666666666666,3.78,Mid
PRE,0.6134294692447312,21.239999771118164,27.869962531171776,12.142129876243503,1.15574261120708,4.243507883210932,6.638417431920231,2.9661067555294394,0,8.75589036240873,36.06662548305691,7.72075885812263,8.44901765963933,-10.114259307784753,5.026925463112999,1.2148768626769435,4.89,33.71777777777778,0.36,Small
FRD,0.5950139015369831,35.0,69.56868158819142,1.8730084260112478,1.701124145856967,4.313423819510006,2.1877070835033425,1.1999947683808931,0,13.79088534560056,0.8064480686764799,-6.998848558959188,6.597082176987006,-7.821967672219915,-2.1369622670009805,1.4032121684279464,2.46,33.63666666666666,0.25,Micro
ATLC,0.6265082386729798,97.83000183105469,39.329690471102595,-2.0014401525256615,1.078355690043239,0.7277479066824999,2.8621030051395167,0.5570869454555607,0,20.73863636363636,-11.393896760876538,-7.728945228245257,7.173158141466559,-13.124943343448475,1.3474465115984264,1.1927030064063928,14.14,33.54333333333334,1.48,Small
SEPN,0.6148216204676494,34.540000915527344,27.624161835534665,-2.393531993001184,1.5031970000185546,0.7583999408876597,2.40300519494274,2.1424373020657432,0,21.701602672284363,-7.498658879334534,3.059811586768433,7.336626024842895,-9.200840998085638,-0.9259230270453003,1.0392512588392555,14.78,33.52333333333334,1.56,Small
ATEX,0.604204921082141,105.7699966430664,363.7118904358271,13.461860180073343,0.801069065969227,-0.32269504452395353,2.07053277005952,1.1156285739014231,0,2.903985298060683,207.11382363113188,6.642428311354144,7.107538256073418,-5.478109740096871,-10.120031913143883,1.399054749058656,50.31,33.19333333333333,2.06,Mid
BCAX,0.6184601062914883,28.100000381469727,47.64837144370438,4.3736667885563385,0.7132420867084932,-0.59280083516936,0.7829224829490518,1.423486167565373,0,12.491260527702783,4.577593985016206,-13.185793602818519,5.768174663795384,-9.325586998708475,-6.9972207328559755,1.0645341982695251,20.76,33.18,1.85,Small
RDWR,0.566105222601303,31.190000534057617,20.36060651047238,5.608886279162267,0.9108649071751299,-0.3535535278514954,1.4748287161958091,0.2882303993849082,0,3.6124736418913903,23.67169461937762,2.0545516581314214,4.582489533454042,-4.879537471019919,-5.820900812099834,1.1373361374784334,7.15,32.736666666666665,1.31,Small
MIRM,0.5894913954839054,120.88999938964844,30.746633308200156,3.269620744096604,0.6501973673900175,-0.3248791942073775,0.7651609367361507,3.17015260174942,0,7.706086942530832,10.745690119011249,-8.480542874584755,5.427684080838134,-7.007692777139606,-5.775360073501469,1.0911275355743715,132.99,32.70666666666667,7.37,Mid
SLS,0.6126714656441822,13.390000343322754,278.0966402786425,15.083801454842533,0.7792480985244931,-0.3463409621774002,1.829722772658179,0.1486207725818826,0,11.75110806581814,-13.333330040390667,-8.939972107233645,13.184145694489215,-15.680099200358397,0.40404003420441376,1.7028877268313847,137.11,32.703333333333326,2.63,Mid
NWPX,0.6293655783999087,138.2100067138672,100.70205342368797,-0.8689426832270163,0.975903765662781,-0.11771857929943409,1.005715449038406,0.9695364103809729,0,16.488202030295458,-6.621166243236311,-9.367474965922169,5.337632885889729,-9.090305976652262,-11.328053115492558,1.2333067415723062,25.99,32.62777777777778,1.33,Small
BBCP,0.628623380783217,10.430000305175781,36.77281339759353,-6.499325079274447,0.5993615062736147,-0.10767225935041287,0.38350873134052244,0.09587946872748059,0,33.29644435410409,0.0,-1.2589959060339067,5.175317754711368,-14.438058536896174,-1.5151500554035704,1.1808765672028998,3.72,32.61888888888889,0.53,Small
CGON,0.5776106808640921,71.7699966430664,23.519381081691158,4.471740795337595,0.9801309819814329,-0.07521652675127058,0.2508016073464075,1.3445679016489214,0,10.845686691200608,-0.2640389714021103,-11.23236815369973,5.850831973674905,-6.792212151773599,-3.6559821987861785,1.048156208243439,77.49,32.608888888888885,6.33,Mid
NRC,0.5861293664656542,21.979999542236328,4.473266239847207,5.746376384220538,0.554646245697158,-0.2205938310562375,2.4112861585959373,1.5696056438757076,0,3.6015764958796126,4.1003741571748415,-3.7253777198639404,4.429390807268931,-4.43478459877967,-13.79100892324215,0.9172300348139178,2.95,32.587777777777774,0.5,Small
ASML,0.6197171190068402,1775.6400146484375,30.97944355785758,-2.783229190190645,0.8334007495301725,0.9028771617986556,0.6096434611113831,1.451872512681841,0,17.268962537276035,25.22597815824634,-3.5255265192987175,5.076921213948996,-11.21622185795151,-5.393365199077435,1.0631294658429744,3432.78,32.47666666666667,684.36,Mega
FLYW,0.5916063917444702,17.59000015258789,11.417054437883966,2.7333259907763754,0.5929528814731093,-0.8662299701957401,0.6821997205059094,0.3410998602529547,0,9.651003105946844,0.45688134012431453,-4.894631306000739,4.386014597467343,-7.029597876705081,-31.236115777559846,0.9163658035199739,44.21,32.32666666666667,2.17,Mid
ANAB,0.6275146451535282,62.5099983215332,101.0083816593075,-0.36143271485054945,1.0870399834423894,-0.2889610253030499,0.09598073940776682,0.2719535650411826,0,20.360764971067532,50.348745222465816,-6.991264499568953,6.957058792919278,-13.612496138195343,-1.87128505203492,1.2756099510363563,39.36,32.23888888888889,1.85,Small
DFTX,0.6062528636639588,45.97999954223633,223.32784152514444,14.660480529534208,0.7435245148283608,-0.39521836902028934,1.022186223079818,1.0439311592097138,0,5.175181574414434,25.38860604831304,-48.16160876146948,7.871591618745217,-6.544717826637081,-6.032914317837085,1.5341163149799262,141.12,32.032222222222224,6.1,Mid
NTRA,0.5832798621013123,272.6600036621094,7.469623583351903,5.329643549532817,0.8269512600769438,-0.7482426515333924,0.6509916645778033,0.5244600075440866,0,6.632668859612559,40.372732676483295,-7.888902319828222,4.6515533861500735,-5.339537712296827,-6.6259232728922,0.9572942217559153,448.49,31.987777777777776,39.05,Large
AYA,0.6156607296485133,20.040000915527344,21.486286568332446,3.1527507899785387,1.3420158837502398,-0.3770398425859724,1.9461046497597618,0.3492998583971559,0,14.830629091944209,0.8555614952452537,-5.505081437685638,6.650982708718834,-8.909086747198025,-7.9282342440197855,0.8981058876289171,10.04,31.954444444444448,2.87,Mid
AIR,0.6037888156434834,134.4600067138672,29.678121869911834,-1.4251732913745354,0.7508126019761248,-1.040984739550825,0.12309391394864247,1.2493686145719411,0,12.705662100801323,-6.063988202272082,-4.0849581403096975,4.521021136231286,-8.374782477716568,-6.750019718021074,1.1563618665104045,57.23,31.874444444444443,5.35,Mid
BCRX,0.5879163990378337,9.739999771118164,22.72403180185605,-0.7843555987963747,0.7928898234644927,-0.5767017412708512,0.0,1.2320317080765761,0,18.404457268961398,4.731178186150352,-5.057477513257647,6.431503928206703,-13.190734942563948,2.8384304932811446,1.1930053978832296,52.49,31.80111111111112,2.48,Mid
APH,0.5910891397562213,158.3699951171875,4.488835630147592,-2.7334469069388256,0.5698942606068033,-1.0924332346651227,1.0039853796125349,1.7626469611031887,0,13.119507052162485,8.880789015489617,-7.9063791420467915,4.6866523009405086,-11.287255586442404,7.231615237472079,1.1226119363575302,1614.11,31.767777777777784,194.83,Mega
STTK,0.6058488904132152,6.289999961853027,23.523466797989357,2.4763762550186605,0.8217670563754983,-0.07255118266787171,1.112880319153868,1.4308450416439784,0,41.41985210117425,-2.329194006387643,-6.072868630810791,10.223709838165387,-24.48979568178104,12.447550412450505,1.1110906477124107,7.68,31.730000000000004,0.6,Small
MTRN,0.617115753982882,253.27000427246094,74.9593751376955,-5.081707543400775,0.6171228360590074,-0.5791864931819879,0.76202970869673,2.4134334696650517,0,20.698554261286333,-11.758757589348841,-12.302838649452962,6.069186711436705,-15.257466988847156,-3.944284187471353,1.1732960267986352,91.09,31.550000000000004,5.27,Mid
SCCO,0.612291181502899,182.3800048828125,1.0902083729733114,2.4552095933436053,0.7294358849453589,-1.1977199552487612,1.2775533329648965,1.3104503375636036,0,53.28264030519075,-9.8008109315675,-0.06323324738991855,3.8682964285451336,-17.294472961155765,-4.572186583033024,0.7814347808300341,242.25,31.377777777777776,152.16,Mega
AZZ,0.5662067342155894,149.99000549316406,14.446953121003837,-0.7617610749706348,1.578741919498557,0.06053633513644313,0.42669469044945074,0.46003227957285275,0,17.691837225049692,6.451392470104274,-4.871102692376651,4.361658949099552,-7.372926100166566,-0.7340626302894271,1.2644261499676093,43.0,31.341111111111104,4.51,Mid
ABSI,0.6364766332957246,10.229999542236328,197.8490244214321,3.3359382622379212,0.725530218382786,-0.4282691507030471,0.4887604395634742,1.857278483545202,0,10.928391919244646,1.538458917024162,-23.529402686490325,11.254713836164898,-15.138952439549128,-15.577891659656038,1.0181464328869347,63.08,31.234444444444442,1.73,Small
INTG,0.6135406134484527,39.84000015258789,34.15447818992676,-6.714276327716521,1.3910823158262875,2.5464812439221944,1.2299238869924267,1.3805201680226784,0,42.78462502611238,-0.697903257089499,-24.424667219881332,12.747417922010698,-23.384615090727433,9.85847189000053,1.3084001282954714,2.87,31.09444444444444,0.09,Micro
CMPS,0.6278970701776225,13.390000343322754,76.5594888258367,1.5355479941104933,1.0085473133915484,-0.21748676619384644,1.0455518002118354,1.935773633047513,0,9.228355692460093,41.5433434345964,-4.552981739759792,8.164513668692207,-13.05194366796243,-3.6423830947636104,1.1294921223293979,54.48,31.087777777777774,1.81,Small
SLDE,0.5557971430780072,20.8799991607666,6.461523923684265,8.835023855863017,0.8631042048221411,-0.5964782425849313,0.5747166860673643,0.5986590278647506,0,3.604556797088524,27.550385400401122,-1.4371243122120025,4.36679109106858,-4.17623550474714,-1.179631234269516,1.2409972795110285,27.53,31.084444444444443,2.39,Mid
ZVRA,0.6342472550512083,13.0600004196167,44.93045703901159,-2.9068437757747936,0.8721639458239756,-0.5202481432247796,1.6079634868576547,1.5926506616118996,0,17.567776182702442,18.083181952433243,0.0,5.275650101098132,-13.136012289378213,-8.161257791523074,1.0989221252829788,24.56,30.981111111111108,0.77,Small
KNSA,0.6229971117874484,61.97999954223633,36.35669713946397,2.774564420169265,0.8896125942474414,-0.29742907775059735,1.2262054563267666,0.9115821730764128,0,9.195119269585454,4.695943823349168,-10.098288186550153,4.921518709544512,-8.218568543318057,-5.857198953736232,1.2546083166106745,47.04,30.84777777777778,4.77,Mid
ABX,0.5815811316617944,11.140000343322754,20.336759415209027,5.288033281449485,1.0836547557406837,0.6464119496337379,2.603231174950719,0.9919239881323104,0,6.700872976340411,12.411710542132136,0.31282307081056365,5.5712996333930755,-10.45015499040708,1.2631566899626365,1.3163330914181979,6.93,30.627777777777776,1.07,Small
EVC,0.6442910864853372,11.550000190734863,275.74351623684396,1.0587120008693713,0.4198002713418229,-0.16186985984237964,1.904764185079754,0.30303723381296754,0,11.659644507307394,51.014006415667865,-2.7310249341207,7.823128296818735,-15.938861839192661,-84.3501289772512,1.0451395802767096,40.6,30.57111111111111,1.06,Small
TRVI,0.6014749166264198,17.90999984741211,51.299189196073016,1.781603892422667,1.214138254857608,0.7965620876446561,0.9491908304455817,1.7308736380021086,0,15.15332217377418,17.5968508572016,-24.63053509277674,6.113504268812715,-11.116624384186375,-2.107557827094002,1.4401884339618891,35.1,30.56555555555555,2.54,Mid
CERS,0.6397089485390235,3.069999933242798,40.13154208202634,5.843817744839246,0.5347656101532288,-0.11505907437073973,3.2117313116158868,4.885988930349907,0,6.755356850771496,12.867643412589324,-1.5624985441980936,6.232202438213336,-11.527380171589277,-28.571425201708905,1.0099910860688435,9.57,30.34777777777778,0.62,Small
WDFC,0.5981853643523684,249.1199951171875,23.534574458553514,3.3778721798865674,2.2791420112229543,-0.35671390184981117,0.0,1.2524065423601636,0,8.566258169168597,-5.960518035023813,-0.04484377650263162,4.651230034264726,-16.654399396331282,0.09526205021648403,1.480185614463721,44.61,30.3,3.34,Mid
NRIX,0.5838361675791145,22.979999542236328,10.169774817422672,6.111327720993456,0.6453465088907455,-0.08588943388324659,0.9791139510094143,1.6100911194041643,0,7.3144299098686805,46.930940136315016,-10.02949132136625,6.443801286377791,-8.391467486460407,2.5149704016831986,1.094236394426637,51.54,30.292222222222225,2.38,Mid
BVS,0.594120157740723,11.5600004196167,35.06257442195535,13.155838789235128,0.9721540035335746,0.09683271551102463,0.0,1.6436031759891674,0,7.109073922690645,-1.8675663694631301,-3.2902435418039855,5.562285213359224,-6.016258207991053,-7.902732947681096,1.270208936959971,8.03,30.19777777777778,0.78,Small
CADL,0.6397089485390235,9.869999885559082,63.95705279122561,4.660408553307563,0.6871426434116862,-0.17655263182893316,2.5835878153167546,1.9240065528134631,0,5.216896313347919,18.7725558000226,-6.89251366731905,6.410407238538602,-13.116195563537728,-26.05178281512517,1.0724755839975113,20.94,30.19222222222222,0.72,Small
CEVA,0.6424581387648156,43.529998779296875,82.107228618454,-3.3429205672521696,0.7007586770621824,-0.17082950943594746,1.1026955441837947,2.4350966880190685,0,27.795312864791793,19.391113198467504,-5.170543409038701,8.928161427787233,-15.639534754473228,-10.412574360647316,1.0366657336476668,40.68,30.057777777777776,1.21,Small
FATE,0.6205721477628132,2.990000009536743,175.86433357158145,18.368963201975767,0.8163021493117399,-0.3974908785300369,2.173914949545122,1.1705714283394104,0,7.002130338544372,42.38095928085703,-4.368939565248956,10.36789359282023,-7.4303408063533976,-94.40000526505617,1.1428571564868957,14.22,29.998888888888892,0.35,Small
ASX,0.6396124908859435,40.36000061035156,122.20222994998092,-1.1594902796565754,0.8136759647610007,-0.53149615697472,0.7680906060338992,0.4955420215806473,0,12.538552481276438,19.794314143060827,-14.428126615277325,7.344568261276244,-10.846034454725965,-6.144538881231585,1.2508862673521979,448.56,29.843333333333337,88.55,Large
IMMX,0.6312134200053509,10.680000305175781,110.4042744386389,5.7687572643774745,0.9106703646004057,-0.011185115585143894,3.7031761993719443,0.514984116095736,0,8.104392049956674,22.477063966765666,-11.242601545518005,8.107611070908362,-12.02635911645372,-6.830902976065796,1.1603833059408284,18.58,29.674444444444443,0.76,Small
CHRN,0.6480224257817415,23.010000228881836,181.26635856321525,10.21434738800968,0.5872273998549955,0.49345692918800005,1.6949125847550688,0.0,0,8.536811019251122,25.806446565507667,-39.81481058025009,12.339665690469374,-18.40425671439801,-24.895917684321162,1.0259889357041303,8.96,29.65555555555556,3.34,Mid
TGB,0.6125258146971507,7.96999979019165,25.503764394578067,14.175199622510856,1.1204482254426429,-0.07448734143088832,0.6900856935957289,0.37641418562526796,0,18.63433044151256,4.593174669857058,7.199999490413698,5.758200289509137,-13.83784010454023,-1.2569853979515122,1.1429615446869417,40.13,29.527777777777782,2.91,Mid
GH,0.617278130182378,160.11000061035156,36.43236256996059,7.459981407771808,0.8760429094566936,-0.5553411896655166,1.730063245196533,1.099240834498602,0,6.563951360936753,7.29794886777186,2.1197336192176217,5.580984752742527,-8.025046572656183,-5.948553279966734,1.2402179491807588,448.98,29.441111111111113,21.23,Large
PSNL,0.6072473709471516,15.029999732971191,76.65795848966465,18.931749524858787,1.5973902598938985,0.7322712785017313,1.4304734290975518,1.53026976917689,0,3.7581075387604823,-0.06649088368706972,-6.047965739490216,8.427904527309881,-6.9349839748891435,-8.514488980625279,1.3036811974074332,52.45,29.371111111111116,1.57,Small
EQ,0.6426163513907994,2.759999990463257,133.2076803288636,-5.930470777687375,1.523927176729521,-0.4294758548446231,2.898547969329575,0.3623184961661969,0,48.58314008021319,-10.389608476154025,-1.779357769275704,10.119046642090877,-22.03389772809877,-4.901967885886281,1.1103302384207903,2.5,29.224444444444448,0.17,Micro
PRM,0.6066793346863221,33.31999969482422,3.5180707756953034,-4.8285532186393265,0.7642989872738236,-0.5371763725566653,1.0954432226856838,1.620651021779627,0,29.809388992771108,-3.139540067202653,-5.5257936762443265,5.673770992488265,-12.706310470666818,3.1023057767217033,1.0411376673494552,55.59,28.97888888888889,5.44,Mid
STRZ,0.6390157351571678,27.459999084472656,140.96592412660053,-3.0538419438188287,0.8015058713620085,0.16363345926302705,3.932993298158608,0.7647454168480051,0,13.542523042357086,149.63635529978447,2.5842109198271204,8.031943893346602,-15.715170223055614,-9.596511527495945,1.1358370802618112,4.41,28.622222222222227,0.46,Small
CGNX,0.6339903455376557,65.02999877929688,58.274641777862236,-2.1869939369514864,0.7071927394855744,-0.42540215606098203,1.0456717175609285,2.2135920780661835,0,26.270358581407898,11.15371501956501,-6.272595229400915,5.7972698160625535,-10.77112893777617,-18.75337442732506,1.2381044873550524,166.63,28.1,10.82,Large
DAL,0.5531864670508954,85.51000213623047,10.286606981673142,-3.183688690862938,1.104519762344172,-0.9467357525317059,0.035082187518521574,0.7952289652437207,0,10.602816812229667,41.8761248658529,-3.4432977824221105,3.5099293562811495,-10.408511233342171,-7.530515345226591,1.156268329062843,673.7,27.79888888888889,56.23,Large
BIOA,0.6336105286474024,22.780000686645508,53.4687807586028,-0.8649267308398974,1.1070543516193927,-0.22475458943339757,1.975411949108818,2.8972775570198,0,14.14723335818136,-4.124577158058394,-19.013293922201278,7.7116503532703575,-12.232707556428569,-5.75667235214815,1.179878364645869,12.33,27.626666666666672,1.01,Small
FROG,0.6175762250323851,91.16999816894531,44.92390554619836,4.360664848276471,0.6405927073023888,-0.3372133827990508,5.202917463064177,1.0637302576638783,0,3.5769571199354595,4.099105118511964,-2.765631058568952,6.09577923843963,-8.113286588024124,-22.78208902603628,1.2044337759176795,285.83,27.623333333333335,11.04,Large
VCYT,0.5882451889825698,56.619998931884766,25.783665442485294,0.7235823488784466,0.7138612846541619,-0.19241565723458603,0.4768573792918121,1.4129269730450476,0,11.447982161679791,5.57523364565329,-12.381146352894412,5.306428889191685,-7.043179980633643,-23.81531162946877,1.1707349747954192,73.84,27.31777777777778,4.52,Mid
RAPP,0.6035097345478825,41.459999084472656,34.26539975945253,4.492468336685633,1.2994794589428669,0.1453591282396061,1.8572129154568062,2.4843193488100694,0,5.338591249214467,4.4069504918226325,0.5468825281762706,7.039659734569516,-5.255939957100536,-20.525200777610923,1.2427028867275847,15.85,27.098888888888883,1.98,Small
MYE,0.6212439818431849,30.850000381469727,50.317377171629005,2.5002425734238916,0.8065896145846873,-0.07402603148644252,1.1312833920885457,1.4586734436319895,0,14.157433353042496,-12.630985041729812,-3.732861726351754,5.315813695275291,-13.706292638862127,-8.68510284211091,1.4298441460697167,12.83,27.068888888888893,1.16,Small
WLFC,0.6085342198516052,216.97999572753906,30.87889646740507,0.08925610115550137,0.7701080496753246,-0.5513992837685796,1.1798311406534134,0.33643457549531475,0,21.113431723444634,14.296249427438774,-9.833915302198019,5.130163894804629,-11.299157853508355,-16.131855513549862,1.1666788807581594,30.65,26.742222222222225,1.73,Small
LODE,0.6080589797566538,4.300000190734863,6.0756818082788655,1.5468225273218026,0.4633671559144212,-0.6567629647446329,3.0232472513288555,-0.002328739505991878,0,13.194511839763297,-0.9216580745961325,-9.268295687491964,6.843856099233325,-13.654614971840678,-0.6097555211850174,0.9634037427280909,7.15,26.55,0.33,Small
BB,0.6328677750109165,11.010000228881836,177.8211773386328,4.479030336689781,0.6020079981100123,0.05246984335979252,3.6330573131565354,0.6357828643294227,0,13.022826765427098,6.479691163848397,4.352553174654928,9.303231353415411,-18.984546685416408,-12.96295919950122,1.161561513438372,411.03,26.522222222222226,6.45,Mid
MEI,0.6336105286474024,17.420000076293945,144.15795263061517,12.347232588613648,0.624350426401677,0.2157319607718664,0.8610770256298108,3.38690698217968,0,11.240290833345842,25.594810524656463,-15.973369794838696,10.952105606361439,-14.52403928468108,-15.336651769044158,1.169000230759246,18.82,26.400000000000002,0.62,Small
MKSI,0.6690629942271256,358.42999267578125,84.05535693067621,-6.4368869477819,0.7224354550056684,-1.1583564670285467,0.0,1.40054937260753,0,15.405031420672715,53.7212844201658,-18.237789837146558,8.09243415435956,-19.92538390021137,-6.005292272367786,1.2702578454990738,489.69,25.922222222222224,24.21,Large
VBNK,0.6066080638341482,21.290000915527344,33.115940749384535,2.6164713779976094,1.351339405864312,-0.05640475699689735,0.0,0.2348574084389259,0,22.01030872135115,-8.197141435827175,6.138623423414873,5.340861462584683,-14.940347819061007,-4.187603225921766,1.4316090251599576,2.16,25.91111111111111,0.69,Small
TWIN,0.5840742545906052,22.760000228881836,21.89670828126684,2.2783447674015074,0.7024654926655626,-0.10896274402654248,1.889280759370246,1.5342675374206631,0,24.939031703514168,-5.911534822429367,-11.288712173293334,6.169722061883118,-7.102039881825076,-11.440671639931066,1.1193351993691982,3.02,25.895555555555553,0.33,Small
AMAT,0.625518027965314,595.7000122070312,89.38397930951658,-2.5482692377295098,0.8349453476368072,-0.5382276668159612,0.0,1.9640778860594275,0,13.96878420855934,-4.967776994810163,-12.856763803552699,8.87425158237434,-19.464081824233986,-4.093900220568083,1.4277143559950938,6021.75,25.861111111111107,472.96,Mega
MRNA,0.6259236327022467,67.44000244140625,87.72050226245854,0.08051053028026374,0.8168237327176144,-0.6209965703745753,0.6672552371665241,1.2900283002369042,0,8.37147725110602,30.0173584535209,-18.90403005799887,8.233773816322302,-21.214949014272342,-5.659561093783213,1.3235088128637351,569.7,25.61,26.76,Large
ICHR,0.6165819776060092,94.8499984741211,290.1347946392388,-0.8229043587811418,0.8591546446835447,-0.17101635028720785,0.18977365110131747,2.7780729347313833,0,10.846791362950874,109.52064836296991,-14.758061184407701,10.838466048469861,-16.49058201691945,-7.973324297135238,1.3692268878804026,119.39,25.574444444444445,3.31,Mid
KRYS,0.5990392423262738,339.42999267578125,20.948246391670857,-5.138926823669858,1.0090406234666842,1.2147114142029871,0.0,2.778184862632591,0,18.843720825197664,-8.816657441002173,-8.007041971650107,4.510737326003973,-11.268252728131989,-13.132006847728356,1.1905170296039118,115.78,25.537777777777777,10.01,Large
BRKR,0.5966767767937217,59.83000183105469,1.2240340331186594,1.8830466892328603,0.5806326481217974,-1.0061013712860036,0.7186971039805978,1.16998285392734,0,10.150783368774992,59.88332365933498,-4.332344455911598,4.342064160216661,-7.216734981465834,-19.122854968922923,0.9926015370605806,154.41,25.49222222222222,9.11,Mid
KYMR,0.6204175521790352,112.08000183105469,41.00211653843346,4.933996433695808,0.7602992538312401,-0.6573099341385611,1.4097089625517918,0.9368335426432098,0,11.108419705721976,3.662596174472643,-15.364532029117651,7.430917932178947,-13.817763013364312,-4.391263811460356,1.2354863116141452,95.78,25.296666666666667,9.22,Mid
KPTI,0.6198282021543065,10.010000228881836,6.424994196984457,2.9067837959097296,0.9533151856267162,-0.15145444173228,0.999004786945015,1.898107189752383,0,8.349813376170195,84.00735519764538,5.263157894182825,6.960182308444916,-8.917193471856164,-6.4981941578885385,0.8936415783860701,4.73,25.20555555555556,0.23,Micro
CRDO,0.6480224257817415,236.17999267578125,48.11610699901383,-8.36973164789892,0.6331405908078345,-0.8711166723941665,0.0,0.3344878104107404,0,22.60753016306069,-0.7647089597525643,-20.61719706479865,11.38614094408571,-23.484633297134188,-8.206424475608971,1.070950110824522,2054.67,25.087777777777774,44.04,Large
CTNM,0.6328677750109165,14.569999694824219,47.60079346715107,3.915554447073602,0.9992698828905526,-0.12693152097806293,0.27453646319904446,1.0638279767130987,0,22.64792614027835,2.677943098317371,2.188554093900244,7.966956974896757,-13.837966727170741,-14.118568350717354,1.147284789096898,4.87,24.60888888888889,0.54,Small
ACMR,0.6636586897004325,98.8949966430664,76.92540327224675,-4.062981523001502,0.4953468831354176,-1.211277516364079,0.7992291530052766,5.000252654461173,0,12.107794917369311,73.3783223264493,-9.813732325807695,10.556608083699011,-22.24624990564985,-14.528926940626095,1.1542726699390973,179.64,24.558888888888887,6.83,Mid
PENG,0.6283423939659624,77.80000305175781,298.85924601170365,12.948422491713652,1.9059964046515174,1.1538514221504126,0.9511540292199259,10.411318490595484,0,10.292437932302859,-0.8538271422378994,-5.941065571659301,11.968508533560103,-13.42087411144561,-28.18151837403482,1.4601217616092865,314.19,24.364444444444445,3.99,Mid
MBX,0.6302283212157994,56.59000015258789,69.84530955361039,7.517076103522559,1.121909855326813,1.336553098197633,3.5872040533439904,0.5478023899092729,0,7.064454799270161,8.181989422390613,-23.655313778341146,7.535532234625153,-14.966194503814048,-14.85770970545792,1.327469870010821,51.03,24.33777777777778,2.69,Mid
MGTX,0.6245318400471306,12.4399995803833,58.98365432915023,0.6106157329143156,1.1641302725644653,0.7433227789858562,1.6479094100038476,1.768483285833268,0,11.25328982111564,2.725020091118237,-19.708022516989587,7.972552730946925,-18.9576594695708,-4.989154281720194,1.6871449601809045,12.18,24.22888888888889,1.15,Small
DSGN,0.6332656793742037,13.670000076293945,36.68281514504563,-1.022716230451259,0.7115314020809849,-0.043892463311548904,5.193855406967351,0.36576584090818165,0,26.62794755799635,27.75701233358447,-24.886048090561076,8.356673554502722,-20.75362274491895,-3.6764704848427456,1.2099330188596105,14.42,23.616666666666667,0.85,Small
TEX,0.6124645605691318,65.20999908447266,0.9244335569525752,-4.16072794471248,0.816371298774159,-0.6351741682635038,0.7207502335448289,1.1884703829900212,0,31.654070708194702,11.143829435118809,-8.056431450988768,5.060026306009642,-12.692466256435942,-0.9967784947451396,1.0745187749095972,87.9,23.412222222222223,7.45,Mid
EWTX,0.6396124908859435,39.72999954223633,50.66064850726637,-1.4290686376887494,0.9388831361551063,-0.058005600893064634,0.17618851152525516,3.221743755380393,0,14.113022543104467,17.02503284016475,-4.794711688497193,7.298371451661794,-17.913226673820866,-14.922489932339412,1.2141168177330781,61.95,23.095555555555556,4.27,Mid
GLAS,0.5912591251967247,11.420000076293945,20.580878364412246,-6.351991315260394,0.8714718993911027,-0.41129193015705784,-0.8756600769955722,1.7513118030777473,0,31.19437755208879,-7.305191889211835,4.6792444189606766,7.655738629581231,-18.01866599937577,-2.1806857282405923,1.12194945430537,3.69,22.922222222222224,0.97,Small
IMOS,0.6302283212157994,64.47000122070312,69.55803960712468,-0.5792589441448228,1.2390174079609215,1.3205006259189551,0.7755545067861429,1.5045776366087373,0,21.220013849699747,-14.936006805556975,-13.4624733797967,8.091578067234668,-17.715376545700074,-30.293732742956376,1.328838239465801,7.66,22.66555555555555,2.24,Mid
LEVI,0.5571111017522319,23.790000915527344,1.8682273983211761,-1.302684927064886,1.9040364714762001,-0.7499877425624661,-0.016812568007213237,0.8406925398666504,0,17.574764061653582,9.736076051765757,1.665970906707659,4.50849644582381,-6.997650560779976,-2.1095121133237296,1.4825252460657738,68.79,22.46111111111111,9.16,Mid
HELE,0.6184410179095082,27.219999313354492,31.411692539565973,-1.2247143891621934,1.4981535026376016,-0.5062098924612991,0.4041168740719019,1.1756050803993467,0,13.43185807580824,14.273718144195916,12.926994411661688,7.184843038587234,-11.277708465748622,-11.490280307253336,1.2545787715139907,17.17,22.161111111111108,0.63,Small
NNBR,0.6245318400471306,3.4200000762939453,140.7374561658855,6.359821694736341,0.47433708920154755,-0.05498625062892384,5.555550131806316,0.14620217333077604,0,60.63524947810536,-5.524856782668093,9.999998407209473,13.39807765314858,-22.972972242151886,-18.965520245329934,1.596718808416192,11.67,22.159999999999997,0.26,Micro
PRAX,0.6062887765936893,327.67999267578125,4.702684967272219,4.996697260257225,0.7182708275089776,-0.45255076777823616,0.7598567923848267,1.202393350054976,0,35.18267291726684,-0.033562911093189186,-13.808248904707321,6.602890937094933,-10.596965377606145,-4.532199860602104,0.9959668177170944,171.59,21.843333333333334,9.14,Mid
LRCX,0.6430723895528926,346.1000061035156,49.903833749846925,-6.880211762218306,0.7960028192372547,-0.5879371503650053,0.0,2.0875486784400143,0,19.890718095680594,51.66570758397838,-11.727734411164784,8.582573338329112,-21.071834411921017,-11.11456145283341,1.2474869286532584,3991.21,21.551111111111112,432.81,Mega
PACK,0.6283789293556844,6.909999847412109,4.940959483430385,-1.7698501462903395,0.5185897261904374,-0.6414620733989765,0.808967022900845,1.447176654505252,0,16.29766504775473,35.75637799423874,0.41096176740263873,5.4350840956616,-11.523688884073016,-25.34380988070735,0.9676719200915462,4.29,21.357777777777777,0.59,Small
BNED,0.6245318400471306,12.390000343322754,40.02069378903912,3.6386476245827226,1.3776464885910504,0.8166351210581034,2.3405968829202557,1.2106583376595457,0,12.948874138214622,-9.825323509356169,3.5071973678179025,8.02029246913223,-15.999997671303362,-8.417849417061547,1.339120249306247,4.43,21.30222222222222,0.43,Small
DSP,0.6193317452113297,12.699999809265137,2.505925796134445,4.655952773821133,0.6366107213060977,-0.11788172791492771,1.2992123174652446,3.464571186071784,0,12.91554573405073,14.311432957508389,3.3333407791385503,6.007874196088208,-16.337288839853905,-8.287298347825946,0.9215577337270342,3.65,20.424444444444447,0.25,Micro
PGEN,0.5862032272747272,5.119999885559082,2.649249726631364,-4.245374280856359,0.6597365245838295,-0.6090591140629763,0.7812492722516345,2.3437478167549037,0,16.972671759286804,31.61953077553995,-20.89888415344383,6.696428321967161,-15.231789436292948,0.24037866367939134,1.1322714718271782,24.95,19.935555555555556,1.83,Small
ACHV,0.5987264233896192,6.309999942779541,4.591623741421613,6.8133713440855965,0.9286506289744255,0.14860710607032032,0.15848223408772388,2.1664049852423597,0,7.667821606787925,31.18503154952948,7.608697059222864,7.116483200590626,-11.251760556956745,-9.111619759490667,1.0272282096189338,12.45,17.45888888888889,0.65,Small
IQMX,0.5815811316617944,12.5600004196167,13.914580112284835,9.108285978758216,1.2479691932871164,0.4818624297924291,2.308119556858825,2.706210234091527,0,17.76514757752383,-6.408343157406743,2.2450868149342598,9.560337931749267,-16.82119137428518,-1.100925169009958,2.541958211007354,7.57,16.85,2.65,Mid
ALGT,0.5998321133262667,104.29000091552734,0.9160398774007428,-3.8136952588743522,0.7105895749771497,-0.4966241512621628,0.27807163963825976,0.2588975645680991,0,22.789554602053077,-10.172263319300988,-11.562402435415827,6.176458468385919,-15.643449621770092,-8.646220211810181,1.2366679571961159,69.03,10.272222222222222,2.8,Mid
ULCC,0.6188724626705955,6.394999980926514,11.762787625827542,-11.990366565426866,1.02880566823368,0.1702011875897527,0.6254880682732579,1.0164199750455278,0,14.71025475920359,59.874999508194094,-14.239997861491133,8.539037731001187,-23.914334511168313,-49.5867674009445,1.2159492549343134,33.04,10.232222222222221,1.47,Small
