Ticker,Win_Prob,Price,MA_Conv,Vol_Z,Breakout,MA20_Slope,MA20_DP,Ov_Supply,POC_Dist,ATR_Pct,Dollar_Vol_M,Resonance_Score,MktCap_B,Cap_Tier
FSUN,0.5012116626915659,40.61000061035156,1.6694258568239067,0.004840933000079341,8.529204148271743,1.9202743293940128,15.009909461287766,0.0,6.003652191471924,3.219298081757629,12.19,75.80260791366906,2.01,Mid
LECO,0.5188311802846239,284.2699890136719,0.3790566828314894,0.39002158955158417,8.259716982835172,1.7201832794814333,12.266490847962608,3.8524031901515343,17.794964663494333,3.465517515582041,110.36,75.72841726618704,15.49,Large
SMC,0.5046909997071299,34.68000030517578,2.1149786507541584,1.9226488655158671,13.275955379576448,0.9729393493859866,14.041435314201866,0.0,7.9365052978840955,3.733110858564899,2.1,75.43390287769785,0.48,Small
TEVA,0.5088805443320203,36.47999954223633,1.8875006136110404,0.12255121538939208,9.232674639945039,1.6877054229722885,15.589354117218585,0.0,3.1090967803314484,3.371553206385596,211.06,75.26303956834532,42.51,Large
KRNT,0.51648301598417,17.579999923706055,1.966571368710257,0.4960483616099605,10.781329549554508,1.3803316958767655,11.125159688507443,0.0,24.946697262001756,3.6254674038751538,3.75,74.45818345323741,0.81,Small
WFG,0.5182661406368185,71.51000213623047,4.313826231003195,0.4933530611843077,4.6278581474335985,0.6902040244613183,0.266408359810151,1.9250611473084909,19.815549973408288,3.2792632508047883,15.97,73.40377697841727,5.6,Mid
GRVY,0.5067928921695873,69.98999786376953,0.4455173920408813,-0.1883695098857946,11.134043296625014,1.4661339783541898,10.22046907664146,0.0,15.5331722484956,3.4769970392005884,4.11,72.08408273381295,0.49,Small
APO,0.5194220557504055,140.27999877929688,3.772816050701138,0.4156089441383048,11.643097581688787,1.654103803754202,15.144050456205289,0.0,34.67644671390188,3.6036811696851134,609.21,71.83228417266187,80.8,Large
VEON,0.5258454302939785,56.61000061035156,1.764280485271509,-0.11682291856653161,6.533931837278518,1.103542974654502,8.344498775632761,4.4400364911575885,11.877474935469525,3.357307547480548,4.86,71.60971223021583,3.92,Mid
BLTE,0.5222768557137544,177.5800018310547,4.742749165500744,0.6559165728254686,12.556611210669654,2.0983390140285123,18.806449709368156,9.305119879661731,23.16549511148101,3.3425574786361794,36.04,71.07913669064749,7.12,Mid
KNTK,0.5050597953017706,51.11000061035156,6.336697273560119,0.596215205307244,2.557352800444226,0.45355746273586345,6.509420447903825,0.9744485402164694,18.121965329425148,3.2726309221542045,53.79,70.6429856115108,4.11,Mid
JJSF,0.5188311802846239,90.16000366210938,3.973001834258553,0.1978191670216458,11.93326126811034,2.7620792002206707,19.180438656137998,3.1407051323247774,19.023107144447714,3.540927072459081,22.56,69.79766187050362,1.68,Small
RNW,0.5208282040438069,6.849999904632568,9.916218835261512,10.631679696454862,10.1144533801579,0.42804087468020163,9.076427956852719,0.0,8.386071495121596,3.2648588203494056,12.0,68.74325539568346,2.5,Mid
ERO,0.5187909608639252,36.29999923706055,1.1194680388672371,0.7820657661795702,29.301128789729713,5.849750671433488,43.19526110604349,2.390776111860744,-0.6568190269481963,4.414206833670744,44.11,68.44874100719424,3.79,Mid
CBLL,0.5058037455198731,21.309999465942383,3.1463244616287382,7.1229708940258964,13.081390366671261,0.33224390985637914,9.845360231292394,0.7401741436238701,6.656656426983199,4.4690626368984905,8.28,68.27338129496403,0.81,Small
HCI,0.5007604153681305,184.3699951171875,9.644270017728166,1.5961974064261,2.726251215769844,0.3472066377384642,5.83811615789443,2.0225749154873087,2.1666786311818247,3.1783911024748797,33.28,67.96762589928058,2.29,Mid
NOV,0.5107676997658376,21.020000457763672,1.6957349337071388,-0.1563158805206747,5.718456306463411,1.0289380665566354,8.406400821762606,2.2803478602329075,12.647377435817017,3.739635354460008,83.21,67.82823741007194,7.49,Mid
TNK,0.5017172924506917,77.47000122070312,3.4496228741803616,0.054704282334257046,2.5168069609522936,1.0657318450719937,6.848405220732536,7.963785113976514,2.9402109989733116,3.668535939489533,27.14,67.24370503597123,2.69,Mid
MTA,0.5127941298547867,9.199999809265137,5.520323235763744,2.803201597926112,18.062236593723835,3.61678082891411,24.661242091531903,0.0,19.947845078914145,4.140528548530022,4.28,67.12904676258992,0.86,Small
MLAB,0.5183675506781615,111.2300033569336,3.8881484969964184,2.744569985799284,10.590568440358773,1.5318199160189787,17.479935570594087,0.0,21.749127204048165,4.538216263270809,22.28,66.88174460431655,0.62,Small
CION,0.5129282350703932,7.46999979019165,5.236667824767373,0.3459542348475288,11.354263217107858,2.845381404840147,17.449971361482042,12.316894189535592,18.615682377043676,3.5819458449212256,4.44,66.59172661870504,0.37,Small
FERG,0.5008327376390209,251.50999450683594,2.0079673843770784,0.008790904744169575,5.2270423203531164,1.6295750033634437,9.105496202175594,42.20443223482076,-1.5654964917144676,3.5343671346527383,637.34,66.4613309352518,48.78,Large
TX,0.5188311802846239,54.689998626708984,11.455617773030683,2.1752924699507448,12.02146313161037,3.113185573067796,21.695594787998886,1.7993428240759473,18.248645678976214,3.2135145890028043,34.08,65.73291366906474,10.74,Large
ITT,0.5153155501606116,216.88999938964844,2.2723719863903273,-0.39858641906169906,8.747317103580246,1.4628490789918231,11.706837298467661,5.25020626451595,1.15666045668081,3.4467769691230505,216.39,65.38669064748201,19.49,Large
MLR,0.508182205087932,54.59000015258789,7.75208082716359,0.06399267097547261,6.538900855302771,1.5558573328696441,10.820142128621558,0.0,27.06913635455867,3.4674063703357767,4.29,64.65602517985612,0.62,Small
AVNT,0.522304750642958,45.470001220703125,5.183437258305112,0.16935938380783502,17.958366691779553,3.9646688296910795,26.798662706406915,2.9832836723326452,19.941971520761356,3.8769680884264752,42.28,64.568345323741,4.17,Mid
GIC,0.5057001220287725,39.349998474121094,11.999619674516664,0.7304545679492459,8.445518817495879,2.457998017709847,16.973838251792525,2.891680666131035,11.980646435620129,3.102359279212335,5.09,64.08723021582733,1.5,Small
EHC,0.5222768557137544,125.3499984741211,8.847130675157103,-0.06342103410724481,9.242232100863257,2.1117356442980673,14.078996730299897,1.1708615447714141,23.93768640274521,3.169411992309306,130.3,63.90287769784173,12.37,Large
HP,0.5224508317218832,42.560001373291016,2.4357822982917927,-0.19696984651333085,18.042426703574925,2.9979799785731753,27.463318810993538,0.0,1.6479638380509272,4.137856742270408,52.8,63.81519784172662,4.25,Mid
CRON,0.5195108211622816,3.0799999237060547,6.0440059627399645,-0.08202549681957988,7.8620195363154135,1.6553930913897161,12.40875594386251,1.3064559969837526,9.999999144933632,3.6038959631531373,3.48,63.79946043165469,1.13,Small
CAI,0.5263838234201262,23.139999389648438,4.217513758834472,1.6203481490624323,28.720027938508213,5.595175775471648,32.531504024543416,1.6071722761015292,15.699996947457187,4.753056573954308,87.85,63.399280575539564,6.54,Mid
ABNB,0.5046909997071299,184.97999572753906,10.433905216726588,1.8955305236486149,20.943852271856507,3.5987648146846407,24.66639010652805,0.0,3.880489761928427,3.6567653598353225,774.37,63.334082733812956,110.76,Mega
EMBJ,0.5217400299648605,71.38999938964844,8.096934445492357,0.5894485095987634,4.4660348261812075,1.6964787031380189,9.999996473161316,7.5708398319653,19.195925604244472,3.6064465659174774,84.71,63.22392086330936,12.7,Large
AURA,0.5283990342649956,8.039999961853027,4.448631002244722,0.9202023861991048,11.542729517949162,2.045727592638146,14.693291001340716,17.903374293157988,-9.66291790383959,4.20664505965099,4.53,63.044064748201436,0.83,Small
DAC,0.5020923250621669,135.02000427246094,11.248015390375413,1.8471840165436673,-1.1208928937594311,1.0904215227692777,5.002176897412913,14.940512235956255,-2.667241144504339,3.2333838606950125,13.48,63.01258992805755,2.46,Mid
CODI,0.5451908818237903,12.319999694824219,6.824501009935704,1.9742677330097216,17.69201156830718,2.2765016598068306,24.949291313935838,0.9014464264260875,64.4859822517743,4.232374430593165,10.32,62.99460431654676,0.93,Small
AVBC,0.5189458396260404,21.450000762939453,6.4541284575292845,0.27051006064231553,0.8604925359097401,0.7246384699262493,5.82141232594601,10.386790731618316,6.135585030076198,3.7279391288664643,2.93,62.783273381294954,0.4,Small
TTWO,0.5147502432997602,250.5,8.429678623336807,0.14779206049605073,3.896427727110352,0.5469280134172884,2.74815293861679,4.248154792731762,4.6890677356635875,3.4710573273096657,621.77,62.7023381294964,46.84,Large
ZLAB,0.5036350597954363,26.0,5.988418116862358,6.042222919728197,29.14441835013485,3.4637817763190637,27.201562232868646,0.0,11.492282762146322,4.692308195344694,25.05,62.48426258992805,2.92,Mid
RWAY,0.5120994374442186,6.699999809265137,8.741609471603525,0.1442085701255145,7.5305805492687545,3.3937765722558506,19.21708088089124,14.67042118942554,8.626221644854542,3.278253014195534,4.24,62.25719424460432,0.28,Micro
MMSI,0.508182205087932,91.11000061035156,14.394967921338614,0.87548833690664,13.076178941626567,3.3463733856463307,24.73986783690658,0.0,27.017979013205316,3.173166332092372,85.92,62.21897482014389,5.44,Mid
TPG,0.5002968123295253,50.599998474121094,6.520846750195427,-0.1371542052330424,12.344578824541346,2.3508427840369586,13.733415520355457,0.0,15.205650706209251,3.742236977746442,122.03,61.39613309352519,8.12,Mid
TIC,0.5166214272154324,10.539999961853027,5.802072753545221,1.2808544357504743,27.758865445737722,6.2546843670153995,47.20670650838783,0.0,37.06111681476484,4.75874146632429,23.1,61.17131294964029,2.3,Mid
VNT,0.5002669199896419,34.08000183105469,9.58916871716101,1.412485597955515,2.6989588008449803,2.440621040401397,14.824802831836086,35.090158003146016,11.216022763029473,3.4280676154414387,58.93,60.894784172661865,4.61,Mid
DV,0.5054118440294186,13.25,10.425462248302006,1.55754860736385,13.826724517214132,1.9710043159481585,12.098141641077818,0.0,0.302800618731946,3.9083542528178175,52.02,60.78012589928057,2.03,Mid
ALSN,0.5062243218772634,124.98999786376953,1.6216845593473181,-0.48377868189449524,4.787164142057794,0.9886730590497628,9.362146174149583,16.27653805405572,7.4074030365756,3.6617222693330223,143.49,60.48561151079137,10.32,Large
FSS,0.5187909608639252,128.72000122070312,5.48546318652294,-0.28158618168110455,5.57093507617336,1.3802563898947091,9.288506159533409,5.07378322818915,2.6720893361276596,3.6790825075691918,72.7,60.31474820143885,7.86,Mid
ESP,0.5320869353992543,63.790000915527344,2.486510478795348,-0.2512519373932003,5.101802635224455,1.2290179016629645,12.902656487430649,33.13578863435553,-4.961265933760185,3.8675996193999542,3.4,60.24280575539569,0.19,Micro
VREX,0.5036350597954363,18.579999923706055,8.011548337981946,2.4889324555248966,55.19545631238191,7.657029265522762,72.19647811558696,0.0,0.6500587496119364,4.522912652480652,13.53,60.209082733812956,0.78,Small
ATNI,0.5298244268091207,31.290000915527344,4.035309080261033,0.1692453358783729,18.808327267792553,5.052391813596407,32.41642838123602,3.533510112826911,27.451291458302236,4.677440821860941,2.57,60.09892086330936,0.48,Small
DD,0.5119137006317378,144.49000549316406,0.6206989266289035,-0.7913416199570568,2.8448688560363466,0.9763052857302735,7.140742131957187,22.179662756416302,5.467157294240431,3.096852309703063,216.95,59.977517985611506,19.51,Large
NVST,0.5238981007409835,28.520000457763672,4.726839834938314,-0.46023473309895063,4.442086604885863,1.2270167704956478,6.776493580171855,8.654086528769001,17.41457135704825,3.4249150783703017,81.65,59.725719424460436,4.58,Mid
VSEC,0.5116602933688517,241.82000732421875,3.3347669818655197,-0.08820435332481703,17.867260494227608,1.3931645020288814,18.56828190362828,0.0,36.494026244371966,4.745413033666834,117.43,59.7234712230216,6.79,Mid
MG,0.5415273389045376,18.59000015258789,7.623335449670267,2.9922111205875277,9.53205900372594,0.4970680926361821,15.82555162684402,16.768870657489167,-1.2221017319535898,4.2150150886182045,3.73,59.61330935251799,0.59,Small
BX,0.508182205087932,147.1699981689453,9.981795040234264,-0.07529208245255496,12.761403676700109,2.3527973658022043,17.017913935108623,0.0,35.87687117242603,3.5142492969203207,772.87,59.57059352517986,117.73,Mega
SWIM,0.5054118440294186,7.590000152587891,4.289380613017996,0.22785168466265993,23.837495962610234,3.591650456262626,29.081632730865113,0.0,7.812502750525163,4.9736501927703705,6.54,59.53462230215827,0.89,Small
APA,0.527680383577105,40.619998931884766,2.7651199485894127,-0.31011458719903023,12.045704904439528,2.4511835855988715,19.363567770214328,14.388917003171922,5.2919954149203585,4.012802298231065,227.25,59.52338129496404,14.23,Large
ATKR,0.5046909997071299,93.87000274658203,11.711720252888522,0.25716501997508695,16.2599186248508,4.115409511041303,27.14343819347787,0.0,0.34206273049906144,3.6315418799338914,68.44,58.545413669064736,3.17,Mid
DXCM,0.508182205087932,89.52999877929688,13.063492739784124,0.301702581174905,13.727878718475194,2.3732736650576443,23.099126421985364,0.0,37.5480163098482,3.5486898808547886,465.19,58.19469424460433,33.79,Large
HCC,0.5445194249774076,97.79000091552734,5.247022337451422,-0.3618846336137961,11.781113756674436,2.4479677597424776,19.578668019301006,8.676464482095227,20.41724816108241,3.7378130801590608,74.17,58.147482014388494,5.16,Mid
CENTA,0.5032648783687613,38.40999984741211,9.141327590217255,0.4051111887998151,-0.16245419629935726,0.4412130835789917,1.7214024225499482,17.886084021588662,-2.3143434752079903,3.7397256462678468,13.67,58.1160071942446,2.4,Mid
NWSA,0.5029980357353424,28.6299991607666,8.540061625126759,-0.34460208528618486,1.8516837240698585,0.5257038187840486,2.323086594500676,3.926861707305935,14.841551585036436,3.3368594682027104,146.98,58.03057553956834,15.48,Large
INVX,0.5224653161368553,30.139999389648438,3.2217980886127906,0.9378824818755627,9.399101203370943,1.9841198689565305,16.460588743663017,7.920530556685311,13.138138438654098,5.730400270200195,16.07,57.84622302158273,2.11,Mid
DHT,0.5020923250621669,18.200000762939453,3.753963430102769,-0.550535699902394,-0.3667774930655906,0.5615196586014612,1.0549724132838825,25.571918878446297,-4.026339835772212,3.371270006985926,58.48,57.84622302158273,2.93,Mid
CART,0.5187909608639252,49.38999938964844,9.767375060327653,0.6421031162820712,7.657431285765664,0.6295242082882911,3.7387077429956457,3.860924231585576,-1.5547115960712528,4.055334505470333,215.0,57.78327338129496,11.43,Large
BZ,0.5059106372895059,16.75,10.887458836241334,-0.020301489392100795,5.147521219761216,2.711241152335273,12.41611025979374,2.0579369432684294,25.000003556620687,3.533048162073977,56.92,57.76528776978418,7.49,Mid
BDC,0.5187909608639252,134.63999938964844,4.105132025499919,-0.2786345928344926,14.103574729968619,4.042472517446657,32.61105191382801,7.100688750409971,12.650605062858045,4.182847869849691,78.8,57.7158273381295,5.26,Mid
SBLK,0.5017172924506917,27.670000076293945,8.849352049713742,0.0487809037714827,0.43921810252483573,1.015693572514667,5.009486435159202,10.094064029549939,11.73222957486357,3.776653188194432,35.45,57.126798561151084,3.09,Mid
WHD,0.5116602933688517,72.04000091552734,9.513470648571635,0.10711124183456024,20.11871930121531,4.4542946229243805,35.950176699923134,0.0,38.51183087871048,4.040710916498783,59.61,57.02113309352519,5.78,Mid
AR,0.5004352996335081,37.83000183105469,6.09401148322967,-0.4117779016627615,2.228972999621923,1.1849068129089597,12.656342370842427,36.00570009819497,-12.63278868882231,3.260828447161728,181.87,56.901978417266186,11.63,Large
MNTN,0.5002968123295253,11.40999984741211,2.6931624156658667,0.013878632868033732,17.65312333566616,1.5763285037438433,12.303149789863044,1.1237611511750965,18.60706842994861,5.5550896835960035,14.78,56.86151079136691,0.84,Small
SDRL,0.5168961333935145,46.70000076293945,6.123903400445523,0.49998855719089663,3.863178059770525,1.2682846591279007,8.959402934704716,26.288889568011363,19.620900787861654,4.3996633404273,40.69,56.62769784172661,2.92,Mid
XFOR,0.5347193789773245,4.28000020980835,0.4801996678189711,0.5143196832434636,6.256211082066931,0.8680883862592115,9.743592437212005,17.640920496538325,6.467667414198232,6.4502675182061155,3.39,56.47032374100719,0.42,Small
REPX,0.5152719571630195,36.52000045776367,1.5319747891517945,-0.748426194197477,6.167939277187067,0.9133433853045985,7.842402620834157,13.254686215012903,13.257244867610178,3.594949442943659,8.41,56.35791366906475,0.79,Small
LB,0.5116602933688517,83.91000366210938,8.030801865290163,0.3119894714555649,8.917450559855222,0.4603130408575475,7.480471359086637,0.0,37.760636795169624,4.697378274293042,29.23,55.640737410071935,2.34,Mid
TBN,0.5208724888111906,36.220001220703125,3.3462943938872973,-0.49755088261382996,5.648237177371354,1.5847017719219407,13.293719106964094,21.118693053572756,1.3146887292027363,3.9103688655956743,7.1,54.93255395683453,1.26,Small
BSY,0.5027262169189033,36.25,5.012184170430906,-0.03494352191809544,6.749514129444754,1.8291952709788248,14.93341454535139,21.395408058986842,-0.45012994347625873,4.547388612343173,115.7,54.89208633093525,10.95,Large
NPK,0.5243323322053403,138.22999572753906,4.552455893424619,-0.6460866318798317,3.907718446202779,1.7241447432917174,12.16325715959356,22.947204771876383,4.237987400104441,3.3722250511947127,15.85,54.83363309352518,0.99,Small
BWMN,0.5330885450787691,42.369998931884766,7.941254211176525,3.6488728440344853,39.69973701132227,5.607756971485072,60.492422513294876,14.923117425091897,-0.11786713629792535,4.912319967641633,9.51,54.802158273381295,0.74,Small
HLX,0.5022831017294045,10.1899995803833,2.6702318739230217,-0.46550977520649595,6.562086583057951,0.8011381923343429,8.059376993973055,9.892756549831748,-3.4123279981890056,4.296930688731373,15.34,54.70323741007195,1.5,Small
EGBN,0.5175301507368707,28.389999389648438,4.607024257962547,-0.6978216696858892,2.285487743627985,0.57042385516757,4.411954724112139,9.545189406261569,-2.5058257613567045,3.435833470423818,8.67,54.680755395683455,0.87,Small
AI,0.5160130226906771,10.630000114440918,4.654143748890241,-0.28769753060568104,10.29717101652358,2.214329761359554,16.301966247120188,13.821352719848218,26.547626153765773,4.291759947681077,68.62,54.65827338129496,1.65,Small
VRDN,0.5059137295615382,22.969999313354492,8.113780789561794,0.26871761299691127,14.329796081113624,3.0281273450439428,20.514165565395757,14.699284950404955,22.506663003356937,4.300951485739695,48.35,54.608812949640296,2.6,Mid
VRSN,0.5355689599555391,287.6300048828125,5.830690612376686,-0.3870146376983624,1.7370626617942184,1.1857299088985402,6.324861956213021,19.666223147731376,2.725001743851875,3.799511621146178,242.54,54.5863309352518,26.0,Large
TGB,0.5313718708965693,8.819999694824219,4.0030633318382565,-0.05278575527464548,18.080188801474264,2.4833641253591776,18.548382080709764,1.106408536682636,30.28064578095234,5.531260252694354,50.44,54.36151079136692,3.23,Mid
JCI,0.5012116626915659,154.75999450683594,3.673442414159906,-1.026116545275941,6.210234815674881,0.8893798086844744,8.405716210181932,0.0,6.878446992469474,3.2347332487309894,667.68,54.35476618705035,93.74,Large
MBIN,0.5195108211622816,54.44499969482422,10.235674063913013,-0.14217417126878995,5.142206203464196,1.8123099108303797,9.96768640778761,4.3130072541837245,8.868229398225594,3.7772069247192968,9.56,54.29856115107914,2.5,Mid
AUTL,0.5162427278193453,2.3299999237060547,5.560258144683852,4.116818093824289,40.12929876929778,6.296946273928798,54.30463164759237,0.0,28.02197012503513,7.452483731110846,3.94,54.28282374100719,0.62,Small
ESQ,0.5012116626915659,132.9199981689453,12.297112715621928,-0.26609039530741524,5.208999463164362,1.534604027992446,11.230123990655239,0.0,14.566455796172633,3.473787342063192,17.71,54.0535071942446,1.15,Small
FOXF,0.5116602933688517,21.540000915527344,8.444277023347997,0.5265126322159552,12.845770574436754,3.245348830963711,19.533853319364315,0.0,27.909742993310378,4.994694135319384,13.28,54.008543165467636,0.91,Small
SENEA,0.5046909997071299,184.4199981689453,11.070465922818913,-0.10696055620975055,8.755198449643501,0.6108200669714872,10.272657325630593,0.0,5.160519646281979,3.895996388687816,25.7,53.932104316546756,1.25,Small
HSHP,0.5064771815930017,15.510000228881836,11.702249990800519,0.09905249923790646,0.4479333859166297,0.43855770770862823,0.8668385714629254,6.219792511108146,18.309980260406316,3.840381062848006,4.6,53.776978417266186,0.73,Small
WHWK,0.5440236544258178,4.670000076293945,3.6551201077535964,0.8613020799358326,13.36052253953797,3.0221547091062466,21.2987062794914,19.44282174727555,-5.273828824443542,6.445394925892593,2.38,53.41726618705036,0.27,Micro
TSAT,0.5233253527790144,59.47999954223633,3.1549196745134243,0.0313719290797914,33.57467137016971,7.079514563023974,56.856546449886366,0.0,8.639268570136869,6.966327068880728,17.38,53.17221223021582,0.91,Small
OWL,0.5037482639537042,12.319999694824219,7.891942977146557,-0.4471232015561563,19.339368224897573,3.8059324646984978,27.141385222490083,0.0,29.33364288708008,3.871754156555994,272.41,53.122751798561154,19.21,Large
P,0.5116602933688517,109.37999725341797,9.152713975297177,1.303583141363327,38.61097248073708,4.343025819622795,54.60070283091443,0.0,49.75355405515566,5.207271650385473,323.78,53.10926258992805,36.36,Large
ALVO,0.5099470004902108,3.799999952316284,2.350439607842843,0.12125979497888689,5.266073153020382,2.054397923486139,12.42603028197168,31.70378978935621,-1.8087838577441566,5.783834028041163,3.57,52.972122302158276,1.29,Small
CMC,0.5013388597949944,72.04000091552734,2.015852488549049,-0.9293107745796445,3.069446135039967,2.039606801137285,6.868412701113334,27.9573111914296,4.442441179057563,3.365193382712184,94.25,52.652877697841724,7.97,Mid
CACI,0.5046909997071299,667.5700073242188,5.574277577968974,-0.46565479839073526,25.7604109421766,5.3755777154744875,41.485286294231464,0.0,6.167405755809761,4.319237195020957,194.49,52.5876798561151,14.75,Large
STOK,0.5009141146057817,32.959999084472656,7.337687910864298,0.9877724708832347,1.9246129109297363,1.333647327337414,10.197255942889843,37.04117560016016,0.7334897763094859,4.8131946566063055,28.23,52.55845323741008,2.13,Mid
BAH,0.5141684156907497,78.56999969482422,7.023302269815932,0.03657902727453304,5.563473487621441,3.0395584280485943,22.880827935731592,25.421465173143954,0.42071413261557483,4.439261972218539,184.95,52.544964028776974,9.45,Mid
MSI,0.5013708460185357,466.8599853515625,3.108169579748619,-1.1307981088186896,8.143414580954131,1.6690314299518985,14.656906957399334,9.618696360112805,21.94568586564917,3.129954056943661,474.52,52.320143884892104,77.26,Large
APPF,0.5037482639537042,203.02000427246094,8.732857222939304,0.24631676808919106,11.409731551693351,1.9970866651475123,15.74687077362133,0.0,23.830441019352115,5.02314936078362,83.3,52.290917266187044,7.19,Mid
DSP,0.5240708913874179,13.1899995803833,6.425470588885333,3.834145425080772,8.96593561640801,0.7593075922524742,1.5396444401363105,8.023526399915976,-6.387512862981856,6.3749602734674875,3.91,52.27517985611511,0.26,Micro
TILE,0.5116602933688517,38.540000915527344,14.175358112509354,-0.16954590219233356,12.15551842275345,2.356131217381052,15.354687492939483,0.0,50.58464093192874,3.6029353852967163,20.49,52.205485611510795,2.24,Mid
PLTR,0.5187909608639252,174.94000244140625,4.305258006416532,-0.24036459765486431,25.532351852294067,4.956807173194376,30.786490449622367,1.0340759558997077,7.549488812708007,5.343261319213244,7799.85,52.19874100719425,420.39,Mega
GIL,0.5176540072837289,58.5099983215332,5.925588564458815,-0.5482930539165203,1.8698476242850073,1.6687603524661088,11.553855996814654,32.23833480211882,16.229634771590305,3.546401401594159,104.61,52.04136690647483,10.84,Large
PDEX,0.5289323696721354,66.72000122070312,10.444015510597234,1.0412242600082933,8.406017080457561,1.3458747640239075,18.004952494084662,4.310101358772397,6.09000138044873,4.815432005309473,5.94,52.02787769784173,0.21,Micro
ARLO,0.5021604120965714,14.729999542236328,5.192293332699712,0.18111692030164597,4.165190284202133,1.942832203918395,14.71962123863615,21.510585689536583,-6.118547251499256,5.297741459411986,18.72,51.98741007194245,1.59,Small
HLNE,0.5037482639537042,104.83999633789062,8.228143096416538,-0.2363899928506219,14.797834304366647,3.51140973105877,22.205379669943937,11.477945174661611,34.80776760055264,4.092562456599422,95.99,51.93794964028777,5.78,Mid
SAP,0.5037482639537042,209.67999267578125,4.51515867486159,-0.8019825327915004,18.083005088167656,4.463694780063945,34.487837695045,0.0,30.673816696851596,3.7940468431616905,647.63,51.86375899280576,242.01,Mega
SCM,0.5148534396332995,8.800000190734863,12.711686797483473,0.42039565482934776,1.759266200483069,0.7459202954248279,6.5749731893432335,37.625820965927645,24.636004909839986,3.7101166981782505,2.15,51.812050359712224,0.25,Micro
SRTA,0.538831332204722,6.03000020980835,7.889619486849695,0.21383044810321825,10.1651595195894,2.260536046466626,11.254614848990192,6.793252948431834,14.42125676448311,4.9395871290754085,7.4,51.80755395683453,0.53,Small
CGNT,0.5049360887308612,9.369999885559082,0.9766906848338687,-0.9125450900469894,4.5739470027922415,0.5609699532943602,4.809847039268503,30.941225679500807,1.516796860790151,3.5965837492469586,6.75,51.686151079136685,0.69,Small
SCCO,0.508532641643542,194.47999572753906,2.3042029647455426,-0.7239016908857919,6.423094550473079,1.760433983715801,9.019916210200993,11.25390797193203,25.744548207757024,4.0960340491873986,254.1,51.605215827338135,164.21,Mega
FLR,0.5064523279716363,52.95000076293945,3.795412848497337,-0.03490189242416754,3.9795004227140094,1.062752947338457,4.293874897532092,16.99827774650767,22.258136882375577,5.656279468638871,139.52,51.58273381294964,7.08,Mid
STEP,0.5141684156907497,49.5099983215332,6.625674157624642,0.22059757769735108,5.673446105065656,1.454561992560373,10.56275049368139,19.728022334525495,6.679591648882884,4.995816072654064,78.14,51.510791366906474,4.07,Mid
MASS,0.525662773568496,10.010000228881836,10.698242606741637,6.728701184891543,21.645928982003802,2.261502789751923,24.347825980915548,0.0,14.009117689965073,5.4210061659868,3.32,51.409622302158276,0.41,Small
AMGN,0.5188311802846239,414.29998779296875,8.168426929283022,-0.8158798040109836,7.694163543785063,2.169268046709303,15.622901128694552,0.6054303677841966,20.01971834690729,3.178684029293592,1150.25,51.31744604316547,224.14,Mega
KIDS,0.5046909997071299,24.239999771118164,14.158679843885713,0.6920364303545735,17.582856152608468,2.483129317094989,22.920895613183383,0.0,8.650830799146991,4.348772909246366,4.27,51.25224820143885,0.63,Small
TSHA,0.5267173303137138,6.679999828338623,7.78538028715951,1.1433915278913975,10.382203626514611,1.8729951476897526,7.915989765903691,8.937911018908903,7.568434576953903,5.56779238207751,21.85,51.2455035971223,1.92,Small
HIPO,0.5172975529736591,33.38999938964844,11.300958097796396,0.11954684098917187,9.292656439298241,1.9148009502242067,16.829949190392988,0.0,21.595049172135507,4.506481917130143,5.48,51.15782374100719,0.88,Small
FLOC,0.5425758824619848,23.260000228881836,10.786008233448193,0.1722068893822268,2.386770415556316,1.2691987945935959,15.034624226565624,31.767267545288558,7.598485090103149,3.951604724831225,16.21,51.12859712230215,0.97,Small
ECO,0.5308082402245649,60.7400016784668,13.940464292419993,0.13566289917983415,3.5635145496465626,1.4916593055133232,7.219770595499976,3.078392488834889,24.72138729287148,3.971964819983178,28.32,50.97122302158272,2.37,Mid
OLED,0.5206447404813868,94.04000091552734,9.494138920784842,-0.26552429975744285,3.295258695254081,2.3473946663332574,18.170393002740788,34.16248147642385,-1.9104760011333357,3.6656135433550125,71.31,50.88579136690649,4.32,Mid
CGAU,0.5116602933688517,21.68000030517578,4.899868915486626,-0.570193493832933,23.42240401967018,4.822084946510959,38.001274679519156,0.0,37.54820331344682,4.38191944875715,34.81,50.852068345323744,4.24,Mid
EYE,0.5050672378561082,22.059999465942383,14.321797420874633,0.979718163811923,-0.20940728780115533,1.923350822289294,7.243557574872687,39.42035508489117,30.3782468449639,3.786751031375762,46.23,50.836330935251794,1.77,Small
FIVE,0.5287941710677684,234.23500061035156,6.834234160411599,-0.6588897076311434,9.286380042451436,3.38021935240089,21.346423919296324,11.804405118518863,21.889474341466205,3.5269816815336354,307.28,50.719424460431654,12.95,Large
ACAD,0.508182205087932,29.40999984741211,14.700444903701962,-0.41318104255127336,10.880711726835964,2.0782018299609937,13.464505249656314,0.0,32.65674220061561,3.279983252910057,49.17,50.636241007194236,5.07,Mid
DLR,0.5271162642112659,190.80999755859375,1.145317990724355,-0.8177797062498257,1.948022921501143,1.2022786044650957,8.371664463640748,33.422863963605714,6.253477900084602,3.857054343438747,611.49,50.56205035971224,70.61,Large
ADSK,0.5074284242393615,251.58999633789062,6.438476184187242,-0.5148645829219124,9.096386941454169,2.9243447230467745,20.389511666801415,6.339566048811507,29.805998777379667,3.994311464992623,676.86,50.53507194244604,53.12,Large
TARS,0.5084887847106566,69.45999908447266,7.065160247039872,-0.12557070561302433,7.180536299365109,2.406632037721954,20.799998407416794,16.366660695016726,14.074560322857238,4.641932418865659,71.32,50.43615107913669,3.05,Mid
B,0.5109276344493884,40.130001068115234,7.788418872574561,0.050143917234800356,-1.540883101486127,2.1034727418663803,11.75160467423318,60.47078444787082,5.274724702743686,4.204195248887093,429.16,50.36870503597123,67.4,Large
DNOW,0.5116602933688517,16.65999984741211,11.630950922109928,-0.4091652913840761,14.904475298728267,3.797830712053537,22.49999544034347,0.0,40.59071148265991,3.6786147127268305,47.63,50.36645683453238,3.01,Mid
ZS,0.5037482639537042,178.5500030517578,7.76484158660201,-0.4005200501372574,15.734515517039673,3.029604163930731,20.48721243671679,3.2389973147308364,41.24673513071388,4.207807111036308,620.69,50.24730215827338,28.87,Large
EMR,0.5012116626915659,164.3800048828125,5.73063185583504,-1.051853335244523,10.21489448401663,2.4382705373221008,20.645875143197095,0.0,11.523976995323505,3.268990512302562,467.97,50.24505395683454,91.69,Large
QRVO,0.5438986596395625,96.68000030517578,5.127402415849163,-0.8625721737919161,4.019512920477282,2.2647919911241137,15.867686332953221,22.21805581041585,23.694979241419396,3.326658270755279,125.57,50.17086330935252,8.53,Mid
LE,0.5027262169189033,13.079999923706055,4.874446838553781,-0.7179038464974998,5.141172149383169,2.286165888870039,13.148784159025723,26.28863808119727,7.920792468089045,3.615116250462541,3.55,50.13489208633093,0.4,Small
OXY,0.5124827868341891,59.060001373291016,2.899711565826799,-1.1186407610014055,5.293975127204283,1.0253308393155318,9.838201358365724,24.347541798360243,1.579864777761737,3.2146477654213133,556.81,49.98201438848921,59.04,Large
PCVX,0.5003068593155107,59.220001220703125,3.740797575693413,-0.6484225585778159,5.698096936266603,0.36993290192077555,4.370813304247392,19.925905670862402,4.777071374777044,4.104670859011575,84.26,49.82014388489209,8.81,Mid
RDNT,0.5257482887901627,76.33999633789062,7.853005701920523,-0.35730892765931843,17.200478116464307,2.7053554158589113,24.311995647830255,1.6943313557886481,25.68323053684969,4.4529175760939275,69.27,49.81115107913669,6.0,Mid
SWKS,0.5206447404813868,68.33000183105469,5.859267167243982,-0.15959752053650775,2.0682548916008936,2.6406765666382066,18.81412593483255,32.788107477785225,11.668578794692861,4.717653312448509,384.95,49.81115107913669,10.28,Large
TCPC,0.508103824580894,3.9000000953674316,6.170773561927896,-0.366874979988832,8.089180533360649,3.607153841211515,17.824778326557787,21.090258498365106,16.618079912183735,4.294872615576286,3.3,49.806654676258994,0.33,Small
ADUS,0.5273405471479141,116.88999938964844,14.43588695292426,-0.4032337711546135,1.249485302090043,1.331513349344438,6.099665364736622,4.390824218737127,20.56730589877766,3.2872780770960564,28.97,49.59082733812949,2.18,Mid
MATV,0.5257482887901627,12.800000190734863,10.559696367717194,1.7386120424694733,38.281209770858716,8.92562990733223,64.94845119263319,3.7803582424869906,56.288166617621826,5.368305024125459,7.23,49.577338129496404,0.71,Small
MSFT,0.5222768557137544,503.80999755859375,7.606880699784492,-0.811245674885956,15.676653054217871,4.171819006286941,27.34372806419251,0.688452502676553,35.08056838601234,3.4766503796986004,21190.42,49.518884892086334,3741.06,Mega
ALLE,0.5153155501606116,168.44000244140625,8.740970982991879,-0.8117080279881045,8.847231221786299,3.112038147821127,24.017076540924833,2.611684732073064,8.973277130022204,3.227940821347002,215.24,49.455935251798564,14.32,Large
MTW,0.5046909997071299,19.459999084472656,11.550809992279895,0.5400422544946641,33.10077782039755,6.937535981350106,50.270265409943924,0.0,3.4556067886796846,5.054323593542446,5.73,49.305305755395686,0.7,Small
VTOL,0.5032648783687613,46.16999816894531,3.9155447916484682,-0.6794126434549871,2.0106025490954416,0.8691771200401072,5.218771752587499,30.361540878894406,9.020070442430628,3.9281852257202226,10.92,49.27158273381295,1.37,Small
PRAA,0.5335284167415419,18.739999771118164,3.5242679088088757,-0.2603679402310649,5.3963591484265585,0.7793459106224914,3.9378760809430298,20.4065894635716,25.4350756172044,5.506174463311738,12.08,49.240107913669064,0.71,Small
HPK,0.5189929607831391,8.260000228881836,8.158147926601014,1.3131170435067023,13.087173374906389,1.0657937420101231,13.30590222183194,0.8414469462237744,45.16696213295192,6.748097508858268,4.98,49.1681654676259,1.04,Small
FSK,0.5024593709941791,12.25,6.446131820200398,-0.9143336141443001,9.899968918817432,2.0508118894508502,12.488518031923205,1.5467318359622944,18.443068273501424,3.43148645784695,34.01,49.14118705035971,3.39,Mid
NEM,0.5328673903896574,117.20999908447266,9.285747815679265,-0.5643573525481126,9.598547331725447,3.3975225315873403,23.106816732820246,17.804359002726816,22.634316473023855,3.4237929933150952,964.76,49.132194244604314,123.5,Mega
HMY,0.5257482887901627,19.510000228881836,3.3101564428719725,-0.6893457667153623,17.36884026659105,4.369625759399441,28.778882639250813,10.455708953900936,49.28927168689106,4.2835174899342565,69.75,49.10521582733813,12.32,Large
EGY,0.5069451147500589,5.789999961853027,4.5600321684022544,-0.5866761758647243,3.6982898152544146,0.94915912140627,9.245278365881928,35.232860926870224,3.7634415946347013,3.9538612692104023,7.66,49.07823741007194,0.62,Small
FF,0.5310366412398864,6.369999885559082,12.518276944855202,8.218718668695294,29.36636707707209,2.668891203606389,37.28448423449996,0.0,23.449613831274178,5.416011501239745,2.48,49.0714928057554,0.28,Micro
HGTY,0.5195108211622816,12.779999732971191,9.798864779502443,-0.13525037045697866,5.336902557434108,1.0662665891679832,9.13748668870341,5.893136194254117,12.500001048277229,4.49972036319748,2.02,49.06025179856115,1.3,Small
GEHC,0.5047412757250568,72.75,4.697519028988918,-0.9307460416815739,6.808287194821499,1.9803450462738692,15.175793231683171,12.616071380337365,22.368834156375268,3.4890729948995247,376.69,48.992805755395686,32.86,Large
LQDT,0.5257482887901627,41.779998779296875,12.025398057004976,0.02013795358935438,6.188838469132537,1.019307609899121,5.37199791019941,3.8519228272209114,45.879887113192204,4.323650215911402,8.97,48.98381294964029,1.31,Small
VEEV,0.5116602933688517,236.5800018310547,14.875714878622947,-0.30556592321540565,15.870905363814568,3.072349019416678,22.156247259555336,0.0,41.36838554060323,3.656570404242549,538.84,48.95458633093526,38.43,Large
SON,0.5177404218265605,57.79999923706055,7.802076045203171,-0.939397723832505,2.15661655724551,1.0650127522901218,8.585531534879866,4.4845267654137775,23.914874497010832,3.124612501411333,71.75,48.91187050359713,5.71,Mid
INFU,0.5257482887901627,12.460000038146973,5.883276272470499,-0.13118892992467185,23.26260227298441,4.604956632877351,38.29078491944037,0.9226654574227371,23.980097526705492,5.961935098996849,2.7,48.767985611510795,0.25,Micro
CSL,0.5187909608639252,389.9599914550781,1.0005028231548045,-1.1028747021376395,9.394897688117075,2.3113103898466383,13.32751657599017,6.241046285271493,8.662462478322173,3.8822632677687015,188.99,48.718525179856115,15.49,Large
CLDX,0.5116602933688517,44.33000183105469,14.95701446933228,-0.36427005212951435,16.77005961367952,1.7692715941778077,15.713913447686693,0.0,42.72376881150872,3.587056892892511,48.37,48.71627697841727,3.48,Mid
IFF,0.5153155501606116,85.0,5.9986703457326565,-0.9552109522831372,6.542993842629348,1.8303423581273022,12.866820814511948,2.958954888181066,12.359548295314946,3.4382347299271276,166.11,48.705035971223026,21.69,Large
JAKK,0.5295270712464718,25.440000534057617,13.885308261530543,1.4883175117767355,0.7365198781686357,1.6830408853628618,10.99476635805141,14.209531333765973,15.773897512214166,4.515835764904677,2.2,48.664568345323744,0.29,Micro
NIQ,0.525412629242467,16.579999923706055,14.608028707578704,8.350371327501371,44.10499221492027,2.9390715974912265,50.86442464511989,0.0,102.19512571147196,5.066775690885936,26.73,48.61735611510791,4.89,Mid
SSYS,0.5117332786307848,9.010000228881836,3.995509325523979,-0.71851221514076,4.214059783406547,0.9839051833731839,8.685166106816464,26.211908938495455,1.008970311749077,3.9479942068860816,6.93,48.489208633093526,0.78,Small
BKR,0.5237215749496119,64.80999755859375,3.445184609300131,-1.4287491510581452,5.910077375727857,1.550507788863545,13.62169438398626,13.734553125009578,10.777283863495498,3.150690178126752,563.56,48.475719424460436,64.34,Large
GITS,0.5313718708965693,2.8399999141693115,4.765561522427679,0.06863854665092864,30.096193691489994,3.435205035977853,32.71026984222408,1.6279929360548686,30.275221417360843,8.586518860895,2.39,48.44874100719424,0.01,Micro
AXTA,0.5126689272870789,37.279998779296875,12.44822604227939,-0.6509773404916934,6.860817243081428,2.3785067443129755,14.95528346694924,2.4135368830992556,22.91460228435255,3.1311282055240133,75.87,48.39928057553957,7.98,Mid
CRSP,0.5015625612433762,54.06999969482422,5.67467769131672,-0.7522093725396355,3.330070485620159,0.6770425496421035,5.255987578405485,30.833907784172247,2.4053039319898324,3.5687869371477094,89.71,48.38579136690648,5.23,Mid
LYTS,0.5119398508423069,24.700000762939453,8.682429105514235,-0.6520122793947286,0.37876017959404373,0.5869285095011773,2.532173542808014,21.01460574873954,14.48567213281817,3.371891118350284,9.25,48.367805755395686,0.91,Small
RPM,0.5057001220287725,116.66000366210938,4.549066017086882,-1.637148084932953,6.611838308188384,1.909369808043839,13.218170249838787,1.4376254338430525,8.42538395416521,3.114667847328404,104.52,48.36780575539568,14.89,Large
DCBO,0.5257482887901627,23.059999465942383,10.92356176025661,-0.05282433171819407,12.742158847585111,3.178005760799818,31.545913076855797,0.9663457755160927,42.345669009306526,4.650291424846533,2.27,48.30485611510792,0.59,Small
PRGO,0.5037482639537042,12.850000381469727,3.0642756523587433,-0.5061011427448497,16.47933461462025,3.7817501543808065,26.60099373545006,7.78210552507629,29.14573494979106,5.138966406216222,46.98,48.219424460431654,1.78,Small
DVN,0.5126377885938537,45.400001525878906,4.2277112233424265,-1.0140974675704713,-0.006212920968809669,0.5002056862487168,5.753555096871961,45.205603291734256,-6.0359286106840395,3.1560725117029462,588.14,48.219424460431654,49.94,Large
AMZN,0.5259767906758384,272.2699890136719,5.502397341587079,-0.8233986023644236,7.036778564185438,1.6930822860855825,6.789293161245948,7.465896703102443,17.0097495194544,3.7843225893671866,14497.88,48.1160071942446,2936.79,Mega
OMER,0.5257482887901627,13.600000381469727,9.056811302661993,0.3300717725878651,18.11707806928593,4.43020610825606,31.147546106506336,9.029277472263344,56.86274811100714,5.38860183715735,25.21,47.96312949640287,0.98,Small
VZLA,0.5127498275540362,3.8299999237060547,4.0733553182160485,-0.42021848160346076,9.886429243008607,3.236744605858602,19.687495826179198,26.602731523173475,-1.2886646713200245,4.875047319107971,21.78,47.87320143884892,1.34,Small
SPB,0.5120923784800746,87.91000366210938,9.84666401951873,-0.43330081513860597,-1.133623803684656,0.7820643957115129,0.2737601211064474,12.478685439544677,26.814648309063404,3.856208911279234,31.87,47.83273381294965,2.02,Mid
MSA,0.5188311802846239,192.9600067138672,5.514498851319482,-1.0292212510679448,6.501824022350997,2.064039680128852,14.177518765517997,10.93201092934956,17.379407159876173,3.325680366450417,62.65,47.79226618705036,7.44,Mid
SHW,0.5153155501606116,364.4200134277344,4.565516861025549,-1.44925968431929,6.421287153819851,1.5630495143280525,9.669266019586681,1.4290104425059604,5.914495791631317,3.2552534744169415,869.85,47.78776978417267,88.47,Large
CENT,0.5120923784800746,44.13999938964844,10.019972194897878,-0.3599905568388902,0.5799164731938823,0.5038304289266318,2.4843271473901565,14.265151591943475,25.433364910370095,3.988122337780052,4.11,47.751798561151084,2.76,Mid
CHRD,0.5154269106281971,139.22999572753906,3.8593645061127764,-0.7917475487083757,4.029912888008988,1.801192221523561,12.791633970924451,18.3563867823215,4.091077355488579,3.9928786366128066,115.02,47.751798561151084,7.62,Mid
OVID,0.5347193789773245,2.5799999237060547,1.6895818356241123,-0.4147568177492843,5.044579709829091,0.8687554813384226,3.6144543690146884,32.85509672433602,12.17391204665239,5.454042982514598,6.41,47.74280575539569,0.48,Small
GGB,0.5041541380531815,4.690000057220459,13.383105090671659,-0.3628687963603016,-3.6960965382634194,1.02686470190828,-2.2916693566765662,24.999628652510047,-2.2916693566765662,3.3947609874470985,77.17,47.711330935251794,9.21,Mid
RL,0.5123958381710397,397.7200012207031,5.118826836335058,-0.9032753510175265,2.535188914580487,0.8121631094999219,6.319507992124961,13.477218955940739,6.346272732359523,3.6202787400889314,263.31,47.68884892086331,23.7,Large
ROAD,0.521316106260601,120.79000091552734,9.099999380000009,0.2150425855015681,4.079850618831519,3.550151953978448,16.300789722242104,26.56510242573359,17.033235138870538,4.893616403090742,120.48,47.64838129496403,6.86,Mid
OSK,0.5025439847900481,155.77999877929688,4.081711420869256,-0.7945850568759507,4.080923249691712,0.9608927726776825,7.035870527327681,13.696997432972365,2.1508188716559786,4.0244479257122565,123.4,47.643884892086334,9.62,Mid
RVTY,0.5057480797198475,115.7300033569336,13.571933156279078,-0.4779516495523191,3.0777176152228374,0.5377125303590491,3.998719021121813,0.7778904885546859,14.406808039864838,3.518965949466307,170.46,47.63039568345324,12.91,Large
EOLS,0.5173583697740128,8.34000015258789,14.116587796343715,1.7001881443610334,27.363247246588003,3.361482649709037,39.93288756389935,0.0,49.19498970380059,5.155876414265661,7.26,47.5921762589928,0.55,Small
FRPT,0.5240095977211355,71.75,8.588272488159777,0.22824308316701167,16.43466498537354,3.6024627444445754,27.600925811550198,15.632141586221508,0.39177105710171506,5.317072775780472,106.1,47.53597122302159,3.45,Mid
RMD,0.5018966560417482,224.83999633789062,6.88078034227886,-0.7130140240702053,4.466391696041807,1.498177856949507,13.229585559034998,22.054414152435424,19.196305209970085,3.615269911431583,347.31,47.45953237410072,32.61,Large
RJET,0.5148887249114685,20.850000381469727,2.2985556617155636,-0.2912884622049369,7.733845151961642,1.9662921517647278,13.74795672730524,26.481981266867756,9.448825282958044,6.180199878894145,3.25,47.45503597122302,0.98,Small
GRDN,0.5177088429253003,39.459999084472656,7.237158183286874,0.7338483043086227,-3.4390976180423722,0.4749658580749465,-1.275962273309977,34.973467463551856,14.742657123171943,5.8632610947521275,16.2,47.32014388489209,2.5,Mid
RZLV,0.5032491401420431,2.7799999713897705,5.392056438826324,-0.40450499464231765,7.444803271996362,1.3625104970655373,15.352691793702657,22.994962080352778,10.317460013015141,4.753339988879109,36.97,47.2931654676259,1.11,Small
KRO,0.5187909608639252,8.369999885559082,5.288936512355404,-0.15378821143870225,22.54758302188508,5.149719104460114,24.73919281262987,3.3558906541309956,1.701097826157361,6.622289965273981,3.18,47.09982014388489,0.96,Small
SSD,0.5229739679674015,199.88999938964844,3.556944721220897,-1.548102310085099,3.2657253111015785,0.7846148387569781,5.421654314725757,10.005469462169552,0.022600542061671752,3.257684898954729,63.5,47.07733812949641,8.19,Mid
INFY,0.5058407965314178,12.600000381469727,7.203728490741633,-0.598844817113876,1.4444273211559362,1.802188704710845,14.130438631030156,36.763700324246976,-1.8873313276728187,3.6791391621199363,297.42,47.03687050359713,51.03,Large
TRMB,0.505577070520986,57.97999954223633,12.001943839366316,-0.20824127038301518,-3.2931971059566876,1.7582653066078864,11.671805829914186,44.43723526632887,17.941415219733994,3.688463392351298,169.8,46.955935251798564,13.52,Large
WF,0.5228395844128567,70.55000305175781,5.805250123041646,-1.1458735133034694,5.658063132885484,1.8021047904325416,11.40060162930344,13.468637740659196,13.133422644507482,3.177581275796614,12.89,46.951438848920866,17.12,Large
DPZ,0.5009878367591979,357.3399963378906,6.975655531379643,-0.6823748900505116,4.16572443524059,2.037177389811664,14.94837132899752,38.88944068796611,7.232076111170252,3.5537396660893443,341.16,46.92895683453238,11.82,Large
NEWP,0.5123807946014748,6.510000228881836,8.400123956798085,-0.06445647879742089,32.96569116279995,7.793923586346983,67.78350608739733,0.0,22.138842811350646,5.760368984260503,5.05,46.926708633093526,1.2,Small
URBN,0.5243342694741969,79.43000030517578,7.171429882513852,-0.9737379602553957,5.603234488734799,1.8255779751308412,8.882801409083415,0.7251730690064913,21.34127927875796,3.484648857190087,85.71,46.901978417266186,6.8,Mid
PR,0.5017172924506917,21.459999084472656,4.87589383911584,-1.0189922165869563,4.111578817319975,1.0986579762215656,9.545681047594464,5.275935665534615,7.838676647185632,3.652643256210691,213.36,46.75809352517986,17.97,Large
ARES,0.5116602933688517,143.11000061035156,9.745443009458334,-0.57729259321464,10.304375151067308,2.167921874714076,14.680663162330257,0.0,36.53695143053797,3.9629859556903977,342.34,46.751348920863315,32.27,Large
PATH,0.5116602933688517,15.720000267028809,13.371084183326204,0.6307753797711725,23.32797479139007,4.462383374319422,31.548121486372025,0.0,30.56478668214015,5.186296469901432,1053.62,46.66591726618705,8.14,Mid
BR,0.5020053151538059,170.72999572753906,5.175503864703117,-0.7078155350557451,8.721038262368992,2.16002455127121,15.83553594842575,21.22856319958839,-1.4183854779151872,4.019924510544685,237.25,46.62769784172662,19.47,Large
MDB,0.5157459879019527,439.1600036621094,12.95292077001123,-0.11936740393533274,27.169787083597292,3.4723365977511826,31.86403807173664,0.0,73.76647453229789,4.53842054271021,731.16,46.49055755395683,35.32,Large
RUM,0.5117332786307848,6.920000076293945,9.23362000788959,1.9669457019063619,4.353596807628106,1.2213427524054334,13.628898239305704,40.37109706160389,-15.403425204404384,5.573906392102443,22.27,46.43435251798561,1.91,Small
SVRE,0.5232749563372479,3.8499999046325684,4.550662109839985,-0.0925044667161856,6.351630107430433,5.213624523991029,48.07692482188305,3.6182731523273044,45.83332390867387,9.677179908894907,2.4,46.42086330935252,0.01,Micro
TTEK,0.5313718708965693,35.380001068115234,8.02706053307271,-0.766607595489314,7.453080387526964,1.9491276486001807,12.92691080160345,6.286578761454193,29.31286651520104,3.6562222530110287,118.32,46.38039568345324,9.06,Mid
DEC,0.5080670475407673,14.649999618530273,8.596377264680996,-0.607304490885131,0.8923846271674171,0.897977706989078,10.316264405145462,41.09281073983476,-7.764240033572315,3.4850798928008664,15.71,46.35791366906475,1.01,Small
IBTA,0.530697574215647,36.7599983215332,3.6664820377481684,-0.18705863707900003,15.855421880695866,3.2259141381582124,18.351574222199886,7.154231523322556,39.50663297519,8.416757726285555,8.16,46.33543165467626,0.74,Small
PRLD,0.5313718708965693,5.320000171661377,8.23503096913257,0.7636479652540751,19.961670986346554,1.6212195855762352,19.282514035109504,3.730271412533844,21.461187955375948,7.671858591717326,2.3,46.32194244604316,0.42,Small
HZO,0.5036350597954363,52.459999084472656,14.680732971086321,2.295466782567628,43.276568823093186,5.395797050065763,50.83381519608228,0.0,0.6523410582293198,5.425901836437803,24.72,46.28372302158273,1.16,Small
DASH,0.522304750642958,212.0,12.79159980005756,-0.2775030415509539,9.08828962916622,1.8057422049756082,11.485063061201203,2.5598830019819574,20.324647858665806,4.1546500275398515,977.3,46.146582733812956,92.37,Large
ZM,0.5243342694741969,106.05999755859375,5.157516812810319,-1.1469204702928006,11.712069869912112,2.4257753363065833,14.535636399701414,8.134289771300434,40.402430861486735,3.443468550846203,387.73,46.13758992805755,31.1,Large
NGVT,0.5154732154358006,77.79000091552734,4.416757533921308,-1.1149986816579012,3.9723067806342356,1.0835495592810402,4.402091914124313,1.509698145058618,22.272873658157508,3.7727035362305585,21.36,46.07464028776979,2.67,Mid
FANG,0.5207980913194792,201.7100067138672,3.161121654168576,-1.2011132852565929,2.7324384341684755,0.590184924468533,6.297434945666478,11.636651959783801,14.820769779497912,3.674652632836169,471.72,45.980215827338135,56.48,Large
PRK,0.5273405471479141,203.38999938964844,13.488840731205665,-0.4774270869636114,2.565524505803107,1.384237679119536,9.314200826808033,10.968942751500279,31.1813098399666,3.476080832860041,23.28,45.97122302158273,3.67,Mid
RNGR,0.5069451147500589,17.1200008392334,3.842206789437008,-1.0523359944500714,4.827691896712308,0.5427489623846966,6.010381346226593,22.57790035796021,7.133919323363888,3.610515836605685,3.77,45.91276978417267,0.4,Small
GTE,0.5046909997071299,9.529999732971191,7.7981551071265045,0.3229938441246866,22.361195215053602,5.611307142062081,45.941798259015236,0.0,0.9533914891837565,9.805127848759,8.02,45.88803956834532,0.34,Small
ORA,0.5043537841094873,114.45999908447266,12.670043790413196,-0.23688229032991423,-1.4582398196433188,0.5025516409534732,4.3391087225215745,39.826023105803785,6.572282570297997,3.7299380949882956,104.07,45.85431654676259,7.04,Mid
CFBK,0.5058552009532709,35.560001373291016,14.805853805408164,-0.5872801528412789,2.8384730076623734,1.5670433462653515,8.21667897963073,8.625224148236699,13.570443597666806,3.145590324608933,2.93,45.773381294964025,0.23,Micro
ALRM,0.5042554020410583,56.369998931884766,14.907113399118318,-0.7397333256773715,3.90591713746906,1.3431216152345429,7.885165419724238,2.206452530269486,21.64436501090581,2.9812214009480082,29.53,45.669964028776974,2.77,Mid
HRMY,0.5116602933688517,39.52000045776367,13.587643056675333,-0.5470700430442799,8.936546620192715,1.3606769600939148,13.237818709912046,0.0,35.52812299111075,3.6274572816032404,34.55,45.48785971223022,2.3,Mid
PBYI,0.5313718708965693,8.770000457763672,12.185924566294085,-0.1623106184897745,7.186513584857582,1.2435811736245683,4.280625646141173,1.71288334946029,53.859662292791086,4.601724949591503,2.92,45.44964028776979,0.45,Small
IMNM,0.5116602933688517,26.25,8.524504050256503,-0.5073400509140549,11.5573403278291,1.7799215935305812,14.528795429651725,0.0,31.18440629400739,4.560000361228476,37.75,45.38444244604317,2.97,Mid
IDCC,0.5020053151538059,338.07000732421875,9.290917506310734,-0.4029884261794304,10.668779613668255,4.295106270946941,25.11380704446345,26.25879614890604,4.296531541938223,4.118968968089892,117.1,45.355215827338135,8.72,Mid
TALO,0.5159921704091477,15.569999694824219,2.0391067923312525,-0.7646064093004913,6.556252084061798,1.264770278214137,11.373392021011544,19.565955954986972,0.5813963517021832,4.736673969623963,31.56,45.35071942446043,2.6,Mid
SBH,0.5172975529736591,16.84000015258789,8.989785317083905,-0.45183507821763524,8.778504041044469,1.9996707897958221,13.78378334746425,0.0,21.764282322986425,4.644554874053991,25.39,45.27652877697842,1.58,Small
PRAX,0.5083709917962458,370.67999267578125,5.057589587373475,-0.5302525291121734,15.033699712452957,2.077595230590256,16.4122784511292,0.0,13.08459166315641,5.518775433520838,199.6,45.1101618705036,10.33,Large
LW,0.5308082402245649,52.59000015258789,13.896204355390754,-0.3927943368904017,4.179132072237579,1.7907611056541757,16.304649333118082,5.273721749241771,33.62193321547797,3.831552614097479,87.41,45.08992805755396,7.23,Mid
ICFI,0.5257482887901627,90.58000183105469,13.854371025519399,-0.27554894155596926,9.857193029197743,2.791301134771244,16.187792322503615,1.9894107847005695,34.52601526990119,4.180204451790003,24.01,44.95053956834533,1.62,Small
DOCS,0.5020053151538059,26.110000610351562,5.968851421836334,0.22513557293654848,14.777642021793849,3.102078679282987,17.29559901936337,15.438145994515958,-4.708025642669063,9.478306192637094,133.23,44.89658273381295,4.65,Mid
FXNC,0.5189458396260404,32.040000915527344,8.423440066165574,-0.8132557038757916,4.431155893873502,1.2073432830622093,8.647002930193723,0.4795660625531072,4.911591208198833,3.8233451982184885,2.03,44.83812949640288,0.29,Micro
AVT,0.522304750642958,95.95999908447266,14.702216201195586,-0.10155880805302259,6.615706668240552,1.7845126106738902,11.309592974630926,5.3983177431852285,18.143974874218333,4.286756154896429,126.96,44.72571942446043,7.87,Mid
ETN,0.5046909997071299,459.2900085449219,5.340373338239454,-0.9083227355181943,10.63549087588924,1.5942320452647496,11.519657969151435,0.0,12.372204744162687,4.234615814453181,1110.35,44.718974820143885,178.39,Mega
KAI,0.5224653161368553,338.3299865722656,3.1510989850274855,-1.0245602807254461,6.451993159354186,1.987464259553579,12.585263577746208,10.159842904236701,3.424307890759612,4.1123201961569915,48.74,44.57733812949641,4.0,Mid
COGT,0.5032648783687613,38.70000076293945,9.807817784399088,0.37909526839248614,-3.6306565213952506,0.9781491435511985,-1.526713704207959,21.282371592924484,1.5748092200322652,5.636764984138309,100.68,44.527877697841724,6.61,Mid
SLB,0.5423735456174879,53.68000030517578,3.3590215666564283,-1.0535169556711614,4.934993672546872,1.512649853910321,12.891695407659617,25.583534644850793,15.722598788363607,3.790983808348214,760.8,44.460431654676256,79.67,Large
OMC,0.5257482887901627,85.94999694824219,5.9436288039151215,-1.0056434524649265,5.072703511545408,0.6527619614288417,6.202887216204952,0.7328292920511081,20.46250705837358,3.8826569025968296,341.0,44.41996402877698,23.58,Large
ELE,0.5244656810631647,19.399999618530273,11.574106915002334,-0.26693128276780376,7.380262518866891,3.1765599016240875,23.252858325293204,19.860990855285788,19.09120712894781,4.223122068812056,7.89,44.357014388489205,1.25,Small
NEOG,0.5195108211622816,11.489999771118164,10.122629426806592,-0.19302814071756508,8.585738017997551,2.628388596526911,15.130263506927685,5.7051986780343595,3.049328826813127,5.016225032330426,24.54,44.31654676258992,2.51,Mid
WAT,0.5012116626915659,415.0,12.051439196536585,-0.92993719331629,8.193648484346472,1.4224251892957718,10.690276628799952,0.0,8.19406942032686,3.164458545678249,379.53,44.17041366906475,40.75,Large
DXPE,0.5257482887901627,195.0,9.87935440672115,-0.16747631475698635,13.851328046699773,2.811967811399922,17.796307785737405,1.4853971585003805,51.65655406950459,5.400001050788405,30.58,44.15467625899281,3.03,Mid
MHK,0.5046909997071299,136.67999267578125,10.74683025715342,-0.8182766604795624,12.839770435221224,3.4521772799901083,22.571957723196146,0.0,14.31916649935876,3.5881516635296165,114.64,44.138938848920866,9.26,Mid
IRON,0.5116602933688517,81.20999908447266,10.468315246131965,-0.6023562941378413,6.405139655626632,0.6163154491319767,6.82715426272167,0.0,39.60804820418822,4.0948417215673185,45.67,44.10296762589928,3.12,Mid
CGON,0.5046909997071299,77.02999877929688,8.892647929361576,-0.4873431455677065,6.837723688250352,0.6406945957623927,5.520546272933793,0.0,7.045580543715923,4.749354414069113,80.93,44.01303956834533,6.83,Mid
PKE,0.522304750642958,37.470001220703125,8.485475281634415,-0.6023200163615751,7.242521393955881,1.6584468105701553,11.65077380004938,4.815383036157681,15.529019230254246,4.238801320904151,13.32,43.86690647482015,0.82,Small
FCX,0.5146764053231948,68.87000274658203,2.0235791078137284,-1.2103823981798034,7.354839298214603,2.0765365532095323,12.957194304707986,9.835830888752474,12.292066161456892,4.122154151998188,1017.57,43.84892086330935,96.42,Large
FNV,0.5027859451756921,240.74000549316406,8.042850417274549,-0.9509984401831129,3.2798703663812017,2.6345366605680334,18.854604722696042,30.497082931243668,15.729257065916485,3.2216147418164107,209.5,43.830935251798564,46.43,Large
KEYS,0.5217472543867417,343.70001220703125,2.874670887972576,-1.1234301298372869,3.4601541471735047,0.8020887016191192,6.50429838172827,23.400271439303395,14.004245615633112,3.8812918893669273,484.98,43.78597122302158,58.74,Large
GDYN,0.5093892810282726,7.769999980926514,4.427249751149088,-0.5535906467919514,18.70750881974032,4.302446104035609,35.36585871778254,1.1926976576297843,42.83088049209043,5.870657092038348,18.24,43.67805755395683,0.63,Small
TTAN,0.5116602933688517,88.38999938964844,14.956443609066126,0.7616211774475559,10.834550069811307,1.4618229805752867,12.814296248793674,0.0,27.731218623437236,5.607291818565887,152.74,43.6623201438849,8.43,Mid
TPC,0.5187909608639252,97.52999877929688,7.899198989483179,-0.4205215746636894,13.148444266182855,4.0285548380184135,23.004158977084277,2.0766034295977946,11.259405321404481,5.150122428366208,77.5,43.64658273381294,5.13,Mid
GM,0.5064209340160395,89.3499984741211,7.471490505866969,-1.6327690446493979,5.5416741001582075,2.0153999933406843,15.082430675396294,2.3442140308075445,12.687599246195527,3.1057631711718883,695.12,43.58363309352518,80.81,Large
HVT,0.5187909608639252,28.420000076293945,13.826954178889242,-0.2962245571756363,7.4886539985731,2.153964962101065,10.756041485528808,4.720499635866086,0.4950473346685529,4.214838748553417,3.18,43.556654676258994,0.44,Small
LYFT,0.5034675029828515,17.540000915527344,11.045738124126913,-0.6010008820912799,10.74281719416647,1.7244704275048761,8.07148127023173,0.0,30.215297457407818,4.070286508045942,226.54,43.531924460431654,6.64,Mid
PBH,0.5018966560417482,53.599998474121094,10.924074055251397,-0.5311028827845901,-1.4047399724830745,1.6420470456393776,10.835396603654187,38.4892252193607,16.699320961933456,3.6240138493848892,33.73,43.46672661870503,2.54,Mid
EME,0.5425758824619848,816.8599853515625,3.896741629239168,-0.6356217113624031,1.6506321332129155,0.8006419746439487,6.124307078237131,39.35561003054172,9.769406422080392,4.710940726103202,377.73,43.45323741007194,36.03,Large
SXT,0.5012116626915659,131.89999389648438,12.138076502990758,-0.7987086822402937,8.7339948748615,2.056539923446762,16.56719103830201,0.0,4.3763150884694815,3.488893826847597,70.1,43.38354316546763,5.61,Mid
FET,0.5116602933688517,83.06999969482422,12.770726048107914,0.230595698495809,33.34938533229508,7.15852300298495,57.957785611751646,0.0,43.57068582458104,5.781697592967936,15.79,43.311600719424455,0.93,Small
MGA,0.5029980357353424,70.2699966430664,9.449741092966578,-1.126291601165023,2.9612103770309117,1.3054871993255155,6.003915632088601,1.4049419525943914,16.42868054688677,3.2450024082172813,89.33,43.08902877697842,18.8,Large
HBM,0.534139785383508,27.670000076293945,4.623562267249632,-0.6991724935296348,12.352418235288685,4.016703200651536,25.887173122387715,16.290570596632,3.5378980827207784,4.742113398015781,147.83,43.05305755395684,12.29,Large
ACHR,0.5158256332915466,6.789999961853027,12.420507193873194,2.931241144943012,18.184586139583566,4.616172197301186,42.05020216316612,10.696552721630784,8.46644909757768,6.40332413989682,277.27,43.039568345323744,5.18,Mid
NVDA,0.5038903947260397,217.5,4.105931196394254,-1.5483880312326002,4.666439716848698,0.793531493686456,2.352941176459516,13.376940449736027,17.780996662491226,3.5494248463798237,31013.68,42.985611510791365,5268.07,Mega
ADBE,0.5037482639537042,263.7099914550781,6.147698480300172,-0.5964645363742275,7.7775030305696715,2.661141792574003,17.434090809559592,8.727244624838557,29.25692869931074,4.858422169559715,1804.86,42.913669064748206,104.82,Mega
TLSI,0.5172975529736591,5.739999771118164,9.564234696124972,-0.14324074965230288,24.55245362943644,5.156873957965703,39.999997664208934,0.0,114.98125864983773,6.225734767164607,2.01,42.85296762589928,0.35,Small
RYTM,0.5257482887901627,112.84500122070312,13.064295635390144,-0.22332074706981617,5.299011379989057,0.8519119656485219,2.87628654302696,4.713388278369966,29.03945701358998,4.624042866743407,93.97,42.81025179856115,7.77,Mid
FLS,0.5296013375908448,80.86000061035156,2.90596753420599,-1.319742400373351,6.570540393175567,2.2089449594113195,17.375528126841598,21.603407552353563,10.127542842754576,3.8271606119765886,154.67,42.66187050359713,10.28,Large
SVM,0.5425758824619848,12.609999656677246,13.822398372779213,0.24478359078572412,10.986403424014048,4.256096210327892,35.1554100690363,19.88639666497812,11.39575968653859,4.891808633180471,42.03,42.62589928057554,2.79,Mid
ATRO,0.5085313008198606,74.91000366210938,12.241233015013652,-0.08844901697172554,2.228735241119711,0.7893884021803163,4.827882202335602,19.212640967703297,17.195949647484394,4.706599401940002,52.95,42.60791366906474,3.7,Mid
CRGY,0.5368489475610063,12.420000076293945,8.24269955525895,-0.6161735145315679,6.062032876694108,3.11675056841466,22.12389363716391,31.561185036315887,10.024453512303307,4.017138582610935,75.66,42.486510791366904,4.1,Mid
ALKT,0.5093892810282726,19.829999923706055,7.374671290366833,-0.9008024410305172,8.8513792049653,1.9845491198289662,11.907453115093002,0.0,26.87139973285058,4.145955000779992,35.44,42.48426258992806,2.12,Mid
MORN,0.5037482639537042,195.3800048828125,5.998452836496558,-0.8890749446846792,5.236796360996642,2.423530707920479,15.438703032589729,4.820655376707071,26.719614525269346,4.224734580574874,88.24,42.374100719424455,7.33,Mid
TFPM,0.505119965236733,31.979999542236328,10.634973287214063,-0.5538828122362417,-1.4863737558305914,2.2636066144339617,16.715328420813208,43.63385753761211,6.9565215724866665,3.6824353943792256,21.0,42.32913669064749,6.59,Mid
PVH,0.5362861556454095,84.86000061035156,4.8376657618244625,-0.9191699342960489,1.3574441765793226,1.5297952638652068,7.868313951189395,35.31431113993643,8.572155366216428,3.944309735794231,95.56,42.31564748201439,3.91,Mid
WGS,0.5037482639537042,81.73999786376953,5.028071614483349,-0.36879392433024083,22.564800954831583,3.4738894848273505,23.58632993323974,5.824434773049942,136.85888680961668,7.4644359707467425,77.99,42.239208633093526,2.44,Mid
SKYW,0.5189458396260404,107.91999816894531,12.616380412839614,-0.4254881357411025,1.851194818890749,1.5691870855745471,8.484111909047924,9.216159430420397,8.669822597855658,4.1345185772588815,48.9,42.239208633093526,4.19,Mid
PHR,0.5093892810282726,12.270000457763672,7.447051104468685,-0.6716995952786315,11.287473510035408,2.192047678385688,14.033459076407645,6.139681385910715,46.42005119015538,4.534288726426347,12.2,42.22122302158274,0.76,Small
SKY,0.5257482887901627,94.16999816894531,6.138126688101026,-0.9403127611399574,11.193764136859434,2.3567798210067,12.495519291300438,4.536196437028316,35.01075006250208,4.10921125653708,71.3,42.21223021582734,5.11,Mid
ARHS,0.5082101480587132,9.84000015258789,10.98163855926141,-0.19352120948909662,21.316732401693432,3.4830314149570976,22.54047919776921,0.0,19.562584443576448,5.535715877940544,13.28,42.1919964028777,1.39,Small
BXC,0.5257482887901627,89.87999725341797,14.445843500759,0.7934791215091389,38.15895270098747,8.96156122711977,53.03932905405419,1.2707988830537937,98.23554686800216,6.030263447793536,14.37,42.072841726618705,0.71,Small
VG,0.5069451147500589,13.220000267028809,7.332324568674424,0.09401003769623004,-1.8377560681877194,0.7141795384440307,2.4012426278597387,42.48708303985934,-7.360268107325885,6.49448898582963,190.08,41.95593525179856,32.84,Large
TECK,0.5334902919799341,66.13999938964844,4.5039919525475085,-1.4459839046959984,7.701906798265575,1.7709515413857018,14.132870610426936,6.393150714935138,46.011707409719655,3.7625815882000895,217.35,41.94244604316547,32.45,Large
NKTR,0.5239011863793004,75.5,7.981988688453669,-0.743621959250792,4.661116474521751,1.5023014540198019,10.54172273269242,26.586063517749746,18.617436276284977,3.9143810434621127,74.97,41.93345323741007,2.55,Mid
AVGO,0.5361318694110991,416.0799865722656,4.215630788558747,-1.1851893433411953,5.3037809447254,1.1922874048538816,5.529062559705514,23.10761292738078,-0.5183671074923514,3.8102212200717647,11292.75,41.93345323741007,1979.53,Mega
SHOO,0.5187909608639252,48.290000915527344,14.392204813509284,-0.48916470380165294,6.184378546404252,2.1254860818475567,11.627375841515281,3.216192601298426,11.73067920293879,3.943435182953455,54.01,41.8839928057554,3.53,Mid
BWA,0.539803504952678,69.68000030517578,10.107418941236316,-0.8469361995093306,3.0461315718073405,1.1525683209335438,8.857987782580375,20.67860952722604,4.449408333999518,3.464306404341422,191.37,41.843525179856115,14.19,Large
MEOH,0.5154269106281971,54.27000045776367,4.363317651079562,-0.7687101432532786,-3.03892309488259,0.8448208761976088,-0.202281368497502,65.08483127926377,-11.47930932891731,4.189370812942015,51.41,41.78507194244605,4.2,Mid
WS,0.521316106260601,37.7599983215332,2.661178037262451,-0.7689485262827502,0.9016822503318409,2.0078352504538564,8.536928220070648,42.86807329324694,20.124875268201116,4.80154762528951,11.37,41.76258992805755,1.92,Small
WTI,0.5313473743199668,3.809999942779541,1.5586319633379733,-0.5547747133321034,8.177170346473476,0.7890964018394946,11.730200784851567,24.969607395117258,23.990110452286086,6.786650661958869,17.48,41.618705035971225,0.58,Small
TAL,0.5313718708965693,12.15999984741211,9.404187886383156,-0.6344986402854242,8.136948122654607,2.78323621412869,16.363637025784662,10.29187965859069,25.231717810377784,4.19995227594961,49.74,41.51978417266187,6.75,Mid
KALU,0.5289323696721354,193.38999938964844,10.742322072801604,-0.27915366237392014,11.063793205822542,2.6937134712678645,19.335212653059553,0.952903565912503,3.7655986036889266,5.35817206259445,54.56,41.519784172661865,3.16,Mid
SHIP,0.5120923784800746,15.920000076293945,11.059265835618678,0.06108897449822605,-1.567378346261187,1.3440694667506716,4.530535487534191,21.277668500858997,21.847087371830913,5.433416477462213,3.93,41.456834532374096,0.34,Small
DC,0.5350362590658334,6.300000190734863,10.71060925430217,-0.48956250189152395,18.73537726055969,5.633041463848383,46.51162583304646,8.131932119482773,38.7665251824323,4.380952611621899,10.14,41.438848920863315,0.84,Small
BHC,0.5027262169189033,6.239999771118164,5.328122758894879,-0.31641834499616944,15.161019838067746,4.292175544157533,27.607360761069486,19.025202424613227,-9.433963829735742,7.257326994018881,23.33,41.18255395683453,2.33,Mid
HLLY,0.5104984993343822,3.119999885559082,12.156534803530976,2.499896139347475,5.966259295042302,3.2342007915501068,21.40077690228935,28.381261852955415,23.320154964745445,6.433150833947611,2.77,40.998201438848916,0.38,Small
GRNT,0.5011562157120593,5.179999828338623,7.5083369644501445,-0.9424468123412412,2.5024638996523367,1.387406314051748,13.34791320854607,37.04350721047212,14.096913474056658,3.5755653903478404,4.66,40.98920863309352,0.68,Small
PWP,0.51432338941776,17.760000228881836,10.107084646470273,0.6891561535281673,0.7863866671059818,2.2185988474752465,11.768406828431589,35.78672226467121,7.246381651973686,6.575772269449505,24.56,40.98021582733813,1.31,Small
NCNO,0.5034675029828515,19.15999984741211,9.881959225082726,-0.6859897114530152,5.147623310063525,1.5011835122688504,7.700949192262286,1.8760017408292966,22.584770997435218,4.258128836366865,59.78,40.92625899280576,2.1,Mid
PALI,0.5283990342649956,2.140000104904175,3.202021103910671,-0.8236682422821324,6.919816411852605,1.4445006020496782,5.418725862587534,13.274657372207036,13.227519628001385,5.140187332375871,7.04,40.91726618705036,0.37,Small
GFF,0.5187909608639252,106.75,9.329547797903663,-0.8851657429776962,13.379887907216832,2.552582118789472,16.4630108387874,0.6335570593720284,10.713547010079296,3.960186679772447,38.38,40.80485611510791,4.84,Mid
RCKY,0.5241643374113122,47.45000076293945,11.500606528473904,-0.28698454993670386,4.951176110259204,2.8632855821305916,15.534456088062548,12.04742775690035,3.9642844634675662,4.893873492926145,2.93,40.71043165467626,0.36,Small
OBE,0.5159921704091477,10.640000343322754,4.045460711885346,-0.48451913851451633,5.115837751879341,2.163139152168733,17.43929194650641,39.493712832270546,-9.059824642154092,5.8852715237327065,8.43,40.58902877697842,0.71,Small
DCH,0.5379601425979523,6.889999866485596,2.802091394032765,-0.88365339415219,16.166013152143243,4.020553077674619,29.755177785961433,8.36739248893344,-3.2303373980057684,5.297532897093072,25.83,40.38669064748201,1.64,Small
BCC,0.5187909608639252,85.52999877929688,5.97857484370685,-1.268410004524434,6.971333544012828,2.0426136285923087,12.554285015910333,3.784765687501765,5.566529650752292,3.893119356706102,36.6,40.37320143884892,2.98,Mid
NE,0.5215438287434006,44.47999954223633,9.221795099356385,-0.6593879691836443,-2.246798777943073,0.6474599028090011,9.610639564094303,58.738942266251584,16.044866729013588,3.792233765866214,72.28,40.193345323741006,7.1,Mid
BIO,0.508182205087932,356.25,12.565719848661999,-0.9547746806661747,9.79324965918313,2.7100908258482757,20.464608516267603,0.0,26.410471485755604,3.454436873433584,115.29,40.19109712230216,9.53,Mid
VAL,0.5425758824619848,86.80000305175781,14.807263538307867,-0.08269575165070778,-3.2206775572145965,1.0019915426198824,12.815181046728332,68.24245748497925,-4.615381261753883,4.132653644209803,83.24,40.13039568345324,6.03,Mid
FOSL,0.5300908784913595,5.239999771118164,8.233022978701845,-0.02345817110863196,9.956977464203032,4.038860160938225,30.999994270204102,12.699892059476655,20.183477303992557,8.505451556748591,4.9,40.12589928057554,0.31,Small
SSL,0.5154269106281971,11.510000228881836,3.226161401899022,-1.3991871740521715,-1.915249764354739,0.8693719609478752,5.887767709309031,56.80218174370445,-15.367647748612429,3.661412718679576,16.73,40.12140287769784,7.38,Mid
CGEM,0.5172975529736591,19.6299991607666,13.964882842498758,-0.24466021823118903,11.9634916982878,0.5361542886908853,10.095340687951358,0.0,30.6054524897853,5.11571232672932,18.85,39.98426258992806,1.21,Small
RGEN,0.5082101480587132,164.77000427246094,14.887275948116354,-0.21952865586299286,11.900415041219679,1.9239614677250685,11.285969869843782,0.0,19.745637328175725,5.030821525408161,188.21,39.898830935251794,9.3,Mid
TRNS,0.5131729830787609,95.38999938964844,9.753181081717191,-0.516998743450994,6.363762116884771,0.5047174246338446,9.342046911225514,0.0,18.76244989030758,5.124077152668307,15.8,39.86735611510792,0.89,Small
RERE,0.51432338941776,4.460000038146973,11.937874011122148,-0.2714531932151474,-2.243657968410274,2.0769328900684756,11.221939737355003,63.235017167789344,-18.22148723925016,4.244076336954699,4.23,39.82014388489209,0.99,Small
HCKT,0.5127498275540362,11.460000038146973,10.65519301600164,0.001351639959860187,-2.4949828553630615,1.7775009659321057,12.90640855883425,41.09657515695087,13.553124039815476,5.3914233294296725,4.24,39.81564748201439,0.29,Micro
BOOT,0.5032918757855182,165.8000030517578,4.7353367838017935,-0.8639916553841822,1.4910986056452988,0.5395093990583875,7.529671461473764,32.15103650884063,15.258947526421519,4.47699120981488,117.3,39.76169064748201,5.02,Mid
RCEL,0.5046909997071299,8.199999809265137,14.801722877906768,0.7515861594752176,57.798514812491234,12.490528961828385,73.36151745170055,0.0,5.53410333769406,7.323084978314958,3.77,39.75044964028777,0.25,Micro
CNR,0.5112919591372299,93.7300033569336,5.5366437644386455,-1.0447944280613513,4.983962869787403,1.518033596226021,8.722891024514743,27.422748151730524,-12.447625198055283,3.9518526162568643,59.76,39.51438848920864,4.65,Mid
SOLV,0.5189458396260404,84.0999984741211,12.194616300731118,-0.8073873126774831,1.4291724287983651,1.3376847533225256,7.311465518247479,6.8411886151917916,12.208141291954275,3.68438009418745,117.02,39.25359712230217,14.32,Large
HRTG,0.5257482887901627,32.18000030517578,11.229431321447487,-0.45403475065910454,9.964462726192997,2.393282416762179,22.590477352190007,4.029219367903225,43.59661099442595,4.887684973273242,13.06,39.213129496402885,0.96,Small
MD,0.5099277608053532,26.139999389648438,14.164696399640123,-0.3984523790847688,-0.1050935076042121,0.5340297752831353,1.004637702098318,10.488435581862197,35.44041669752543,4.363837715627968,21.24,39.19514388489209,2.12,Mid
XPRO,0.5257482887901627,18.260000228881836,4.880911036010432,-0.854880714707782,12.154700282303953,1.7782784990636675,11.070557394101934,1.0486592016750254,27.871152451372122,5.3199816791869186,21.57,39.14568345323741,2.05,Mid
GWRE,0.5116602933688517,176.64999389648438,10.748033022956118,-0.4663070618264974,14.93242906060365,3.4658242692808754,25.693754329827218,0.0,63.77711190082556,5.198941891079032,301.77,39.12095323741007,14.71,Large
ZURA,0.5032648783687613,5.559999942779541,13.076368593420822,0.7684379804218243,1.21512682565953,1.6986022793140816,3.153990361288253,33.72254871636251,3.9252344271236557,5.941675292392028,6.55,39.114208633093526,0.53,Small
PTC,0.5095934645284528,150.44000244140625,8.602331876907321,-0.8656220039342535,8.912750036860013,2.9817592494422653,21.70536501768352,12.539886917091195,31.10239864147732,4.039369422597392,283.17,39.109712230215834,16.32,Large
CVE,0.5136063423204722,29.84000015258789,7.940701129295956,-1.1283266159007688,3.8292249517923107,1.0779726271647674,9.064325609727456,7.126253320172389,20.557035431551054,3.752154601746101,234.76,39.03327338129496,55.03,Large
ROP,0.5037482639537042,399.5,8.348359193125978,-1.2180818330932393,5.320462526877571,1.914327233155183,14.630853865150032,1.8675472415665157,21.268670992044942,3.7346667858050804,421.21,38.938848920863315,39.51,Large
JBIO,0.5315753186618073,22.350000381469727,7.1546033086609295,-0.4062710013791936,8.44776630593301,0.5979544636695431,2.2415359442566287,15.314193503934845,32.87753143074314,6.219271282136553,27.37,38.89838129496403,1.36,Small
LEN,0.5015625612433762,87.55000305175781,6.493935770283883,-1.317274591794772,-3.2148320227600995,0.6225092189668562,2.649785569169257,63.71731898288143,-2.220885025763802,3.2512031561603365,232.55,38.80395683453238,21.09,Large
SB,0.5032648783687613,7.329999923706055,12.38289533843527,-0.6788198998588473,-2.1949435776137327,0.9700232954122414,2.374302791803084,13.461911113915152,2.8050463678396276,3.89027613509084,6.52,38.78597122302159,0.75,Small
LITE,0.5224184924483042,820.5900268554688,5.937012176173049,-0.08206380867013169,0.5202257329230007,0.912159381830532,9.121014209491694,53.11986041483223,16.173293015916666,10.235570918508023,4273.47,38.63758992805756,63.84,Large
UVE,0.5154705027943662,42.90999984741211,11.130260885389148,-0.982852641793835,2.656350344044377,0.5435863427599353,15.02842885403819,9.79454467185849,4.708582062588315,3.5101965533253994,9.35,38.610611510791365,1.19,Small
KODK,0.5433082348632006,10.079999923706055,11.47052533317725,-0.3678558822989674,5.313563402938897,3.420656627876675,25.062027278837263,34.374398123019276,-10.400000677243957,4.634070255792592,9.41,38.601618705035975,0.99,Small
IMAX,0.522304750642958,50.59000015258789,14.752189072106296,-0.341448821095463,11.191701181096967,4.021582609737644,28.924561642055775,4.6202142952252325,15.081895373164905,4.7708464404193105,65.1,38.30935251798561,2.77,Mid
CVNA,0.5034774804257334,72.0,2.0063166779460997,-0.8479663311537845,6.06698256067522,1.2021720708502854,1.9974553552038536,23.50136739869563,8.176329595963304,5.790179873269701,778.95,38.21043165467626,79.17,Large
NCT,0.5027262169189033,3.5999999046325684,7.970935352600433,0.15481768554300543,10.125416701558331,3.025527212171221,24.567466218353673,42.1781506533849,-7.216500038081334,11.702382212278106,2.88,38.18345323741008,0.03,Micro
BWLP,0.5041541380531815,21.280000686645508,14.514213637755377,-0.9067689568911184,-0.6628673074830134,0.9138875672183284,3.3009722939347648,13.958840863079278,-2.8881103041736482,3.245502253497253,8.62,38.16097122302158,3.23,Mid
MTUS,0.5313718708965693,21.709999084472656,11.101106331332641,-0.6239073689209668,5.567707875943912,1.7943323879051467,10.259007087473034,0.6857821696635887,46.49122490596143,4.647957295670955,8.57,38.142985611510795,0.9,Small
DOX,0.5136030337466116,57.4900016784668,10.665217139187979,-0.7234960419832974,-4.526387891502099,1.67443454488012,11.501163978115434,60.53538437516198,11.858592872780951,3.6428684751893448,87.01,38.125,6.1,Mid
ZJYL,0.5099470004902108,2.9800000190734863,7.991791120953485,0.0017389946023149202,29.92156147560234,5.882499882334591,53.60824384752896,26.69120042810011,2.05479250655174,13.113613527051744,3.55,38.11151079136691,0.02,Micro
SA,0.5466670851929272,32.029998779296875,9.924401102292057,-0.5075007864618984,7.80548839215818,3.371323141228234,25.362034189744314,23.37551436737413,31.10928521846908,4.73440043797987,24.62,37.97661870503597,3.45,Mid
CRI,0.5185840460390393,39.7400016784668,6.066091922056993,-0.8030727942445198,-0.3820235840690779,0.42602501704813295,3.841131965198346,25.67203157761213,20.117758630518463,4.649866604219252,38.66,37.96762589928058,1.46,Small
NMAX,0.5310546823216342,8.729999542236328,13.33295182539608,-0.3260201088256069,5.779711383893145,0.9453201735439688,2.826852503651913,30.105512575225664,-5.51948313268112,4.582720569072211,9.46,37.850719424460436,1.13,Small
TDW,0.5116602933688517,91.19999694824219,6.096222808776522,-0.9890231722005061,16.498028960056796,2.756473426894019,21.811130763164748,0.0,35.4723668468751,4.879777158571975,68.61,37.69109712230216,4.54,Mid
KMTS,0.5257482887901627,27.899999618530273,8.658727092618433,-0.5781045758395288,16.171341469346633,1.6334992968042867,13.345520527418756,0.8022596296211931,46.073293512273025,5.578341465120155,11.11,37.648381294964025,1.64,Small
ITRI,0.5187909608639252,103.33000183105469,8.1886611172766,-0.7463858107294614,9.128547431880074,3.1460210317826665,23.026556088766753,7.989862611711351,-3.447948913962432,4.773886461877973,86.66,37.531474820143885,4.52,Mid
EXK,0.5356456083146399,10.59000015258789,14.07884443117979,-0.08757089947741635,12.256527321800794,4.0057853758162665,33.04020228023466,22.443359502814925,28.519422893935815,5.163226509289609,72.17,37.468525179856115,3.14,Mid
PJT,0.5132839915658747,175.2100067138672,9.935392588116688,-1.2934522596531084,3.714756782033466,1.1120655360201401,3.945188212833447,0.0,15.551013039353933,3.6762822774970063,79.13,37.434802158273385,4.48,Mid
ANF,0.5257482887901627,117.97000122070312,14.422522402079085,-0.6141483762044596,15.097736983381616,3.618727201747184,21.380798700577127,0.8588913877327736,44.890695005259246,4.225045452635521,135.59,37.405575539568346,5.24,Mid
OPRA,0.5064492357819771,20.040000915527344,13.913329169274341,-0.9736737182653862,3.259054155300041,0.47110025403763023,-0.6445174034131316,2.930206188643213,32.628261974814556,3.460899436394005,6.78,37.401079136690655,1.79,Small
EXLS,0.5037482639537042,34.900001525878906,7.317566583367302,-0.9687763040860754,11.403722766047117,3.5962304558335227,26.54097760027774,3.1445992802197225,34.230775098217684,4.530290865422827,95.89,37.33812949640288,5.29,Mid
SFM,0.512663562726316,84.4000015258789,2.3523930730887916,-1.1426085314969396,3.133601261134874,1.2433531264699944,15.143244218055282,26.345274337758223,25.07409206724059,4.79159672570877,180.95,37.31564748201439,7.87,Mid
NB,0.5221007867118248,5.360000133514404,12.10566498175923,0.5947608947002072,4.3816962000733,2.6902814421709698,12.842108071283857,40.86942777805326,3.2755312983991516,6.6577827365000095,18.98,37.25269784172662,0.78,Small
KD,0.5021604120965714,13.359999656677246,6.421680926176738,-0.5389607020463087,2.6310707668570195,2.0020375389960194,13.99316853364091,21.591262950798328,1.8292665639733297,5.859708814221904,58.1,37.185251798561154,2.91,Mid
USPH,0.5313718708965693,81.66999816894531,8.636310839096941,-0.8444499595562412,6.327300016062427,1.946418883029411,14.415804582971536,7.443214182604149,26.397532469056095,4.470954878754293,19.0,37.16276978417266,1.22,Small
CRM,0.5037482639537042,197.47000122070312,3.9948931463841646,-1.3961671264978883,9.995516338077712,2.4428725226428267,18.24550971288663,8.53061796280033,30.10278219038795,4.4679432745586976,2882.33,37.0818345323741,161.73,Mega
FEIM,0.508532641643542,75.9000015258789,14.342724228033427,0.1961053298353855,11.773804635035775,4.0338886690453455,28.05804106528621,1.9498979663640843,31.565268386786734,7.342131452899905,23.45,37.05485611510791,0.83,Small
KWR,0.5187909608639252,170.89999389648438,11.269846533506096,-0.6838406667434667,7.8337803243025705,2.194800407169112,12.811900660674901,3.6458028091972885,6.743954939932581,4.51450863062293,27.15,37.04136690647482,2.94,Mid
RYZ,0.5157701411713231,27.700000762939453,10.669431949171152,-0.19551664999348245,-3.757619930183741,0.443211521106425,-4.482755989709377,29.397030778838733,39.85342274206701,5.716863241611606,13.63,37.03687050359712,1.44,Small
FAF,0.5064492357819771,71.69000244140625,9.889806750945485,-1.4880600290979764,-2.8880248125352272,0.6126277223576423,3.0472944600419187,9.946027501547189,27.147218655125283,3.300170256980585,67.8,37.02787769784173,7.32,Mid
STLD,0.5253160218814007,263.69000244140625,12.268659704626417,-1.0399332461861042,5.25916581007079,2.0131101036802717,11.94175801249784,11.795644986643985,5.753287076363309,3.3770681737852746,326.66,36.857014388489205,37.79,Large
GOLD,0.5112919591372299,43.439998626708984,7.500334332176187,-1.0008237402071258,-1.3496038034728204,1.7209263591448143,9.80787947075117,42.90814496157232,0.645596986291715,3.8615669301063464,17.94,36.74460431654676,1.26,Small
SW,0.5313718708965693,49.619998931884766,10.068556207727648,-0.8238416974383164,6.187870246264846,1.6533057313706296,13.833445189379168,3.8978651055046796,30.728906250368176,4.367479765514835,280.86,36.744604316546756,26.03,Large
STTK,0.5032648783687613,7.179999828338623,14.906084751109578,0.7598652300941808,0.31435277171237136,1.5824581393726365,6.056127747513483,15.571791513468305,11.490679571867044,7.102168018083228,10.76,36.614208633093526,0.69,Small
YJ,0.5247288031335713,2.2200000286102295,6.0575914637326305,0.02511309056110472,36.54466300401532,15.763602537439755,55.78948086586302,98.11169778648329,-34.70588333270687,52.982301869982564,2.51,36.58273381294964,0.01,Micro
TNDM,0.5240095977211355,23.440000534057617,9.51376847620442,-0.3627050176010959,23.810993581542412,6.067383655873513,53.40314753373156,19.940883522378083,-4.599101240357972,5.936129605406101,52.45,36.56025179856115,1.63,Small
EGO,0.5279077216567243,39.09000015258789,6.67233412361758,-0.7930669058095065,15.107846081500062,4.367336815202781,32.77853071720872,12.871564714931235,26.014713180422582,5.0265509230018495,105.85,36.497302158273385,10.2,Large
SHOP,0.5187909608639252,152.61000061035156,8.189101112919882,-0.7005972329488815,18.252824438457253,3.4633701015914875,23.520839207251715,0.8819702409752708,5.802825012736255,5.450400594096772,1478.26,36.335431654676256,196.35,Mega
CSTL,0.5257482887901627,32.2400016784668,12.299697611085705,-0.398827356953445,18.8724881989228,5.197525236851105,34.22148652667518,1.2232447039226506,67.5675782813039,5.5888430658339,13.02,36.227517985611506,0.98,Small
G,0.507538144686797,33.959999084472656,7.998669825908969,-0.7297743550151009,0.12535571958480252,2.000338289724242,12.936479644157217,47.50944239321573,20.212386139010736,4.418242203114502,84.25,36.160071942446045,5.71,Mid
LFUS,0.5432434791013622,453.8699951171875,8.365059720052564,-0.670600738854239,2.660667552924216,1.5058368683582155,9.253063842050011,25.44097284931672,15.768399247268075,4.839962840497656,161.67,36.07464028776979,11.53,Large
AMBP,0.5189458396260404,5.050000190734863,13.927137691454947,-0.4773491291560986,4.263449402289414,1.6261012411112485,11.725668405477581,4.939140399400122,4.338843625682526,4.794907692288185,12.84,35.993705035971225,3.02,Mid
MH,0.5302470658736445,11.5,13.965877808867585,-0.038236727950362,-4.709952413545809,2.0723891152825957,20.167192962586185,49.77794204699736,21.180192593758143,5.1186324646754295,9.27,35.98471223021583,2.2,Mid
TREX,0.5243883630438974,49.7400016784668,8.990081672806232,-0.9194212951130308,9.22842073737334,1.1017525590072872,14.030267987852266,1.5292786089294645,12.610377496713356,4.550807250852032,106.74,35.85881294964028,5.07,Mid
OPCH,0.507538144686797,24.079999923706055,13.409953727708853,-0.6321181847884182,-2.719190075898118,1.7365390180721478,9.0086000782347,28.601505456108068,18.445646895663824,3.9807472753435302,64.77,35.822841726618705,3.61,Mid
FSM,0.527680383577105,10.829999923706055,10.871571606718671,-0.736236798678505,10.398490046504527,3.813016168210663,27.71227014209091,18.354458756222186,-11.735945234045346,4.267248529189139,57.36,35.63399280575539,3.21,Mid
JBL,0.5425758824619848,356.6099853515625,7.661431970294208,-0.7346330561956937,3.5393389955642682,0.8721582235078679,11.726923220304998,28.095881754376467,-0.5549416391736269,4.8678636381440805,470.76,35.60701438848921,37.37,Large
SLM,0.5238981007409835,27.15999984741211,14.86882453203611,-1.1563131419305304,4.39729268210281,1.2591225438614857,7.182319194131989,2.4104167777079284,14.663452362752249,3.2689886078154706,81.24,35.59802158273382,5.11,Mid
GRC,0.5125633606590054,82.79000091552734,11.365536541077153,-0.4612504360775339,0.5389449152392268,0.6320327718665175,4.5460264718886965,21.4068462613821,21.589953104731105,5.023025426342918,16.45,35.51258992805755,2.19,Mid
SKE,0.5244656810631647,33.31999969482422,7.806012094664283,-0.8107745105839071,11.199178031140617,3.440718010620532,21.03159776082773,15.988110081659926,16.097556825467517,4.818428079102992,28.02,35.490107913669064,4.13,Mid
GRMN,0.5187909608639252,309.6499938964844,10.93513001029841,-1.2880880318551418,13.012803910392224,3.897943512799762,28.081568883162756,1.4887830280576215,5.0266282261407484,3.670734072123758,287.62,35.32374100719425,59.72,Large
BOOM,0.5329839055138869,7.639999866485596,4.790411112871212,-0.6772223290629421,15.871689890909387,2.526823201979745,20.886070550032308,9.279228694558823,26.280985543155715,7.666416416316009,2.5,35.27428057553957,0.16,Micro
GTES,0.5099277608053532,28.440000534057617,6.404954428451829,-2.0515349404718517,3.784259248013576,1.1572750454992424,6.997744979760875,7.619624763472867,30.818771081737967,3.9890742496566975,57.88,34.85161870503597,7.2,Mid
LRMR,0.5241643374113122,4.309999942779541,12.127010997508904,-0.16122842508654947,4.714372496922453,0.967700427718791,13.123359773701132,43.85376488344793,-27.56302384508002,5.59164713101524,9.46,34.83812949640288,0.45,Small
WCC,0.5334902919799341,366.1700134277344,6.72381843136583,-1.2817718537544673,6.330532491481911,1.333476695233721,8.752598797797187,7.599242240041041,42.580460015805,4.270362927342846,245.53,34.70323741007195,17.84,Large
NX,0.5257482887901627,21.889999389648438,7.039841236917551,-1.1519835451554299,13.96886308626262,3.6060088419871414,24.09297135380327,2.9195520708140177,28.766840483419692,4.58787625791905,8.76,34.5818345323741,1.01,Small
CYD,0.5232030185791576,46.7599983215332,4.865725567716275,-0.8663629583403009,-1.9810894128830174,0.7418430809958283,3.962795833717001,43.803314485562375,-0.6298544150596693,5.089820495365006,8.11,34.451438848920866,1.75,Small
BTE,0.5223284779425286,4.400000095367432,2.7611613002802677,-1.9032264773905474,1.0567238126417833,0.521945496597514,6.537529621780375,34.305394517725,-1.2253873495099281,4.431816568552005,82.02,34.3794964028777,3.08,Mid
NOW,0.5037482639537042,127.54000091552734,5.723585502428741,-0.965154945878474,15.686737459839781,2.607870182963607,21.779811732304147,3.6794924358885504,50.43642693017828,5.502469392414929,3267.6,34.31654676258993,131.86,Mega
GCT,0.5187909608639252,51.52000045776367,14.9918579345554,-0.24544445391477188,20.780196812709576,6.386003334108131,37.60684387588149,6.085914157810281,9.663688717896049,5.792382501079203,37.57,34.22212230215827,1.84,Small
CTSH,0.5059137295615382,58.599998474121094,11.650696824006529,-0.4545934427351305,9.058623022590576,4.626676134225038,35.71097281057657,25.799030322735945,34.09610400619692,5.088981117396838,673.63,34.19514388489209,26.4,Large
CDRE,0.5020053151538059,34.040000915527344,6.77110737026662,-0.689597265215001,6.795466482757487,2.3427988288680544,18.417506620662174,14.116068676686549,-2.798399569955133,5.9590485101551804,13.99,34.15017985611511,1.46,Small
MED,0.5213812318372956,11.649999618530273,3.4275023673721274,-0.8450703177297672,5.368832574891277,1.9065776911259114,9.59547970848773,26.200152139200515,10.846806514877255,6.492948247700861,2.71,34.118705035971225,0.13,Micro
SM,0.523812442746247,32.5099983215332,7.330674413528319,-0.8715435301862766,4.111953803940092,0.9260006794262323,8.62010688260856,8.825257671786801,56.23871779975135,5.130290348983047,125.74,34.064748201438846,7.73,Mid
BVN,0.5377488535147482,34.79999923706055,6.350627510186836,-1.0384673426055728,3.829104779107759,2.044007783072631,13.318138307997094,33.672231333705994,18.22587275425053,4.380132664713143,38.77,34.00629496402877,8.84,Mid
GSM,0.5136255753347743,4.570000171661377,13.754152421246452,-0.4085088531430068,11.968670933211122,5.405405507932013,36.01191410664982,17.931956390730292,6.937061793121307,5.064082350474702,8.25,33.93884892086331,0.85,Small
HTFL,0.5147293949683631,29.540000915527344,9.548480084046156,-0.7410108912215909,2.875573749369334,1.8139800804145523,8.403673084195622,31.363634730474377,-17.138850907887974,4.621093832584052,44.25,33.91636690647482,2.55,Mid
WEX,0.5195108211622816,189.05999755859375,14.403736018549768,-0.9408508846724,6.454199930159731,2.54252433516099,19.749171339795257,2.323046864838296,7.328983314993885,3.850819652322545,135.73,33.88938848920864,6.44,Mid
FSLY,0.5279077216567243,28.780000686645508,10.818172881760932,-0.29837771377628564,29.55502374844211,4.460171006788731,43.90000343103254,11.599263822648943,47.5897471085621,7.316812995661752,182.21,33.781474820143885,4.58,Mid
LLY,0.5008075420178482,1215.02001953125,12.282834857116857,-1.3628031011287807,3.2492836628931108,0.46819783488437455,5.048288078459713,4.5296438442946965,30.2280780302292,3.50099709923807,3620.67,33.63309352517986,1083.48,Mega
NOVT,0.5289323696721354,167.7100067138672,8.773869955368607,-1.0270218901430757,8.643831744778813,1.5249831724477227,14.212755990412084,1.1543116729350715,5.35209758260002,4.637695829751033,90.04,33.552158273381295,6.34,Mid
CAL,0.5350362590658334,14.149999618530273,5.5551960275546115,-1.2049717887417442,8.72488046926677,3.2364251884570754,20.73378238847231,8.776221301095651,33.39665711250575,4.871278034342867,8.46,33.51618705035971,0.48,Small
ASM,0.5456788591041558,7.380000114440918,13.08276673587725,-0.36586066072136464,9.380597913852075,3.289189086650986,24.451944820106586,24.28716928008567,30.388698111208395,5.371661422288735,27.61,33.37679856115108,1.29,Small
AU,0.5415214227012226,97.44000244140625,12.626427427064947,-0.545492735160527,4.61123786562548,3.03424863616883,23.12358250273152,27.944531473227443,19.38250326179128,4.687500419455618,316.33,33.3408273381295,49.28,Large
BKNG,0.5257482887901627,212.8699951171875,10.389590642385828,-1.2993953079002107,10.547646302642125,2.9713424181050794,16.449667157145072,1.1535382684425088,26.134871787669194,3.9809671513876226,1563.04,33.17895683453237,159.95,Mega
SNAP,0.5221007867118248,5.510000228881836,5.805070998479489,-0.9395729068343518,7.043990446466032,2.2810896371476304,15.756301760065636,36.52298482749583,-8.774830070045946,4.939071538131468,232.53,33.13848920863309,9.32,Mid
IMMR,0.5189458396260404,7.480000019073486,12.913483638220931,-0.5756106156502148,4.524019126080256,1.9657058499030933,12.91721763296917,11.402717036636536,-3.3591700219588634,4.9083272824829125,5.04,33.093525179856115,0.25,Micro
SSRM,0.534139785383508,31.969999313354492,7.243153672401021,-0.9089733643048956,8.67742152644572,2.021423149376244,17.321098396995527,15.72097515551884,8.815521533296584,5.05049462496973,106.93,32.99910071942446,6.52,Mid
PII,0.5157701411713231,70.08999633789062,12.950752175434719,-0.5541074435449178,-2.128080024855576,0.6747821606076091,-1.958318041255434,14.581806962623729,47.81106361407049,4.915108966786824,59.06,32.985611510791365,3.99,Mid
MBC,0.5011855192272583,9.220000267028809,2.0052486427478176,-1.2284506635683698,3.138916711476926,0.48035692664413915,3.595513058183976,23.551881265536366,19.740266171660245,5.6406871496615665,25.25,32.94964028776978,1.88,Small
SPHR,0.530697574215647,162.3699951171875,11.046432491761765,-0.696919008010683,8.191702941994178,1.8845421582370532,13.212939053162879,5.5884396968115855,51.14027241499822,5.081955966875543,119.88,32.87320143884892,5.83,Mid
IT,0.5002968123295253,187.27000427246094,5.779989101696692,-0.9709708466485437,19.036497745075433,5.305380820610758,40.004494589367134,0.8849360141980612,15.456231686652867,6.179385150514042,275.59,32.589928057553955,11.83,Large
PTEN,0.5232030185791576,11.0600004196167,3.4796794119946,-1.166569879361387,6.085251410318714,1.5062212173898504,12.398376503926867,25.860769145714357,8.03049678529172,5.318393988368451,106.62,32.4910071942446,4.22,Mid
WLDN,0.5206447404813868,83.95999908447266,12.177305515083674,-0.4316360663941817,0.7752776583518856,2.5191519577648385,15.329664237276539,41.175290627157544,-9.63298269806267,5.096815825970046,27.04,32.47751798561151,1.28,Small
DOMO,0.5064065299939274,3.9200000762939453,8.820737882884433,-0.38948757834695985,6.841102681264257,2.4002233049783297,17.365274756159156,34.07973576452912,-0.7594929372157246,7.343294700024599,10.21,32.468525179856115,0.18,Micro
CXM,0.5279325019238252,6.869999885559082,11.148155528842011,-1.1111677484225577,10.396913219831822,3.1237053553810306,19.47825887590086,0.43100760184479536,19.686413925133788,4.200457505876083,24.4,32.351618705035975,1.61,Small
OPRT,0.5257482887901627,7.599999904632568,14.749774463036132,-0.3720041903146962,22.59052970736634,5.0228691389710205,34.038797213909945,6.177291975954635,43.66729601135387,5.82142977024381,4.02,32.16726618705036,0.35,Small
GPK,0.5093892810282726,11.960000038146973,8.641917647027313,-1.4316701962232243,5.789218581161677,2.252069161053577,13.904762266742143,3.1848144659090742,35.625490167440624,4.2080748077988,67.22,32.15377697841727,3.54,Mid
EAF,0.5221007867118248,7.909999847412109,3.3683930308923262,-0.8003511330730188,5.207153899337758,4.063237987991459,15.474451932589545,28.914178214673697,9.861111900790831,8.553819785209873,2.79,32.023381294964025,0.21,Micro
AMBA,0.5361318694110991,82.88999938964844,10.095118087576507,-0.41527725730855175,11.461476706436219,2.024255002740475,20.339725166484186,19.432619687410362,-3.6162797794365114,7.3647516473814605,156.2,31.623201438848923,3.64,Mid
IPI,0.5417057501488243,36.880001068115234,8.361879735600787,-0.832168851081958,-2.0291027692798154,0.4830498926228982,5.76427358113539,64.78132641118052,-24.488122536572206,4.5688719145832914,7.92,31.591726618705035,0.5,Small
VVX,0.5069451147500589,80.54000091552734,10.327517190200366,-0.43044881485300707,-2.142678552935715,1.4470693951789992,6.463977912691768,31.31479402754585,-3.625701555971498,6.328656985562625,57.12,31.564748201438853,2.52,Mid
RUSHA,0.5116602933688517,81.58999633789062,12.87163589934664,-0.9919941295163337,51.285897320350074,3.591607953620833,60.65239434976891,0.0,68.1574517053696,4.307833559633887,66.49,31.495053956834536,9.52,Mid
ACCO,0.5189458396260404,4.289999961853027,13.609625429847712,-1.0087480769227504,2.09424026534887,1.6080273752872063,8.060451658843315,5.613279132110035,1.9002356998140129,3.971027005624265,3.41,31.488309352517984,0.4,Small
DT,0.5257482887901627,49.65999984741211,12.971469333692426,-0.9263199679121119,9.782247828972443,1.7877835943271834,9.940229932208194,3.4049234835475257,38.25167700026004,4.323542141645146,269.49,31.258992805755398,14.35,Large
PVLA,0.5187909608639252,154.3000030517578,14.930942433869488,-0.49143189348630945,5.2593895109521185,0.8191246736258628,1.5331985341340746,2.9941276464225006,4.017801578106579,5.51490571471377,41.92,31.25,2.22,Mid
RLI,0.5308082402245649,63.939998626708984,11.298660197715092,-1.6558102697936903,2.9206981359392805,0.7704725669770875,10.14642457701645,5.608689244497701,20.4369908508803,3.718889277885326,61.41,31.218525179856115,5.87,Mid
GTN,0.5027262169189033,4.760000228881836,11.255940896598263,-0.40937175869796166,6.23687285565574,4.455933175821953,17.241386595947823,30.192674172888097,-11.359397943453471,6.167465101732602,6.48,31.178057553956833,0.49,Small
TPB,0.5109475206584848,88.08000183105469,8.15575347569375,-0.8505529885862207,0.7729036451789452,0.9846862681347798,10.210215026228594,31.743456822695137,18.745668467426256,5.083040691315985,37.98,30.741906474820148,1.77,Small
EDU,0.5021604120965714,55.54999923706055,8.193511887085,-1.0480041004836946,4.067140157662997,2.224350009209144,11.300339424520905,34.3912669536555,-1.8204357734937466,4.443874177361774,38.45,30.701438848920866,9.26,Mid
WFRD,0.5206447404813868,94.43000030517578,11.468264645995472,-0.9739846779547766,-1.1670975188490353,1.6277432505374458,15.789773540869978,46.76433342158768,3.3805686648432136,3.9354111372268923,127.15,30.499100719424465,6.77,Mid
UROY,0.5313718708965693,4.170000076293945,13.014792802936679,-0.421870903895238,19.87208102620838,7.114038990569027,51.08695978955981,6.914524388951559,41.355932490733046,6.684481301482157,12.79,30.467625899280577,1.59,Small
BBW,0.5076829603105874,36.84000015258789,10.973168967305181,-1.0564970868342902,-0.5121472699966654,1.4598862663773797,7.093018948858065,52.4464380940431,-4.622310220707866,3.8118496880884423,12.94,30.215827338129497,0.46,Small
VOYG,0.5466670851929272,42.900001525878906,14.824124806508879,-0.22145742572469979,26.06153624809079,6.686464986348449,61.278198909919624,15.491561389614914,68.10345123699585,7.133499829259595,94.35,30.17535971223021,2.6,Mid
VET,0.5154269106281971,11.350000381469727,9.979236742854821,-0.8186349323122807,-0.9657634445022018,2.2224330851289675,15.934631517220964,57.23798203851745,-20.599122350562183,4.568910655255737,16.76,30.04496402877698,1.73,Small
CCC,0.5313718708965693,6.869999885559082,14.465640441032516,-0.8699072531551291,10.352580079137503,2.0824788629240976,14.499998090234701,1.4937057460039778,31.106873765798337,4.585153747711077,71.14,29.7976618705036,4.05,Mid
CBIO,0.5224836054239516,16.690000534057617,6.347385722318198,-0.5832168383362515,-1.3957578482763746,0.7979735428980329,6.509256239517619,63.083225431977496,-10.075425568925587,7.54301219594561,5.91,29.52787769784173,0.62,Small
ASTL,0.5102407169405375,4.420000076293945,8.987906578872336,-0.4664596961662062,-0.9162980020550736,2.549326473965248,16.31579293669683,50.64989872861043,23.809528255115602,7.15093902396398,4.27,29.482913669064747,0.47,Small
CTS,0.534139785383508,64.13999938964844,9.85647505078819,-1.1218629688431618,0.8719353902614052,1.2695955311614564,7.997979539881821,32.939531503119824,-1.3230778620589718,4.189494413012242,19.6,29.40197841726619,1.83,Small
WPM,0.5102304806561415,134.41000366210938,12.11134217695871,-1.2279275253810724,4.520525393739206,3.409121508787729,23.84594598144499,34.2521869975913,17.62697200428151,3.7013606751952755,277.38,29.366007194244602,61.04,Large
MPWR,0.5217472543867417,1402.1099853515625,4.656507729658296,-0.9159016509056767,-0.7336064064830897,0.6121144775691488,3.655756060082537,42.25450206118464,6.923630878446929,6.40672232034302,1411.05,29.35251798561151,68.9,Large
RUSHB,0.5116602933688517,79.06999969482422,13.320222996811621,-1.0723360197547087,49.5767331288028,3.1617736703320967,58.924022301836764,0.0,56.24423630589178,4.3433480629485635,10.99,29.29181654676259,9.23,Mid
UHS,0.5018966560417482,168.72000122070312,11.101221239200148,-0.921613233710071,-0.908436388263907,1.9719446416092683,13.984594210658031,40.02267885064293,15.633950212358027,4.3745324166449375,165.88,28.794964028776977,9.94,Mid
NVCR,0.5223284779425286,17.65999984741211,10.756838259046248,-0.5074507146571903,7.927738179589881,1.057513650776957,10.168428514309792,14.843830618637623,-11.65582766517043,7.762294537647857,30.83,28.552158273381295,2.06,Mid
GCO,0.5157701411713231,36.81999969482422,12.540943216794908,-0.9081804953654277,-1.9101158866861585,1.2980357849880095,4.45389984334661,20.932275651791944,25.88034083612108,4.568538110134369,6.87,28.044064748201443,0.41,Small
OEC,0.5225293542640912,6.670000076293945,5.283277651951803,-0.7711423889664698,-3.640564915524918,2.222550214439507,5.039372856959113,44.19298399204502,16.628785387181686,9.220389842610855,4.22,27.990107913669064,0.38,Small
IESC,0.5155519619769683,780.0,12.947557207316382,-0.5462006217594325,13.786355417091295,3.4760086311601004,24.61856073024116,0.6148620743673364,9.106164968899375,7.830587533804087,203.15,27.88219424460432,15.54,Large
AXGN,0.5102975979187232,48.47999954223633,10.24154854329717,-1.0110728813258598,13.37592616468202,2.9478151957148926,25.20660644003953,0.0,7.901177860825849,5.458804748187545,64.41,27.86645683453237,2.61,Mid
LYB,0.5147066473399903,63.97999954223633,9.710280252526065,-1.2622563926500205,-2.769284832519143,1.0864844626415482,10.310344038160734,63.058080981960174,-11.825844090518808,3.9722228437712297,329.04,27.846223021582734,20.67,Large
FSLR,0.5154013343332764,240.91000366210938,9.799840597570014,-0.6905274960247147,-0.018758121425087156,1.4059158413842892,7.635598149658815,30.574595010881843,14.653535722577582,5.982391764682272,561.58,27.805755395683452,25.89,Large
SXI,0.5089406687751704,327.5299987792969,10.490689397304656,-1.2297606258011102,5.306459962988265,1.0064906561359588,6.631594080513284,11.051942914523933,32.03386783083829,4.514892964103915,62.57,27.661870503597118,3.97,Mid
IOT,0.5187909608639252,40.31999969482422,14.834044147008296,-0.6515890927471896,8.50960654377233,1.4483648520290275,10.678010861803335,0.8510666920831342,14.027146489585625,5.80534377134566,258.81,27.535971223021583,23.49,Large
CSW,0.5116602933688517,351.2900085449219,10.319621897827759,-1.2930822510482456,12.98056704515132,3.213971581487804,19.56021514259673,0.0,35.91678321623141,4.915733916010466,55.03,27.421312949640285,5.72,Mid
JWEL,0.531209519331784,3.9100000858306885,12.907506566496854,0.0690781160510908,69.17496854981333,9.802869619534565,102.59068347501679,99.31498869964351,-2.2499978536702887,10.710632126037831,6.77,27.414568345323744,0.01,Micro
APH,0.5257482887901627,167.22999572753906,9.271267793746938,-1.520852479914262,5.080271231622419,0.9736022477619101,6.4887944963005655,4.962044441917233,36.753724230987444,4.636471180249982,1346.04,27.396582733812952,206.19,Mega
CAMT,0.5217472543867417,164.41000366210938,12.098683238571176,-0.3815605316339081,-0.8719379127678466,1.6275613943673142,11.608177575726234,45.51132068975129,-5.8523741252271355,7.103756886223321,89.95,27.378597122302157,7.67,Mid
AEIS,0.5132716182399292,327.5899963378906,9.999459711686749,-0.48562920342462496,-1.2611967734812854,0.9257212018302554,8.516626155804317,54.113151153300265,-5.894685552581729,7.156159417719818,289.57,27.36061151079136,13.12,Large
HOVR,0.5011969423936333,2.0299999713897705,9.040369207003634,-0.541241935160996,3.069663537567188,2.467734739019807,18.71344596006142,60.54570942327424,-31.649833260904735,6.997537577310496,3.07,27.261690647482006,0.14,Micro
ARDT,0.5099277608053532,10.970000267028809,11.196332688043817,-0.8785194606904567,2.0227877914804018,1.7169620106121097,11.938776055134177,5.503107423155193,40.10217590698933,5.515041060590136,6.59,27.185251798561154,1.57,Small
IP,0.5329651001110137,41.79999923706055,10.754816958330373,-1.275598555709141,3.5537748037485652,1.6737614724669065,13.772447815160756,14.53662610448496,39.459422583762844,4.388244119717718,240.17,27.059352517985612,22.14,Large
QUBT,0.5117332786307848,8.949999809265137,11.954071511739878,-0.4592039905138424,-2.8662613735910907,1.279803649904012,11.318406114633763,67.57926935918891,-24.02376899504415,5.98164409041198,116.22,26.85701438848921,2.02,Mid
NBR,0.5217472543867417,88.16999816894531,5.2513342077091165,-1.5073198685323532,0.9525228025833353,0.6220629045504901,6.950504072997958,33.1492964343169,-15.367634948337965,5.183978936200391,25.36,26.81205035971223,1.3,Small
BTG,0.5347193789773245,5.070000171661377,12.730677706605565,-1.056648382068295,11.87673991227377,4.878685761119419,33.42105881440223,20.45748115028366,2.9363683109259746,4.2688072583292564,118.71,26.78507194244605,6.7,Mid
ORIC,0.5313718708965693,13.729999542236328,14.814238920925735,-0.5064196087660375,16.213123609768093,3.9551248278358972,23.24954325727205,1.3292860168185086,83.67892597417274,7.5086881509291326,25.15,26.767086330935253,1.42,Small
SKM,0.5224836054239516,33.66999816894531,5.092257571798369,-1.2002758224661079,-3.009113168955684,0.7764351491915168,4.370737510011717,59.39162339740884,-24.217875449203692,5.336458129871472,95.23,26.753597122302157,12.93,Large
AIR,0.5182259178427604,145.4499969482422,14.526218075353652,-1.122131639822367,4.741260900086577,1.09822902479652,7.161277187500394,2.1623121387283235,1.613802968022554,4.344110196469633,67.34,26.578237410071942,5.86,Mid
SITM,0.525861954982406,667.0999755859375,14.379611890950073,-0.2649359150722892,4.7136320624917305,1.9989206730331104,8.935623349346143,40.47436914624933,105.05962146989785,8.449685538948017,384.88,26.241007194244602,20.06,Large
ACN,0.5136030337466116,179.82000732421875,13.428972375102502,-0.7485715596896227,3.9133932754800504,4.122140289702692,31.236317119315434,36.470549012564625,-8.232679884691715,4.923374634883233,1649.84,26.08812949640288,110.04,Mega
ENR,0.5195108211622816,22.3799991607666,9.91724062930726,-1.4440122236202952,5.556075428692131,1.3189334921777425,8.168190348015756,5.2749639931115375,3.707132714790516,4.8161632279460065,23.98,25.849820143884894,1.53,Small
CLF,0.5440236544258178,12.40999984741211,8.242695609558197,-0.9414030569062828,8.733745580933155,3.8365073188038874,25.98984128466099,15.204922866728445,4.023466302744751,6.40036947716954,276.31,25.804856115107917,7.08,Mid
GHM,0.5095929223782036,108.76000213623047,10.927000904116303,-0.7744308699623216,1.4501151433849913,0.5805093922766851,-1.3067103919022578,17.06363429018279,0.8998990745480137,6.104521139706776,29.25,25.624999999999996,1.28,Small
ANET,0.5116602933688517,197.85000610351562,14.495734147069001,-0.8292891632319586,10.797819706874149,0.7720068627629991,15.08260133235817,0.0,34.53693008823832,5.667858540436357,1620.49,25.550809352517987,249.53,Mega
LHSW,0.5117332786307848,3.0999999046325684,13.79981793351439,-0.12089683528481505,6.784853649947607,1.1498808992062564,37.77777352243514,82.73462240325709,-54.41176737905834,10.700000375756483,7.8,25.48561151079137,0.01,Micro
DBI,0.5221007867118248,6.329999923706055,6.935571186641266,-1.2767954498095953,-2.7924774204860507,2.750358746782493,12.834220551297237,51.8261860700404,-9.10420999929112,5.07786058929971,4.27,24.85611510791367,0.32,Small
TRT,0.5232030185791576,11.180000305175781,13.883797072158051,-0.2543788963038567,0.9973288502962058,1.276365150567311,1.6363664105401596,80.58797809418662,-18.867920740127104,7.983005075701706,6.65,24.617805755395683,0.11,Micro
ST,0.5287815263672876,46.22999954223633,10.70061778418025,-1.3732099658956105,-2.713828501985953,0.4675436809176959,3.5386292549313287,40.61581063288943,17.146763212040003,4.272117361170616,86.37,24.39298561151079,6.73,Mid
DOCU,0.5257482887901627,59.34000015258789,13.077809259037497,-1.2451056246382493,9.064842936275683,2.9138882365352297,15.989054592285482,1.3445590074588132,31.66186055928863,4.860705188178369,234.05,24.019784172661872,11.33,Large
FDS,0.5257482887901627,282.95001220703125,14.968756598336618,-1.6913077422240905,6.262926259215678,1.7153525782468075,12.64381920331684,2.817026959151995,31.033957413035058,4.154443483370652,275.75,23.826438848920862,10.06,Large
JBLU,0.5329651001110137,5.809999942779541,11.122221244345269,-0.8103739639836457,1.1930675042084247,0.7280701114317163,3.9355954230241927,16.942102770756726,22.315788264344906,6.632652516870709,185.95,23.430755395683452,2.19,Mid
KOS,0.5313473743199668,2.559999942779541,6.060605493708479,-1.0991814154890138,-2.0408184110433814,1.0457248061520728,10.34482829048331,48.07270352226466,27.363181823492972,6.361607205222495,38.85,23.421762589928058,1.52,Small
PRM,0.5032648783687613,34.529998779296875,14.067401461188126,-0.5505664914590813,0.7851472358421899,0.5606104711351096,2.982403925966221,21.053252163640188,0.3778989757206658,7.4566626007704455,61.15,23.421762589928058,5.65,Mid
NUAI,0.5149075545308214,5.230000019073486,7.258747062646669,-0.8919965420564665,1.10187554523518,3.3251433192618385,17.264573411837574,32.418253279896305,19.13440040874094,9.814259488893347,43.88,23.39478417266187,0.53,Small
NVT,0.5217472543867417,167.16000366210938,10.441203760054467,-0.9961507872981712,3.572839882449487,0.46096350273472625,4.967618609566806,17.372214641904492,5.324305662213696,5.809376447989178,359.65,22.98111510791367,27.06,Large
PLPC,0.5157459879019527,480.7699890136719,11.822035893161434,-0.9472814353087962,29.660212958942356,5.41002508078566,39.091565891148974,0.0,64.67512042088362,6.845861657022039,49.63,22.852967625899282,2.35,Mid
CMCO,0.5195108211622816,19.549999237060547,13.819055719266723,-0.6348673580314531,12.09868776506761,6.019170668755914,39.31919222063869,9.253574893301336,2.327300847431839,8.630649283067788,14.93,22.508992805755394,0.56,Small
TER,0.5132716182399292,379.55999755859375,7.409006109124914,-0.9770031973684454,-0.6996757103704728,0.9872696615061534,10.94352945622847,29.863846993896676,-13.326638216921305,8.112771050371785,1687.04,22.5044964028777,59.34,Large
ENTG,0.5132716182399292,150.2100067138672,7.6963095295126225,-1.129858199695458,4.126927217830576,0.9270596339409126,8.398032658875767,18.357883935697185,6.335579334554321,6.861911293338201,494.32,22.297661870503596,22.95,Large
APPN,0.5257482887901627,35.5099983215332,14.966484872971142,-0.8272450083598137,28.028549932950362,5.544350927407771,40.18949241250455,0.6936896645951163,70.80325520478435,6.639982200431726,33.68,21.704136690647484,2.54,Mid
ANL,0.5032648783687613,13.079999923706055,13.507931425466044,-0.5710199052941688,3.4728264282866452,4.6700338570653175,23.04797537778309,34.55967597552206,-18.301063479731173,8.154215949821815,2.49,21.6681654676259,0.84,Small
BRZE,0.5257482887901627,28.219999313354492,13.97962058651719,-0.9365345633722468,11.137363778957392,1.112991572641896,7.668829832183829,2.502280840311397,30.64814266048564,6.012706221213496,69.31,21.573741007194243,3.18,Mid
INSP,0.5059137295615382,59.130001068115234,11.737435339375912,-1.0962567089230908,9.769342800441995,2.545188182611245,17.089111025632363,17.11819444391885,29.330707543915004,5.488754449431714,58.56,20.85431654676259,1.71,Small
BELFB,0.5132716182399292,290.1000061035156,9.599662606372075,-1.0879555693694665,2.892924568721313,0.9311306170707849,5.490911310349351,19.61075738979237,7.979268337396873,6.438172660900272,87.79,20.66996402877698,4.19,Mid
SOUN,0.5221007867118248,7.409999847412109,13.693466637619208,-0.6010437965397141,-0.04946030457718174,2.410774421893906,13.999997650340145,50.20803938874975,4.661015921123128,7.31636905972307,238.02,20.34622302158273,3.23,Mid
PLXS,0.5132716182399292,270.32000732421875,11.00627848828527,-1.2799933144727642,-0.8994980216072824,0.42141772226730567,6.379129776422919,24.90833561604246,-5.956023856010716,5.2165669202841665,89.57,20.260791366906474,7.2,Mid
DXC,0.510988468093634,10.8100004196167,11.571732305338118,-0.9256265272369492,0.41491609762412457,2.1484763058114864,16.236561266136423,41.32976517762191,22.5623672723553,5.880797722383338,54.43,20.215827338129497,1.73,Small
MRCY,0.5244463714341109,109.1500015258789,14.580502201586132,-0.8333765309610849,0.5070019182900254,0.9813360908112362,6.00174830713046,28.10854752766999,-0.2102722008705963,5.775145524919561,77.04,20.14838129496403,6.55,Mid
ROCK,0.5037482639537042,49.77000045776367,10.883076905956528,-1.3065876907973668,7.824129384749451,2.640590619349479,12.576343560970631,6.288407668023805,21.687038143642923,5.998091019908835,18.13,19.743705035971225,1.48,Small
EVEX,0.5276805486942446,2.8499999046325684,11.51209697348636,-0.8193196491564227,3.055501398308583,2.819236406304658,19.747889386323763,38.68412123836148,17.28394346354937,7.20551522065455,3.16,19.676258992805757,0.99,Small
AUR,0.5223284779425286,6.949999809265137,11.506659836031606,-0.9893700120804517,7.815454227619865,1.9267359287354073,15.44850217825093,23.181078550604223,12.824675021001324,6.495375483151711,188.62,19.213129496402875,13.63,Large
ASAN,0.5059385838464792,9.25,14.527530259675098,-0.9934788228817397,14.565271563986343,3.3670463182918997,22.67904571049803,0.8005109092589872,20.12987310296429,6.650966290801648,53.12,18.952338129496404,2.13,Mid
DIOD,0.5217472543867417,103.1500015258789,10.315450803584934,-1.0631078959508373,3.914186702202091,1.4350214468008498,6.427985425680192,37.84092642673878,-0.9506413189574409,6.722527753143924,59.83,17.365107913669064,4.75,Mid
AIRO,0.512905164870279,8.430000305175781,13.193500850534031,-1.0169833320048514,3.706517527918068,4.503947347779199,25.074192747732166,45.490544202194656,-5.174353434538767,5.766395747320565,3.8,16.573741007194243,0.27,Micro
TSEM,0.525861954982406,249.5800018310547,14.628343210542639,-1.0129841859632682,1.9676934084552928,1.01346831496937,-0.5657363222867152,24.65932579380283,50.27697439721721,10.286995560735775,498.94,11.933453237410072,28.21,Large
