Ticker,Win_Prob,Price,MA_Conv,Vol_Z,Breakout,MA20_Slope,MA20_DP,Ov_Supply,POC_Dist,ATR_Pct,Resonance_Score
NVRI,0.5038969556740541,19.799999237060547,3.5595191852577956,3.373540265561028,1.8675687906990373,0.29411749073207044,1.8518451290868894,2.886769198462023,8.731467503786646,2.9455271393014377,77.05685618729096
PK,0.5189800647027255,12.0,3.8961693291972486,0.6998108531946867,6.899469393111161,0.6590751528078814,6.288751465748923,0.0,15.428175660090623,2.782143297649565,76.67701863354037
IFS,0.5548699317768834,50.40999984741211,3.1772100355298325,3.5582651866126924,8.772592906294726,1.7652871748772077,12.271710766501204,1.1992776854529514,14.569214490932797,3.3957265034047146,73.86048733874821
MOG-A,0.5222146948413909,342.6099853515625,5.113842838266233,0.7126273223928292,10.10648115906942,0.8205355468655238,11.961713803501814,3.4300995247638486,17.67043100998967,2.9542494253235985,71.6674629718108
LYG,0.5076495711627419,5.5,1.224665376936046,-0.001510570719198999,3.7573029292300477,0.25546407602175975,3.189494909858196,28.76310586013394,-3.18155255142231,2.941557029625038,70.82656473960822
MCB,0.5146535940336745,91.3499984741211,4.702645121348828,0.16976673720241856,2.32531301010942,0.41032979186550084,0.8356860540191913,11.974074839327077,6.152051339765556,2.717412722117307,70.40611562350692
RL,0.5273247536251199,381.7799987792969,1.7486343497939316,0.9723403351195299,6.768989840496102,0.3096940260121773,4.064110954973602,3.6598323711617025,13.04187653150701,4.028124256283481,69.07310081223125
FWONK,0.5121696420031242,91.41000366210938,2.0485026660858647,-0.10234285490063581,1.9188566440777945,0.29017284172652213,6.241286249859293,20.95698997734081,-0.19652001635119853,3.1145383033100984,67.32441471571906
JOYY,0.5055264164703737,64.08999633789062,4.372405094119494,2.6063776398789695,5.4518097734923,-0.04806242864896452,11.402742391227804,17.320774592423408,5.898148655221466,3.6332844399932602,67.28619206880076
LLYVA,0.5405802058205554,95.8499984741211,6.202342045164925,4.178924689102915,1.8104940502292999,0.8375868037774628,5.666408820934071,21.90504027020005,-1.3279811855254455,3.281465237665906,67.20974677496416
SXI,0.5009369857261674,269.5,3.9718748618993183,0.5114739139921904,3.226194861665451,-0.7509364426754046,0.260694408522904,11.450596607734056,8.53140789002749,3.546845943924958,66.60296225513616
TXRH,0.5157689244793637,182.1999969482422,3.7313982019982648,0.4060531329988314,5.242249693935165,1.7802485976181424,15.0906447842344,19.245686034706495,2.7173254779121696,3.5710358556065818,65.527950310559
NTES,0.5118078154399006,123.33999633789062,7.078503589623844,1.504645011675708,0.3632623000028183,0.988004632457491,10.361483518442531,27.636336558356252,7.871261402987134,3.135930615966394,65.4945054945055
DAL,0.5406735762639734,79.38999938964844,4.305227779161288,-0.05624475778901782,11.392466961485404,1.9090825565817644,18.418061787885,0.0,31.39753020768037,3.3213160027068374,65.10511227902532
TEO,0.5272768294510718,12.739999771118164,1.3268066999641406,1.2756558645281446,7.211982938598351,0.9986823560314217,13.851655484541611,6.236599429630092,11.363638446721604,4.967481394848913,64.79216435738174
ABUS,0.5279465574463451,4.639999866485596,2.03731572515406,0.15546885668720875,5.177654823642198,0.8161359602998763,11.80722312626136,25.914863779137846,-2.3157922840262395,3.7992610932358346,64.00382226469183
OSPN,0.5410331940249996,13.710000038146973,7.275325113509347,0.1185969034475489,13.16596611614538,2.5634923493138246,20.41178114056646,0.0,33.1354172509414,3.140199105995763,63.37553750597229
NBN,0.5368495915974366,126.63999938964844,8.143778946658903,0.5866943297188155,2.956907983890663,0.3716772657206386,-1.9734803902020086,2.6779713591480117,3.845840556567061,3.287649116677159,62.91925465838509
XRN,0.5550250566230085,36.869998931884766,1.6406628668185197,0.18424257041492856,5.932987159509462,0.900709098497756,3.657219928039321,3.421578747925622,14.985721436934913,4.601746732749298,62.19302436693741
H,0.5248513308694647,179.52000427246094,5.487939400461954,-0.21480302867816678,7.018629587378583,1.1002222351191981,10.569107906808926,0.0,6.279579699148388,3.1470838846396036,62.02818920210225
DECK,0.5148368753550218,111.44000244140625,5.02998162445127,0.39206564060134586,6.331652694101011,-0.11411481457109818,4.953853947130314,19.822241970906965,-6.619737002547501,3.691288246437184,62.0066889632107
PLUS,0.5062725046054818,86.94000244140625,3.83225873420166,0.5227040824309425,2.4716273599565177,0.02416833179203617,3.908216020059075,27.840349247806596,16.776368038912587,3.9879713368050766,61.81079789775442
SRRK,0.5252124581754161,51.5099983215332,4.557307611477164,1.8191505225130098,7.246027025154393,0.7456856334963177,10.22897245028698,0.0,4.780306105304026,4.936211757399465,61.60774008600095
MOV,0.5448799418472888,29.81999969482422,13.739991232912027,2.62940607560538,8.85992648309498,0.42894855377227264,7.809110120208874,0.0,19.897093031506856,3.1546426459766823,61.47396082178691
ANIP,0.5121696420031242,81.41000366210938,3.161398859250587,0.23488514388427334,0.6098928571903839,0.6593150704318744,3.707011034487012,33.3404340300892,-0.5497153003683048,3.890351091635146,61.45246058289536
CPAY,0.5269158579881917,349.6099853515625,4.312296449074601,0.26450520579039577,6.627745621824125,1.6401722420880536,12.209127044644378,4.2137182232172945,12.846579550846482,4.041749602891255,61.20879120879121
VVX,0.5377477627718209,75.93000030517578,7.562522126363107,0.4075539189777555,6.96249382652743,2.2506304573353932,17.049479096878873,3.356016137689817,8.347600344161659,3.468230930579572,61.12756808408981
PM,0.5250582542358824,181.52999877929688,6.349257470716041,-0.19350913355576913,1.401226141053122,1.8400114069079498,9.4279338399528,17.221994686025717,17.840473709327078,2.856277674875191,61.07978977544195
IMAX,0.5560254169367781,40.61000061035156,3.9210856129285583,0.098918993237021,9.96504777016681,0.4849427810376925,9.845818959593617,6.339535100759278,12.089431750856658,3.928484605864363,60.92689918776875
NEWT,0.5553826781709104,13.859999656677246,6.6657607279813815,0.11036327300707219,5.011930466390285,0.8712601513726909,5.801521015408076,7.453630451602111,17.05530962490998,3.339518455009037,60.883898709985665
SAIC,0.5235717651009253,101.36000061035156,2.0729824771455907,-0.3304416019282758,4.220715407239103,0.6799703456710586,6.829683330995101,16.300713286307907,0.2959402040864231,3.445991205464759,60.1863354037267
F,0.5124541559494082,15.319999694824219,4.587636292371066,1.0287507317716829,19.623335940263807,2.8293111088339367,25.10572223418588,0.0,12.896094614788478,4.983188517443858,60.14094601051123
COLM,0.5248513308694647,65.80999755859375,5.192476822125186,-0.17647981571618773,8.833863558020427,0.659323970908492,8.281577735192336,0.0,1.2031727624497346,3.473588581646694,60.00716674629718
TX,0.5233176280667373,49.40999984741211,9.091733523567633,4.551692309452363,12.119559248346356,1.8692472190839537,17.191856370582155,0.0,5.041857678271694,3.9983904940995822,59.74438604873388
APH,0.5006729950347314,139.55999755859375,4.523811445003103,1.519327581582212,0.6887387479420725,-1.924798007225767,-2.8945196400966733,42.06537412995544,-4.19578734827323,4.345800962110307,59.589106545628276
ANGO,0.5239972191888811,11.800000190734863,3.7412774103403654,-0.19804076882314806,4.617659835668835,1.0348411459667655,7.46813007841749,20.504647660050924,3.1468585972450884,3.4624692620439395,59.5843287147635
AGM,0.5249480381575018,179.0399932861328,7.296628561194335,-0.10051882218743888,1.9952972113865046,0.3383909968733024,2.449072392883926,3.7216417967819058,27.666847028598678,3.129788042131392,59.53655040611563
THRM,0.5231625586282584,33.77000045776367,10.310212272589506,1.4235296172787453,3.7329440673191314,1.3902603993310285,12.905384921145313,27.004808068571972,5.663333620412234,3.2668462436576973,59.512661251791684
RNW,0.5140493402015082,6.0,6.325968203097329,0.900283178534327,9.569028505281986,2.0404365461062257,19.284289255243706,5.8315849325707605,9.090909089256199,4.225000881013416,59.41710463449594
WRLD,0.5422002878111922,166.4199981689453,7.824867070348312,0.2896909219119559,9.49260380107989,0.9115712961308016,7.582904869308759,0.0,24.855582977968922,3.645682777376801,59.319159101767795
BOC,0.5335772996297877,12.75,4.2574832355063235,1.0467588377631056,2.914567384592086,0.3377519370736197,4.593933050432077,16.9483067010564,3.658534977645932,4.74677847213104,59.273769708552315
ABVX,0.5406919148364935,126.41000366210938,1.4586089463029532,-0.02997853425424035,5.632047641394896,1.400868530281937,15.05415536716308,19.64951006819733,7.127121747489919,4.478397209683557,59.22121356903966
BOX,0.5121696420031242,25.6200008392334,6.631634470645648,2.3147715766149393,-0.7819550792935882,1.0170859947130164,4.571431996684424,42.969751397310255,-20.38533065111075,3.8948352406163194,59.10176779741998
LEGH,0.5378427487825164,23.559999465942383,5.7163680109736745,0.24252478042861772,6.225411204194298,1.1538679596632466,7.974334534253705,0.0,24.327168955979356,4.153528730942922,59.03248924988055
MNST,0.5216486626678887,87.41999816894531,6.0917596710373125,-0.3926639242093451,5.825739900309806,1.7164632222314884,13.25300609385518,0.7119211502482015,14.634140729018528,2.918586327048515,58.963210702341144
BIPC,0.5158588036090916,42.0,10.938238803141404,0.3770240072686489,-4.472697848751448,0.5696959527279389,5.580697055734192,49.384728821890874,18.3431896688234,2.7534024245074007,58.901098901098905
CNXN,0.5213132088519126,66.54000091552734,6.285577735611112,-0.43743152277174374,2.9799528268843525,0.4117107515960653,4.905207659232563,2.23622499769091,18.629038663769414,2.7861678096534637,58.8294314381271
OKE,0.5038969556740541,90.44000244140625,10.454538873726053,-0.005663494711025315,0.4038718095941355,0.9943977366887522,1.9309274193642811,9.53655312066372,2.5936366969686495,2.823496538837796,58.819875776397524
LOGI,0.5550250566230085,111.36000061035156,6.171630658993248,0.11363296471406453,7.2382977174832455,2.177496057821905,15.23178943865715,7.037873236403539,28.531857565284447,3.786945850775848,58.26086956521739
OKTA,0.5371838237085254,93.80999755859375,5.499230993105135,0.4589529992554052,13.927506581699129,2.973531248046999,23.110237946704657,2.332104826474552,8.651843337336777,4.5281486522622565,58.15575728619207
TNC,0.5526128682820536,86.16000366210938,10.618012211893637,0.2087841402627462,3.415996508023391,0.4854575683327544,5.1629480545903785,3.125459356166397,37.4018768893287,3.1765822479611816,58.15575728619207
JD,0.5235238042350369,29.989999771118164,8.975486078564513,0.5929302592136784,-3.1862355322949174,0.3206165463897406,0.8745382875089444,23.17187321421448,-11.193368774931592,3.4435288652046014,58.00764452938366
HPQ,0.5286721040173883,24.43000030517578,6.706922393056364,1.6430076698130278,13.96981859950743,2.8500825796444578,23.82159590343563,6.656146767649389,33.716473413974704,4.537746965451973,57.95031055900621
BIO,0.5332168801305474,296.8999938964844,8.175960928103732,0.6176304985159965,3.1471919533236323,0.27944721266614214,6.28624536004155,27.628123230489503,5.350928316052239,3.597172776792626,57.73053033922599
ASA,0.5089205521508016,62.47999954223633,1.4905977269150448,1.338345306749686,-4.066552314198214,-1.182864251649855,-1.8847406852622528,66.45633012820512,-14.416093712408983,5.318845100917697,57.615862398471094
NTAP,0.5529451976895948,138.9499969482422,11.324873931732263,3.333961456560019,17.633610497509032,3.35606840890073,28.324712333231172,2.446886629702386,38.12848905632823,3.776795498603004,57.611084567606305
CROX,0.5406735762639734,116.02999877929688,12.545164806289968,1.2553030258218527,13.222642696989437,1.2583246591055803,13.177919019189114,0.0,17.844809930956615,3.596975268779267,57.58958432871476
MED,0.5236788631550632,13.09000015258789,9.852447308923775,0.8305547975157626,7.47126587242162,2.27559033754809,21.091578577765862,0.0,0.5376320457585118,3.8905925436678332,57.388915432393695
ABEV,0.5038969556740541,3.2699999809265137,9.87388937102076,-0.08109252615679247,3.776577503528223,1.6615578651331369,12.371130046525353,6.93195392582391,-0.6079021626848304,2.992572943534543,57.33874820831342
SNPS,0.5166449353375829,534.5599975585938,10.187765583503401,-0.26252186649059905,6.185056382395722,1.0748497581257188,10.471384276624306,0.0,21.964906143550653,2.8021713843485387,57.336359292881035
HCI,0.5275803035565498,157.44000244140625,6.1419920993714925,0.1314362713912274,-3.9351546829255173,0.29909772899286324,-0.18112145934133106,49.77001440625643,-0.15695445649920284,3.439646220152648,57.286192068800766
RRR,0.5006729950347314,57.220001220703125,9.393401217068782,0.593396446416206,-1.8490024237725808,0.1757567346545703,3.043404427384745,57.717240115045264,6.041516292590414,3.1744644433345943,57.17630195891065
KSPI,0.5236788631550632,92.8499984741211,13.327861928955203,0.6237712929424614,5.767668175192365,0.8703971098035237,8.090799563102998,0.0,1.1327752349108609,3.4154943444522314,56.8537983755375
ANNX,0.5157238402785986,5.519999980926514,2.558097712214008,1.3854611075409025,-2.2818599219147333,-1.5813454823601363,-8.000000316558104,43.02504305528978,6.769823972918846,5.648291648810468,56.8179646440516
TTWO,0.5121696420031242,220.6699981689453,6.551198635894551,1.0206290869261718,-2.679221828057272,1.1572557117684301,3.5960771135682976,39.75232737601954,0.16795057288260362,4.102117472732628,56.8179646440516
SXC,0.5410331940249996,8.869999885559082,10.501470166731723,0.1822244442160619,19.270935906452642,4.3462495741091605,33.62963294503713,0.0,49.86084383553731,3.403143076533135,56.80124223602485
RIO,0.5435656700045369,106.94000244140625,14.572137430500504,0.30048216089040886,3.0558280312757624,0.8513704509268517,8.579556057295171,2.535136690476756,35.499218866685695,3.040422907629068,56.68896321070234
RVTY,0.5278811263806449,96.83000183105469,6.616925420752372,0.7338564135063893,0.008586727797509503,1.5381533804347374,13.676921206860163,53.13884158683968,-9.509974884275534,3.904487019493975,56.149068322981364
IIPR,0.5435656700045369,57.060001373291016,10.89571946126961,-0.06971504405156509,2.3947759522885885,0.5258510682958384,1.874670743090148,4.538294131042627,15.95342246563363,3.043538977715596,56.05828953655041
WWD,0.5181555211517219,361.25,4.516058863540291,-0.19093951642055465,-2.0610148697932313,-0.40957343534744667,-0.6581144793559537,56.86357475043249,-2.5056524358859007,3.3513726880253705,56.04873387482083
DXCM,0.5053062369718326,72.01000213623047,6.537221442591851,0.05810734068383991,7.53031036308678,2.4722253188787677,21.392451966414207,16.168825243329877,10.631442906081727,3.7807241968736993,56.01051122790254
ALV,0.5286384500511202,127.26000213623047,5.430872380299777,-0.6689419777969943,7.922387242279647,0.9747399886599774,11.616850171670666,0.7521448142658222,27.790949977894098,2.754122746008764,55.981844242713805
CWEN,0.5257788364005028,40.18000030517578,5.651025632130997,-0.4382146406385374,2.913756944243322,-0.3922791767665806,-0.6183527037020871,7.474295446860559,24.596561409876784,3.10922441424677,55.977066411849016
WFRD,0.5541326213278818,108.83999633789062,14.538818560634251,1.2427907008626282,0.6397913243312802,0.3387906696951435,-1.082149610483009,8.166576929754575,19.97392272702121,3.373104162288086,55.9483994266603
DEI,0.5258250081144367,11.579999923706055,10.319293113707598,0.35071436202513734,0.3553157920811001,1.0376081785426012,4.136691032730871,11.466213231310379,15.094412409899405,3.4758205440461416,55.656951743908266
WERN,0.5406735762639734,40.7599983215332,13.051525647027368,1.1022250408367023,10.705211155793087,2.57563906746124,18.488361957440112,0.0,17.770734917184164,3.7659481245805946,55.602006688963215
OSUR,0.5425597215633942,3.940000057220459,8.446152131308967,3.071149272778483,26.932991681483198,2.951907084920336,30.897012272252518,0.0,25.87859146661525,4.912979986169648,55.58767319636885
VLGEA,0.5541326213278818,45.310001373291016,12.97190051696084,0.29407542851142665,1.5099953063313902,1.2050921392758251,5.864491076902664,5.055714964705054,21.038361872371077,3.261658072061899,55.40372670807453
NEOG,0.5148799117685734,9.140000343322754,2.677059265341769,0.044149641336318365,-0.16602195696219618,-0.8010238250156402,-2.14132554578501,60.29626058031569,-5.870233702638517,4.311975357104289,55.36072623029145
RAMP,0.5391644484287844,37.65999984741211,14.427671240383694,2.7768736338194437,17.50023344152582,4.264801765189982,26.58823478032345,26.788115756694413,-0.2912380434616578,3.3779674765583585,55.231724796942196
HEI,0.5275202028728557,308.8599853515625,9.262891044020485,0.22779570390342468,-0.21617034302624655,1.9928812806427794,17.045619083020284,46.33684401892324,-1.316386187657344,3.2562153797353965,55.14572384137602
SCSC,0.537543836729345,44.95000076293945,7.821314789489501,0.21164678530402956,5.588313310827937,1.2727187167783653,10.496559551685715,1.4947237271817717,9.447287793648883,4.083903407187156,54.763497372193015
SENEA,0.565808666681029,144.4199981689453,10.615730441656119,3.2354583827014913,-0.3009898740149727,0.726206283498431,5.926362071310903,26.70446562970396,-7.736536577470352,3.9052766590982504,54.75394171046345
DBD,0.5143627934500414,79.43000030517578,5.181994062875717,-0.2150160924011063,1.6724822935418031,-1.7118677974022014,-3.48724500622708,43.07329268118801,-6.011124958683106,3.4599196351052477,54.70616340181558
TLN,0.5206794445613601,389.0,5.734097652482224,1.1559806937735913,6.349822408301166,0.5869824701542459,7.705508635133965,7.267149549137107,4.665553507772238,5.486246333855984,54.60105112279025
BC,0.5298686848591938,83.37000274658203,2.7041208750750596,-0.44139745032298267,6.093071975591805,0.3120526084675803,4.92519254570361,24.707970859284465,13.489067062855387,3.6446283921842753,54.5819397993311
EC,0.5429668239273606,14.859999656677246,13.287864009224846,2.5084013538480874,9.053322443143829,0.968526125799191,11.65375741761582,0.0,44.15925107780051,4.037347581373418,54.49354992833253
ZBRA,0.5166472371147959,252.44000244140625,5.578886185376695,0.8644317980853512,6.297464597304516,1.597605378207122,15.143220268312726,27.306037575033354,4.404652570806037,5.0040171886835925,54.462494027711415
ILMN,0.5405802058205554,145.22500610351562,5.9893419752408095,-0.2592762507321503,4.104506706454989,1.9224730310938003,14.422477307366478,14.785643946488014,7.749671626904391,3.573523216608887,54.3191591017678
CEPT,0.5381077143082178,12.899999618530273,6.661898064804661,0.07698481942826013,5.933069660074344,2.4136914921527404,16.636520153142786,9.96742506342792,7.769417967227957,4.094074323865484,54.309603440038224
CRON,0.5235238042350369,2.7300000190734863,1.8313204001881318,-0.321714022776676,2.496715142010266,0.4147031625566514,3.0188649357302673,40.78956324247703,-16.513760392588367,4.0162233174865865,54.26182513139035
LTRX,0.5252124581754161,7.28000020980835,6.621610618544972,1.2762943172862893,12.094852831943022,0.9481621750501147,13.750001581099916,0.0,1.6759827505143452,5.695643309497185,54.082656473960824
PLGO,0.5541326213278818,22.649999618530273,11.015525289874233,0.1698236906793123,3.9515346285261272,1.24764780378676,6.991022847580022,7.522553231397416,26.289567971448612,3.4689066258212957,53.94171046344959
ATKR,0.5406735762639734,85.41000366210938,13.622429486808318,3.3043730670744718,12.509922127221735,1.5134204651863779,10.100053137701547,0.0,24.1174193184376,4.13165096842559,53.886765408504544
TKR,0.5406735762639734,127.41999816894531,14.445333848197714,2.57114924581077,11.492875330102537,1.9053581370472588,19.599760445016152,0.0,29.552968714816775,3.9754724070585232,53.810320114667945
NGS,0.5541326213278818,42.81999969482422,12.294429906195171,0.7728816752692561,3.5635979747109685,1.2510507636365533,8.233107279522697,1.7289750114177593,24.446432629182148,3.9087745643892404,53.4878165312948
MT,0.5429953051264724,68.5999984741211,11.252497597283899,0.45405135875261216,12.286678441415537,1.743757168523083,18.7674707060165,0.0,14.477061781073097,4.003299053526697,53.47587195413283
DNLI,0.5048510528115451,19.3799991607666,2.8258548100755796,0.3082824057051765,-1.4798396250561279,-0.5044868944228171,-3.3898321198680934,55.36732578034549,10.301647679439387,5.256264869351605,53.44959388437649
TAC,0.5258093199157773,14.119999885559082,1.2351851995800502,-0.8471434300276897,8.73719358870404,1.5959763017068405,11.093625830600242,4.324841774433056,4.053059713067718,3.3361995987485717,53.416149068322994
ESLT,0.5186375528363174,852.4099731445312,14.216032556169878,1.831774899151534,-0.5684114861297229,-0.6815009914102433,2.2013051519998195,36.61057943881763,-15.872323423024678,3.472674919736814,53.38748208313425
NBIX,0.5553826781709104,155.72999572753906,7.776586570871459,-0.34846762694503663,5.21799358111229,2.8497768183475674,21.550110570080825,5.388924919115196,26.50690305249077,3.200824025862746,53.31581462016245
LYTS,0.5260151912151616,24.139999389648438,14.574593323284708,0.18996146301497235,1.9786570603272584,0.5738140847405282,3.822443716144487,7.74685110549172,11.890039273157573,3.2163556018530515,53.23936932632585
DRS,0.5261745297738829,45.79999923706055,6.66278270796963,-0.5433424229343118,4.743841135891369,1.6231297139918153,14.2270278104207,14.647986922968014,4.937726684987988,2.887301753247397,53.162924032489244
AGIO,0.5233315121811223,28.329999923706055,5.677410430706194,-0.3218064481474586,-3.8898651861554834,1.7825540554810726,14.233874173786335,34.88431799639219,-2.8796714102231022,3.358377747805691,53.06736741519351
FSLR,0.5535058944554857,269.95001220703125,8.971382388938022,1.4318745676756524,19.601171235855013,4.37580417508605,37.82804623987406,3.6709950433592793,28.474214010994427,4.898790947436836,53.0291447682752
LINE,0.5425597215633942,41.709999084472656,6.512776181496472,-0.37728967936214886,8.097598117207811,1.8234835617924008,13.992891255516204,0.0,25.39370076406294,3.59369000951708,52.90731008122312
MTUS,0.5052098607559924,19.639999389648438,5.770326946391205,-0.3778104514229092,5.813260191237686,0.01616539103005206,2.4517439304091946,18.525523124949903,32.523615342464105,3.395039744662781,52.885809842331575
CHH,0.5038329248145541,113.70999908447266,3.982807515942842,-0.5331901295989288,5.40584525956642,-0.9087597351873464,-5.202165921196344,9.68506046180882,14.765842736071514,3.5192900937328493,52.780697563306255
AAL,0.5567898622893956,14.845000267028809,12.341208631503342,2.056919032785602,11.983858611468479,2.730631937685774,27.53436279122834,24.665832852631873,29.763993105267073,3.9190690780577295,52.704252269469656
RDN,0.5126606551553251,35.720001220703125,6.211709466985381,-0.48460441292061646,-2.6941594151673702,0.2622022202481175,-0.5290967070761096,22.796934350734478,10.00923892120978,3.1055035320885533,52.60391782130913
VMI,0.5159475681844883,529.25,14.782616181142618,-0.1996630825291984,3.925916383306563,0.5670580325683469,6.411857726317025,0.0,15.362820732389737,2.940953817997588,52.49163879598663
MSGS,0.5248513308694647,366.3399963378906,14.522192181836163,0.24136123998347409,6.461535413426324,1.0627424181405112,9.959176465051545,0.0,7.192177513410762,3.5164464599457887,52.48208313425704
BLFS,0.527993227090219,24.030000686645508,7.2232114650035415,1.4126949889066245,7.283972910010543,1.8980910412961647,14.976081938252117,26.951025584250893,0.12500286101774077,5.008618446567826,52.474916387959865
LLYVK,0.5708147730964602,98.30999755859375,6.226578518359293,-0.43823125097441545,1.8184053060163896,0.799154261133992,5.7096747941254336,13.549069189519116,17.55351044735359,3.3222179743692606,52.302914476827524
SONO,0.5239972191888811,16.229999542236328,9.341795782683057,0.2211883644662894,4.910470766719112,0.8987924297367981,12.085635740350785,29.924359953797257,4.305906841312761,3.7364668649664616,52.245580506450075
RSKD,0.5235238042350369,4.760000228881836,7.100699483270515,0.2055578969916181,0.8902114037639655,1.0278383197382248,6.726461616629085,30.567210772137454,-0.41840962436132323,4.1941768683386265,52.159579550883905
YPF,0.5406735762639734,48.599998474121094,14.304122115127704,0.3738603704640379,7.7784526514228025,1.7234960409170201,12.007373029822013,0.0,16.85500912634275,3.7330990796666916,52.13330148112757
CDNS,0.5162832931766757,381.75,12.649113001635417,-0.30947170697186194,8.619880117919012,1.884894137719641,17.349605872800442,0.0,34.67509049161593,2.943212991122591,52.13330148112757
SEPN,0.5544647319915268,30.645000457763672,4.366699649662843,0.2318589510788599,17.226651486990423,2.4360770260472937,26.163027181741583,0.9350711662763722,23.171227858625567,6.155396678450856,52.10224558050645
QRVO,0.5406735762639734,108.2300033569336,11.197736209757714,0.2310751463075536,15.525125214081385,2.9737386682036173,27.524448985618882,0.0,40.23063349129484,3.9373821498960626,52.05207835642618
ELV,0.5283034656162545,387.8500061035156,13.641818494651615,-0.2892633810475248,0.948319681486465,1.6560500132068043,6.922318063924306,7.57171715286752,20.847537049407432,2.7632191513904645,52.0066889632107
KURA,0.5410515304272907,10.40999984741211,5.4427781116849765,1.6567112197869227,9.03948694045282,2.7940778213610056,17.89354402241008,16.56298600311042,0.6769796304106385,6.323589120820369,51.98757763975156
LXFR,0.5410331940249996,16.6200008392334,13.184608976113413,-0.014041931329395057,7.929091579924121,3.1966224179539933,25.05644008042197,0.0,45.887169018760275,3.4360492873682555,51.96607740086001
PANL,0.5410515304272907,8.369999885559082,5.880479806272649,0.5572227814003297,4.887216673077976,1.714358587402641,8.842650496624074,25.038048466121758,1.2682267278116766,5.273084945362794,51.91591017677975
SONY,0.5165349091527097,22.15999984741211,8.305562273281028,-0.13678193646998088,-2.591623323083619,1.4165989354846835,10.966452725331035,45.881221586055865,4.086420359002376,3.3006710124344822,51.91113234591496
AD,0.5260151912151616,50.68000030517578,6.508741746610333,-0.2530447870409281,0.3862546297331339,0.7815383287614299,5.363829340637401,9.815920643537481,10.534355488965872,3.853168952527966,51.90157668418538
ORA,0.5422002878111922,139.0800018310547,7.175384153532207,-0.33993631156836746,11.828579144783587,2.7131287968958944,23.138285566013593,0.0,29.49566113533652,3.6439363778169263,51.84663162924033
LBTYK,0.5151285427895058,11.779999732971191,2.28685868994982,-0.786721517748901,0.2928735650271361,0.36316478528281554,4.897597623377649,45.24763766357927,-7.0244699123383105,3.0772501079186716,51.810797897754426
DBX,0.5165349091527097,26.489999771118164,5.937907652098789,0.3724626458872201,1.3990690069030092,1.8201305971289314,10.421008852636875,34.21176594462393,-8.339099927819586,4.903737523892389,51.74868609651219
GE,0.5181978118205368,314.489990234375,3.9136322730166317,-0.7541471382041709,2.966056836196377,1.163146819751791,8.744805311125583,23.85227116851193,6.762072702600479,3.050746629415784,51.48590539894889
ALX,0.5092803640170206,252.19000244140625,4.763660554751182,-0.9647885028409906,4.614716994700351,0.5679690273074548,3.135212297842612,0.0,15.478828923681275,2.8468994396317333,51.445293836598196
DSP,0.5270646459531413,11.069999694824219,1.1331131319636034,0.5680103673590351,-0.4839485286691325,0.9014360574008266,4.730369104906691,55.229650526887475,-12.142862223831237,7.720996214445755,51.35690396559962
PFIS,0.5245160758139397,60.099998474121094,8.154671903775775,-0.35621046322328287,3.7145665205918874,0.6705868838859741,1.9854032969056312,0.0,5.977780716481885,3.4882342564755873,51.20640229335882
AU,0.5398711495021524,97.48999786376953,1.5692618209509426,-0.05130739002709176,-0.18846649987844058,-0.7385393706698044,3.767962778583036,48.13811828970907,21.877735300837692,5.592515798910921,51.20401337792643
CYD,0.5406735762639734,59.040000915527344,10.10338463640382,1.3669437175803554,24.39163352438118,5.105463845067829,44.812362649450165,0.0,23.02562794405662,5.181450381328498,51.153846153846146
BIRK,0.5206794445613601,43.540000915527344,5.7895657743868565,0.5097334867273571,10.597441918326243,0.6926874023389831,11.38398758110777,9.871068088522566,5.83374224945772,5.937890076192562,50.993788819875775
LPL,0.5533031454878176,5.409999847412109,5.538022851146643,0.2521830911560706,18.3677909305384,3.1133674619079637,28.19905488394408,1.0031584979141877,39.79328183449332,5.908370153171131,50.95078834209269
SKWD,0.5405191955592566,47.630001068115234,2.602016637308535,-0.716726552752939,3.0457066882743185,0.5134342121475426,4.474667489920589,14.333797006995747,15.438688816192222,3.5261401263295076,50.94601051122791
IBM,0.538707147351696,250.69000244140625,14.994745000574897,0.49775654222525073,-4.758536567777448,1.5852788456516096,8.365551574158685,50.08641042937062,-0.9012921564951419,3.2562025813416184,50.89823220258003
NVAX,0.5609047295325501,10.460000038146973,5.103666593113372,1.173525653046942,16.741072597983695,2.4058518007408143,32.070706276064556,8.060750379199526,-6.52367801202443,7.538924389009248,50.86956521739131
KELYA,0.5248346010478421,10.8100004196167,6.3481137054664005,-0.28375225663767606,9.467448977321972,1.911222571712948,10.274478221237061,2.5088218088417635,1.6964713315751976,4.064989163611182,50.81223124701386
VIK,0.5252124581754161,87.7300033569336,10.239833552620878,0.24562675425799846,5.9361975189020155,0.7445077631564619,10.310580539915996,0.0,5.546198818533686,4.394896208446615,50.80506450071667
UMAC,0.5908734734655975,17.280000686645508,4.017563816844044,1.0566253217488863,16.712599612235802,1.1193912353827051,19.254665006247258,15.422950928748236,16.207133957444164,9.42460209052403,50.6402293358815
CBT,0.5548224426656349,84.7300033569336,10.335776063333151,-0.11217006766578523,5.163868446257074,1.0079546783108349,10.23939979701184,1.0385236380107687,28.89151310141117,3.691559275631139,50.630673674151936
AMG,0.5072876172361026,308.6499938964844,3.2930209824988474,-1.117777924113517,3.1621842321300178,0.8403976851366093,5.535668614924441,20.70284408749276,-6.16479236107929,2.7791291033609284,50.31055900621118
PDYN,0.5443863831547202,7.059999942779541,0.9159388685967215,0.08919631291955529,10.654837593813422,0.5320420523107945,14.610391518100908,46.145963996338615,-4.979810148824961,6.850466326385813,50.0
LGND,0.5028557432697165,235.3300018310547,9.134378948009742,0.0021107373152016613,5.643793188823977,-0.3288692911184696,1.2956243164293313,1.0554664523180823,24.65833422635676,4.279704454623228,49.98566650740564
AMR,0.5126943846843838,192.8300018310547,6.682608257658443,1.0005282000509699,-2.102753229644121,-1.090432572307214,-1.3101988671771676,49.23380652439598,18.55518540848657,5.273369781801048,49.6225513616818
RDWR,0.5425597215633942,29.899999618530273,9.062740913266456,-0.38783432060722645,8.21374742485025,1.8279315951122737,15.712072143229655,0.0,24.79132203998763,3.4639269655148173,49.51505016722408
RJET,0.5406735762639734,24.770000457763672,7.574259881180248,4.5175664501182675,19.78335732934479,4.05051836550304,39.313832962757914,0.0,48.057388733030706,8.071399519536039,49.180602006688964
BRC,0.5506940566923998,87.77999877929688,4.036287681912662,-0.4089308347000748,4.805764859613881,0.9182305751383244,6.944440571413546,20.441316913797436,3.967782141386599,4.206948850549737,49.130434782608695
DNOW,0.5012942213451748,13.170000076293945,6.759656797661545,-0.3981847255824793,-1.2225297577988654,0.48323901862802715,1.7774382020965818,42.37260226784696,11.139237571476855,3.3517741745575917,49.063545150501675
ACCO,0.5360148850801676,3.9800000190734863,13.65739812621334,-0.21265951813347517,6.154288470524496,2.6371856180414333,20.447267349495874,2.527392674967667,2.7613401658404677,3.291853885256741,48.967988533205926
TRS,0.5541326213278818,41.130001068115234,8.512212074063948,-0.4215117191952482,4.044945673118056,1.2494389802072061,11.934694899288349,5.726408266154192,25.956465161299842,3.3897791438723193,48.862876254180605
DY,0.5062725046054818,420.4700012207031,11.762724877341416,0.6222576540448409,-1.3666562544616363,0.0589138351734882,4.2186115996189,13.370821918334569,22.094777646443788,4.470507542547737,48.76731963688486
PAG,0.5083546216571375,166.58999633789062,5.516397253889859,-0.8622310898275121,0.0002986001679033487,0.37628386347221326,3.119772943914392,17.18561130766991,18.48505626312365,2.881112056980802,48.70043000477783
S,0.5533031454878176,18.559999465942383,13.164814297351333,0.4247489743056838,13.246687015255404,3.994415817404087,26.689419446807307,0.6804863420369167,27.82368375023249,4.424646697495188,48.6717630195891
INDV,0.5262232428319142,37.810001373291016,11.637311528850939,-0.3974712020986093,0.12181292871333138,1.6281383337585449,9.817023055643007,7.934561239698813,7.384272525843655,3.0311348151035027,48.614429049211665
RNGR,0.5147245218462948,16.25,6.141504069589983,-0.38585103800583326,-3.833950627011678,-1.8151488548021253,-5.439140697764187,60.61734484175915,-5.439140697764187,3.3795089924831734,48.58576206402293
NVDA,0.5541326213278818,214.86000061035156,13.01601079461981,0.2071062740863715,0.09410302127823922,0.5899744731892838,0.792795635368412,9.817307001985096,16.215930694897846,3.921822370274245,48.50931677018634
ICUI,0.5489073147495909,134.97000122070312,11.912310505800683,0.4275497069246521,-2.2100597862229394,1.1220844095931088,11.53623571433494,51.09534544078933,-7.013429627128412,3.814074227300026,48.44242713807931
CIVB,0.5159475681844883,25.81999969482422,6.316649457350559,-0.9705887385569147,3.6993854650320803,0.5403634227311644,2.0400447020761074,0.0,19.038934815113826,2.8825943639482947,48.37792642140469
ATS,0.5548224426656349,34.70000076293945,9.157257917268936,-0.5696074846794452,4.979731550023886,0.2821517241721568,9.119501872213801,0.994810186303955,24.061500230824297,3.1185675571799005,48.30387004300048
ENTA,0.5405802058205554,13.529999732971191,4.128762761431399,0.46501758398277615,-4.67803457082809,0.4849382077370054,-1.3129125066507348,68.46794542571958,-12.085773676007108,6.002533605893612,48.22742474916388
NTNX,0.5339178672610296,46.54999923706055,7.744553899719166,-0.0723316158478807,4.13171233280348,2.0418406854879745,12.711864641299545,28.829232947683973,21.60397262609196,4.2297067789612415,48.16053511705686
LBTYA,0.5267494845220382,12.15999984741211,3.2745402558740477,-0.9526200379858604,0.6505856403134378,0.4049270271262632,5.555550036124932,35.843719409676176,-6.676898720810101,3.0750703256390013,48.02197802197802
DMRA,0.5258927949975206,25.889999389648438,4.784673492455725,0.31646383489311153,0.2243635930981511,0.0771305659409244,6.851010642612618,43.1302329912118,18.761469245591407,6.096121280222788,47.98853320592451
GH,0.5406735762639734,119.8499984741211,7.212987284457744,-0.06836829007190967,21.702410833063173,4.908090093454282,44.241188778371374,0.0,52.48091704869011,5.179684179347365,47.96225513616819
TPVG,0.5126606551553251,5.650000095367432,6.094574554660851,-0.37478933057953107,0.32851044487475556,1.095054540219997,6.403016124062065,38.118705070312274,12.32604094582025,3.7623246880487358,47.92642140468227
ONC,0.5121696420031242,302.44000244140625,5.32325430706173,-0.42581039856165465,-4.612655628830718,0.376625120903534,1.4354704610658782,76.37643733371543,-2.6491166287653427,3.3813315707131,47.9168657429527
KYMR,0.5050519831045938,80.7699966430664,2.5604831917486326,-0.4858090328152374,-2.966044787782303,-1.1087927150261947,-3.6732282493344903,59.977274305969544,-14.34783241854383,4.0392470083208964,47.897754419493545
SHOO,0.5564324686164159,42.75,5.7410022515343,-0.39529114347168326,8.964745579845106,1.5145015500762586,14.152200611338595,22.939294611249508,24.45414017824236,3.9264841486039312,47.7639751552795
PTON,0.5285074087633984,5.769999980926514,10.089483613134478,6.2662679812813495,7.5689782851012595,1.1502925447312673,9.695812352771222,23.434493591601175,31.435083282390234,5.552118224826041,47.72097467749642
LODE,0.5538637555350501,4.010000228881836,5.860055323764658,0.5035083933926318,17.698861417684135,2.7442704559735764,23.765438791388565,6.461615273854025,49.070637289673854,7.784111351917354,47.58241758241758
BBSI,0.5295666083953027,30.969999313354492,9.464640551411224,-0.05402508592847038,-4.598441302207753,0.46152956853720006,-1.39702734835751,41.39644158564832,16.073763875786277,3.8683992192969336,47.47252747252747
SNDA,0.5297566328676818,37.52000045776367,10.576168371627492,0.9282288050549218,0.20163305249306895,0.6640229345399751,-0.7407375262985356,12.651205682956174,11.633441762246004,5.222928921445632,47.372193024366936
ZETA,0.5117651236223005,19.649999618530273,6.38422345543781,-0.030076094706353928,8.085806463220353,1.074870974993692,10.57962359162145,22.15508115645688,5.645157072416828,5.108325201852748,47.36263736263736
ASND,0.5402205347547513,239.64999389648438,4.998135442967765,-0.44112613980897036,1.4516045412414171,1.1406205664407696,7.911559762466493,15.462220487636689,7.911559762466493,4.2302466236238825,47.25752508361204
AMRC,0.5236788631550632,35.5099983215332,9.249266827694793,3.124700658914693,16.142532359278277,2.3277214742413745,28.01008873195726,0.0,7.151475484195514,7.335962676890921,47.21691352126135
LAMR,0.5112388388457255,154.1199951171875,10.54754046126955,-0.5804041364618399,5.371107029320249,1.9694783261235058,14.264523678619817,1.9765334350853763,1.9312157591680084,3.012492168633188,47.214524605828956
TILE,0.5408788315514454,29.350000381469727,6.40407997013951,-0.24417195411505502,1.694691844345109,0.5912610410989012,5.2348548717101435,27.216624621551894,14.561554418327697,4.368461000653289,47.20019111323459
SPCE,0.5365790197260034,3.509999990463257,7.179143066516028,5.192750789548737,21.734103540183938,3.1821647482408753,47.47898408454469,8.104802114442547,8.333332717544808,9.886040479593383,47.20019111323459
PFGC,0.5235238042350369,93.91000366210938,3.802015023982176,-0.8263540373265215,1.3523029090060872,0.7365773363840965,6.837317442358261,33.18085343240261,4.507014271315502,3.3170049804785826,47.171524128045874
ASTS,0.562896218290271,119.69999694824219,8.261064758251463,4.307897916232503,37.07669580875385,5.869690931560949,66.52754802642268,1.6149654427699636,47.77777400958569,8.475115953779145,47.166746297181085
BNED,0.5062725046054818,9.75,6.965038651146024,-0.1290822242875831,-0.2557549622424971,-2.014835820430313,-3.177752775473417,16.154119647088,16.348447096495043,4.706959148029704,47.066411849020554
KWR,0.5235238042350369,146.08999633789062,7.249776301426889,-0.33106661271973553,2.824378282012149,0.25885266275655405,4.8969568867380975,28.320046004652745,2.569686056514152,3.816140980035565,47.032967032967036
LSTR,0.5406735762639734,202.1300048828125,14.86627874275548,-0.2536314490395188,10.998716430915618,1.3751477849616238,11.058831420013059,0.0,47.89322805365027,3.4105308430159256,47.025800286669856
SSYS,0.5235238042350369,9.65999984741211,10.574973241687486,1.938706384270118,4.212739315940461,0.8726009056593977,12.718788696328653,38.14190406516494,-16.867470372474923,5.116829125084331,46.99952221691351
PGEN,0.5112908893877145,4.239999771118164,6.357214176702672,0.5552244121063624,0.5692554657424348,0.8491801986071088,5.472631621411585,35.679500314924326,8.997420480343067,6.297001719120149,46.6698518872432
ESTA,0.5410515304272907,72.63999938964844,6.521819438212162,0.33522734475595556,4.679144810480685,1.4020912535401344,12.795027435411422,27.17926035889015,-2.548969013304143,6.0326870524306315,46.64118490205447
LTH,0.5553826781709104,33.220001220703125,11.324166211756225,0.3640355653860488,6.488014857741906,2.909546954614521,26.35983287782695,6.920420980808584,28.46094522952486,4.85357421077076,46.6268514094601
PAYX,0.5118078154399006,94.80000305175781,7.3042687683250325,-0.5567668110285675,-3.060932207174726,1.0257293547479178,5.527350291986093,43.16826324810924,-13.592984979929431,3.1442493526994424,46.61729574773053
SWKS,0.5406735762639734,83.41999816894531,14.002330602016338,1.1824236380473006,19.512037032405622,3.8736558850483016,36.79894849916893,0.0,28.39771679437647,5.266721647503987,46.57190635451505
HZO,0.5533031454878176,34.650001525878906,14.19447369503265,1.062003705576611,8.164640319723613,2.3057885224040486,16.275175881964245,0.9304843046813172,15.500005085746354,5.073181083065718,46.502627806975624
CHPT,0.5111074338716924,7.329999923706055,8.821851076983325,1.1233405452095775,13.012642450201255,0.41024863794427946,10.060061434591294,14.817100556220339,-29.721958681383388,6.189825910106595,46.48829431438127
CSR,0.5038969556740541,68.1500015258789,6.72137987829893,-1.1255189840427424,0.6580107114330029,0.3773168333845723,-0.33634942493976583,4.458439057197884,6.9251695573496574,2.690493406791103,46.42618251313904
WEN,0.5121696420031242,7.360000133514404,6.257798631893887,0.7278671658137359,-2.763419773738745,1.2556921282542584,8.07636116410324,55.99666729527225,-6.8354424717200875,6.114130046207575,46.37840420449116
MYE,0.537543836729345,23.139999389648438,4.492487219964507,-0.39483923496775075,6.425054316771002,0.7366568594518182,8.536584056240336,0.9520023915035921,2.235370435533279,5.136004982704099,46.28284758719541
SMC,0.5405802058205554,30.959999084472656,7.270508712693452,0.05746663713665589,-0.8089736980993275,0.7423546169858976,0.51948003691634,33.939974020646744,-3.6414626352665627,4.955702812402892,46.20640229335882
BAP,0.5399059600618128,351.75,1.970084572788008,-0.7831817462008351,6.814344781534045,1.052768373920273,10.182985019150466,15.636262503236695,11.65562217197774,4.138286132850568,46.177735308170085
NPK,0.5352080705470948,134.41000366210938,9.190432207224,0.4290068230774752,-3.2008281654946855,-1.203872456873925,-8.27759668328614,42.059479847548324,28.446050638597757,4.941702643839306,46.129956999522214
DD,0.5578386815801059,49.459999084472656,6.239138205414101,-0.8343452730552633,2.8724085003365816,0.6164085008518528,9.543934531835712,14.833773043825124,20.832606804308572,3.1257300956818925,46.12517916865744
KYIV,0.5538637555350501,14.510000228881836,11.575905328997967,0.04903876792310138,9.89926647974707,3.1041348483443922,24.978472503975752,5.982883333498957,27.84140740904982,4.366939130641512,46.03917821309126
MRCY,0.5550250566230085,99.31999969482422,7.32066042478868,-0.2637111022676645,11.666394442940861,3.5069244923350973,29.779173237612504,5.89323573749083,28.78630207120711,4.554183620160446,46.005733397037744
HGV,0.5248513308694647,49.790000915527344,4.446456873930518,-0.8341251680069173,6.59501982538996,0.9247757055441458,9.548955070714314,0.0,6.548258941153614,3.7737066854338726,45.99378881987578
ROIV,0.5541326213278818,29.665000915527344,11.693446277344474,-0.06773418447194461,2.2886980132393613,1.2401381632157957,6.823912230673539,6.937727465157459,14.891561835784856,4.118128654025385,45.934065934065934
ROK,0.5289992820362068,456.29998779296875,8.686296724040826,-0.8362862433015393,4.741627485229142,1.5805992079670137,14.059054856189176,1.1067331418518247,20.234811105845203,2.9098505017372815,45.867176301958914
GIII,0.5025196788650633,31.68000030517578,3.80423844759974,-0.8892784552744806,3.9540613814533976,-0.2569266357544283,0.7633580376391818,5.550611809450031,21.41797845886485,3.639069521446439,45.781175346392736
ACA,0.5062725046054818,125.58999633789062,8.830756400013437,-0.41460024761170416,0.6919078528958926,0.2177472560704667,6.522472190348997,14.434272081822252,16.900805619830905,3.6184066305899703,45.72861920688008
DUOT,0.5429953051264724,14.390000343322754,11.83165893347573,3.3839146782492247,55.972254852486984,6.74534290209658,71.513703858904,0.0,90.59602621038044,6.467784881413635,45.668896321070235
CNK,0.5091461512787837,27.299999237060547,7.896142915650531,-0.5548275883396896,-2.9029555543740693,-1.126212274039458,-6.666669274778757,25.09401120702285,24.76688141740901,3.3241748990238027,45.661729574773055
HALO,0.5235238042350369,68.72000122070312,3.8446720585277547,-0.575571863563059,0.4907318745377653,0.6878193146993233,7.610398627975684,46.64467599756569,-6.158680772123526,3.9144349080891434,45.618729096989966
ENOV,0.5121696420031242,24.280000686645508,3.1790901020072386,-0.0636186208162463,-2.1835453199081076,0.3253643861361005,3.760688386425279,50.77947657244165,-4.484655335098625,6.4220979911891405,45.58050645007167
LEA,0.5422002878111922,143.4199981689453,8.276660920973134,-0.6956477880300895,7.080992796558812,1.439000901783249,15.512237386119294,0.0,26.38349834867057,3.3438257204725805,45.525561395126616
DOC,0.5252124581754161,20.030000686645508,9.644741024737698,-0.6952864375085503,8.051101366346666,2.948464954664065,25.45850373199895,0.0,3.2619969492166354,3.1551782859007456,45.43956043956044
NPKI,0.5260151912151616,15.949999809265137,10.330336224035104,-0.38789662099672884,2.9763039884972384,0.2783894236140671,1.205581076217569,2.9828540960161587,10.53360687344423,3.6296469084222975,45.41328236980411
CRVL,0.5009321884360579,61.04999923706055,5.734128162802792,-0.31338167550104257,2.621856839991208,1.1318055152683903,5.2949288013272335,32.28922760286946,14.133477886009874,4.546625121174772,45.33683707596751
EQH,0.5121696420031242,42.25,6.79367586307732,-0.5193380861027208,-1.6470739295089354,0.3686270596554909,0.979923149873485,47.41738796742421,-4.064488824421418,3.4236679012656515,45.33205924510273
NRIX,0.5405802058205554,17.3799991607666,5.164474519915945,-0.30767300777083767,2.676445400187391,0.8150307722673013,1.756435821914735,43.193617978882514,-19.04983830089544,4.588608976657868,45.32728141423794
ASML,0.5544647319915268,1632.030029296875,12.000596871289554,-0.08545570284119315,8.007498600044924,1.8717315460874278,17.873545402883643,0.811484548831729,15.097967558929367,4.314566543498022,45.27950310559006
CRBG,0.5121696420031242,27.3700008392334,7.696454020324117,-0.3794954582392561,-1.4731248721334906,0.5970475317262868,1.6338675419796156,59.23645715433379,-12.929518648421807,3.4644295419473377,45.27472527472527
GRDN,0.5260631283280862,38.59000015258789,9.47990090646391,-0.2106520722902487,4.4350389807627275,0.4047641459439304,2.6602819790213594,5.6118390613354725,12.212855008312522,4.36234489226753,45.174390826564746
WMK,0.5235238042350369,71.91000366210938,3.341077263381864,-1.0195032251396285,1.8931023954932853,0.7132000538855933,3.9515170230263332,14.647776089219686,8.050118976218243,3.452178019878786,45.13616817964644
NSIT,0.5296389525288188,100.0999984741211,8.760275382478715,0.01743717907209286,20.47395032592504,4.490178552894024,35.30683148365443,0.0,45.05143511815335,5.580134563271162,45.05733397037745
GRRR,0.5236788631550632,16.459999084472656,13.412673931663877,4.034110323594485,14.920052238578013,2.3436939807298773,26.033679596890913,0.0,5.920200288409292,6.268009066941948,45.04777830864787
LB,0.5381555022232037,73.91999816894531,9.520842263063544,0.11775283464047083,6.223376770089537,1.5764887403372527,8.81789759571804,11.49654176484001,-0.5383479220941959,5.145040995168905,44.8877209746775
BRZE,0.5394632104207577,25.450000762939453,9.262995632804307,1.0200091370051032,6.3255738089198115,0.9597280615060007,13.565376778629238,21.177209787091773,17.82407552452793,6.267191966416961,44.88294314381272
EMN,0.5121126440433003,74.38999938964844,4.256327110015423,-1.2346893714090732,1.3515341690571379,0.3877483806024959,3.8531372916676165,22.291703184723374,13.86805036663628,3.050517601231486,44.605828953655035
AMCX,0.5567898622893956,9.539999961853027,7.898930363416014,-0.16400992411273083,11.81434531810455,1.2580102740785242,11.318556609767988,14.639282770067439,16.483521983791235,4.870471733902872,44.52460582895365
PRDO,0.5492658601723887,33.88999938964844,7.139360143135829,-0.6663089129346417,-3.8363326736995838,0.42645765437929845,0.2069772189644983,42.278437194192406,-1.9386630700222969,3.1897739161084973,44.51982799808887
GGAL,0.519099557296977,45.90999984741211,11.46779324996724,0.7469981266680158,-1.8356716777675328,0.7452981570057202,7.348142016549833,51.547312342230775,13.190746277933133,4.769429585357344,44.47204968944099
IBKR,0.5368495915974366,82.88999938964844,14.58482564545956,-0.3116579427439514,-0.5298126797110386,1.0893628816615744,6.968643276133051,10.587460940049386,9.471013334621576,3.366769006420431,44.39082656473961
BBAR,0.5286333076292775,16.649999618530273,9.492243136538523,1.1807900238121922,2.4942287301427077,1.682543972352253,12.72849764639728,37.47659842840954,14.31147964433658,5.954527776552671,44.376493072145244
TENB,0.5408606417921549,25.81999969482422,10.634366782037214,0.08199939799270206,15.899091548090663,3.8383558726790556,26.320934539796653,3.621886066241218,30.668013134828904,5.081886401378678,44.371715241280455
HLIO,0.5248513308694647,82.18000030517578,10.423218587004982,-0.3010910851001719,12.666402054044564,2.3582490041095925,20.941874901868253,0.0,5.9430200186009925,4.173763935902848,44.32632584806498
DT,0.5056628768343249,40.599998474121094,4.395464791366826,-0.4060035085878742,4.17267644844442,2.0821775990703064,12.809104141510549,16.712888888167125,13.02895474279727,5.107317424514964,44.314381270903006
FIVE,0.5159920702221266,221.07000732421875,7.753868558337622,-0.37861552758539846,-2.031512025638437,-1.029580707534304,-4.932478839350141,33.02197243309919,31.261138657742176,3.884676515733544,44.30004777830865
MCY,0.5541326213278818,101.55999755859375,7.663984285068269,-0.805712943765598,2.529414139229178,0.6436629682849987,3.389997035352038,2.6595097004626997,16.700056282321775,3.2598609701320767,44.108934543717154
GILT,0.5080760765118656,17.81999969482422,8.052043954886216,2.6392584869978664,1.8169340295294685,-0.9955881368242648,8.065493887724987,28.89945613829972,9.661536582939098,8.669993344310347,43.979933110367895
MAMA,0.5663171923958911,14.399999618530273,3.7298039259215217,-0.4261854218588665,-2.2688576398327385,0.45260059390196516,4.87982591830457,56.89880264774373,0.5586586969647984,4.657241683538723,43.927376970855235
HBM,0.5410515304272907,26.549999237060547,7.211844693899155,-0.019780554620427628,8.515722482230546,0.596179861001943,15.535247022556934,13.381853918851366,-1.3070858325402865,5.792306487134576,43.92737697085523
DCTH,0.5286903558710199,10.829999923706055,9.831147733404636,0.2815473895059255,-2.2033601275158876,0.44444423487932433,2.6540258567061477,19.128205703515896,20.33333248336357,5.451788523668622,43.72193024366938
NAMS,0.5410515304272907,36.11000061035156,3.2790534497483947,-0.291835396325933,6.539603957055047,2.364809021465009,25.731202901886864,16.02498702321502,-6.764779144807176,6.7422950722690205,43.7123745819398
WMG,0.5548224426656349,34.560001373291016,10.190041865088489,-0.3326912336469394,8.648499322190322,2.788729406206576,21.05079613528823,2.5057253881678383,23.391122078742534,4.069525882440817,43.69804108934544
EXEL,0.5541326213278818,49.97999954223633,8.556167459319743,-0.5941332640287499,4.200979423937104,1.4960433493237437,11.239704435003993,2.86602304920648,21.813309844009446,3.624308621550637,43.68370759675108
LUV,0.5562765801210124,42.279998779296875,7.222394087216161,-0.509676623267154,-0.19852888540209396,1.089945714773946,11.233887519622218,37.373911071302956,-12.448176439197807,3.67448507772259,43.659818442427145
MSGE,0.5252124581754161,70.55999755859375,12.522453695687089,-0.2933280711829944,5.025783792712031,1.5255235118923516,8.771380562680504,0.0,6.553905553943455,3.966411014799716,43.63831820353559
CTNM,0.5862221170189013,13.699999809265137,4.256527957334745,-0.23034672414455512,0.15718039305237458,1.5328084848240544,9.250397534675853,29.057441559223047,17.79879341596843,6.120959795745433,43.60248447204968
AIRJ,0.5381077143082178,4.239999771118164,9.75871789066656,2.6462887668389405,18.584807712784055,4.39415987262375,35.03183532209596,6.526486283243431,-2.974831071295049,9.336254368088873,43.5977066411849
MGA,0.527484824743351,65.19999694824219,8.771781981688488,-0.8374446466833086,5.812829825982856,0.5642755320614739,6.126661618057623,9.50224835862637,-3.645223309928229,3.0289491675159366,43.51648351648352
TLS,0.5012942213451748,4.690000057220459,9.621454266711996,1.8159432760416168,-0.9547261323696907,1.0785996377304743,5.1569510550380295,44.642774082515466,13.834956003783446,6.273225567749577,43.48303870043001
ABX,0.5089205521508016,9.5600004196167,6.76074294748034,-0.3008200701613044,3.4352226040075866,-0.09188148520870484,1.1640276461389287,12.444415723938498,7.657660994771476,4.999923116068273,43.46392737697086
GDRX,0.5314405988103608,2.7799999713897705,10.743161652511406,0.40615723769077655,7.961164933984721,2.1825399923491062,19.827588413148277,9.934830077937935,21.39738067621058,5.78108947367873,43.301481127568074
MP,0.5117651236223005,66.98999786376953,7.790477460256888,0.4097614984329091,4.77501036226052,0.3311051420937474,8.573739117231609,12.894615093372355,5.595837506071442,7.520632824723828,43.21070234113712
ETN,0.5062725046054818,403.1300048828125,10.881620928631817,-0.3391627556042262,-0.12877116736090166,-1.0505741356338052,-2.136673873561138,14.553472857621314,28.397369060684003,3.802025027082635,43.20114667940756
KIDS,0.5278811263806449,17.899999618530273,3.782277909311648,-0.676973887785095,3.3213862451460914,1.9217656090823105,18.22984948770145,32.222736779965494,-10.989562032006116,4.205905519871628,43.19159101767798
MBUU,0.5121696420031242,28.68000030517578,9.308788453272712,0.7057854377200897,0.7093207531273609,0.982833695434639,12.206576307908776,35.14394288346384,7.37551961121029,6.131702060669951,43.13903487816531
AA,0.5426074403877581,74.56999969482422,7.925802048095874,-0.526339686137053,13.629656026559825,1.0744467879975965,18.235446431398323,0.0,21.54615191158677,4.1546892263020885,43.10797897754419
LOMA,0.5409875794615738,11.529999732971191,4.529907077451503,-0.4537862883713528,1.0613021414156862,0.3263163363619469,3.7803788409994805,39.7538189223482,-9.212599163570534,4.704496426214419,43.000477783086474
BCS,0.5146535940336745,24.530000686645508,5.580030189532245,-1.1537174625011575,2.68523408612026,0.7617890197432307,6.652176898169504,33.546915665369184,6.328569618861141,2.9424586890635815,42.98614429049212
CPSH,0.5452701377283717,11.119999885559082,12.147824275994914,10.928349217014222,126.66122739913894,6.779845443765753,131.66665504944453,0.0,85.33333141176249,9.063462468768055,42.94075489727663
TEVA,0.5146535940336745,34.61000061035156,8.978243410518646,-0.9692489571938602,-0.9827326847382842,1.4114952631718505,9.456039505583055,18.067831250825538,-4.524136247181231,2.7232020631580456,42.91447682752031
INVX,0.5269158579881917,29.950000762939453,11.839595313701851,-0.23356466353806743,5.662377434481646,1.357029229845186,6.3943203152313774,5.645784211816207,12.424930364123584,4.161698144150282,42.8810320114668
IMMR,0.5235238042350369,6.380000114440918,3.7412789460727653,-0.864958195387036,1.6247235036858863,0.44799995586093705,7.77027081319297,42.028839156066425,-1.8461520852403153,3.683386005011168,42.58480649784998
TRNS,0.5114475799149449,76.44999694824219,8.065186552547486,-0.12461923709254827,1.0871625444847304,-1.013720119759218,1.0174374206544123,25.375721170967974,0.8974532602530245,5.130337122734872,42.58480649784998
UFPT,0.5152948958783359,229.05999755859375,9.253877924452903,0.2463570793244118,3.1194066511287093,2.114825911963927,17.31625995309633,33.082108054130366,-4.621921191792803,5.635454314742357,42.33158146201625
TECK,0.5533031454878176,65.20999908447266,14.09967910049754,-0.14655538673661597,6.10152756518795,0.7978875660655838,12.800549273940224,2.4248323413889508,43.76101897395816,4.231385330893884,42.29813664596273
ENPH,0.5406735762639734,66.9000015258789,11.535426915637949,0.8945009943122891,53.88508466512816,10.990834405290117,95.04374056266506,0.0,29.47552524937454,7.626307898211987,42.228858098423316
IVZ,0.5146535940336745,27.690000534057617,7.021993876984178,-1.682505796499797,3.053074214038123,1.1199813571876984,7.913250072091986,13.49065457299154,4.812187192958214,2.7290024090663465,42.083134257047305
TE,0.5406735762639734,10.449999809265137,12.350807243743798,3.0794536724666925,59.65573118833127,9.857305633397742,113.2652980560581,0.0,20.11494296741448,10.24128508209676,41.95652173913044
SRTA,0.5410331940249996,6.139999866485596,12.500784777944482,0.21625262718898364,14.243183675782983,3.306102913774921,20.866140915166966,0.0,27.91665879634927,5.746858086280257,41.92785475394171
CRS,0.5544647319915268,453.69000244140625,14.086371975735593,-0.15633411818812934,5.7134768556528,0.5170101313661618,5.967671069916033,0.7107826085150615,46.235984808989414,4.384365811264545,41.90635451505017
CPA,0.5550250566230085,142.25999450683594,5.1248497735172585,-0.5641996718044522,13.419807533917712,2.749592353123032,24.168626067493083,10.671378235975402,26.520803466456712,4.801571761674628,41.86335403726708
VOYA,0.5109029294931654,82.41000366210938,10.225173563628251,-1.1149325107139316,1.0403244954821134,0.3864733573648008,0.9308048034515695,2.986982412942716,4.488399635101917,2.672179213777882,41.86335403726708
PRG,0.5578386815801059,34.900001525878906,9.485255691688787,-0.5897620647476889,1.4495789384960907,1.3546803053500545,21.348255291450084,18.029078698019006,17.563028454404325,3.482254871837566,41.77735308170091
EWTX,0.5405802058205554,33.560001373291016,13.543152093489297,0.13635135884715502,0.9763699041824687,0.8343322963447055,8.293002972155854,12.43281554131678,-11.707437896949676,4.93146462755853,41.74868609651218
SHMD,0.5410515304272907,7.5,8.485833667821623,0.7816368641130906,11.2704620348251,2.5053112759421943,26.050424204396638,20.930532654670586,-10.50119453840385,9.85619000026158,41.65790731008122
GVA,0.5076495711627419,133.52000427246094,9.354151153924855,-0.8571558870305983,-1.9795670414483464,0.7164641511485211,7.004332087350633,18.091635893858097,2.126356633372612,3.0123895701419476,41.53368370759676
ENVX,0.5285074087633984,7.25,9.390301048829818,1.7365930843707864,9.385116940025648,0.358805853515,13.814758714482057,31.064604774444078,15.079361592900689,9.09162577737141,41.4763497372193
VOXR,0.5553826781709104,6.239999771118164,8.01692122269518,-0.2707570789497859,6.9362880704768255,1.7613462729941471,16.85392495589299,3.5984452825209736,21.168542168168596,5.351418736880155,41.45723841376016
P,0.5535058944554857,88.3499984741211,12.382082293055062,0.39590231848792823,12.83596778333775,2.5654622254841954,24.55942209749092,3.6396490960156243,28.322440714426904,6.109540170357369,41.40946010511228
CBRL,0.5267257111218532,33.310001373291016,4.123556342254783,-0.6003466844007509,8.890019118462508,1.2444360120481863,8.254796482474282,6.154450058705744,21.01175441403677,5.2279448804816315,41.35690396559962
SATS,0.5297566328676818,123.12000274658203,10.421200009077962,0.9583406528676147,-3.722990137963769,0.5942949415189757,-0.46887163780460334,29.24746706778119,12.0903194203671,6.61897764044089,41.270903010033436
CVS,0.5541326213278818,90.7300033569336,14.233890284451927,-0.6010187404975629,0.9788509564880171,2.401901071552002,12.04000937972892,9.46361548171373,27.119938026827295,3.1057608515552877,41.24701385570951
ASO,0.5015177106470342,54.529998779296875,5.816421176876663,-0.604425770263145,-1.325718726709163,-1.1732426485474223,0.2573991381079301,55.98020074577701,9.58829924483259,3.8652380184864366,41.18967988533206
BMA,0.5406279563060009,79.83999633789062,11.57170714328329,0.31108236971718534,-1.7111162402140545,0.9105986289898161,6.651444705290883,51.2759750148276,-0.7663101198508911,4.991085045151277,41.17056856187291
CGNT,0.5368495915974366,10.399999618530273,13.615058396234097,0.10774712601760895,2.970294224759361,0.9697093659593259,8.900517389843092,8.317321693833032,8.672935737586466,5.096770436828703,41.08934543717153
GPN,0.5275803035565498,73.27999877929688,6.082502784226772,-0.733933491236416,0.05751636398030289,1.0967885741627488,7.939312767751898,42.95413918162917,-9.524278265479838,3.634787231567893,41.041567128523646
TITN,0.5062725046054818,19.979999542236328,13.413002063945715,-0.15714634195837418,-1.7747423877048074,-1.6392651623140402,-5.442497227407018,14.95110939423936,17.945684251233534,4.3150279410352415,40.9077878643096
TBCH,0.5322051606373253,12.789999961853027,9.99195345071329,0.48192948891283616,3.3859080888109934,1.0580854226735472,15.225220920283242,35.48284223953926,-6.642334744634555,6.314084014244334,40.71189679885332
SLGL,0.5153621554232574,74.5,9.986947270797582,1.902637127692268,0.8841782992936522,-0.32143897563643137,5.05534659541567,39.802208756328525,0.0,8.0275179898636,40.697563306258964
ARGX,0.5235238042350369,808.4299926757812,3.935202487829238,-1.3784656641267843,0.7390290299701422,0.49856565433099087,4.309505711561186,48.79135872106758,4.78269956808898,3.199006648376716,40.640229335881514
VCYT,0.5535058944554857,44.209999084472656,10.433777404582838,0.04919705718279103,13.692763270776375,4.445279369896982,32.24648124608424,9.90011611814534,38.850498970524825,5.735774095366226,40.61634018155757
CYTK,0.5410515304272907,76.29000091552734,11.714022947094964,-0.30133276944314336,4.5397885166681196,2.7374792989554053,25.70440375936329,13.712556631083462,-1.0377421978935766,4.179539653628664,40.58289536550406
NLOP,0.5025196788650633,12.020000457763672,10.941231129461075,-0.5749878360867503,-2.0614311959769127,-1.397927040445893,-9.077154197698551,10.839076566306655,14.97283144222994,3.5702390288127517,40.578117534639276
OMCL,0.5282245312377347,44.099998474121094,13.016627786492291,-0.5840422737676579,1.1630285185613507,2.456049393691581,-3.098219950304813,29.491757452116218,12.845436048441641,3.134094583982349,40.520783564261826
RLJ,0.5189800647027255,9.869999885559082,13.920015836046188,-0.9892184312775772,10.880187017722722,2.943217095761121,21.85184469768722,0.0,18.203586041510775,2.6776653240825956,40.47061634018156
NOVT,0.5233176280667373,163.2899932861328,10.110190308033525,-0.34566069415152995,13.682403146419016,2.789853391488817,26.60102240257872,0.0,2.5755328738121657,4.848949222283372,40.45150501672241
VNET,0.5426701825034488,9.920000076293945,8.626167727697423,1.498732951640112,1.233098822795325,1.3461641031400922,16.705883248551608,54.02838991832589,-12.056734829358458,8.784057977025514,40.33444816053511
ASPI,0.5303051123675062,6.929999828338623,11.856428165798855,3.4332847045925043,21.514988987250586,1.1158368876016513,32.25191089154018,17.62499802171367,-7.723041049125756,8.666255570312835,40.32489249880554
BBBY,0.5300394090647671,5.980000019073486,10.130209555040384,-0.010950603621564003,8.330062907631259,0.8355711388261109,26.160344041561068,22.033292722927698,26.160344041561068,5.506449074458055,40.25800286669852
LPTH,0.5529451976895948,16.239999771118164,13.150998034350852,1.7132083418581023,24.683300040882624,1.0747683516542061,27.874015864092545,2.360454248102851,16.082916630808047,9.477480509196992,40.1911132345915
AIN,0.5425597215633942,63.47999954223633,8.699715799667555,-0.9933521002322943,5.028043146559547,1.567002838231892,15.208713793157354,0.0,16.412537538785877,3.290124907127496,40.18394648829432
CX,0.5541326213278818,13.100000381469727,6.801449420603954,-1.1637576277999373,2.854004301407505,0.4495450498576527,7.996704516053911,6.51981841051406,20.110352539742948,3.2715380474129416,40.13855709507884
MIDD,0.5444029394543504,150.74000549316406,3.8615563764729215,-0.7852590386399597,2.327732053700444,0.4809592969697278,6.259696069747463,31.9016755885003,27.56199359280554,4.371049723466092,40.12900143334926
OXM,0.5037848601247368,45.099998474121094,8.633327778963364,-0.3181629447784825,7.92184410479407,-0.9879999563945085,2.1980452810020905,4.385269073093551,46.147941565257725,5.175007973164638,40.09555661729575
CLH,0.5046419194668633,286.6700134277344,8.297266863300159,-0.6855221239745765,-3.94029746591596,-1.1672320286875604,-6.378183540380874,42.76195733350651,-0.45489183575709824,3.4312712598137263,40.01433349259436
NMAX,0.5170088617297772,7.75,8.41721580311611,0.13940056653045618,10.02141302138155,2.924112485326261,29.166666661805557,37.31210590289784,-16.12553904616167,6.361290276874594,40.00955566172957
MGTX,0.5405802058205554,9.600000381469727,14.193451044473871,-0.005479281733796944,0.544621653051597,0.34154830564597854,5.726877335635063,17.931195551231593,1.2658316984731834,4.728420671400884,40.0
M,0.5579496257243994,21.670000076293945,6.836909922261586,-0.7848495874980924,7.013043813284517,0.6906937685597908,11.528562716523401,31.653670982146416,22.291201556309677,3.6043903445986354,39.97611084567607
EE,0.5405802058205554,36.040000915527344,3.6161780478296053,-0.9505797308149065,2.6922343246352507,1.0003913112621081,7.884585496888002,25.515366548398383,1.1180852822673697,4.065206151102753,39.95222169135213
CMC,0.5304372650673708,73.7300033569336,5.911786786584209,-1.4798950557639932,4.9014764410852685,0.6869089047817187,6.90155437424092,28.057498276686406,6.699522465737509,3.061440947777979,39.94266602962255
LIND,0.5548224426656349,21.3700008392334,11.26974182735356,-0.21986115137597578,9.896895670046518,1.7582880882539855,19.652856151924933,1.4468223788833394,26.524580291373034,5.085569618445498,39.89488772097467
ETSY,0.5025196788650633,64.33000183105469,9.75027460886961,-0.5661378219488359,4.0340938086805505,-0.31677170786983705,1.7718759101191601,6.979907792133871,33.631081525421216,3.911748674254868,39.70377448638318
NVO,0.5013551529175357,44.189998626708984,10.912837068464539,-0.8208678382952699,-1.4400340245173349,1.4375160787739303,7.335439863993766,54.27127705511986,15.595904298860386,2.737368166614853,39.67032967032968
NEM,0.5386240596863395,111.61000061035156,0.7427150584292053,-1.0910479177870145,-0.0930942663132404,-0.8986309653849192,1.555959108930887,51.6189794407388,16.503128449679753,4.203412389186675,39.507883420926895
ELMD,0.5529451976895948,38.29999923706055,14.413732211300989,0.492701693966293,23.143202834485276,6.366170767981785,48.79564715283139,2.1303568967893067,51.62311516035846,6.395002518824308,39.44577161968466
SMCI,0.5418241562960268,37.099998474121094,12.524793146948337,0.34008147772199265,17.619081163038555,3.6917107737932144,36.14678338994358,0.0,80.71114092775963,7.23051659816418,39.357381748686095
VNO,0.5285074087633984,32.70000076293945,8.335954484667846,-0.9794482985695924,5.497485994515645,1.3454526859653984,7.920797314292363,19.88428972483403,28.689496100028123,3.1760603737406647,39.178213091256566
CRI,0.5038329248145541,38.400001525878906,1.0459612769750752,-0.9164224967640145,7.517251701985169,-0.04807354604626673,2.2092143672466933,11.21939371002215,15.288089948331915,5.400932046308266,39.173435260391784
ALGT,0.5625835350877246,87.19999694824219,12.056243109687404,0.5220244902956145,0.16032591420827044,0.7593245300343208,12.067857195930058,38.32975505739598,-2.03348516405799,6.039483417977869,39.159101767797424
POLA,0.5170088617297772,2.0999999046325684,3.8034040063572716,-0.15077346100072267,13.85198837987006,2.7862907905942156,11.702122863931884,62.84714461778172,-11.392404803804315,8.507823438415814,39.116101290014335
GEN,0.5453268448761052,24.760000228881836,12.372724269431998,-0.443099294111653,7.9102655811663185,4.234537727080653,29.312675107491685,26.10133753569978,18.706204276208446,3.765897274981242,38.92021022455806
IONS,0.505864090593121,76.06999969482422,4.732726250375937,-1.8429843199625346,-2.3123813212263546,0.5228460876965676,5.976596528871661,58.03102701402326,-1.8831408583017981,3.060153181920606,38.91065456282847
KNX,0.5233176280667373,72.93000030517578,12.291887829817712,-0.5301147403430012,11.0104807712169,1.3608071621353541,11.292540307667288,0.0,7.202707061194398,3.9543774433666043,38.82226469182991
IMVT,0.5391644484287844,33.83000183105469,10.226476817211507,0.10988908684091847,16.12959069004646,2.8237376936096137,25.342727371945152,12.706193924981083,-4.865015397572718,6.580802261994058,38.81032011466794
LYV,0.5368495915974366,166.52000427246094,7.031122391587965,-1.311496606991653,2.0111881583067164,0.9808133907676064,7.6058185928173705,4.048750442262187,0.4342588705948453,3.271594696182037,38.80554228380315
GPRK,0.5260151912151616,9.970000267028809,13.542021072206653,-0.3070012829819976,2.9692921304095408,1.08152712545145,8.028103025234683,3.301610915285639,13.940699365200867,4.448524804509475,38.77687529861443
LQDT,0.5025196788650633,35.7599983215332,9.144692480972331,-0.786895975878161,2.2868613813785275,-0.024306981709644227,0.33669734550066266,5.507995477305767,24.860331995012526,3.6253600147382157,38.757763975155285
ADUR,0.5410331940249996,15.180000305175781,13.869388285881678,0.3679681030644605,10.496434995899673,2.979648720003156,26.8700385400649,0.0,28.862484286817597,6.920759897301143,38.72193024366937
SARO,0.5317723219379872,27.049999237060547,9.70592398611786,-0.3156322749088495,-4.193245454058603,1.284952231974061,9.870017525978735,56.98730379647602,-14.371639422140698,4.242936690428192,38.6000955566173
AYA,0.5405802058205554,18.729999542236328,10.575449434293189,0.37406983053741555,1.5258664945908864,0.41639469963487874,11.025480796462109,18.77473799507107,-0.6892951426363614,7.4898953872130205,38.57620640229336
UA,0.5291916980711384,5.53000020980835,4.0121580594357695,-0.38787144013987856,-4.940347870734336,-1.9631895750410355,-10.662356077616101,58.34803005776185,28.00925902281945,5.95866579563923,38.56187290969899
ASTI,0.5505805822548068,5.639999866485596,6.47975277125485,0.10105442573563567,16.36163271534245,0.8865245030166474,28.473804959724212,44.27988953799201,11.462449212456448,11.775582673461992,38.54276158623985
VVV,0.5430772693509854,33.959999084472656,0.8068408583648254,-1.1990777801162953,1.4215710095782585,0.3337812572485976,4.879548993790674,32.32238173292265,-5.324783675031189,4.4989908029719725,38.50453893932155
SCCO,0.5563401478641785,189.8800048828125,1.8464475817964503,-1.0253926677663798,7.386866307168146,0.45497146541756617,13.076478520438407,24.625283008359464,-6.091556079621352,4.719314304355711,38.48064978499761
BFH,0.5025196788650633,88.51000213623047,11.30565045823364,-0.8572157086709946,3.0066424118401445,-0.31265992764776196,2.537074199633243,4.9683146555411515,23.66614611337729,3.223203308539433,38.47587195413283
WAT,0.5278811263806449,338.6400146484375,8.170443466836058,-0.7974585178610797,-1.7352403521458715,1.5478414312719373,12.605992843097654,32.14019951747087,2.8675583509519535,3.475773409850253,38.45676063067367
NOV,0.5283034656162545,21.1200008392334,9.69455768773933,-1.6245963875148537,3.5243400717920994,0.30729943211622135,4.090684505735893,1.3806902589776904,16.34884891079319,2.8693171698616586,38.394648829431446
LFST,0.5405802058205554,7.570000171661377,9.544131421269073,-0.18184977880409026,-1.42587255483795,0.727964406012306,-1.303779708276735,25.281212456562645,0.0,5.4198912827501475,38.39464882943144
CXW,0.5368495915974366,21.190000534057617,6.881400763279818,-0.6196680717550522,2.283151644693732,0.7317725984717296,3.0141023257246853,4.250870098873271,8.890038699315497,4.776511737060406,38.38031533683708
HSTM,0.5248346010478421,24.3700008392334,5.894476845023915,-1.1547913180062173,6.202729821298803,1.8436868211125612,12.78943624992107,2.8706040146400236,6.14888277328641,3.758550113871227,38.342092689918786
BRKR,0.5564324686164159,46.91999816894531,8.738297194774306,-0.5071886078514961,11.425997949782415,3.508053688115029,29.398787480879783,24.794488339181857,25.274460014160777,4.3097683431962155,38.33253702818921
ZVRA,0.5405802058205554,10.319999694824219,13.20501847866595,0.7003791697682044,-2.272729632888838,0.3993150790096301,4.2424251761120075,30.09182502231858,-6.690783875677451,6.429263449738985,38.30387004300048
LAZ,0.5405191955592566,48.91999816894531,7.130141577694197,-0.927483240526747,2.2513844864109567,0.2740834325647443,1.9049278703543737,40.46514396447102,14.483740986714402,3.353006992125328,38.28475871954133
ATI,0.5422002878111922,168.75999450683594,12.989481670859638,-0.39853953291622835,7.0452161629882815,0.9508989339124517,11.245878643163001,0.0,31.4944672915632,4.430635457181466,38.28236980410893
BZH,0.5114032832498447,24.5,5.724571540625538,-0.34529160460679814,9.455218034571718,1.2557373208988762,10.06289194961996,22.098474420827703,-2.623210856075435,6.406706206652584,38.12231247013856
BKD,0.5148799117685734,13.479999542236328,3.043690628833092,-0.9757129159363922,-1.7105890711205722,-0.48175949512827076,-4.667615169835677,59.857809563134325,-9.832777830669004,4.008583554263848,38.03631151457238
DORM,0.5295666083953027,120.27999877929688,7.054862670542119,-0.7594700133585016,1.6482192353898621,1.1336957038850932,8.47763506370791,43.033856043354184,17.94468995861199,3.7362236218366185,37.98375537505972
SABS,0.5671468653518801,3.809999942779541,3.9822609150497885,-0.16473090699119405,-2.0166750023504374,0.9856873004864144,7.932010582997644,65.81535467454627,-7.299274474848849,9.752530897734198,37.869087434304824
CARR,0.5368495915974366,64.88999938964844,9.874102532379743,-0.9135024802781623,0.0005828778579682676,0.4990554461962218,5.034076981659389,11.138822377000993,3.2030610261465995,3.295138266841666,37.82608695652175
RDVT,0.5564324686164159,51.7400016784668,11.164285797508565,0.240384369066563,13.935900569436837,4.232513335232587,35.65810830126272,20.268566470540385,30.360301003752827,6.728006985473238,37.81653129479216
FEIM,0.5406735762639734,68.55999755859375,13.099834714752278,0.07825410606468564,18.00851549260056,3.79372540225597,40.57821799194578,0.0,47.59956174816462,6.561508847948668,37.747252747252745
CALY,0.5541326213278818,15.520000457763672,10.150738510858362,-0.14953693174176377,1.1767030424203777,0.41897146539792274,0.5832803033183901,9.103467785796271,23.272440583257588,6.013301315954644,37.620640229335876
PHVS,0.5405802058205554,29.8799991607666,10.038879234530613,-0.24470541098305015,-0.5607634149902045,0.9185560374474183,5.88235254338836,17.733871713466694,1.7537864588625856,5.3741154198554035,37.55852842809365
LIVN,0.5248513308694647,75.41999816894531,5.213052882507347,-1.1551212607849606,10.528569203690688,2.2580142128162817,23.05432703886239,0.0,7.298331464684543,4.162207009869483,37.527472527472526
JCI,0.5062725046054818,140.22000122070312,8.240383739836716,-1.2238870562411246,-0.7095204008539594,-0.45745768112664886,-0.967579032849514,21.026987499849046,23.433308568894322,3.1037964527241044,37.5011944577162
RZLT,0.5280344392257097,3.299999952316284,7.16502603218874,-0.30512394816375077,-2.8101621423875662,0.5750701384805466,7.491857459280853,14.161554687534403,135.7142862255576,6.369479898944787,37.429526994744386
RGTI,0.5391644484287844,25.065000534057617,14.327406811708746,2.465909407745527,28.248808321747994,6.506613478845281,52.92862395930798,20.517314364177814,-5.128688638426049,9.640078466813291,37.286192068800766
DC,0.539463628512795,5.659999847412109,6.117359092240133,-0.24889243635550762,-2.3057144818630313,-0.7415160984346683,2.722316012198973,58.237960913928966,24.66960120535445,6.21403321444097,37.20974677496417
ONDS,0.5148799117685734,9.770000457763672,5.645966553924893,-0.0691311041210239,-3.6805739613940536,-2.05554503165905,-6.774800719632489,61.32586234744618,-12.845669717703926,9.237460654486892,37.09507883420927
SFM,0.5301801715040195,85.62999725341797,7.429087738258637,-0.637051536664753,3.1518938805417007,2.506682885950791,21.048911279461695,7.387879501896265,26.896847945029762,4.7340285758961596,37.0090778786431
MUX,0.5089205521508016,22.020000457763672,1.9629645356218768,-0.4904520605362823,-2.9738651578810518,-1.6450954667918252,1.4746529196256373,55.474471505466504,-18.7153919013645,7.608668940190552,36.97563306258959
HWM,0.5368495915974366,261.8900146484375,10.185818493027103,-0.7826644269830779,1.9153757081583618,0.9497438910032713,8.973667231247314,8.196969397444663,-3.8653543279600284,3.669001993487326,36.913521261347356
APO,0.5408788315514454,129.91000366210938,8.340062593784603,-1.0743706581776362,-0.011715805338291179,0.7179763007368102,5.5740403725808365,34.92185853774494,24.720686042627307,3.1694589915567515,36.72240802675586
GLSI,0.5713267692294194,27.389999389648438,6.449427205588824,-0.355157256498815,9.98498018621599,2.135026118411176,20.131580289378697,16.65921487972816,16.256366767240475,6.579566532754668,36.70329670329671
APP,0.5292058242316313,514.239990234375,13.917969898478825,0.6191726111011981,0.4470211383551075,1.2650773014532053,14.522413119882513,29.48244227648229,40.15425720241238,6.752085502393503,36.64118490205447
CGEM,0.5709275884889308,15.460000038146973,12.494590117255159,0.0002890875938660328,5.7365141723511055,1.3376534444658013,20.686959652751497,9.704271238147147,24.276531827888167,6.2419147087166955,36.62207357859532
PAYC,0.5121696420031242,132.82000732421875,7.661902686257916,-0.49903874135781967,-3.199114476887511,1.2018318783078146,6.409235418113983,35.274341067434975,6.409235418113983,4.831456973184486,36.47873865265169
BGC,0.5062725046054818,10.779999732971191,14.290092292396183,-0.6054384399690221,-3.711315310253896,-0.40919851549782155,-4.686124376082105,32.547254650842405,19.89357523572855,3.3529014770868617,36.46918299092212
ARE,0.5377784439218845,48.470001220703125,8.398656952413358,-0.91036298307082,-0.8469006638115872,0.5967113529610651,19.945561503405276,43.393362027222295,-8.890042232979537,3.3489036329399866,36.44529383659819
SNDR,0.5406735762639734,34.63999938964844,11.574033928050472,-0.7646413351354198,10.199145758813664,1.6837307019499068,12.285247848270203,0.0,17.863219152262012,3.7765979488356076,36.35690396559962
WHD,0.5406735762639734,62.7400016784668,10.411074155671574,-1.0298092897757305,9.004042571553637,1.5893889727874553,12.216064835579973,0.0,37.79426163904155,3.398948330779011,36.30434782608696
PACS,0.5410515304272907,38.869998931884766,3.4852774683770216,-0.6029395629502319,8.370833253673428,1.2222897184092418,17.29028258175901,26.196718499838063,-5.218238178938431,6.528354246405617,36.21595795508839
MTX,0.5541326213278818,78.11000061035156,11.587633731291175,-0.8581160718988247,1.269925895877287,0.9713506565510642,7.308695738203082,10.100797897537927,19.690465910650406,3.362473135536987,36.03917821309125
OPY,0.5062725046054818,94.3499984741211,12.9086588610807,-0.7403182576449763,-4.085625878008093,-1.976484815810831,-15.619806684694906,33.67015570181797,28.889106830779305,3.244510577900498,36.01051122790253
BCAX,0.5062725046054818,21.979999542236328,14.886592041445503,-0.01405888660644867,1.4773753624700299,-0.7935145123067705,0.27372019037779965,12.779658432448917,24.886358327180766,5.655562160215553,35.72861920688008
AIR,0.5163537261467588,112.73999786376953,6.621053786630303,-0.8039619790877883,0.5276924968412199,-0.14643260305818628,3.564208370042371,24.32073279939005,23.428949401837496,4.343749135665415,35.714285714285715
COLD,0.5360148850801676,14.859999656677246,10.999158678978171,-0.5961481586565095,7.864839915799424,2.511347209085257,19.16599308963957,3.0970680065098497,9.174554904528016,4.322727430128296,35.69995222169135
IFF,0.5578386815801059,75.87000274658203,3.965498141277144,-0.9773777419438432,1.5540343276798978,0.9001588264823126,7.206452374395056,23.01455931394189,16.037832940555592,4.668228516828029,35.67606306736742
CDNA,0.5368495915974366,21.540000915527344,8.809806822677011,-0.6426698732251211,2.1046691741842736,0.38066244523596326,-1.6887217455256196,7.8687898752335395,-3.925063147782183,4.5539837829580545,35.652173913043484
CACC,0.5368495915974366,552.0,10.233282358764118,-0.9713920472197555,3.8590616522142427,0.9274494279265229,6.813216871385445,1.4624808575803983,7.964325089548632,3.514233385800822,35.647396082178695
MLTX,0.5456818143736027,18.229999542236328,6.1470342344674895,-0.45417684213094056,4.527416416029931,1.1404191377610795,9.423767761761761,20.335663992240686,27.126913165863204,6.383473491051933,35.49928332537029
GOLF,0.5006729950347314,89.98999786376953,3.6749365070293263,-1.2124334267227226,-3.411045058860414,-1.4832516165886542,-7.531855583605393,62.24484351048761,-6.015668027331919,3.8566194830636653,35.461060678451986
IPGP,0.5127155845964574,119.81999969482422,10.114317728162165,-0.3078043053872691,3.1957790041652467,-0.2456581931876799,6.639372591565279,37.698506479025134,31.902250687923694,5.163400202313489,35.3798375537506
LOVE,0.5009824280604219,16.329999923706055,10.204869731179848,-0.7997693030333315,3.97796881593699,-0.1747943745242639,0.18405330090725477,7.139392127710344,28.88713358393137,3.835622471513704,35.33683707596751
PRE,0.5048510528115451,17.809999465942383,10.156422115508265,0.22623341733297103,-2.6366306096532384,-1.4685597172129772,-3.101195434273529,44.616589380585324,14.09352887578791,7.876394273498809,35.28905876731964
ARDX,0.5235238042350369,6.25,5.739813282833417,-0.6444690646953156,-3.8091582853326096,0.6272265869188367,4.690120931351989,54.17737636263232,-19.250643604481706,4.7622849600655695,35.25083612040134
CNQ,0.5076495711627419,46.83000183105469,14.556633328721622,-1.0175927849247535,-0.8563611592347287,1.009355644481253,1.013807624040544,27.67205956388004,5.854430502406588,2.753881178812045,35.24605828953655
SLG,0.5121696420031242,44.09000015258789,6.430470896516711,-1.1089674606201372,1.9598779681043048,0.37138013607626075,0.5473242572698496,22.400124464343374,5.336274771205812,3.829827867209478,35.174390826564746
AVAH,0.5165349091527097,7.28000020980835,13.057973257923692,0.07677242404803984,-4.69800603853995,1.7885588580819174,8.656722641313937,56.7757905061804,-19.911990233191805,5.459183175538696,35.14572384137601
RYZ,0.5047354212247797,27.350000381469727,7.8252641414528386,-0.5239006179008615,3.9153495056631815,0.2227641729897051,2.665168949179946,29.647279778618657,37.161482690956696,5.008095696078082,35.1170568561873
TPR,0.5177939543289989,140.6199951171875,3.8026933689371005,-1.0710348103801024,-1.1654666387327133,-0.7454984525361151,-2.2385993483458675,43.58411302149591,-1.5315403585892085,4.333868901336146,35.06927854753942
CGAU,0.5081296883937776,17.420000076293945,4.007791876464449,-0.7247639416740299,-2.6191521186677353,-1.625956849463157,-3.14119123916481,52.534590947724865,10.520741628833603,5.192313160699477,35.06450071667463
CNNE,0.5121696420031242,14.329999923706055,8.213451055833492,-0.8339993710771768,4.532185750330084,0.8421757342063277,5.367643541961152,33.99698874275391,-9.83585860493834,3.836109085587094,35.02627806975633
BVN,0.5895507092354672,35.09000015258789,2.02712947942184,-1.027291223253454,2.9364317386427743,0.7387925188201048,12.829581099835693,37.92956937484394,27.368742581617134,5.166308795168649,34.93549928332538
XOM,0.5346272707250028,149.80999755859375,8.830988149900834,-1.3142224235712983,-3.1157546253576998,0.5078400208444774,0.17722422317991474,40.50498237347205,-5.538405557161068,3.0335272946257232,34.93072145246059
KRYS,0.5368495915974366,302.67999267578125,10.284294146042326,-0.8685841353531076,3.0880758591719717,1.6100819739688528,12.407622470058833,6.638186276291473,5.1556408166496235,3.7007267117655895,34.93072145246058
NXT,0.5368495915974366,131.2100067138672,14.824715380397183,0.3893933122789173,3.814419904590531,0.5721332572699843,12.587957510698274,6.052909947928358,9.369013402269344,9.094579301632372,34.92594362159579
PRAX,0.5422002878111922,350.6000061035156,8.692714143105258,-0.5065902148854512,4.784337190697269,0.5909029786614611,8.909043078842421,0.0,41.37666774347738,5.820389817972262,34.8088867654085
PHIN,0.5541326213278818,76.87999725341797,10.030355738372904,-1.7112560653780813,1.318534060484094,0.4500953397767296,6.012135703412637,9.065062668473553,27.5617088084246,3.1074416157996634,34.56282847587196
CON,0.5381077143082178,25.530000686645508,10.344351186028238,-0.8811308809949376,4.818256353975917,1.694201265353859,13.438926585706445,3.512962947030725,5.926418220929636,3.7700974118467374,34.553272814142375
TDC,0.5381077143082178,33.34000015258789,10.138778335191555,-0.5442908698025616,7.661257864867192,3.4646931530035547,29.325055330837692,10.549378980282494,-11.985218551720028,4.803324635001977,34.457716196846626
BAX,0.5121696420031242,19.3799991607666,7.256227760075235,-1.1276422654993106,3.270807528990193,0.7162676777703745,8.026747958535442,35.81261291058202,-4.860096404666881,3.519829558441461,34.42904921165791
FTK,0.5381077143082178,19.780000686645508,6.45625077201783,-0.48588498235549005,9.03779203262364,2.5756292379838936,16.627368833930934,4.694220637928223,7.734204951039011,7.308970796449168,34.171046344959386
EOG,0.5076495711627419,136.1999969482422,12.334177541085959,-1.1802099938414359,-1.2112885355512635,0.626956688599335,0.3093225605524595,20.656562518289128,-1.0614114029323587,2.982221077644079,34.046822742474916
IOVA,0.5609047295325501,4.099999904632568,13.655424196743096,0.022454479300324345,12.745769008374536,2.191934713282094,21.301768213038272,10.568539210446518,8.465606761380192,6.98641093817281,33.913043478260875
VRNS,0.5324993343675429,31.049999237060547,12.472169692247306,-0.483912628833756,9.759974175844253,3.5146456923033718,22.051881230395672,25.57402961607024,31.178703576963883,4.401632469327929,33.908265647396085
OCS,0.5405802058205554,29.93000030517578,12.985374917567698,-0.11685672138512727,2.0196005288643772,1.7497309010830857,12.013477074068692,12.651853431614304,4.467716243084871,6.30399427986597,33.884376493072146
DRVN,0.5280344392257097,13.699999809265137,9.522366417181658,-0.5036879604265169,-1.5220959941591132,1.2068766848995165,8.989659043637896,33.23464126733693,18.103442746165708,4.886600415239151,33.57381748686096
ETOR,0.5271578810067594,39.33000183105469,14.719779326098989,-0.3996996639029735,1.2329186600411264,1.2760190262482574,7.4590258761604,12.313736088846932,18.929550026639177,4.61192665716588,33.55470616340182
HAE,0.5004630548113903,66.83999633789062,14.16348895377241,-0.18988023260680426,1.299581734869608,1.247273271088522,11.697854557714315,30.3999117625928,12.63902286129209,5.350732440178193,33.32537028189202
BJRI,0.5362189036391078,45.0,6.623493868161917,-1.3989421764471246,9.675846635118688,2.4968463624895807,20.611091780896817,3.40090460076004,8.748184722949711,3.989682273259239,33.30148112756808
FCX,0.5414588406428236,64.36000061035156,4.006534002793563,-1.4208569827433826,4.882654977052666,0.4573312924447285,10.565197771002454,21.45230145097231,-0.964655516802968,4.490367389923733,33.29192546583851
JEF,0.5013551529175357,51.95000076293945,12.983880102076876,-1.1758046110055316,0.10689647993073331,1.643404387778761,8.74724885444127,41.805567858543554,37.18795725213212,2.8259256039391096,33.20592451027234
SION,0.5405802058205554,42.880001068115234,3.529353788391343,-0.7119967659329285,4.292838407122611,1.2422900338127996,8.310181618499398,22.316226084133454,1.203686922528193,7.19666018280833,33.10559006211181
HNRG,0.5435973986893392,19.020000457763672,8.971612738808254,-0.27137326040814186,3.8909041692627064,1.84851376066669,23.027169538177617,28.45865798699125,0.7949105026559082,6.836412095369263,33.05303392259914
JBHT,0.5429953051264724,267.6300048828125,14.490485935352327,-1.184960923385249,6.882394974882638,0.6950647526496019,6.7007049909021985,0.0,22.589700253632337,3.1878803859279694,33.04108934543717
RBRK,0.5264605157695773,68.30999755859375,11.716181545325549,-0.49635960301967086,12.189589801997837,3.670911837969247,25.155726029080995,27.161245430278065,-20.818360708384162,4.602129621817391,32.97658862876254
RHI,0.5235238042350369,27.0,2.9247425743284596,-1.1975279525731413,4.103325141049234,0.7094283322221037,0.2874134258073093,21.803252223428924,-18.21218576772746,5.225769478925619,32.96703296703297
KPTI,0.5225303687900733,8.970000267028809,11.089963469234116,-0.12088689811695631,5.38992652358694,-0.5143035859595552,4.302324059348779,11.99001838967145,64.88970904465558,8.393056698328582,32.83325370281892
CCSI,0.5900098972962384,29.639999389648438,10.190495528985505,-0.22287198898434676,4.868382584301232,1.0899790517515695,10.473348765665973,14.95371500876862,29.432313899996544,7.4840949477948335,32.785475394171044
CLRB,0.5165349091527097,3.0999999046325684,6.5521195478458765,-0.07225322456033959,-0.9136219269695371,2.2169575020192966,21.093748973126164,92.94481972707112,-2.515728315095807,9.67741921307056,32.78069756330626
MASS,0.5538637555350501,7.920000076293945,11.834902417588243,-0.2688836870474545,9.339408163455648,1.4566849176143557,17.50742351738901,4.4628965912997876,35.616436113074,6.511542039404983,32.74247491638796
AFRM,0.53982296926601,69.2699966430664,14.564661809768916,-0.08354170065885774,5.225575454794429,0.7530074464803386,9.67383915503272,20.34372435892365,21.462384929943735,6.210996392302733,32.661251791686574
PRCT,0.5466670673495009,27.450000762939453,11.196525975392428,-0.08403889875549425,-2.6814284601512233,2.512274403023734,19.19235755240365,43.89295459847125,16.1658981704647,6.544106028847449,32.651696129957
CATX,0.5157238402785986,4.159999847412109,9.259017871446595,-0.13010712876989938,-0.8343296528393097,-1.639555116682603,5.316450560510073,69.37125794585276,-2.3474266683901184,6.353021474178809,32.651696129956996
FTAI,0.5596177375862602,253.38999938964844,2.280473763637218,-0.7205776433520712,1.6957865197190287,1.1137548637231782,17.508822448958906,48.67391502014268,-16.858112380651598,7.471175039095239,32.55136168179647
WRBY,0.5112908893877145,25.510000228881836,6.877049825554671,-0.2693388095002437,0.5914830227594707,1.3143705444770897,13.22680626401593,45.829291559489285,-13.730130225587128,10.248081465458121,32.5370281892021
FENC,0.5371838237085254,9.890000343322754,11.306926517379123,-0.2911509288298819,24.27746033301692,6.305103541853049,47.611949617822155,1.8149291113198265,7.034638400814426,6.926910460784749,32.393693263258484
DAN,0.5066825379524942,35.189998626708984,11.80935801207287,-0.9331567294809618,1.6355372675509545,-1.731550820943331,-6.158352192516574,11.926223988147349,49.32372228160883,3.604630665826346,32.31724796942188
THM,0.5089205521508016,2.4800000190734863,2.540759804099212,-0.6486005839256195,0.08071161689111657,-0.5418422286240996,8.77193202217835,58.536339774630044,-19.48051686039669,7.6612925709348145,32.302914476827524
WPP,0.5295666083953027,18.540000915527344,10.16288062404785,-1.092598083242216,-2.029164352296656,0.8607047729241565,5.221339571069843,42.57300422379075,18.01400935918798,3.321003466971184,32.1978021978022
WS,0.5583067673297032,41.279998779296875,10.816694956023152,-0.6429793557663516,4.782208029555857,1.1671348396650987,9.583224809476555,16.50043105337756,30.839935902434128,4.5315973802365095,32.150023889154326
ALKS,0.5353203288223836,37.349998474121094,13.209470070927324,-1.122684193734878,3.4840993365334962,1.4261623858389365,9.402457943077566,4.044252764917166,5.627821915621476,3.33906907025822,32.116579073100816
PII,0.5538637555350501,68.72000122070312,10.171525006734186,-0.8436168176104795,4.6866807476215975,1.7294951538238166,3.384985645622874,8.517684856314967,43.52547971439089,4.164404472350233,32.01146679407549
PSX,0.5405802058205554,173.8800048828125,12.077146904433441,-0.9765593657285632,-0.18919942451678687,1.2391638988174274,6.063323584872451,22.30104936057482,0.6045063586490868,3.4399075464592386,31.74390826564739
CRMD,0.5012942213451748,8.270000457763672,11.799119322914757,-0.43038539167725626,1.112610752961326,1.1274546197595614,9.247031309593703,27.61237923070935,10.119842950974103,5.143374604634557,31.67701863354037
CVLT,0.5328598225241612,108.08999633789062,12.051125996549747,-0.7236072546770904,5.060064073917351,2.4322733147980156,10.318424815749314,21.551974583973973,21.27229851735786,4.0729939974390605,31.46679407548973
ARWR,0.5526128682820536,78.68000030517578,13.53056131862393,-0.4469676209395875,3.9015932372373046,0.4816715570401837,12.191648918422263,1.6328776220759793,21.94669001646887,5.421507908071863,31.399904443382702
PRSU,0.5548224426656349,44.380001068115234,13.20085799360447,-1.1057097096031054,4.898660965632377,1.2020092344586115,7.327696990889108,0.887708272745973,26.655250879809444,3.508659390827022,31.366459627329196
MBLY,0.5170088617297772,10.0,12.883266332188242,-0.2385377046034499,6.433931763158733,1.6443992797342724,10.497235239096984,41.70165583091042,-18.300652065539428,5.70000239780971,31.285236502627807
PRMB,0.5252124581754161,23.969999313354492,14.535355435062868,-0.6784583491966644,8.70255041519322,2.2844818570037173,21.73691550529128,0.0,6.411687079228298,4.422195150200782,31.27806975633063
KMX,0.5377784439218845,40.63999938964844,8.860726669849694,-0.7284072324934586,-2.851817288842601,0.6416470060929877,5.1759835184780965,62.95497346834124,-2.448392850396397,4.147919474700302,31.1371237458194
GOLD,0.5153621554232574,43.130001068115234,4.068193379735172,-1.0365963027566314,-2.2125282000961555,-1.4072640241191525,-5.187024300642363,57.56977571122436,-14.962330027158433,4.856280740647722,31.017677974199714
APGE,0.5062725046054818,82.80999755859375,6.957248745191258,-0.9199020043375626,0.46160338144623675,-0.8402704971214302,-2.9987174717067573,17.293299491027177,18.266211837374012,4.875619820048049,30.912565695174393
VGZ,0.556229121057504,2.2699999809265137,7.17241170206993,-0.6159857581541621,1.1210922553221625,0.29585770709891046,7.075476575184775,34.26395854618792,1.7937202463213076,5.7580247958325215,30.73100812231247
TSLA,0.5161305907840641,433.5899963378906,6.558616173853357,-1.270507474619634,4.553292246863696,1.8385112214200483,15.3103582272517,31.697853048936796,-8.777429768973526,4.133266054758619,30.530339225991398
MGNI,0.5295666083953027,13.289999961853027,7.169936655536113,-0.6118216044059168,-3.0652251178123557,0.4304324491579106,2.4672296700950844,56.330988549244395,15.565217058238046,5.47672772741706,30.05733397037745
GOGO,0.5389780882425962,4.440000057220459,9.877496867132965,-0.17896879819739425,-3.8804989143659276,0.40601823711333357,9.90099255062749,69.5645598968603,-18.68131819804658,6.824323634959681,29.9235547061634
PAAS,0.539463628512795,55.349998474121094,1.438759269004989,-1.256206333136816,-0.662515986087392,-0.1529887530993533,5.995632091563336,51.80792801389388,19.012239919943877,5.80943969924388,29.851887243191587
PSNY,0.513004151348533,22.110000610351562,12.09504667306719,-0.319006822713404,7.620047424461012,3.127274320282994,22.42525616804383,5.986181719739679,13.851701974001497,7.189376261891568,29.847109412326805
LTM,0.5299507766023726,52.2599983215332,10.268572979130498,-0.5969249027535164,-2.7706838491917014,0.42651891876739406,8.027750130377543,55.81071696991693,-14.333780622402003,4.652207322041273,29.737219302436696
ASTL,0.5563214464883052,4.980000019073486,10.744927501367417,-0.4178710778530132,0.7587263104340365,0.7953504801356337,7.792210873462333,16.35882014710178,39.495801451037046,6.495984315750787,29.31199235547062
WRN,0.5080760765118656,2.880000114440918,7.619065171771873,-0.5175861751969854,-2.0602449587782923,-0.10489458835673386,5.109492860065718,54.0806117235058,2.8571486949448914,6.163193939362115,29.268991877687533
MLYS,0.5121696420031242,29.989999771118164,11.173385717106896,-0.461247497658272,-1.2624792655162702,1.2650989755994535,15.836232050861545,46.377644143520754,-18.571821123243566,5.358928753482106,29.178213091256573
TTI,0.5567898622893956,10.770000457763672,9.940546802265567,-1.052333795396417,6.67063230382605,1.2637287062401819,10.574955962463157,22.682645395870097,18.87417173023239,3.966043402135006,29.020544672718586
TXG,0.5535058944554857,24.6200008392334,9.155512654220606,-0.6717961525133043,11.307023678171094,1.6544879577291685,15.208235246679122,4.356954058656236,47.51348143170329,6.0223972126547665,28.9393215480172
KMT,0.5084860661947,36.939998626708984,5.278178413304333,-0.9117593613995885,-0.41734347420977774,-1.2619258128296713,-5.3507206944398815,52.6570683441187,-4.178586292508127,5.408961386155851,28.432871476349742
ICL,0.5548224426656349,6.570000171661377,12.983300229921795,-1.243557734894573,7.396815311949132,3.0055566417628987,20.99448212066715,1.8785119744342,24.126202470959033,3.7888661543637863,27.878643096034406
ULCC,0.5567898622893956,5.309999942779541,12.856090367779998,-0.36405494913953784,15.547817461422298,3.9823509282125302,40.10554078692633,15.544677027081585,32.74999856130103,6.8551256191394465,27.611084567606305
RPC,0.5295666083953027,8.5,13.855529133969815,-0.9018246225404651,-3.704449831007982,1.1823078551186836,7.3232312884550534,39.34650522246494,16.12021585389667,3.781512605042017,27.24319159101768
MIMI,0.5165349091527097,3.4100000858306885,8.746808030425592,-0.1760725995455701,4.419723236618397,1.6897600515951468,6.230531004506279,92.98756870902805,-36.26167949572141,11.648511713258786,27.152412804586724
TGB,0.5080760765118656,7.059999942779541,2.680800097530113,-1.0212951182666945,-0.5003174674323048,-1.1286834963241565,-2.0804451394313506,53.8359706277795,-7.34908072331241,6.80898429139957,27.142857142857146
BOW,0.5047837362424702,27.760000228881836,8.456946756892245,-1.351171040666737,4.362864868819296,2.4417011734430636,14.050945171377958,17.145913445287924,13.957305144507679,4.354929289359028,26.9326325848065
TDOC,0.5339178672610296,6.590000152587891,10.956290216919093,-0.7772507891302662,0.31204979753115114,1.884305816468114,9.833335874825956,29.24708946776495,23.177575136960833,4.879145402810273,26.75107501194458
SA,0.539463628512795,31.450000762939453,5.012392680061463,-0.8925310539470609,1.1286561304244929,0.13409531450897846,11.170023842473618,35.85549997231093,28.735163200096448,6.777198535260252,26.473960821786914
ANDE,0.519458288155158,71.3499984741211,12.366575980693323,-0.9188496202319985,-2.4106705773360186,-1.0910594589564147,-6.841621770790948,24.59975760656026,33.2458372010075,4.228152645146809,26.45484949832776
RES,0.5062725046054818,7.119999885559082,14.135648885172841,-0.8159020333992657,-2.089377616749327,-1.4043675979938077,-9.683099239912941,13.299951373316421,31.856819119593975,4.500814889201237,26.39751552795031
MIRM,0.5405802058205554,98.9000015258789,10.978768771345322,-0.5256875067263832,-2.8427561647617767,1.1059768129236565,5.212767580666785,30.474935500873855,-9.39904891162791,6.302037376715108,26.120401337792643
PTGX,0.5198677560923077,99.9800033569336,9.238047314348401,-1.1720806700557653,-1.4012665645412612,0.002482575955037206,-1.2152907209299757,21.869459355889614,16.540391991851074,4.49487105668506,26.101290014333493
MNPR,0.516173261762649,62.619998931884766,7.587008324564904,-0.5348079752190231,1.727059662690842,2.4169807015369074,14.941261853698043,46.586999362325315,-3.7651771544370836,8.839028536162159,26.09173435260392
ERO,0.5050519831045938,28.850000381469727,4.922411335301572,-0.8976893837566521,0.35771785501802406,0.08036064310753076,9.280306053970486,57.95169284775962,-24.138834320928915,6.298564724658999,26.02006688963211
IOT,0.5377784439218845,31.15999984741211,7.124993716447365,-0.9576114803464778,-2.141313152610779,0.634807778624915,6.239345136051496,48.67942625372025,-11.877830006572834,5.222354598288609,25.58528428093646
CVSA,0.5293040460279761,124.2699966430664,11.991674758375954,-0.980694137467161,1.6660708693834403,1.7967787728537115,9.817950354643665,6.253258609373755,16.696402606633065,4.613801676730278,25.585284280936456
YETI,0.5406919148364935,46.040000915527344,9.05074618059639,-0.9532422453732523,7.660022239513953,1.9697219447508074,16.793513581716173,25.800546531564866,-2.1674467232822914,5.049957524386044,25.551839464882942
IBEX,0.5165349091527097,32.220001220703125,11.624612804525668,-0.6943001222618647,-0.21639561375496474,2.1116673691796564,14.458265212014826,41.11673757813185,6.794833076424213,5.08978424313933,25.54706163401816
PGNY,0.5564324686164159,25.049999237060547,13.573658205566167,-0.6801307413921261,14.386170273724497,4.877639716251156,36.28944711906535,23.799084949370226,41.60541820457869,5.2149986069338645,25.02627806975633
BLMN,0.5567898622893956,7.920000076293945,13.280049390607306,-0.44993841881445823,7.462687184179059,3.4313383866274556,31.34328027216159,11.774212298317295,36.08247151773327,8.24404778389933,24.56760630673674
ORCL,0.5165349091527097,193.05999755859375,10.353551318005842,-1.243381655077253,4.2623555647549685,1.4349650309239221,16.32922978322516,17.877910136092357,-2.315113240255085,4.467744973108391,24.323936932632584
HRB,0.5166472371147959,38.83000183105469,8.084067975618765,-1.0038601913462006,9.255890946627698,3.4824775238868835,23.230725321388874,23.751048355357536,6.999175672025311,5.532357391575224,24.276158623984713
STVN,0.5165349091527097,17.969999313354492,11.924791248720048,-1.0941344531741022,1.0970425504558268,1.4931337354334184,10.857497397758289,25.521038773522974,4.053264834950282,4.324668687434311,24.123268036311515
FLWS,0.5145947723848295,4.389999866485596,11.77191084753365,-0.3900659448175708,6.9036858711672044,2.215308290576179,18.328836149957915,34.171968475868695,-1.5695105615910556,10.209896182166634,24.08026755852843
ATRO,0.5544647319915268,84.44000244140625,10.11332574054576,-0.9485453538943971,9.405168533398458,1.6944458590414584,17.982398772223185,0.9593028884944328,54.11571642616092,5.868063676555399,23.898709985666507
SLP,0.5235238042350369,15.279999732971191,12.739055080934767,-0.4482250855758647,-0.5370236557775793,0.7906624707458414,2.757228315668692,44.5606323944134,-3.7783399062215133,6.698766866810775,23.779264214046822
B,0.5604502794875843,42.099998474121094,7.147039777607062,-1.1674863079401478,-4.365079841526344,0.2548913046888972,7.480215578421795,67.14606783925518,-7.285143082367353,4.795553577315011,23.702818920210227
PNTG,0.5405802058205554,33.91999816894531,9.032008083355253,-0.9639927787363293,0.2808527889085783,1.7170861092370884,10.165628971247806,14.94752327148208,8.857504284210869,5.71302156557215,23.578595317725753
NEXN,0.5293040460279761,8.100000381469727,14.870404995839651,-0.7995358160782429,4.314234665003221,1.869465639116401,10.354226334863736,3.3142459274198393,14.73088451801638,5.255730447045159,23.559483994266607
DNA,0.5106331716776028,8.6899995803833,11.566425459250352,-0.44394045595184756,1.4890467592660983,1.056296169856278,10.70063294074707,40.4887176148328,4.4471141717082485,8.66020157600058,23.31581462016245
AG,0.5089205521508016,20.280000686645508,2.240748526728634,-1.4406035102717574,-4.071355921732744,-0.38650346178962436,4.094133647373244,61.64175754919575,-2.573992715119237,7.542410065812397,23.201146679407547
XERS,0.5121696420031242,6.260000228881836,9.313365723274998,-0.9088056325309762,-4.552555002888218,0.5709694491107838,2.791462594525399,60.27013676545013,2.2875873515982676,5.066181338879472,22.900143334925943
SLN,0.5386240596863395,6.639999866485596,12.609921558974172,-0.5523173242876607,-2.852963831717557,-2.863640090372683,-13.766233362323183,27.251595734732646,15.881323633929739,8.22063327566524,21.471571906354516
LGIH,0.5295666083953027,46.75,10.446554833694393,-1.0417549804058155,-0.12231016105190098,0.3332782034711994,-4.513887103254469,41.68437095002641,36.536208259111326,5.1321643103708094,20.793119923554706
FA,0.5567898622893956,15.289999961853027,13.720735773974377,-0.8216138343944044,5.524689001388772,2.992500975052049,17.164748951780506,11.65084703678205,30.79555611963274,5.974959843075978,20.573339703774487
OLN,0.5066825379524942,26.1299991607666,11.115146897636922,-1.252517203353217,-4.342782225136004,-0.19731205827459866,-1.6614971814255215,27.381306244988256,27.458690683012417,4.92539301111575,20.36789297658863
WBTN,0.5106331716776028,12.109999656677246,11.805053833943004,-0.6191825095217318,-3.3268831573545565,0.6670014454158607,-0.5747179535212478,46.29295766774279,8.028542510145781,7.033738662742019,20.32967032967033
DCH,0.5235238042350369,6.489999771118164,11.041997955729423,-0.6162450977680467,-1.0758733838549612,1.209340550041396,13.263520931626992,55.967972331266616,-18.671682258236398,7.076821544248789,20.30578117534639
IPI,0.5604502794875843,39.79999923706055,14.212740861984715,-0.5602997691735614,-1.9257558942762456,0.9201345032154553,6.048495954003108,44.43467754209517,-18.509420325755766,6.883526185726989,19.627329192546583
PVLA,0.5093305177208625,117.58999633789062,11.406690364634354,-0.8606455818764546,-3.395893495902057,-1.3045711856742803,-6.644968884846053,43.4083355167673,-20.72940593159379,6.186751137453011,18.38987099856665
ARRY,0.5295666083953027,8.420000076293945,13.838338882553975,-0.6695151003732944,-3.924690317841643,0.5549797710528498,6.179070094585225,46.98935551631432,15.659338371901137,7.575500699237109,16.794075489727664
LOAR,0.5386182334186175,62.880001068115234,10.315399395818723,-1.2241575828896085,-3.8960690885734977,1.1399584570702548,11.331447552473163,64.87538109411328,-8.869563669269667,5.566725762869024,15.384615384615385
DIN,0.5112908893877145,30.3799991607666,11.297127903916824,-1.0892071465433497,-2.370715411390609,1.2496710555477704,10.112355899410499,56.285834069843865,-0.34924348824166435,6.1835785170903,14.46249402771142
SSRM,0.5062725046054818,30.90999984741211,14.313091202868556,-1.0316720348490942,-0.9834390240331239,-0.043227046875843125,5.747520805434035,26.294475594433564,16.246708047654167,6.869020781117493,12.861920688007643
WEAV,0.5165349091527097,5.630000114440918,13.48354188628614,-1.2245688218941915,-3.67972871745761,2.297372230728971,13.052210697738914,54.20645609593192,-8.899671991682975,5.757421387630706,12.388915432393693
FUN,0.5075391042740149,20.100000381469727,13.701003666126804,-1.2878034055762868,2.365614986539028,1.0810529541790095,10.43955790537567,5.564915060945808,-11.687169686051973,8.253374600566705,11.777353081700909
