Ticker,Win_Prob,Price,RS_Rating,Bias,Vol_Dry_Up,Vol_Z,Up_Shadow,Dn_Shadow,Turtle,Ov_Supply,POC_Dist,MA20_DP,ATR_Pct,Dist_52W_High,MA50_DP,VCP_Ratio,Resonance_Score
KFRC,0.5579489857714929,49.15999984741211,64.03413506649393,11.466339156416602,0.5638909240656362,-0.6406913362728482,1.2408474618237124,0.7323039289293055,1,0.0,7.172446025867905,0.7613000097990904,3.5060462319981776,-1.22563914954546,-0.37288342490791077,0.9590619770854717,70.24723756906079
SSL,0.5532171256799953,13.539999961853027,116.34561212328933,2.696347858262468,0.8918944247735366,-0.7684678381952472,1.0708973743512662,0.14770682528969042,0,6.630320994206569,-0.44117954359794875,-0.37285750410193963,3.2469934078847453,-5.775921574518533,-3.737610507911302,0.8909186897948663,65.68370165745856
ARKO,0.5902582802185657,8.069999694824219,61.2458384996788,7.851927383050711,0.6980482335787949,0.9561930456850436,1.6109060637038919,0.2478312475880583,1,0.0,61.77212766283127,-5.911779107928029,3.7519923504816215,-1.5853672859623464,-2.1897794905919215,0.9768783701060321,64.81215469613261
ILPT,0.6004200106710443,8.65999984741211,46.99200562358756,1.5151054598299198,0.8179168965119529,-0.06701160082089644,2.05543248556656,0.3464172459159123,0,17.913538360512206,-3.455968900264292,-7.5520887165587425,3.66875699956372,-5.355188978065977,5.5363387679494815,0.8902502463716473,64.51795580110497
PSX,0.5580822526067909,181.72000122070312,25.989612811627616,1.8328625285684974,0.7056625059334845,-0.7126364129798972,2.3442628649548785,0.6466008385748788,0,7.51031640122701,5.140617120516976,-4.71646811273823,3.0973863739988623,-3.971835443895126,5.470488325760113,0.9312075715785,64.05524861878453
DINO,0.5680671644997823,70.76000213623047,38.9725430789905,0.4571419485398674,0.9177477802919216,-0.9160294730205596,1.7877322660266801,-0.3391716457329727,0,9.958516400954725,39.56067974144045,-0.672839054621485,3.617357503555966,-4.866893319188019,3.5368717870389963,0.9514493162423975,62.53314917127072
SHEN,0.55367913310944,16.18000030517578,37.231552230510424,0.5468577270921876,0.9276336705848576,-0.11822026495741843,0.4635399352299512,2.3485791548216155,0,14.093084184999134,-0.6752646050495872,-5.5804934144567255,3.38822349491065,-6.743516141222118,3.457443519771882,0.9094320432830943,62.219613259668506
EC,0.5946917912062136,16.209999084472656,64.11549053436354,10.41105526036695,0.7761780536663828,0.0894145398711102,3.7014214393598874,0.4312126031126049,0,1.8452100569361942,-0.24615948015312095,-7.1100941171961125,4.1729090720949245,-3.5693063682105057,1.8023984710770207,1.022896499598194,61.82596685082873
OVV,0.5842930392646541,57.939998626708984,33.53150745671631,-0.31485215455148263,0.6464296457008578,-1.056100095962332,1.3807439950045537,0.0,0,22.56540617626769,1.7026459280403385,-4.820105404815715,3.1399488946430494,-8.69839353500293,-0.13190109537255051,0.9357462578334422,60.23204419889503
YPF,0.562272459413496,54.27000045776367,44.28304514084442,7.466411692146492,0.584127044086165,-0.736723553746512,2.9297957235066376,0.8844657051386047,0,3.376628741871783,30.48809872168732,-6.696325406846122,3.715550150505767,-3.348176343709058,4.228102359189457,1.0967933116867004,60.05801104972377
CVEO,0.5684550443317529,34.689998626708984,49.895360630791984,0.8796750036343608,0.800854639038236,-0.2850413062572898,1.4701705286984343,0.11529865209660183,0,10.072513900632893,20.828978518714845,-5.422993415312292,3.6630567927746496,-4.95890787189432,-3.2356313917998674,0.9539299890112393,59.35220994475138
KOP,0.6030380703046446,41.68000030517578,42.55111759976915,1.2214555454210354,1.0314581481260556,-0.42272327018306954,1.4632860101851326,0.43186253323781854,0,11.676877312888433,19.00584215643947,12.032142949980617,3.339262989938245,-9.976196506865183,4.105658394357724,1.0007174521311386,59.19475138121547
MUSA,0.5856189587538743,612.1599731445312,49.61650372098661,11.788369410418385,0.8875372281557303,0.9846047339412916,0.32181648992148437,0.5570495179822577,1,0.0,54.45873646988174,1.1665043800422497,3.5305885050327244,-0.3207841536180863,-5.634792853478407,1.0789870859347475,58.96546961325967
VVX,0.5545680032358544,85.6500015258789,49.121985374260404,9.573096248296215,0.8647602839242179,-0.7342629278317881,1.3777002733683203,0.3093979975765379,0,0.0,22.217464737140574,-2.5948099666890987,3.1715445310972674,-2.192529605589193,-5.978179317012035,1.0269026591328556,58.680939226519335
VSTS,0.5783614957138982,13.020000457763672,69.22731851264048,5.2163757693764525,0.668294330788135,-0.8558121125689855,1.0752640915170235,0.11521000609994048,0,1.3551945738020104,8.500003813988933,1.3333320616564672,4.097542023300458,-3.698224726582015,-0.7672626784498044,1.1182685850401786,58.45165745856353
GRDN,0.56281074596227,41.970001220703125,39.92707091935177,8.556209051840673,0.8927491836794876,-0.058705982957585466,1.2151496466230212,1.358112171151108,0,0.0,22.041296787914145,-3.9243739267649422,3.671841751731163,-1.2005610334673489,-5.395968648266425,0.9637885138701304,58.232044198895025
CHRD,0.5711679967375677,138.25,38.15135169059687,-1.1642125263137963,0.766716017362709,-0.2649415038947076,1.1681775719004563,0.20976006230069796,0,19.895523740653267,3.3584133160368617,-5.3799084947144475,3.7362432024085344,-8.218820537622817,0.5880706627840306,0.9107895725925236,58.12845303867403
COCO,0.5929579466197692,78.73999786376953,40.26661843788328,3.279794075802292,0.729390399412348,0.2482326250884624,0.16510653586221113,0.755013584944555,0,1.2000316460248277,43.92249895993445,-2.466152423018045,3.573561266726467,-1.2045158359090555,-5.803956870836216,0.9783023165147908,58.0732044198895
BWLP,0.591643608827001,21.729999542236328,77.01426390397597,3.5649584110484898,1.1385929615426187,1.121549777640598,1.6566986558617585,0.4141746639654396,0,5.653986295896521,-3.8920877678942722,-4.878048780249851,3.1674445738469457,-5.200249963784639,-4.903144330802287,1.0906935317564757,57.70165745856354
RSI,0.5721681821773881,28.81999969482422,51.11269029977248,7.774577667153121,1.2314074618424933,0.9584576860857291,1.3532248222228302,-0.27758474861346377,1,0.9512651083593827,3.4457970689401365,-1.781169636581529,3.5198760781190415,-1.4363887810096252,-6.570041801023131,1.0139731834801562,57.65193370165746
NHC,0.5735741754647591,191.80999755859375,39.61181587332641,0.36129101908385125,1.0658941971652849,0.5552436680316883,1.5770783248899918,0.0,0,9.439470133693117,21.25743506584673,-3.4464552368139674,3.516314097836174,-6.461523533447491,-2.887170429005528,0.950068310743099,57.48480662983426
FLXS,0.5882998914198974,58.150001525878906,39.866066393975316,2.769385740755876,0.690244293994617,-0.4408393804178017,0.4003496794732721,0.48151777582450095,0,3.1632100294072116,1.4854514990568988,3.75180026667215,4.0846100674754835,-4.625224927534363,-2.9470856615614487,0.8615531205100023,57.41022099447514
SLB,0.5578053819884153,55.5099983215332,40.06509353961809,-0.9838834906510046,0.8415816749986398,-0.8093928934727688,1.4051500682179803,0.5044114353417571,0,10.024101734675291,19.667683084610662,-2.030915082008547,3.42305525166902,-5.132539746790306,2.2899315923075134,1.169686073860753,57.267955801104975
CVLG,0.5641125821411778,43.779998779296875,97.26148795793617,11.553667638868255,1.1246386083710305,0.9364252768476168,3.2122052191436414,1.4390070145490688,0,2.042841500136874,28.557663333334883,-12.737032430934208,3.646829534669204,-4.326922235181407,-3.2077626261013967,1.2598509045089359,56.3121546961326
PKOH,0.5924019543092267,32.970001220703125,44.550338881361576,3.6059425951393194,0.9713142405136764,0.1128363549835883,0.8492531662769868,0.7582650613777739,0,7.657145061430747,6.906618215004881,2.8002697057002086,4.2896148503007,-5.826898596327814,-2.512782560963712,0.9025456178095232,56.11878453038673
CRS,0.5828887809990068,523.0499877929688,63.1363012767693,13.596873347355306,1.0736956136439335,0.02486275713683425,2.5810152595429745,1.5065490998379416,0,1.1601681434795204,68.59249632482431,4.306976966785805,3.6795168204632835,-2.6720727320171633,-6.282543691775845,1.010874880884726,56.098066298342545
IFS,0.5625694882724005,53.5099983215332,32.530220544341624,10.023642416604751,1.6452701506802392,0.8523564229755003,0.803588709877995,-0.4438408605977013,0,0.0,21.614729094605853,-2.75512459643014,3.9121530909951003,-0.797182640184366,-3.85892266238473,1.063088347661852,55.725138121546955
AAMI,0.5795501461372716,76.08000183105469,58.78404031935827,4.54067882645642,0.8903712370538737,-0.805275338956674,2.799560527594787,0.8346505269968647,0,2.2912131353499907,57.113739749339196,3.4311615068698376,3.6530990202726485,-3.696200213808038,-7.631985025926467,0.9793927069884389,54.668508287292816
CLMT,0.6241716637276927,34.650001525878906,71.98174315350987,1.4893942261925384,0.8340556812603044,-0.8134392103646765,1.9913379402703189,0.12987584894525595,0,12.965969608686786,-1.1130119276466293,-0.3424676650251779,4.348586407410908,-10.580641223265259,0.88470709241562,1.0336859659716984,54.649171270718234
DHC,0.6151947389305058,8.869999885559082,80.20934961468089,2.7929074919845602,1.4497544848869353,-0.1185740928963921,1.3540025129458577,2.2547893102930145,0,1.7740754302453314,32.370360144824865,-2.6315822492501604,3.9137525751626003,-2.954053037113732,-4.833836290713277,1.13764510587856,54.642265193370164
ALTO,0.6362319446989189,5.659999847412109,132.0999391426427,10.052495940177868,1.2568148475748366,0.5766045891215059,3.8869306169774687,0.17668249381033926,0,4.3018301113353825,40.79601676265817,-2.164500153419853,6.953559886752977,-5.666669208853732,3.921575144939362,1.0647360121169793,54.48618784530387
TDAY,0.5639733786969879,7.920000076293945,45.296724085910746,2.3057563644865846,0.9495242669009113,-1.1960143925611229,1.2626310668407728,0.6313155334203864,0,3.570413437664019,21.10091930090628,-2.5956291357760923,3.8149359054833067,-4.347822080237988,-2.9411735827335526,1.0837273857356962,54.325966850828735
PTEN,0.6252946417646716,12.020000457763672,89.0134719203533,0.8828361937710036,0.9716103092279894,-1.0493643406088984,0.9151385397580942,0.33277837209950967,0,7.427851714439296,50.21301029540033,-5.555540927064309,5.12736561725954,-7.276824911692689,-1.628950788310846,1.0212674557328325,54.321823204419886
INNV,0.6427588490604687,8.319999694824219,66.97656199023996,12.554109033840124,1.4609581400831317,0.4775134671324562,0.24039012614038963,2.5240390123135583,1,31.49619082551155,6.9408672285853665,4.503313164946613,3.944884434449494,-22.170252370135273,-0.2541293674053413,0.9925422665504302,54.07596685082873
TRN,0.5869776904530198,33.7400016784668,18.61671968752294,1.3137209228807574,1.0803433783951848,-0.7173875947955137,0.41493592969687715,0.35566905930257114,0,24.278267448293054,24.477458957090654,8.052019636074203,3.1734260332611286,-9.68950447710875,-2.4553570742847044,0.7374821820974339,53.646408839779
VIRT,0.5712130500453227,55.54999923706055,52.63396291968796,6.047347473683244,0.8533154238943733,0.5683246177164979,0.7380735428186912,0.5184486110047798,0,0.0,14.052152541274609,-4.455161516567727,3.4153673826225623,-1.1736492596392267,-11.251164831675965,1.1257732540485734,53.3950276243094
AXSM,0.5929066414180204,246.33999633789062,60.22362970379134,5.66953753302262,1.0279635087874341,0.09215929119740372,3.9214109790032157,0.4343558014662371,0,0.0,34.87735280374939,-1.1784133392945506,3.585490730001016,-3.773438930496735,-5.133959808792974,1.147313696231505,53.3646408839779
NBR,0.6615072754386195,102.87000274658203,80.01217725530448,2.314436107866483,0.9709995524442671,-0.222663962742123,0.9672354336657072,0.8943308490063563,0,7.407234441001548,43.05381380526264,-6.19790096999536,5.16289481061437,-8.883966912001291,3.9574506146127195,1.0758725416508979,53.335635359116026
KOS,0.6678738955481847,2.9800000190734863,166.67585743886414,0.7778158194014726,0.5558018897143592,-0.5616983873678054,3.355701475132956,0.5033512209582404,0,11.145923567682027,48.258708096017486,-2.580650469675076,6.208052302864011,-10.77844024668414,-2.3648625782778967,0.9155732612215766,53.3232044198895
RLYB,0.6310401732858202,15.9399995803833,186.7275967452501,4.771917604607583,0.08597695780819055,-0.17314032448003175,2.270397068810674,0.0,0,3.256302813858245,12.889516355851304,-1.140412333898323,5.574879516990528,-9.297825650174325,-0.12438095681641415,1.0680802678191692,53.21270718232044
MPTI,0.584398154144506,93.87000274658203,69.96121216304682,9.65032961515573,1.344599441690179,1.4944755192491428,2.0347245944488295,0.5219962175639256,0,0.0,21.814178199251035,-2.666666666631111,5.131411785809002,-2.2187471389539386,-0.21151138311296305,1.3543457252905158,53.135359116022094
XMAX,0.5931835135038732,8.609999656677246,44.06945269646974,2.928865777546223,0.8620006316125719,-0.3664474263897293,0.3484400445795281,0.0,0,0.0,0.11627063677697146,4.964539885939459,4.670649424069776,-2.49150927411964,-0.8391600275645321,1.160714861096893,53.107734806629836
BBGI,0.6397859436219313,23.059999465942383,412.6507192958777,35.31275390087937,0.017021455616001876,-0.16494242931487046,6.244581818494519,0.0,1,0.0,306.7019250897076,12.547525827733597,9.122164749292061,-12.552147394098146,3.680978094273548,0.910747906284094,52.87292817679558
DCO,0.5617422049462046,153.9499969482422,64.22296438617656,3.5535786138962413,0.8801006656343259,0.017339973926910925,1.5718783138454941,1.3900613394321808,0,1.1397262278812161,11.444909243038573,2.2616002253890115,3.6598113902342244,-3.3644543468542425,-14.773693977492933,0.995763484661394,52.71961325966852
WTI,0.6945849125865811,4.28000020980835,131.06708558782938,2.419229422949237,0.6465362678005175,0.4107875765026772,2.102796058828569,0.7009338764519479,0,9.729674913612971,39.28548732404962,-13.064145147095935,7.376500574711299,-15.559544978244189,6.111103365596373,0.9310059731019297,52.67679558011049
NWPX,0.5999753782696826,122.30999755859375,97.74475578054196,5.016869456779727,1.1053926902548763,0.5799645001805865,3.7895529627266424,0.7276587420540159,0,3.308956526056702,72.90076512782522,5.94016337623039,4.02636254072272,-4.657602941031715,-3.98733081278009,1.2360292544153662,52.65331491712707
HTLD,0.5873994835173806,15.779999732971191,67.03306833304043,7.379808035705758,1.3178272030581906,0.8908101953884107,1.2991123394300872,2.2813666840705875,0,1.9666515397899886,42.705614005231105,-13.046998676163987,3.211571700972106,-5.168267356791851,-5.8128096029938074,1.2099378492069701,52.60635359116023
LION,0.6310896625541025,13.6899995803833,79.286794355256,1.6785468319812529,0.5966700196917757,-1.0433501317118012,0.07304769311633147,0.9861229584361675,0,8.094369058406176,-8.428095283430576,-2.8973541692985,4.844516897466374,-8.763748909967777,-4.14893999051292,0.9253273113710174,52.571823204419886
LEA,0.5510401825157031,140.44000244140625,29.014224973316914,0.378184595064729,1.0709441928185013,0.6296178933319367,2.349760035863804,0.17801195930804956,0,10.938236882336765,24.407552413118715,5.5033790011905275,3.4709099742892193,-6.088139120618187,-1.3310499014017338,1.1196838686913175,52.53453038674033
CTOS,0.6160502651729558,10.270000457763672,63.879383437281525,5.246981612429902,0.903143469246825,-0.5129587781437849,0.5355433565618586,2.142164140227242,0,1.1415413431854828,65.9127683710581,7.028110507167111,3.9254408458492525,-3.2045165870251053,-5.229792815313284,1.136796939820052,52.24309392265193
TALO,0.649418496874603,15.380000114440918,25.9819718574835,0.35561650351374713,0.7611625427228788,-0.8455547893969998,2.4057209543686326,-0.06502099354210081,0,23.944841488067887,-0.6459911546903299,-8.078174203398001,4.386959844066544,-9.794716699410204,0.9803912401606746,0.8393171683973701,51.83977900552487
ECPG,0.553050639708103,80.19999694824219,42.379705854384355,-0.3392474817115652,0.9981302376505572,2.5226280524055578,0.41147362045854247,1.2468828404480994,0,30.468912075172373,-2.456828317253453,1.3356254859941048,2.9827203312554404,-13.428327421450748,-7.459211526857304,0.8934532112673321,51.33149171270718
TIGO,0.6057867482298244,89.25,77.4606272551807,5.670697716937247,0.8643765996522448,0.21981399546229088,0.4705861836869542,0.22408621651534635,0,0.0,4.557168886818316,-1.0108638658958915,4.642256682946616,-0.46838204250804055,-11.117199454182176,1.1072646009047735,51.26933701657458
CASY,0.5660013728394118,915.5999755859375,55.16271665890697,13.059995245208425,1.3224745188794118,1.9090439674182038,0.20423713052075562,0.8344271354463431,1,0.0,20.816389843212814,1.7343348037897401,3.9513512880359114,-0.20382085265988012,-5.252552615861063,1.489015933291794,51.24171270718233
CNC,0.5814766271172792,65.33999633789062,65.77343437015588,8.354609291360642,0.9600981757256302,-0.1418973922677292,0.09947171051956974,2.356746258010759,0,0.7246740100299683,79.50547691774551,0.269768746762269,3.3516885520109625,-1.8181918232339511,-14.182396994628135,1.230185098443007,51.081491712707184
TFII,0.5544382605896184,153.57000732421875,48.19263151644131,1.6811168385608644,1.3828915597969642,1.5651070982405189,1.2242005555363231,1.1948991510960545,0,7.158191968615955,32.67450205330341,-4.002666110896225,2.842583992391372,-8.420296327467145,-10.171272639971708,1.0394683073814228,50.67265193370165
ATI,0.6037375982330397,183.3699951171875,77.31388193647138,8.214490611904564,0.8726601909657387,0.42239188013101336,3.0812070162470344,0.39809987837353555,0,0.9869842925578088,42.878292308803225,6.564804935084495,3.9428485409982477,-3.6568100913531376,-8.693726036317297,1.0864925528733536,50.578729281767956
HSHP,0.6032658898240246,14.729999542236328,52.16520972736865,-1.102253071250765,0.8371092534396503,-0.18830080373354097,0.3394446183660759,0.3394446183660759,0,15.605134268734105,50.47980433194379,8.727148414503922,3.5636699667813145,-10.89385672514727,-8.519102915611118,0.837974217035078,50.49861878453039
MRVI,0.5873172738187086,5.079999923706055,34.00159223067845,10.123563050361684,1.241838824537575,0.6628588807422169,3.9370135643036956,1.2795287044068233,0,1.4234356737571154,4.742268526776152,9.44206162089015,4.599270122675881,-4.150948284339502,-0.3472218771673859,1.1357092879560544,50.4792817679558
DK,0.5938401056918807,48.0099983215332,29.681595592959663,5.874826049366996,0.9333020884785933,-0.7146844538505785,2.4578220087584453,1.2601532251093108,0,3.0851125457810618,52.68426001570442,1.1718769402298554,5.129138579760019,-4.609583598393388,2.3616802625029356,1.0721803333756132,50.32458563535912
CALY,0.6294667722084023,16.260000228881836,38.58968713452613,5.601559592058932,0.8322787100235984,-0.7739188232135925,0.5535064656548574,0.9840088877616955,0,2.3186843201133107,29.15011939255673,4.895101884605229,3.681251934558739,-9.666665394563873,-5.656108499228009,0.874360967444013,50.29281767955801
HUN,0.6287751498515711,14.229999542236328,40.1141275902344,-1.5463416450806728,0.6832925771143883,-1.5360712349995576,-0.2108270387103945,0.07026897771245744,0,14.707174727194097,36.695482713257704,7.371351954848003,3.850015220876187,-10.503145385253044,-5.489264524698731,0.7994497832187143,49.83563535911602
SNEX,0.586610349269706,124.69999694824219,97.10614198298069,9.516613325737662,0.9692551804434821,0.20814555364339202,0.9863699976145578,1.251000478555529,1,0.0,78.92671413577952,6.3693133870805925,3.950623648172906,-0.976735769032848,-11.468893895182074,1.323325986597841,49.770718232044196
PHVS,0.5678173548461154,31.510000228881836,17.581170441951155,3.911094356371473,1.3439878005197339,-0.3680616306241327,2.1104379667635587,0.0,0,5.4623785667315214,5.631915217620759,7.359997558358231,4.265312997101707,-5.460550561453883,-2.0153873894795544,0.9027177128921043,49.69751381215469
PDS,0.6079657777272618,96.04000091552734,34.43363146895295,1.5619221255712112,0.8240611618174508,-0.9588165180306863,1.9366936616006198,-0.14577195784297964,0,19.046673694875338,-2.1995886963533278,-7.50160747027412,4.2921103211709735,-7.475917059738754,2.7466983660088196,1.1270238047876902,49.690607734806626
HP,0.6149992375168143,39.369998931884766,29.542178100551798,0.3429694347838735,0.8627006739991664,-1.397240808809728,0.3302033823695326,0.7236491567319623,0,8.594634949319127,15.62241069210098,-5.210193555980103,4.321637968678565,-5.858442804302768,-0.11161363429854218,1.103840359567405,49.357734806629836
LINC,0.6374263216398679,47.43000030517578,111.14999201913498,-2.2122341885305814,1.034188223469167,0.26268612875261815,2.087282010075436,0.9698483691824066,0,16.74583428964884,5.189621079213265,5.377416475039628,4.673052951573303,-11.345793821889274,-3.0355841312768685,1.1041318716927389,49.309392265193374
AMN,0.6300074624610535,29.3799991607666,72.20949912478586,1.3103416004704342,0.9825942396997056,-0.9152522336492837,1.412522192031803,0.3403624131181932,0,10.213551260311082,50.281331492682135,8.652864935149394,5.067829450085108,-9.655600408058683,0.5339048793828622,1.197267868211022,49.06491712707182
DXPE,0.6009050631154494,160.39999389648438,59.13804884150824,6.448281077986688,0.7049884171004284,-0.5534872559023853,1.882795752717483,0.5330397506657709,0,16.475079328433136,24.747232549422037,2.378467437658163,3.7618026289421405,-12.783431731474042,-6.37983501753478,0.9321887600305465,48.96132596685083
CRI,0.6088678176778517,39.33000183105469,21.483654749735525,4.86820262275718,0.6728976586154578,-1.1022933255741547,0.9407549317305386,0.5085195871423753,0,9.83357284052676,18.878496913641303,-7.262910205365279,4.02111413421763,-10.252616352123251,-1.5269445905129613,0.8943839235107074,48.80939226519337
MCS,0.5602501681128668,21.110000610351562,29.872805278932503,11.46921159899795,1.1876845562412255,-0.354076859697418,0.5210738977609487,1.9417368707359755,1,0.0,39.0878906123612,-3.17368175603686,3.332181331604604,-0.5183727924464159,-9.827284181645963,1.2616887053870864,48.79281767955801
KNX,0.5695818016994254,79.25,49.55181552866086,7.6951102691915265,1.3009676700007788,0.7518465719911542,1.728710090302516,2.2334438768941363,0,2.924333504547052,16.79001768557456,-14.14023445596867,3.5106752856810344,-3.8694836813412645,-7.320588030111988,1.1950069045140892,48.74723756906077
PLSE,0.638069323301822,24.989999771118164,78.5297021924406,-1.2213929651804118,1.0790830182311792,-0.05502889273904656,1.9607834157120179,0.0,0,14.394145040441284,20.433733835729285,-7.081551844789886,6.318812307417675,-12.407994497736862,-1.6811000397228562,1.0088807916839115,48.72375690607735
GTX,0.588782206823648,31.979999542236328,88.814483980427,-0.26806890103690884,1.0462347101030678,-0.31523667210844764,1.7195123914501207,0.7817385977820448,0,10.526651193258555,25.178780379547028,-0.9807287095965523,4.34692760781331,-6.644477180077136,-3.3694971478869165,1.2907325043460793,48.69198895027624
WERN,0.5534651183290811,42.75,40.49308436494265,4.914411828772765,0.8965509578215983,0.23791993135263792,1.1228059467253804,2.8070193284476797,0,3.627507350151745,23.520586973235456,-10.697542907485396,3.2063496142700503,-5.566601352388176,-7.716483134737956,1.1074604959250458,48.66988950276243
MUR,0.5640726527471629,39.84000015258789,18.656021120296963,3.664514986367201,1.0357208274997425,-0.7717178012979306,2.0958812280462764,0.37650027761893023,0,10.77623397842854,30.659107554379695,-5.1432438864305565,3.8466354918759245,-7.277127668431449,-2.2488021539972376,0.9551874312998211,48.64088397790055
SSSS,0.587641315124043,14.140000343322754,43.06951453653583,2.77283380727952,0.7633288636761998,0.2844733754487525,1.1315406189247352,0.0707162302972239,0,4.660006405293384,46.074379102049406,6.166418434562322,3.586582771976987,-5.607471458788162,-17.907452330071365,0.9452301101761003,48.60635359116022
SENEA,0.6259818844059832,147.9499969482422,27.90374798766184,3.665606065227134,1.1864650291117085,1.1978838627811483,1.818183505829419,0.9057089324242049,0,15.88316242730945,0.08793777403720958,-2.5026813351615496,4.168397304958777,-11.682191275659545,-3.1023522775813692,0.8757185414479867,48.42679558011051
MG,0.6281941958794761,18.170000076293945,50.3254529658711,3.359025405915933,0.8681096020382464,-0.7378923195474238,0.2751746661962219,0.285084061362516,0,13.683415331506902,41.95312347750249,0.534125522522387,3.9475555758035665,-7.106336541560868,-6.027391354203112,1.0208344482636773,48.335635359116026
LOCO,0.5588968934735292,15.0600004196167,27.745660398977414,7.32611569734128,0.8360974305979617,0.31642970725534697,1.2616173643873005,0.20252597035489134,0,0.0,18.396227227049543,-3.3234845679446874,3.6900030246727265,-5.283013956061906,-1.73912875205542,1.2585402924608238,48.178176795580114
LNTH,0.6263900874081197,100.23999786376953,54.2577571609326,2.1606173927900088,0.7967399176422939,-0.7388157269729778,2.483937285193945,0.3292117299322792,0,4.039115021768488,52.06310777853089,3.4708550875362643,4.004025242893112,-3.6153866694176107,-6.8272072008695925,1.1435382703129469,48.150552486187834
LSTR,0.5582618840801974,218.9199981689453,46.19576236942502,9.087167108162056,1.070021948823574,-0.381791307802077,1.151100417841057,1.8317168556355554,0,2.770296329369366,60.17802618400522,-3.879415669334281,3.4826824183498104,-4.175789313018983,-6.294591018006376,1.2731416669991003,47.893646408839786
PBF,0.6805545325615352,42.56999969482422,28.43933233137208,3.171862624316536,0.6940500849555673,-0.4769528936436317,2.4665239477639544,-0.3523644043944408,0,30.385365245592986,46.42876285999571,-1.4594356029203936,5.459914954998504,-17.865168028213077,8.17259970203529,0.8720293588571468,47.71685082872927
SIRI,0.5601438258148002,27.59000015258789,23.169791135461892,-1.022421315853852,1.818292743130759,5.9918935705535254,1.168902599081345,1.0873477179793856,0,13.810186547148016,24.88829853022714,0.4204916322208597,3.645861881097074,-8.369313871131654,-4.173987487611984,0.9695879105686055,47.66988950276243
LIND,0.62165876320909,21.899999618530273,68.6216410249206,4.075084699501068,0.8393577816238778,-0.7239370004812923,3.669860764250741,0.5022771913878646,0,8.661877770918682,29.662524627773195,2.944276339557021,5.353458022509427,-7.905807459004645,-2.950028615792402,1.109196117245033,47.562154696132595
AZZ,0.584477998504184,140.25999450683594,28.456814339520477,0.7466537550086387,0.985247428774447,0.5002432225058565,1.0979670648966404,0.0,0,19.14533363746425,-4.318167671155965,8.480181963911974,3.239900508750134,-7.52291408965703,-6.697491206867586,1.0173802728365193,47.28453038674033
NRC,0.6135068599400647,21.280000686645508,29.939892078007446,10.093644165540637,2.3279509670089595,8.27433693746051,0.9398442158271795,0.18796525792376073,1,3.4484693959365624,34.73105562453507,2.2928635841035745,4.481067446296249,-5.7651189241002045,0.5834216900594104,1.200271114722603,47.27762430939226
NGS,0.5978825562661151,41.540000915527344,24.751691167233837,0.14800196428180484,0.7917610869826335,-0.17386970764869888,0.8425576947492106,-0.5777512240594206,0,9.738355376653248,20.726425392711946,-2.0941121475051165,4.099319664670827,-5.590907010038062,-0.7591627574647388,1.1757330915532898,46.62845303867403
NPO,0.5888102207761182,321.70001220703125,38.427584500727406,2.639116615472572,0.8126968962237624,-0.9639225121904816,3.6462575508833894,0.10569687366031788,0,2.7567748410839745,29.8701029901662,3.6750566038249013,3.6476081248228898,-5.808981624834455,-5.888960889326091,1.123151753012642,46.476519337016576
OII,0.6123902187428246,39.29999923706055,38.62159759210244,2.0090313249733467,0.6655456041055423,-0.6524869164785145,2.3155212851271747,0.2544490484983243,0,0.5014428890529532,8.62354589685339,0.1576080214615736,4.46746610206003,-2.2631182992015546,-8.792811011047016,1.0445182998818234,46.19337016574586
CPIX,0.6483129488077788,5.480000019073486,145.81592286040868,-2.334699589073093,0.04268962528926005,-0.11037978910437501,0.9124122363450791,0.7299263085128775,0,2.267163544370052,40.512817555510075,-19.426039661193073,7.677268408266731,-17.095311519595484,1.6025626325078826,1.1085714581014867,46.15469613259668
ODFL,0.5897541353767155,235.9499969482422,49.253830008671294,6.777908479415578,1.10669961550836,1.076643043769144,1.5342277697741624,3.055728564653953,0,3.968155137354754,13.445388077003468,-6.97991204039644,3.9464666189277633,-6.380193591585965,-4.837945933185649,1.2086973075126441,45.75966850828729
SBLK,0.561894318595851,26.56999969482422,27.972526669651266,-1.3898947133052766,0.9379950644805833,-0.6810431767765469,0.9973703426075625,0.5457299940671823,0,17.983845687349305,5.31451395956455,4.60863285224409,3.3254473557619244,-6.771930895116007,-7.818178696710502,1.0344824759415405,45.491712707182316
SNDR,0.5674254761135447,37.060001373291016,37.08887466025181,6.330789138142183,1.1741890422073982,1.2193224682487982,2.0507342365013828,1.9023254314927147,0,3.9360487310176926,26.0973193013508,-11.126465977268445,3.329542261784245,-5.627703230595362,-7.103823712472754,1.1992013946455642,45.42955801104973
RVMD,0.6352823503690963,144.19000244140625,73.38380037245543,-4.840469904146726,0.7957905294736592,0.01621700168844594,0.11095665483757558,1.9002742539369204,0,27.23727965101727,21.53574105106725,-1.084272452517223,4.4433434866092805,-13.399397933008864,-3.8615056265442913,1.1405476273586146,45.40331491712708
DAN,0.6304367949277643,35.470001220703125,61.12191607754984,1.260406324223211,0.8787332529611936,-0.9509257114004073,0.3101229392804648,0.042287536317477725,0,15.415208193378827,50.51187321125361,4.994085753660383,4.04466672492649,-10.026320531155742,-4.808288377571491,1.1495705458055234,45.341160220994475
MTRN,0.6104380361089828,224.0500030517578,75.36641662345227,2.984296437807266,1.3411825898596073,0.8879418286264944,2.9033719233115765,0.0717275448411434,0,5.700154670695299,21.971820619824754,4.738519188831758,4.122536582509368,-5.1419394550276785,-9.780239633460768,1.163364377997362,45.331491712707184
ODC,0.5854807282935335,95.61000061035156,75.30704032554583,19.762504717174902,2.3024287754021597,1.7944441408720464,1.2864798128529227,3.775652552180886,0,3.0780965792407433,-3.022614705548527,3.940180388992317,4.170207280093223,-3.4534971332603503,-6.176282002862082,1.5916476817744982,45.327348066298335
GPRK,0.6306470994703565,10.949999809265137,28.426718166307552,5.79304296328562,0.7056091316892148,-0.7044242950255245,2.3287682087616726,1.5525121391744483,0,4.140735241335569,25.140481734119586,-2.108434226127313,4.752119387236184,-7.750632561805679,11.84345827067714,1.1941768447652845,45.219613259668506
RES,0.6160918416927265,7.150000095367432,17.945015989940828,2.288985836582245,0.7105752736727409,-1.2676121336078905,1.1188800367527096,0.6993033574959804,0,13.186618797721069,32.412399498986524,-1.4164292553667335,4.295704428952069,-11.858968039930616,2.51749026710283,1.0020589099806596,45.05801104972376
MOV,0.5775999889804612,36.04999923706055,71.15043300385796,10.496389451327891,1.597512382321722,0.11603393426838216,1.081829120364273,0.3189954679613969,0,13.495682400475461,5.132686714758606,0.45299710425467626,4.8117683057892835,-7.015736880364903,-2.4034450137544408,1.5264418373323683,44.940607734806626
PRLB,0.5994878292166195,73.77999877929688,38.289224840114834,0.2793066943964787,1.181986047591185,0.22854774929455812,1.917865192355117,0.0,0,9.405353746060044,9.840703871433416,1.2109166736054502,4.037583757741739,-6.227759922230571,-3.8822637588944877,1.2241348311505105,44.922651933701665
CUBI,0.550481967600718,75.91000366210938,0.2420595830139094,1.9637902185177278,0.8774618837062848,-1.15978235514822,1.376627741427918,0.4215614659155479,0,32.75259682985519,0.10550155495429422,0.8523946036914535,2.5410698226325588,-8.054740907282916,-6.64684196377198,0.8631886143859958,44.921270718232044
CMP,0.6361797304760541,28.950000762939453,33.61099511757813,-5.543407730183901,0.8058609612710932,-0.6694190630019635,2.728839334480244,1.9689108109945848,0,23.48485688467061,34.651166337641584,4.111454227771023,4.85072863162982,-16.08695430985414,-0.9238935153598724,1.017429340246089,44.88121546961326
CTS,0.6090108974067974,64.80999755859375,41.809913763559095,3.103768650694398,0.9578839342685304,0.3982251011199866,2.9316488156504352,0.0,0,6.943214872897433,48.12189733437941,2.7105355552279824,3.9246578468595623,-4.438221984267863,-6.046311603060706,1.2334671749846757,44.773480662983424
PSIG,0.5921704315398533,9.949999809265137,109.58571681231028,20.452754062427296,1.6477827439349744,2.599785002609614,0.30150485973116825,1.105533793458749,0,0.0,12.429371528325728,-7.18310191070908,4.533381319651688,-2.4509804377486706,-10.310959471915451,1.3859873959776259,44.715469613259664
HLIO,0.5725446139486526,79.98999786376953,42.99525159577868,-1.173712211524647,1.1328689544222406,-0.15833581955300358,1.1626457432190866,0.0,0,9.271446259201873,3.119760446609344,-0.47699206914132475,3.7495750679342876,-7.781877064976954,-4.74976563969349,1.2170072038308544,44.6146408839779
ABX,0.6197743107805954,9.109999656677246,16.556061764123896,1.0762198302022263,0.7177065655149271,-0.8312841055225161,2.6893512048885087,0.7135075356763538,0,32.11232576438849,2.5900849014224137,5.353318969785335,4.419787858976254,-13.526342773983494,-1.1306551777044391,0.8608390472320057,44.5414364640884
AXGN,0.6373634335292823,41.34000015258789,27.545736700688227,0.5032459588424036,1.031994567248943,0.5271096121170937,2.1891693048665744,2.4189646741286,0,15.033598879752727,29.187500475925056,-4.300020298967952,4.907906329817659,-9.797079421730187,1.0536396133811343,1.085065983338613,44.466850828729285
ELA,0.6391022297016208,25.280000686645508,95.35970776990258,2.770497070558179,0.9156055429404777,-0.1707671457593885,0.5537950389252009,1.1337029474651175,0,4.228468108251135,65.98819071450599,5.8750520138720965,6.6191802330912335,-12.525948026097597,0.35629136220405244,1.265352322647403,44.38812154696132
AIR,0.5716045756923052,117.36000061035156,37.93809807438999,5.767844236425919,0.948625723733912,-0.5996402349473428,1.2099507170656612,0.5666333606537337,0,14.054025092646336,28.486977573243205,9.523811804354967,3.567471412755796,-7.743100813563294,-10.372233974695533,1.0418954738546617,44.05386740331492
TWN,0.6262330974240927,92.83000183105469,75.10664733000563,-2.7030969956779582,1.9746437285557032,1.3522657817261758,1.314231602526859,3.0378106637615705,0,23.21229621882176,-7.429195292038607,3.7970597614569925,5.633953349260809,-10.265824485619083,-1.4134365495272725,1.3058616232628568,44.03038674033149
NBN,0.5902011897712248,126.80000305175781,29.384374326225892,4.2900403325820715,1.2411096337907328,0.5280115528919432,2.0820183959696044,3.8249198401857685,0,2.524700426817805,3.9770448748221665,3.4253312322030793,3.564669904489025,-6.495884429771269,-7.309759535542577,1.0730872506374467,43.96270718232044
BWA,0.6067851128077651,71.29000091552734,64.33336024545552,2.95490062314965,1.267111955953453,0.10051380605707488,1.7814619948567134,0.07014034382796615,0,7.6877030933663475,59.16230696326702,4.094757925604439,5.141379590289272,-9.553411327526057,0.3044736761623819,1.612770414239529,43.88121546961326
LTH,0.5922454423799045,33.400001525878906,23.852133407764864,1.5876916550433495,0.7659940868114893,-0.03922786470159317,1.5419142697762689,0.9131745246488385,0,6.7931611288222555,29.157002077631695,2.4695085270970205,3.6648845711492406,-5.462780088012066,-8.128837597215954,1.0020679118222664,43.693370165745854
MRX,0.6128126996462426,61.90999984741211,58.98406826304618,12.021757159199613,0.9896820519154582,0.46177088843249825,1.7606205059873659,1.9542883303282417,1,0.0,44.2199637390036,2.280034705333652,4.552102720166908,-1.7301589723342683,-7.977012369470293,1.4022729816115933,43.53729281767956
ALNT,0.5943033544265147,85.76000213623047,50.38319989692632,15.193362229827823,1.1899954756954951,0.5451489735688839,2.7168863957422613,2.052241245766492,0,4.855163809796099,30.416680733809603,3.1284701836860878,6.2724895531424645,-5.872021115379652,0.420029295264651,1.512386855893286,43.52900552486188
MITK,0.6352823503690963,16.010000228881836,68.4454783583057,2.163231949571244,1.134692990601879,0.7721754939360617,1.8113616740457181,0.49968721147635575,0,8.026249960561959,8.837526765977152,3.5446520451524908,6.12117429770912,-10.907062655851092,-3.3282872274019075,1.1190121556914179,43.47237569060774
AD,0.5719516979409983,52.349998474121094,20.860890644665275,2.434153580406395,1.7891294177316963,0.8166518766285196,0.1719200672578099,0.38204540356290906,0,5.418624240698557,14.17666350311222,1.1648194402262728,3.0672680893532562,-10.190431202621655,-4.972743009427372,1.1112641172759388,43.33563535911602
FSTR,0.6088195583249224,40.7599983215332,44.692951880055666,1.2306092496996859,0.5001484044513755,0.015572657116485585,1.987245845501484,0.0245297398054008,0,20.186738245379704,-0.9236778652009722,8.6202747939938,4.048086258475057,-5.3413910319358004,-6.848332338266509,1.1807412696328452,43.28314917127072
SYRE,0.6388848629848316,75.08000183105469,110.08760461503375,2.532588974129464,1.0105201320800135,0.01797264391946635,3.1166705924234352,0.38625587167145037,0,4.636971563989381,18.666036490687567,11.220679725619288,5.695829333136991,-5.607240423787735,-12.725677734216212,1.0662391112783935,43.25276243093923
STRZ,0.6419663054915182,27.459999084472656,149.67725087663578,14.52402976637887,0.7445663909104981,-0.5669129316551034,0.9468326203236677,1.4384507049164752,0,0.6595131612910022,149.63635529978447,-3.488938924464477,5.909635450910449,-2.7620421138091364,-13.695092157358374,1.20559877573899,43.19751381215469
BHE,0.6420531350884235,82.86000061035156,70.34282972537345,-2.903746423558766,0.9135581224829722,0.6044133902312949,2.6071609499911217,0.07240834920477965,0,24.03635330103132,87.44173094161671,2.4826094542891552,4.611072668765661,-7.315437140748855,-6.877815224817797,1.1426433067582453,43.104972375690615
ASML,0.5704556980925048,1734.18994140625,48.70567370444965,6.576077336513012,1.4248727107928474,1.19107787954994,3.7921275946933055,0.5847048432247706,0,3.5614561150529522,22.302735877344787,4.0435521696601056,4.548573936882824,-5.292966819065841,-4.185939739619439,1.4109508262165218,43.07044198895028
WEST,0.6228348730717533,8.930000305175781,115.97463038065354,9.752354577503576,0.8280793824058317,1.4038698662186118,2.23963944465737,0.0,1,0.0,8.24242794052554,6.705201725055692,5.771876747996018,-2.1905783870351905,-18.271598421855302,1.2217380259073274,43.04143646408839
ATEN,0.603948550335574,31.719999313354492,72.59545493310726,6.480354301214438,1.030276494988262,-0.3057947241734752,1.3556186059872388,0.5832265761073443,0,1.495195285324932,48.1269577543879,-3.622175584968892,4.34493710126038,-3.732932992617946,-10.375666374926434,1.3687993617700838,42.827348066298335
ARW,0.642198066674714,215.49000549316406,84.09869346077122,-0.6429661271695073,0.6338872776180645,-1.116961790226644,2.25528281298819,0.27379998219716334,0,10.030147712048256,35.8701117275863,-2.3875694422077003,3.9186412996676765,-7.633946560457716,-8.41587921758744,1.29534051291187,42.76933701657459
ARCB,0.6193720968226943,165.16000366210938,131.79651795642167,20.884752888458543,1.7138407604880639,2.289332176195699,2.7125185445486446,1.0371744965673295,0,3.246015667997705,108.1308695230145,-5.118667085521858,4.351190197926863,-4.856266405653825,-10.807929779117169,1.3969518681644653,42.76933701657458
MEC,0.5978798208888195,33.84000015258789,90.9449112517605,19.167518120136126,2.220264636636754,1.781126610238739,1.1820376006602826,1.3593353498371212,0,2.4370852434841153,41.294359391167156,11.299435352522998,6.368203699679811,-3.931861977258587,-4.462246607708406,1.6019485450898558,42.71823204419889
LQDA,0.6294370153260944,65.25,79.65669892026031,7.975277330104513,1.7069208821946096,0.40946623959543504,2.1915713488948128,1.8084295864485775,0,0.0,81.95760983993115,-5.971733496779044,6.073342977355723,-2.2911033351924734,-6.196703485511587,1.4601073750468672,42.62569060773481
ROG,0.6170309256798499,137.47000122070312,54.272119559680675,-2.468614497572222,0.8229456827057599,1.371820601969523,1.7531013180349306,0.5419328657646681,0,21.021645382387867,3.3609031734357266,5.511803819739138,5.1317665535478065,-11.691396648166725,-1.4056583620334666,1.3289031814028804,42.479281767955804
UTI,0.6387631770809652,39.75,55.195833965143095,-1.0627977051222575,1.4522403350299429,0.48762206962427757,2.0628923139712954,1.4971079316152458,0,20.496877010430573,-0.5504158468318174,4.220855893641084,6.820322261237926,-13.095761824503334,1.9454132359889773,1.203136348535384,42.444751381215475
BHP,0.5599963122024608,82.94999694824219,38.265060282845134,-4.228608361442511,1.334150243735385,-0.8391892012015563,1.6154266270926814,0.04821372827449859,0,13.826206764429521,17.200348439512435,7.30298570024468,3.1352785449802654,-11.472785859132243,-6.215591312834628,1.3000464704918275,42.24033149171271
ZGN,0.5537185381057048,14.399999618530273,30.163488343387623,3.481726464216575,1.894071551130106,3.478115283839393,1.423610618905987,0.6597174712813711,0,16.05484746600531,-2.5710427691517754,-1.0492341471199844,3.7301576368812657,-6.735751230893825,-5.380707740016378,1.2082597728852265,42.09530386740332
NTCT,0.6178714506083617,40.29999923706055,42.59592803617578,-0.8366154920376736,1.1664579295753328,-0.15975296356787771,2.208435251799943,1.0669982960438271,0,12.962368417314222,34.109817836592875,-2.040813067410251,3.792981554592883,-7.990867718916836,-6.0858413204919,1.2193201982865713,41.95165745856354
BFLY,0.6321332886021788,5.389999866485596,64.93740961671168,19.60501280860484,1.2989563404070936,0.37788252061295446,3.6289431839567516,0.3710571691691627,1,5.084713052125592,15.417554138646992,1.4423063693726639,6.458519343115282,-5.7692296460260115,-5.744132411326175,1.1296649779142152,41.806629834254146
FRAF,0.5534397956582269,59.66999816894531,6.596854568823374,3.7387289537747543,0.7919264735388214,-0.2196528743697162,0.0,0.44410825838086393,0,0.43714766096330726,13.40050309876745,-1.2299509093788095,3.5618523284239187,-5.044560750946442,-4.925342322016007,0.9914216110942047,41.802486187845304
PLXS,0.6068786785182025,275.510009765625,73.84894399184606,2.3246000075535687,1.0722428465926799,-0.07559832892289518,5.063297028131653,0.3811180259607661,0,4.639066581648395,39.42813828705087,5.467122382291249,4.369814415559213,-5.753763753013102,-7.7214042608445554,1.3407167719231075,41.64088397790056
AVR,0.6092295736588098,9.5,92.44279502109443,9.321058567101515,1.4231896324451485,-0.013431214658837868,3.78947006988791,1.8947300156054478,0,4.503825670364427,56.76567803852118,-14.925373556994584,6.954885783948396,-6.311640252370221,-4.109589679432144,1.3280466819213848,41.585635359116026
ALKS,0.5527549418119438,43.84000015258789,42.34631383705813,9.552072081034463,0.7828047483792244,-0.49855682533942564,2.303836981505598,0.11404935420935419,0,0.9712065419288799,23.98189874327663,3.369028165707181,3.864703000870725,-3.393567384852794,-9.51907421376648,1.3914079657335394,41.51381215469614
DBD,0.5507944099427318,80.79000091552734,16.85127429132738,4.737089881033646,0.5703441192458722,-0.2626899483066051,2.2928601465326737,0.25374653884024145,0,38.027511801040234,-4.401847268519115,8.744697337877271,3.6622638019924927,-9.275689896761504,-6.317936986711676,0.9487855432429524,41.38259668508287
HZO,0.6397815436579642,32.599998474121094,21.476406331649024,-3.833393529993973,0.7645960833096168,-0.695460006861433,1.257668302423399,0.0,0,18.422521118359022,8.666661580114758,3.424026179145281,4.303242001363461,-10.068969726284736,-6.187155592791266,0.8398964265701272,41.290055248618785
FTK,0.6242158583570604,23.639999389648438,35.60526100805832,10.64825383454676,1.314783707996628,-0.5662739357710379,3.214891067985723,0.04230215372083237,0,2.3567984570877534,28.75816232834096,-17.058821284468735,6.716823820456755,-7.439316592386591,10.743805141753173,1.3416106788768047,40.85220994475138
SPHR,0.642125098491648,142.0,62.127982888860544,3.805724024777754,0.9834231556420522,-0.47150186021648255,1.3380238707542218,0.6549351651857488,0,4.674557775700244,32.17909298734025,0.4633751483505989,4.734103780397227,-4.6979865771496785,-16.579093512110386,1.1675205939975342,40.65469613259668
VISN,0.5683988245380798,12.069999694824219,18.523224640043633,0.6714182971571809,0.7433230569418451,0.26452085392321767,1.7398512298192108,2.5269288555268172,0,17.663632002609788,-5.666278836186292,5.097709074624378,3.743637392720949,-8.698945150445619,-5.621805262126335,1.0225562694965915,40.545580110497234
TX,0.5919741730274767,47.22999954223633,23.69240734420215,0.4669160894305812,0.9894308160789281,-0.34952737466397304,2.118146417293699,0.14821023819857987,0,20.385488901674588,-7.825921164708668,4.551206575628405,3.8444685798737286,-8.699014188544243,-3.4043670923400335,1.238305687103134,40.45165745856353
ZD,0.6287849480828573,45.79999923706055,27.27785439464818,3.8760732371683573,0.926338486202716,-0.3492426682933417,2.532750800677155,0.1091686416863446,0,9.473412677053322,10.414657045310003,-2.6927841612730896,4.552402203314919,-9.396637134711545,-2.5524893994118236,1.1922551455267896,40.41436464088398
PBT,0.6362782491846692,28.809999465942383,51.569651998907176,-1.0494045669170833,0.5797736382418518,-0.20279134602578813,1.9264155343446234,-0.8677542680514759,0,18.049482882183927,2.742172039206246,-9.76479149096897,6.368602023931556,-10.606348957667423,-3.126853927843927,1.177053285211861,40.146408839779006
BAP,0.6205352410592367,351.6600036621094,24.449573457916184,5.687914391597813,2.20327788696981,0.41738960473794356,1.2000230838721968,0.821812006129643,0,16.317005642951244,9.931535077294647,2.028181340994258,4.568129139283233,-7.078264555050364,-5.638173557774477,1.0232333846185022,40.1353591160221
BLBD,0.6555050610580204,68.70999908447266,29.259996679801837,-1.34889922080026,0.7288842672232779,-0.4210605139230045,1.6300322108784606,0.014557031529030394,0,18.844234922886415,-3.006772111094275,6.750324796633693,3.9191626957896553,-15.703597983236083,-7.57075135084697,0.9670914382885211,40.04005524861879
NEWT,0.5601504057966259,13.520000457763672,16.644274972261066,1.4177508576487914,0.7084345760669502,-1.2381064366188321,1.109464596453054,0.6656815793933829,0,20.134481445010675,14.183829647707762,1.6067333055414401,3.201607207197911,-7.795231391749735,-8.987708517293148,1.0418607073786128,39.951657458563545
AVT,0.6441724969885925,85.38999938964844,67.85266461832089,-1.2492798936278535,1.2071483347783127,-0.8474558135330602,2.7403723901904886,0.5503010211119412,0,15.847329982979721,43.73889906387628,-0.2435694494209431,4.187991418779778,-10.02224002224293,-6.742909577185172,1.3368899291617664,39.77900552486188
GGB,0.5823945644234758,4.519999980926514,24.484244415040113,-2.7415580830915003,0.8832900024296453,0.5299910407332213,1.1061989144865483,0.0,0,20.589332309033697,5.26392529448138,4.068433831933489,3.4450060643770257,-8.537873976216874,-9.53757176990776,1.0993765517307776,39.700276243093924
ATLC,0.6343800155216596,88.58999633789062,44.82087895486564,6.852730945136737,1.3518503988611719,0.7881599255451103,2.6526679887551303,1.3093984429996082,0,2.4728341974066743,4.530969130200962,-0.6443299095686222,5.365003792490695,-4.956552721715546,-9.06079803865873,1.1162078900899288,39.581491712707184
XPO,0.6281397542092483,216.25999450683594,46.84239378137525,1.9240935413386255,1.1687862747748323,0.5512916635062544,2.582542705865472,1.5490571209670403,0,11.881075782425086,0.9381537954849737,-3.2037540263165485,4.523656732977887,-6.784485126334578,-7.4624485608940265,1.19787563380049,39.3950276243094
BSTZ,0.559835653842512,28.969999313354492,27.41852930848392,-0.7804900061407174,1.00118525880149,-0.6231114881118871,1.914393424538637,1.0006897925819445,0,9.278191108729814,31.383039548716408,1.3209751310278512,3.3565508679941374,-8.26472646160355,-5.752013009435453,1.4323142988219202,39.22375690607735
ELMD,0.5934485567934245,37.18000030517578,25.35952427524859,-0.1544149476836351,1.0326424450138048,-0.26940642928257097,1.5061898027956624,-1.3179070998774043,0,9.954138989975512,47.18923185991478,-41.06616858538474,5.77691675197922,-7.0499992368842985,2.3007373147441617,1.3596032706929435,39.158839779005525
CROX,0.5900560058058237,121.94000244140625,34.72668095115492,8.633486128676738,1.1356738780203668,0.6371380055821256,0.5207496502473731,0.1271106906612396,0,1.1682470931115287,23.847251244183653,0.21143685573479254,4.192635012876245,-5.801463641424908,-13.087501525715311,1.106007754448128,38.93370165745856
FTNT,0.6115217140578655,138.8800048828125,59.544994785394344,3.0053144758176655,1.0250225917563731,-0.11263896585713906,1.742510141016982,0.5976395462752683,0,5.205803927816821,73.08076841909995,-12.092734092217983,4.444227712179972,-7.456521553408233,-5.907650839467475,1.5656794201531963,38.90193370165746
RCKY,0.6354611505520469,38.56999969482422,28.25934755638555,5.4727395955142475,0.683829752193931,-0.35839623835146595,1.7630290654355423,1.0630019461900542,0,40.59839186136517,-15.492047300873185,-6.255705722181861,4.103083540125158,-20.177291210167393,-5.1832386528968994,1.0265058222815266,38.82872928176796
CSCO,0.6277458803969096,118.80000305175781,45.55486757915188,-0.6136328788541432,1.0522943630030899,-0.39950128699723314,1.1153172678402798,0.37037241590881914,0,10.383633131452426,53.82322180880826,-16.20505205898569,4.0187582366220145,-8.874735367552066,-5.292289984413225,1.6218158777572176,38.422651933701665
TNGX,0.6233603272599482,28.68000030517578,192.0313599558571,25.76465353444089,2.4930542095196375,2.324659709325558,0.0446311594775275,0.9065558790313158,0,7.141189951033855,-7.274490713634889,13.617024522567162,8.787806136767802,-12.534310751665684,-3.071317962914801,1.3470668701833945,38.28867403314917
FNKO,0.6597569273990431,5.210000038146973,66.9480365864332,0.05761652654412758,0.8326424485673896,-0.6314842310096679,2.6871375323159827,0.7274466549621389,0,18.401381482695488,-0.5725140128978407,15.342958670252942,5.453661849160103,-14.449919412932537,-18.954254012444522,0.972471514585206,38.274861878453045
CRON,0.5544862865537518,2.740000009536743,4.212541838446926,0.18281605444580534,0.8463271370920574,-0.46826193124997434,1.7919679558890775,0.0,0,32.77536470502145,-2.142855134996622,5.7761764214673255,3.4361300681987763,-20.116619346647248,-3.278685319556928,0.9815383372715418,37.95856353591161
ITRN,0.5857796466371733,63.36000061035156,50.229365906763256,2.403309805454384,0.8025061175446344,-0.8377579762972005,1.0101000370473094,0.5287232974120867,0,12.25568448588101,-3.340964667299298,3.9467028443502783,4.529107915094225,-7.232799737344642,-7.473899587139929,1.304944255293581,37.8950276243094
SKYT,0.6588518431147792,34.849998474121094,76.99249007975195,-4.907436225887542,0.6473627829268079,-0.6812738313890002,3.0129104246880414,0.43040952007134753,0,11.216922968610136,7.727975634751997,3.765102969387886,5.151873589543185,-12.722268450043034,-7.219248921103307,1.16876218569201,37.76243093922652
SNX,0.5775653132257828,267.80999755859375,67.84480331326124,6.454825446094599,0.8006490326749788,-0.13159138065128625,1.4166100133522046,0.10081364255708804,0,6.319504582569044,59.11292295054545,2.009527722945076,4.047214625308563,-6.441922250250422,-22.144502507246287,1.4590334819061215,37.58563535911602
PLPC,0.6607759659533472,352.1600036621094,53.447956304333346,-2.5851600112244912,0.7845980531424257,-0.2587064833104093,1.3881268978664225,0.39754483244033195,0,12.770107663077896,20.561450292165972,4.331281688659885,5.723623019522636,-11.370612848460217,-7.37372997032695,1.0696470084496015,37.578729281767956
QTTB,0.6296676391941469,12.869999885559082,265.2466791587666,36.212095063340165,0.8906793492413614,0.09393928169817235,1.7871056560835554,1.3209019253487846,0,3.2072395957246203,0.15563815948705545,-4.475047012009086,15.86469102693237,-13.333336329391715,0.0,2.0303202567775767,37.51243093922652
KN,0.6174382612200298,37.310001373291016,52.58965751134526,0.7398247757394794,1.0942328580462366,0.4905576963749297,2.5730341707630098,0.6566677500871224,0,10.898841015884733,68.74717477454783,3.347518596148386,4.574608688275416,-6.538068425111534,-7.892597803093025,1.3703461219568707,37.3743093922652
PDEX,0.6498606373665635,61.97999954223633,44.452099239021095,-2.389089863640315,1.8660512990001694,2.114531381855354,1.5650106461067987,1.581154484444123,0,20.134006121267262,-4.6461545503341695,-7.575219078267474,5.40727318559976,-10.160890764591446,-4.932546838694747,1.1940295756329682,37.33977900552487
KALU,0.659407644623285,174.83999633789062,66.17520134503225,-1.9245995277097694,0.7845194204728255,-0.09422989484215459,1.6929803110552784,0.8750851128658763,0,18.779091787576412,64.10738441449351,7.575414245882939,4.714105408526944,-10.07560411240506,-15.12561193211841,1.143795410284216,37.18646408839779
NOVT,0.617360782528546,154.5800018310547,27.16323514463226,-2.613274780152619,1.3296269851549791,0.8769913534178583,0.0,0.6727963077991195,0,17.262892475410897,-2.8959108861245397,7.305738240075817,5.162376169349628,-10.049463869065956,-1.936512965164124,1.2896401861737825,37.107734806629836
STRL,0.6240619742577891,770.25,130.55880429166461,-7.408465976169455,1.1784135497990285,0.7691040905461646,3.2443999005962425,0.003898642891913147,0,25.787007622706533,-4.435483870962239,14.454689738348058,8.668520401177144,-23.4100304659682,0.08625972625657147,1.7659103144442707,37.04558011049724
BELFB,0.6472233966965435,276.95001220703125,54.20827634737515,2.88329940444909,1.0376561046390862,1.0556246470998352,3.8274077040131784,1.231270450187938,0,11.506221269760552,3.058832614378428,16.26651274498942,5.554894755485206,-10.15991757963503,-6.313507514687243,1.1873570970919112,36.94198895027625
CECO,0.6397929273131777,92.29000091552734,58.1143712359131,11.816520422826473,1.4894107093125968,1.1595017129033631,7.54122944099839,0.1841999861925119,0,2.0867544314349287,53.81666819164863,2.647603895823432,7.029849328228176,-8.840287162049382,-3.3146253497757643,1.5706618032782549,36.44889502762431
CVGI,0.6562394153929222,4.940000057220459,198.21964288769885,-4.207871559872943,0.732345922581392,-0.11914834558094531,1.012139945514829,1.4170075068094874,0,12.87541686492146,143.34975987240819,10.925928556645442,7.272990386849928,-15.98639521710234,-29.78055774065076,1.0082642283608967,36.331491712707184
NVCR,0.626832795807186,16.649999618530273,31.341062173978095,-3.6932077380052712,1.0376321687834595,-0.4419108408070564,3.0630645077229373,0.18017285274701597,0,16.734396759083427,32.88108517982635,7.099941424944432,6.386100804073069,-13.506495487452788,0.09651810364790503,1.3027448805879809,36.31767955801105
MGM,0.6365947848588251,46.90999984741211,26.09563889941566,10.638097065955886,0.6201455513872487,-1.1876628851296696,0.9805992026414964,0.2025180580049411,0,9.673533956826097,-7.457089922331525,2.3848266441783723,4.390626883235958,-9.071526053969793,-6.372825732086093,1.118898883036812,36.04143646408839
COKE,0.5731807663178847,191.0800018310547,9.777555730973276,9.086655189271644,1.0955311079968753,0.4661497083303486,1.6380598978450633,0.37157562647044107,1,29.158421386700518,7.5840330917955185,-0.5218565820725958,3.755346910373028,-12.89402775332857,-5.9691118535049705,0.910796693591911,36.00414364640884
PRM,0.5544342231372632,33.81999969482422,12.87118078987739,5.241865671757724,1.0398132308867878,0.528069490351051,0.1404512441714405,0.9609721048565865,0,2.686524867595664,23.385625256701516,-5.1090444929982715,4.303772625091504,-3.0667804915783714,-13.533830205365724,1.0184757923648802,35.635359116022094
RELL,0.6357434004947617,16.34000015258789,43.806536983549464,-3.2649550946699546,1.0193589597495145,0.01812024119934819,1.8359806257080964,0.0,0,30.181946144734166,-3.655654276631625,-1.1243391373637959,8.025876340642792,-17.72407023870741,-4.4734459169646525,1.0300958371131013,35.58701657458563
HGV,0.5512001886621195,49.880001068115234,13.300616530543618,1.8042304942228533,1.6234299276365334,0.22510151380600432,0.37088523381828287,1.7842810155822322,0,7.792658089417194,-0.08012240043341722,-2.0381080993837433,3.7823614087769784,-7.320696114784038,-10.090279480499706,1.0010662249240159,35.30524861878453
TVTX,0.6402956412138411,46.7400016784668,29.589331408568608,3.450568903664274,0.8497980702678956,-0.22796444508323546,4.065043768951318,0.09628151909619595,0,4.450415288231505,60.563382679010815,1.353879152603392,5.053640636852248,-5.917871595390288,-14.49747017663863,1.0818833441605384,35.251381215469614
HYLN,0.6216949739316449,6.920000076293945,265.3243806413602,18.554053517364803,2.017703756351232,1.4597816153121783,6.777454587172491,2.023126325997106,0,14.973719963442775,15.525882146184417,-52.61194217098166,15.58938696342974,-13.174400770476211,-2.4096434844895027,2.305752507344788,35.16988950276244
LFUS,0.6349829875526107,439.44000244140625,63.492854460354266,-4.683405861433115,1.0355772529931209,0.21897636471584211,2.3859948595632936,0.6769993826189127,0,25.62639272267308,-1.3274323548484215,5.709842348071985,4.820582936057912,-12.212079027558783,-7.392834830944926,1.3077429282697424,35.168508287292816
JBL,0.6380181128401375,352.3599853515625,49.6784629138936,-1.913926172650458,0.8268533519225526,-1.2189694238680948,2.247705118902707,0.3306215449458889,0,14.982406784891603,62.99137275012413,5.086892498422944,4.748897726095631,-8.40655727299028,-10.251334135050566,1.28195256801493,35.12707182320442
CLYM,0.6485188350302539,10.800000190734863,489.9664809222794,-1.259398523331694,1.8704800502074153,-0.2296437754467887,5.55555015873596,1.4935245955192606,0,20.1520003823909,133.76624365630815,13.607882249289194,9.197287926898392,-13.461533757923563,-5.045870421719309,1.3208516716501548,35.110497237569064
MT,0.5939563851066424,63.810001373291016,40.433015414062254,-3.9186876618245705,0.9948480869985444,0.928515173176783,1.1910392099390754,0.3291065579800032,0,23.377800832013016,6.4836972587436685,4.333064464429697,3.844001098522106,-11.986205002191893,-10.95070347539506,1.2700840643244793,35.04281767955802
EVC,0.6567663449198574,8.949999809265137,200.45914862444914,0.6183218942469519,0.7416979367334507,0.1364523039380254,4.916196533084241,0.11173440328307324,0,17.674516815972254,16.38491212620685,0.3699104098332788,8.45969645147141,-11.561265705624024,-6.375840803376022,1.2514825953074273,35.03176795580111
IMOS,0.6262330974240927,55.119998931884766,82.63209958663988,-3.536023167992698,1.002207029134504,0.2226711609985145,2.5489887902663066,0.0,0,26.89399905496928,-21.548537921724716,8.582086949603598,7.904830182544993,-22.355260472208897,-2.2146472238513937,1.6165837103297025,34.777624309392266
CAT,0.6255228492765942,856.1599731445312,37.42167237264156,-4.168133909378684,1.1866933746770956,0.9435896538066152,0.49757170379896726,0.15884710734209107,0,24.158836570120666,23.990331329422485,5.699781765889999,3.9946650046045336,-9.576169144267123,-8.541720227422617,1.346621485618882,34.69613259668509
ATRO,0.65742630489523,82.33999633789062,49.672620218095375,-1.3301412933550614,1.2292389456416857,-0.44820771189196956,2.179983299437558,0.7165367550690057,0,9.475677453949192,50.28288914310431,-1.4311207342207406,5.287743928715577,-9.167131878673224,-15.259952154440867,1.1320147309685569,34.68508287292818
SNDA,0.61343758901096,35.849998474121094,11.092732810505556,-0.21849370458346135,0.9421193911311538,0.16763672786234202,2.5941432210134563,0.8714109655761668,0,42.79731433772871,6.664676652856075,2.4784434143134693,4.724525946129328,-9.606660080316566,-2.464001464764902,1.0981430467455806,34.6560773480663
MKSI,0.6434075241154101,316.07000732421875,85.86893784930962,-0.3075119618670468,0.872118527292278,-0.30941415030953956,5.147590292213631,1.8065687475309702,0,7.594407856314972,35.554190456760956,5.671745731770236,5.9995592241447016,-7.53049659698362,-13.161023887775697,1.3426999960582333,34.62292817679558
ST,0.6243175309613143,47.02000045776367,33.39833426717027,-4.971704667917894,1.0412872094898449,0.19557108335135215,2.1692906163584746,0.4040804441837731,0,20.929559919113856,31.435083004897997,-4.550575547404089,4.482893359185129,-12.748188921072657,-4.791858308397705,1.3425274246100527,34.62154696132597
ILMN,0.5637725299248023,162.47000122070312,20.95916921456866,5.809528878020295,1.1969697416229426,1.1407886408812453,0.4985520726921424,0.19696394522831007,0,5.713207120655552,20.54459318295689,2.759097018966579,4.344977350970983,-8.322988318653533,-4.660214383362853,1.2768221059168643,34.58701657458564
OCC,0.6193045775237107,26.920000076293945,192.3924806070224,89.8716323568809,6.476525008813464,1.3463075062299452,2.1545316569120807,0.2228806306467666,1,0.0,41.684210925668964,8.377901172927169,10.947780551787131,-2.1090906315816866,-17.04681979746901,1.7679137368344073,34.40055248618784
GH,0.566863795652129,130.6999969482422,18.749352948507592,9.886411720862158,1.0095144262349418,-0.341008761876576,1.9969400698342525,1.1475847157510275,0,1.9849408446910732,66.28498662199347,1.7510505875847817,5.191819360883712,-2.6660722844599754,-8.236666304868173,1.1475424047322365,34.353591160221
ENS,0.6626032171234861,220.75999450683594,43.86560654830829,-4.415731023045268,1.1800561665348288,0.5525341707072866,2.717883742195432,1.023733721263396,0,20.123741670684048,38.79238941319275,6.546593778985057,5.169479727435514,-9.635697196384518,-6.627118220969621,1.2676564455823587,34.27348066298343
PDFS,0.62213057613777,57.599998474121094,79.02789573295097,15.122864839293658,1.2675521003827745,0.8304766503585672,4.305554874810462,1.5451378701561094,0,2.5676229508196724,25.081431982987784,16.44749939640098,6.661706677058185,-5.372105331181578,-11.398971699035922,1.4751400385611657,34.225138121546955
DOCN,0.6350067261566648,171.47000122070312,239.7553945226232,5.665982548731478,0.6971395511435016,-0.5603498425884416,4.51099350046108,0.061054733196422066,0,3.263448518738416,91.84382019348017,3.6604141430277384,7.89199644362885,-7.042179887396204,-10.559239881492665,1.410221284215582,34.10220994475138
KLIC,0.6526778618435449,102.02999877929688,105.12925540498712,-1.3187492248245012,0.852491296203406,-0.3773196508146458,5.655203706201738,1.3231462507635805,0,14.582155307216096,54.14037538024604,0.38775229940213385,6.582797769863677,-7.898537729137671,-8.723093234664029,1.4867053469445062,34.09668508287293
AMAT,0.6223718682805576,497.010009765625,79.08406053574501,9.083966663457254,1.4425748616555172,1.287704549587826,6.523010158881398,0.42856377959322406,0,3.1109663012424953,94.31710987871956,5.633113563192409,5.795945477107067,-7.003591143014202,-9.652761032041466,1.7283157870370012,34.074585635359114
ENLT,0.649125160960005,89.94000244140625,118.30013195717044,-5.39950381063815,1.1858951346596338,1.0233786690311577,1.0896190019131322,0.2890839772847049,0,27.003529034327876,28.43067829341603,6.4403118140256055,6.369880181742406,-17.220431497043275,-6.830569858833603,1.3089814876459236,34.074585635359114
DDOG,0.6259790379676993,227.6300048828125,40.82480051485866,-0.4256265209260086,0.9143570657499795,-0.682950453435018,2.913193224798101,1.6561983005646523,0,8.437394001260287,20.611460835947618,-7.607277817984144,6.552527480777724,-18.325822697839172,-0.6303457148057939,1.7256838362377183,33.959944751381215
INVX,0.6364656803148991,28.729999542236328,18.466547677173374,0.6339965015774228,0.7638363256106807,-0.6164118552344251,3.2718431917932764,0.06961523871092586,0,9.520371428857937,7.845346097573685,-13.279822728124921,4.723783553796763,-10.91473010125434,-5.15463917504517,1.0661766956588294,33.89364640883978
SAIA,0.6240301854731016,463.70001220703125,33.12696578467662,-0.3036876700176174,1.0830981774903934,1.2659600258728512,2.4800516923085,2.0422689177015956,0,7.773237502488045,21.501937535028,-3.211642114080985,4.767550907021435,-6.268314726528024,-11.785355922414805,1.2132230780364832,33.790055248618785
BBCP,0.6351581834749522,10.6899995803833,60.05203689867107,30.365848158512225,6.046385075839423,0.5725774122854131,0.0,4.022444979795053,0,7.289945937828503,2.492802181928696,0.5486963245109934,6.2795667884225335,-10.76794666975873,-4.726738146464746,1.9073734347072346,33.697513812154696
NN,0.6390437917183466,21.549999237060547,27.04920490274123,-0.46764387252693385,0.9942644008538855,-0.048710250417781015,2.1466390921758824,0.48723687215210243,0,19.490843931646342,22.652245937045954,-13.645417238009646,9.259065267386264,-11.752665152126534,1.342507342642011,1.2309199825146842,33.52486187845304
LRCX,0.6423638791410423,321.79998779296875,91.25699254952184,3.53158865818642,1.2892922111176617,0.6304136062034437,7.728742912794523,0.887190981056808,0,4.7274260719745165,87.02358035690868,5.483330758881616,6.143703116274849,-7.81747080441377,-12.21428215986244,1.5083049697646074,33.341160220994475
SVCO,0.6219523183572185,11.479999542236328,193.02026606122843,8.358106330841629,1.8209672750877839,0.07107192054430386,7.533977555764201,0.2665553049482155,0,15.195609300595525,128.23059765620619,13.133204863401705,9.682988842010053,-18.81188639542306,-3.6619751033457435,1.7329199608883878,33.20303867403315
ATEX,0.6475975818106987,64.77999877929688,209.89916766100336,3.396538221219146,1.2975670546451903,1.9818987860403774,3.9518332923655204,3.405992384214522,0,5.4297140810601086,88.09524204852202,-8.350228164448614,6.60635907169114,-9.769618720350016,-12.77062108230685,1.4277388578670285,33.09254143646409
AGL,0.6411074904101807,101.69999694824219,479.44848514498517,15.140326803987724,0.564538875227698,-0.12001316972391128,7.20255375415404,1.1406057694316256,0,0.5726100781323893,67.65578173984183,-26.833471076759768,8.412909703267664,-7.110566395980103,-106.72898367762104,1.2955266128163263,32.848066298342545
CSTM,0.6601518185816769,32.650001525878906,79.85280593893738,-3.433789124643991,0.7521886418919698,-0.26179615810230183,2.235529329168748,1.255742199811475,0,18.0614861962869,25.62524745346682,6.214354598527573,6.1933714434730325,-11.732900663794863,-17.60625094164127,1.2072658376731416,32.75276243093923
VECO,0.6552331945208743,65.94000244140625,98.44628368750857,10.159797408965842,1.6114975759469885,2.8070944943189313,8.340915675282005,0.6521084156030399,0,2.878572695950295,6.337694285092348,11.015295409211781,7.078944974345215,-9.708334186366535,-7.005784674720501,1.5767815033334367,32.745856353591165
TTI,0.6044085112261919,10.380000114440918,17.592741585094963,0.7913783655474493,1.1233973420838315,0.5777896614371969,1.6050118063884071,3.4248483971526835,0,31.858608092160377,14.569532379054442,-0.5847901032948984,5.998211066604122,-17.224879216990672,2.860556793121961,1.2676090887343892,32.67817679558011
BAND,0.6272569761361029,59.310001373291016,286.58376701263666,-3.2471163293582626,1.265023330825166,0.5107316992472533,6.632768538071899,0.5058220279992343,0,16.426184894780803,61.1246920944549,-8.98058771166272,9.832950039742517,-21.93998584747621,-3.82830543002391,1.927574883819584,32.60220994475138
NVT,0.6387286706734028,156.7899932861328,40.155676515827366,-6.009937515494903,0.964845957158289,0.17300766507179893,2.07609658377546,2.410867364714076,0,21.74161281937779,-1.340300092713771,7.326935318654769,5.115992619424363,-11.915734108847209,-5.472286387309916,1.441871040215757,32.571823204419886
PTGX,0.5747427580250345,105.7699966430664,10.478040828883772,5.329717987878706,1.1913572749122896,0.03393595528552956,5.370143221512926,0.3592675290486418,0,2.6878216762800133,23.289422443274436,1.5807846422071707,4.779103419625626,-5.0964562231101995,-3.885047708694399,1.250710375291647,32.52486187845303
COHU,0.6171350906963718,54.470001220703125,109.86189368554575,7.126353248081335,1.046070993954668,1.0371624762876472,5.176978978241231,1.6339257750811735,0,10.538590451996726,-5.41760535433926,13.28061491779595,6.977614793881694,-6.841114958819711,-15.465360699574617,1.4501931945766213,32.491712707182316
IBKR,0.5836114942262813,85.41999816894531,23.350303207419465,0.0846429147277805,0.9940067799473218,-0.3819021528948302,3.242805352149437,0.9014243263439059,0,9.999356835105935,12.926589955042434,1.347678135034635,4.2696048453001945,-6.152492507794613,-6.939870761169577,1.4202326589539334,32.40331491712707
BELFA,0.6498427417963344,245.47999572753906,57.341110146508754,1.6244663662378187,1.774237108520211,3.409307630984359,3.183553576096397,2.1834775556533947,0,17.811386640870154,0.22045941077337228,16.697001736496034,5.956698412359005,-11.125591643351406,-9.245790462579981,1.2802426949466739,32.33011049723757
KLAC,0.6242986243807371,2135.639892578125,68.12718944203844,9.608245308056151,1.4079103045169838,1.4324254107776153,6.745327651149771,0.6124550318536623,0,1.3068918650056451,49.94638148745354,3.784384045412163,5.949023833805352,-7.323627557472857,-12.026061961907041,1.6329630461938343,32.28453038674032
TXN,0.6445698919378517,282.010009765625,50.954087631666134,-6.904039820800128,1.1122305568122917,-0.08855439934117669,2.5424568851615263,0.06028630965087664,0,21.437732675690476,0.4297625568378933,-2.418939528416306,5.124439124137639,-14.931675829289981,-7.145160634797286,1.3521238908935,32.15469613259668
PRE,0.6167641779986105,19.25,27.708745814679816,4.774734070776586,1.3793134367972277,1.2704335433972314,4.204668317303898,5.870125510170911,0,39.72763618190904,23.318388360966708,18.7604226945614,9.079183320167557,-18.53575673355694,4.260653378049697,1.3024798810207565,31.78453038674033
UCTT,0.6490921635357328,90.9000015258789,232.2075526907047,5.782547598680879,1.1525007114923795,0.16113689132418305,10.374037565210989,0.0,0,3.3912337515017272,49.80224302607238,7.241829933083138,7.91686298198771,-9.398983487472604,-13.419216464072653,1.3920321606233197,31.730662983425418
CYRX,0.6265416611241623,14.770000457763672,47.779274604944064,0.9224497130354427,1.1326734785733765,0.33864621629109937,2.708189614800835,1.0832823027536906,0,18.781453610361744,-3.1475379816711655,0.07668887201168352,4.705484183359457,-11.715476019035833,-16.730040479481502,1.2891029394023699,31.388121546961333
DGII,0.6578191188601338,64.37000274658203,33.49047986694214,-2.28536820292421,0.9757369209617748,0.05935942339360608,2.532231138485072,0.0,0,13.58129132376151,46.76243011935163,0.1300146561729477,4.7138189834410875,-9.069074849307475,-11.533536012304848,1.2671007070202962,31.34254143646409
SHIP,0.6439494641730305,15.40999984741211,45.544955948358165,-0.5517731130537615,0.6930200428830808,-0.6561503258444011,2.011683469605242,0.9733914341714275,0,17.22108853045593,16.277815979592244,7.893134736973106,5.367572095285884,-8.328373961483077,-13.905079469847573,1.3121627818308106,31.31767955801105
ICHR,0.6510944758575732,72.16999816894531,301.7137277729102,2.853516871800942,1.071819340944284,1.2425238442051627,11.87474007501518,0.6922589499142197,0,11.185708936320184,59.421244618021994,11.872266775448411,8.341968926001893,-10.61431746527664,-15.97815696282449,1.3057859205059916,31.185082872928177
DFTX,0.6435268359148735,23.239999771118164,72.05059765680204,2.650175407927392,1.509380999100323,0.6732373687932568,6.239246029077287,0.043030245180267,0,10.48543461553667,82.99212692376399,5.387520783626024,6.440558777179879,-11.466667538160644,-17.599999563028884,1.2421686488967094,31.172651933701655
TEO,0.5773759343198996,14.229999542236328,8.972420043104524,9.486802104543019,1.1229274323761844,0.7171995721291062,2.3893194905230786,2.740684484658388,0,5.348219646818528,1.7882690140784208,0.9409722892755623,5.591807924912233,-6.688527591454338,-3.0575553602195096,1.1577348638054237,31.142265193370168
GIII,0.550516827041643,34.06999969482422,8.911972770070342,7.944553162141224,2.225860004702789,0.7860684171674829,0.7484621966301003,1.291454742111174,0,2.308233661211444,30.577981350419876,4.516346980441617,3.9760573640644794,-6.734188794442288,-4.183632547757091,1.3562911922971763,31.13397790055249
BURL,0.5574934275298542,327.010009765625,17.586686875756776,4.727151038804625,1.009360314924289,-1.1684081457711817,1.2629597747665071,0.10916932761814353,0,12.03159460018101,8.814728377572195,0.9554730277640344,4.7656239084533745,-7.059825467364638,-4.860800781234445,1.36361539347392,30.89779005524862
ASX,0.6479547510114678,34.29999923706055,111.19750419985898,-4.436861990628116,1.6749110846045847,0.9532909643545786,4.693879434740763,0.6122422423835903,0,14.282294137218862,0.7934189463444831,9.889146762738243,7.600998560980495,-16.545010922997395,-6.223078900572562,1.7069167353343961,30.40745856353591
MLAB,0.6246658096091188,107.22000122070312,31.240519465832328,3.3450350867151415,1.547487810441439,2.394068755894879,1.2311132995557443,0.8487256591498481,0,6.593443571779495,-1.6600913315985837,3.722636316805197,7.138342641375983,-5.939114632757427,-10.685322569523272,1.171199483976577,30.299723756906076
OSS,0.6498427417963344,15.760000228881836,107.12126652611363,-8.310787217375454,0.776756302029764,-0.4806602311417514,3.86992076128032,0.06345322802010464,0,11.282074531543715,2.8049596039644227,0.9003237401705428,10.454540432808036,-24.52106866584556,-5.686544316033279,1.2904788818621697,30.194751381215468
TSM,0.6260265106106219,408.75,29.435469092589916,-2.0330394194760495,1.1143875126847114,-0.2822324739600653,3.025081529522416,0.2568777475146621,0,13.394503002623981,19.980608065366557,1.1754967383386894,4.53840143246232,-9.198952222574572,-9.105847495774942,1.4121357668189547,30.093922651933703
HUBG,0.581470036691136,44.439998626708984,1.8971293878450757,6.9401846639997755,0.8557308404465045,-0.3150181907735887,0.438793206223534,2.0927100222633954,0,15.236172869360946,6.59670618981313,-4.751503600247261,3.822223089247773,-16.019571713972322,-4.90223955893242,1.0466506109901685,30.08839779005525
SILC,0.6614117607615001,44.77000045776367,198.8786493548546,1.8066890500055295,1.068947603687185,1.5521998941290218,4.154569111663857,4.422603354806859,0,17.674556439278064,131.13060669451275,-0.3536104015798444,9.828010092691459,-14.853558579622861,-8.747506202950966,1.3331745499338126,29.861878453038678
ADEA,0.6389052325900283,30.850000381469727,136.22641332653032,5.99311290178779,1.519321833290791,0.526851634473263,5.174714059835533,0.713131986954979,0,19.210276598705693,-2.9285951990570647,15.266194757829835,8.025749546065322,-9.995529089673878,-10.289670359620027,1.7433770613393051,29.821823204419886
IESC,0.6474959826255392,678.2000122070312,46.52613002481829,-1.6505643297038173,0.8182729993259635,0.051539948132045245,1.6477421987336875,1.1058684554696598,0,11.365636582251806,78.33758367757255,6.716458443584769,6.2200890102226625,-11.692706743860914,-9.089467034645946,1.2997005248287499,29.78867403314917
STX,0.6496077567338232,815.989990234375,180.432479859068,-3.1107073865969364,0.7523131348400719,-0.37778715126371304,3.984118696878546,1.1654566697419666,0,8.848643756638573,176.541349759099,9.328636664897076,6.534743663090353,-15.598882857116081,-29.327045413626234,1.39628343218612,29.726519337016573
ACLS,0.6485188350302539,157.42999267578125,66.01561676106826,1.2486410454433277,1.1173448746489196,0.19368625809913026,6.571175571317213,2.14063093054093,0,12.116247031929971,91.96438065365201,11.389509856168976,7.08228569722704,-13.590213202534049,-7.121533141216234,1.4184295299366352,29.689226519337016
CADL,0.6649260271512132,8.350000381469727,46.492390183917465,-0.13753143465245626,0.9832297407581355,0.1557348521913243,5.449100633112507,2.9940118389079173,0,16.918110240859164,63.565139072213526,12.1559677412294,6.924721488769568,-12.74816459907337,-10.491066698342133,1.1681001092722347,29.569060773480665
ADI,0.6395265712753212,392.6700134277344,34.784776461289304,-4.678037437803742,1.2368776155101966,-0.08278197716135274,2.9146629314224173,0.06621584453435458,0,28.01940457369718,-1.0813771225617808,1.2724880132930274,5.0826173590503645,-10.695928467940547,-8.020453815987457,1.3931483773201363,29.4585635359116
GFS,0.6530265360136915,74.81999969482422,80.70622617995393,-4.197902990760084,0.8257544041820735,-0.32584095109415456,2.4325042799028433,2.004811555864944,0,19.528217937763447,104.25879746672754,7.5814291128813345,8.896686323518523,-19.15721531292297,-6.162395290423974,1.3753320256362271,29.26795580110497
STM,0.6588023843430172,70.73999786376953,168.3346485363881,2.343006874600219,1.41613132555017,1.4466760539877734,2.6010692584527115,1.003674167236942,0,7.5896286393319325,42.30536947533906,-5.696528948073805,6.976250130750336,-13.117170898092828,-13.920819453050203,1.7004862053444727,29.08011049723757
POWI,0.6557009793270242,74.62999725341797,95.0755225422147,-3.1963521743298666,1.0070472048267622,0.3667685962133196,5.051593744012579,0.7905721412179592,0,15.27119053154203,105.4350522016821,3.7089356627182943,8.300802887646785,-16.146070501596146,-7.7903035844809745,1.379708095038802,29.031767955801108
OPTX,0.6379378349794409,12.800000190734863,724.4502327910983,22.946884495028264,0.6304341966167878,-0.13792710761368854,4.062496064844798,1.1679678980396477,0,1.2563250357756182,414.05623042450117,-7.162924677071958,14.303291269449167,-7.514450508032813,-33.231704985085976,1.4460114966981992,28.9585635359116
TWST,0.6351581944616396,67.7699966430664,103.61654579127439,7.985366979587413,1.204397526426076,-0.3917416914576677,3.4971155888274708,0.7820551948386129,0,8.403296801765805,18.045631114804543,11.528151340252649,7.581314153342138,-15.813668766180692,-15.857607203785618,1.290206676015626,28.954419889502763
NVMI,0.6479547510114678,508.3500061035156,46.02158705950055,0.3472243421629643,1.5878807144292242,0.5808133199033921,6.367653036469951,0.6865329384214596,0,17.384065080443747,6.850091573244466,4.1971678469797356,6.7516760740483726,-10.026547592280373,-7.533328542826719,1.4061641721156424,28.95441988950276
WDC,0.6474959826255392,490.0899963378906,182.15662857581677,-4.381738953066961,0.9453515533325172,-0.6779342276325587,2.53422493887592,1.1406060886060645,0,8.744848846159579,170.84846384226014,6.73978246511081,7.150605919895294,-18.641454111180337,-23.95597685886401,1.3222933557239296,28.95027624309392
ONTO,0.6577487762355465,269.3299865722656,61.07776500331694,1.107055701312156,1.0494851819070583,0.4799202966373263,6.100320608493334,0.4381215366304032,0,23.708418082802964,8.56577901655965,10.743326022866768,6.544016960128175,-14.768991591008445,-15.76583487300884,1.2555013900868832,28.888121546961326
CERS,0.6450827223286631,2.559999942779541,30.179760961126824,-4.602200463621029,0.9136319404863776,-0.04429983328287913,2.343757129523091,0.3906246360495234,0,39.673574206252816,-5.882356032680491,-5.882356788766054,6.305803020534626,-18.730163001209952,-6.35838225599802,1.1563733337777216,28.854972375690615
PKE,0.6492741462140507,33.59000015258789,64.77189743431275,-0.5757071412544376,1.4217671126072313,-0.09758494070951314,2.411436051168032,0.37213456215673235,0,15.280273001207211,5.396922711037795,0.7153438724888778,6.707992120889091,-12.068064183661937,-10.436149490364723,1.45903395469449,28.697513812154696
VICR,0.6604804928458534,275.510009765625,172.4484605015012,-7.009159931640487,0.986226784779663,-0.11854103603107637,7.600439614359439,2.6314833374443363,0,14.39559087049851,67.44257992392306,16.784605444992987,10.47822812501622,-23.869131887070367,-12.38222504505522,1.1865674826998533,28.661602209944753
KPTI,0.6424294185252392,9.109999656677246,47.95029671581612,5.384924103898374,0.5866685455248513,-0.25399358827738594,2.469817672057897,0.9549933749466102,0,12.61255816764368,67.4632272091799,16.208639121507524,8.123725870053622,-17.106461814589967,-36.03773166632479,1.0306401368142764,28.598066298342538
SNDK,0.6393780192376064,1643.22998046875,622.083413963427,4.519467250995231,0.8054036416918666,-0.9227232345625326,7.389100936455023,2.154295189036333,0,3.259727476030435,185.15921569924484,4.733404467170535,8.689432107056207,-11.701774289690112,-24.157203107899942,1.4470201608567166,28.573204419889503
SEPN,0.5809874000957731,30.469999313354492,10.654251498490952,4.405627150332052,0.7874967636979644,-0.9088451658286804,3.2162768765624747,0.19691325005746527,0,5.342405393496555,22.467847029424792,-6.723027640773707,5.94261490805509,-6.619680306431909,-6.6094462055249865,1.0619970813055215,28.343922651933706
TLYS,0.6551958700406562,5.179999828338623,187.59954230768895,14.538414854801275,2.3753720989098257,-0.13182333428946905,3.281854862834054,0.5791454432349227,0,4.660321062576302,115.83331755606659,-10.997443918364343,8.811363805736114,-12.203394157096797,-16.16161263027307,1.4321191508065183,28.118784530386737
RFIL,0.6567126460679709,16.700000762939453,173.01338455842824,-5.812015709628276,0.8883694915527288,0.09413706356957767,8.143704435868015,0.0,0,15.30025113647201,131.62275552380245,1.4457817204125705,8.9007659905233,-15.528576750555134,-17.333329027794537,1.3240533949265927,28.030386740331494
FLEX,0.6458384458981496,139.49000549316406,99.81083800314646,-3.109737257992826,0.9899446862177576,-0.08836085262126714,3.3264027578252295,1.2187340598408498,0,19.031833490865743,3.5329992700480104,9.592670407034811,6.736785656816982,-16.402969565448693,-12.613504091160083,1.6497428266764367,27.99171270718232
QUIK,0.6513810032058187,19.600000381469727,206.38040482779988,-5.669456123229414,0.8724925893806589,-0.018378418220749662,4.591834698815795,4.489791548951572,0,29.25107176141659,24.840768276026672,5.931754362010385,10.710640273429265,-19.44101749640048,-9.592060801938345,1.3463794486768086,27.897790055248624
WS,0.6204333288360872,41.08000183105469,10.90896667897261,0.22690640757790062,0.9782295196474707,-0.3379650809069404,0.7302897720995728,0.19474641549860436,0,23.311071340230185,30.206031138338542,3.9867143640900724,4.088537851383667,-16.042061259191527,-7.799442286193209,1.0503891723130803,27.812154696132595
LSCC,0.6390672063818066,132.3699951171875,64.76730067374714,-4.871418946214013,0.9811543551716375,0.3326840878992717,3.7999538904612065,0.7327146974008047,0,12.469159872311998,25.14890736324262,0.9487382910798398,6.650722931247427,-15.049423119386526,-13.502105818256613,1.3780449884764763,27.772099447513813
ASYS,0.6583997887894762,19.309999465942383,114.21958342657408,-7.359434346145154,1.1568315920817118,-0.3698445587533941,5.12687622189212,1.631272063203544,0,20.828233947473983,73.65107611451221,6.154575689236586,11.465190491387743,-21.183675648350125,-9.45945226018924,1.2602132470791827,27.645027624309392
VPG,0.6375845866003433,122.25,215.92587107434423,5.454295165254627,1.3447069779889944,1.1674817205372092,5.758685714580961,1.2106366927783128,0,14.514141683884056,22.74096573559347,-14.467684115256702,9.560035663218029,-10.248884829064082,-14.872171070613474,1.8894435772612022,27.627071823204417
TTMI,0.6557009793270242,172.1199951171875,121.46643350412273,-2.4746822765282324,0.8759781758433018,-0.43276927922298264,7.971183830955946,2.6654034341518624,0,12.478782661500162,78.39965705601729,1.193680791469516,9.31773869613008,-14.23161182021418,-12.458941993215982,1.3701829913591994,27.617403314917127
ABSI,0.6407551180211859,6.380000114440918,78.20890564126155,9.749280855587585,1.1225269111521927,0.6978002792212042,8.945143546759612,0.3918510174776682,0,7.409354736247586,31.5463966923273,13.538747001211387,11.01959281780326,-13.667114616448895,-5.797104577013493,1.705256924129139,27.604972375690608
NVEC,0.6352686647229022,104.69999694824219,48.49840519545017,7.643942400547167,2.3695234377784526,4.058576476474837,4.307547533565723,2.5214894618653045,0,13.848456955584998,-0.44689667099132685,9.361071832600826,7.534452041961859,-8.447012600969247,-9.967684697245469,1.5027118017774321,27.51795580110497
MTSI,0.6621781054159537,354.3999938964844,84.29139706290596,-5.41451372235836,1.2990607532380827,0.07502935744543844,3.625848285774149,2.000563335207482,0,20.476388794926397,79.39761499413297,1.0420108825470227,7.172485322549144,-15.397469787451183,-13.127117895257342,1.4783454060709162,27.4682320441989
VELO,0.66564950563876,22.68000030517578,273.1808845985641,9.610228421300716,1.7638862810675728,3.2769571453904547,4.187832797667011,3.2627855428937607,0,5.462606818633412,7.948596182872758,-20.839255077155606,14.334781417321004,-14.415093187471953,-10.578034706349678,1.4217570361409069,27.332872928176794
AMD,0.6474959826255392,452.3999938964844,97.8854085594126,-5.104016877780056,0.8615004821362853,-0.6463550453441855,2.095466190073337,0.8996479617860096,0,11.058314287683736,125.9853081462636,7.637917441661128,7.4352652321895,-17.209576188528313,-13.002451727199235,1.553408410621908,27.067679558011054
AIP,0.6479547510114678,33.5099983215332,77.60478866482765,-6.202768247934736,0.8925748941509958,0.37663457748204976,4.715016144874718,1.730832169766704,0,28.684257073204495,-5.738399322786139,-6.04378373718179,7.337681224352495,-14.054893872496327,-20.800005593502654,1.3759365222898363,27.062154696132602
FEIM,0.6496692854220404,66.62999725341797,96.11241993701111,0.10741973329999067,0.8922386865852019,-0.5699445498987584,4.097258696423822,4.772476743327538,0,9.548006358010078,42.798965861302854,3.8971782816173013,8.983499562734142,-12.719412562410612,-28.764568096474985,1.3173831941344838,27.033149171270722
SKM,0.6479547510114678,37.810001373291016,79.5375400487566,-3.9843529503122603,1.6084610545196454,1.1888993052656407,1.719125898580041,0.15869180404688818,0,28.6137398902234,-14.899839942077572,4.9398523680614685,7.503684511417321,-19.86010782339535,-12.338338706278394,1.3793539181425707,26.96132596685083
HCC,0.5931413803054533,95.2300033569336,13.985621935151604,0.9343051667859256,0.7464659736408111,-0.9676326701327099,2.47296363949713,0.24152404580843922,0,20.28060239880632,10.475645856470987,3.70411949280207,7.143682331987687,-13.733124482650469,1.2842291447975065,1.4180427452711788,26.924033149171272
MRCY,0.643905654479914,106.80999755859375,41.75230822814928,3.5668032567987935,1.1506676316989488,-0.41942963729574295,3.033329047529423,0.8800625723142222,0,10.303075197633724,38.498435884641616,-0.5199343138161915,6.09024771782454,-9.918193612548883,-10.979098342147758,1.659810240841855,26.779005524861876
IRDM,0.6510602330259107,45.61000061035156,153.1539795594099,-3.3194828458118697,1.0613335826400156,0.26152049774335673,3.1571993146402044,1.2277955516062327,0,10.146078491393572,169.28914004610647,-4.584733207782069,8.134180179307855,-15.270297122316427,-24.692282621624365,1.4449947271823729,26.752762430939224
SIMO,0.6513810032058187,251.67999267578125,165.93478072114925,-7.173169793691553,0.8905272636627423,-0.32783444409403945,3.9494243395966544,1.8515166028991372,0,25.22614753797126,15.95162426888878,2.2380246134080193,8.775027780496401,-19.93383100843314,-10.962545734866696,1.497348884411514,26.72375690607735
INGM,0.6093210906378385,28.450000762939453,24.497121441704884,2.481902646041996,0.7218269004114658,-0.29198295337299757,1.7926193855441448,1.159929401915277,0,15.92294888566577,6.210595130384941,2.812617963173844,4.25056342684427,-10.224044545325448,-16.025061331542638,1.4330518243556924,26.697513812154693
NXPI,0.596769115772291,285.55999755859375,19.181548956723304,-7.417225160375483,1.3876792865240528,0.6641884914536644,2.762997169024323,0.483262674956602,0,31.949284335110832,-1.2757138950366442,-0.01698935903955184,5.702830095780787,-15.999415412626524,-4.125084450971412,1.3965678451604955,26.660220994475136
NOK,0.6479547510114678,13.399999618530273,111.16753792849067,-10.28688383230142,1.2157941459689692,0.4785587636149487,2.388057491866079,0.5970143729665197,0,31.369541247599493,-18.590520267058167,-3.796507191082231,8.534115503546255,-23.20917459659105,-11.18090878072571,1.4089302839989417,26.582872928176798
PUBM,0.5758621842791883,11.180000305175781,19.46647856239916,3.1175082835925503,0.7796643413089507,-1.1551858677812568,1.8783544937022014,0.0,0,8.119224092601797,58.13295662151684,-2.8629927838639406,5.17505821239567,-19.452448031765503,-4.556648900593428,1.34471639615334,26.524861878453038
BWEN,0.6124010153081106,3.9600000381469727,22.693137020651122,2.8437875239301906,0.6927115769718523,0.03266752744311352,8.333331324338578,3.2828311402977013,0,44.05043392508141,-10.204077658351084,18.594103433768865,10.948774082985558,-19.1836742598703,-4.060909771756852,1.096112273439011,26.298342541436465
TWLO,0.6458384458981496,207.08999633789062,52.42221900349264,1.9999543430073037,1.0046160631301122,-0.6654440266668148,2.2454050110967074,1.059929191667351,0,7.683633406809731,12.95407465597406,-1.6443605088710598,6.788594459435207,-13.16252933238877,-9.571824996069292,1.7190448714639774,26.17541436464088
DELL,0.6412177981963902,369.8299865722656,158.64514164072386,11.436699872106464,1.1507506579338427,-0.013545845136195214,5.967575928171544,0.03649764836473983,0,13.348795296499233,-12.135614892804378,1.5401389038896225,9.70725811631795,-21.223936436650693,-7.913275041707263,2.0770586887033016,26.023480662983427
MU,0.6469171112027222,891.8800048828125,254.78109942636138,2.1351067374761534,1.2473944290539993,0.7729096644927189,5.85167748132765,0.9676195043678273,0,11.121492052695237,3.225656508854032,8.849699358577116,9.096915086778464,-18.122816430911982,-17.33374794750142,1.5434633878467552,26.00276243093923
DIOD,0.6502132173769968,100.44999694824219,85.34637517512603,-3.153188482138843,0.6260260928368883,-0.4499985408781277,5.047188319236241,1.1547994703285005,0,30.487029970828267,28.782047369172265,9.37650771802487,7.9669983295081295,-17.636932024864738,-13.91263282038729,1.4817873521750744,25.817679558011047
TBLA,0.6231790787942005,4.71999979019165,9.824567855685684,-2.840679340619084,1.0203793659395253,0.02098670422853655,1.8008483454935247,0.8474568564107631,0,31.049899647604036,-9.404995091622867,1.744179813850733,4.039043266609466,-10.266167587264848,-8.970099059543788,1.1780560491564198,25.791436464088395
SYNA,0.6621781054159537,128.82000732421875,58.43522419207097,-4.329027672959108,1.1487829576566764,0.4137440218910329,3.920200872996835,2.5772450981446275,0,14.012937741671912,40.83306614699549,-3.3865734390366837,7.771641254305083,-13.60739937156714,-12.123538979008256,1.4201266772487005,25.643646408839775
ACHV,0.6065509762748307,5.75,15.882646470098138,12.195121426900428,0.7650347142099031,0.21115538297593722,0.6086929983656078,0.6086929983656078,0,5.296411653632345,19.542620960653018,25.709516201007425,6.422359750877997,-6.504066489424874,-19.850185619729547,1.0731840199513383,25.571823204419893
AEHR,0.6549018136087591,93.31999969482422,284.23233812383177,-5.161155545507546,0.6127550168362469,-0.050897800658610104,11.915990980312461,2.6789541450372156,0,22.027913329147104,47.75174148163073,16.108355701259722,14.177790424138115,-23.382596587126066,-66.83266467203264,1.2877162581934232,25.47513812154696
SMTC,0.6479547510114678,154.27999877929688,87.88278281924318,1.4305987433374636,1.0824443869815092,0.1013473065031929,7.538235491293449,2.7741760520699943,0,15.991199150014456,-6.189959576141766,-2.051780297916708,10.092965073118163,-10.489673803043575,-17.66038962290902,1.5931980314069996,25.34944751381215
STAK,0.6431285156020724,7.579999923706055,1651.982070351151,214.52282228923795,1.1932174452190112,-0.13530848985050953,4.089709048269714,13.852245397952048,0,0.0,615.094370446735,33.4975348175694,18.13795791060991,-13.863639095992944,-12.99999951016284,3.339229049954618,25.296961325966848
ON,0.660102451047996,110.16999816894531,88.68753410010268,-7.247915508699483,1.2024410464902833,0.608870377606275,0.8066646159031756,1.3343026641749962,0,16.861714019311037,99.54718347194145,-1.8345941998837993,8.075831824038394,-18.344204221545336,-14.606541664134,1.5586512565273278,25.26381215469613
ACMR,0.6588023843430172,79.95999908447266,112.11004155744087,2.27974027660374,1.0435903424667967,-0.4386574698044486,5.252622556626885,3.9394716882271785,0,11.54128730139112,40.18232433496375,-5.492927730629455,10.778513393675414,-15.127583753566082,-10.49301215425591,1.7496097436253295,25.258287292817684
GHM,0.6369274113144698,96.05999755859375,56.343663347584695,-3.2876779323268166,1.4829321903420853,0.05704550225545723,4.663755434882545,2.1340781536992064,0,28.099501083067768,0.7551932539873882,6.224783724080715,7.838850781374737,-12.680669308809737,-12.443678112177677,1.4876518062537858,25.18646408839779
AMR,0.6210936566783779,194.2899932861328,4.750094915772363,0.09272715224066824,0.8285344110036841,-1.1972654145238801,4.163876996966471,1.0113728991624606,0,53.85017688661523,19.452813142797048,6.0894522270464435,6.929846894999618,-23.453633409524855,4.9010454306985265,1.2484936379007825,24.831491712707184
SANM,0.6453216600282067,231.32000732421875,36.994090862128125,-7.589727948644931,0.8541384212880824,-0.2746946604534379,4.77476993739537,0.5706412253233755,0,19.109125358717012,61.54759646593349,4.7235411985169815,7.352367234385373,-19.869747404277252,-6.280745482164253,1.4232874910709756,24.32734806629834
VSH,0.6400749523065777,54.650001525878906,252.99396104457293,9.891216656945664,2.065236739283052,1.7772927894441743,7.758458820324356,1.7932357356872015,0,19.687962608185543,-6.7087746368510786,-10.139755394012608,11.580185073889252,-18.004500712817816,-14.613527501162238,2.54959903220154,24.241712707182323
TXG,0.6422240800657902,29.110000610351562,59.90988470142793,9.400104623457251,1.2451112611412272,0.7571641834827091,1.9460656069587954,0.3091726234893815,0,7.602012012270483,74.41581592646168,-6.548761157608044,8.104849002989381,-18.333566456177213,-10.146392140171388,1.568363948063076,24.225138121546962
VSXY,0.6470186561067471,74.23999786376953,39.85589111062884,24.47708133066097,1.111014555102062,-0.8377906871258185,1.7780168814506694,1.3065749577067773,0,8.80791414439028,40.84613764531583,2.920963423988455,8.131061442040464,-8.661418579196527,-12.219914076064889,1.6175431925376251,23.734806629834253
BB,0.6412177981963902,8.819999694824219,93.28136864820078,7.817367071134082,1.8435331747442363,0.6062551623427358,5.668934435867637,-0.05329547469023053,0,23.62950154709078,-14.700197632359268,0.1607677231571409,10.750972596459512,-19.3046711001403,-10.47618773366418,1.8746625922531241,23.718232044198896
ATKR,0.6247580903810356,76.12000274658203,13.775370819875121,-4.460588016659851,0.7226656904429679,0.040427553316908636,1.1823456297858514,0.0,0,17.538194816295107,10.617233278764045,2.6885317495064993,5.047951682183067,-15.572316265634834,-9.664657616472736,1.117314982329543,23.698895027624314
AMKR,0.6496077567338232,69.61000061035156,49.44747507586713,-0.8211182645926044,1.2431898317151175,0.5348346982656373,10.228408353190584,0.8474316198548086,0,27.952149562196322,47.0553264927468,10.769228209359083,8.998159509278718,-12.440250804432749,-15.44241903728249,1.374010750416396,23.443370165745858
AMCX,0.5619692155735202,10.199999809265137,2.4890736013849724,8.892919279856386,1.0062615721981978,0.026014953486927644,0.7352922613749263,0.2941150346002957,0,2.310784717166282,24.542128591200054,-4.702971757202611,4.849440667999451,-4.225350472688414,-13.81381527378403,1.2404156640253838,23.171270718232044
COHR,0.6530265360136915,354.7699890136719,84.16159454330001,-7.132286265843312,1.0355581350720762,-0.1480727690697218,5.216057010404905,2.24370485146897,0,16.075050293657103,39.87697913627824,5.449053327617951,10.261880198886349,-19.370457042303276,-16.139318548570767,1.5263540554250525,23.09944751381216
STK,0.6294044653592019,48.41999816894531,24.269284707037862,-8.476507351870358,2.230135667204235,0.4318340181745048,3.056587356822694,0.26847843521534687,0,32.25080004741021,-2.536236168408067,2.889071978736574,5.107099199825182,-17.17413799621884,-8.875917966902106,1.5428032351507712,22.933701657458563
HUT,0.6474959826255392,105.68000030517578,139.44954836851318,-6.9394727983346645,0.8377077466934779,-0.893347201454652,5.573428626593442,1.3530479929070491,0,13.253945002523002,163.14741211423157,13.046314712872126,10.71508938110621,-24.943183228073195,-23.267786382129472,1.6039988893527226,22.68646408839779
WULF,0.6493851024347586,23.190000534057617,48.2947408067884,-4.605193033151297,0.8865526692771687,-0.23581665421875345,2.8676192332209083,0.5605910526767971,0,14.224369191743536,39.279285675514316,6.403504970453891,9.203475696016268,-16.522678326027485,-20.948904564280713,1.2884175598737302,22.429558011049725
MRVL,0.6319750973762513,252.58999633789062,168.1707921542422,12.931780773919103,2.167535765148113,1.3505042118679396,3.6363267317485444,0.13064722904225246,0,19.580212470163872,-16.263881502104976,-7.155017794765585,12.30763451389995,-22.088221213017793,-24.56439568756732,2.2832401817285257,22.0939226519337
PENG,0.6447979878186965,58.52000045776367,157.9579803275578,4.2134134051714875,1.1534635321656215,0.2549436946376694,2.5119637887545245,2.597403359274998,0,11.501633605392948,21.23472115720492,-4.8493073596278125,12.33278001722946,-20.098303980271666,-27.03201632542791,2.1664801894703896,22.091160220994478
CORZ,0.6404774294978265,25.690000534057617,38.504657277265686,-1.4197985553858354,0.7433979665492867,-0.17789265718749986,3.152975667855766,1.7516572735191804,0,10.347020556101322,4.303700403435118,-0.5704219198706831,7.212644061271338,-15.65987752340414,-20.992092797378977,1.3894590649206198,21.74171270718232
NBIS,0.6631395052707435,211.69000244140625,104.2750879524925,-5.080047621572965,0.9693748716949004,-0.11113855359075467,7.320564167897585,0.15116789670112707,0,13.708714467094005,81.97369475504912,-10.39584336644093,12.004174056152113,-24.08190890049828,-27.249077397867822,1.6029383039913667,21.529005524861876
LPTH,0.6598178460477048,14.279999732971191,56.668097560486096,-4.853917614955636,1.084299627093525,-0.4479131585495538,6.0224133499504,0.07002293693137757,0,21.71332362005705,2.0729089819643347,-13.677314258310327,14.720888306236315,-24.60401620612863,-17.722873727012963,1.2638741458104588,21.501381215469618
F,0.5909036071399891,14.300000190734863,4.674655678840733,-3.9075343418580126,0.834793582477578,-0.35963359142767676,0.0,0.48951501790184765,0,15.848414324450061,5.379517408060675,-8.924108997789478,5.519481970215655,-19.572555462996885,-2.7653950238775105,1.456080891093236,21.21132596685083
MCHP,0.644260736238378,87.91000366210938,25.236003666783734,-6.152122210729181,1.2648858641227232,0.1286844877991885,2.542373469709523,0.4095104030835497,0,32.10807573308911,16.92072715944473,6.028654390666063,6.298302276470776,-16.578961463201104,-12.404264030184354,1.34750515993205,21.034530386740336
ALGM,0.6458384458981496,44.540000915527344,48.2031109630785,-5.303552073511722,0.8496695297741634,-0.628137986456615,3.075884381889188,1.2123953848572262,0,22.336998704067263,17.27225237541967,9.199907355961354,8.705657632236615,-18.12500061324403,-18.687580929004074,1.5790926487174568,20.36049723756906
CCCC,0.6535924300531344,3.869999885559082,45.64357115531297,3.8090098844150035,0.6456184119251976,-0.04531053992191662,0.387599621288666,0.7751930818903529,0,5.857747849001579,36.749116237557836,1.8927501493734653,10.304540183397668,-15.83297425015033,-16.5957498112833,1.4498895094699014,20.145027624309392
FROG,0.6279244334561912,80.36000061035156,17.332004839373294,5.243168495003011,0.8459916221148713,-0.3731320477086709,5.238923659089615,0.32354670763123555,0,5.411587732781007,112.87417379926576,-4.559576702394259,5.962011279384026,-9.869899832001556,-14.780177168975793,1.4489033505718303,19.470994475138117
AVBP,0.6065803210372224,30.489999771118164,15.339016085565603,5.616847867895463,1.0042201721478734,-0.4494844914215116,2.591016469110527,0.9183361388593934,0,8.778080077696252,30.132306332413823,9.734206978137285,6.338378359722524,-9.29914699231878,-19.89528919295633,1.2732739921103553,19.197513812154693
APH,0.5779335518745236,149.22000122070312,0.2378452125677777,8.49247058831842,0.9767291058255478,0.4971268521263424,4.557031896585184,0.10722668596661522,0,14.711963103147733,2.4355472837440852,6.78032815519259,4.948110125642587,-10.491536268714654,-7.746540695470665,1.312631338050148,18.099447513812155
HLIT,0.6429328530851616,13.5,24.222197460522963,-5.352823792263413,1.0952620899945262,0.09833487715073959,3.6296279339397617,0.3703717831937745,0,35.212922186569706,-20.118341390973207,5.019302147132351,9.650794034281736,-23.642535253326155,-5.988697288884037,1.5437239062243868,17.79419889502762
CRWD,0.6324350690058727,647.739990234375,19.009738213765857,-2.546543696004422,1.286823514944155,-0.5196675904455262,2.221572678137176,0.47703798852834023,0,11.408132993550932,84.894246870275,-12.944452955981884,6.148961816230787,-17.55466583819572,-11.35873643765029,1.5900780587133836,17.638121546961326
UNCY,0.6400057966182866,7.690000057220459,10.150671784745779,1.7263053679844251,1.4537029790323286,1.624445433242039,5.461633241573461,0.11313256028023043,0,13.867072309066808,28.810725748542872,5.385557564966329,7.70917633729414,-12.013727016874219,-9.32896370336201,1.1398274529788082,17.580110497237566
BRKR,0.6103587107069376,54.91999816894531,12.85193625955059,7.348439963475426,1.2750249976095875,-0.9293411347403474,1.7479954778986335,0.0819340321280956,0,10.99091574217413,46.63413007389332,4.784259806620162,6.087426604980047,-14.90548901451681,-6.878451475151142,1.7774422496764886,16.825966850828728
CRDO,0.6393374957396337,237.67999267578125,26.10800854590021,14.386913330598915,1.5839313003754603,2.053329594099558,9.971395547483322,0.4914167382891484,0,0.0,144.27542160292316,14.89651041942525,10.789507082108496,-9.067262898539724,-21.61485466851595,1.680087757751204,16.645027624309392
DY,0.6039796737406774,445.8900146484375,21.076504920717998,-2.821696559492222,0.8760696962880082,-0.051510572631261936,0.728879296064788,1.5441049450362894,0,15.107276478261102,29.476162473449243,3.737770847942897,7.5067341003602115,-21.286204439893964,-9.872816331670935,1.4618252127178681,16.37016574585635
RMBS,0.6459216086948182,138.1199951171875,25.99972698606163,-4.496192383615709,1.1988176785417755,0.08163924218509014,4.387498574842359,0.9774043530564802,0,15.80700046051036,40.2945651581868,6.332514643259042,10.369866090564397,-20.666289330701474,-15.226387656285528,1.542654705237953,14.216850828729283
BEAM,0.6353606658465656,29.489999771118164,2.1005544637207496,-0.858953881296721,1.0801586861411672,-0.4756490420955429,4.510003167119473,0.1525943595852158,0,39.677558345858024,-12.466604412789888,16.62444589144142,7.711816296980772,-19.07244543721261,-11.826484920475275,1.1385902726368966,12.429558011049725
LODE,0.6435482803080932,3.7200000286102295,10.631524455114526,-4.173106920266041,1.5252863784807444,-0.2951911164396428,1.3440847289864948,2.150535566378392,0,30.960533833972736,38.28996093298065,-34.707902416706055,7.79569555035399,-22.500002478839264,-12.371130046525353,1.2488763422259475,12.421270718232044
APLD,0.6247580903810356,38.91999816894531,14.489706951372149,-11.648367665640414,0.972267368722863,-0.3947166426818883,5.65262298660212,0.745110777148029,0,20.600808795284824,21.853467495175494,16.640112274853227,11.918587685981901,-23.27254935446817,-22.56023466266313,1.25301107366286,10.356353591160222
