Ticker,Win_Prob,Price,RS_Rating,Bias,Vol_Dry_Up,Vol_Z,Up_Shadow,Dn_Shadow,Turtle,Ov_Supply,POC_Dist,MA20_DP,ATR_Pct,Dist_52W_High,MA50_DP,VCP_Ratio,Resonance_Score
GRC,0.5563511738505185,77.9800033569336,59.530505020684885,4.251806065703993,0.6770949140466292,-0.2538210279586136,0.5001274337708264,0.012826539881715898,0,0.0,14.525725889986235,2.958573652469938,3.041070994416045,-1.7157937122467393,0.5760974718862929,0.7459610508630903,70.28957055214724
BHE,0.6062296125450145,88.52999877929688,83.54865900450204,3.767778312181086,0.8833206162119968,-0.6763397392274328,0.5195968494410881,1.2312255532615528,0,1.4368239058512362,100.26813325112221,0.612007839063803,3.857449308372127,-0.9731574180347828,5.481336449347844,1.0612439072221345,65.079754601227
TKR,0.5564082350664944,133.66000366210938,56.815936773379015,10.268941189828842,1.0571974049576045,-0.617685859773246,0.25429411720194217,0.9127646171386793,1,0.0,35.89742993006462,3.308267282458465,3.2522326444559733,-0.2536491024560608,0.45530596219296277,1.081648790455155,63.704294478527615
OII,0.6198209355760002,39.779998779296875,48.87814520332194,4.001356075178638,0.9222881819027532,-1.3036820733165335,0.3519341225263675,0.3230218233596918,0,0.0,9.950244454549075,-4.855676427921065,3.9212995846273206,-0.8474580299881466,4.650536308357652,0.9868077966334726,62.93251533742331
NWPX,0.5763597300295114,122.61000061035156,99.20444480340642,6.989529328343519,1.091898307111443,0.8457983197236618,0.7177206174293879,1.2397003796488693,0,0.0,73.32485766502224,-2.0503655316934286,3.557739094318061,-0.7126060965533656,1.0421958460005942,1.1576711507120507,62.75092024539877
CNC,0.580129511632442,62.70000076293945,49.836952299128946,6.83797207764766,0.905455931486468,-0.14496324360261215,1.275915833035602,-0.4545452056453896,1,0.0,72.2527421259579,-6.289534478598621,3.2262469281757347,-1.2598413181857457,0.7277072986459486,1.0277056673556897,62.3398773006135
CRS,0.5505221400965988,492.6199951171875,46.462898708543456,10.625548877125418,0.9189938157251498,-0.5277944194682557,0.5876780398561446,0.7287619039108318,0,0.0,58.78412514027721,4.762529934905289,3.718093645815269,-0.5972782467559403,1.3317617112283768,0.9792832706569904,62.32024539877301
ST,0.5729163949326671,52.63999938964844,52.79562776270477,8.367695555275914,1.2727015166571807,-0.0770957948340597,1.6147387613231947,0.39893443560708486,0,2.872728462717714,47.14467506982191,-5.618082271278822,3.4085973761325916,-2.3195398295308074,3.028634598918578,1.056914725178538,62.31656441717791
ATI,0.5777769883586893,181.10000610351562,71.84035547994718,9.620719811052941,1.012511634412507,-0.8702989015154562,0.6846991676297253,0.4251818037027321,0,0.0,41.1095615324069,0.1514417235434364,3.8195159869422226,-1.2002165366080106,2.7608728692439426,1.0739382463035159,62.046625766871166
CTS,0.5705417908411333,66.27999877929688,40.35204176212186,6.921331403355343,1.0309677035509195,-1.000172075852128,0.9505088488403061,1.191914499193063,0,2.0769337259465184,51.481554456634136,0.8666674295916754,3.4712035572356874,-1.5302314910722625,4.477838891370919,1.036042862828359,62.00490797546012
NPO,0.5500977903430191,317.4100036621094,32.87775484038911,2.1187972661458576,0.6706570755546577,-1.1014491571481324,1.0554191943714646,0.7277741878052709,0,2.338449748687087,28.13822910016021,-3.7073322267749167,3.325685999822771,-2.8284492351783292,2.5390720350737315,0.9436665672832574,61.66012269938651
MKSI,0.653104885142625,330.2300109863281,93.78372904188666,4.261987334522495,0.8282066770653986,-1.0299665770797344,1.6957803348019713,1.5716325799369595,0,1.7330585845737205,41.62704706699604,-8.013074550819612,4.696095501405358,-3.3878431452979028,5.645425474297811,0.9662043226067606,61.61349693251533
CAT,0.5632598634197536,940.47998046875,50.43067054403567,5.027288543504409,1.2574792601657625,-0.5035843047884048,0.675191046376345,1.1680190519393863,1,0.0,36.20167730886374,2.6571591250042697,3.202468366733985,-0.6706627912583907,1.1400504567157501,1.1497861592707608,61.51042944785276
CVGI,0.6652101533262422,5.519999980926514,209.2108822381718,5.980608175556659,0.8677288273359468,-0.09696514211986249,1.358692201280793,0.18115492893874538,0,1.4144362783559006,171.9211850741171,-2.11538726015445,5.7259319436138085,-6.122451130044056,8.086251998672813,0.8302790033154213,61.45889570552148
PLXS,0.5917195931957479,284.3500061035156,83.83116774423662,6.572771504918386,0.9648335819400873,0.09615469773672983,2.1329355762971214,2.4652643212781533,0,1.2551161034302873,43.90182050607617,1.1809556225056428,3.7198867848394803,-2.729785117938972,5.4126051148079215,1.1420415021216954,61.43190184049079
PHIN,0.5755092745715839,82.25,40.32623988032884,6.28331448869283,0.9997290046209271,-1.0935907880096667,1.3373841630488996,0.07294535999151434,1,0.0,36.47178621637577,-0.906073352390713,3.0885803249158705,-1.3197342462452823,-1.6335107860413447,0.936149348509397,60.18282208588956
JBL,0.587931787419066,373.82000732421875,64.66451130320421,4.2261349866722036,1.2520830120102187,-0.7899032392200978,1.3161368609882687,2.418270250441433,0,1.7238915361090357,72.91814816723416,4.541550056791813,3.8196374011610987,-2.8281789803866717,4.236065136458967,1.0698139420248565,59.93374233128834
IESC,0.6257247605235705,742.0900268554688,66.2398951813318,8.855384801045123,1.024043714917964,-1.1011125935153216,0.3759622049042,2.771901869016398,1,0.0,95.13792373718327,-0.584708875159399,4.937888283048827,-0.3745540233394955,3.883240529443704,1.0695340666400979,59.91656441717792
LFUS,0.552355375468305,480.239990234375,78.47107976117076,4.160819419145011,0.8720018617862696,-0.6609087383048631,0.714231064280643,2.015657353115657,0,1.8401123022862813,7.833862777700876,-8.909358249442489,3.678955261616143,-4.0613733928000615,3.7359493245536455,1.0941605796715173,59.62822085889571
ARKO,0.5530945573268826,7.760000228881836,52.84676783915501,6.386560648977337,0.7394395861515778,-0.6231796721805349,0.38659448559898074,0.9664985036145672,0,2.1715597148637142,55.557843267530714,-6.441720877111468,3.6339339384676728,-2.3899318857589282,0.5366765222739824,0.9800241041577322,59.47484662576687
SKYT,0.610340809662486,37.95000076293945,113.10294670619146,4.170956571352654,0.730580427999252,-0.616493236686721,1.4492733227641008,0.0031562975422768065,0,2.22321062367747,17.310672497017478,-2.0766391566757956,3.996836953322768,-4.9586765015128025,6.130139961290363,1.112589164650892,59.0478527607362
SSL,0.5707472716252283,13.289999961853027,99.9048522713357,1.3807307552967254,0.5908555190021987,-0.11371351947512222,1.166288437956601,0.41384729367579376,0,9.017522073501665,-2.2794147860193217,0.3776449516272472,3.4612493564133517,-7.515657148447357,-1.487858837568872,0.8086679295762184,58.96196319018405
ASML,0.5800074525304612,1757.469970703125,47.34122482880245,10.406568415954133,0.889765836551819,0.8016820993183323,1.2412765987587464,0.3231879767680669,1,0.0,23.944546388598308,-2.384865158744231,3.7503801087906434,-1.2260578298298197,5.615905287351657,1.1726242444824995,58.54601226993865
UCTT,0.6240593096529132,93.69000244140625,252.40814974657707,9.882250526842165,1.383008309699042,-0.3558506731658451,1.344854812668502,2.412212698595832,0,0.0,54.40013508515232,-1.881140321145173,6.597745101752713,-1.3270084753235938,4.734175726622366,1.0773304199352607,58.20981595092025
LRCX,0.6398931536617579,336.4100036621094,101.5479593949576,10.19665732688526,0.9606760207685185,-0.5967590810146797,1.7713457715625776,1.3762982171746354,0,0.6698754208210652,95.51462318027683,0.5821620312114724,4.731259361751375,-2.8250379012386184,10.542619771293792,1.161803503977876,58.08588957055214
AMAT,0.6428188679986185,501.70001220703125,77.83715171843862,12.871017712321661,1.2179988484591082,-0.1541553769955458,1.8038643756731958,1.1052448261522307,0,0.0,96.1507705733324,-1.8641204067856687,4.3550750267682865,-1.7719016726286896,8.609851819729219,1.2744216521131295,57.84049079754601
DHC,0.5782877055536079,8.600000381469727,69.51861873832608,0.34420961224707564,1.483211926044179,0.06030441360379313,1.51162917045807,0.5813975408278337,0,6.064380709549422,28.34105551660388,-5.307594479552611,3.6960129666750405,-5.908095640154373,1.0432229255010375,0.9745073765832102,57.73865030674846
ECPG,0.5899153227372957,80.5999984741211,40.81661040691753,-0.18390583853791947,0.722851631868319,-0.3364006856779589,0.0992578567844288,0.34739303299528296,0,25.402881868874054,-1.9703268335082544,6.196582802723705,3.085783861682888,-12.996546842316498,1.2116097064898748,0.8133915960002235,57.731288343558276
KLAC,0.6086931096494655,2131.10009765625,67.84739333640341,12.352335687841826,1.0027925886532219,-0.5201268382793398,1.2007809383581416,0.9309786955777208,0,0.0,49.62763588638304,-1.8400100349368818,4.281640593342332,-1.1865332729888152,5.987768101022302,1.2830670505820065,57.63803680981595
MOG-A,0.5500682786491977,371.2200012207031,51.245481294728656,12.04027421166998,1.3985635935730907,-0.2752881508426446,1.3065045222655078,0.214162336382185,0,2.2507280380112475,27.496627100159294,3.25670792000333,3.415860903243691,-2.661455811000251,3.182690342812404,1.2455819684150278,57.579141104294486
WDC,0.6383418207179548,575.5,248.45216269417182,13.341730373135247,0.9064042033045083,-0.5421325959365626,3.2145960034696532,0.4066076204108921,0,0.7436079766908502,217.96743469679808,-2.264307684898268,5.136899651021627,-4.487665385428048,10.15113728538274,1.1517479984626526,57.52147239263804
COCO,0.5904459113665904,73.9800033569336,23.651198288914955,-2.0907245651441193,0.6415615420641865,-0.3738195801049302,0.8786075520158378,1.027307517888841,0,12.237111409232712,35.222088456546466,-8.930648758503812,3.502299433052007,-7.176905659044672,12.429170811055954,0.8907901655118163,57.43803680981595
LINC,0.6148092578492744,50.599998474121094,121.3529758322921,4.290113111030061,1.1776978386033834,-0.4019213094508319,2.0749013568604227,0.0,0,2.6762377576158145,12.220000671467647,-15.60000101690594,3.928558343147043,-5.420563599672338,0.391772396695383,0.9942966056891926,57.42576687116565
LSCC,0.6389835425141264,151.9199981689453,101.0239559144814,11.049787208698435,0.790248980677088,-1.1420511307226748,1.95827155039038,1.2572430786714133,0,0.5759302653797139,43.63241277314333,-0.36744075045791225,4.969015233722383,-2.502893705513412,5.7987194207672585,1.1476788632600285,57.25766871165644
CVEO,0.5947600983904685,35.560001373291016,50.65509445009515,5.129344780322068,0.9453050327543322,0.6171829706260137,0.5343043289260068,0.9139503666454314,0,0.0,23.85929121218426,-7.287972306120966,3.9972683507474542,-2.575338703241729,4.407518812168966,1.0835100102763047,57.079754601226995
FCFS,0.5507289029251319,222.44000244140625,27.308097252099174,-1.035623705896847,1.0718523602044145,-0.4408115375578897,0.8901257443798669,0.296704008304979,0,15.093046451220617,11.6601691650256,0.9408957762088532,3.018791374721353,-5.559451938835322,4.242855136173106,1.043165825407173,56.79509202453988
KN,0.5896520934480449,39.36000061035156,60.53448524435381,7.788369022650008,1.050842078831762,0.3436621306803468,0.9273319565555713,1.4735818649540697,0,0.0,78.01899377218301,-7.832744166798284,3.839105342741517,-1.4027995597839409,2.3574104556912774,1.2345082666151548,56.515337423312886
GHM,0.5972977901045418,107.95999908447266,79.49567708917975,9.026275089868129,1.7314973880361477,1.2284039297377451,0.8169727599584352,2.0922604116555723,0,0.0,7.809067048540934,-5.511894518313588,5.318822872002671,-0.810352401577875,7.0764183616674785,1.2498525315747866,56.49325153374233
DGII,0.5790089354344463,69.25,51.4137509573998,6.056312614894091,1.186121861689889,-0.4911365539022456,0.2166087016270616,1.6750845237517586,0,1.1441313106615498,57.88873469162051,-11.01105101926727,3.8153677394920065,-2.1754497748110633,2.8225761173840898,1.1340930537721576,56.47239263803681
PDS,0.5634759257277092,98.66000366210938,43.40645177056628,5.287313154816036,0.7157971602516419,-0.5704023665041548,1.0743944042545184,-0.8412748836791692,0,6.588741925561364,0.46843862337893627,-1.5072137610251624,3.7538730813998984,-4.951829709519334,3.425260461911286,0.9889565701955079,56.43926380368097
STRL,0.6030689021593477,993.739990234375,191.45351412201987,19.534868589991707,1.2931244375600073,0.9058535807101766,1.2015402081229392,1.4078119399282063,1,0.0,23.29280275857842,3.6040647313412353,5.722107593668554,-1.1872746261093934,8.716607120570792,1.3960105339102669,56.18159509202455
LSTR,0.5618274607149268,219.5500030517578,55.41180219248565,14.163057832748457,0.913799534603295,-0.8396343583942153,0.16852430518918748,0.0728780049576798,1,0.0,60.63898424840669,3.4963849519891927,3.2149522971816875,-0.16824077858603048,-2.388695433112304,1.209267054749714,55.920245398773005
STX,0.6315703859120253,925.989990234375,236.77954635292141,11.233971068341077,0.7944659449882062,-0.6717652269729454,1.6738841848668466,0.7068092505506024,0,1.092633929240945,213.82066548296748,-3.933012048000754,5.1951342910363225,-4.221141712228758,7.651688124463065,1.2427838051989306,55.80736196319018
ARW,0.5745920908676327,224.38999938964844,94.33207600380366,5.523786204665713,1.1098350038847178,-0.23364972716534899,2.852174300933261,2.397613484300724,0,1.888629562278956,41.481709176466204,-10.409174138792528,3.574134290575206,-3.81911853644275,0.5754310866885466,1.2352252518699474,55.5644171779141
NVT,0.6209820816750421,173.8800048828125,53.8696275768461,3.1971678728228072,0.848736720777324,-1.276174265758306,1.2134808782421393,3.8906137564056573,0,1.2497037085718126,9.413545737566212,-0.24349130707142483,4.278156098074662,-2.3146039984069406,5.835525582602733,1.1916888986779803,55.5116564417178
PDEX,0.5997436386359514,67.0,66.66190626119844,7.851422857241255,1.6531118631770094,2.2588702642960174,1.6268602057826214,0.25372861036235106,0,1.3494967978042083,2.8080433979490826,1.8119681594408479,4.592750321573286,-2.884473003855164,1.7403535054078256,1.0516643558367667,55.37668711656442
AAMI,0.5718103445981646,75.81999969482422,62.3619818940911,6.10651213042659,0.9347454943202954,-0.21583240034416476,0.17145509620086208,-0.12529836597764743,0,0.0,56.57680616650147,-3.4320251170537426,3.5775505302202095,-0.40719502137609787,-4.774739329533398,1.055424110673243,55.320245398773004
PLPC,0.6057436780989027,376.29998779296875,67.84795196984048,5.046294694010289,0.6818644937514745,-0.21105427161749526,1.041725632444255,2.3126453396602678,0,3.396758997310819,28.82573773700153,5.18178628490644,4.77682081135539,-5.295215366886168,2.040592844657581,0.9774776899936694,54.59018404907976
CLMT,0.5631565827825774,37.40999984741211,79.9302410151208,10.911812309898897,0.7977805851423554,-0.870592320411881,0.8286591139993651,1.2560867160606635,0,0.0,6.763695404947626,8.89854983981227,3.5246294450666475,-3.458064909814994,-22.73504795094549,0.9345932506317541,54.38650306748466
RSI,0.5817745292999287,26.229999542236328,28.773422249645275,-2.383656266902738,0.909883255420945,-0.335604030093964,0.03812515842919486,0.0,0,21.154124436991662,-5.850685686816138,3.0509704336596237,3.403681925670682,-10.294118510055617,1.850179829498005,0.901250527673155,54.19509202453988
WT,0.57393091249697,18.969999313354492,62.759248396341945,-0.5291593412346495,0.974809572097835,-0.5878934427915118,1.027947333795078,0.31628607333149217,0,9.065332030272808,36.595611808315034,-2.4201772210055266,3.699449962806054,-4.433254665790314,-4.672903357007,0.836947989609533,54.15828220858896
UTI,0.6084330430464163,44.900001525878906,71.62080290354346,14.594900724545573,1.4104398918213839,-0.20291880462516412,1.870594938084631,0.3340791108639706,1,0.0,12.33425107452552,-7.548703962560352,5.43110010063858,-1.836246209440074,7.696246712296968,1.244689151639217,54.08220858895706
STRZ,0.6108668412811533,28.010000228881836,144.78248793299946,23.43829289979177,1.0112353923184376,-0.321497895849488,0.3391621298636917,3.712962895365642,0,0.0,154.63636570304976,2.5310185534074208,6.302851842710151,-0.4619728627634699,1.9607804875742632,1.2641315283936405,54.06380368098159
MRCY,0.5887317134640996,117.81999969482422,62.33885592835051,18.563392673257365,1.6856206367180373,0.20756454228862845,0.6280749157019038,1.5430324207694466,1,0.0,52.77489042817528,-0.9164262538958422,4.413391612407885,-0.6241547562427825,2.1210823559540244,1.380237291545928,54.04785276073619
CTOS,0.5608200287530394,10.0,46.75926295265378,3.2311346317905976,0.7628800312831341,-0.9537689239498435,0.0,0.5000019072986326,0,3.1798029644856203,61.550887026564325,0.501506413146255,3.599285398210798,-2.1526444350205614,-1.3888912393378354,1.0348171482335151,53.77914110429448
DXPE,0.6439048564910642,161.3000030517578,55.4309183570634,8.544245298161155,0.791389068199277,0.04916201600675476,0.4091777121005396,1.013635756907683,0,13.484459606667837,25.447192996186523,19.420418195472003,3.892260788552203,-12.294056962648476,0.555119784915639,0.7959720753160304,53.477300613496936
ATEX,0.6093597266764846,67.94999694824219,226.84566849129152,12.320543104888868,0.9466259476782416,-0.47383793988866907,0.0735880117774901,2.207505617874393,0,0.0,97.29965057133441,-6.490760526514829,6.0233370782303215,-0.5270101349915836,0.8567025626283682,1.333152792860767,53.4601226993865
MRNA,0.6581641219081142,51.59000015258789,102.70293916020694,5.677151508073392,0.9667833773393628,-0.5069729344538755,0.6008943058114262,0.8877692997518175,0,26.166295983154036,-0.5398087238427919,-3.340842842382109,4.855314827768263,-13.366917189455032,1.0518132331746903,0.8411205500813682,53.39877300613497
MG,0.5583134352036356,18.479999542236328,46.22937273837022,5.500524908473188,1.1281053338340492,-0.25704630285426827,0.5952414127186636,-0.10822758797627803,0,10.764580386665846,44.37499426889946,7.285484788836577,3.733764055601278,-5.52147215306075,0.8718988314058419,0.9991367836470296,53.293251533742335
TDAY,0.5583664548392644,8.170000076293945,53.33116907883457,7.077327409292488,1.0612314899477566,-0.30626256527378226,0.4283947011136623,0.6119974328252915,0,0.0,24.923549292037645,-4.311542980102099,3.685084487139171,-0.42656730936366527,-5.223886438526274,1.048027429771906,53.18773006134969
CMP,0.6406475913004392,31.3700008392334,55.85545308174018,2.8305475240403144,1.1679565025144532,-0.5719728918532514,0.19923493250226829,0.9882096429319355,0,7.629654527865681,45.90698064546199,-14.17233609074032,4.449200872712516,-9.072461335292397,3.2725726102741644,0.9316061738433048,53.12269938650307
BFLY,0.6587040133507183,5.190000057220459,77.69671595048648,19.269220821370123,0.9571164540957676,0.4989271919559733,1.830439096839313,-0.2890147652664736,1,8.230649131233198,11.134903047535499,13.846155777868354,5.773463659371688,-9.265729935643517,4.716976887129015,0.8849640617641534,53.11901840490798
AMN,0.6186806954726697,30.610000610351562,70.4830489870572,7.6452403452443045,1.1329361048735724,-0.6412386278459699,3.724271045018126,1.078078788354143,0,0.912269429273564,56.57289925494759,-47.21030924928121,4.877023683773691,-3.590549258622148,0.8112472708434755,1.0380092945794646,52.93742331288344
CGNX,0.656610460467205,64.66999816894531,58.09701485530658,-0.6815468329332118,1.0536795094807219,-0.2530134442302407,1.4997712479060656,0.6649146703944384,0,14.110462378432414,10.538377390771894,-2.216514645812155,3.9678990464958606,-9.934824402681182,3.9600033816731948,1.012380384389661,52.91165644171779
SYRE,0.6329349274329249,78.4800033569336,164.61869982824695,6.997151038365959,0.921605161644216,0.030190317317238088,1.3506594205396323,0.3440324050892285,0,0.0,24.039833710896,-4.534243230888229,5.489114843478331,-1.332659726401256,-19.469439052930163,0.8961674134943859,52.888343558282216
ALNT,0.6041819709503011,89.80000305175781,54.21030354671306,27.82645864124803,1.707639529413577,1.3258279977757048,1.4587945590871771,2.3273985481462307,1,0.0,36.56037822021504,19.362744952964896,5.038360406730082,-1.4378197231957157,9.176141963867995,1.3114134870909742,52.86871165644171
AXSM,0.5530640732599634,231.47999572753906,51.19148848246835,1.0582544020848303,0.9247245584572905,-0.30219816734218763,1.1145679448172723,1.0403042845657309,0,7.489284744579342,26.741128176104965,-5.700041397397887,3.229068925974974,-2.967807638950893,-6.469294029855903,1.0061802853497765,52.606134969325154
FLXS,0.579600457341533,58.349998474121094,34.16714430162779,3.8080725595537377,1.0537031248679827,-0.1357121356824183,0.6855210562678188,0.5998260210243603,0,2.4621360747076824,1.8344932885297685,1.600292855498904,4.234301467318742,-4.297199760674115,1.5336534929042271,0.9662916676277126,52.59877300613497
ESI,0.588206221741861,42.0099983215332,53.58446974217368,-0.4801878117093227,0.8564768057890074,0.24397482491213104,0.2856528240270472,1.4758366023361928,0,18.057827187886634,-1.1058375351409109,0.022608319290811786,3.760866421359879,-7.536560483668062,-1.125593563863194,0.8639619597229489,52.53742331288343
TER,0.6241214517856842,406.8599853515625,102.65564401720344,11.54787580441618,0.9853791895326526,0.4617807024432889,1.722953846038831,2.4086955373738017,0,1.5742247503490892,32.86771786921159,4.9937210521937985,5.647386779789113,-3.5763998635789314,7.396779520246402,1.24418076834608,52.493251533742324
KLIC,0.5970456995048706,107.5199966430664,128.3465356376344,4.103829617104924,1.1379395997359916,-0.6694869245280766,1.7392139182932433,0.9347072961180477,0,2.7274856818883952,62.43431188592402,-11.185751759652906,5.277755271166829,-2.942771413724087,3.4097584708595674,1.3567712245805006,52.34355828220859
BWA,0.5919624931973799,77.02999877929688,67.46029308022008,15.173416782670804,1.458593764638419,0.00787729514817128,0.045441597641993486,0.7269863267049526,0,0.0,71.97744639679708,-12.556819604153457,4.075726162494667,-2.2709983791362225,1.3633842000745982,1.4521640997430154,52.27239263803681
LIND,0.6294022065977309,22.190000534057617,76.33150507115312,7.099766296285866,1.5853785449013755,-0.18330976784102193,1.825140917220908,0.4957215308660058,0,6.801579355883776,31.379522413385374,12.995398630856563,4.907294299982133,-6.68629144915857,4.7881168713950135,1.0774695799490113,52.08220858895706
ECG,0.6556324769344407,154.75999450683594,57.620841640345375,0.7489734579201628,0.9601219245965693,-0.8949104841450892,1.111399122346206,-0.058152197650839434,0,11.164469060976575,18.95464046597335,4.959800903266438,4.479379161131942,-9.801431281274944,2.2601236329323147,0.9353878649948445,52.065030674846625
PDFS,0.6180102358187742,56.38999938964844,89.52975844133519,14.853097093919088,1.1109926181647118,0.4329534522242364,3.103387158912109,0.6206814906907108,0,0.0,22.453855208844022,-7.23643071557922,5.455627434740969,-3.009975951739483,5.270778335105899,1.2682308848113748,52.061349693251536
PTEN,0.6294117239317536,12.270000457763672,98.82944496705551,3.278830843519297,0.966280415099284,0.45329110379377396,2.363487783294246,0.9779941407693578,0,2.610544940852275,53.33724083954065,-3.6269492478719063,4.8184829891289125,-5.3483063686525405,0.5509701267364069,1.0310002839096473,52.060122699386504
KFRC,0.5839225124271807,48.060001373291016,54.58491420651177,11.881928033634201,0.7553471935161035,-0.8385036240764188,0.8947155490632248,0.707242947855614,0,0.6451490243546926,4.774367761836181,6.367308851024866,3.862731815961057,-1.5365703316596027,-5.407354045862933,0.9746064814098301,51.992638036809815
AKAM,0.5935636968653735,158.97999572753906,71.37404824404123,6.598896663003358,0.7632646304068477,0.057868183922310426,1.1888284315189204,1.487611999438186,0,3.318587753318287,7.629807393771879,-32.092796303905295,4.265136460424011,-3.91054780296432,-0.3056755232471939,1.0716688661441913,51.65644171779141
MRVI,0.6242973818775228,4.989999771118164,33.338786595728706,10.630746517117688,1.3113871700323578,1.228743170912698,4.408823187890096,0.0,0,0.0,2.8865952414350824,-10.913701065599396,4.789579656490481,-4.22265384598402,8.116883315309146,1.0365174530554175,51.60122699386503
FLEX,0.5922879491915662,159.50999450683594,166.07584873161267,11.943515211222099,1.2844100917601162,0.16557778998684872,1.003075768670423,3.5232871360367435,0,1.1809750917021116,18.392339913099153,-6.731988133135156,5.268366765069782,-4.404893968947763,5.267727163494787,1.491669918223537,51.553374233128835
CARE,0.5690931917179919,28.399999618530273,42.13015374798452,5.515311567023271,1.0460691514153677,0.5947994086832321,0.7042280479536185,0.8802817019338218,0,0.0,29.93761767180483,-2.0307587810512824,2.992956251590916,-0.6993033575693338,-14.707328249673735,1.1872249986796235,51.384049079754604
SSSS,0.5893025012478927,14.229999542236328,40.79940916690781,4.13464714426584,1.1470089900445604,0.045596979118668786,1.4385135385896723,1.2649354248316707,0,3.0091209433932438,47.004122863071345,4.220309142992941,3.4508071008901102,-5.006675720084618,-8.291199861230849,0.8204720184380069,51.18650306748466
DBI,0.6080802933166799,9.109999656677246,110.07826698889478,25.97662641657393,1.003535903034793,-0.17814021244984882,0.6586215353601602,2.0307401379625114,1,0.0,8.55566204857379,9.618108749208236,4.818096450140516,-0.6543120949940631,-8.973077532866872,1.0493971060816807,51.09325153374233
ATRO,0.6144038665662277,87.33000183105469,52.31145830204116,6.492859874921489,0.8398687432892463,-0.38686147425858064,1.4886011623626403,0.8874401804883967,0,0.6797179429970892,59.39040038546831,-2.429970376179341,4.846149345528982,-3.6624375498105155,1.665188982077527,1.0713416470575257,51.07730061349693
VSTS,0.5944849233778738,13.239999771118164,100.80071600821248,12.146364369081542,1.0119792088179984,-0.8022761040305867,1.20846528580286,0.30966324201123396,0,0.0,10.333331425123589,-22.017350042932215,3.932887916244427,-2.071010925624719,-2.4771845541818163,1.181845773770248,51.0478527607362
SEI,0.6478104539122124,76.30999755859375,40.472379795492294,3.9143673894763156,0.9735475403375649,-0.0786332479820103,1.5332274089330642,1.9394619371829958,0,2.9607513491655735,20.974084032965866,0.33568868677969976,6.079747626651031,-5.9040780593587865,7.360657897311368,0.9057383873816872,50.988957055214726
BELFB,0.6787820033168904,276.5400085449219,59.57249737415928,0.9550120544838133,1.1109813641356052,-0.11423279639547021,1.3813468896332535,2.393876267515307,0,10.761486242744237,2.9062617643259903,6.960856147295777,4.806071862463719,-10.292919064281616,10.835885177710031,1.030690186147881,50.966871165644164
ICHR,0.6611596068674065,71.05999755859375,316.09519524478833,-0.322978354508312,1.383858388809839,-0.19511362458922396,1.632428513857673,3.00027614410932,0,13.418178102942024,56.969288357578264,-2.4893121665610853,7.046156074637573,-8.89743902732984,8.875856852402265,1.0580676831773361,50.746012269938646
GRDN,0.568987018843642,40.79999923706055,27.62491254891375,8.601619713630305,1.041814324913609,0.42788067375484884,0.514703648025457,1.2745109496928277,1,0.0,18.639139171241627,2.4877080823761686,3.896184401080163,-1.3539684840752133,-0.23955324279093312,1.0629487176381684,50.71901840490798
SANM,0.5994238195056051,280.1300048828125,70.00625844608383,12.155633649041112,1.0874879507090467,-0.3290349645845992,1.8580610721884148,0.9424248036308999,0,0.9874347519492682,95.63517012752769,-0.029340626507645875,5.19618326016145,-2.9617528092920837,3.827895805083818,1.2919712402775907,50.68588957055214
CSTM,0.6170588896600746,36.150001525878906,102.31264447673854,6.9922350685112376,1.0451115800853672,-0.5524513369845023,2.0193624105203583,0.16596834318012277,0,0.0,39.0919655399932,-3.690367460626397,5.164987194948976,-2.27088433211447,0.2839744255766956,1.2589367066020198,50.63558282208589
ZD,0.5650148478327846,47.95000076293945,32.404491724475925,10.954277998334394,1.0226923652517725,-0.17370744926351706,0.16683631925525216,0.8863383321990795,1,0.517914067633007,15.5978816102907,7.211541904301538,3.8224345678279925,-5.143419413077815,4.222785279125772,1.1055432739041564,50.59018404907975
BELFA,0.6647194199753491,246.75,68.06733368644753,0.1857546186974722,1.698902427988425,1.0184540599110201,0.5754805142612189,3.5298912720696616,0,10.272628958024194,0.738955475032847,5.799208500852294,4.874223937414062,-10.66579499886149,13.089612754051391,1.0793709701093503,50.53987730061349
GNRC,0.6513136546092275,278.1400146484375,67.36765568986553,3.4995426772133036,1.0706227089231868,-1.001324407344744,1.463250535539037,0.6615360038035959,0,3.076431282458664,29.37346273847491,0.06357543160459171,4.94124216809373,-5.452436748466116,6.63448422031246,1.2073290865155695,50.43558282208589
KEYS,0.6379250238217683,343.1099853515625,58.64311677754155,-1.644140551086959,1.3638518950168368,-0.6544907987977575,0.3555714706027903,2.0489053304797307,0,17.37237631206458,13.808535507511369,1.4972156496180258,4.323602655288745,-7.3114076676812205,5.429028127811411,1.1425159100016222,50.35337423312883
WTTR,0.5854474832842069,19.209999084472656,76.10022941073231,2.9695499444363693,0.704016439191904,-0.5723322499484342,0.9370136061688022,0.2602771444083942,0,6.661477326157093,51.5273133831422,-5.100282811950515,3.736149629869101,-6.201174248478433,-2.822577427170253,0.9839134828450268,50.2920245398773
FSTR,0.5935165504254181,42.0099983215332,49.60936904786439,4.542792353448745,1.2365968232035773,-0.07415869654441055,0.15473088312737251,1.0949752507510178,0,2.6550839702527482,2.114727624625405,0.48638319097695104,4.0032990315841825,-2.4384649750260277,0.5347580128513573,1.236058491446853,50.128834355828225
SRTA,0.6071587808713181,6.260000228881836,38.0414333034168,7.6989291093724335,0.8513002536767243,-0.27835933564397286,2.47603398209647,0.4792289436027334,0,1.5356924683813853,30.416666246408735,-1.8761708451259174,4.472843373994274,-3.6923041704806305,2.90360057968234,1.0935971269565032,50.08220858895706
MTRN,0.5881368114571737,227.44000244140625,74.84651933014317,7.127676918331691,1.3277970079599744,0.6902913193782565,1.12557049380177,3.6184945860122895,0,2.1912350597609564,23.817321141233585,-7.208171695098206,4.0461995498937995,-2.5744247527844943,-2.262280935902372,1.1029492166244195,50.050306748466255
ALGM,0.5932017451136382,53.619998931884766,90.50581232627881,13.351933933651381,1.1589395531229598,-0.22052458358235472,1.4360322138899486,1.6411806893482348,0,0.0,41.1795670819951,10.511967730886607,6.185059043809026,-1.415702273194109,3.2228394271485543,1.3931139654691196,49.8122699386503
PKOH,0.6136026244747316,33.125,50.27497537911487,5.612192017838788,0.9088245157635144,0.6796906767913432,0.30188218601683,0.8754744619429103,0,5.086696332668405,7.409208288043005,0.5621695687004882,4.343936231258423,-5.384171413455844,1.354123900221601,1.0588400628486598,49.790184049079755
COHU,0.5975357317524106,55.880001068115234,119.18974417031502,11.451282457728087,1.5976715122825602,0.35258435756026807,2.755900270877467,0.8947744997026299,0,4.884308146274634,-2.969263899830225,0.92704372101024,5.681817683122654,-4.429622196803589,3.95231604348443,1.2937760603532458,49.775460122699386
VECO,0.5873293562129802,63.65999984741211,106.89328666552458,7.501098018532387,0.8919232847864872,1.7982758013064302,2.1520561343811218,0.7382991231892823,0,0.0,2.6608636841058075,2.822125539977776,5.757147085137525,-2.705181796547547,1.5411421596040968,1.2854893615059888,49.73496932515337
SNDK,0.6313108732596889,1759.6800537109375,745.1981148118724,14.063808289284946,0.6340873941186838,-0.8874461275367247,3.7631824355477588,0.8834017247920257,0,1.106815916565508,205.36747135945922,-2.6418814817207377,6.662952325858798,-5.4443818532513735,9.55756113766895,1.3359668949260095,49.70552147239264
COHR,0.6283341666915006,421.8999938964844,144.14820143515016,11.6307353241163,1.227965828680022,-0.06431135912343248,2.5136314623661717,4.384925401182924,0,1.196115482563903,66.34466970528827,-17.129421106298572,7.368451933129416,-4.113637750789657,12.52891034429624,1.252168533516999,49.57546012269939
LAR,0.6653025346740927,9.8100004196167,71.98852390442994,-4.6600862871688165,0.5207872179109052,-1.1322142650623457,0.7135641742830283,2.0387436734368682,0,14.938088335105268,56.96000670475358,5.424320813220695,6.247269921636916,-18.589209423038746,5.248231947993616,0.8635754094497861,49.44907975460123
ALM,0.6443006918300849,20.68000030517578,191.95173511313283,6.522440669258126,0.7680656957079802,-0.8090736756061653,2.707927744929226,0.957446572979513,0,19.21228189173556,103.94476926969955,8.56741512794489,6.62510212009782,-15.280620915198275,1.6638426680455276,0.914417847325857,49.253987730061354
MPTI,0.5967620686899393,92.44999694824219,71.96830481556154,11.751085223206005,0.8258046043205648,0.22095584532812035,1.4332121377615468,1.4818851182160706,0,0.0,19.97145065797167,-1.174543288721839,4.575755310083526,-1.412961403425763,-4.632961516205477,1.0463374754770949,49.24539877300613
EZPW,0.6027443126712787,32.150001525878906,48.07190953112605,-2.0787285427802003,1.104125950654179,-0.3662250301362137,0.9953333736444275,0.8650107440110731,0,12.938913673498357,52.804183110203354,1.345684709057709,3.816507391833717,-13.412333419991999,3.203661992958258,1.029951675519504,49.225766871165646
WULF,0.6249555297572795,26.190000534057617,72.45787161426249,8.803126723367633,0.825722370806622,-0.7934358221214655,1.4509322375077438,2.5200451849118584,0,2.378921625331495,57.297304105262704,10.17870611919265,6.927398954871183,-4.6596243583741535,11.035752674752487,1.1056261719337932,49.14355828220859
WATT,0.6708783602760998,28.030000686645508,353.895286948765,4.492079730275298,0.6016620971566606,-0.09460914319638769,3.3892216635211905,1.7481261473323337,0,12.248337553637997,440.0770784818912,15.310142143089383,10.301717932861077,-24.202268702374237,13.362788229015168,0.9141342792818842,49.041717791411045
ENS,0.585231724945398,238.35000610351562,53.537109542427274,2.768300161705386,1.1008666371677631,-0.4592319591385214,1.2859186507732674,1.2124575221776133,0,4.646686307860527,49.85127598705651,-3.962511995596284,4.691326900677866,-2.4355288063411344,1.9306752741955022,1.357236201827702,49.01472392638037
HP,0.6024763006071432,39.599998474121094,26.946598623432028,1.2342868757978618,1.0398095080688214,-0.5875360597364929,0.7323255724606615,0.2020152006007805,0,7.057943806821171,16.297876840240278,3.9919665444530654,3.931244198191417,-5.308467806911044,3.353003719965609,1.0758256684911396,49.01226993865031
NGS,0.5714103623230145,41.36000061035156,24.004166259480698,0.036794556143086084,1.1338634867257595,-0.9781817217799873,0.37475526355368194,0.1692449076149356,0,9.598367682378194,20.20329604909117,-3.670626340265771,3.7803394165736623,-5.9999986127009945,4.8411447498893345,1.0869504946599924,48.973006134969324
NOVT,0.5782591684068032,165.10000610351562,35.010136245576476,6.089719988638089,1.252293068183832,-0.7290112138664003,2.870990501456087,1.1508231889892526,0,2.1183731286698064,3.7125470013404707,-11.907854047228604,4.114822059975264,-3.927843910517402,1.1300841155667354,1.1003503720825,48.87975460122699
POWL,0.6434696200434394,300.05999755859375,167.6365958886923,2.890942642988602,0.893483196304681,-0.9422984654050262,2.266178862740234,0.9798048608003297,0,5.072475556784721,70.85584435696738,6.075555431420604,6.127245501310997,-8.486806031660523,3.457882623912544,1.0961166093114751,48.84907975460122
BBGI,0.6575674333064708,19.959999084472656,381.1201164842005,23.576023175896747,0.027657929181014663,-0.16323916838197225,9.06814356824483,4.959918920230355,0,1.883796917832093,252.02819776677555,2.6087000748600935,9.833953567498384,-24.307931552966945,3.4682116364150652,0.7945390937037332,48.82331288343559
CAMT,0.6736683591209167,181.16000366210938,51.63503049112137,3.825843289994583,1.3605633708830052,-0.6306946725423035,1.8436720414853731,1.7428845242465134,0,12.43656199962005,3.739333789540643,16.61893429393073,5.8756275635919035,-16.125746999898002,15.44339206355655,0.9178635780962564,48.70429447852761
ON,0.6026301947635373,131.82000732421875,144.3412786920863,13.3735624956145,0.9170125839184718,0.05095141270422621,2.021691046912093,2.162037866596185,0,0.8559306900611124,138.76111122759355,-9.397752440945997,5.646498670838071,-2.2976511167913096,0.6737279156365313,1.5077742089547055,48.698159509202455
GLW,0.6290157193419293,197.6999969482422,125.25658572036672,3.37432933322733,1.0810433791713847,-0.013975874918155171,1.0622185816496417,4.532115120557401,0,7.544841481065685,9.050494467537131,-13.735734456222831,6.527025117777106,-6.509745666741074,4.253214277036786,1.1138944501703727,48.58527607361964
RFIL,0.6245400653618842,18.399999618530273,195.97295645907903,4.299518030010676,0.9864689327368539,-0.1831455267702042,1.902176025581144,2.499995076002069,0,4.163904660345274,155.20110290744475,-20.5470311576318,7.201085328782114,-6.929695535874926,2.459785077479565,1.0495701586792991,48.528834355828224
LASR,0.6794477209515709,74.88999938964844,110.90253706788256,-1.9292669635113864,0.9122185549390105,-0.5207016245682211,2.6839393144413073,2.123119215145435,0,10.057712827594917,70.74783024801393,-12.806841262504932,7.6044876901479945,-13.870037931840157,20.31861039223968,0.9784431606096535,48.3840490797546
TEX,0.6220581386411799,62.66999816894531,23.40469158796146,3.782331499703654,0.8086552583044951,-0.589794524882676,0.7659159984889258,0.40688887963021825,0,30.059258867685152,6.5141183739359,2.4906577324134127,4.140168393815274,-12.12213151333986,2.50742409191814,0.8378062802489404,48.371779141104284
AIR,0.5847364067209364,115.52999877929688,27.674964293135986,4.3150835283493585,0.8883351044871374,-0.28086804748706307,0.9391492217843751,0.2813095747194055,0,17.847723443456275,26.48347209436734,9.468450804785698,3.4963082186743306,-9.181668413760436,-1.5304717217592374,0.8431343768552425,48.33742331288344
ONTO,0.6750835667197639,274.760009765625,66.68466857168181,2.0212305362355796,1.130169565363975,-0.5020494172800837,2.121846835431941,1.7105881642031295,0,19.18009839733085,10.754598410811104,5.808531637904034,5.42369437918821,-13.050629820963447,6.5570030754371595,1.0226741593924666,48.252760736196315
TIGO,0.5691963438500786,87.29000091552734,60.982379148191534,4.800610890104648,2.5929945411299395,-0.0543057460626449,1.8902526160547877,0.0,0,0.8832018582829282,2.2610125250152833,3.2570150771544912,4.389311006484355,-2.458371885947137,0.17317190072074748,1.3387208950311835,48.24662576687117
ADEA,0.6334435033049918,32.36000061035156,148.63031209462164,11.595833955355529,1.824099715621208,2.680663382517249,3.3683564029523834,2.858470726000848,0,3.570862961519002,1.8227124719339836,-8.779144179964678,5.946328111111626,-5.590123255312561,4.793981040353922,1.3572207689851723,48.17423312883435
TOYO,0.6075294081634274,16.989999771118164,159.25354006350082,20.155585286122193,2.2095895095893914,2.1822385199320182,2.58976185967754,2.177750974230612,1,0.0,1.5540958516460324,-16.63620400494025,9.449676907839006,-2.524386266945254,12.841854258891209,1.411106000531151,48.143558282208595
ACLS,0.6201837395687508,161.8699951171875,84.65332932622611,3.290725977328645,0.6827586374212394,-0.11330057505220982,3.4842772346601096,1.1676032906953981,0,5.37993193506395,97.3783573951434,5.175442165768346,5.335851601218796,-5.6756631073164785,1.387856305806414,1.1309723442297408,48.109202453987734
RVMD,0.6113097576071386,155.69000244140625,95.01283975304757,3.3379595029280633,1.3098284501969266,-0.20390867009185618,1.8466182509461626,0.7001068281785421,0,3.9377721885010293,31.228930581635023,0.7480008128813161,4.168355896061639,-6.492491026143439,-1.8111426064848586,1.062781702806558,47.954601226993866
CVE,0.5738494110291434,29.790000915527344,58.89374746011566,0.91634696575732,0.7867251397382201,-1.14575126525578,0.5538737935626257,0.4790204461972025,0,5.724691164063348,19.68662774543865,-2.2398332469149973,3.4569849129852823,-7.109444343380365,-4.284591704649592,1.018016368377325,47.803680981595086
AESI,0.6381835794468825,18.25,94.7286163646541,-1.4472417001615336,0.5668883341472091,-0.37607356047091217,0.6027430703864936,2.3561660556286004,0,15.20270883557466,62.36655134345087,-3.04514079307574,5.58121115727434,-9.339290805025614,2.59836952119783,1.0631406560692584,47.74601226993865
ITRN,0.5558323581509643,65.26000213623047,58.59446527484917,6.643573123537537,1.6384273575115718,-0.09277146788551731,1.133922524570937,1.3484480916312063,0,6.023479993537616,-0.44241174984223414,-0.16981200518443113,4.184362103257761,-4.450952825257003,2.3790462842984166,1.7363708881778508,47.720245398772995
AEHR,0.6293807948895571,116.58000183105469,407.33678517069745,17.99117664563302,0.6352045189141133,-0.19862547076123868,2.478898749446518,1.8528015086382799,0,0.0,84.57885071541146,-6.740407750158162,10.01641293035666,-4.285715180517751,5.3840185494735895,1.2332116322018458,47.611042944785275
RES,0.6198630976631192,7.260000228881836,24.47302919464669,3.94589649580953,0.6875256687171715,-1.0666253763649172,1.9283727555456889,2.4793363999873144,0,10.017528134059189,34.449515782558485,5.4056170756329225,3.79771744571272,-10.502950536010463,0.701270395737868,0.9025416958585532,47.56687116564417
LNTH,0.5805364587737762,102.81999969482422,63.89124713431072,6.24370327600354,1.1074959733642344,-0.37026542056952383,0.904493588724987,0.5105951157726918,0,1.71378595447096,55.976945616334376,-11.967495503034922,3.936558871690839,-1.0299352210031234,-2.1686431258850907,1.422520954973244,47.56196319018405
NOK,0.5930617804972436,16.6200008392334,156.7782439398287,12.765890784650235,1.2974296858315257,1.2996099329266548,0.36100759873090493,1.5643815628001176,0,3.537283173306766,0.9720641777067733,-11.523885564856567,6.031888509985848,-4.756446345958077,2.545455007533553,1.3761400140372366,47.41472392638037
HZO,0.5781050889240025,34.880001068115234,36.769380724874104,2.769597240154616,0.7703701768578421,-0.8366551066071573,0.8887544412039591,1.3618184468433225,0,2.5607252492186108,16.26667022650856,-6.754157229175503,4.125367406378253,-3.7793073981985454,-2.850627195725904,0.9372638800526225,47.37300613496932
ADI,0.5589730688475506,428.760009765625,46.834281700949276,3.326741001377234,1.227481247901302,-0.3912111002769829,0.8186349398483698,1.6769293491992836,0,1.935261530994729,8.010156774369829,-4.032436370020048,4.361079691064675,-2.4880605271009877,1.146562139208695,1.416307671682627,47.204907975460124
NRGV,0.6214169751193972,6.489999771118164,82.59203151339894,22.14170911489368,1.3324237483565557,0.9770554037686784,2.38829299307913,1.0785851174002545,1,0.0,108.01282077210954,-41.09263665052168,8.626458394376819,-2.3325840516166876,10.56910836723012,1.3086965368763828,47.19754601226994
SAIA,0.5568320751966354,471.42999267578125,38.178904990786,2.574421896709565,0.923932165480288,-1.131904640174271,0.4242217250349596,2.4096865978043653,0,1.7089231208907336,23.527401367967666,4.000885783912924,3.769076919841643,-2.797939654472324,-6.364678856675819,0.9930446954852941,47.182822085889576
RMBS,0.6289693280972898,169.35000610351562,64.30186776330655,19.648581971307664,0.9190501394687575,-0.0819171120963213,1.1390615795441368,4.033068547301676,0,0.8743686085047118,72.0162634355665,-3.698871936083646,6.575521304291045,-2.7283169634976825,7.185244887923729,1.3724281386659785,47.12883435582822
RRX,0.6150525838338248,213.86000061035156,38.108998774047365,4.7119393620163725,0.8308080341701691,-0.3487798536906833,0.26185240671135845,0.881422313773689,0,17.606858571632035,7.140444239538496,11.086136680506886,4.436982007600284,-9.515551052373922,0.9823604519061095,0.9600842241281067,46.99141104294478
CMI,0.5720620113643425,678.0999755859375,24.37569636506527,0.5886177783262878,1.1319303796213287,-0.7636115680396086,1.2903701983511109,0.6097935281660928,0,7.119956803495056,26.240002345222074,0.8648113670344358,3.6626999972556114,-5.271039009917701,3.0157715295246525,1.2314382629630474,46.88588957055215
SHEN,0.6131592494028278,15.90999984741211,35.73199907128788,-0.8969727608721945,1.1557080194148637,0.2562419269493884,2.514145669489191,3.4883740443980757,0,22.884121769892673,-2.332725885421509,2.2811279132257503,3.5579622138424702,-8.299714710741908,-4.969370433718577,0.8537700928251934,46.84049079754602
AMD,0.5980723170951672,523.2000122070312,131.35815048443857,11.073843292837397,0.7450378858868164,-0.5811519119182719,1.7182702646422072,2.9128246036013166,0,0.6625666118115371,161.3517187795397,-5.721536940456471,5.615853361507319,-4.252981138002329,0.9446377209532514,1.3716019728637943,46.817177914110424
WS,0.6443338684099484,42.79999923706055,14.37463723771546,5.141620531204789,0.7989285988973828,-0.1652614975414251,0.28037134117062035,1.5186951809589815,0,13.638746716024064,35.65768707350233,3.7726881344801915,4.09028757050012,-12.526787880232998,10.551134368998046,0.9383734116631125,46.815950920245406
ACMR,0.6203040661583485,90.20500183105469,162.71024165290567,20.908914730884156,1.245736507113507,0.35573729689286,1.5021292611487533,2.21938790611029,0,2.1990212109361273,58.14340880544724,-16.919463255681126,7.7635064149694095,-4.253169702806727,14.307491194815183,1.6985924010111388,46.78773006134969
GTX,0.5774395176557211,32.86000061035156,89.19430156603252,4.853551396736696,1.3401445032583872,0.5721595372605311,1.6125976485372122,0.6695048973264259,0,4.947352836266527,28.623353925910997,-16.326523806531355,3.9950505130061877,-4.0755915962947125,-1.1692691471002765,1.4272887575639925,46.703067484662576
SPHR,0.6046062503637396,142.17999267578125,61.96742819626,4.922916308856147,1.270711426552969,0.5467053479646513,3.390074252694685,2.10556918997934,0,3.48695853699646,32.34663713261463,8.447380284695026,4.37969399507762,-4.577186123606026,-2.246996897656774,1.0251997468425917,46.69938650306749
HIMX,0.6270686956460821,23.93000030517578,197.45379582773978,17.180423452595083,1.2803034556121906,0.17371018823737458,2.3104902100162694,2.8420450729279843,0,3.2613423458928317,136.22902303525004,-66.99108093529654,7.84816109094465,-4.623355282228758,10.568185055828252,1.536724266635963,46.65766871165644
FNKO,0.6659785433058358,5.289999961853027,56.21715776841489,1.62328266797786,0.92793440688371,-0.7442318266606072,2.9300606974816343,1.75803281291498,0,5.453548116101795,0.9542021547579518,-19.634694840428633,5.448286295143685,-13.13629179900016,5.1204771458568885,1.0060733988550554,46.651533742331296
MPWR,0.6061755059659404,1652.5999755859375,62.48141401983225,3.6017681841120917,1.1435604550888057,0.08702599073884175,0.8525938538337632,2.0767243613732616,0,2.3194007901781784,77.00214066682292,0.12103973308012865,5.117304241058617,-3.5873257215476344,0.5495757986781687,1.242609665821107,46.60858895705521
CYRX,0.6000989929089294,16.15999984741211,63.742108684036445,13.75074677623435,1.9533046716099387,1.3810861966201908,2.3514799772967847,0.7116322536937647,0,3.537726416890224,5.9672121137864735,-4.41292701410519,4.179190667723443,-3.4070514667447225,-1.595093503187311,1.1889191925725868,46.60490797546013
WHD,0.5501661575836768,58.880001068115234,21.439507376907983,0.15673922302478085,0.8570449367460914,-0.7835173007473469,1.7747930536187662,1.4690924978948798,0,5.857591324200913,29.62932573203497,-2.861858796028831,3.4623867530854224,-8.20782651830234,1.9660589016391747,1.110482003590933,46.59141104294478
SYNA,0.630682458549177,141.08999633789062,87.25116670598614,6.407928747280655,0.8356139564034528,-0.057448005910390086,2.771283410283572,2.480686151265599,0,4.9605610418985115,54.2472881321162,-22.20046392388974,6.38852635687321,-5.378582415383872,8.011555717020794,1.2994823705594731,46.57668711656441
DE,0.5574742337049156,591.75,15.219530662676739,5.337078216777383,1.5903022468490449,0.44698698204372667,1.750736857041824,0.7401782649438273,0,23.012000580441974,-10.350335477738096,1.85754681263181,3.0017509048335747,-11.971287472633595,3.0998043644531927,1.1197481358151007,46.493251533742324
DAN,0.5873944519013367,36.689998626708984,53.287112747472776,5.833990064277071,1.0558116199016376,-0.8712926868150485,0.4088349182047182,1.7443429097462486,0,4.357974854725502,55.68875758019064,3.3441570799328586,3.8254888595700463,-6.931658795039736,-0.8693068849949973,1.0883678431974875,46.34846625766871
CHRD,0.5703113136887784,140.07000732421875,42.47590697304013,-0.07944060810751494,0.8139940059470655,-0.522991786198691,0.7496164332531638,0.47833093018242706,0,16.455318003502075,4.719086511360226,-0.8449264358743488,3.6498757430973465,-7.010557110167093,-3.788596288849577,0.9592896315083783,46.24171779141104
CORZ,0.6491526191941547,27.90999984741211,64.7029088820672,10.202952369063025,1.021585196392784,-0.7040452840745764,2.131849934024072,1.5263367875546943,0,3.265205405388414,13.317096217108631,2.5578529525269156,5.606284599067153,-8.371632677680292,11.216618993605827,1.209560572261665,46.23803680981595
DOCN,0.6219572916242202,180.5,292.8077836952049,12.835773045283554,0.7572411132130625,-0.10219451808326954,2.1939095367563706,2.9030416810780997,1,0.0,101.94675044261992,1.1243013576072125,6.783735171862634,-2.146810457395488,-1.0127185926576383,1.2715635644332133,46.21104294478528
MU,0.6372676516693077,996.0,304.5071883348335,18.71982922056096,1.0024167958187682,0.8708752660479688,2.9387447249907743,2.441767803633969,0,2.6834636096554605,11.175603269566459,-20.558360087324175,6.865748166354033,-8.564297452192315,14.54961430794639,1.4217308057075797,46.1116564417178
QUIK,0.6164925684119473,23.739999771118164,287.2722617093509,15.055613376449717,0.9624535823129665,0.45597991539461513,2.4852576168969724,1.1794468800895241,0,0.0,51.21019145870454,-17.49192687389861,8.183896139873184,-2.4249903592838535,-0.21368011212764443,1.2108918891333385,46.089570552147244
NN,0.6337113639700541,23.59000015258789,60.596221325602784,10.340634975475847,1.1338600165064978,2.1887626628612367,3.518439670632291,1.2717220648890877,0,0.0,34.26295140571014,-8.794623743203685,8.33979261473413,-3.3988530756713637,13.498919752007884,1.1894488904599332,45.939877300613496
OPTX,0.6096183830610111,13.140000343322754,776.1185057205817,38.607598275309876,1.001221266800451,-0.1271900435526063,4.604258191650072,3.1202422881918204,0,0.9055449833745032,427.7108549686433,11.548558104221893,12.343986304416006,-4.401597287955915,7.984288838449985,1.3649713254659261,45.91042944785276
KOS,0.6711595066113886,3.0199999809265137,170.52363116316738,1.9065284201484765,0.5597633586381375,-1.135974589246155,0.6622510280200503,0.33112551401002516,0,9.618423167548977,50.24875595785393,-3.460204185746286,6.244085070726974,-9.580836567972678,-2.205880225234368,0.8660506147930931,45.89938650306749
FN,0.6120861791915218,714.780029296875,50.149411739423776,5.142773599838342,1.7067291987499136,0.04807130309870688,1.368248672437808,6.131958825556132,0,4.8249772980305625,9.266854995858571,-2.500401978711264,7.300847172510938,-4.554738971587131,13.211621900316542,1.1078882242359618,45.87239263803681
DIOD,0.6364208047627505,112.5,128.5625884922396,6.930524155116837,1.2170754242980009,-0.46815106093393505,2.6044447156886545,3.493333604569643,0,5.919015193738338,44.230769230202164,12.141321496458437,6.193015931144593,-7.756640829295882,5.535565847899529,1.327481073103085,45.83926380368097
KALU,0.638140000893278,186.85000610351562,80.38145451558269,4.721875355734003,0.884135676100963,-0.6864515580752418,1.5734477316381188,0.7546179374062645,0,1.454972215545155,75.38015569509344,0.5542622825314837,4.262777279877902,-3.898568563373106,-5.7476358512678445,1.0982473485744821,45.65889570552148
OPY,0.5952636464234928,100.44000244140625,40.850606913848544,6.243231770179454,1.5755096462019307,1.3129067888095893,0.16915470199617805,0.3484652186481058,1,20.13381326592295,37.208504654047566,2.126777632243454,3.4384344944637517,-15.255708648674604,-3.2889412807634772,0.912648960134971,45.617177914110435
TSAT,0.6475482196326537,54.9900016784668,95.94682919783317,3.4084000096201543,1.4847129613248962,4.0309782719603975,0.20003053699736395,0.9365397137967443,0,3.684008922737207,100.7667137745232,-9.161237984041055,7.648792835603737,-6.985787090602787,7.981696434645446,1.138699832376313,45.53128834355828
BTE,0.5947781965921614,5.079999923706055,49.17338267576638,1.5289280498944189,0.8139913001136212,-0.12291726959263767,0.885828286632291,0.5905553199409844,0,7.77689268713669,13.646536062852595,0.4016060410822759,3.7190684071455626,-5.223884380251356,-8.75911544756628,0.9927143169024223,45.52147239263804
PUMP,0.6437421614339262,16.469999313354492,57.0306451346029,-0.16367102209121934,1.035630337172625,-0.22774985299062467,0.42502492463276176,1.3849413023305082,0,28.103451034906936,-0.8428735210364231,-4.946092305681677,5.671395266860155,-10.972976683977178,2.96296648299776,1.0069861022295055,45.46012269938651
NBR,0.643669614567525,101.08999633789062,90.13767018832148,0.49806357152786623,0.8952008174396154,-0.7025586519274163,0.32644360768240677,-0.5045030712245306,0,10.25961064247031,40.57848865157395,-1.9310048909112372,5.037942878050567,-10.460589041866921,-0.08140446163785511,1.0538841128242278,45.40981595092025
ABSI,0.5970430674238237,7.340000152587891,130.52488787295633,30.038091929515353,1.3399257256989552,2.41580904222763,0.6811949979764584,0.9536742964508245,0,0.0,51.340212296984774,10.92436368500168,8.286298796365777,-0.6765861271215041,0.33222559772817545,1.482670554190509,45.40613496932515
NVMI,0.6427597247404098,520.4000244140625,52.59502525188664,2.33861134696304,1.067989642565961,1.1112036052853478,2.910253225509917,2.1656396012547297,0,11.281661827116372,13.664168394293208,5.778797732734117,5.56597940628217,-7.893800988647532,10.537048527725004,1.155893965917212,45.38773006134969
SIMO,0.6347702495173029,294.6700134277344,222.7060958471081,9.010065606389524,1.296020713633142,0.2245261685331872,2.487523751390596,2.1328955698539027,0,3.405538609259994,35.75757976231513,-10.398853952214834,7.174127195219297,-6.257550149281671,5.352324688200671,1.4242879484814535,45.3840490797546
SLS,0.6190631584765881,9.039999961853027,538.640372306236,20.17281415035481,1.5541802723932496,-0.010282727489166713,1.9911538264981705,0.0,0,4.318040185489189,38.43797352242297,-26.796118225595865,10.117732511503585,-4.942168829312935,15.399999615450275,1.8921389571647884,45.214723926380366
EC,0.5903990646070887,15.640000343322754,53.93928683706191,10.706071703197104,1.1619376816512008,-0.7667209729593301,0.15984410473077887,0.12788016191401136,0,2.6839589902234913,-3.753844040859739,3.6676630514476742,4.208531651433299,-4.924014480244438,-2.8826355428663826,1.0308957561055168,45.12515337423313
MTSI,0.6537127425732883,382.739990234375,103.4118923455942,1.9775198282933237,1.4397394417677012,-0.12189189143255719,1.9856838316899736,1.5597820505501432,0,5.599031469646137,93.74334817558076,-23.156124979658024,6.07555175584005,-8.632132773665942,6.390418023135575,1.3158760902910724,45.058895705521465
BE,0.6765775277830048,291.3699951171875,165.77588957220303,2.37176047505583,1.0611442440158567,-1.138251140188389,1.4826534634997124,2.290907925450357,0,5.09931033898961,139.14150022440853,-1.5027878679238689,8.411396857290448,-9.745064821584764,7.122291638201994,1.1198459772572886,44.99509202453987
ENLT,0.6596218167314816,95.0199966430664,120.77392533783862,0.6349227409043003,1.8942848207522833,0.7832618779069949,0.5683023938109816,1.0208390391094562,0,13.8796517554267,35.68470412539909,1.5918780855168206,5.847415407447753,-12.544873162694412,7.242824387590541,1.274792947086661,44.98036809815951
AAON,0.597289059536143,143.64999389648438,46.232463629072676,4.197263575068858,1.007309585036001,-0.04082923130379361,1.2217229080183303,3.7939416496819147,0,0.9689635475067172,11.141194503963609,-37.711079261649814,5.378150153653152,-4.526128215777824,1.4998239545003857,1.154894845786853,44.91411042944785
CADL,0.6164925684119473,9.270000457763672,98.0091696510977,11.077830689537903,1.0180171203489519,1.3529515369003888,3.23515735076157,0.0,0,0.0,81.5866879982937,-17.169062203437218,6.391509080407571,-3.133774804807526,-1.8711050652772243,1.062102181950273,44.89815950920246
VIAV,0.6647042955933009,53.209999084472656,191.29888336396291,3.897369761547819,1.049174379408723,-0.2696603692322819,1.5974484183940274,3.7211042590995005,0,6.02382675731196,1.5457968225024894,-1.188681260572354,7.239508363585894,-11.947710051501128,7.4012241206968366,1.1613115647341057,44.86134969325153
LFST,0.5555484574090905,7.639999866485596,9.550491606337808,-1.6667761609140999,0.4936076337955592,-0.33474260824765156,2.879584696919805,0.13088680913771739,0,27.294930030272702,0.924698721633041,-10.054351011287661,3.2357891044793834,-14.060747226353273,1.240308931152762,0.9760080528296218,44.74969325153374
ATEN,0.582709161105116,31.700000762939453,72.02888593999666,8.976983373733464,1.2470518809149276,-0.16789019427918153,0.5678182759916739,1.892745637256454,0,1.5078537512203143,48.033567953110804,-3.7799374316666,3.9274439096399836,-3.7936266191775108,-3.122220919559913,1.2871267737049017,44.703067484662576
PSIG,0.6407666430806731,8.670000076293945,100.78066197085526,12.305699705494872,1.2562313403838896,0.5285517281462287,2.191459961815858,0.6343639101630905,0,7.9518724680015005,-2.033901665499696,-11.993769028910535,4.675399294742999,-6.270269444792994,-14.392523261838658,0.9902699899070827,44.68098159509203
ACRS,0.6752072459187116,4.710000038146973,62.7250989037581,1.5305018121831897,1.1108229388196964,-0.22981587971716916,1.2738841248588948,0.21231908277535974,0,5.252249519765443,6.320546740295298,-6.485354165436672,4.587503898798176,-8.543690271594642,-13.636365274232661,0.8136716590485029,44.63435582822086
CRON,0.5654988643556753,2.799999952316284,2.1017906352693405,3.1497501030989263,0.7605260831116221,-0.3643532928159842,1.785712612497185,0.0,0,24.091949692231456,-14.373089639386786,-4.198478560198356,3.3852051075537246,-18.36734991241153,2.7131757862656958,0.8644944249995423,44.62453987730062
AMPX,0.6298491453407592,22.540000915527344,95.83131568615741,23.72039754862948,0.9492051226265252,-0.6764018365161882,1.774172638828558,2.2182785255939255,0,2.023743742506244,39.91309783467681,21.045515834557502,8.274148570387979,-6.955622040616034,5.067565354058902,1.1152560784281123,44.53742331288344
PLSE,0.6360419538891059,26.940000534057617,95.67096412369335,10.84139320516138,1.035589215088446,1.0973517444369167,5.902004903521766,1.9302169541050445,0,3.251273934733904,29.831327873538815,-24.726706018388796,6.4988326668553515,-5.573081367910435,-1.4091086150572152,0.990977770591222,44.4920245398773
MITK,0.6208329516949337,15.920000076293945,62.65086288238939,1.96957552620326,0.8746907581251213,-0.013348052465747119,0.06281550774675473,0.25125604057048767,0,7.810090540841622,8.225697042330804,8.79841916678632,5.509691595385702,-11.407898248627093,4.119317661986162,1.1080149302148075,44.48588957055215
VSH,0.5859989012081875,63.66999816894531,347.3195151849334,41.13135105798724,2.169471552578297,2.777662285780265,4.0364375195433215,3.926496107832615,0,3.1984551105730024,-0.4689745912589265,-14.71989995355996,7.338059424612613,-3.8798305822275716,1.4238785630262747,2.3522351570604823,44.33006134969325
SMTC,0.5821244884171662,169.35000610351562,120.80846313784102,15.503057408728676,1.162735761189858,0.2948714847702814,1.1927894543004762,0.6141087975461736,0,0.0,2.973366891639791,-17.241381517453842,8.343665682949238,-1.7463416663725058,1.3598429763685258,1.6561457599150546,44.27852760736196
TLYS,0.6496755615779856,5.269999980926514,246.78404921283192,22.85814089636558,2.7605240295737503,0.46858502878229297,11.954461415588348,13.402272945380917,1,0.8254030834973435,119.58332376332102,14.622639596259942,7.386826758829504,-10.677967866963298,3.571419650154801,1.1536916507346329,44.26503067484662
OSS,0.6394671523626879,18.899999618530273,199.64802159732457,10.795202784694382,0.8232050284935304,-0.3890097094562307,3.2010558434676004,1.798932550707151,0,2.0513991800528,23.28766935654549,-3.4572715953966577,7.902870712568884,-9.48275680902281,16.261059692833427,1.322073718383255,44.234355828220856
XPO,0.5524661369520634,219.25999450683594,50.275472986853956,5.284130727949358,2.0977412161293967,0.08594544145427467,0.21664057074426735,3.9405270482845243,0,6.854630530083552,2.3383871677071433,6.2860397658541105,3.7696607581250827,-5.270894259525491,-4.411528546064246,1.0663208332891962,44.186503067484665
AIP,0.5998985943252138,37.189998626708984,140.07481641221034,5.521504292452041,1.3027215343774812,0.3523574438895966,0.6722237408573972,2.984675050578086,0,6.619314485992037,4.613219197745077,-13.180513879746897,6.52345127468818,-4.616575979030397,-0.12180546692767127,1.2402134077994793,44.18036809815952
YPF,0.6154244049927886,55.119998931884766,40.92534734912769,13.63542491481187,0.8270731065448724,-0.6041277304565937,0.9796823765995712,0.4535558868649564,0,0.7453999023471877,32.53185556463546,-0.6241342307751188,3.905765032538872,-1.8343767871512529,-8.599623423938576,1.1260366702479103,44.16441717791411
BWLP,0.5813473567349489,20.329999923706055,64.33378667781638,-2.4706162852277216,1.3444943904682507,-0.5282823065289,0.6394449643288976,0.44269627605122536,0,15.402110279237958,-10.084036377693915,-2.66867453666612,3.448809615953589,-11.30791755132387,-2.7810723744630974,1.1227424168824107,44.119018404907976
TTMI,0.6459033284650016,184.83999633789062,165.194508318859,6.376608936783816,1.2575608715701472,-0.29279070863206175,3.4949182221488675,3.403484359887591,0,6.064683649047499,91.5837374643822,-2.5388775206760217,7.869005838242918,-7.893161708154338,8.944761085910349,1.3222253495954104,43.95705521472392
PENG,0.6026301947635373,71.16000366210938,231.38578846773842,35.63845567248507,1.3931342824420836,0.613621367704718,1.840918340583049,2.3424684499134956,0,1.58728596871253,47.42076442261543,-23.800970452853242,7.986920134953218,-2.839970319907247,1.1235891244488154,2.0417842061766263,43.94846625766872
HYLN,0.6040594382089259,7.619999885559082,309.275138251796,52.812592399618616,2.0049240759938844,2.1024789443334684,3.0839912993820517,0.5918600515934547,1,0.0,27.212022979168204,-50.209194815544066,12.537588696495433,-2.991726708005862,3.8251393864625283,2.8328145242210994,43.934969325153375
XPRO,0.6461471590314758,16.59000015258789,5.607387030929645,5.223099966390985,0.872542020173732,0.29277137324135716,0.4219390848473261,1.748040742424644,0,38.541642322972656,27.9105613781861,3.094059434964229,3.999828547212651,-11.425517575205825,5.328980830389103,0.9082339710789175,43.84907975460123
CHRN,0.6015960650181278,23.360000610351562,396.106766880573,39.568928894474425,1.6261805087903138,-0.05627746018159254,0.0,0.0,1,0.0,120.79395820034068,-21.742308538163975,9.933646851423797,0.0,-1.4285677953903597,1.5647854672942982,43.80613496932515
KOP,0.5856012626260286,42.15999984741211,33.22368836760536,1.6667463448914894,1.0667489774223438,0.48975569193039037,0.40322146479256976,1.0436400101779324,0,9.258672332903306,20.37634957819867,-2.595526144834471,3.5882931339541333,-8.939455044541461,-3.9505535584298834,0.9434234332558514,43.804907975460125
MYRG,0.599546879184264,451.3999938964844,95.76364884742577,-0.604652524559082,0.9109658835802255,-0.048393583229089536,1.1785572432743443,1.7944119839259574,0,11.14407785426062,11.509102200726137,-2.900303988034071,5.295114246550801,-6.872149975396604,0.6440213308348152,1.3066571123465058,43.75705521472393
ENTG,0.6430131850026076,139.8800048828125,63.79189915167656,0.9013211427029615,0.9682733637110178,-0.4799712431044536,3.0597645337887567,0.4789806588166966,0,20.856591357906147,4.898627212595806,6.94213222236489,5.2938241675672915,-12.04728904991633,3.640991660001015,1.1568279945528503,43.742331288343564
TWLO,0.5867282348678525,236.63999938964844,70.63404412038203,18.30757790451722,1.5241250135557887,1.119105208616848,0.7775121661147872,1.4283320197414062,1,0.0,29.071672366152253,-0.6321874359699711,5.086988906030913,-0.7715135543663642,-2.467626644417625,1.560595078582023,43.69693251533742
PPIH,0.6258770540198249,32.650001525878906,15.869563244080375,1.6152677384427352,0.8703063520940398,-0.7654826464646498,2.082696089971008,2.0315394247445493,0,16.417672814117022,0.18410976682493194,2.6567145958861804,4.955873610364519,-11.083876795784722,1.4219586918524036,0.7820929127395562,43.52760736196319
HUT,0.6452079759838322,127.76000213623047,227.34647646028722,14.573713046963158,0.7572070135727202,-0.598631453157781,2.207263343495549,3.3430673401881523,0,1.7511830960599395,218.12749656243335,0.569123125281561,7.597956593069326,-9.26136408579569,11.906103572711418,1.4701709457334815,43.51656441717792
CIEN,0.6584634754615344,535.6300048828125,152.78930051383662,-6.432737688937647,1.5887764956818458,1.5281169325799495,-0.8177295601210017,8.322912585808917,0,12.229820008795137,97.41633142511957,-0.19245244005682113,8.180352722809548,-15.980926310491656,9.583584104625297,1.1170865750960486,43.45766871165644
AAOI,0.672393538238241,202.88999938964844,668.0269890260058,11.94764783836708,1.0793665843173743,0.9971909325802446,3.3269259304414587,1.1375615674297952,0,2.6972474294431503,97.92214921529212,-24.958000724084386,11.024024156209311,-13.172422228082084,25.733103419732178,1.1767561841945189,43.3521472392638
MCHP,0.6196218571726865,96.30000305175781,59.94914786554653,0.8491650683575727,1.0836881699223195,-0.03177031721937275,3.426786415110894,1.0809972307484008,0,13.006040764066128,28.079466650166037,6.033810832776123,4.734545963803839,-8.617382197549347,1.554169875629525,1.2905024436966581,43.29570552147239
OBE,0.6753316434158417,12.130000114440918,90.78483939831783,-1.888623405825673,0.5474646528072737,-0.42917051190030303,1.4839266567413247,1.1541660510335863,0,31.18822847883583,3.6752163431534015,-1.0093176496564629,4.964081431318788,-16.860863689175652,-4.988911157182092,0.8512398933893196,43.20736196319018
HGV,0.6142050986646094,49.0099983215332,5.47338371974706,0.8996734146797839,1.5991287031718833,1.770204528143824,0.39787737502240283,0.3060553281281721,0,10.806317121932107,-1.822916427829481,7.015017083986202,4.0367847933020995,-8.937200669780408,5.666752398330042,0.9709247003994356,43.204907975460124
LITE,0.6723607911235093,945.0800170898438,200.3839633857921,0.8344022001937388,1.1433935503946218,0.15526228115407306,1.1000962207184073,3.7986098208125796,0,10.101191897624632,33.797699406096086,-9.116995292627887,9.114925668380092,-12.950411692688151,12.372969946872669,1.1584159553361493,43.20368098159509
TXN,0.5998835409060636,305.3699951171875,64.54733301089439,0.48618894639649923,1.3646586008784813,0.04564942026366082,1.6570054817060125,0.6778686044179272,0,8.351654999984657,8.748750184724141,-5.838859091305872,4.211052229218468,-7.885135856633541,0.2517573966428329,1.38932130869528,43.15460122699387
VIST,0.6270843879734024,76.5199966430664,41.35125839537051,4.484842311243767,0.43996702929261605,-1.0718230583413,0.7318416264354419,0.11762149925830588,0,4.001994605114236,36.642851147678535,0.2770007612669771,4.335003674754926,-6.041264305976949,-5.1700097184749625,0.934421950558184,43.14846625766871
NBIS,0.6281048859410351,259.6700134277344,157.50825762431674,20.502117612723424,1.0021904815149023,-0.46735986764641396,1.8484952226823417,1.948590805325333,0,2.070312538018154,123.21843835575561,-6.243276520141214,8.620223552005891,-6.874904304208155,9.703247037192893,1.3826890858211143,43.127607361963186
IMOS,0.6231508275193057,63.93000030517578,116.35771192139354,11.624252935489574,1.5277622323434792,0.3720540217143571,0.6413202420636266,1.486001499123536,0,9.74490076419814,-9.009396012671692,1.7117130863465515,6.012155425245189,-9.94505954492702,5.243643088444651,1.5377752281163912,43.12515337423313
DFTX,0.6336316618443834,24.59000015258789,92.1778310609383,9.813554232642538,1.194890176664723,0.7806722213146859,2.318014197901707,0.24399945330471412,0,0.0,93.62205134611358,6.020494631761877,4.951199666102628,-6.323808942281414,-6.239452758946819,1.0191896792198765,42.98036809815951
IMUX,0.6589091023084728,14.430000305175781,109.5996798602232,10.831622933247447,0.8788585733889358,-0.16070106824352615,5.613301793179572,0.8316000208795854,0,4.588231310484008,58.05038470669185,-17.51360500141023,8.286307525697751,-8.497147201053052,11.199996947346188,1.2493728694409276,42.9079754601227
NVEC,0.5859989012081875,109.08000183105469,66.14919833410092,15.526168477673544,1.5077566939550928,1.2703220022508968,2.9518650120094483,1.4714001924979259,0,4.286116269908266,15.700883180682897,-10.80204523458186,6.155874441367191,-4.616997858578862,2.674596338839459,1.485890242577349,42.887116564417184
QTTB,0.6178220049468451,14.0,298.83783054415255,74.05358220583163,1.1300335287766414,0.30333502098218623,6.070716040041405,2.428565706352061,1,0.0,8.949413107404496,-8.592326964722206,12.046887923260122,-5.723272423040612,12.054795771611943,2.070881333251161,42.88220858895705
AMKR,0.6433714862841813,73.81999969482422,70.80956188781451,3.3423018380386624,1.223350850458697,1.053962320523796,2.6280174063939885,2.2892111038282823,0,8.904480336190819,55.949203586038074,3.3799587635769694,7.132234439886724,-7.144654471829351,10.405888082425145,1.2744855774270452,42.874846625766864
AXGN,0.6200595285154891,42.38999938964844,41.36840828353425,3.2165359215534255,0.7723614770198086,0.06376011163089194,2.1467323908781712,0.22411234269581756,0,6.365501131721321,32.468748091636726,7.33670345036886,4.323796722875076,-7.506005463434705,-1.594604256409181,1.0059578668167954,42.7840490797546
MGNX,0.6502203608021305,4.25,187.57643982048899,5.945407558008867,0.5264005934563647,-0.4175760673040992,4.8235276154781035,0.941175572790955,0,4.599330730390216,23.906703120824627,-14.617942141805818,6.447059567235097,-8.405169776371904,-5.860808961693032,0.9305839813327182,42.66257668711656
CNR,0.6190369905063209,98.91000366210938,15.688666292911325,12.648550765877095,0.8871384417790241,-0.6266402197462353,0.889694895184988,0.39934953840642595,1,19.958326304838106,-7.609032304155098,6.106860597232249,3.963013483696123,-13.74965493876108,4.513123512607065,1.0302898901662836,42.63067484662576
VICR,0.6678625536254588,306.1199951171875,224.15952069521234,3.0042896419088314,0.7296869005143651,0.10136143047949445,3.321373669854587,1.9992144305453416,0,9.20800668465563,86.04595089777871,-10.319609421985247,8.652535839825864,-15.410764948923603,10.80332409966314,1.1702084489845999,42.539877300613504
ALKS,0.5628599737409296,43.380001068115234,38.02177485803886,12.511674261017303,1.114322475353341,0.12883962838614052,2.7431963978355323,0.0,1,0.0,22.680996377553868,-10.164213430082011,3.5039185693430883,-2.669954307449717,-24.507046074166126,1.2486592371134284,42.53496932515337
UMAC,0.6178220049468451,32.29999923706055,247.16953653904642,61.70617125756226,2.2383670137245457,0.677604684507792,1.9504677491536153,2.7554161320217965,0,2.569568293429695,9.121617637511466,-4.978962319083048,12.616541239721302,-5.995347312684419,17.826378440546446,2.1553563105380635,42.4883435582822
CYD,0.6128050097002274,58.15999984741211,53.97866859382417,8.726538246896114,1.2309096283328052,0.012778462523161933,1.8225608254019896,4.676755893728543,0,4.13845490181368,21.191910425159854,-17.88355336551076,5.983494444294265,-5.400129667355318,5.521472392502541,1.515422624439844,42.423312883435585
DELL,0.6389839179176617,422.04998779296875,201.04860735713928,39.11985553938019,2.382425300615438,0.7441234327671872,2.0021353989841306,0.6800130790641177,0,3.7056279405896606,0.2708379750869031,-2.123112228063741,7.006279781974528,-10.100754745635108,7.224007244678833,1.93361343033926,42.28220858895706
FCX,0.5945024080941085,69.69000244140625,51.22569460199815,7.879259471012413,0.8688021632554788,-1.18938348616865,2.798112368052012,0.9166330209773699,0,3.7053894130653373,7.2370002075674,-10.29726446905482,4.235983719079394,-3.329163571048265,-4.0722416467512605,1.1699483978932967,42.2
MOV,0.5658199226127617,37.5099983215332,72.93225912622503,22.1346654459682,1.7896130097030136,1.3249191063311712,0.8131173522142225,1.8661609691986623,0,4.5077835395329355,9.390485039193633,2.8715044036403183,4.306470078146453,-3.249940988704979,-2.5619474469310086,1.8535236037967875,42.11533742331289
CMPR,0.626980061523692,96.97000122070312,25.924382772055043,0.2750681398224136,1.0851858115975002,0.2656667973616204,1.7015587347539547,0.5878103409744472,0,13.237666542570595,-5.744553062243643,0.26809413847921415,4.518333205875161,-8.630920823220443,1.391326214057712,1.0604778299421915,42.08343558282209
FTK,0.6103867555170823,24.81999969482422,65.0612812145893,24.567124298036877,1.7940467443947157,1.1850048102636261,2.9008913357249555,0.6849318226323209,1,0.0,35.18517902705618,-14.635636256388155,6.1212158165333905,-2.8191119611009907,0.17647462731613567,1.4870766097464705,42.05030674846626
SHLS,0.6206274650281348,12.770000457763672,51.57989113291417,22.30922570890096,0.8416536992471372,-0.2814425649941202,0.15661318223078374,0.900546335057045,0,0.0,86.83248552486334,-9.363742377209153,7.128873689655377,-3.1107726698609777,3.941605615271616,1.3839517965325963,42.03680981595092
MEC,0.6110146967566823,32.68000030517578,90.13364703006988,21.14696777112618,2.6046720208732443,2.389087755816171,0.9485966046102894,5.9363540877660315,0,0.0,36.45093638318682,-9.850103637631188,6.351635558941358,-2.4477602829843024,-0.5602262147172599,1.574823396211568,41.94601226993865
PL,0.6625840841350294,43.529998779296875,258.1192040143514,-0.7795435398752039,1.2393907963274302,0.49814491025413254,3.756035336648172,4.433724693898599,0,5.970736781494993,28.672765069291906,-2.6455104259559445,10.13357061883553,-15.900308749920264,12.18975548207587,1.1915834718611247,41.92269938650307
NVCR,0.6306328792984582,17.989999771118164,53.02424262386312,3.094555688965492,1.0726466078622268,0.2894758723313679,2.2234553840862947,0.0,0,4.207966750629237,43.57542022402349,-9.73021800836488,5.757563959680045,-6.545455734111072,4.049296232470379,1.33699479546281,41.84171779141104
POWI,0.5939392967000295,85.30000305175781,136.81141503861636,11.613644935310331,0.9537098483333665,-0.4535508097771123,2.415002913094443,0.7268406740900523,0,3.4672856303719772,134.8065285358104,9.050233745137335,6.593388752225428,-4.157299941798443,-0.7675676188129923,1.3307446947601844,41.74969325153374
SKM,0.6297584866944393,41.0099983215332,92.81930890551331,4.641368519887056,1.8071210625636294,2.2787265917062998,1.1948346708357762,2.450615202453609,0,6.441001746803147,-7.697506099650414,-7.456615835900717,6.200578908604795,-13.077579363294186,5.056724300168374,1.2949687822304194,41.4478527607362
TWN,0.5933497041327256,98.20999908447266,81.76444567714445,2.538669420848531,0.8962583330437025,0.7383567292840906,0.25455656483860034,0.24437212707909703,0,9.43470456613145,-2.0642199042696183,2.904186461465889,4.765298094786564,-5.065246996904736,-2.7829874996060924,1.2563229521979808,41.303067484662584
GPRK,0.6074606686429177,11.079999923706055,25.19844550699133,9.626325126634235,1.1685943405169574,-0.6801150038956373,0.2707557145763002,0.09025477391509312,0,3.6343246872901602,26.626169152248703,-2.869285616393993,4.871502712788754,-6.655433609123945,2.061856584176833,1.129838721164876,41.298159509202456
BAND,0.6289882702557867,73.19000244140625,403.34048895573903,26.172255913177896,1.3687641114826554,1.6117882203736074,0.7378069374328474,0.6285051015429348,1,0.0,98.83183838597708,-9.817002117541007,6.828412490923593,-0.7324032156974503,-8.065493887724987,1.7704258967695512,41.103067484662574
LPTH,0.6234486883545898,17.6200008392334,110.75541205527554,21.341511550522092,1.3740821746390923,1.3919080164985886,6.527234652753543,1.0783230703586073,0,1.4645130563879403,25.94711313255177,5.82750587887161,11.650761141709083,-6.969375171774265,15.501265123611358,1.4115140939485955,41.09570552147239
ACA,0.5554878945690707,124.04000091552734,5.303559423584114,-0.7318658242622996,0.8715154563815032,-0.6153921672522089,0.653013183334977,-0.0725604374557562,0,23.119167425679006,15.45804967697395,1.9255641913618469,3.5833489511212546,-8.511580439290851,-0.14152138076686488,0.9626259845490571,40.9398773006135
FTAI,0.6391631042009734,250.08999633789062,37.50562833063806,-1.1835641934325907,0.7245821555510538,-0.8662848521274135,1.5154151660919846,1.3994962018621644,0,53.46845967604693,-17.940903664966505,6.309623608312067,5.840409396429086,-22.43309204274547,0.837817976292844,0.9034348220221012,40.880981595092024
XMAX,0.5526105166212598,8.510000228881836,43.856534651815004,1.8247104451618674,0.7050119549032998,-0.200317318066271,1.2338483322473717,0.5875462912362054,0,6.808958906398728,-1.0465133556429518,-2.7160407773636845,4.469532163606003,-3.624005634800403,-0.8356538190206035,1.540779490878869,40.765644171779144
STM,0.6153839887115534,78.36000061035156,215.60150278949993,18.213225763586543,1.1759165741424125,0.8626212914101207,0.35094630389661885,0.3573236052990959,0,3.281773450467409,57.63428294701305,-9.387400440025761,5.1648056722903855,-3.7582874322923914,-8.137710209558419,1.4893052866348586,40.76441717791411
TE,0.6346256335538003,11.65999984741211,134.2722259678138,38.817785140905606,1.3088676284170684,1.0883787821010211,7.117493985352411,2.7873136120470243,0,1.3942441381605333,34.02298968621202,-6.451615820757543,12.098688537722575,-6.644567306929043,33.58547990698185,1.9479975616900536,40.741104294478525
MUR,0.5801913372897878,39.970001220703125,17.82393118759169,4.942849773075295,0.9826054227981869,-0.02990512996085046,1.4761074169483117,1.0507930217788515,0,9.20576951976432,31.085458545232363,1.2072992048218347,3.6483363362884553,-6.974565610315321,-6.809941922610162,0.9308591551772031,40.674846625766875
IPGP,0.6466606415365626,122.51000213623047,38.85833707266231,8.57879926350504,1.57036766346757,0.5649434095085027,3.1752504463194984,0.0,0,28.671216049363224,34.863504045278354,-4.571312459353367,5.875158581700412,-21.377232461852934,8.838505075571158,1.0716613523752279,40.57668711656442
PHVS,0.6062262009159826,31.6299991607666,19.416634818098654,5.142436488172415,1.2132085943016044,0.2597824497661086,1.0117028474653262,1.3278535802227553,0,0.8077284690207647,6.034191222272637,-9.398864028220922,4.153155059763779,-5.100517782309664,-11.483819375589398,0.8829914097228583,40.5521472392638
TECK,0.6076665920584257,67.27999877929688,44.189847690314906,4.100261269809797,1.0158137725568868,-1.1551274360182187,0.7580293482107259,0.4904902452990671,0,1.608447695691186,48.32451030315843,-7.789063291431016,3.761466042551857,-5.571931537750745,-6.5691897372924215,1.141705547418706,40.48220858895706
HXL,0.5608794816173539,89.56999969482422,7.698247991162055,-0.31495950469660106,0.8575280878259147,-0.5936064646426831,1.9649460111726678,0.95456442987289,0,21.908481568299052,6.354528047883974,4.052657054336486,3.5817974733840923,-8.665635174831696,-0.012365801765747616,1.0090783889320327,40.39263803680982
IRDM,0.6116439899602558,52.06999969482422,204.50225202509006,12.653202281139958,1.0328879275640408,0.06905381713403355,2.398885613101866,1.2195089787644597,0,0.0,207.43006473013986,-6.159152477310392,6.403343918283657,-3.2695561514590605,-3.391725121005863,1.34265394975271,40.34846625766871
GFS,0.6388953448528567,84.69999694824219,116.39806660850513,9.202957502312923,1.0916171162047026,-0.16419653774377596,2.5331752568068677,1.1216021044386675,0,4.95383973442942,131.23121615373748,-3.7206012426428403,7.053516402092192,-8.481907989825517,3.472227051226695,1.5719793111004834,40.29938650306749
ROIV,0.617450280065276,29.530000686645508,35.196079640733416,0.46011908677529706,0.888979039752085,-0.5963578843687506,0.37249813898226536,0.541827805739545,0,11.4843838281228,14.36871043968794,-1.3879237430673188,4.2211305453281325,-9.950290164703492,-3.088946400266823,0.9625185215985673,40.16073619631902
ASX,0.6139537174898146,38.400001525878906,139.75413598793492,7.252089172116916,1.1342366757681375,1.3232654349569941,0.7291634587589375,2.213537605007956,0,5.7950926859991565,83.82002224504109,-3.8348986507735883,5.697543195981058,-6.569335884225317,-0.696700481836711,1.5356878312619135,40.13619631901841
PACS,0.645921098184779,37.470001220703125,7.346439534517013,0.7596663728936158,0.9546505936085549,-0.6783872326490168,1.6546541544430322,0.45370156952146223,0,39.14602604158984,-8.632034249279656,-22.08098433777757,4.534674868369751,-13.02228498555288,4.71670185619525,0.9454080714392411,40.10184049079754
ENPH,0.6199546901444664,68.38999938964844,123.13641649354159,22.73428712841615,0.8926494212737084,-0.548780910433766,2.259099550681636,1.6082750428311692,0,3.6464206834284965,32.35920614068956,-17.318438253897952,9.233274688262263,-7.255219187736294,7.712960100519002,1.7474667741151835,40.053987730061344
CMBT,0.6224418316993786,14.4399995803833,29.20864494344484,-3.675015587462481,0.886794224235675,-0.6725740619354083,0.9695314915607661,0.06924706023129702,0,14.104458296251066,-9.357647362766661,-1.3531800729809342,4.264583597123345,-15.035568922214734,0.8620742723756649,1.0857822755513349,40.00490797546013
LION,0.6115647609258761,13.5,69.97648805056762,2.2417449551484068,0.671550844169846,-0.7926579075060839,2.370368109633445,0.5555541426635643,0,8.045057365018366,-9.698995502792727,1.8025116909639305,4.992063714082909,-10.029990688851747,0.31184753976043783,1.3356861542095997,39.987730061349694
NXPI,0.5696351389860419,322.2200012207031,39.355107100990104,4.381854455230546,0.9255251834107995,0.0576006532912839,1.855878270639564,2.0808722446910632,0,4.081021072203693,11.398444674360983,1.693290837602696,4.291877225313351,-5.215475908110368,-0.7544114651823626,1.3575009662055706,39.7239263803681
PBF,0.6372778170586751,42.7599983215332,13.864679106251687,3.968349436524278,0.7812541002182805,-1.5648313921290902,0.16371261054188277,1.6838106507278392,0,25.512910498913786,47.08230441632379,1.5869237182348617,5.340440014870846,-17.498583452429216,4.931129370876088,0.9377828892399023,39.64662576687117
ROG,0.6172160866058881,145.77999877929688,56.90992613935486,3.499808296208292,1.006808853283739,-0.8636695695452362,1.3204850239153587,1.6002155364048594,0,4.7722656185490395,9.60902163849683,-1.7853402311602948,4.329555454946109,-6.35318269796053,-2.7179672938271815,1.2027692879906644,39.57423312883436
EVC,0.6421276616494906,9.069999694824219,226.54853218441815,4.855487800874723,0.8875775636551573,0.16162167016083906,1.7640557086873165,0.05512805522165558,0,12.141760448465263,17.945378766656408,-15.994798566466075,8.58796593653675,-10.375496072183015,5.111823639921799,1.718715975023982,39.392638036809814
MEI,0.6593527283920863,12.720000267028809,43.6739005997925,13.922352272515559,0.8490541545411471,0.16529086515887925,2.0440194161081653,3.0660328728819666,0,19.90228654657133,-8.291273453035112,-49.46120995871722,6.7273126331244,-18.19935619814498,5.802048731550755,1.061653076526473,39.278527607361966
AVBP,0.6304655805827373,33.09000015258789,47.75053638069817,15.735721239957392,1.9936817596875616,0.8080013604654019,1.5896070538563196,0.0,1,0.0,41.229192151849375,2.329508826753228,5.420499019975407,-1.5647339328850947,-5.1025006510466975,1.2102109462257338,39.171779141104295
ACDC,0.6545552778577264,8.0600004196167,110.3192281799821,13.377413434928389,1.1185652608464454,0.34296792892144423,1.0545909889725416,2.2332483740100177,0,0.0,15.804603093142283,0.28050463678396276,7.058666484473526,-24.67289192954687,7.600599491899125,1.341811085243818,39.15950920245398
TITN,0.5740948010423588,24.1299991607666,30.808705305086015,15.413125350356466,1.3856878393821073,0.9287449665298934,1.6162507689391796,0.20720778614766572,0,0.0,62.163971603246125,7.573627760798432,4.2892659900914305,-1.910574038194137,-2.955662247362965,1.3507166518661764,39.06871165644172
NXT,0.6281382503756393,150.32000732421875,61.860344317602724,10.73541749647235,1.141720902053374,-0.6892565300904681,1.4003430182017518,3.103384990415205,0,2.4203230007688186,25.29799599437294,-8.161479327895025,7.863793344868976,-7.852631137795604,3.4518641178045204,1.1997879613274003,39.06257668711656
NVTS,0.6468017446369548,30.670000076293945,256.910478257826,26.62304149754558,1.31208046052033,0.8269816572781358,2.8692505984637906,1.8418631990754135,0,5.076772093802054,-0.5512324106592706,-26.918463361512877,11.751571665841725,-10.242898098045082,5.495682002452768,1.55197436258259,38.890797546012266
MOD,0.627557056864543,301.2099914550781,76.00891862903258,8.936902955306335,1.2032495649934984,-0.4126298474352162,1.1935199105861471,1.7496164406015278,0,1.5674132622053714,131.7534728204499,-1.8160640960328254,8.516957644862178,-6.818254770256363,5.192928087343695,1.4548488173777432,38.836809815950915
RCAT,0.651339426257565,14.739999771118164,100.06226087338167,31.6600411451675,1.7524696844325969,0.7517530536381644,3.290370541721298,2.442331494185047,0,25.1744726004558,4.169612497894021,11.487761582491816,8.60147328727512,-21.5122511586758,18.59452602685769,1.26312817854213,38.790184049079755
LB,0.6329568478587332,74.2699966430664,23.292404640564545,3.687773245078463,1.0513891377432527,-0.46158867493110006,1.3733629852639773,0.36353393734531275,0,13.012590113140753,-0.06741411091096039,-2.060606985349934,5.203025272478755,-12.952122712079388,4.600710594054213,1.089711764117186,38.78036809815951
SNEX,0.6628066240824145,114.05000305175781,81.41116496106658,0.09961942287408723,1.0122155082698918,-0.2669962045477341,1.5256447323062625,0.8943416183816946,0,7.50982533662332,63.64549152083673,-9.061001452074247,4.166092244198646,-9.065536025427976,-8.839410508162103,1.1776951838077694,38.770552147239265
LPG,0.6408982528393621,40.52000045776367,61.849588586188496,-2.8453334101077905,1.2637804990826822,-0.5847887406903722,1.5691001993102731,0.7403732321421113,0,14.4014204010736,-15.088014624075246,-4.0460921627901225,5.419557896660851,-15.79384589081386,1.1274860533550308,1.2291653092873391,38.6
DNLI,0.6492438461176293,20.139999389648438,1.1730284220402787,3.0996419602950085,0.8811454617668841,0.0990546309795365,4.7666386338971005,0.1489607127765752,0,37.68875963853454,14.627203980174336,2.9887340268599774,4.889345229301249,-15.271354640537682,8.440622833990416,0.9114183611695834,38.553374233128835
HCC,0.5597943398958468,105.93000030517578,24.337409642068806,14.678849392726637,1.4976032103042525,-0.49392284344633064,3.332388151698206,0.8684963336979015,0,2.9457137694549043,22.8886357949077,2.810142858940974,5.505253104244552,-4.040220227458828,2.542377756169335,1.3931380675620362,38.45644171779141
TWST,0.6238819676053371,73.93000030517578,137.20320968297773,22.641274695440885,1.109320978240091,1.3080769839296484,8.886784346834894,1.2714659923154303,1,0.0,28.775475529322087,8.634301184211791,6.666537080035195,-8.16149030402808,-0.06316862125916821,1.3955422326491878,38.45276073619632
NEXA,0.6566299158013648,15.050000190734863,105.45238143079555,2.4053354625545307,0.810499252444475,-0.30036234890205277,0.39867387941729165,0.7973414221282428,0,15.856340357011565,2.730379403364211,11.662673059541952,6.3573802980556735,-10.89401578032226,-10.08316297782995,0.9629042002246708,37.90674846625767
RYZ,0.5600873920494106,28.290000915527344,13.619472824887646,6.207650168750595,1.042117294360934,-0.736677814938682,0.5302213279273594,0.0,0,12.764878710672841,41.87562767006515,6.978389462377754,3.7292329393964576,-8.446597848348471,-5.8878946156088725,0.923400825676997,37.89938650306748
TSEM,0.6418627276454365,261.30999755859375,112.6581244535813,0.9708347924383456,0.7898270187203859,-0.8255818391009007,2.177491291778303,1.451152838277558,0,8.713054570129119,57.33983301845013,-24.853596675331012,8.416386319772275,-13.71920682905666,2.953219433884473,1.2485962394195023,37.89815950920245
LOCO,0.5639041773105243,13.84000015258789,14.788889065448663,-0.45313763857017925,1.3229208878781855,-0.12744915333818385,0.6864181067525542,0.6502901126381774,0,36.29721529077911,8.805030361313397,1.7937202469916063,3.8552859682182326,-12.955971793936689,1.8413614091408868,1.1584628256232579,37.871165644171775
SHIP,0.6316743017279328,15.4399995803833,39.10537977308539,-1.624722607205516,1.2491622498255228,-0.7193807422936046,1.4041434060940934,1.262951425590313,0,16.101037845731273,16.504182200499155,-1.1385157919840436,5.496761667649238,-8.149910345049374,1.7105713704382852,1.3051762160352485,37.76564417177914
MGM,0.5855670399234189,47.939998626708984,23.934301910278812,18.332383432806846,2.071806238072959,-0.45929170133966274,-0.04171977124778588,0.5632049759960016,0,7.25542595718576,-5.425133309229863,2.0936908039987485,4.295548402306456,-7.075017474341028,0.26947530900274286,1.2581561465166833,37.703067484662576
HUN,0.6677478400532268,14.260000228881836,28.037450214830063,-1.918975524734159,0.7080533705972877,-1.185256103217252,0.4908814424668406,0.7363288514583327,0,13.376951505176654,36.98367375151294,4.70198688849865,4.510620054725352,-10.314461816929825,-16.65206483301581,0.8329632590181602,37.694478527607366
NVAX,0.649761280196291,10.1899995803833,42.67459139430545,4.330906338988719,1.062216833270278,0.16185297953536193,3.8763540136480574,0.7850826986510496,0,16.736500440550753,-8.936550825825684,1.3888901623440708,6.3122111911259005,-14.87051501076227,12.09503086128297,1.269763702592688,37.576687116564415
KEEL,0.6696680937486164,5.929999828338623,79.57097905523966,21.23689905925359,1.262764413587516,0.4846471894078921,4.21417113365764,3.0354103460184847,0,3.2871117373281358,101.7006704730465,-0.7281604522908133,8.556852528667754,-10.151516452631373,11.764705242431262,1.6093442754360265,37.56319018404908
BB,0.6068985330410323,10.34000015258789,142.96046643063318,35.90957143797633,2.4389274771891896,4.761969471046752,5.6576405169973105,0.3868468206854688,0,0.0,1.5717076876220144,-1.8363962888016339,7.436446989016486,-5.35469133071087,-0.3095972260405535,2.1082391410288044,37.55705521472393
ELA,0.6340046755437267,24.809999465942383,86.76065185480162,1.0364257761153066,1.1484758238148427,-0.2240607654624937,0.9270514088137005,0.7758934498289427,0,4.297099663133678,62.90216816165665,-26.889003145077904,7.12558315563024,-14.152249849248847,3.5879676768570596,1.3840429864792727,37.11165644171779
PBT,0.6344311207408464,29.139999389648438,56.750316319831406,2.6194162162593284,0.5643719111019538,-0.7550124484032295,0.9608808939624246,1.3723354063661002,0,11.17238737459464,3.9190172166327883,-28.72435907949064,6.6983565005425545,-9.582402460978846,4.477071591549183,1.4821531500215386,37.05030674846626
MRVL,0.6122992176431686,316.42999267578125,229.34665080047986,55.608171255940796,2.289840023531143,3.499876555591844,1.6022524544307435,1.693902598738684,0,0.0,4.899717910924226,-3.3691566990189528,7.286197150164245,-2.3966746572064186,-7.24339579486049,1.9582685570145733,37.022085889570555
ASTI,0.6488909090242271,7.820000171661377,380.1045559698688,37.38580803867081,2.3198627007713175,0.26838315368001003,10.613803434053162,2.046039906861213,0,6.111797566752908,54.54545967485264,-10.786517742455528,18.57234173982823,-20.770007471726366,13.215857038366941,1.9757717047418386,36.92269938650307
RLYB,0.6283081575265403,16.200000762939453,199.8191437648003,8.856341165553772,0.5103900838497978,-0.15246645347044097,2.160496080029905,0.9259353012674146,0,2.728802328314749,14.730884519059645,1.4423079126400051,5.630069884645107,-7.818360580494415,-3.4602097815493726,1.3925306671247375,36.84907975460123
ALTO,0.6544143853208392,5.519999980926514,103.9056602017989,11.066398430585187,1.414807342005011,0.11841005143738316,4.1666670258432665,0.9058005597567577,0,6.956410241351836,37.31343300357806,17.446039568343416,6.042961399155734,-8.000000316558104,-12.2969887870481,1.0759115843970366,36.651533742331296
KOPN,0.637417715031369,6.389999866485596,168.54381168294356,18.894778675282822,0.907497575881107,0.3770274846855366,1.5649437669224455,1.2519550135379565,0,0.0,59.749996647202394,-2.2403286539810843,8.741337284881062,-3.3282944410253124,-7.655506809804191,1.166225791229545,36.65030674846626
BJRI,0.5979239493358717,42.900001525878906,3.8829218785389363,-1.6562519608451953,0.9404424763503688,-0.22652820131205215,1.0883446508355874,0.5944080630287717,0,19.493821508273008,3.6732731234706364,-3.2209761300105657,4.00631166601454,-10.606376275176752,2.9314197393105452,1.076363622814051,36.50674846625767
RKLB,0.6362782491846692,119.94999694824219,174.55748806044727,-4.7898763063249925,1.0396420415400156,-0.004458097793096126,2.2342645880264964,2.2509354038455816,0,13.353354644601096,13.729018260937915,-46.66272804195705,10.26439584961654,-20.562915928180256,2.800058245252297,1.2556789348642794,36.452760736196325
RNG,0.6360781641144565,44.029998779296875,38.33569723990231,2.293220136180373,1.066619432016172,-0.56723782460399,2.293895444490537,1.2264299699951915,0,9.91685069797272,57.15477182351959,15.288716383341855,6.090115882909855,-11.539901090760736,-1.3075360455118248,0.9701495980093079,36.37300613496933
BLDP,0.6159922283314937,6.070000171661377,112.26589916112924,17.362725601894336,1.317369833104788,0.8753847866050445,1.91927343499221,1.1532153158191023,0,8.887882132683176,36.404504077938796,13.389127930906994,9.23334950958551,-7.610349876101448,1.6260146835972284,1.6199749260392209,36.24662576687116
SPIR,0.6352823503690963,20.040000915527344,143.56729509525817,-0.6617545312462255,0.7142248040396657,0.33019584297771803,7.640215815535632,1.4970021124756145,0,27.260969070902796,11.83036177505159,-0.38252243217180815,12.378849783439525,-22.714999306211382,1.8720731420636283,1.143327585684618,36.117791411042944
DDOG,0.609760057652139,243.60000610351562,43.95551090401548,9.669216506230196,1.5229180997956666,0.44064371673654806,0.38998231709181286,1.3587901208683324,0,5.703943667608653,29.07328544366587,-42.86409294166005,5.533396765462522,-12.595748967527587,3.6876859380627023,1.5518972428352231,36.11288343558282
RDW,0.6421673312055394,21.43000030517578,298.81707694173514,27.256533084357486,1.4535281366187667,2.2837921368995104,6.159587848647002,2.379370658512553,0,11.128760630435638,-10.708332061321398,-18.879664209722396,13.61409101749044,-19.557054067732246,6.077350045110105,1.946677692200012,35.915337423312884
FEIM,0.6255429283396323,72.41999816894531,152.10577873607625,11.33658892735997,0.9787357171665024,-0.47438446030792264,1.8227005360130284,3.162111258486204,0,2.452964146254881,55.90957368975364,-6.929132071169204,6.8568251989694184,-5.134920561881544,-5.1556145427106514,1.2813783975848334,35.8920245398773
DGXX,0.6604873559929717,7.480000019073486,99.58009397126892,-2.2541648731959274,1.0117649160203235,0.300670473946136,6.951871384104688,1.2045493068090674,0,27.112838514877506,46.37964428907593,-35.57692865548344,11.768620616200193,-18.69565027895453,13.247861282811666,1.3947083713651593,35.8319018404908
IOVA,0.6309002791158128,4.380000114440918,92.95354863803398,14.719751352418834,1.0528877582463696,0.8570049361907732,4.452047709697124,0.0,0,7.709370505836945,15.873019773378957,10.513448670166701,7.54239876954243,-22.202486223254812,3.0386712304674512,1.3295612898745568,35.78895705521472
CENX,0.6390770886913502,66.43000030517578,112.10140957109355,5.827440230489848,1.2036094736411802,-0.8916809779638054,4.109594075494524,1.441063185904572,0,4.184077402878051,44.28757381351154,-2.746722189901869,6.414625359420838,-5.679397959124036,-16.842522718302174,1.1574676015124115,35.73496932515338
PTGX,0.5586681130367239,102.79000091552734,9.710070259172209,2.637583649604985,1.0509270953982672,-0.33053540782424606,0.6858661589342704,0.24321431829056744,0,13.222399572875359,19.815829139040105,0.08656724653992641,4.122551934632504,-4.68285941562304,-4.990539064289667,1.0114486619276837,35.59509202453988
CALY,0.6038071504513215,15.0,9.738142254197445,-3.0318708254848823,0.6976647503813391,-1.1577717989043685,0.6000010172126041,0.56666692094204,0,30.037000049961264,19.142174884924916,-3.788906831503944,4.154762086414156,-16.66666666574074,-1.5362109506918404,0.901071837353302,35.59386503067484
INVX,0.5915919529960121,28.329999923706055,13.027468394093166,0.1272360100989181,1.020412814280117,-0.7174340409457348,0.6614924757118162,2.929756180416462,0,8.995600940292746,6.3438459936709535,-1.068930794277474,4.6410680236737445,-12.155038995883396,1.3748490047218012,1.0820151429417593,35.53128834355828
SVCO,0.620877148163682,13.079999923706055,186.23054955578374,23.658708689921568,2.4689146559632498,0.5274925308921802,4.220949424753128,2.9128480198167153,0,0.0,160.03974903619388,14.365970756253487,6.684195102101169,-7.4964667171475154,-2.3121364974706338,1.3456556602690395,35.5079754601227
MXL,0.6357027044121144,94.20999908447266,456.15285756167145,0.6694543296714719,1.2217249903008194,0.24468820677011713,3.704487737658512,2.9190107490660773,0,13.621065202268337,56.183686274114066,-8.001969384832181,12.259086568252215,-11.356793219178943,1.4172336090472515,1.6190654323434992,35.44539877300614
AA,0.6237969090657363,78.0199966430664,77.11738806444413,11.09039635960954,1.0001440400200339,-0.5882619665936718,2.0507543488119047,0.3716909748865865,0,1.4422644925944064,27.169510566220605,-8.188438613427833,4.756405391602435,-7.53733208970751,-17.025412847502146,1.2928854928878617,35.395092024539885
AMR,0.6149488260023172,215.2100067138672,21.126339283970697,12.009205274067378,1.1051007317545583,-1.1270506027708063,2.4952348634523456,-0.15566502644602376,0,18.048819795325738,32.314795443835386,8.987624716715665,5.467249768938446,-15.21156705384564,5.826488451190437,1.1948392662789786,35.32883435582822
WTI,0.6845738128526593,4.099999904632568,139.6779153919254,-1.6823970633152476,0.6165957175079451,-0.5407124107769784,0.48780442406932145,0.0,0,13.485870591923074,33.42767681236481,-15.18325144034654,7.6770162072210155,-19.11078491386728,-12.913913044421573,0.9228299090790839,35.32269938650307
CLS,0.6275824306361578,425.3599853515625,28.068349908462476,11.550375554822583,1.3528820200741412,0.2490507865023336,0.4208220346439533,4.377474674617616,0,3.3288820284386165,41.78666178371488,9.98381322918061,6.730937674533244,-10.267285520529244,6.5799937187332596,1.2155030313646569,35.24171779141104
INTC,0.6557405155176648,111.77999877929688,145.42350324101022,-3.988044295762793,0.9540192437423408,-0.7358816305109208,1.2166761721161208,0.81400685320666,0,14.241665574711016,148.01419910072332,-6.441906593769121,7.749911572502416,-15.796611088922907,-0.1588735647771984,1.2484864735873282,35.18895705521473
AVR,0.6116439899602558,9.649999618530273,119.14190050118275,19.025589158709177,1.4947512356271235,0.6379268780168617,5.077727918255938,0.9326441050395762,0,0.0,59.240919291357244,-2.1909287359319256,6.680237549198938,-4.83235412380262,-2.968466200054042,1.538890679291895,35.15950920245399
PRE,0.6536379539001747,20.790000915527344,35.31036200237505,17.131715375668115,1.4815243977678074,1.2345026921823854,2.164505738822348,2.8379034467423256,0,14.627915680994793,33.18386529433708,-10.503145385253044,8.23335415387827,-12.01861339815188,12.776523577051282,1.1748480985765546,35.1558282208589
REPX,0.6218805745414953,36.279998779296875,25.257158250267953,0.11037306670976038,0.8010692920636586,-0.7601678856453075,0.1929429359910413,-0.3307578167558684,0,21.192260272008717,11.148321891611628,-8.168771712826402,5.317766425880292,-12.64146437319609,-0.9415692464393938,0.9969718184267439,35.13251533742331
PKE,0.6297499546430457,32.91999816894531,62.42219766223931,-2.9924465356473893,1.7965655636994304,0.5531680713540402,5.6804344952607035,1.215059943553773,0,21.960362464047122,3.294625986913606,0.2918811413231261,6.734943251326056,-13.821996042938379,3.0796480532887727,1.466020312217809,35.04907975460123
OCC,0.6561766566147875,14.130000114440918,64.46518615135413,14.292648234394859,1.5199404281916162,0.22834055516052867,1.4154268055991155,0.4954044439252351,0,8.389437898911794,-0.3526106463699216,-12.524458898258645,11.667170115297017,-12.885322362892776,5.929309356466985,1.2742627390805048,35.00981595092024
TVTX,0.6402314713857311,46.18000030517578,24.144139577548884,4.122747973088653,0.7652210717374496,-0.3227143916825508,2.988308919371495,0.10827858689105606,0,2.7503600204637135,58.639640454585575,0.469166872973134,4.486945878525624,-4.998971969994833,-10.899582191293995,1.0624308449581739,34.97055214723927
FCEL,0.6353255356645394,21.399999618530273,197.08296707422608,3.908714673235293,1.0425221984584352,0.35811461023998387,7.009345919011397,3.0140208842575182,0,19.33669582959837,-18.877936696275583,-55.50350837798768,16.857477292523914,-22.715784738117758,5.907778731593278,1.843635894949789,34.88343558282209
VPG,0.5991107826401983,128.24000549316406,254.78536987834613,21.095379488932714,1.2020156231385866,1.3350235970142228,5.271361679053867,5.021752459435039,0,2.123346293986746,28.75502756779349,-56.67767650101722,8.432844171493157,-5.851259692973209,-1.5197514711470026,1.9780851251150975,34.87730061349693
BEAM,0.6367606987039416,32.84000015258789,28.802688533253406,8.941930666091757,0.9863487955080825,2.7245701725556795,3.5931799624150185,0.30450785932411506,0,7.441956231777032,-2.5229994323062876,1.5151508002197773,6.204106912880914,-9.879249752176595,0.5010473294601261,1.0865431137957096,34.867484662576686
HBM,0.598334381465773,30.1200008392334,71.54936043137835,12.231022755768027,1.1544534692595865,-0.4641860052220288,0.9296107951061574,0.8798120260822144,0,3.1263668534106865,11.963493143441505,-15.583332379009713,5.219598160445341,-6.31415424645729,-10.290231013085412,1.2834126120244216,34.84049079754602
SCCO,0.6257356950714089,194.08999633789062,36.237047670033974,4.572510373724231,0.8719646382407912,-0.9573868027322557,0.4018747972641305,0.9221940895316139,0,18.985072068953322,-4.009431915434638,-5.934877152704743,4.253546309852336,-11.984236153510203,-7.618204046692837,1.034456848596705,34.80858895705522
HPE,0.6262489370891265,53.689998626708984,136.27875735611602,41.12235050456151,3.6724743133548814,0.5254290524393215,1.4527893721934042,1.2479012592105594,0,8.27141158675075,-4.381127038780797,-5.597625316291416,6.571323203647054,-16.43579980253176,0.37656968209466224,2.121134339359128,34.78527607361963
BRUN,0.635214106247765,35.95000076293945,194.7597879762786,30.025139458842805,2.5431800219304472,2.048365100646291,3.9916482005562584,5.173848855293066,0,13.765716261212905,21.452703714255506,-1.0100965618799667,14.647327569282687,-14.40476008789643,3.9675430835342778,2.1828280552659454,34.668711656441715
VSAT,0.6584479628937748,72.93000030517578,105.5282014598889,-1.4552677998763988,1.78582088236073,0.46483582033735904,2.0567667540143675,1.590571311174319,0,10.604832030649312,115.70540473752082,-4.873697816515133,9.009620575151821,-18.777147163663965,4.781703347142895,1.656286962539228,34.54478527607362
LQDA,0.6400414584734001,62.540000915527344,91.3985484816877,8.96324821907963,1.5047269870455897,2.451220203277278,5.916050066982835,1.0553243328106385,0,0.0,74.40044576220718,-36.66350495099453,5.805414437164161,-5.585602997129745,-7.215911535233377,1.3606326740862713,34.364417177914106
IREN,0.6499642786996578,61.86000061035156,38.71840470994754,5.154902467858241,1.1725150903349342,0.4054558238154143,1.414484305451872,3.5240871057730683,0,8.106199853713022,12.166815772801657,9.527716327993051,8.494757755714126,-19.52647534763177,16.634242047894997,1.1616175447297812,34.258895705521475
CLYM,0.6379978505483848,10.90999984741211,553.5245550648242,-1.2982325735216402,1.7065214700027784,0.034419602836056565,2.108162228289305,0.0,0,11.90773258247164,186.35170628347382,6.628481193538953,8.274454110420027,-12.580126220237704,-2.5449113867833253,1.1524239482038694,34.068711656441714
MRX,0.6664490150226464,54.47999954223633,43.413965078002505,0.03261481238305274,0.7537406743147154,0.8056973106196899,2.790015547921163,0.8074512633410833,0,6.528465645710573,26.911703729038177,-16.31389501457308,4.396184312288882,-6.797186769223754,-18.72170862890863,1.2011789491684148,34.03435582822086
TDC,0.5939235255380217,34.880001068115234,1.8593018711856812,4.996992437766355,1.185201891573673,-0.16551333266188814,1.3471852335836887,0.5447317533900226,0,8.06035503716175,-7.919746344584968,-7.992074046686945,4.118181258141053,-16.515073989029474,1.8383816099041983,1.0609250799218441,33.65276073619632
CECO,0.6447348953718756,81.0999984741211,43.40690013596951,-0.46393017092994326,1.7717643424121394,0.9337737629328107,2.0591839708327675,1.874225242473578,0,16.089615000172337,35.16666412294905,3.605797809061454,6.920026271350865,-11.847827745391768,3.965182218134554,1.4390292767645634,33.44294478527607
ELMD,0.6168370061979033,36.720001220703125,23.131929862125823,4.402714150182356,1.0772985365932997,0.20319216999329617,2.4507039736176672,1.27994932017614,0,9.23415170392085,45.36817453494892,-31.187348027636762,6.18578875126192,-8.199996948037189,5.222675609835078,1.5071557560693802,33.39141104294478
ASTS,0.6298741513684701,107.29000091552734,76.8726794470054,10.685841728978227,1.3284622565292241,-0.09870846246136326,3.989187009725869,2.097119937346745,0,17.17650857536907,-5.396351775776178,-5.84323321381919,11.806850343519827,-19.849095751887393,4.7252247087625365,1.3266375231174594,33.30306748466258
CIFR,0.6515263321678003,25.549999237060547,33.12192665504885,14.874051230217834,1.0220023278310437,-0.24446619421921936,3.0528403518837686,3.3072381156698403,0,2.0325289800774122,15.61085428001823,3.0579647691896374,8.605536039846728,-10.726769783518343,13.508065949516132,1.2768070681001535,33.25276073619632
RAPP,0.6605678058865885,37.4900016784668,26.518121165359233,-0.1783924761085833,0.8037345877722288,-0.5954503848478891,1.8404870520101775,0.7201932399793693,0,14.193887617251285,21.523504747734783,-2.752294711114768,5.55290918586125,-11.306156319378676,-10.761065187326489,0.8600626679715943,33.24662576687116
ELVA,0.6528634865079609,11.109999656677246,125.67381989199802,2.6802188191787493,1.1422056991925562,-0.055468475140326955,3.3303321058466837,4.050403448520156,0,10.2389649851782,60.086449055823934,-0.6679451483727666,7.978655156813456,-13.067293513745778,-2.22222319153524,1.1028978320339746,33.21349693251533
MX,0.6405496296966475,8.550000190734863,192.55113174433822,47.84713951518184,3.3635884308669945,0.9895434327403531,7.015205805996327,5.263155545892779,0,16.45826261235916,-2.8409090290112156,-3.299495241622759,14.17694183662372,-13.285999101657007,1.754384349889531,2.3006843320050407,33.21104294478528
XMTR,0.6195516418716144,82.69999694824219,33.82799402310452,-5.5647737625678,1.3679249656557866,-0.4403300559836833,1.0882727437478499,1.5356670978426725,0,13.54772496988515,86.09360824254738,-52.81914912950869,6.611246210309981,-17.18406124279426,1.4716540388637316,1.1236634775819248,33.09570552147239
APLD,0.6561337948645664,44.150001525878906,45.67817030454111,-0.8900773353641542,0.7421702440487116,-0.9041901411166103,1.4722484455315736,2.9898066798946576,0,9.64742960640843,38.22792982867827,-2.8028883740866903,9.783529237564426,-12.96204464445081,11.384848973736192,1.3221482645743834,33.0
EWTX,0.6241549182210123,37.22999954223633,50.29110122674596,8.352735188647188,1.7930966797517498,-0.5513211049645631,2.0682258050243782,0.026855551049877857,0,8.292962988360165,-2.0520884338857592,8.732098432768046,5.4957593713350725,-8.67165436097871,-2.8067905595782787,1.1685529644013972,32.977914110429445
IMPP,0.6295573335440652,5.159999847412109,11.725633622943343,0.20390055107286317,0.762326735322522,-1.0616708131687902,1.356592513910987,0.0,0,8.501309887293152,13.907276121105088,-2.702705113521646,4.817276576437949,-21.46119158590683,4.677050600622789,1.1961393459464922,32.97177914110429
CRWD,0.5931608875112685,719.0900268554688,27.490808842177962,12.421316734697331,1.5050366467381247,1.9900070853947784,0.2544821908721537,0.3963223580279325,0,4.484315821875788,105.26076967895615,-20.189287611060422,5.287792264715801,-8.473124324068303,0.6565018540854906,1.5244882404390163,32.94969325153374
SLGL,0.6271225633673227,74.37000274658203,80.32217708480019,4.6381586452930215,0.8350523558340702,1.4002999049723321,1.8555831685280342,0.0,0,48.838144045017195,-0.17449295760566955,-2.310926457414366,9.368696533402506,-24.089004980938007,0.9873776958190311,1.1813674438817972,32.824539877300616
LTRX,0.6281809992691441,7.449999809265137,27.01436130479071,8.942016673461563,1.868953975781951,0.07981296013083009,1.597314913677763,2.9530237937144195,0,11.354568145945748,4.050278882580442,9.453469249544568,6.9117927309241045,-14.857145035271907,12.08054131375239,1.2933800330403769,32.78282208588957
MAMA,0.612738616556398,15.270000457763672,16.816012277655055,6.296338000061595,1.1824660783670635,0.3692725297831534,0.16371720877012677,0.8185985346730013,0,37.75883782913042,-12.140384377259414,2.6353268271939188,4.417624685976264,-14.45378077548862,-2.062544411867342,1.0059274550682982,32.71042944785276
RELL,0.6431233880147142,17.219999313354492,52.29991171065957,3.3892664991666286,1.0632955545220477,-0.036775982713991226,0.40651338536638987,0.871089035142213,0,16.095653698946695,1.5330203001281,-8.506899167755396,8.951385757510407,-13.293057481015891,5.358685012469215,1.3594020013397705,32.67607361963189
DAVE,0.6108026163123822,261.69000244140625,17.41463605478235,4.303636865611275,1.8001050070361118,-0.5102688574539163,0.6649051236712583,0.4356297065262678,0,15.749779830533056,-7.38604023833412,2.5571246165534682,6.95839691613248,-10.959507357565082,15.654069047425272,1.2531370842516936,32.36073619631902
FROG,0.6084789350321483,86.16000366210938,28.082704105296628,18.02982590638061,1.0802706497285823,-0.5549629109746963,0.30756659515080864,2.5185678698786176,0,2.209460145435117,128.23842029358144,-19.271508394421407,5.140768281211031,-3.3647374122319293,-9.700798607292779,1.2663294178923152,32.34846625766872
SEB,0.5662571497796135,5360.7099609375,2.695111194765998,9.431127454088433,1.2166211239388076,-0.5448340365327573,0.5747383987988799,0.9848038945107862,0,25.505118173535546,3.4902969486536413,3.1112463275384488,3.7681888328055724,-10.453506093609544,-8.556833078085639,0.9051795938108805,32.06257668711657
CRI,0.5707806622828591,38.150001525878906,10.785787612911935,4.547250405696889,0.8570041882347038,-0.8575699639757823,-0.10485167477427432,3.2765398426506014,0,15.740301799507291,15.311838990869308,10.260545476680912,4.523905481708755,-12.945266623166729,-2.9064687487484533,0.9527129016792012,31.56564417177914
TSHA,0.6745819482227365,5.889999866485596,33.3545465089754,-1.3895887390147819,0.6382209709328867,-1.1040987655367323,0.8488996920165985,1.018674772995447,0,22.35415181263912,-1.8333355582678492,4.441259912435893,6.236962513694034,-19.315072427610136,-8.232437439397847,0.8495373281547389,31.52147239263804
TXG,0.6299214430872832,33.5,75.01420686714688,34.62060001979867,1.1972040317096455,1.4408124436117087,6.4029864408944555,0.0,1,0.0,100.71898698045399,7.343887832143059,6.115352166995311,-6.0176754948990405,-7.16809749875838,1.5260544309571504,31.45153374233129
ADTN,0.6284762996526445,17.270000457763672,100.70378299890702,7.604601202542105,1.0408652931313078,0.06748794200213648,0.2605678928694527,3.1268036701451742,0,14.705813703077528,-10.979377332679425,-0.38192501252187866,7.4447835286368464,-13.56355929142176,-0.39904382918144315,1.6376129391359535,31.32515337423313
ARWR,0.6251209352655268,75.16000366210938,17.97867626978542,-1.4152812572372795,0.9287276396736175,-0.6006539959462064,0.9646067572997513,1.915905723563061,0,8.90257460412503,16.491022275993064,1.5921179503816836,5.1632706591528565,-8.631167383483048,-11.427048609832298,0.966438430504055,31.3239263803681
BURL,0.5500659123836852,321.9700012207031,19.67016733355247,4.625902490624409,1.6902367246365595,0.593840626614989,0.2484665620813201,0.8626568709356521,0,20.07535481484906,7.137632434155329,9.62018127859762,4.974452958342157,-8.492256462811248,-0.07073996329233964,1.4280307485206853,30.879754601226995
DRTS,0.627239207264815,10.289999961853027,154.17213587252553,2.4058908725454953,2.505271148889137,1.5904377261119353,8.066082863968516,1.7492741090921633,0,25.844268581493935,-0.48356083164576785,-27.009224627825624,10.310287863343063,-11.445782587695831,-0.8559192697851368,1.4450442810982838,30.7239263803681
CPIX,0.6450279122008636,5.840000152587891,158.651022818334,8.721961014819255,0.054140870970682875,-0.1229508850929656,3.253425551773824,0.47944995194024714,0,0.9351797724875192,49.743589981636894,-10.983982414961483,7.827787978608955,-11.649016115838261,-3.833862017036311,1.2523772643061373,30.71042944785276
ASYS,0.6440396652133789,21.90999984741211,141.57546322154138,3.4368797986222757,1.7144133497572136,0.24914789656915556,2.5559081233082157,3.0579647691896374,0,6.8488638423806325,97.03237474754896,-13.791198989982378,9.193452808448695,-10.571429193804802,-1.7421669938766469,1.3370909020082367,30.433128834355827
DY,0.6189994794542462,488.57000732421875,26.17402935713362,7.769546406649572,1.2670315282585436,-0.36109799852386704,0.9067262847415041,0.7429856168792964,0,7.5114153203017775,41.86944665676897,2.8332389478046722,6.3574733848912945,-13.751825764404813,3.3682221698360366,1.447604652222049,30.2319018404908
PLUG,0.6382124929351941,3.5999999046325684,58.89677383418193,-2.518279951486663,0.8680534432903334,-1.158329063722148,3.333336864534598,2.0833347124918133,0,10.707465416554884,61.43497189358481,-19.637465450383832,9.861111429107682,-21.3973806808825,1.3100424400179744,1.3019285696049587,29.43680981595092
TECX,0.6480792324903539,29.1299991607666,41.43522216133528,1.3993284987719865,0.828739630770354,-0.6899635616264823,1.7507732356931065,1.2701711290092585,0,22.986329121958832,38.38479912672201,0.7236422760216443,6.098278098435375,-19.15070733308923,-2.793482411323537,1.0748274275255483,29.35950920245399
ONDS,0.6309568381640595,11.970000267028809,36.60780259178964,13.360325677077897,1.3614641418197304,-0.635378393632639,3.75939681862047,3.5923086204932573,0,23.950156802081704,-9.660375342449717,5.139191520529643,10.756055202934071,-21.66230054692633,15.355808017855699,1.4062638682057576,29.190184049079747
CABA,0.6372006622991374,3.509999990463257,38.280661221676816,-3.465346833966691,0.9959188649026777,0.20308892175010648,2.564100125020005,4.273507000918801,0,28.7594144041228,19.3877524474544,3.753353998679512,7.582415805903948,-17.02127719133489,-0.749062934364546,1.0984235493841492,28.91533742331288
TGB,0.640579256785785,7.630000114440918,37.304099193370256,4.9157799846467904,1.3792141292155722,-0.20297658901459048,0.7863688318708993,0.9829657269665828,0,31.09568919485489,0.13123660145291263,-3.5904252869072963,5.808837584231037,-17.513512274421046,-8.221472615766887,1.0188002460192354,28.81472392638037
HLIT,0.6173315541913464,14.609999656677246,39.36648385640326,3.6648076245953543,2.0116723273195363,0.4705468485440076,0.33127944124557496,2.395615578344609,0,33.305262506022714,-13.550295937324266,-9.605911714966913,7.9739917425622,-17.364256760935444,3.6480704257986836,1.8955594583949482,28.684662576687113
MGTX,0.6391966326592762,9.569999694824219,11.764523157252471,-1.0801617311059721,1.0565470990698422,-0.18121682052771698,2.0898721974538996,1.830715927226611,0,25.243902765615,0.949368743926816,-0.7070772847348502,5.228541316435611,-19.240511502585452,-16.8690961615588,0.8238195270227547,28.591411042944788
TBLA,0.590377382954098,4.739999771118164,5.029420608108426,-4.618175318809342,1.4737421636133867,0.17554590488925012,0.4219506060173135,0.6329057893136865,0,30.44134948580663,-9.021118301292013,-8.000002407598272,4.169681030704118,-9.885939829613914,-1.3071883198671443,1.1663621201832337,28.550920245398775
MLAB,0.5875131666115404,109.12999725341797,32.22350159105973,5.792600370356962,1.4710448886373957,0.2520857112157267,0.8705256130648891,0.0,0,0.0,20.37401910240107,4.879195225166034,6.888941866137728,-1.7884676539989146,-8.98557825378606,1.6425300721621943,28.369325153374238
QCOM,0.6090214715746657,242.57000732421875,32.02688548366703,8.375091657291286,0.9714980339200713,-0.052648959597391395,1.7025969820276556,1.6984767253866366,0,5.575183416709083,86.73596514304096,-10.69740357330755,7.514178086172872,-6.675132812838477,-0.08549048878222212,1.7486016474920172,28.126380368098165
CERS,0.6298531238784344,2.7899999618530273,37.47851466944003,4.279572967242347,1.1943463591469168,0.5213292615134546,1.6129059818312208,1.0752678060645142,0,4.862453499381436,2.573526929440096,-0.38610003053236097,6.490015059069456,-11.428575317491422,-2.824862826899713,1.122724019401829,27.985276073619637
RLAY,0.6506348350641499,14.539999961853027,82.40616221766375,7.711681485349238,1.3216599915012195,1.0924693338569735,1.6850060948075019,1.5818400469321445,0,14.59339744677957,20.46396296002674,-2.321982886533368,8.970818343547915,-16.771605417831847,-5.402545037052878,1.0873641223734885,27.880981595092024
CMPS,0.6531612640779161,13.050000190734863,152.45069741421707,14.732840895653348,1.1587739732721565,0.0425399870022058,5.900379254990585,0.5517279883692273,0,4.6837676896026075,37.94926149822308,-12.295079723370714,7.637655421115376,-11.58536593166884,-5.938705594199471,1.4822092948609449,27.853987730061352
RILY,0.6287483522166116,9.149999618530273,126.56190151915594,-3.5064640659466115,1.302362404797035,-0.21831338528882135,1.3661202753844162,1.4207559144497017,0,24.37644298539336,59.96503415298289,6.256977405743578,8.23965412218854,-18.594307784350008,-3.8297868593401,1.283127212227565,27.624539877300613
ARM,0.6384374286735816,393.44000244140625,176.5573375149493,37.20471286029822,1.2424344074063378,0.5256636201427054,1.0191865774755549,3.3207102379780946,0,4.966580567314694,150.48703386622722,6.7804450614833796,8.53827746063984,-8.07261585112489,-12.092465362653156,1.9756422833275886,27.55705521472393
ETON,0.6684763531528548,28.899999618530273,76.30928224119853,-6.361885662477366,0.9066053790657692,0.24002961765900602,0.6574413029722571,0.0,0,20.736229138497556,63.73937814452712,-2.2222225033128664,6.922886006897324,-18.956815080252586,-7.444497356831305,1.1691064502001989,27.371779141104298
IMVT,0.6196397469619955,32.66999816894531,36.645767343355786,5.750394172436732,0.8827358237791378,-0.20101395498738264,0.6121847999472598,0.7939988631561476,0,16.774970771586858,-8.127117808367418,-2.0230203074376787,6.737286777109906,-9.962799210608225,-4.1946308454595425,1.118887685871584,27.074846625766867
GHRS,0.6557263631585748,23.25,53.761080927057115,3.328740401647374,1.2156309871201332,-0.05297538471368383,4.129889703388399,0.7311831238134774,0,3.0666137252448995,50.388097943904356,2.4955497323457516,7.236312538064936,-10.37008665602035,-5.00373457106011,1.1948667032064328,26.866257668711658
KPTI,0.6495824800323394,9.069999694824219,57.49706412905247,5.022431029461336,0.6534437692502043,-0.2919079950080391,3.5281219319760484,1.7640557086873165,0,13.150433864547848,66.72793380063328,1.884701415162083,9.16207443953269,-17.47042871797888,-2.389707960470938,1.101248689936373,26.54601226993865
APGE,0.5673759605897439,90.9000015258789,19.772056586394736,11.058169726399676,1.3519232260561653,0.7010356689541629,0.9901006719045851,0.0,1,1.4816340019690522,29.820059816557986,0.7097213953351114,5.576380483642215,-4.6320104940406335,-15.301367354509999,1.3171350975089524,26.089570552147233
SEDG,0.6240795683239329,73.13999938964844,112.2243172765563,21.615216158766763,0.72090994992475,-0.8527653787363586,1.1130738031639256,0.6699451296853327,0,5.2487689043914045,18.42616803304418,-5.318886517840467,10.240536565883096,-9.981539212617536,-7.090415770660208,1.4172015259782886,25.483435582822082
ERO,0.6317456807729405,30.760000228881836,11.271459595388201,5.879114282423331,1.021031251453402,-1.0828723524361048,1.5929771373738588,1.4304246535133223,0,37.26896269189674,-19.116483785378357,-14.444033584585746,4.971206273012011,-22.711624929735088,-7.97570547540458,1.0070035818460437,24.757055214723927
VSXY,0.6431285156020724,73.08000183105469,62.4050299788542,35.21314785097846,2.319630093436397,0.7943516850891313,4.932944221626746,0.5473474491669426,0,5.829108526065414,38.645424207939676,12.28649412788959,7.771815368418346,-10.088579073933197,-6.476802102578219,1.5303079139601183,23.879754601226995
CCCC,0.6481110525580949,4.170000076293945,59.88559282418811,15.929942874006434,1.1844860908462491,-0.33919778427526853,6.594726385374279,0.23980792033332934,0,4.700303470568513,47.34982997312529,-25.597269032628212,9.057896557147568,-9.308394271159273,-5.200004575556717,1.3686220113609322,23.725153374233127
STGW,0.5940438768027476,6.690000057220459,13.327388397810513,2.4502306597421746,1.222322096750792,-0.8597812363072461,2.316886870288329,0.8221199979070405,0,12.493335334140411,8.603899721604217,6.7187546672045295,5.397180555483007,-11.037233054532813,-1.9448927723792166,1.2880322727819358,23.646625766871164
AYA,0.6460667694683655,19.489999771118164,28.496485666824455,0.7703840478313195,1.3034098439936699,-0.2892295881329242,2.052342383559886,0.769623500688074,0,16.013543487207443,3.3403984111613134,-18.822872550683357,7.406730573867848,-11.409091948944296,-15.03759376817812,1.1347456585120617,21.6319018404908
FATE,0.6479547510114678,2.2100000381469727,107.09254315840117,-0.874634461326676,1.7269398144359587,0.7458043096842977,4.07239423416708,4.072405022337889,0,25.71216255234761,-6.355926421734129,6.550212200089872,11.700064454697113,-23.263890605482516,-6.1946949279227015,1.5639270749423546,21.569325153374233
ZM,0.6218898860686487,105.20999908447266,12.701188438146316,1.9699055684074036,1.0587256696678513,-0.3202219085795163,1.1595867610568034,1.8249198608827142,0,9.622805755310129,39.27720122975777,2.568245999006457,5.444892368062168,-8.305733795226978,-5.80415351120719,1.3807391746418818,21.099386503067482
BWEN,0.635564126267561,4.179999828338623,25.329832969517074,15.86971171948218,0.4366929378582071,-0.03094626128757999,1.9138852585999,1.6746396196354276,0,40.74657703885811,-5.215420112912283,-94.44443770711064,12.132605387983068,-14.693882711605944,-1.463413271851034,1.210433765621218,19.96196319018405
CRDO,0.610726599057716,217.5,3.702008909100729,7.669402434053387,1.513129271324896,0.16962650335893517,4.684876189813231,2.0275878906156777,0,7.707385888055917,123.53545033607818,4.503501426242029,10.007407904062756,-11.567390648967377,6.410767806052409,1.5796469361867576,19.797546012269937
LODE,0.635028891258859,4.360000133514404,15.394360169736366,17.39364779327259,1.3566093743704069,1.3281624683663864,6.422012025978445,2.3165098403046076,1,2.032192925936688,62.08178587916894,-5.198779120291925,7.306682417916166,-9.166667492599199,-9.71222962619002,1.1580034029610962,19.088343558282205
SA,0.6367526783087537,34.04999923706055,4.7705629706050745,7.377680542860269,1.3209865237218352,0.8175032545636134,3.7591853821934134,1.7180590236805455,0,14.770871275517536,39.377809297255226,-9.552034429463534,5.977555927648372,-15.002501073520829,-9.252118616137656,1.116119644704453,16.85276073619632
