Ticker,Win_Prob,Price,RS_Rating,Bias,Vol_Dry_Up,Vol_Z,Up_Shadow,Dn_Shadow,Turtle,Ov_Supply,POC_Dist,MA20_DP,ATR_Pct,Dist_52W_High,MA50_DP,VCP_Ratio,Resonance_Score
KEYS,0.5505080342645076,361.6499938964844,89.3069588036481,4.455194478780967,0.925214854985151,-0.09780139148011455,0.29586819916332174,2.6462069641100356,0,1.5273203991895774,19.95819978681284,-2.6750579696318733,3.016630492125927,-2.3029632410575505,9.975420913535519,0.9362461365711722,76.82742857142857
HSHP,0.5860571158949439,16.149999618530273,101.45501630232565,12.38711904910781,1.2064397699291818,0.41456437348804487,0.43343465308548845,1.0526261710498628,0,1.0364673667538522,63.41302899308431,0.0732608733252013,3.081379574753871,-1.2534388837132875,4.820936739217031,0.9366442342944902,74.376
GNK,0.5588438129387835,27.079999923706055,54.60524518236285,10.393184405010446,0.7447699005744829,-0.3710898536158886,0.6277698551204506,2.1787302593365676,1,0.0,44.37116712810869,3.568431537884261,2.9705631889581294,-0.6238534909640616,11.779144942521889,1.0336783212870337,74.10628571428572
ECO,0.5572413752260184,56.650001525878906,63.349927118027914,5.264137941996822,0.6989390002440555,-0.4724417753691205,0.7325632650392307,0.8296511797671501,0,0.9113383136191663,11.978654585675535,-5.319591404126787,3.440297454606643,-1.615144625886503,11.400948622179724,0.9084910719547898,73.95085714285715
FRO,0.561356334233065,38.529998779296875,57.37122349318031,4.940620968905764,0.7179614491967043,-0.6038572421594897,0.752662664696584,0.5709868353684643,0,0.6039898744802801,0.3337502148061312,-3.5714321607640045,3.2164167455979427,-2.579015113563099,10.424027074839737,0.8464424902683593,73.85485714285714
SB,0.5546209670871755,7.329999923706055,43.88176467279295,8.689203994660687,0.7192700372473573,-0.35808361436709735,0.0,0.8867675018846005,1,0.0,37.547448200565796,-0.30864168000861925,2.6359379019915714,0.0,4.804800331947661,1.0148879642545465,71.12114285714286
TECK,0.6287441509826911,65.97000122070312,50.191998323051436,10.3490976005627,0.9603136608273609,-0.635534111000889,0.21221674557492629,1.955435639893475,0,0.0,45.43650866969744,3.701817503367064,3.884883195704978,-0.7969906455472255,10.910990560450525,1.0209376977343994,67.31428571428572
GNRC,0.5934934019099954,269.5899963378906,62.96094577790894,12.746090429224221,0.7677766235465684,-0.8649463579853987,0.3375170153684733,3.4904416779501326,0,0.4503091551593338,25.396525163681943,-0.9345405352105732,3.9610394020777853,-1.454841861226661,10.100704826443899,1.0495917685448795,67.11428571428571
BORR,0.6156791063351921,6.159999847412109,83.06739923504516,5.878305518078919,0.7559312318331607,-0.32175686006828086,0.9740250690916408,1.8668794472098578,0,0.0,11.999997223492898,3.684211318196596,4.554731065163117,-2.6856252498587443,9.135398568247195,0.8725796741108263,66.37371428571429
SVM,0.6213723583620241,15.1899995803833,130.85114668154537,19.84220576082744,1.1564295661117892,-0.4014652572695825,0.39499948170001986,1.8485837620877983,1,0.0,18.95065807111115,3.870964169065927,5.270290708694302,-0.3934453745099329,14.675521114047108,1.0309682945312475,66.27885714285713
AYA,0.6446420487253407,21.18000030517578,97.61630473510196,17.519768401555552,1.6965755127799804,0.41255528187701807,0.7063223472842061,1.1331433788892988,1,1.2211551386793722,12.301164473069234,6.110206458450704,5.082151971917489,-3.727271339940664,17.985948870243938,0.8614923555252568,65.64914285714286
HLIO,0.5605400167164948,77.56999969482422,32.66955752880827,13.284701465084611,1.1537546416722555,4.71064310931182,3.1326547823959756,2.668557049041283,1,0.0,4.888072161777908,2.741851099974846,3.4908572386829797,-3.037500381431758,11.831130310398244,0.9386041565780379,65.10742857142857
FTI,0.5838814883107121,73.19000244140625,60.4962532383015,-0.10304792825830396,0.9499596051424637,0.07463785271938936,0.5601803785120415,0.0,0,11.894846404515132,63.79131732542592,-0.5138927035790171,3.107370995882185,-5.901255348249448,6.000004750817616,0.9698982930769284,64.41714285714286
SHIP,0.611428131919432,16.469999313354492,86.493728303309,8.74516769613004,1.0546097782555486,-0.6178625292133916,0.2428713855044353,3.0352148452191354,0,2.2209364272383123,24.276156281458956,2.4691334604688207,4.258782187708954,-2.0226065637688815,8.944180094919297,1.1228400738903097,63.85257142857144
SATS,0.6530982041403918,129.3800048828125,65.43183735944993,3.479168968828318,0.7143667903015612,0.0015063985435856948,0.17004267460083447,3.4394781111953363,0,5.133769564930331,17.789520389854037,5.066299186369608,4.051190147087942,-5.864375302213244,7.381194905317693,0.8518496519333826,63.53828571428571
MRX,0.6307951101001867,55.900001525878906,57.528054027658214,6.337449210555815,1.1330398494449228,-0.1129057052861428,0.7692312941512539,1.8604667032562971,0,1.2867099953625836,29.849018620789337,7.030078242032436,4.124711253356626,-1.8092372628797273,17.758512886432,1.209177334083615,63.03314285714286
NOV,0.5672051109375456,20.540000915527344,23.997194615948647,3.2627858543725035,1.0774514032911848,1.0302937384648223,0.8033057488617044,0.4138314899143637,0,2.0962393489328908,13.153663266529666,-2.5654437764718234,3.081097520563626,-1.8633510938524018,5.341995469831001,0.9523533784374547,62.97142857142857
AZZ,0.5579165694667461,148.11000061035156,37.966007915441246,4.5334745300449075,0.9865414005604651,-0.18790107542491002,0.5840290929671134,2.697316251905621,0,1.639999289659214,1.0369085956909034,1.6076748519387352,3.552861923287957,-2.347199579052407,6.690464684391588,0.9988132269763362,62.79314285714286
NHC,0.5725571679832792,189.47000122070312,39.63062465439815,9.725411166719303,0.8706236718521762,0.2848568130291052,0.5172300212276599,2.1797671695689114,0,0.7822343553128935,19.778148492643293,1.7675837245448085,3.545604748803787,-1.9306396410135624,6.210916661558157,1.037697847760222,62.43428571428572
BWAY,0.6104376149591147,16.739999771118164,104.10975806275982,3.2027356107948624,0.9717888208448668,0.8710074330846641,2.702510237025455,1.9115872113523225,0,0.8610003363282563,38.40429434605029,-2.404807282776685,3.673153833236102,-3.5291951605275957,-6.880536614111274,0.7632131246274181,62.30742857142857
NAT,0.618839917268554,5.829999923706055,58.21964168520199,1.2240627947577596,0.5086220453346305,-0.9512262134205268,0.5145833652795836,1.3705019857958018,0,13.341587817859255,11.324441140109911,-1.9264471586735297,3.528423841568451,-8.044167453106764,5.536911629532163,0.7432869963400438,62.28228571428571
CAT,0.56507802286554,912.1400146484375,52.030268180105146,7.426558480543083,1.0454261058828946,-0.30268307835936586,0.3236976381009348,1.9119874318976084,0,1.830471600385442,32.09744228019841,-0.9724778482718105,3.396095099053819,-2.062593164872729,6.313801103157762,1.2045783564813684,62.20000000000001
PSIG,0.6155552515057773,7.099999904632568,69.10354713484274,9.983733613394634,2.03567922939543,1.6800406955304361,0.42253817193081733,0.8450763438616347,0,7.9326969998633645,5.341248452316607,7.669615999385291,4.2193166773759945,-2.739729874647638,7.324368366084326,1.071156785821098,62.047999999999995
CGON,0.6095365922419927,72.06999969482422,70.984738303612,5.108488427896789,0.6716565623782572,-0.09421348428688095,0.49258132153726486,0.5480841877731051,0,1.3044644579252571,32.970477269391665,-6.777642154073815,3.685406726549351,-2.0255545312687473,-6.111500513352723,0.8106783999977205,61.73485714285714
ENS,0.5593420825528983,232.63999938964844,66.22425623490902,9.98903013027877,1.1550825283084631,-0.5493613389457126,1.6161893758381354,3.0647773770479416,0,0.9782426018471476,46.261379741815986,0.12566602841596716,3.0817009265904556,-2.4038242416785898,2.6330075329267477,1.1784781724954516,61.568
ARIS,0.6926158651093083,20.40999984741211,96.56482852960507,7.09694169485533,0.8321021144814111,-0.7691712866699595,0.1959868487233517,2.2047959771338754,0,12.426384089236524,26.691490216522062,12.193992776179623,4.493245887131793,-12.365826340828917,13.94209782452583,0.7737211351908871,61.4662857142857
MTSI,0.6013149508304225,362.760009765625,102.70730874207952,22.266153556035835,1.6361394929805957,0.5171365252043365,0.07718567972170005,4.986741729551187,0,1.263630192841305,83.62946300220817,-8.256281039189792,4.833970568370228,-1.6777347165165664,15.39800862593062,1.2958713461069387,61.078857142857146
FCX,0.6535059822226887,66.02999877929688,55.99897456037157,5.254766713742222,0.8859325594316675,-0.5541381293896401,0.5149234795785158,1.3327291903234497,0,10.589692061200351,1.605090324974365,0.8073920460637802,4.318383300550645,-6.96069093471505,11.421878549521047,0.8515422481101993,61.04457142857142
AA,0.6311466343185269,67.62000274658203,70.84317434424598,3.4759825948962404,0.768171041780266,-0.8042051725356354,0.5767515140516364,1.416740822507176,0,8.074369972663614,10.041834224713375,6.528389547638085,3.5519928290721863,-10.673704791663194,4.556810374580502,0.710887063753833,61.040000000000006
WFRD,0.6053651290637015,107.51000213623047,36.88236370258979,2.530914606876264,0.8439891792773278,0.6993906773867989,1.1719788687452777,0.5673896365223127,0,6.40809723776495,18.50787507041773,-0.010027385665436483,4.064615749316018,-4.030887093267702,11.9810336182364,0.9587996303650757,60.952
FIX,0.6166436800114615,2016.31005859375,100.67113035443187,11.265595652776241,0.9015617992293438,-0.28736608688782095,0.5648879511151716,2.451014105427584,0,0.6168982011634526,114.44368906584295,-1.4347374091867398,4.6666400687944485,-1.4096812857886072,4.528248051427117,1.0535012856008046,60.817142857142855
AMAT,0.6254587141445813,431.20001220703125,77.3795187063893,6.530558463261647,1.257126022238628,0.47189096051457363,0.20825840178153973,3.395179553328599,0,1.9251796172314386,68.37791037343271,0.33111617320423065,4.384938774868909,-3.846582568939235,8.931159892638878,1.0781195932730379,60.376000000000005
KALU,0.6192829861801133,176.36000061035156,77.90388194595738,5.609787812215919,0.8262458862140204,0.08166914270144807,0.0,2.3049458081849217,0,3.800608009482314,65.53408271394282,-7.552993242883864,4.670165123998104,-3.628414967001177,8.446952963574104,1.0175003009363401,60.35085714285715
ASX,0.6043011695229963,34.279998779296875,114.58666488227153,9.58903775445267,1.1646570754268357,0.17682541655041145,0.6271883320820488,3.763118864436863,0,0.926637979991156,64.09765332804447,-10.1600277516501,4.186113340961457,-2.9445099787197906,10.495871220434887,1.4865173112341146,60.329142857142855
SKE,0.6809062794797336,33.689998626708984,94.78354194890942,7.250294401650084,1.0105708710680699,-0.7653873720553248,0.11873231569218361,1.6918958683346803,0,12.71305861217157,25.708953677369774,2.727817238415936,4.398508853331524,-13.102919192528384,10.998935857254583,0.7984158885190744,60.27085714285714
TXN,0.5769533974918761,295.1700134277344,75.34626988889184,11.45284148534132,1.1595553592562509,-0.32256066092505814,0.0,2.5544629203136617,0,1.0344162834716495,5.116319761408351,-6.524421305592842,4.143574530588714,-1.009450439993004,6.49128599293636,1.3157369959588887,60.26514285714285
SQM,0.6029897038732148,94.62999725341797,85.35542240115292,5.44984509654718,0.9484035518589191,-0.8261633234009341,0.4857883878512693,0.6234851362183791,0,0.0,60.93184264874494,1.9228620087096346,3.981376974528281,-2.340644926480175,0.8329942698501921,0.9958870674887389,60.1417142857143
LFUS,0.5793672131659766,456.2300109863281,78.1470396408665,10.457419846409136,1.5095058162256356,0.49505171507054585,0.9479827247868734,3.2659018598573413,0,2.1242951143172655,25.586328044238186,-2.283039740863951,4.107186634764863,-3.951576634448918,15.069597876268,1.3843009553720018,59.45485714285714
PACS,0.6431268644654791,41.0099983215332,222.23008752102743,19.010992665748493,1.5448732069530706,1.418183220166941,1.7798107533849215,2.40282218769503,1,3.99299113985279,56.885995709718706,-8.328310763365,5.066865505239445,-4.805021869755934,9.814812590623244,1.0793228237044417,59.45257142857143
KN,0.6004027189953633,35.25,45.468319992179595,10.815951116178462,1.6991446109525947,2.4121907433636305,0.39716138906231463,2.5529036284459727,0,3.305450790692984,59.430117712896816,-8.531949043784342,3.799370840086159,-3.1859375233221776,8.949279661140723,1.1622244057116704,59.43085714285714
PSMT,0.5820984936096989,156.49000549316406,24.000679203599653,-0.726987850123139,0.9355972572943105,-0.19951589812098425,0.8530939146250931,1.399451955088545,0,19.127348248843575,26.10045255818968,-1.3144445779320697,3.130506025322181,-5.421250366658627,5.450388724939514,0.8636774727093212,59.33371428571429
PAAS,0.6640860866288467,63.779998779296875,73.06124102431014,13.991579548913277,1.0310656170813453,-0.6238789314095453,0.768262579398015,1.2543165052630136,1,11.8263689337243,36.69095368089115,4.318648258117958,4.359853183965852,-8.633300845643031,9.638907181812465,0.9114345067950186,59.182857142857145
LNTH,0.5820879099109333,96.2300033569336,77.784372301046,11.875188851557281,1.3801864438627456,0.34031682110151223,0.05195408980432029,1.5483793423781693,1,0.0,45.97998487476813,1.414065988806962,3.3203189306756253,-0.05192711154615481,-4.862383926652491,1.1866637695789966,59.15771428571428
MEOH,0.60824346707619,64.16999816894531,62.294045156111366,5.166547710295171,0.46181786749064174,-0.4440694462542657,1.231106339500176,1.3168107060997591,0,5.963109250272015,4.3244999511529185,-2.5474364187613014,3.890891536363657,-3.8651712824210276,-0.8945541621345168,0.7380649108780829,59.056
RUSHA,0.5916607127738898,72.0,37.82088074287533,-1.2562395197800005,1.0111783900567555,-0.43328364443335987,1.4722188313597608,1.9305547078182388,0,15.652461424201691,48.81376281967677,-3.3815122430064264,3.225197110857283,-6.481358620809813,9.796314083555666,1.0764311252314613,58.99885714285714
CIEN,0.6272412947468522,577.1500244140625,179.00342927656047,10.490949515003265,0.7871788950111448,-0.5014672919179791,0.8403318687983972,3.604791272775788,0,0.6279007143039882,112.71930150114564,-8.29212740680399,5.984889197337534,-2.6728457986358802,9.948266007507879,1.0828912130414265,58.812571428571424
NWPX,0.5915722037290043,113.97000122070312,82.69004917797125,20.113190398412243,1.0546442109271645,0.9087959611318214,0.1754820971293474,1.5530373116547345,0,0.0,61.11111770115465,7.453485599509045,4.495545058689694,-0.2625321004407843,9.053247633378296,1.5536033539168865,58.63885714285715
TWN,0.5831416781253105,92.44000244140625,74.18143111163917,3.3005008152591975,0.8256762594976745,1.3279649477655338,0.0,0.9017772428043852,0,5.573077838609853,47.338221179326986,-8.709890843083425,3.7733814973534106,-7.346892300508151,7.680607204538008,1.107683405358998,58.470857142857135
BKR,0.5956129345665764,65.23999786376953,26.614065911347893,0.5872626958283677,0.8804190678914082,-0.8635370847242148,0.7204188168082879,1.3335419605398917,0,7.49324369734113,46.95839155643734,2.0165930596840838,3.3741129633538183,-7.032872940923701,7.296007581350801,0.8810384244054066,58.073142857142855
MRTN,0.564097643346659,14.789999961853027,40.43484663091821,-0.3839160587515793,0.8995364368825178,0.18871611958462417,0.0,2.2312368122710726,0,12.483427182948777,18.358639266828334,-4.961026080242199,3.375832990025624,-6.628789018648018,7.327899099673807,1.0569114485052702,58.069714285714284
MSBI,0.5777440749114157,27.0,63.83980072627982,5.691693399793568,1.0037527844858083,-0.7136898855775942,0.37037178320749203,2.024071304811464,0,4.140853616763068,45.70403045135182,2.5305714772832637,3.8006610971279247,-5.36277830272907,8.38111871218428,1.2000617071666797,58.014857142857146
CSTM,0.5914468703198201,33.310001373291016,99.77997296480598,5.615274222311221,0.7535083771454286,-0.47597530387894543,0.7652298432079782,3.0318310190194575,0,2.384851013095555,28.16468513410948,1.8670212555989643,4.258673650576461,-3.027648171755594,3.338445701000018,1.1342057870662774,57.93828571428572
SNEX,0.6176446089223487,116.80999755859375,86.07277464155227,7.916591667344601,1.1185966040830775,0.08341393252672853,0.0,1.1641929862504607,0,4.048640660886286,67.6056900791572,-1.809643366286287,4.090273970353158,-6.864934409172074,16.540369965011827,1.2838022902428499,57.913142857142866
DHC,0.593874296364504,8.359999656677246,76.96689539837647,8.78323420967181,0.8325824745175135,-0.2516837892208325,1.1363668770197486,1.7344438998415261,0,1.3808415695548975,24.75943400791143,2.192871298210719,3.8790154404147867,-2.6775377392115343,-0.41436335642239575,1.0261198882295801,57.87885714285714
RFIL,0.6438138412682373,16.600000381469727,122.50279279688874,14.061912246082201,0.9919843407452765,0.4983370882675268,0.0,5.421690069085944,0,2.151706328451883,130.2357876884797,-15.853656738765446,6.712565374495995,-4.597696865249377,19.073361414807913,0.98348887076347,57.812571428571424
LRCX,0.6133445533435673,289.239990234375,71.38575333276927,7.552748757845048,1.017451712792513,-0.5752572292970702,0.38203949095313533,3.265456936481252,0,2.496419696060354,68.10037479196882,5.153998882612701,4.976835606732304,-3.586669921863045,8.483562268905805,1.0558296101227824,57.424
BELFA,0.6094620144230312,269.2099914550781,86.29688425670832,9.6790585908167,0.519741244702201,-0.5974324424455415,0.016720563561148132,0.5943338487779224,0,0.5619643545565077,25.838837209231308,-5.380164326463377,5.3671587986010305,-2.53430368796529,15.716100813044493,1.2178207977974627,57.376000000000005
AVR,0.6232635011360308,6.699999809265137,57.69841921967351,10.288062269424419,0.6952775648817754,-0.15776714777573247,0.2985071864609832,1.5641824965969962,0,0.0,10.561054000380672,9.379970684773701,5.173559783475662,-3.583250491880997,10.422961768041729,1.0041318069252128,57.36342857142858
SSRM,0.6345628424933603,35.7400016784668,68.59443303248266,15.364756443798132,1.0721823824694487,0.11609143959694043,0.6715104994172787,0.2742013658331991,0,0.0,34.41143840927832,9.0438468314989,5.247821968523062,-2.13581262184705,5.635570176129093,0.9927238644711397,57.243428571428566
SKM,0.5531055791530156,39.06999969482422,83.73482052146859,3.9994680797391617,1.3222812272449198,1.4834002790182854,2.3035616403526564,1.9656968202671936,0,1.7605465747735818,24.031745062171115,-5.49029851944326,3.78405097503462,-3.5070435286316295,1.6887424370227357,1.1444934678021104,57.02285714285714
MTRN,0.5950184415434847,203.64999389648438,65.11678697827281,9.99575780047952,1.2035519464661362,0.48365911395849537,1.4191011422780784,1.4682005028098037,0,0.0,10.793752571297556,-7.842071025145963,4.681001761822621,-1.3992444483285849,12.821898721276966,1.4538755392160498,56.866285714285716
ARWR,0.6194770359642614,79.04000091552734,90.83518132274824,7.435096960019726,0.9894102262704813,-0.4749397634700369,0.7970612931587601,0.32894041475342695,0,0.5174621822420101,22.504657513487754,-6.537712476644271,4.776423841874181,-1.526192591317476,5.6894194899364186,1.2433383916196439,56.805714285714295
MT,0.6008899260913817,62.0,49.12990870661535,3.4937490259026593,1.091516023215076,0.43256041653440297,0.2903230728594807,2.483866291621354,0,15.399684270600803,3.2129187863304516,1.7888809411470623,3.664747580954556,-8.284021598287561,13.441857626063399,1.1318645320111518,56.784
CTOS,0.6108266319781581,9.960000038146973,62.27337673389248,10.78360361193998,0.9298816046567463,0.021753979996258933,0.7028081782037211,2.5100401507770607,0,3.1780425493432207,60.90468409479042,-14.657529681104442,4.367469288287989,-2.4007828257395993,11.265645844515024,1.4073060562177306,56.75542857142857
SKYT,0.597938470424073,35.59000015258789,87.07893934597546,7.750530220885879,1.5303078256940228,0.22131864197354917,0.8991281074550911,1.5734795472726655,1,0.0,10.01546161109879,-6.976752099137299,4.368402553227261,-1.8694203559454805,3.869245714094123,1.2383091208113668,56.66285714285715
BVN,0.6582994485275219,38.09000015258789,64.57424079229813,14.038086422452556,0.8111373823896548,-0.5130772494273654,0.24941249755856557,1.20766364562308,1,6.313331067449666,38.258062218903646,12.89356145018623,4.520309296219619,-12.253944595507207,12.400754916428571,0.9094416917785219,56.619428571428564
SSL,0.5780116243259734,13.40999984741211,88.61377139352923,1.8609945675768558,0.5547062897946076,-0.9165334075003506,0.44743042725540316,1.0439924774869773,0,5.787760739748235,-1.397062711134377,0.5468800582029331,3.739211552823195,-6.680584869349265,-4.938277682866983,0.8301242803834074,56.39885714285714
OMER,0.6562774706602075,14.760000228881836,113.33243535224926,4.900324343806886,0.7545533767969739,-0.29244492983085907,1.2195077825070324,1.0162575622905279,0,25.289071312165074,-3.9062463617667986,-11.993243732042021,4.35056164604406,-16.37393457193372,5.759596049173983,0.8886654679348404,56.123428571428576
VOXR,0.6587836436340653,6.179999828338623,46.728329399556955,11.156073900561358,0.6995718878070547,-0.2732849995690523,0.8899726002365816,1.375405185991231,0,2.299484814877541,20.003461100496907,3.0088508565379297,4.136616472995932,-5.926964722962003,5.651487474728626,0.9447597051292982,56.09485714285716
ESOA,0.6489456891345498,19.079999923706055,66.43678304430097,16.072515705393826,1.1541860387431322,1.2765942555713912,2.725369286245859,2.096434067655982,1,0.0,50.816206268654994,-1.0958893371278386,4.585953182702393,-2.6530635082474854,7.002615258246224,1.2162627416309817,56.03428571428572
FLOC,0.58499363911522,27.149999618530273,54.92477339894681,11.460063690965407,1.0921388172057884,0.6621876225935388,0.7093931968440772,2.0257869322898183,1,0.0,25.172885891116703,6.156411785190364,3.9133385071775675,-0.7043962577130367,0.551779132885833,1.1406919731622147,55.926857142857145
MOD,0.6211933628108743,276.2699890136719,66.0112274927992,7.967098283462054,1.0150150178923583,-0.17920764607643275,0.076009506435016,3.116511273001589,0,0.6168022004467788,112.5644274969344,2.432389056155579,5.533146714190954,-3.8391922199477473,15.69391726441271,1.0888205210333508,55.76342857142858
GRC,0.6116466112731961,75.9000015258789,61.19653973040258,3.3757157177723194,0.5841042879764724,-0.2881759873250956,-0.1907750670562444,1.52833153988617,0,9.380135610551815,11.192498022910868,6.361850721284629,4.602860441317313,-4.576312984291272,5.572564921308681,1.007843502005222,55.62285714285715
ST,0.5840038361431519,44.5099983215332,33.87245783824808,5.948438406342459,1.0464594971889336,-0.025468950532893612,0.3257619603032015,2.651081857896054,0,2.842631772224078,24.083430053264575,-4.168783383949393,3.9204662831840995,-3.1549190421933213,10.122115865905938,1.2442048342910819,55.579428571428565
DHT,0.5556873798355649,18.719999313354492,33.22282352445514,1.6590147264497948,0.7224582556052038,-0.7153742796426167,0.8012902316929313,0.6944399867948619,0,15.556954119856961,-4.732826072176853,-4.714781440668591,3.144078172069431,-8.905109447968842,3.460561416499592,0.8607112281341448,55.45257142857142
WT,0.6316800822018678,18.719999313354492,51.72497685746467,6.678820742296809,0.971167736572639,-0.5978921761290387,0.42736022427811793,0.5875999307253323,0,2.4519984626939486,34.57943578979597,-1.215976137198607,4.132323946467487,-4.587163544016443,5.30822078095658,1.0722472450636045,55.45142857142857
TIGO,0.6315125937559728,80.12999725341797,64.95478812115434,-2.7215066182358094,1.2798547422451072,2.4237098644298696,2.221398314840533,3.456888016189484,0,18.101082959208874,9.623631896227511,-3.668075869625919,3.9410956749991803,-6.016895090567188,6.6267553239084,1.209639562333802,55.42628571428572
VSH,0.6161407975179392,33.630001068115234,126.41821842648659,15.16729198236969,1.9718649721762018,4.196994668128838,1.3446268634815417,3.6574472290633446,0,3.2854999004251066,28.11428978222511,-16.34241601224858,4.732169807222244,-4.838707065763974,12.323757106993419,1.4083454096233552,55.370285714285714
MATX,0.5534123083890841,179.00999450683594,51.50592463135237,1.8103814114897188,0.7971585200515322,-1.0456686684102798,0.1033448211103386,1.9607813052484577,0,3.9976367546256886,44.1759828050997,0.35030757799572493,3.7994287366592085,-5.594278555267715,10.406453486047994,1.3248326775384445,55.31885714285715
TFII,0.5973006791538438,135.16000366210938,44.804212085310354,-1.160897051300782,0.5989360533648213,-0.7566182782832767,-0.28484351613036996,1.0950066189825651,0,12.54715892446583,56.43257591011268,-8.148742257213023,3.4430089275815883,-9.34334497139401,6.7294783632237785,1.0653368589145116,55.22285714285715
DC,0.6961900930396947,6.320000171661377,46.570651640409785,9.427757474755023,0.7241727141462178,-0.4012884497927857,1.4794249673662634,3.718356441364539,0,17.140514368872765,39.20705340027716,-1.5761847980886514,4.417382559209317,-12.827583837384099,13.372093907806356,0.8418134731496043,55.128
COHR,0.63219147064297,374.010009765625,131.41873366164157,11.730827491124124,1.1915076577954449,-0.04386513344874618,2.122938486689342,6.4089197066302965,0,1.3220200895117629,47.46284058069485,-9.68987104076334,7.171695948614342,-2.816680827840952,15.586630011353023,1.1722279026490774,55.05828571428572
AG,0.6610060028225867,24.209999084472656,101.59360874161511,16.34109019531624,1.1465242059433867,0.47542441980853956,1.2185051112660379,3.015281164030974,1,23.266439164113322,16.200715329161003,6.734791995485176,5.205935923077765,-24.438207263020715,17.27848394220354,0.8731917729787552,54.94057142857144
JBHT,0.567486967680217,236.7899932861328,28.398391857780236,-3.2010531827162687,0.9145623964134728,0.4210629442387267,0.6714795316382255,2.2445995748528973,0,13.319564290765983,8.463228227086482,-9.354995728586287,3.1099541889919204,-7.396835645707428,6.29551467418276,1.0379126081352472,54.921142857142854
LSTR,0.5583540812172716,175.74000549316406,27.049030129909024,-1.675387027599224,0.8495388050055794,-0.3730338885072535,0.0,1.43962598167831,0,12.543381838638757,28.29719579194997,-5.4140174962811605,2.934529690429968,-10.263475909152186,6.678484473866628,1.0258724708908185,54.90057142857143
PLAB,0.6539118589130724,51.97999954223633,128.78555890281774,3.734894158301488,0.9598428763965899,-0.09570960003651881,0.8272418410048509,3.424391679373321,0,2.5845609621009915,39.170017845811444,-8.37891469630749,5.139339561265778,-7.178572245878369,7.365288919990237,1.0307035716408524,54.89371428571429
LSCC,0.6028202814113145,125.43000030517578,86.91538219070516,4.69076009193488,1.4233738391371746,1.0587129496404213,0.18329281212109488,3.3046293812871173,0,3.895494561124076,18.5875052338978,-5.631265797842997,5.605574250207419,-3.053025528314018,10.017875143860664,1.1791052907987538,54.85714285714286
PANL,0.5997212585587968,8.640000343322754,39.68610794930796,12.478036018511084,1.0970608304731007,1.9360481077479024,0.3472191177735761,7.52314343317568,1,16.53857382112072,4.534949301766811,3.315649883709066,3.735119397480953,-7.9872201544002515,11.587982392209128,1.109508300538655,54.824000000000005
LBRT,0.5732139701384611,33.22999954223633,84.20826436594375,5.641301234889765,0.6986788002600869,-0.629800801164685,0.09027619533320454,3.219981069912497,0,4.332260837490221,11.28599753143886,-4.001469022417444,5.116934879799151,-3.4432699164100113,2.2118484214624363,0.930706477085143,54.79771428571429
ROIV,0.5564104053980583,29.389999389648438,31.88823030842085,2.821555742641347,0.8837771035572399,0.21197112122248896,1.3950318336602847,0.7145321407802036,0,6.23791195481234,13.826490073125688,-0.5837914539448301,3.2938802746122238,-3.0992434434261784,-5.088968988298988,0.8894978335701192,54.688
ATRO,0.6409981106358968,78.26000213623047,55.93824649907424,5.321950195159415,1.093468282358319,0.786594149140448,0.6772281686978637,2.5044710336651397,0,9.674866555611391,42.83628550483091,0.2366556809770461,4.5763219013349765,-6.7889435568472285,8.617089450068406,1.0065470316360532,54.626285714285714
HBM,0.6368257320408082,27.1200008392334,57.542966931639164,12.15185484447336,1.066245984993133,1.9252068172413133,0.553095921397407,0.8112068825164492,1,4.495198932097089,0.8117511095683846,5.432192581801547,5.054256702372552,-5.607368525156138,15.856391738059553,1.074387624594284,54.529142857142865
PRAX,0.6423146309067692,343.20001220703125,93.37526919280079,2.9956399083408374,1.0961692591673236,-0.5477278835519018,0.20979055801043944,2.3164281487945377,0,1.948532015239282,38.39267898080988,0.8032624320691848,5.88827718801208,-3.595502189026066,6.527719172162668,1.0381262478299802,54.50628571428572
GTX,0.589381851485421,29.56999969482422,59.33403391591949,26.934384160593584,1.5219885037276073,1.0503952789354731,1.0821768620762215,0.7744338650942666,1,0.0,15.462705934951822,-3.1655354877042177,4.403352425802119,-1.0705911721240642,8.075767571950447,1.8552116378693195,54.413714285714285
ASML,0.5978234192397607,1520.93994140625,39.43857473868641,4.073946283178498,1.1678984253291467,0.19954189570358932,0.5766183984316657,3.0204967438585415,0,3.9436612860029703,7.263403793178923,3.907659180231162,3.9914854024671977,-4.661797046087073,4.644754174546825,1.0265837915087288,54.30171428571428
NVT,0.580673964651276,170.74000549316406,43.65194113042077,13.947056929015888,0.9309104294026906,-0.6588827927597991,0.19913103370624302,2.7292980626433536,0,1.7993219360888695,7.437709199806757,-1.8738870429187033,4.45134465792952,-2.4342825753209114,10.093953054517863,1.3025962982430623,54.279999999999994
VPG,0.6214293734123654,85.56999969482422,148.97444100812854,42.52283896601063,2.0398769306689055,4.030298756597796,2.699425481682648,5.597757312789956,1,0.0,84.29894277739714,-5.057913070314673,5.83731761446324,-2.62847184297454,11.479076362532856,1.4204282569919797,54.23657142857142
TSEM,0.634579022385305,220.8300018310547,152.030681581945,3.4511841986140235,0.7793499912205184,-0.026624997940121693,0.5117080439422763,5.012909130271935,0,4.1365017553705785,32.96604009877416,-1.2189998612391706,7.125391282794573,-5.088750776214186,16.689514297163825,1.1017081351712859,53.931428571428576
VSAT,0.6173478653105324,70.98999786376953,87.597417592289,10.716008002326237,0.9886599031233789,-0.477784573892007,1.4368174020929274,4.45132571877857,0,0.9528700160957443,109.96745039694093,-9.740258479379623,5.006740990100549,-4.3905752675913305,2.6672355872885958,0.9575604490860363,53.785142857142866
NE,0.6140219961727337,51.25,69.30733288531823,3.495628227740187,0.854314797688483,-0.7187791073358487,1.043902141271552,0.8585339057568763,0,1.4243187239742516,13.088834239965863,0.6502990780251285,3.9595818602664963,-6.0839283733371,0.03651410960309575,0.9677016603283053,53.71428571428572
MTZ,0.6027447940034967,420.29998779296875,99.04539252510295,6.6751233921748145,1.1172005652608294,1.0500795474047657,0.4782321732091765,2.87176009392022,0,3.7328689470432552,91.89151720516622,-1.508647077718321,4.080250414053044,-4.786717086141463,2.2066795545982547,1.1939709707378985,53.65257142857143
LIVN,0.5792323755544247,71.75,31.576733946899772,10.862176047923182,1.5422460791500263,0.7135066670434218,0.21602617323305187,0.8083649213193085,0,1.0204725944618425,2.0771077897786245,0.7077998147189006,4.330513072642834,-1.4152223090936875,11.683500301502635,1.3489611678998963,53.61257142857143
AU,0.6730959776079817,104.33000183105469,43.772271449676836,4.908044177956626,1.004527453396132,-0.6618276670932698,0.9105692816640087,3.546443508735679,0,30.629260963333632,30.42880937243451,8.51548801781275,4.539852169997587,-17.854380196001575,15.094335057751277,0.8363826410271967,53.419428571428575
PLXS,0.5915158593858839,264.489990234375,73.97908146938659,5.5109063845820305,0.8654268675947994,-0.06192897364955126,0.4763922311402756,1.988725260780536,0,4.11488120681539,33.851205498181805,-4.663305560464426,4.182441958858605,-4.1112268027024355,1.779031615685003,1.1030950219755917,53.37257142857143
ESI,0.6109579044975951,43.95000076293945,49.10657080756351,7.088035318229808,1.0635088238787318,0.10816798084084071,0.0,2.6166132102151662,0,2.7543641527088343,3.265975904051749,0.1832932635232672,4.544125829433153,-3.4490326867339847,6.949249787010352,1.1686516297428293,53.353142857142856
FDX,0.5689459484075189,376.4200134277344,34.300574394641046,-1.7743065763823334,0.7613664225846166,-1.0895669859272332,0.0,1.1078086390121926,0,18.733784132346766,4.89619813998316,-6.605603480242442,3.1869802867135477,-6.833647361560456,6.374696653059036,1.1943568494896382,53.34285714285715
HXL,0.6123429901919124,92.44999694824219,23.63282010350154,1.7581735535251122,0.6759874688332559,-0.8488566658197332,0.2919471057205304,1.9468862083603655,0,7.688901461676107,9.774208183048136,-2.58883860142902,4.00844902486427,-5.728907244358982,8.25504294258502,1.000926487012162,53.12
LAR,0.6490322593124827,11.420000076293945,182.92997510183557,14.297151749063474,1.1960451964321532,0.2395431367359073,4.115589000417754,3.791590262436158,0,3.068290990442266,82.72000120746792,-10.539531385601887,6.115837953436405,-5.228216634162688,14.445826722816562,1.275312450364374,53.03428571428571
CVGI,0.6382513512975762,5.400000095367432,292.3417879817631,21.813670918933774,0.7139785496351249,0.22037924574339243,1.4814800421924152,3.6111053952646155,0,0.0,166.00986058193914,-2.200480987067484,7.678571381266155,-1.8181800838979374,7.222222144623893,1.22605881925726,53.02742857142857
WPM,0.6613943364113052,142.72999572753906,33.668602457608785,3.9752867486404337,1.0647578471365877,-1.0319676572272096,1.022915124753456,2.8935680989428074,0,29.043292712568213,8.406280595832966,3.9813154482853297,3.97904042738478,-13.757625871321908,10.722907399341567,0.9348650083756807,52.95428571428572
ON,0.6131319022260301,104.11000061035156,107.02344557722338,8.862388460912467,1.4454947462305925,0.05374052038211913,0.18250162356212032,5.234844795157892,0,2.7744782033883157,88.57091529774344,-20.624566246680782,5.439301721703198,-2.9277383586192633,10.905540686667345,1.5414238880170812,52.92914285714285
OII,0.624659799802147,38.06999969482422,57.213855528974314,2.0561338893045336,0.8690994440895082,-0.37078365084225734,1.6285861611132018,1.129499103260951,0,2.605421265687929,5.223878865821409,-5.2602264779930366,4.647454777106388,-5.109669221302607,2.453296012259449,0.8963258983121405,52.777142857142856
NEM,0.6433286296687982,119.69000244140625,33.59558631475406,5.602613622916378,0.6967965080873,-0.9725483387783075,0.4344528636104122,2.6067363045492025,0,19.030131543300925,24.93736808806992,8.382229458600868,4.149410082620341,-11.082274992635915,8.959291684264437,0.8671296772903395,52.757714285714286
ASA,0.6708424940433162,70.66000366210938,43.4928146749928,6.2522773988028,1.073474593806635,-0.5043550213828885,0.8491345075238721,2.9295210692225555,0,27.22798398048594,-3.2112807939506807,4.486446774397183,4.380040815181778,-15.019031764471471,11.750946497026723,0.9192566896716583,52.69142857142857
B,0.6136153797867764,45.849998474121094,29.68300903120129,10.867958168026506,1.3503157267429087,-0.30519823179805233,0.5888777900618214,3.402393915978489,0,34.75973827596168,0.9733064671399628,7.6905498751199355,3.6500990537672537,-15.458621304226247,9.376850514768458,0.9252765740053891,52.672
ARKO,0.6411985047529091,6.78000020980835,48.93384732909849,2.7194939478197275,1.0760263040700018,0.007843654942688003,0.6637108858057396,2.920360249327843,0,4.94755510271929,35.32933931558443,-15.669020599713384,4.388959373465331,-4.169605757851349,6.507944911475919,1.1583034109922954,52.65828571428571
PKE,0.6337821111316225,33.54999923706055,66.64520712893305,-0.4362421125539038,0.7693173823079417,-0.4782650019751723,-0.029812627295448348,1.7883710514080429,0,9.588736055136966,44.81737841740638,-8.015960336276642,4.505001639174722,-6.441721511180844,4.103825463645385,1.022131444081349,52.55428571428571
ASC,0.5722816645216056,18.959999084472656,39.376558194171785,8.937338481841039,1.1506561403745337,-0.5190602683856897,0.1576983049059223,1.371299230348679,0,3.5850455083263286,41.24091091235446,-1.3743458233189036,3.763526554427415,-5.341994834941907,5.505680269123761,1.1672467132102204,52.548571428571435
NEWP,0.6067307756272258,6.050000190734863,174.73409916865404,9.334059572978395,1.2534756108640424,0.08409290295684238,0.4958633391809671,1.9834691199352101,0,0.0,19.094493728460755,0.19011841149787534,6.7060202744172415,-4.120439847245767,17.055659904017194,1.3521215765563257,52.495999999999995
OGC,0.6788694179431098,34.130001068115234,34.8012788946374,6.325646435053215,1.9396230457156236,0.011623481861081756,0.08789562952584072,-0.5713439458420556,0,25.22720420381616,6.6562533376521005,3.0594383635390954,4.216021935586369,-21.051095947206576,12.045776953868803,0.8394211084175358,52.414857142857144
FLXS,0.6194605392956639,55.439998626708984,51.03608429058415,6.020039051436689,0.7794134799870278,0.32671254595775706,0.8567862564501446,1.9507525597994493,0,14.665274151436028,-3.2441419758269565,-7.6360488466673315,5.218833906348886,-7.117606595286988,7.927676725964579,0.8723147534609449,52.32228571428571
BIOA,0.6803075714200034,18.190000534057617,139.90767992056027,2.9341058671973363,0.7445570929061118,-0.5485495564693212,0.9620628472400018,2.957113807101274,0,54.06232977695788,-3.756608988176805,-18.34641503520033,6.068836993568656,-24.208331107084582,9.120219371917218,0.746235774264791,52.319999999999986
BELFB,0.6158196737763943,298.2200012207031,74.10025089142336,9.845058783731123,1.1378985599098195,2.074376499854388,1.545833724323319,2.4042595670254627,0,0.6701895816859849,34.86503556898764,-8.488219760992829,5.63821514636659,-3.260125263925847,13.773876724280004,1.357317250306845,52.31085714285714
WCC,0.6090389684870483,362.2300109863281,31.677171421288808,8.849040366009744,1.2072786094887749,0.430699280644896,1.6784962331728077,2.3686654417333477,0,2.3544459090849768,26.988881795550864,-4.669314652949944,4.3531931777765465,-2.5398880997474707,9.447659110432562,1.2365438551618573,52.29142857142857
WTTR,0.5684886948513317,18.049999237060547,55.69049209872359,9.807742277094405,1.2028132993478509,0.03217613733538718,0.3047108448614593,1.6066533394408278,0,0.0,42.37730459755423,-4.321402277530382,3.720973449234605,-2.4324365562979935,-1.978023766446704,1.1979564346526401,52.197714285714284
MKSI,0.6272412947468522,311.7200012207031,91.22898392173644,9.291457659356722,1.4763977707967908,0.3567583881668711,0.19248238841398105,4.351662513872018,0,1.9593595700847084,33.587728455220144,0.13861203402200295,5.511012021397661,-4.626115312249003,10.603453074119141,1.26674369841103,52.152
SFST,0.5565412930714363,56.04999923706055,9.58408762144689,-0.9673582964229173,0.9382938927249208,0.41667779331998805,0.7136512601543208,0.6155240417360314,0,41.22998227104949,1.6872284527947263,4.112146527868425,2.976297628333598,-9.596775423941107,5.869725360128871,0.8669031701884105,51.98400000000001
SCCO,0.6752942416907047,191.75,33.75689410854763,5.953568908118613,0.9783772523059134,0.36203758400323227,0.1251658373730435,1.5593169409957794,0,27.932238973737956,-6.545093630175003,5.08868831065359,4.3269213717129,-14.35334894930228,12.890110087726026,0.8842183343080019,51.944
ESEA,0.5583747058167382,71.8499984741211,16.30919821627903,1.6043139030817204,0.47587473403656433,-0.6516844708096083,0.9603374475298999,1.07167245568283,0,5.652696303625697,6.649837531288884,3.6756289503578925,4.253902159683754,-3.8924606459584266,6.001149348079663,0.9245035070736217,51.82285714285714
CGAU,0.6780242903209002,18.850000381469727,55.01894922634991,2.532026185457323,0.9650274280473018,-0.47033043221978416,0.5305059917278607,2.122023966911443,0,23.817123260650778,19.22833574304514,7.52906321102008,4.619172592902585,-10.712984005052336,8.32929198509336,0.9825428595769643,51.72342857142858
SRRK,0.5910584339553447,49.189998626708984,59.270351268688074,3.353904705847515,0.7736234116147944,-0.13514991671202728,0.4879074713606572,1.0164667898940485,0,10.539436041658204,0.061022740824609616,2.9263386180350794,4.138615398351155,-4.716709681828278,-1.724931020880539,0.9696700279173941,51.708571428571425
AIP,0.609252018012258,32.43000030517578,113.3208138616923,20.06442072503755,1.7224393477849116,2.6252824658494593,1.3567641768575427,3.0835645715660567,0,1.5548510136899774,21.369764739304344,-16.906295658624522,6.212280481827129,-3.078298886577287,14.571095352901015,1.6005736389572147,51.402285714285725
LINC,0.5663197183157934,50.209999084472656,171.4353749084137,18.730637179296703,1.5804003488905012,1.7591655213428201,0.9460312636328898,4.919341297932377,0,0.0,11.355065234962876,-0.8032120823056784,4.666828565459118,-2.788000772191393,1.6562600597555592,1.365364136094676,51.38514285714286
NOVT,0.5888822802500554,159.19000244140625,40.3192644490324,19.814699371437523,1.6309790643330593,4.1771551439623105,2.3933648471248556,2.7702767726917283,1,0.0,16.54587210577502,-2.755132033202394,4.68891613782915,-2.33742181507385,9.571515668409116,1.3393232230298726,51.36228571428572
PRLB,0.5567575846115683,71.0199966430664,34.32506534691597,8.370395629927565,1.08480590119853,0.19595502902276124,0.7392305698211676,4.308652960551694,0,0.0,5.731723357175474,-3.036667860956962,4.362452671363239,-0.7338060511677381,8.076618116473803,1.5349683900342537,51.204571428571434
TH,0.6230582546217096,17.479999542236328,162.0556235824677,15.170480256539213,1.5769528932884278,0.3759703155538442,1.4874155359028018,1.8878714664139915,0,5.645024220277046,38.072667871546386,-9.428767451082724,4.119811192433057,-4.68920721455566,-2.199224784637571,1.242356664909457,51.10057142857143
SMTC,0.6272412947468522,132.0800018310547,73.10742144843914,20.651306122040737,1.160389610595044,1.2584351932462166,0.5148339387865012,5.7616542060875044,0,1.7891395295057497,84.006692778476,-14.824678432125346,6.186726655918817,-3.6615638577244347,11.588788482172097,1.2388327859746069,50.94171428571429
IAG,0.6680924041515017,19.040000915527344,39.51444858899471,7.497746303278388,0.9666248099196473,-0.9058266647967121,0.8140691798093926,3.0462179400558527,0,41.71867236968228,18.48165075867972,18.380217076094183,4.533687913930268,-23.44189677016248,9.896905643015689,0.7929881478266941,50.751999999999995
MRAM,0.6130674283676223,44.0099983215332,378.0851756011717,136.51117026959955,5.386476003689279,3.803955966889051,1.1133871782401663,5.532836778237936,0,0.0,10.411434138312032,-8.189653258122348,10.046905751911629,-1.4775013979207365,19.754169727672508,3.2469032110188296,50.67085714285715
VIK,0.5620870941614586,80.5999984741211,27.39405026582544,-1.3910490924582082,1.1163096955185396,-0.06457791569740043,0.5459087465641406,1.1946628692452772,0,13.952121648263601,-6.060611180210882,0.13508609841331398,3.63992443031836,-7.356323592879704,1.9313888269503976,0.8452814349768459,50.66285714285714
VRT,0.6118193086658097,367.1300048828125,93.6695088423896,12.682066306863508,0.7254585909941335,-0.062316170800643236,0.8539236030618507,3.347590330790685,0,0.8679281863112444,43.47741045671596,-0.6215557035445671,4.949667270753784,-1.3078106690197087,-2.560628673185592,1.12901793729815,50.62742857142857
LASR,0.6313618054729631,83.80999755859375,134.70214348026158,17.217599055201536,1.3240797872576446,0.3115488944875321,1.33635935949723,8.344587927013633,0,1.502364019504023,91.08526309026679,-8.00059556497408,8.174699394017958,-3.6112702700627337,9.883294725980265,1.1942021684544608,50.534857142857135
ATI,0.6109297241165921,161.00999450683594,54.24150070092117,2.50255884807455,1.14269335654136,-0.6614108583954943,0.863300066494189,1.9442849952461476,0,10.801476329950152,25.455819776305688,2.50260802403182,4.499298619888262,-5.902639277324381,5.840644951081674,1.1609116490196925,50.302857142857135
EQNR,0.5802727831496053,38.52000045776367,52.19564666391494,0.4590042659047826,0.627228272776934,-0.8935526067904344,0.33748978859541495,0.55815199903243,0,28.122051794351876,-4.912362246785428,0.9210486160839033,3.7540806854865467,-11.36677112439304,-1.1225463478829956,0.8358914974598416,50.28
HYMC,0.670630836805666,45.15999984741211,479.6835043078416,14.96432863358029,0.881526233268477,-0.5588026198143342,0.5312194031131295,2.9882611897899447,0,17.197956172534145,84.1761786438773,5.491608809531841,7.770213264771113,-23.10573778369289,27.16182767881562,0.9501360274441836,50.21828571428571
NPO,0.5516680754362232,310.20001220703125,35.32975459487828,6.5556491190363735,0.8509544449836987,-0.49024934430267536,-0.09026394850980786,2.285630746756362,0,0.9675696299122473,25.10082424894219,-1.3841474700641527,4.169889442157976,-2.7281222502154945,5.316552885699565,1.3151178965941028,50.21257142857143
KNSA,0.5821176265784084,59.47999954223633,44.373659716219734,17.159261362133073,0.7270224006994803,-0.27541464066601257,0.6556815612699272,0.9246792893143005,0,0.0,10.454969781877184,9.526849062984672,4.461282806032547,-0.6514103834971388,-1.608699300979804,1.075324092286865,50.18857142857143
HLX,0.5995564538106833,9.90999984741211,42.05317539632885,0.9884820089156023,0.7462980322312793,-0.9253551152666504,0.15136572706565105,0.2522665884225937,0,12.44203820349207,-6.066353854895152,0.21276069041324985,4.1300278103917805,-7.813954907067452,3.222343471333496,0.9587450193779398,50.07771428571428
CHRD,0.5849330636072811,142.00999450683594,55.90067441478732,2.787736260102024,0.7448338161381209,-0.537671313676698,0.9788039176156289,0.5386940491756909,0,8.810454006900107,5.247166838594971,-1.5408483059965707,3.7462149852897357,-5.6411996631944525,-8.73632219752252,1.0101827320170136,50.027428571428565
CODI,0.6234272598079182,11.970000267028809,90.5331978011267,3.4482772827942454,1.1611005470056166,0.4955538638130376,4.177109346734699,5.263158732950178,0,2.6611773568914576,59.81309255292147,-13.33973448188049,5.406373205337549,-5.300633370590653,12.021859203330742,1.4330624322512036,50.00457142857143
RXT,0.6274467197475412,6.329999923706055,399.8405771649557,173.7001378850029,5.327964995599534,0.7351630403269748,0.15798150080231346,0.6003176502926743,1,0.0,362.04378817909867,-14.51612467890208,11.440983911034131,-0.15773231292710102,9.909911066481175,2.4389426337203584,49.93942857142857
ROG,0.5811088190503384,138.42999267578125,53.606828616796776,5.832114112084136,1.3495239729189104,0.2898673259381486,0.48039339745874043,3.6986169096621455,0,4.525083128523927,-1.5363850333296192,-4.670680748638311,4.5585199731246515,-4.17417538266344,6.380132950881709,1.3521014539878342,49.904
GLW,0.6178220049468451,198.24000549316406,122.49608767211826,16.005468103551788,1.8165391733171932,2.2871986156990647,0.4943558107180215,5.019174703021367,0,1.816757443573921,9.181030729974516,4.26455853696813,6.8682978004717,-5.112001134086572,18.250346792740384,1.3234623976950601,49.82742857142857
EFXT,0.5806532613302114,27.010000228881836,91.35854443221545,5.06252961166255,0.9873677925664655,-0.3718344785589629,1.1477210785041856,0.999631453038507,0,5.65401451445686,24.241032718512336,-2.07413643644586,4.392553651279312,-7.341335909365346,5.8672434779395335,1.35334738430892,49.80685714285713
PNRG,0.5793202545661884,250.64999389648438,71.54162001247184,13.058439215423103,0.6791701678442778,-0.7642662404671628,0.0,0.0,1,0.0,8.907234648518527,-8.430084014955272,6.119803817129825,0.0,1.9399019722084136,1.1170564174039885,49.78057142857143
CVLG,0.651867831681661,31.639999389648438,51.86926831864827,-2.265744687458747,0.8251935773438045,-0.6808857655489274,-1.9494260833051977,2.4652300705398007,0,10.754814810855306,-7.132375482450075,-9.71929985146133,4.551200634134011,-11.890839531575454,9.946347813512704,1.0682004343432163,49.756571428571434
ICHR,0.6466606674001857,73.27999877929688,378.8690574394222,7.3841224490079505,1.3439070009960927,0.15104028139728462,2.0469432655112323,4.2030593372264375,0,2.0469951707678318,61.87320087846573,-0.7967418994027914,7.812500278873889,-6.051283616208477,14.100457040943343,1.26372240746818,49.587428571428575
ONTO,0.668509939915946,277.94000244140625,89.18417314519674,-3.750554944547397,1.3417067996118277,0.9185838155741975,1.8691110594255829,3.77060189042049,0,15.244358092960693,28.432141646779925,-10.902553389971438,5.7971916073413965,-12.044303024833326,12.10272828258723,1.0462955180397269,49.53371428571429
GEV,0.6440082921556938,1071.97998046875,75.9958981858359,0.5968820964559433,0.8834095782812519,-0.6244426856393045,0.4384364687310153,1.9324023020686487,0,8.950962831875634,48.46721781317224,-0.38480889042682553,4.617022456867087,-9.304113985029517,5.796772893250443,1.1264420298188427,49.52685714285714
VSTS,0.6440224862024408,12.0,115.77180246750491,23.915737100916996,1.92252591203177,4.891894424371584,3.8750012712428386,6.2391678487028885,1,0.0,41.176470583391,-9.544469510401193,4.799404598417737,-3.7304464248566114,-2.544532858518215,1.1068084276767578,49.52457142857143
JBL,0.637137609213577,350.79998779296875,53.6210796909625,3.5737038048222614,1.299602312780935,0.35260471503867,-0.6784506743513117,1.9401020303182255,0,3.3163408865994377,62.233121018910374,-9.056440613274278,4.401284020060474,-5.792627657170011,5.253076937977019,1.1999064582278993,49.47428571428571
LION,0.5987005820393523,12.079999923706055,65.19369043813157,0.32805945212742854,1.1239961241173189,-0.19046796427712734,0.4966922184658807,1.4900687607426557,0,16.24300412673562,-2.971886676287447,-3.877369695406771,4.059248889441966,-7.076923663255201,-11.702132191412733,0.9350867252824187,49.44457142857143
GHM,0.5928856160022205,99.12000274658203,48.30476274243167,4.301162517124337,1.6654035955069226,2.3314912982650267,0.30770812824984667,2.855126869055422,0,0.0,0.8136727565427258,0.9391221419522742,4.824239961560978,-1.8225003511864983,1.90542195793887,1.0919849941719633,49.44228571428572
ATS,0.6019892511442704,33.310001373291016,13.508790327520682,0.9378678291076104,0.9559324749932014,-0.9128987791957726,-1.7562379916964905,1.260888520907537,0,6.0968940136271454,19.091891994419818,-3.7986728619979475,3.9434744245557143,-6.694676018221754,7.523609755913737,0.964575531724125,49.391999999999996
COCO,0.5878852945329661,74.61000061035156,66.53553254044047,26.54663996869494,0.8990842095542851,0.8100743924610423,1.3738125150517115,0.2814623813857815,1,0.0,36.37360968474779,4.533548159442164,5.124743017213037,-1.3551946809218915,3.140494142297856,1.3176240971056186,49.36342857142857
NGVT,0.6122160941905554,71.55999755859375,37.20794624001591,-4.56631026868663,1.038506832133183,-0.7033733533915267,0.2585209123850063,1.600051260640242,0,28.671542546179364,12.480350141290007,2.82131152242203,3.813485026878645,-9.749026696406984,7.761024017149178,1.1684854673335014,49.25714285714286
MPWR,0.6040492518720081,1599.52001953125,56.89252563562166,3.006073244512602,1.1497674702421794,0.19223829044358978,0.15441186122414158,3.8305863850123965,0,5.006634717381916,71.31699847453665,-12.067440841660474,4.950060658804462,-3.874420584345317,7.052457897089724,1.332482838413773,49.242285714285714
PTEN,0.6283504264122819,12.0600004196167,92.87284916555913,6.617162553818767,0.6389735506999636,-1.2161096188607652,1.119396936145515,1.4096112495072022,0,2.5335357531744975,49.36842960065822,-6.882594101522788,4.8951670550518935,-4.437396758923981,-5.102049642388351,0.9821603340490086,49.162285714285716
TSM,0.5955894880136935,397.2799987792969,28.789517701167156,1.2968072121561998,1.1626334000697083,1.002581366824029,1.1289230178544123,2.809102823291404,0,7.704135471401551,16.613812417740647,3.108801921806281,3.919690339901906,-5.409524100154531,5.529503748012713,1.1665535433715766,49.07542857142857
TGB,0.6600238167417283,7.929999828338623,69.58398119559976,8.01607142797827,1.1777985046283295,-0.06931745238002834,0.31525972138030545,0.9457791641409163,0,17.67805030027305,4.068240779456571,8.857510404502644,5.2603137083470255,-14.270272124526207,17.922375918505594,1.0825891947882313,49.054857142857145
IESC,0.6159230990164882,685.47998046875,61.14329436935755,12.557180182694783,1.0390401288039706,-0.7073025985901822,0.1269176550701458,4.666810436624117,0,0.0,80.25190382749037,-3.6847111502883987,6.168775778995935,-2.1022609942354427,10.370843523658014,1.3875456690228094,49.029714285714284
CGEM,0.6131286575205255,16.149999618530273,113.9742335222611,13.60838198013088,1.2718506353055088,1.1933506818449833,0.3096046166385853,0.8668752112752424,1,0.7594170135647405,24.90331969919999,0.9059241182998778,6.620963606049439,-3.524493193665295,4.252653916150661,1.1545857568821456,49.01942857142857
THR,0.6145775915878654,64.69000244140625,78.4534838078722,8.992884295259836,1.4329225492573732,-0.2771477403489803,0.00015331909902855886,2.2567686843740242,0,8.202876122444449,28.149768280007603,5.9208173898677945,4.708158695578628,-9.194266730322944,9.183673469200333,1.2990528063660682,48.81142857142857
CPRX,0.5688494575291356,31.139999389648438,34.938765262535256,9.364845638238304,2.8218715185940733,1.260657747190877,0.03243227748352208,0.0,0,11.94715337227461,-0.09624859342673557,2.1000425092506387,4.1907525072386145,-4.361185269371011,-3.810727750014803,0.8589775456759494,48.795428571428566
NBR,0.6342311659093535,101.97000122070312,87.1646750148557,9.284992332463833,0.7985560578773372,-1.1936068688856791,0.18633170455019096,1.4811215696011366,0,3.9937998013998888,41.80224729151955,-4.399341715834091,4.565791056155139,-3.620039433406097,-5.500644529975139,1.1058475297409012,48.76342857142857
HTLD,0.6433365064262268,12.34000015258789,51.76476936046992,-1.4613103590504037,1.06885092991136,0.04471706041079199,0.3241487954228042,2.5121589607644026,0,10.378733963559412,11.596155160342093,-7.4545426795424845,4.5380886565133665,-11.350574101528363,10.531053700484618,1.1539377882781257,48.58742857142857
LYB,0.6680919988076841,74.30999755859375,69.21734033957259,2.422380210585949,0.6668092634745341,-1.2124647330496574,1.3120793103696549,1.204409463677688,0,17.274644817451872,1.350242591212005,2.4982960150576172,3.9712974767276843,-11.47248582631378,-15.445747169274618,0.8594071890939023,48.56342857142858
ATEX,0.6056716238201147,54.25,190.24411468963228,14.294744964619849,1.1560496134880471,0.10462276109659595,1.0689449749586946,4.584330897092916,0,2.1898782490195625,57.52033148268687,-16.372262152240324,4.8976965999038224,-3.982300884885269,-3.817199300495218,1.1533658268729767,48.55314285714286
SYRE,0.6006699873688797,75.04000091552734,222.57163363923326,4.41691902328707,0.8480481819438311,0.16526128169572232,0.12033783657908559,2.425372698021075,0,2.017617375695966,18.60281392827678,-11.341968855541202,5.795320869500565,-4.7715761301596515,3.3419673511775625,1.2068228022229328,48.457142857142856
FCEL,0.6248195074213547,17.09000015258789,116.61735717942597,45.831556227042604,2.3895434501001644,3.384206169236199,0.2925642867829348,10.94207061880273,1,0.0,80.084305205135,-29.99999346387472,11.046561452068344,-0.2917108450297052,11.404559638080187,2.2009305124167247,48.42628571428572
KEN,0.552183240948074,91.83999633789062,71.72162024310158,6.009796255814053,1.5987876635507736,0.33212547346707516,1.0670768684673835,0.5117609314451791,0,5.270182992465014,6.370164736181026,0.8051770797517402,4.279181094215289,-4.263529609331034,1.7954266568116137,1.3497455843631911,48.40571428571428
KPTI,0.6751547833465844,8.914999961853027,62.12803847528969,0.9712021250253454,0.27547480153078324,-0.2220211009205224,3.757712165371273,1.232759113923416,0,16.374124536796103,63.87867403386234,-8.520713410598493,6.359187629328851,-18.880799383903994,11.470285337359304,0.7972718230692389,48.328
ALB,0.6400474213254951,205.52000427246094,102.00435558640488,4.561597617551892,1.366196025855541,-0.7794147032622247,1.464574953409838,1.8830334252169445,0,2.5303853441316884,75.5743285271802,-4.508583972943459,5.67862848834229,-7.004522953605891,4.832187362506969,1.0837676495450974,48.27542857142857
BW,0.6303824492618983,19.75,241.406618770921,22.480619429262454,0.9202797558261872,0.42040307116347925,0.3544288345350606,4.050638705664169,1,0.0,67.3728786448122,10.190367483344055,8.039783181161173,-0.35317707315084695,-49.888886340214164,0.9876327605378391,48.08457142857143
VAL,0.6266259971111378,97.19999694824219,68.0003428535666,2.2216351656785207,0.7325334118622535,-0.439714249610466,0.7818952264240725,1.5946455463086984,0,13.908502401922307,15.962774161265642,1.8911047198639237,4.69143190934485,-7.731742539277608,1.9330463768941253,0.9850762550149429,47.98514285714286
HCSG,0.6156472879845584,22.1200008392334,17.51430924188253,4.155389940069055,0.7700215450509899,-0.6334630257269944,0.8589535571446769,2.2151973772783395,0,10.30261176685149,13.203683739461017,-1.681553774362006,3.9008012699364207,-9.307087360098079,7.1107109471661785,1.0005383450353726,47.984
AXGN,0.6519380933043668,40.93000030517578,63.00966848275693,1.8057909958007576,0.7531780041977595,-0.6829086207219598,1.6613738091596804,0.024194854697003946,0,8.037996202038295,27.906250952802246,-4.149739823349642,4.961432427000894,-10.691689570153407,4.469817125256335,0.9549803741157918,47.936
THM,0.6724339361962,2.8399999141693115,59.416595746168134,13.192505011557328,1.0414468013030147,-0.265062224573795,1.7500008178983153,6.338030708936522,0,24.438852801432276,-7.792208292331305,1.9455234862103499,6.538482816610018,-22.191785200341553,20.221601154182686,0.8713250101995424,47.896
ALM,0.6831576424250362,22.1200008392334,205.3567282650913,3.4587615426571476,0.8732575470094359,0.1859100524159303,0.22603632532239684,3.548823768506812,0,5.675382021183107,118.14595748626459,-0.6422078068362613,7.639175500666987,-9.38139706022029,4.92277308961299,0.9459683240332115,47.696000000000005
REX,0.5517353937207289,49.349998474121094,43.38292434086497,4.343961440344549,0.7157406003196384,-0.8238606793300732,0.628168962248899,1.0739590591154007,0,2.9054595516469064,45.53228751321268,-4.437731892981142,3.427414220878234,-7.514996421078375,-4.184100596380662,1.0368052488606128,47.656000000000006
TFPM,0.5807894741051426,35.33000183105469,13.408657759565813,5.087825405481419,1.2702673183998836,-0.9544256293057518,1.2383243060096845,1.6699692102834462,0,43.66346043664943,9.043210392274412,4.5238835085470726,3.4896480434094665,-15.275776535220823,5.251640630357451,0.81844305068965,47.65142857142857
SAIA,0.6309657014949915,434.9800109863281,43.43557099178745,-0.16582184579602802,0.7219931551552117,-0.6221453809515747,0.14023296155102405,3.3477427355102582,0,8.12158885621342,13.976520881042065,-9.231833318937136,4.879568043670707,-5.449402776175727,9.566200482627082,1.2510050461762872,47.646857142857144
DCO,0.5859655827214719,145.02999877929688,51.3290161379996,3.1504154320586717,1.348986016877091,2.3190022020730114,0.19306266403617622,4.812794446832288,0,1.0315047955474317,4.987693224294936,-0.13447692719478205,4.596586808413691,-2.546706328699144,-0.9210906965587654,1.1048875608487543,47.609142857142864
ABEV,0.5527638120285403,3.259999990463257,23.513090798849934,6.050747454428632,1.425314023526033,-0.7607817274030987,0.3067481745227957,0.3067481745227957,0,6.756473356400718,31.983803740184197,2.229304754791406,3.33041293209959,-5.507247957661624,2.5974001838227196,1.1680910595296925,47.56914285714286
FLEX,0.6097989562710071,139.69000244140625,112.36119233370165,39.17644156277758,2.573127248050649,0.9003750077823358,0.0,4.07330685225825,0,3.3859136447730704,145.2853390141787,-6.23908165462683,5.643619465909467,-3.9270919496076515,6.352108975945961,1.7396647238003902,47.50628571428571
KLIC,0.6099694150974697,98.0,146.3147781825612,10.8992460782305,2.1631471252895436,0.6219867893667144,0.0,2.040201303889418,0,6.063246414810789,48.05211181023106,-5.0312848138232535,5.035670088609523,-8.419775681039582,6.859250402577925,1.4294206661898385,47.45028571428571
GTE,0.6269575054120033,9.220000267028809,103.27783900076332,5.13113126378592,0.6327381778558326,-1.0309103722532744,0.759215756933859,2.386119963485029,0,3.296140300968547,17.452234125674718,-5.9872585457537895,5.275797388218003,-5.33880406833183,-20.583711650269095,0.9017996537527702,47.437714285714286
BHE,0.5933262863018479,83.37999725341797,79.6848293710476,11.479526975956631,0.8882087652175746,0.3023820076883118,0.09127274281025038,2.434516267701619,0,6.806581872482223,88.61805750236095,-3.682228902102072,5.015754531601813,-4.958401843173126,7.478558969375909,1.789593343081534,47.42742857142857
CRGY,0.595068882593601,12.720000267028809,36.28427612325793,-0.6560425008127935,0.998653815269372,-0.16790178775424638,1.2971694840899326,0.3930832522113752,0,19.170875853358694,11.64508815523212,-0.5747101236830504,3.734839280443318,-10.98670188177359,0.4163199138660079,0.887864202222391,47.408
KGC,0.6468482303673602,31.729999542236328,19.93112834552331,0.2971288162803129,0.919166018135912,-0.6275468969463036,0.6303207242941355,2.7576426492149695,0,50.26947951955651,0.6614530110019015,5.733599072100583,4.2805370247452785,-18.770768645555304,11.606410497131689,0.9081779023630351,47.40114285714286
SITM,0.6178725363954244,847.1900024414062,148.4837720401163,41.1248308651912,1.6092809357038902,0.6998344777838533,0.7412631414981106,6.12967486939998,0,1.4574691086773237,160.41743002774493,-17.381848554806222,6.75840131247307,-6.056707650724185,19.160615651957546,1.6058529427782253,47.369142857142855
IRDM,0.6305261163541191,41.65999984741211,141.1520538660961,3.6266852335493858,0.8822053051642829,-0.3434547636119393,1.4162269676781547,2.9044625273054967,0,5.809198260006874,145.96766900081352,-18.853824957040572,5.951239085282109,-6.086566108496701,2.139692612145141,1.0346910638162108,47.290285714285716
VICR,0.6147559497234026,292.5299987792969,223.94438384806188,14.328258433738705,1.1690622262679349,1.304904505883524,1.2887529584626654,7.1439488074761455,0,2.136804806655369,77.78656297245213,-29.531824085677865,8.764623332254983,-6.6979236697269116,18.719825615419087,1.3194318899902044,47.232
UCTT,0.6355966711110986,82.98999786376953,207.81412059114467,4.536548291515782,0.8975564527583086,-0.33301432960808114,2.3135387971312555,3.309313165975073,0,5.03157821803355,36.76664048454714,-0.8190391287069214,8.223881556513145,-6.088044263368213,16.323947319509717,1.37931794777628,47.13028571428571
LITE,0.6506730216502816,992.3699951171875,302.65478490900944,9.885205945361555,1.2163936002744604,0.7146352645890224,6.796867456089747,5.515071969409517,0,2.413216032403096,40.49267776835177,1.860950002470601,8.699268176295963,-8.594618485871885,18.20108491010683,1.2081056689736467,47.115428571428566
FANG,0.5511177288051204,198.14999389648438,29.076548379301048,1.2578644109236088,0.7834412380667946,-0.7012681651949451,0.13121095879036426,1.1859194369735588,0,9.289210986318606,12.17730671480896,-1.7639851170461809,3.1952667643003316,-7.626684550473914,-2.790026687501911,0.9896503331088456,46.98514285714286
HZO,0.6016207231882107,32.709999084472656,26.967143093636814,8.062567978703356,1.455708632952226,-0.6301913257514522,-0.519713157133083,3.179452880634904,0,4.593072197252163,9.03333028127441,-2.605417301570127,5.273617944821586,-4.995646835340298,11.406352521162532,1.0653622529070843,46.96228571428571
COHU,0.6181009717629975,49.31999969482422,95.45784066322827,7.637411002197701,1.0887026378828237,0.20670290884045522,0.0,4.034869983865833,0,3.224929486525979,5.092689908493191,-16.541165993390287,5.826381064834451,-5.931719611272313,10.112358449453405,1.4508569727192415,46.88342857142857
DY,0.6426050779632727,429.3999938964844,39.28164501668361,2.7284994018910718,0.9022141806452515,-0.29344081261676486,0.6730355588052166,2.952934630472793,0,5.835174254123632,24.687841282293977,-3.202038893196107,4.717544215588325,-7.6201568068373176,13.95648769086551,1.2393189190327047,46.77257142857143
KLAC,0.6422949864355612,1811.3499755859375,41.5933783132731,0.6840852950096599,1.2161277158283732,-0.04834325184932954,0.16341861306252178,3.257791733290183,0,7.108865163534964,27.015398411143593,0.5868912619171636,4.849144536394912,-6.600631689446436,6.895988726215872,1.1358253519419623,46.689142857142855
MCHP,0.6251227062275493,97.69999694824219,65.55018143480176,8.783392734299111,1.6186512698033397,0.9253001500566311,0.45547564863835993,2.5895587085957414,0,6.966551819993535,54.496560400663896,-8.630872892737546,4.980260070550092,-7.751870861965517,12.528593546416808,1.4612826755364878,46.68457142857144
RRX,0.6499852133819025,209.77999877929688,44.33671044575287,-0.3841615278609681,1.5712103978368972,-0.4037453266282427,0.6459127349686721,3.77538288444741,0,27.586259468481188,5.096428493593871,-0.1958387348293797,5.169701165021842,-11.24180522020774,11.7400661055371,1.0538561661231867,46.64914285714287
PGC,0.5572895738078919,41.970001220703125,53.15565666260742,2.206977949935231,0.7780326946360584,-0.6142969022756688,0.3573926776634814,2.406958472914926,0,4.776132574396601,62.78510867907261,0.8386241311412751,4.0131969210690235,-4.132688398021247,0.35294270939355754,1.3804048252671424,46.35657142857143
OR,0.6494099212177632,39.61000061035156,13.5642899958216,1.6201250228109296,0.8433540994334324,-1.129779871897196,0.807876015867852,2.3913172444512223,0,47.817724680788125,20.693335025090622,1.4210912145010108,4.066830848013229,-17.453396624076394,9.02996179082442,0.8525138788671277,46.332571428571434
GKOS,0.5855978445123955,136.36000061035156,51.96105638800723,6.34182856222992,0.8607899700727809,-0.9135374727365569,0.6160137387244173,1.4593762718114867,0,4.247858245091257,-5.088047366679056,-1.3192864350809268,4.939131736028704,-7.080067727139787,12.665128483570312,1.3946485566464257,46.24685714285714
OLN,0.6740675383660482,27.59000015258789,34.095198319196804,0.3929855140225616,0.947866458041876,-0.38658456214132914,0.5799197046807645,0.32620569803145405,0,17.058767850565008,33.632301659094715,3.54987574460831,4.89566557124237,-9.422189816327208,5.593018241022572,0.9099550827825386,46.135999999999996
DOW,0.6397442765702673,39.43000030517578,71.00642516009432,1.867880565640001,0.8452204788611051,-0.9724860391911064,1.0525004116278023,1.139997550360791,0,12.78727544669422,14.922759331980837,2.1705783386400097,4.66350917925257,-7.744504546618234,-12.124186096241658,0.8794814331885015,46.06857142857143
FSTR,0.603906435135922,40.95000076293945,40.463728034389405,20.691436607451205,1.3295267172181968,1.333865628433292,1.9536000540567164,3.19902649292403,0,4.07955934409575,36.545518756591825,0.1999982198012761,5.056687877483184,-3.7150201308949886,10.43802064691814,1.598066844155781,45.99314285714285
PHVS,0.5946164647782868,31.25,34.099651797764864,6.12827055687238,1.761131194009944,0.12583863838850845,0.7039978027118471,1.9200012206416848,0,0.0,6.419207367648709,-1.6387702522209713,5.736913190569196,-1.2638218746879402,5.321427753803392,1.183886083988061,45.84685714285715
SA,0.6736563725811215,32.849998474121094,33.49887140750501,8.367553551674014,0.9746465133011959,-0.6758677717696827,1.6742863844403422,4.048700389939727,0,23.447237714591576,34.46581278517946,3.0885583244366233,5.185911133724098,-17.998009615139523,13.486003409200325,0.9039128059325168,45.841142857142856
ERO,0.65246201305434,31.889999389648438,36.790838453411354,15.858309211524224,1.3875114201963388,0.9708508952984557,0.4076546585113967,1.1288764812849048,0,20.520110953088842,-16.145147479808852,10.159897061290016,4.653274122103535,-19.872359704971814,15.543572091716035,1.0605701507391372,45.83085714285714
IMOS,0.6383475666049443,53.599998474121094,133.99386300086132,9.415664999060121,1.9859447898822724,2.9345044656034402,2.369403906519053,3.395521915301896,0,12.396185247747745,-3.423426172693103,-11.86357861699891,6.4592226033101285,-12.518364495206253,11.930635485070065,1.2112114082374725,45.78057142857143
RLMD,0.6359733832727361,7.449999809265137,170.48877443289982,1.5885982657008513,0.4437778865243575,0.02726151210904061,0.40268739023339567,2.550336403481024,0,4.18244034638214,3.9051566241665516,0.6954129392210108,5.720997734643983,-6.875002383326416,-48.14049276380346,0.8878066460366459,45.77028571428572
HP,0.6055716813803393,39.16999816894531,41.44090557399424,3.209312082809199,1.1078121455889127,-1.5496925557223284,0.33188939032165365,1.7360233263874332,0,4.2312735356957045,14.306979883554257,-4.456172472942808,4.148582597611539,-6.022078017735903,2.0518700984659475,1.1535591956629643,45.64571428571429
KRYS,0.5532322564195016,310.30999755859375,46.13436950765595,11.046099117052158,1.3958234982786717,-0.31554179029497303,0.3448188368514487,0.6477425095654503,0,1.0913813059311746,7.806420756845722,-0.9851865415183421,4.377282475095488,-1.5420299083242457,0.0618228289548716,1.3749052720090906,45.536
EQX,0.6509855080718923,14.800000190734863,15.86265492668355,2.9099904944534365,0.9673827001111207,-0.30396743346898536,0.7770254704617252,3.412162891206839,0,40.27792147175695,5.062729230983097,9.3989784825191,4.543918381680984,-21.867900348022477,11.94666197957406,0.8150468471799198,45.44914285714287
PPTA,0.6785901557237051,31.079999923706055,28.854018636249634,4.891033928242979,1.0461649105075639,-0.7496544626509849,1.9948546999208598,3.146720216339866,0,24.15689054565755,40.442842756190096,5.512302784379081,5.330712871027243,-16.831680994894686,11.848467766413243,0.8260855509203947,45.42742857142857
RVMD,0.6076924419883832,145.72000122070312,128.20281565262954,1.2693431187328248,0.7800624451504947,-0.5930562212189222,0.2676361421758979,1.9352232367389977,0,12.029095188936179,22.8253556727422,-1.2856264609599022,5.139995992780303,-6.40975974507727,1.8008283621092807,1.2078274360937566,45.42399999999999
HUT,0.619247312130941,107.30999755859375,130.01605063660958,29.514633933503358,1.843732955606595,-0.36465786137522405,0.6895960395051788,2.2458261928265086,0,2.9689123479698742,167.2061702306921,-6.746590620770022,7.854946677826559,-3.610890331723212,7.549316103956938,1.5717676198319341,45.38742857142857
TALO,0.6225530186607122,15.350000381469727,37.23725781972171,1.6623637841511787,0.7712958279240524,-1.2126500776968132,0.0,1.1726403953797182,0,17.686673927629066,-0.8397878850287308,-2.103788119906287,3.955327073715268,-9.732424939002126,-2.4806252553221957,0.9030327333515711,45.28000000000001
STM,0.5610689917334595,57.93000030517578,137.09757799845326,12.75034586469619,1.0586331151940787,0.6224581519353812,0.5696561873132026,4.022098772207829,0,3.412928815057733,16.535911027818454,-8.312952528735751,4.853146996819834,-3.7707648321550025,-0.14933214741671652,1.5108888516575898,45.244571428571426
OVID,0.6498599086060712,2.869999885559082,106.78094139085617,3.38616305876036,0.7628345401884827,0.6485217749077354,2.613242182864172,2.787453897845574,0,6.533947308489188,24.78260629618432,3.7162206776897433,5.438028944515093,-7.568442254272273,-28.915671544895527,0.8431084364589984,45.18171428571429
ARCB,0.6472884698937469,112.91999816894531,58.58237026159494,-5.984146116733621,0.958304363078658,-0.3001643136159996,0.0,1.5851938934973955,0,14.65188769273783,42.29920612975519,-7.607116533113209,5.127075999580952,-16.33502950526258,11.647116247356887,1.157621829399554,45.17371428571428
R,0.633241151075706,227.75999450683594,25.091059063643485,-4.0527786631267135,0.9753515120302096,-0.35529180211103006,0.926414059199044,1.2425368367127017,0,14.970231985218641,0.27736961672928523,-5.072098350343793,4.019896453812048,-12.061778182642257,8.86962021369739,1.1510086544782125,45.13028571428572
CF,0.6559325017047134,130.38999938964844,50.11247105822807,6.601807175638173,0.7767148986376224,0.011827644905975565,0.01916856860279084,1.8559750054829793,1,8.058187534855456,4.395514649043511,-1.9754526665998222,4.380539519474779,-8.15018792402399,-6.4621262382516464,0.8677952415427216,45.08914285714286
AMKR,0.6382194898345861,73.44999694824219,101.3841234499989,2.3522151934169995,1.0481144650898173,-0.4005839598596131,1.225325477550196,4.513267460450073,0,6.380473507738593,54.99314485709685,-14.4977159715378,6.813675798960052,-7.295224237943482,9.600496724831894,1.268973134343842,44.98857142857142
CENX,0.6729084800591686,63.27000045776367,80.79393841920088,3.353644008549004,0.9096135895218304,-0.5008919705773188,0.9957342556459102,0.8692891308243467,0,7.333232417170028,37.42397740928615,3.716479402281493,4.94818143488688,-7.8905252451942,-6.0163553656674615,0.9198507643036758,44.97485714285715
PBT,0.558095037041421,28.059999465942383,35.07528663840467,23.133113433957632,1.819403048094846,5.491980979756068,1.9244509115672697,1.1257979375082807,1,0.0,25.818309604919502,-1.156336267400519,3.9714373131374736,-1.8881150640065565,-0.5408013999069089,1.4378505948324691,44.69714285714286
EE,0.6082887164180123,36.54999923706055,22.614783883347854,6.531810946242846,1.3617402907347638,0.07763633970133142,0.13679682107484495,2.653902163951444,1,20.890435206746805,2.3225516937730695,-2.526316248308654,4.081101434703422,-15.155828610457483,11.526561270261949,1.1347538892260105,44.694857142857146
RIG,0.6255894648429738,6.539999961853027,53.67832257029319,2.539979866203307,0.935446094206892,-0.8152489646743745,1.0703390223084939,1.6819592376024655,0,13.87928351317842,14.53590049064255,1.9448927723792166,4.734601893778888,-8.403360164821162,1.279998779092075,0.993821051744908,44.55314285714286
DIOD,0.646206247953978,103.44999694824219,122.98363542720195,0.13357348340397357,1.5358291841723584,1.6867231709908814,1.4692097687380683,2.6196221985413097,0,12.553337270288315,32.6282012152768,-10.83181412299141,5.873092595998731,-12.18166870257961,13.578359650324021,1.397577366892092,44.52
ENLT,0.6073115766185089,91.30000305175781,154.45545812370537,4.375067393748807,1.239517334616004,0.3397093557528003,0.07666998081453441,2.3439203922171132,0,3.633004080174746,30.37270404529167,-0.7778798609976884,4.675637454335551,-4.895830154367947,-6.786595180246841,1.3259473974912714,44.51085714285715
NBN,0.636730319080536,121.73999786376953,32.188814877037466,-1.7318418754735074,0.7456168128379668,-0.6516631335656735,0.3778536984891601,1.5771301155090154,0,21.144070720468605,-5.773993235776476,0.6414948483414489,4.056656075656866,-10.234477033657239,5.374059193248118,1.163680619065229,44.48914285714285
ECPG,0.6038067165396638,81.61000061035156,61.857240988402395,-1.1734216412267238,1.51450185519535,0.310672334924629,1.2375960405151403,0.4717585263403573,0,16.710971596249227,-0.7419126748815278,-2.559278558440153,4.036180987982211,-11.906302732996672,3.849401858411198,1.369367637083422,44.42742857142857
LQDA,0.6028840320880549,56.599998474121094,106.29806600043854,39.36080733977676,2.1541347350105737,1.9845418587358432,0.5477056212771434,5.644875937988942,1,0.0,57.83602205852792,6.354944827151549,5.155224580438652,-0.5447221474551898,-15.934060480189865,1.492882745299335,44.407999999999994
OVV,0.563876302218367,58.09000015258789,40.78911401604426,0.3151572652564674,1.3353900200520996,1.0301139450962395,-0.41315489384100706,1.2308489424986326,0,14.88494639716442,1.965945072611468,-0.20073104357848817,3.4115793599952497,-8.462021760592922,-2.990803642011586,1.1452959389027049,44.316571428571436
AXTI,0.6302664936489653,122.9000015258789,1188.5110612051215,36.82997683721559,0.9292183147746846,-0.3691749494487673,4.442393385074019,7.469487543633646,0,1.1355777038307608,63.93223892772259,-11.39672781728204,10.908386758382932,-7.231276049623557,16.753018938885646,1.4611849532755403,44.202285714285715
SNDR,0.5730433562598394,28.940000534057617,17.549973870656576,-3.748293721516359,0.8004094680600597,-0.7893208244512128,0.3800922631970182,1.1748450114090978,0,30.53565370025193,-1.5311291763211292,-7.348241708003099,3.6020327225433433,-13.1973593229176,8.416188345796048,1.1763004869684357,44.165714285714294
WLFC,0.6195203724949612,214.5,68.76477761349342,5.158780237382746,1.1330636899581867,-0.4839427058465637,0.0,1.9347290892610853,0,7.228736223564136,13.097856007870776,8.618635648385348,5.412573384886595,-10.254793770424927,9.286084164395733,1.2951649772505662,44.164571428571435
CRUS,0.5961420227942575,166.47000122070312,29.671957406453544,-0.6270863584413062,1.2817473372159829,-0.4039349814948854,1.0954576710844353,2.162555461702179,0,11.837691345851947,23.39337091517974,-5.611200169458678,4.16677458645682,-6.999999318003841,6.341321500926369,1.304753211493819,44.15885714285714
ENTG,0.6347123280268315,145.30999755859375,57.27102758002918,-1.0370566447210054,1.1222442204628729,0.005186283875582222,0.21333532709379857,4.906754526568884,0,11.590132045267536,8.970680097759947,-6.948493974648344,5.8467755381447075,-8.633058569507421,13.402220781709257,1.2659097560618449,44.12228571428571
MGA,0.5585525476441175,62.290000915527344,15.23276934164548,1.6216405878370845,0.6894141903259003,-0.8508439713971193,-0.1605430845190851,1.9425253919872851,0,19.974860182708397,-8.665234152971264,-6.658593037659843,3.488292266189804,-10.245373975620293,8.514001218950535,1.2670810162235568,44.03771428571429
MUX,0.660779310747371,26.15999984741211,52.245886371522985,11.167771040396671,1.631941779946497,0.07046043989992136,0.30581010768205574,3.172782601359361,0,14.791174646964977,-3.433002214481748,3.7590958518273156,6.042486128548674,-11.919194695191626,13.762759128035148,1.0958297168824003,44.009142857142855
ATEN,0.5740013961790404,27.350000381469727,49.10890963719115,0.6162071060780853,0.9495378085710308,-0.347708151422103,1.195611187326471,0.18281953824479086,0,8.530402487072955,27.446419142600554,-10.618762188904782,4.0629404516998004,-4.337180008593148,-2.970796245850359,1.2961178540850433,43.95657142857142
EGY,0.6254601651767748,6.070000171661377,48.98089505664576,-0.2137073931184587,1.096532444842747,-0.3213839450643403,0.1647484118184359,1.6474526956377602,0,19.736685325772424,-2.8799972529571694,-2.946275161636741,4.459873301374285,-9.672613671540155,-3.6468340843154285,0.870257134302114,43.947428571428574
PKX,0.6145343284258111,82.79000091552734,49.244709453495574,8.461830089014855,1.4722895678978005,2.874813907517936,0.25353291462743266,0.7307594164047018,0,5.676106780630211,49.95472249212875,-10.57431547341139,4.774988814201635,-10.400433389122878,12.833140922265812,1.4135837966108733,43.936
TRVI,0.6620479805087987,14.760000228881836,23.416661072073364,2.3188119451609266,1.0218211138903532,-0.598931573024597,1.930893245076806,1.422764463931542,0,6.8070680121253435,-3.0860100292203865,-4.131053598579886,5.369725828976217,-8.436727912303702,6.921240307174374,0.8813831034917422,43.919999999999995
MEC,0.6429387769961831,26.549999237060547,49.77967978656012,16.996428080637568,2.032058647450886,2.5434863897219535,2.8248588381307496,2.033894627780627,0,3.0769735055302174,66.24920972113195,-1.2548274009918128,5.594564151684684,-5.667085431531696,12.534821950113194,1.4912091088704504,43.91085714285714
AROC,0.5666530075107078,37.22999954223633,41.85841948620323,-0.34663258143163467,1.3129327712000802,-0.7537869248201453,0.7252228339409786,1.4504456678819573,0,8.769894565630807,43.6754263728033,3.1645611475468454,3.887034723406341,-7.203388500789865,2.2838504090377527,1.3334492437824268,43.82171428571429
SSSS,0.6178824256278109,13.460000038146973,29.786102562315108,1.03967251840765,1.027202039000006,-0.2879165890510886,0.0,2.67458882340435,0,3.67115520907158,39.04958278316969,-0.38432121330806013,4.23476943303981,-7.044195692435652,3.8906401326520195,1.1407406546421157,43.757714285714286
NVMI,0.6306503527034231,493.19000244140625,49.696782049713796,-4.4237825299947415,1.1703158936401608,1.0408855442281992,0.16525120893978876,3.26953099619716,0,16.12548437246212,7.721039312028507,-2.4697532142865057,5.0414498176589895,-10.329090465180084,3.3779594457954385,0.9823675804000316,43.755428571428574
KOS,0.65824521420809,3.0999999046325684,101.68547131957536,7.788591988269624,0.5620721773424316,-0.6459438953236412,0.0,0.32258034734411695,0,2.439096090893788,54.22885168152683,-6.000003812297264,6.152072999068717,-6.626507017097443,-6.666660041150846,0.9049543345917163,43.74514285714286
SLS,0.6777001310561118,5.21999979019165,217.6585829810163,5.7536431612995615,0.6742151021657361,-0.801139761430351,0.9578580983707082,3.735626487059746,0,9.716453575171869,19.9999978030475,-3.4979438598499377,5.658183353969091,-14.98371492100205,-18.019798274492548,0.7013092212077952,43.721142857142866
TSAT,0.6198413104142741,53.209999084472656,93.22644158934304,7.087151070955009,1.0048164638228263,0.11348907509861575,1.5786509434788296,4.134562677600375,0,1.6456209366225734,94.26798199798336,-12.488942310862072,6.775043077802723,-4.692822247191405,1.3826242204078107,1.0693116143040422,43.66514285714286
HUN,0.6486528667054424,14.380000114440918,67.84870424298913,2.000284525999538,0.7664412115276391,-0.639208680558891,0.13769253128145367,1.3073694285991488,0,5.005914690485265,38.13641042112381,-1.2527640390902735,5.259288800558061,-9.559745537492411,1.5447174464132902,0.9837197250805048,43.504000000000005
MU,0.6215782501690987,766.5800170898438,211.82303159174896,37.164595596365906,1.3356237608985333,2.3554579865687173,1.0514228624405426,7.821756455406099,0,1.5597382023658397,72.62071866922318,3.4961127542048795,6.41252553856467,-6.362755067076328,5.658277509137375,1.6493068107251037,43.44342857142857
MUR,0.6198162896319017,38.70000076293945,28.39605944394028,-1.381171307707949,0.9604720535052479,-1.149830126233593,0.12919699243813973,1.6279097045968731,0,17.976036401142593,25.827304324003197,-1.1158395070190321,4.0328509780868105,-10.706043777584798,3.3314183157538118,1.064622517485916,43.413714285714285
ACRS,0.6206731743934042,4.880000114440918,99.70155484764823,9.233354371250286,0.6463357540132632,-0.256840339672841,0.0,1.8442653782551994,0,1.3740949813980088,10.15802039363685,-6.377550894656614,5.493266531836404,-4.6874956335098075,-11.147546157114078,1.072838559409329,43.411428571428566
FSM,0.6419276089469043,10.819999694824219,21.469051430983388,6.837815211169908,1.153455415001936,-0.8205619566105916,0.4158972047967087,5.821626583601418,0,24.251348542218985,-11.817446688877757,6.23255884866623,4.865263342551261,-21.877260671275153,14.23304015714777,0.9614019197952308,43.39657142857143
CGNX,0.6277322590655755,65.68000030517578,57.230754718080945,13.987209957797042,2.309142513317928,0.17626077221390746,0.045674146097795104,2.1315492072969224,0,4.385656547522779,12.114158682158905,3.346528515727474,4.554549465387306,-8.650905547446833,5.591681281418929,1.4294101099766086,43.37257142857143
ETON,0.6397909649899273,29.709999084472656,65.1555313949298,12.117434631833685,0.9048611931986412,-0.43559038977824427,1.0602444847028276,1.3463467884314473,0,6.58519255364502,68.32861034511082,13.2005892802002,5.31927698268791,-8.04705100039759,7.988974578437741,1.3800384967796666,43.32114285714287
ZGN,0.584595949136004,12.390000343322754,15.65640856297601,1.8160924392220632,1.2164946093803632,-0.7378849009980749,0.0807120952697807,2.1791803895097495,0,6.28398504717261,29.602508359759007,-5.199310081465449,4.072985871072935,-7.3991013645483825,7.87610909930537,1.203360854355048,43.18857142857143
STRL,0.601664206219919,851.3499755859375,114.6769533704242,43.32394820498881,1.6148542047370114,0.18135928125076672,0.7118103873105615,3.3276581784491714,0,2.955243318068877,5.626547839439359,-1.7867110776849822,6.730822074226298,-4.2297132689947725,4.964536807063178,1.6877671243734764,43.10057142857143
PPIH,0.6282329951886239,32.709999084472656,7.018586715472552,1.1472189807864943,0.7096635151149814,-0.8438217314303665,0.0,2.873734799725084,0,14.210462974106406,0.36820782853403805,14.96174709412583,4.557365488059515,-10.920484757120278,8.583825281636814,0.7784567250099899,42.986285714285714
CNC,0.6266529778742895,59.310001373291016,47.264062401611476,23.999083103580688,1.0795626991558096,0.7701833822029154,0.3203483768444873,1.0032055419257484,1,0.0,55.38382032460022,-5.045628429291401,4.270539110330512,-7.544816893823341,2.8699525180721426,1.2727799185307007,42.94285714285714
SCHL,0.5900241270751063,38.970001220703125,31.494168449058655,-2.1027650190398592,0.43739818009379794,-0.44155012307771124,0.1059735984166628,0.641519097158176,0,25.273619957983545,5.140146180734962,4.586478966880353,3.6428970112780577,-9.737943262402181,-2.2235225736704973,1.0146686409057424,42.87885714285714
STX,0.6048467184680986,808.7949829101562,180.1501535459681,22.92487692582565,1.2107527579759736,-0.13540793677108603,2.2700419438159756,5.171274932553038,0,1.2274980896700016,174.10294112568903,-4.960262044748519,5.871168147324964,-3.864807828595228,1.3675106961969083,1.518333481901062,42.862857142857145
MYRG,0.5689825915240523,455.2699890136719,84.34986230340178,18.96542865596992,1.2660374692226066,0.08922698032330613,0.6128250515612094,2.321700876241617,0,3.638369277654691,12.465105051574152,-3.8128352532053134,5.152201072798391,-4.2343300675669235,2.2775501907181637,1.6705921322331017,42.69142857142857
EZPW,0.6080053642324166,33.56999969482422,79.01772332590471,4.7540282988547435,1.3252936130776378,-0.04217200137051593,0.08936186943310148,0.6851341802810259,0,0.7920727389594543,59.55322354313354,-3.0650044830332415,4.202305301820494,-9.587937707473507,1.766652708394599,1.4318926167787605,42.65142857142857
TROX,0.6691860802810461,8.75,152.40094757993296,-8.398011708509518,1.3931334720301731,0.18507287075470447,-0.22857666013012695,1.6000039235057586,0,20.545298854584633,88.20785973262853,-3.4482847713960103,7.945496481193444,-16.9038186247104,7.171850193857296,1.0795371234031954,42.63428571428571
TEX,0.657636890892093,63.91999816894531,29.190717140937995,3.527580181947275,0.9723697587654929,-0.6921046458888174,1.110762053817599,2.565706252506673,0,22.99132307806577,8.638622153341963,4.440605737706725,4.787234196739692,-10.369341680628413,11.173900511338317,1.1877233067097492,42.21942857142857
NEXA,0.6584561586386181,13.819999694824219,152.59480570126595,-7.154855870002215,1.663786860883969,0.7833550659656024,1.0130271085682854,1.07091693502573,0,41.456459243539555,-5.665528636598471,-26.8006773461605,8.164151269272129,-18.176434609725323,23.60163761203409,1.2740824091754364,42.20571428571429
SGML,0.6492311079110092,20.8799991607666,281.8378908442385,-1.6532466049363346,1.0752116285758575,-0.33291197845479603,1.1015395537281292,1.3984757469619484,0,5.994132285812507,160.34910183764964,-21.172460359161192,8.994253824918621,-14.705884185624441,12.196861499231119,1.2647143125763909,42.136
AGX,0.6326958765593428,681.010009765625,108.37666607740645,3.4567430295538633,0.6841088382533652,-0.4744044894815,0.5858930378633243,3.2627964911616423,0,3.72911442337494,43.83533548151037,-1.9059170243763388,5.1995235153848585,-8.256766675894823,-4.7197860825302556,1.0572987687379722,42.071999999999996
GFS,0.6181629442965636,72.1500015258789,101.06445585759913,13.305774010560354,1.4237769293158802,-0.014657131919630096,0.6514223295311086,3.300350169593286,0,5.279446830685659,96.96969538915067,-22.38173748894993,5.852213396751242,-6.27435908075588,4.992977575797786,1.5924461470137927,42.028571428571425
BAK,0.6802729550560267,4.789999961853027,82.5018745427166,29.18014983865737,0.911976139133029,3.902699870925138,2.2964537446235354,0.0,1,8.474985285462036,-2.4439895980422466,8.999997375145629,5.5726212047395425,-9.537301361079537,-31.318683289461035,0.8304593792321421,41.96457142857143
VECO,0.6189698091790097,61.459999084472656,91.4612851443747,20.13878555785407,2.0865750459495582,1.7525677961904609,0.8786217435121704,1.6596167799240502,0,4.623735565487213,-0.8869525107867775,-17.46070824418847,6.246804053818603,-6.067554947464069,5.783351811325628,1.511911135115224,41.89371428571429
WERN,0.6179963385414747,34.119998931884766,20.752532386452582,-1.0110712959442094,1.0791298421148168,0.17486019591282206,0.0,2.344663722393935,0,30.098804265213825,-1.4146831434500997,-5.4785886603396845,4.297857781648057,-11.284452043128681,9.768782676959043,1.2144674510650244,41.68
ELVN,0.6599855332850423,42.29999923706055,129.28865757297712,-1.9482876120247576,0.5519153331890897,0.0819072265256573,2.3167838295243928,2.056744118801835,0,14.296153867309325,81.93548058598363,-2.31884269985928,5.4361717331133645,-12.837419531866342,-0.7796594651814628,1.0138875429231222,41.676571428571435
VIAV,0.6445201066815189,53.400001525878906,189.18828914045744,10.897672121019756,0.9514667527980208,-0.1596439744013675,2.312728015621237,4.1664779557586415,0,3.5712070308523156,1.9083968909562796,-8.533594032174697,8.219622259257962,-11.633292642195185,17.284296935127376,1.520032168673028,41.50057142857143
IMMX,0.6729084800591686,10.65999984741211,227.7693995991102,9.591855092953146,1.0259203770095053,0.007275264900432853,1.0319006746322605,3.6585309117666727,1,1.6781494764257352,73.33332815244282,1.7258890324156573,7.19311291723891,-8.182599804272504,-21.172255146424863,0.8960298830518293,41.496
INVX,0.5527703117368202,27.40999984741211,26.20144372374087,1.1924534240807054,0.6428684809980226,-0.710802598321538,0.2736255503620442,0.8026242778955615,0,7.636275594908688,2.8903921748360424,-2.546295700015343,3.607910950924885,-7.021708707248417,-0.9800234532331275,1.1540891557634825,41.45257142857143
TTMI,0.6452079759838322,163.36000061035156,134.20083741143202,13.636996638505023,1.0810947283427172,-0.1302163651402377,0.2632178465793729,5.968357254393965,0,0.7048431672357816,69.32006107555591,-3.73530082490289,8.29718302328421,-9.244444105308885,14.336280485043208,1.5391015432080044,41.436571428571426
DRTS,0.6452051987442635,9.880000114440918,145.31527541988035,21.532690878324413,3.250535666039127,1.0008420757437448,0.0,5.819836058164621,0,11.187438665358194,-4.448743049460755,-0.8939996466731106,8.418160038214264,-8.518519073712726,12.057667921028346,1.6130501182097465,41.222857142857144
RIOT,0.6246500406828549,24.510000228881836,33.44842644113435,25.496019408853847,1.2504547195228095,-0.10608130041800577,1.9787788594617564,4.487965610578168,0,0.8394363613255853,27.390855094503408,3.918327587738366,6.452178105516677,-5.2204189851299825,10.529521994350567,1.2173797159163173,41.208000000000006
WTI,0.6357647976754819,4.210000038146973,97.49793058262904,11.997872331403954,0.7065940167763844,0.6591475992035571,0.35629136214058005,3.087883012197771,0,2.617988641948705,36.70162831335884,-15.71428801987402,7.829995742929922,-6.236074547484913,-2.999999440826071,0.9239508751126251,41.091428571428565
ORN,0.6052514993775059,14.8100004196167,35.26805594327709,11.81578206258868,1.2113003583313913,-0.1259814659819867,-0.2700875132815271,2.295747082590108,0,5.555862345942418,25.29611507391824,-0.505479529824093,5.618790509366849,-6.32511052116084,14.139945307277626,1.4211809479055308,41.08685714285714
SIMO,0.5994783939827721,258.7099914550781,168.6664850897468,35.32062713125772,1.5983915500576962,0.6518009486058386,0.2995608681839208,4.062426385215917,0,2.2385062861214373,19.190418772966098,-9.450641962620576,8.28193328054702,-4.8860325532621385,5.8518537717519425,2.1916518380092915,41.074285714285715
EWTX,0.6361535211728119,34.0099983215332,87.5501814505907,2.7151045236136864,1.3772358292129743,-0.11352588549628442,0.35283427757554686,1.396643627019485,0,8.320188378505847,-10.523546899576441,2.1411311451096258,6.149450286666333,-14.889892139918889,3.5016864941972363,1.0539071917085931,40.93599999999999
VIST,0.6279607702456945,69.27999877929688,33.389982340637545,-0.09949875035228653,1.1076365865235043,0.16369389677667773,0.6351074612480881,1.5300195976550908,0,20.94837363265582,23.71428353403524,-5.142502819582061,4.22148104711491,-12.525250695783303,-2.3093914491830114,0.8965331825430407,40.856
GILT,0.6033894082905008,19.90999984741211,49.92123611408421,7.389427660755289,1.5543867814677792,1.873366332413892,1.5067766918364534,5.85132605247922,0,5.6904410431719885,22.523075982688486,4.324610174562899,5.58046735392894,-4.873389597909858,-1.3856799961493476,1.024377506253869,40.836571428571425
PL,0.6192989941223874,40.68000030517578,206.92111106622656,8.177104041919137,0.7417933184776101,-0.5193491574579313,2.8761016719257273,4.4985295410060955,0,0.7953462122268803,20.248294718182862,-12.083697132695963,8.874137711106103,-5.658624042423525,2.048561847509214,1.1727764680504453,40.824
ACMR,0.6370853574489219,62.9900016784668,91.89691211474775,17.171081835417887,1.6477331934235726,1.3665825170221721,1.2065380239241112,3.524370791415285,0,9.971820708781248,10.431277467275496,-0.9064021368740734,7.137640732871386,-12.086531281040353,18.245494435472708,1.4521330552040919,40.77257142857143
CYD,0.6156426059251183,48.52000045776367,11.052231093228592,13.506369972533216,1.3519258943416348,0.41454675635085814,0.0,1.4012801249346885,1,12.191957200890318,1.104394167011756,-3.676468791825495,4.376678820856915,-14.199821198038753,12.30638469232148,1.075612751184824,40.50971428571429
MUSA,0.5764844055577263,576.9600219726562,48.534128737763524,5.605441931006314,0.7323055997521033,-0.7686438297726188,0.42984633413985274,2.9170161621028576,0,6.405115586743218,45.41128791457804,-2.80664867627312,4.04534106500897,-5.388472820970955,-8.365792693053443,1.3625703433951715,40.499428571428574
NN,0.6472270640516353,20.079999923706055,49.99671566569117,4.060321856433879,0.7115565085783319,0.07454088245184165,0.8964158657904786,2.141435790777653,0,10.798584385025208,14.285715835717266,-40.01239776298567,5.745589246092632,-16.983627617466645,2.019003262986616,0.7489526162783491,40.481142857142856
SII,0.6267167925709067,145.9199981689453,51.67471875740177,6.727127954409359,1.0153566551124003,-0.35348385760217604,0.5448178309455707,1.343206372292077,0,21.01555553866847,12.11847470299792,12.909043089228451,4.67893367617806,-13.977483954037071,1.7080600968806507,1.0505102562114321,40.462857142857146
LXU,0.663158587778173,15.4399995803833,69.94150266136619,6.237311225280857,0.6041451351354885,-0.10821395832433091,0.0,2.6554394982397835,0,9.050758642264977,0.0,-5.4953017571906395,5.28312467339323,-10.336816514779962,-9.128979822473406,0.9323956146110515,40.348571428571425
WDC,0.6138303846418891,488.739990234375,189.65558946841682,15.498774040441557,0.9855027260059535,-0.30142936778937685,2.1995335382363224,4.489094995242776,0,0.9402870884320745,170.03197381165992,-4.803122789364514,6.6338228805465835,-6.933263350838222,2.9230431302075695,1.4057015293428525,40.17371428571429
ABX,0.628278933556376,9.34000015258789,38.6116531630752,0.5977728650645808,0.9951039582550117,-0.5903101847033504,0.7494613883633492,1.3918641574216613,0,19.08719610507426,5.180180542420323,-8.256872605776318,4.351481783478883,-11.343139174362072,-0.7322143487908256,1.001837129471654,40.16914285714286
IPI,0.6315215467947154,46.68000030517578,74.52134142641384,20.627948805564035,0.8262087376256182,1.0719218022962476,1.3710355300999546,0.9425848839396268,1,3.233801373701148,-4.422604096272574,1.3340448401639067,5.271452552794319,-7.270559865406059,-16.84676639091945,1.032708343211378,40.07771428571429
NKTX,0.6586082032101389,3.2799999713897705,56.703650334817304,8.072486613917517,0.9675020775505317,-0.7027600112588099,0.603656948332882,0.731712440509365,0,8.685528920284481,-5.475505925047525,-44.97816541911778,6.584930664273315,-10.136989430380952,4.444448956071787,1.0579909602497144,39.87085714285714
BC,0.6266542308198151,77.5,8.573870172580955,-2.770111128124583,0.5784200683564579,-1.0473732994657767,1.1806463426006932,0.9032218686879423,0,49.86383645280845,4.899841474162423,-6.587969689971975,3.94239504765805,-13.70135622065166,9.140060584221501,1.1451738486014273,39.862857142857145
YOU,0.6201823838926496,57.63999938964844,50.9043856244114,3.6122259515775883,1.2318603707482279,-0.6257304671936433,1.4918484339230709,2.2380307584400057,0,5.7804019333911425,24.87575424464317,-20.665427001291803,5.572507612281987,-6.549936600961454,3.767698253769272,1.2557832723794422,39.76571428571429
CMP,0.6322118572102748,29.43000030517578,60.760328241128356,11.274955973989202,1.7076773589165761,2.2781281937321025,0.0,4.621136922197623,0,0.0,36.883722347939276,-3.4412892624766287,6.17688427544436,-5.125725754587115,5.498422702481857,1.5848722273610782,39.758857142857146
SYNA,0.6497746344459036,119.58999633789062,70.33430862485015,24.779578552692865,1.6644936437643358,0.37907691119687625,1.3379096517250277,5.368257532698541,0,3.6735933265728216,30.742314137539832,-13.118811118349388,6.2403642584186,-7.851751068866007,8.673781756159382,1.7486396855536936,39.69942857142858
AMG,0.5972246463286277,301.5299987792969,5.673089096921102,1.5284350180550919,0.7768519000882028,-1.1940462871365471,0.5206803072893258,1.449273748835717,0,36.26954531971694,-8.32940027755084,0.7585510873020339,4.080018327935225,-9.925787060885092,10.031322219745453,1.167932922480615,39.580571428571425
STRO,0.6371008403873224,40.90999984741211,388.2591650442502,14.77709424789491,0.9180730346610206,0.5662089829141275,0.8066532199400541,2.615496697113163,0,0.0,97.8239808642311,-19.353709709488083,7.930299338444346,-2.3161442118932056,-21.557179899895086,1.3308627122854857,39.57371428571428
UVE,0.5736048377664051,39.400001525878906,8.659997681871733,3.861766373265216,0.9563674359994101,-0.9781578309786371,1.0786782248488238,1.0406087094499354,0,9.749931323398119,0.1928973984654382,0.17574077326769594,4.281809015156295,-5.728893802183991,4.796533933738941,1.1451601003060101,39.45028571428571
IRD,0.6796838332315294,5.179999828338623,148.35670769297388,-1.6797977142884872,1.2513893431125607,1.3808854279555574,0.3861000306068977,1.5444093277784385,0,13.31959001435686,116.73638492911059,3.7837843403989,6.674020076265279,-10.843375568625017,-10.161664315740806,0.9458674330187034,39.43542857142857
NXE,0.6460039625871821,12.319999694824219,35.15553252353849,-1.0123755563294055,1.0610330401820656,0.06562425592335548,0.5275940096437823,4.05844165864283,0,29.468291583525293,9.41384941653333,-2.181209959697086,5.666744207998674,-11.74785342925376,4.812032587191052,0.9774436683914269,39.374857142857145
MGNX,0.6688106940353596,3.5199999809265137,146.29102055888444,9.811260250090907,1.9684306051873512,4.55338853750369,9.090907241075048,2.556822529829477,0,1.4617070191569468,2.623904151353571,0.5730653543304082,7.110389544416345,-9.27835368049968,-21.64947552943001,0.9296020708040128,39.36571428571428
IMNM,0.6485795823189721,22.690000534057617,38.24123645207449,-2.525988198501652,0.7227416238905418,-0.37395699024106,0.396651169967291,1.5425313936372624,0,25.086430976534384,0.2208531172921891,-4.148475016258274,4.914689592316999,-17.938514114731543,3.9621755830787064,1.0183519105085446,39.325714285714284
BE,0.6262784207834814,280.69000244140625,96.95229981551057,11.253139247596037,0.9937439688343892,-0.8787500955188333,3.1209167558993585,3.779965534661151,0,5.716591605422549,211.912444829932,-0.8583321432139909,8.813845306759257,-7.359975085528473,8.843369081742662,1.472115224555712,39.27085714285714
MSGE,0.6145989604646199,64.55999755859375,28.165574346252043,0.5834619786818237,1.7993487067711986,0.6787432789599602,2.2769536497367473,1.2236693701825394,0,10.177384293688215,-3.266407514116137,1.0631501975384698,4.228733720344931,-7.593216155884128,5.27925726308192,1.5441102051859632,39.249142857142864
AP,0.638437241332733,10.619999885559082,463.4107567459851,0.8594893010026283,0.9080752121399955,0.30055947878187733,0.6120577660258111,3.672319656202138,0,4.65055447330199,60.18099097503281,-7.888889311867597,8.824320706846887,-13.658538853557728,3.1914813745017803,1.0826852264028461,39.01714285714286
OCS,0.6382209096773847,30.40999984741211,47.495044780004925,7.256854540793826,1.3145927802849795,0.97247633866133,1.0522844341313862,0.42748819932463633,0,4.9743906979744175,6.143107337712041,0.7971058610667985,4.925541721690245,-11.79114954752643,4.159386608280818,1.2049172517034308,38.97257142857143
RLYB,0.6322140473470459,14.029999732971191,169.9567109354666,32.377221098226464,0.4443262849151967,-0.09025573012819386,1.354244744549525,2.280824667796646,0,52.428970121718486,-0.637394853477034,-0.484848022402168,6.696364997590274,-8.360552916261438,1.8687321667941121,1.2707553997178331,38.89371428571428
LUNR,0.6250078671510974,32.09000015258789,223.97610774631613,19.355798852731297,0.9053195071967314,-0.13089374216022004,2.6799644943454712,4.814584197255616,0,1.1371456434581961,114.79251039320755,-17.53274019847286,8.992565000017747,-4.593424248546095,-0.5002787867033636,1.2316153229661189,38.87542857142858
AXSM,0.5673937985616253,224.02999877929688,51.52103670819728,11.952305944516645,0.9556314565969763,-0.11246056890528879,0.3236200988540952,1.3524968958591805,0,0.0,22.662067196528746,0.6569613981913592,4.84326077524702,-4.379185966453914,1.1359534404198832,1.7327379235361857,38.832
POWL,0.6138303846418891,308.04998779296875,142.63168333602417,14.380447068327834,1.1118393207697521,0.3588963849633824,1.9428320194678814,4.398603076490583,0,2.335077654960123,224.0893338975493,-2.7941315173159067,6.6007329766790415,-6.082320794808057,2.330519985132117,1.6006931885124003,38.738285714285716
ILMN,0.5586780248120499,145.6999969482422,8.880912440478905,8.88206950540571,1.1794340843219822,1.338564413198948,0.7138013498271967,0.9025411591905251,1,11.835818179634943,8.102091013330442,-1.2737786295374782,4.250906995816063,-6.320325280102805,6.4790433063674575,1.2840026446351305,38.576
TER,0.6415412004884535,358.45001220703125,86.2356353946536,-2.647881737370667,1.1290546528228078,-0.11559987958453284,0.38498376851316396,4.564091168747893,0,12.574511739671054,17.014340064386733,-3.9451677176675095,7.990755393194076,-15.081371053413955,9.020036627061884,1.227360072067974,38.496
KZIA,0.6706851474469974,14.300000190734863,84.44539757994063,15.327232136678376,0.8696491073568597,-0.16150006252565227,3.356640110492859,1.188811706395656,0,1.684681912308708,84.75452988057982,-8.245240272129276,8.076923007301115,-17.816089055058825,6.90826344143545,1.1124833948079784,38.480000000000004
LWLG,0.6618143033518437,15.930000305175781,193.94563113417001,12.480142614521148,1.06982579604208,0.5901524110659467,6.389833316728331,5.210294461728782,0,8.816003821790336,125.00000671733282,-5.646477620696515,13.33059805872246,-12.855581471930513,14.65346970018836,1.6377103946807838,38.373714285714286
SNDK,0.6253437924493533,1452.02001953125,495.6787663161808,27.12262379376016,1.0441119764847662,-0.03347707271645502,1.1239477465551588,5.8552925157766165,0,1.8495388172535314,575.2325450426498,4.337931811307946,7.609035545414502,-9.248748779291095,4.902441652649917,1.641333384759737,38.336
KOP,0.614550265993222,43.54999923706055,53.29392760744649,8.327942376020648,1.0217391949672976,0.7298715206976546,1.2629144585147887,1.1021891282011655,0,1.5527011886996824,24.074077293561196,2.3933355925828352,4.357880951336087,-6.142246109986421,-6.044546989529046,1.38579264857182,38.30057142857144
SRZN,0.6598982409784578,30.65999984741211,140.66819436416336,-2.2064160751522284,0.8333567778948728,-0.21471744299768758,1.4999996889027003,2.2667961456634287,0,15.217855291642527,50.88582828430245,2.354788040796385,9.043169870894484,-12.400000435611117,4.195806807313854,1.124362414084863,38.27085714285714
ESE,0.6431309851742553,299.82000732421875,28.11570455380952,-5.395532560218201,1.0943409051892203,-0.2589299207952394,0.9972617441542911,2.101266812295539,0,22.698969772444244,0.0,1.288328215101156,4.49817565453045,-13.396881353933288,5.147148985713135,1.187058594563101,38.160000000000004
AEHR,0.6607023488086585,96.72000122070312,284.45476786639597,6.859349614140224,0.94687514499082,1.0295314717754707,5.112696063236405,5.686517711463643,0,5.597614832888968,53.13489780531522,-26.001619630520235,10.87084921795101,-9.607475494580186,7.154208036433658,1.5285744252448061,38.11085714285714
MXL,0.6513306697888049,91.93000030517578,512.1886870052198,52.95409531618092,1.556417153358988,1.0794639173720784,0.6416807938616855,5.580329855686228,0,4.7975507258888745,52.403847429959185,-56.30798514448551,12.34246330623559,-11.834656886020763,11.395220770997785,2.8131831428836716,38.108571428571416
CECO,0.6245912047696265,80.44999694824219,40.29479901489521,10.854658315265352,1.1207202456468628,-0.04385481467485275,0.07445416872126802,3.032933380409162,0,8.144945253620325,34.08332824650226,6.962310421218035,5.706293850392114,-10.858729143101634,11.122643404805903,1.3635770317596672,38.00342857142857
CMPS,0.6030015557360777,9.369999885559082,61.28332569775037,6.374523260912432,0.699265225422164,-0.2251768996878784,0.5282765455499655,1.6008497368867884,0,19.10856273778007,-0.9513758162310337,-60.86956520680529,6.919499025380896,-8.227229670589415,2.2792001114535654,1.0571370891907859,37.784000000000006
NOK,0.616055795936266,13.170000076293945,81.9005727452728,12.094646764648356,1.3725564969949573,1.2740896258563092,0.9111608569081994,2.5436601076756067,0,7.727108833532838,27.49274127094153,-0.48308439819222504,6.7387993336631355,-6.263345924782208,4.479423148896611,1.6531027240849798,37.72228571428571
ELA,0.6524571817170097,24.170000076293945,127.01649892082072,26.963281869372736,1.8993883068401602,0.3508900397340931,1.572201352503177,4.2614840022823275,0,3.2298393839734345,58.69993960720694,-1.4814828499705885,6.80595741669171,-10.348661360608489,5.462491077572286,1.5593311649683559,37.643428571428565
FATE,0.641860286474569,2.25,99.63707979973995,35.78756793079981,1.8784159445811728,0.2639858673863,0.8888880407833242,5.777782861472895,0,11.4692821915697,-4.661012709271694,-0.7462679258731614,9.365080273340618,-8.906883642626754,11.33333046475483,2.091062411550573,37.63199999999999
ASYS,0.6577467080143268,20.959999084472656,170.3218500199162,17.27842092949535,2.088302700575201,0.613666822729267,0.6798660778798468,4.866405510112825,0,4.453465791551179,88.4892023318034,-5.2598571372300675,9.345181263907643,-12.301257660502838,8.61823391273779,1.4896254610592305,37.53257142857142
WULF,0.6449705767643735,22.799999237060547,52.91482189568168,5.748935717683161,1.062277210137144,-0.6882736843689536,1.6008762426134728,5.109644943469788,0,4.543844102262156,97.23182014247902,5.632459485189504,7.864975654653819,-11.490686977508878,13.545568128288387,1.283629478715311,37.53142857142857
DOCN,0.6012340565153296,155.72000122070312,204.06973701441177,37.35071712887771,0.9447029739349234,-0.20650389071368913,0.019264564000461868,3.525562195024505,0,3.2150372711482333,74.22242784193645,-28.944864559929457,7.544861433023191,-5.4925064132048895,1.219098349408602,1.4992887014826595,37.52228571428572
AKAM,0.5825800790287489,149.55999755859375,67.95714781880675,37.33637300805104,2.0049674005641442,0.3809132931296677,0.6685565691308231,3.343139931523266,0,1.8601532635621223,1.2524478780220372,-10.400727008043734,5.2979165220104525,-4.324468685291843,-4.578043064931895,1.3905292675060443,37.50971428571429
ACLS,0.6082832538710787,161.63999938964844,77.88016322839142,14.327342430907688,1.5007436508571983,0.07195889651515303,0.8753979778935064,3.823306544839537,0,4.139077856881861,97.09790900891583,-17.80471016921967,6.2541980111762125,-5.809685440933234,2.910607783711032,1.5259859671247744,37.50742857142857
DELL,0.6130752517378422,238.94000244140625,53.452073923809465,10.769827449525945,1.133775785777254,-0.30327390447131813,-0.020920646378916392,4.369298708751245,0,2.5373351462231626,61.85799651748615,-15.450152918915224,5.409007485927645,-9.488991522229323,4.584832575446177,1.3831476371274294,37.46514285714285
BCAX,0.655072907793668,22.3799991607666,42.225559417662126,-2.0386758615188807,0.7535662948531195,-0.5810595186476589,0.022337627139602384,2.5245694721660805,0,11.39346228819913,27.15908338307729,-0.5657139717110978,4.868824728764994,-7.711343666623856,-11.995455326480931,1.022181664440914,37.286857142857144
OOMA,0.5930083762576286,18.360000610351562,47.63257840170707,8.363340517527778,0.9222570621071693,-0.04634953635192173,-0.2723269901725031,0.27233737878126835,0,5.4073958672652855,47.469886675930525,-11.002099820256353,4.14098961234105,-6.134963641583392,-15.797909150052483,1.4755012226184212,37.02971428571429
IMVT,0.5940854045966547,28.649999618530273,12.05478544295615,1.7897569416655303,0.9994259039818308,-0.4664400251025454,0.38393963163596423,2.5305423773042732,0,6.310480459925182,15.477630935479972,-6.516013179785447,5.186487579356,-5.006632083790729,4.828829378521089,1.122503053340948,36.90857142857143
FORM,0.6351799114022255,132.02000427246094,142.0265809123316,-6.4222146528359545,1.5866462349089065,3.2785629059419823,0.0,4.772006398900154,0,21.762074068044456,-2.876472165063387,-10.726531522971452,9.529400263101579,-17.015521207107003,10.692072576633985,1.5008872214973803,36.72457142857143
TSHA,0.6129425231151984,6.849999904632568,68.20789228348887,5.3521982729375805,0.866872011937533,-0.8695845979559481,0.8029241742113894,2.481752972787034,0,1.8219512849202812,14.16666507484836,-32.059442452109906,5.948906604425445,-6.1643873189454155,-1.324501986476385,1.2112060023694955,36.665142857142854
TOYO,0.6626849156017345,11.9399995803833,62.65134344232126,-0.9744997410844926,1.2058594993275762,1.6114437898085863,2.164153873018557,0.5025081075876521,0,19.02971013957337,19.042870369607485,-13.881962703441108,8.81634453609351,-16.678299761901634,13.08411574021337,1.2624883027483869,36.55657142857143
UTI,0.610077363855039,37.66999816894531,22.419234395349786,2.28907522170241,1.5034252208617456,-0.024681938417664404,0.8760335733649615,0.5840122556241122,0,5.039519541946726,60.57118345444456,-5.055389492266572,5.417344523266833,-6.780504055296263,5.9625755772521,1.248474486747568,36.36114285714286
ALGM,0.6231803965342283,45.869998931884766,59.37154099861823,2.477600744649645,1.7586250352758825,0.9917001243198519,0.7848280329770702,5.439282733656378,0,9.612344525199097,20.774090269976135,-7.8651640591865375,6.783610998527238,-10.758759590896712,10.166715509943376,1.6360579827364936,36.27428571428571
REPX,0.646074616484513,36.349998474121094,38.56489279669191,3.5977196470665715,0.9595634323618503,0.6819893575548283,0.7978017268028997,1.1004064042957518,0,13.337314807871536,11.362774727174076,0.0,4.331401437010941,-10.904384027277393,-10.594229641173305,1.0859172144034204,36.06285714285714
PLSE,0.6542048622226498,23.299999237060547,40.06822455268355,8.727350426357424,1.557381861807343,0.8045851158594588,0.643783393923373,0.2145971933230917,0,16.40559052473238,12.289152949097135,-19.184883408574212,6.690680432321456,-11.406844436932502,3.1565050855726717,0.9782290871646415,36.00571428571429
DGII,0.5963194393077761,61.529998779296875,63.17026465771676,7.1400572523846115,1.4492703963232103,0.03261384603566097,0.2683245586364587,1.1701567044991017,0,4.181092169039063,40.287272965454726,-1.3255847943861196,4.817627690640985,-11.860763599409383,1.8964818346706893,1.4773723122308646,36.00457142857143
FEIM,0.6137772161916072,60.29999923706055,79.03899844171556,9.410578176381883,0.9674132996227702,0.1535593240686674,3.0456087867346726,4.029851303284922,0,1.7735090114797656,29.817003759606543,3.3404085244743587,7.632847376201752,-7.216492969376429,1.6525848811879933,1.1902909210372743,35.924571428571426
ECG,0.5715160252637944,159.44000244140625,52.3666400273368,10.396400914089286,1.4861663018013627,1.1341753449986498,0.03136167272443117,3.49975021674396,0,5.733216965218719,22.551879293779887,4.927452479070114,5.753486096220276,-7.073788270993334,2.6236419134275493,1.362252781123668,35.72114285714285
LQDT,0.5723440294616511,33.58000183105469,37.48199954928519,-4.18306819945346,1.2659461752338765,0.10308798284362831,0.6849414663046204,1.2209756990483398,0,14.63302147845566,17.248612243404114,-1.9044655940964863,3.9330385157495087,-13.520473222502027,-1.7812490462700197,1.3024563692051523,35.650285714285715
CC,0.6494439631020884,24.670000076293945,88.99784895392227,-1.1955069531959508,1.3194186782355901,-0.1310022108360125,1.7754423644836654,1.9862171446410153,0,7.665632955833458,45.516324109983785,-3.6260373342130623,6.755748429452649,-13.951866024471757,3.1684252476069172,1.2183052449973368,35.49714285714286
POWI,0.646206247953978,70.91000366210938,92.39420145807613,2.208933899654338,1.3307086274140256,-0.052131796479804135,0.2044798132507221,3.2717630861239453,0,13.189176867712963,94.71297049060927,-24.689994944345358,6.898080811664125,-13.089831051616965,6.150477805120737,1.5845447546650004,35.42857142857143
CMPR,0.5532047764770767,91.51000213623047,38.858437408144695,6.509773298518389,1.1379470304367798,0.4234433172690168,0.3278280137218239,0.360609981371533,0,5.227646126770857,25.373345409289406,-2.3232734453836175,4.773090935432209,-4.677081108044542,-0.7730083071825445,1.5163857216337773,35.40571428571428
RKLB,0.6016704908810087,117.55999755859375,117.00969642336511,35.62137452440935,1.7184109048725773,1.0810197212551338,3.342974129600145,0.0510421820635572,0,0.0,11.462971648665157,-19.96676533510207,7.4906439508760885,-5.147655927937574,-0.7186164963380421,1.4735655995422265,35.28
ASND,0.5787716365119331,237.64999389648438,9.539778526791999,1.7670572059570142,1.3529642092743208,0.41530865085339747,2.103934411274112,0.31453716717375546,0,16.38795906884483,7.01098340101974,3.8224476431723513,4.236046515574183,-5.220551690936434,0.8963601147350311,1.1851340932739653,35.222857142857144
PLPC,0.626979407170528,344.239990234375,53.83676904938066,2.416866710336838,0.5518567423066705,-1.1481249492679246,0.0,2.766963213649767,0,6.969831875556485,17.850045546456883,-0.21193475544449425,7.204173327812252,-7.412586999294361,6.000763531718238,1.4893479393839106,35.077714285714286
NVTS,0.6486784715355294,19.25,134.8924257829591,17.870373506914092,1.4933615113956369,1.5602644224224642,1.4545490214595445,3.012986616498311,0,2.476379012739287,25.57077687897712,-55.31914995847542,13.413729694203674,-19.185557318144575,12.251309453444124,1.8391861681642971,35.07657142857143
TWLO,0.5788331392395517,192.77999877929688,40.34355706435853,18.20684625770091,1.1430336135058,0.5192339088359498,0.570601779476747,0.6639686624106865,0,3.743922596529569,5.1489051106759565,-17.177421815795192,4.931418783803968,-5.365474239991087,-2.3019191985233864,1.3436981034990165,35.04457142857142
MLAB,0.6492698079027951,103.69000244140625,26.273862743782693,2.1224237817280884,0.972547500732167,-0.5058234056705735,0.39058614114878454,1.7938090139256042,0,4.017562210966747,47.408965240550636,-2.707891555111029,4.823789507550413,-20.367283866898358,5.952376179172276,1.202408552487879,35.00914285714286
CVEO,0.563084514131741,32.27000045776367,34.717073702854236,3.952583594166946,0.9488565027871497,0.629466734222341,1.2705294130256648,1.6430091210591615,0,0.0,12.399865854027096,-2.6137151448296385,4.152508331868491,-7.270111593938862,-2.6599560719234585,1.4276280775243473,34.92
MIRM,0.5840813891073147,106.87999725341797,46.279336002424046,8.159525045263692,1.3328436195914473,-0.2953517759968965,0.9543453393181809,3.0782194985426505,0,4.171466924772196,37.483921005938434,3.6842101533238294,5.640640069261721,-4.57143102369314,1.4540988032299895,1.5654844874119684,34.86514285714286
SILC,0.6431827913532872,42.41999816894531,169.17201044431164,20.908089649232522,1.921648057882219,1.2109514870440763,4.101842889044708,4.431865475067258,0,13.079363296931584,118.9984322656032,-36.59904839856487,10.140096285460539,-13.286999679393624,7.0731744530181535,2.0808508557727876,34.696000000000005
LIND,0.6465710133879653,19.020000457763672,46.15803761420268,-1.519659186191772,1.3903293660347438,0.07045482621865885,0.7360640708288273,0.7097803660653074,0,31.804992077235912,12.611019212318988,6.800003051417812,6.228407127839315,-14.861233983881661,8.195877235931558,1.347879962802516,34.67657142857143
AMD,0.6048467184680986,448.2900085449219,81.310994529223,29.382039688008444,1.394595758969926,-0.0716523339794713,2.130314664818248,4.947695190732162,0,2.267350336163851,123.9322658857017,-11.53408165023701,6.315586818473664,-4.460592605022389,-2.0441031408634744,1.8361936637916023,34.48
FN,0.6601587434112387,634.47998046875,30.625385385402115,-5.920455700578172,1.3675517571094609,0.06541301198454859,-0.0697429227766781,4.638443068604333,0,18.69354516689153,41.45764657773468,-2.0302820977805935,7.539468997312526,-13.651519557704747,9.260877973134354,1.0815871601766545,34.37028571428572
FTAI,0.6490168840108242,266.2099914550781,52.301877596192405,6.880953251292496,1.0017152657329305,-0.4683652414693835,0.3305679392419393,3.02392398908022,0,38.868482580282716,-12.799292411364302,12.146062856403397,7.1324472628173154,-17.57294596322076,7.312005548231791,1.2530693705936948,34.336000000000006
CLMT,0.6488380051678685,32.119998931884766,56.73554919936403,-1.6518963681639065,1.0360153578136049,-0.5899628162382333,0.2801997371667021,1.9613922219704756,0,22.429976327902704,-8.333338776441924,-0.8994946827647754,5.172568230089164,-13.048185906560104,-7.041226982303643,1.0836826760130394,34.272000000000006
LXRX,0.6296507916466697,2.4100000858306885,82.15672314249782,34.59927848717507,2.489202647896517,1.6202777925494352,4.979248184048404,2.1659783022198975,0,0.0,107.75863397414031,-4.57143102112171,6.482513312186393,-4.74307853235798,-7.6923082751937555,1.4006283432296087,34.06285714285715
ELVA,0.6506066744745966,10.380000114440918,83.73873533666998,5.767273068457967,1.3248859148100571,-0.10972398408605467,0.7610743590515733,3.4682047463730123,0,16.43502999740235,49.567723751612434,0.8359448928818871,6.668041921191457,-12.626262503570091,-0.5181404115557771,1.1215687178574691,34.04342857142857
CALY,0.6413746378773683,15.729999542236328,37.75293303217184,3.6812409909365975,1.9809474748923317,1.0042137727465688,0.3814333609957523,4.767959451864632,0,5.0349044431642955,24.94042375967408,-5.369592021215567,5.449096083707854,-12.611113653542006,6.056335691325537,1.3702157361912986,34.01714285714286
MRVI,0.6217468130294506,4.659999847412109,51.72605541294419,22.341818264357403,2.457860782605261,0.35175850390577057,1.82403521270363,2.3605077308045055,0,8.298667491965539,-3.9175270292232707,-12.195124961418708,5.947270886316054,-6.706707622725191,-0.554022712486025,1.2221562342442522,33.923428571428566
SATL,0.6417738000923695,7.550000190734863,346.9324920232809,8.36413546026188,1.042807174393337,0.3981795569072806,10.509932800569974,6.490069344524459,0,2.653038003670209,21.38264381337554,1.232878770192222,10.612109032562302,-15.168533545023463,0.0,1.1085235487372869,33.514857142857146
AESI,0.6284139918802435,18.280000686645508,53.302916384120124,10.396477231212081,0.9191253063464235,0.06790860569831256,0.9299785005415204,1.8599570010830409,0,6.557920785304624,62.6334613723988,-22.01835190574294,5.5193004639659655,-6.782253351568807,-19.477907357010942,1.205397541726133,33.39542857142857
NEWT,0.5597518764350843,13.069999694824219,20.80636695569238,0.10722846420170859,1.0251218300071119,-0.8128833036098947,0.0,0.5355753362915777,0,29.96127783155857,10.38332604465421,-0.5573223923569084,4.093343505303676,-10.864182191486806,1.5447215940205676,1.3550808512426653,33.37942857142856
CYRX,0.6102448749994676,13.039999961853027,44.96530558121135,17.64175035473821,1.615759245621747,0.05691538079497866,0.23005930258168306,1.533740872966833,0,2.7742385524845363,6.972931998848107,-7.336688541014075,5.762488789912558,-5.438723727486013,1.461630755017026,1.4978737771129071,33.325714285714284
CAMT,0.6402338289231667,174.625,35.952582607157815,-8.044555076432617,1.3455358977435468,3.466644332509951,0.303506817061612,3.633501056931591,0,15.989831630389622,22.303544959196078,-3.8563688219696224,8.01390727759261,-19.151351655612476,9.46521001452283,1.1047813621835254,33.32000000000001
PDFS,0.6400050857801286,50.95000076293945,81.98431284809386,12.971176379898727,1.9118379136796175,2.8938538946018157,1.1660469936026387,1.8449507896210855,0,4.609493635289927,9.593458643479682,-5.51657071916352,7.69241366411812,-9.759118687182097,4.264708126167077,1.5495818460585429,33.32
SANM,0.6268896116184117,235.83999633789062,27.833611184547348,15.261209652413092,1.2979607108424709,0.06970846463409769,0.763612342380081,4.176556562769194,0,4.780642729695841,64.7042337566479,-12.682071718102778,6.743978093773416,-7.593450666108878,12.002811992015396,1.5508748222978557,33.281142857142854
MITK,0.6320149412653642,14.670000076293945,50.03579505382294,-0.2312280820014445,1.7963340581144973,0.6148041321394329,0.06816788567925214,2.317656106315493,0,22.85826820784002,-0.2719236012683718,-5.17241379274673,5.3948777223111035,-10.983006772504659,-0.8813567080142671,1.1717173276585233,33.02857142857143
ABVX,0.6006282832843217,121.38999938964844,4.669724028136901,3.0724745578430226,0.9856523122850904,-0.591254423834501,0.613726625193001,0.7331735679347904,0,41.471783460069986,2.87288083866077,11.422895387812956,4.2987786126987535,-18.437144462559754,3.094332933500793,0.9685384663963033,33.00342857142857
CRS,0.6151911615568159,424.6600036621094,18.96108058801471,-1.7678628330987034,0.8982420073607085,-1.0640334106656335,0.9631225692578513,2.5655792680478267,0,14.607663318745892,36.87886775187914,-0.01823699408688619,4.889991091723368,-10.72757436929217,3.108940191161265,1.160597015256894,32.882285714285715
HLIT,0.6059612730055681,12.949999809265137,18.72734078312841,15.198147076867876,2.5602447147899823,8.450702432901451,6.4864877598070985,3.1660220341247642,0,0.0,13.298333012887841,-10.633946729472282,4.925538023553137,-15.854454057616143,13.071292561426676,1.7701150362334832,32.78742857142857
GHRS,0.647161441370752,21.540000915527344,48.91227861328231,6.706301533690564,0.8320353976342837,-0.4064113176161401,0.9749260702748015,1.462389105412202,0,1.612066460054161,39.327301823964575,-23.13654773180993,5.851571547429679,-12.652063872926856,0.18738717185970483,1.080326844750148,32.77257142857143
DK,0.5642342498430123,46.08000183105469,2.6432092046846822,7.03198542977986,0.9156052201647796,-0.7817782312405671,-0.6076444940576414,0.5533877126234132,0,7.091933690575616,46.54637007032376,0.8132152869488749,4.95202558330132,-6.909087209850953,2.9269458592521036,1.0058323650343326,32.729142857142854
GPRE,0.6653496701991277,16.770000457763672,55.23209735667181,0.40413523464427503,1.4504060704993598,0.31759366899505836,0.3577899323172653,1.4311256085431108,0,10.819180439971468,32.46446018612759,-5.328126853826831,5.703210695320277,-11.45723344768292,-7.17360136319866,1.0843882002153982,32.68342857142857
TDAY,0.5748092592183898,7.320000171661377,33.45121000826226,0.36333899422240196,0.8825856142898325,0.32247479801807155,2.185790213635163,2.3224053590716975,0,6.6554561441793005,11.92660878040862,-2.0862321857137367,4.8985161849778605,-4.687495633814983,-9.595962391827669,1.3515452610559864,32.63885714285714
GDS,0.6054159387720169,42.75,19.533329556695158,-1.9630329188956992,1.0256972448200734,-0.6689224741141956,0.2806992558642307,1.707601268349128,0,44.28796621194572,0.968351076818232,-0.5552935145430196,4.780618767989309,-12.05513379274288,-3.634077425449188,0.9540663429655741,32.54971428571429
PNTG,0.5705156455439352,35.41999816894531,28.04112073669922,12.264459400132333,1.6496894339519186,-0.1712976908589905,1.270470881394029,3.07735801497805,0,2.9426638165589605,13.671368235742431,5.709624866960502,4.641242812247773,-5.647316715031512,-1.8332316305766185,1.4358236961999435,32.38171428571429
OBE,0.6206918679125801,13.15999984741211,113.93008739505825,4.419580463997004,1.0074757636183551,-0.047553902517766033,0.6838917448676877,1.3677834897353753,0,11.452932954376266,12.478633007036667,-22.77020080660272,6.475249915057557,-9.801235710228033,-7.142859276034537,1.3239075282098007,32.206857142857146
PLOW,0.6409288673049124,44.939998626708984,37.80092982198637,-1.7554629194747053,1.0955543800885668,0.02822023100502267,2.746548161427061,0.979080196138883,0,30.245486010735128,-11.430829443793511,2.8876972707854907,5.535046110388039,-14.121924222481042,7.1017252767211385,1.7067166523734176,32.16914285714286
CTNM,0.624804619454826,13.65999984741211,14.39103763922871,1.9364944064867389,0.5415198203777732,-0.5921850972861498,1.647147759638383,2.269402804222833,0,25.8446910835263,17.45485565624373,-1.3878130129662773,6.770027529890937,-16.350276109030702,11.734029809079624,1.0651873859719057,31.96
AGRO,0.6775035302241015,13.069999694824219,49.950791483899806,-2.794274642879972,0.6782408509774337,0.9506623462996746,1.6832461526307247,1.300689213851009,0,43.38836839839052,84.91967396269304,0.4424786608914425,6.331693141339892,-17.024711200072833,-7.188849396847075,0.9350674280178872,31.938285714285712
INDV,0.5601626983220747,38.279998779296875,11.500936419372621,7.24340980887201,0.962138437126691,-0.2982837028896908,0.7053303719085906,1.110238376703655,0,6.351572963575282,8.71911324783554,2.244469672569126,4.336470004656904,-6.634149318626302,-1.9387083825518485,1.1845143352995244,31.82857142857143
SPHR,0.6122327589474139,135.9600067138672,65.74488893315649,1.021288890780108,0.8260103026979081,0.20785206027296657,0.49279062654830574,0.7428614717224009,0,6.187973152675832,26.556833591530125,4.410002618501361,5.797241306886071,-8.751673346339125,-2.919577179468721,1.3508703922025513,31.799999999999994
IMTX,0.5937904727063028,11.390000343322754,15.21307100831686,1.6102437015232551,1.194846863793024,-0.037967297614422954,0.26339495819647973,2.1949077475191676,0,4.459735739237912,13.559328478796436,-2.100461186264399,4.627491868799345,-8.219174186532056,-0.1001023934930041,1.1077578627049067,31.754285714285714
CCJ,0.6080517238069227,116.93000030517578,16.343137831799147,-2.5217789940218656,0.9624333412943119,-0.012436992563383268,0.8124492822668815,3.9168748987104802,0,32.87814580365525,1.8376594808755247,-0.47389545349197554,5.902187808641241,-13.538897104509806,7.634800888453705,1.1355042850626682,31.712
CLYM,0.6432376896162874,11.170000076293945,499.7392197922282,13.5797457927513,1.410519121795455,-0.3067013521592061,0.9847775820597373,3.312442999093681,0,4.337712667774725,193.17585937319578,-5.875700357249496,8.225477513472129,-10.49679097666595,-2.5459663924006,1.35660451282476,31.594285714285718
MRVL,0.6352285527212824,164.5,70.5058155439301,4.043135409436002,0.8416526208515784,-0.004862337074612235,2.115498922503287,3.9754386368251877,0,6.600548401054689,83.74717759762329,-13.061343113089826,6.215787979503637,-6.427760441145537,-14.580759939777177,1.3803979406895421,31.53942857142857
INTC,0.6290451430923478,120.61000061035156,205.66932375511016,33.39010637626851,1.4225073504531807,1.316046472155268,2.843877197404604,4.651356091464575,0,3.1476857415582433,167.6059494682584,-3.8395246985945937,7.585251685615703,-9.14500895635178,-0.17582820011632797,2.15378632463064,31.476571428571425
PVLA,0.6405331832962198,125.79000091552734,50.97819636874434,-0.4022225521198942,1.22913624137161,-0.7278874607677689,0.27824029856979515,0.5723835085913614,0,24.342976469389836,-15.201561263926836,-0.8646607949770669,6.529306200439815,-16.794544906836332,-3.0842291825919177,0.9884310558209061,31.43085714285715
SEI,0.6149172350820047,76.2300033569336,40.37513950317497,7.042059657652031,0.8768653658668973,-0.4261900670197857,0.8789166200077083,4.748779952415876,0,0.7714884975762664,20.636184544094185,-0.6766145619851437,7.33466218037337,-6.166906251247659,-0.283917281429841,1.1478284826367722,31.37485714285715
MATW,0.5606697024123941,27.860000610351562,13.994909908196052,0.8567803467250175,1.0117319461878989,0.261390190817187,0.6819832372157286,2.386937907159948,0,8.018277619293203,9.158600026141142,-0.6298608274125117,3.9965706783010764,-9.10193685540491,1.2523703778976607,1.4753785877042793,31.197714285714284
ANAB,0.6463195158457408,65.58000183105469,137.4525701449432,8.839551182201575,0.8691864102876824,0.02486819319146661,1.578230608715046,4.6965564882757,0,7.406441680348923,124.58904149428216,-10.694962138275043,8.506513321591253,-9.369815812623493,-8.723363724929262,1.2133267576201356,31.162285714285716
BAND,0.6269238139701111,49.439998626708984,235.33291472732637,47.221719877188384,1.4055306096904667,0.6166526769973938,0.14158514718280543,2.872164660921865,0,3.9124483107885597,34.311319700843754,-32.25626051120006,7.47876225547862,-7.085135355307597,-9.133025451392072,2.377887355919801,31.069714285714284
KOPN,0.657888755189381,5.349999904632568,77.73700030141819,33.6497607807173,2.6697073070964454,6.17492900372661,14.859805859431855,10.841120260496101,0,2.9722635980525625,33.749997607376706,-4.779407154674464,11.989318694674237,-17.05426258899923,8.78661208542191,2.05771631467231,30.96685714285714
MRNA,0.6565267487545767,53.27000045776367,106.43087467209162,4.927269298648753,1.7718640966480586,-0.047790912134976764,2.5342565468271925,1.7270474207288273,0,13.71462858405379,2.6990583278985327,-2.630581729008673,7.118989326305482,-10.545757950712286,-5.478286291674288,1.2773717806480043,30.949714285714286
ADTN,0.6217660031728194,15.039999961853027,78.06437446647499,-8.986384759187787,0.9819312862166734,0.0642619993415101,0.39893896120274575,3.190826870297323,0,28.5310517898594,-1.6993478798927688,-14.379083540492946,7.399268535058505,-19.529162481071793,3.4136561370637306,1.3726529437278918,30.94971428571428
POET,0.6420694088144596,13.729999542236328,144.0876973955025,43.61173096659207,2.265750001889218,2.63754785743231,9.03132386048279,4.894391505398773,0,7.979623527432395,72.70440089203505,-52.75707811028656,16.449901395768045,-11.419357791286956,3.1837886399115547,1.5904095080821326,30.72571428571429
RES,0.614016007706755,7.059999942779541,20.582175581764094,-4.226343596260721,1.0960705251245504,-0.6525955700531143,0.2124626997881474,1.4872524066519328,0,14.549724492902985,30.745667191459425,-10.060056003314005,5.0323170594417626,-12.968437441153508,-4.333340740669185,0.9761417753661563,30.539428571428573
MGTX,0.6216996055557071,9.789999961853027,4.941127766117703,0.6890887993678975,0.6053129724415728,-0.5056528207401383,1.6343191830358477,0.8171595915179238,0,13.4304809441225,3.270046777986128,9.92028245566135,5.180940463154515,-17.383969224711223,2.77044907959041,0.8366651568386855,30.528
PARR,0.6336589167460224,63.08000183105469,42.64954614722556,-1.0121587586272143,1.0218170200229892,-0.40058627843694683,1.6804019147239506,0.06341299043370813,0,14.263123461790087,40.20893415712868,2.6873174096127803,6.0931674900167,-10.384994490516943,-1.9531199552938694,1.120202308247605,30.51771428571428
AD,0.5753496939146109,51.5099983215332,23.22905042396297,3.9860273287480146,1.5816906209168824,0.16618822710967912,0.8736182830403996,1.3977818471232495,0,4.337625255002712,12.344602040681227,0.3278013581380143,4.072719238748185,-11.631501951257926,-1.552473563784921,1.5012921151261795,30.168
BKTI,0.6115805645856925,90.0999984741211,8.932031868206792,-3.4494598026687133,0.5612970133296935,-0.7822217504010647,0.36626174987762006,0.0,0,21.316050820177388,11.939372425499664,1.6959960937319094,4.762960199805705,-13.82114218623694,0.15008644503434748,0.9476112818009331,30.106285714285715
MYE,0.5708752504747673,22.350000381469727,19.30064820479105,4.890184388278509,1.126655647761716,-0.679658979595111,-0.40268523958721025,2.8187966771104715,0,11.11372007057608,-1.2549425883077794,3.6568825275652994,4.867368927753963,-7.835049972997621,1.8585692668001697,1.372882129034016,30.03771428571429
JBIO,0.6373340348668389,25.229999542236328,163.89426463558277,3.966208800521245,0.8174892640316361,-0.14607677281839201,0.07927252527055081,3.9437136341586085,0,7.186788220795476,80.21428243881562,-18.364195455582262,8.354850809608545,-9.892858777374084,-2.1954704115245116,1.4585075208550011,29.84342857142857
MPTI,0.6242914599346032,75.0,30.839459861669738,10.120030093322027,0.9423828992189032,0.11193079215620627,-1.6133321126086972,3.773335774689272,0,11.371104251717613,-2.6732385463685833,6.611323962251737,5.477141970679874,-14.020409132337,3.0606067541410087,1.244562796017176,29.831999999999997
MTW,0.602088369269393,12.84000015258789,6.7241810391265755,-2.279386116055266,1.3226487596439422,-0.7123556159255711,0.7009357594340979,1.3239881172933015,0,64.32621659035247,-15.247521610261296,6.706405464579941,5.112371757438394,-17.48072103793044,10.781673617994485,1.2814347500059575,29.558857142857143
CDNA,0.6351040796923414,21.399999618530273,26.360556066815622,1.6530484793296243,0.8214708871025796,-0.7965779062236937,2.383178682005184,1.3084055339951493,0,9.811273763732462,-4.549511392717105,-17.58366720851899,6.801735218725844,-7.9173845552072795,5.361435172401523,1.377771246212785,29.449142857142856
OCC,0.6612917320663065,11.220000267028809,40.16317031820218,3.9514543324179203,1.1260849127983994,0.8433698506677528,4.633684098632126,7.308383501871319,0,13.43953980832624,40.60150676447599,0.09106808400259978,12.700470587386745,-19.569889457829614,4.231974546098486,1.0437118715759723,29.444571428571432
CERS,0.6380611665987869,2.549999952316284,38.47951717840823,14.06844034868984,0.9278892129076809,0.09356602128015935,0.39215649593451213,2.1568654025140024,0,26.420828921254998,-6.250002736886219,3.980101654483348,8.585434828413751,-19.04762300620452,23.71541622093829,1.647272677334752,29.440000000000005
ENTA,0.6156674433188176,14.529999732971191,21.567817600686844,2.3708013526683738,1.7715923024695626,0.7861540389549341,5.4026143274922225,6.469370940080463,0,29.118467860098374,-5.588048025410277,9.50102756223295,5.862255164789739,-15.276967601652006,4.272914374475727,1.161833640482881,29.292571428571428
ADEA,0.6417641672956507,31.18000030517578,115.26649014584956,3.8614966567895412,2.017720212030864,2.335645653015419,0.7116771576729415,2.8223253992108965,0,9.563528773969896,-2.1343386444678862,-8.864469391340055,6.679626430227446,-9.202096194754818,-9.729732318762885,1.8731799195992231,29.080000000000002
SVCO,0.6191277314577862,10.65999984741211,104.2760663854557,4.55593060859876,0.8003855733574289,0.06868327200534598,1.82927440217161,2.7204499622598504,0,7.852867923125534,111.92841752781928,-10.786794610952226,8.753014579638197,-16.751272209881556,2.9498566350184703,1.64728033063584,28.901714285714284
JXN,0.5522719782233386,109.08000183105469,8.772578628526206,-2.5357835188831737,1.0760985126255584,-0.8610097286698619,0.3346148309857027,1.686838958912123,0,45.078686037456656,2.169075186001377,-6.348758760018418,4.110351222522624,-10.98950112601687,2.0211112205945607,1.3898737197995363,28.787428571428574
MBX,0.633680205868765,36.97999954223633,33.97932082664692,12.160018755435713,2.2190846783609097,0.771317922468429,1.4602409613302554,3.0151375812373837,0,23.00192176898646,21.56475821589129,-1.3105769191241707,8.814609630511802,-19.34569078927617,15.256295117558006,1.4542607288100304,28.61371428571428
OSS,0.6209555974957266,15.550000190734863,188.97136019307527,38.78352549048636,3.0192753895092315,0.38588293586021727,8.360129740871896,5.852088978724209,0,2.16913653159911,1.4350963346989514,-13.356164904001691,9.901699352988276,-8.636899103442145,-3.18840137389437,1.6897172537340266,28.350857142857144
DSGN,0.6278008956898262,15.789999961853027,98.21915121473417,15.81765432244543,1.335867274301123,0.247624623805061,2.5965851934830817,1.9632705531728614,0,0.0,0.0,-5.142401905251689,8.031303606701709,-8.463768336593246,-1.3685273663117277,1.828894730837755,28.31085714285714
UUUU,0.6330201676207928,20.950000762939453,23.22253911052863,-2.1028006093531006,1.3970305400772725,-0.44319359361393434,0.09546757534299476,4.582343469283816,0,42.30394115706798,-24.422794797506615,-5.01535054385501,9.212410321777051,-24.910390503108655,14.976465015672824,1.239760958394689,28.199999999999996
ABSI,0.6379937590970152,5.355000019073486,49.926430153733925,14.300960276496404,1.3027458288680263,-0.039346954948975915,0.7096102676362598,1.5723605056933752,0,8.169863156981592,10.412373696222838,-23.80952308112299,10.841935536272233,-20.312497225183844,10.35714166743307,1.844925578537109,28.11542857142857
BKSY,0.6628572343210748,40.310001373291016,127.59549400375701,10.100517277914387,1.8611298688954905,1.9959364034326725,9.377331841037737,3.497890844308881,0,4.041000361594262,25.031015119220324,-21.535572764676118,11.610553314945042,-9.821027549489338,-15.409531834797043,1.2715145974828634,28.067428571428565
EVC,0.6328789059364376,8.109999656677246,180.26868385408662,72.27827403983957,7.260277265233478,0.842401660064624,5.425407554007666,0.061653694845531376,0,7.2414589010864425,5.461633241573461,-2.941173582301027,9.357937185399384,-9.58752045322459,-1.935486090317,2.858830518053329,28.025142857142853
AAOI,0.6558840535735646,188.27999877929688,548.3696696902703,17.011325846350843,1.2238562271825564,1.460763911179412,10.473763197605663,2.3900573768597857,0,0.0,83.66988084562308,-2.855391728922527,12.726029989686921,-9.480769817600153,-7.911423706239591,1.499385749260109,27.96914285714286
ZM,0.5801580285047793,102.95999908447266,15.39417007379813,5.814885037952001,1.116615036618558,0.46227073888069853,0.24047857704147102,0.7187236502937603,0,7.272596524994449,36.29864685763607,-10.388346359194516,4.297925106787654,-7.708855021735814,-5.968091673512462,1.4053571052716958,27.629714285714286
NBTX,0.6502940582969136,48.2400016784668,132.134771842184,32.47561445195755,1.5753289915418613,1.8889189032001108,3.64614350639497,0.16085938863135102,0,3.1608838681646074,54.81387007107149,3.235943101105803,7.72521271811077,-11.874314579055225,-25.563210943132454,1.3835319189461668,27.52
BEAM,0.63129729829087,31.579999923706055,31.544925305659977,3.233820341466985,1.0025738732129568,-0.6998831437161471,0.6016483043401581,3.0398957782188525,0,12.95731292401282,-6.26298245458378,-1.287133025756583,7.551118707948606,-13.336989259125234,3.729521348445907,1.1981863028545054,27.37257142857143
VVX,0.5834805009979985,70.13999938964844,15.078168576874717,2.7300945663308975,1.6515633615262455,0.25868603833575954,1.0051352112624672,1.2546405623861874,0,14.903282741668095,0.08561295237624698,2.6948610133219026,4.626970728814009,-10.49004741777955,-2.944901087660527,1.192514785733799,27.32914285714286
BVS,0.6188997090768564,10.140000343322754,25.464106919358166,-0.5150819041986013,1.3268862725322568,0.4058428254625255,0.0,1.8737724615955842,0,14.333131604673898,-7.142854646979828,2.7245157237072792,5.485348261815756,-9.858647809449478,1.824410407259904,1.3867338343699733,27.117714285714285
AAON,0.6155202679662499,133.66000366210938,16.30701430237689,30.522248197731138,2.8397208553005777,1.0325747491283757,0.7893106739996535,5.603774717859992,0,2.8061439074039805,3.411995096383176,-2.0573503415238115,7.744063151768829,-10.295299555562197,13.74963675881303,1.6141042126365641,26.936000000000003
MRCY,0.5930406712626249,92.31999969482422,13.99557151458981,11.022920328006633,1.3643264040286986,-0.5217623066408391,0.2707972279286174,3.433706866756734,0,16.17458481206251,19.709538909111043,0.8681124501386713,5.049207906656653,-11.093987913356546,1.8129892178124911,1.2252406586424238,26.85257142857143
RAPP,0.652887774405076,37.2400016784668,34.48532851265804,1.9254753820469976,1.3514223083069534,-0.2630847146274526,1.0069816946511192,2.0542512616681936,0,9.133086935858216,20.71313198630668,-2.212999179172142,6.038053959525491,-11.897606304090191,-7.648924963077628,1.1034927087154958,26.674285714285716
DTIL,0.6189231235282353,8.199999809265137,22.9072046730179,9.589038475691734,0.7301337011493466,-0.2872451129386059,0.609758437704727,3.9146354464580133,0,0.0,101.47418826528327,-2.9045648349090625,6.716899496398476,-7.029477402959748,-8.775984319831473,1.0701483846547304,26.650285714285715
PUMP,0.6206510850562266,16.110000610351562,39.35672515569206,0.30196767207565217,1.3258396267748846,0.4812890581866754,0.06207466481900375,2.576045312095906,0,18.056455061531484,-3.0102346875188633,-10.314556250472435,6.889243802343416,-12.918915619022965,2.938839404649568,1.38095116319125,26.405714285714282
ULS,0.5544179880470873,97.25,3.260850861217013,4.129859805532303,1.1607287780269844,-0.3835053114160848,0.7506461253738687,3.187659099320532,0,3.751959454490782,26.59939000258662,-2.792672133288899,4.259934497151005,-9.568533408805207,1.4220870423663525,1.364468432179153,26.369142857142858
TVTX,0.5772851847972993,42.84000015258789,21.824248590385587,2.505205446622786,1.7808143332545068,-0.14727027144055585,0.9803967836993638,1.6806751123291588,0,5.070158115296102,47.16591980036668,7.951583678629877,5.19547950997601,-11.86998639209283,1.8625165309910885,1.4254545029069927,26.109714285714286
ILPT,0.5824490109268518,7.679999828338623,30.85879121637749,5.8121451365522745,0.9492967497717334,-0.5959458544937779,1.432293436963229,0.5794254570813242,0,4.644639428974679,4.774896428755474,-9.48412420709797,5.734281831291374,-7.4698837117333605,-0.6568182468191216,1.5208717858832874,25.70742857142857
QUIK,0.6478796567137254,19.049999237060547,155.79026848540934,24.456925805284484,2.1880072103338093,2.860515629973201,4.199481240979969,2.1301831073667286,0,7.042905683760393,21.337576231084277,-3.90161187104583,10.560853921232892,-11.312850823318316,-6.195787098464484,1.796430587690112,25.40342857142857
INTT,0.6458384458981496,16.670000076293945,107.26521128885595,-2.7194215442822287,1.278683279727711,1.026408139065582,0.23995750055111653,6.1187789624128746,0,33.15505409431704,2.082058506770083,-6.1648330453250715,10.527894650804907,-16.649999617697773,-11.475414704733215,1.2926669178059986,25.220571428571425
CELC,0.6374263216398679,124.68000030517578,56.667513272403625,-1.21617832168429,1.1715494745374637,0.4677332609929112,2.009141199283337,1.8326946234344788,0,14.628630459212518,-14.00192855597337,-4.319405284707344,7.697305180125122,-17.44140062371455,-4.755303556155562,1.1931972610231918,24.90514285714286
LFST,0.5849178675666784,7.929999828338623,15.429846267007852,8.362937895398323,3.14987970420755,1.348024810041585,0.18915944067561177,0.5674662958687403,0,3.943984722378617,4.755609623066645,-4.301071015112295,5.494505957050037,-10.79865554332849,3.2212888423271435,1.4603922046137958,24.738285714285713
CORZ,0.6087868822911018,22.790000915527344,2.234380033821748,8.045326299691686,1.6350168218699128,-0.5073401569991055,0.47827664737077524,2.4207927270958995,0,4.5965832772683735,-7.470557482176068,-11.188437464301954,6.785242141324615,-8.87644659315935,8.065493887724987,1.2784568670925376,24.686857142857143
VISN,0.5978790369404289,11.770000457763672,34.22441577968844,10.323260711650468,1.3802536205578633,0.9933290689986978,0.0,2.6338182458258106,0,15.425061383494665,-8.010938744339999,0.7376195114464216,5.784120329294218,-10.968228289463882,0.5602232615021459,1.6096163504151249,24.667428571428573
HIMX,0.659488838115547,19.110000610351562,124.12329863899689,48.51369961742594,2.7726421657212015,1.4978412231434577,3.359498575750449,6.122449182963143,0,4.521686992216366,88.647585326506,-16.633275321254356,9.090227311691642,-12.33944367306456,-5.608753085709659,1.8189270728291111,24.562285714285714
NXT,0.5627694556397196,125.37000274658203,9.17895276423737,6.154004071087934,1.4206120892969718,3.6316983427600507,0.36691928195403944,4.235387963219763,0,3.860693904455074,4.501126507367261,5.978067548372263,6.4180833694529635,-6.663195421041602,-4.251827979917208,1.0465702471415788,24.461714285714287
TPC,0.5874967766355901,82.69000244140625,20.960434819132125,-5.287691238419686,1.5193134516289202,0.12211667798627597,0.7739743266959006,1.4149209510064031,0,24.371670711001318,9.803540165181815,1.2186664428002876,5.7054749323328355,-17.30999755842065,2.079650554993558,1.3086608287896642,24.34514285714286
RMBS,0.659330929134268,130.27999877929688,10.356067065363028,3.2039323388295022,1.0942157411782032,0.425094780183364,1.4353662378682124,6.217376842151239,0,6.567170435419829,32.331135416352794,-7.163388935157109,9.336484193995236,-19.480842816908524,10.477347186504575,1.1744926617214115,23.973714285714287
BB,0.5954468757967947,6.21999979019165,25.760222158550693,13.81518401344723,1.9677798467387184,0.7402691000288474,0.16077538934965233,3.858517350081519,0,4.290171795684896,13.09090527383166,-41.309826011895225,6.6375751088366615,-5.900156359851644,-2.3529388658408217,1.8111203813890437,22.962285714285716
NBIS,0.6255621450589315,179.11000061035156,50.31106797906786,10.07995828976194,0.9123535994633838,-0.5158933885854928,2.8976620086490694,3.8300489011984253,0,2.849811749474737,53.9671604836147,3.3283928049620624,8.607878331211296,-9.490120186530431,-4.318207024377261,1.5001887589553118,22.09142857142857
IIPR,0.5697222687421065,55.7599983215332,6.389641208637609,1.5285700772278654,0.9836778321497534,-0.5493971576270732,0.5559497272590066,0.6276873828019032,0,9.19334956994406,13.311645398747613,-3.262989759583486,4.828729890193655,-9.178275257144518,-1.6020920824273537,1.3773543255043426,21.824
CYTK,0.5535185156058373,74.80999755859375,13.70844125666013,10.48344459032302,2.0575032804344997,0.012147926381375742,0.5614300388196999,2.0759276226034773,0,10.99529501087094,-2.9575806039397268,0.8289305727256499,5.823610481888349,-6.720697748978364,-1.6115869425935903,1.5032514274186008,21.158857142857144
IFRX,0.6319012103969758,2.430000066757202,86.91769424965543,27.15855871728719,4.908701487090794,0.04813532722605498,2.0576111490577955,4.938276569202596,0,31.02545978550446,-2.799997328591915,-51.75438949689315,13.562609747355786,-17.599180590817568,-3.3695606433821226,2.136198501646263,20.704
NPKI,0.5666184531495925,15.100000381469727,10.93481843959343,-0.5794023564805411,0.9262250693320074,-0.33891891939199476,0.06622036393540852,2.4503366216000173,0,11.15629610561041,4.643105073304796,4.666665394789801,5.72847606294669,-8.484846172396516,1.3503879494730198,1.5775952994823197,20.678857142857144
RNG,0.650788602769431,41.869998931884766,45.11187942315451,-0.9861213876631723,1.6182637116679512,-0.25318426006994305,0.3701905499098036,0.5540923083742992,0,9.516123557225402,49.21687767656295,-11.218730667074214,7.515097625679205,-13.794525025528223,-15.979011890675729,1.3728753943045247,20.626285714285718
CVV,0.6566614928011513,7.010000228881836,92.54512589905875,10.908949575289382,0.6217483897215795,0.0007116434952825302,1.7118385395702735,4.279603151167375,0,7.394178034031781,36.64717489542072,-14.975854643512193,14.60158852555892,-17.139477571578606,-13.157888862423547,1.6172840177101961,20.55657142857143
NVEC,0.6297884481785171,91.88999938964844,32.91837676638967,9.531074877582489,2.7631721260929876,3.1783857173529886,0.0,4.178905608178095,0,5.351596604978029,-3.618625006003783,-7.306887419944841,8.05854817542263,-16.486412424551236,3.105776031209531,2.112425375939093,20.165714285714284
RILY,0.6486083332014889,8.710000038146973,52.16045820891602,7.0090311584716405,1.3497676827694738,-0.10644450332809254,6.888627153831471,6.314583102903503,0,22.637017073746044,52.27273351582438,3.7878811591800563,7.561095024580849,-20.60164242172743,-11.818185166073748,1.4372324163894035,20.02285714285714
CXDO,0.6083486478472669,9.15999984741211,26.894254673606376,21.276312453112876,2.5753278663299772,0.43947618333283117,0.0,1.3100424404470277,0,12.680037476378766,-5.954824818028941,-6.300482436468916,6.9096999804803145,-6.910572099207108,-8.268334201905507,1.7577035676204955,19.708571428571428
BLDP,0.6143763053047674,4.159999847412109,8.213854773531581,16.559255830118875,2.3369750520332513,3.0835580603757657,4.324523459807993,4.086534713222548,0,10.808141229471486,-3.9260988279459585,-5.442171572913336,8.705185001689236,-14.403297669295984,7.870373586113229,1.9289291283421341,17.8
CABA,0.6233380648407453,3.630000114440918,31.7096646023209,7.579464519062787,1.8693058280679864,0.2705997961600812,2.7548182218286756,2.2038611454676653,0,17.452174424392247,23.46938923661472,3.987726268796344,9.464776766467686,-14.184394841259238,0.9090900549747735,1.515630996628479,17.601142857142857
BRUN,0.6275066706721039,18.420000076293945,36.59892042698827,9.9012566838921,1.9880089949153668,3.307916136309436,6.405533174523089,10.152013199709591,0,12.260049398408274,50.00000387896717,0.0,12.468551269313588,-22.278483191777994,0.2811596321824933,2.7845613747757048,15.248000000000001
PLUG,0.66577378134889,3.559999942779541,23.696331923714432,12.604774365953203,1.3978009720822568,2.763297082120807,3.595506264108008,2.808986129544754,0,0.0,59.6412516472635,-4.76190012629917,7.604335349169468,-22.27074230775184,-20.441996434820183,1.3292912354629156,14.838857142857142
NVAX,0.5985173872807295,9.619999885559082,18.657789012231095,11.840958054210324,2.5256151381999197,0.4486248472913924,3.222457622373022,0.41580002416543355,0,27.18726381520535,-14.030382069327443,-1.1918882442368024,6.779031944648595,-19.632417116534608,-4.352132037150894,1.4204110824918672,14.657142857142858
SION,0.6278768627491552,40.939998626708984,7.305433379360915,-1.4894529803304957,1.3581627519340969,0.8707577462066042,2.4425990071313306,0.46409045695568163,0,46.304615134407875,-3.37503030727223,3.487294106476381,8.462557682855525,-15.491797120936173,-10.642691052826148,1.0688235865329987,13.82057142857143
NGNE,0.6389779147476558,31.540000915527344,7.263261754649619,12.472142923871539,1.0827678330526735,-0.5507378847808758,1.3474927860190458,0.6658182573565309,0,1.6135973478739956,34.26990729035366,-27.649324217521148,6.68742648310736,-15.36520716695224,-13.789781300752022,1.2006240161556299,13.648000000000001
CLS,0.6027175933347264,374.07000732421875,5.491457113024012,-5.5958066096532475,1.0928103665309168,-0.6998950043637664,0.649617222919104,4.15938746528979,0,14.840516044942737,24.69000244132395,-4.86015152311501,7.617537526391074,-14.00689486796349,-0.36332353763711733,1.2530453117894838,13.496
NPCE,0.596769115772291,15.800000190734863,9.783548048546042,-6.122812851130259,1.6852693317193852,0.365788224523065,1.9620279484481493,4.683548834256231,0,51.00825494336725,-6.83961648754691,-6.644953956669281,6.929928659729671,-19.387755696849833,0.7067097560722744,1.4766413463203,13.012571428571428
EGHT,0.5844200748158194,2.4800000190734863,18.52338682322021,13.112885022113584,1.3670122598784473,0.07980289372959462,1.2096858695775596,1.2096762559252543,0,21.075505975635156,1.639342659778464,-21.637419712788727,9.936635662271735,-13.888891643540543,-4.5045001485934915,1.8158569134513733,10.931428571428572
