Ticker,Win_Prob,Price,RS_Rating,Bias,Vol_Dry_Up,Vol_Z,Up_Shadow,Dn_Shadow,Turtle,Ov_Supply,POC_Dist,MA20_DP,ATR_Pct,Dist_52W_High,MA50_DP,VCP_Ratio,Resonance_Score
ADI,0.558369407620419,408.5199890136719,70.32550414383006,6.744285547432938,0.8368695253886983,0.0313106938248432,0.26436566173187614,0.6388880401807617,0,0.8365054627656672,49.321935395891906,-0.6944451682390347,2.9879638563627364,-1.7980795640168616,5.0500725831498725,1.0875266335163434,70.27526132404182
VTRS,0.5925979158250231,17.389999389648438,60.17357033451367,17.555596631194735,1.6322284372183595,4.965767065133013,0.3450337860464887,1.0477365835678327,1,0.0,47.01283887318437,-2.939019708049398,3.027192167739637,-0.3438473963566172,8.519900842923098,1.1703997009808196,70.25203252032522
GNRC,0.5803896356889974,266.75,61.38871881475314,16.081471961659968,0.8749481989747994,-0.025282289442314313,0.2848688642210502,2.3167732617649794,0,0.5692089363626895,24.075535226794983,-0.0337645053800065,3.76301881762326,-1.0497426075916103,6.632007067336315,1.004155230887781,67.88850174216027
CMBT,0.5636163430877372,14.760000228881836,55.49404815064223,10.135887540273968,0.9223607722522278,-1.0508534475706786,0.13550445428300642,0.74051904946478,0,1.7124550053807999,32.52596041324087,-2.6304017481044917,3.106514656964221,-3.371518183149221,1.6713043769525304,0.7790754038915693,67.78164924506389
TEN,0.5501423652895286,44.0,76.38059303100424,9.288260847197952,0.7239500050951087,-0.2660942797473813,0.0,1.3863650234947702,0,0.633303633097053,18.630358098673863,-0.9126526798832011,3.1477265543751902,-0.3623184962892671,-8.637875438066374,0.8124409334081565,66.56213704994192
ASML,0.5712198254866448,1516.5999755859375,38.778270733478216,4.46244192496898,0.9295632217801445,0.06794123243453061,0.06593696532356802,1.2389501051465885,0,1.7843593822950414,6.957330230667274,2.610038766545548,3.6232582627870755,-2.1548402847768355,8.328802662233963,0.8936421873832655,66.51219512195122
HSHP,0.5662649440907203,15.789999961853027,106.79404394336404,12.825622828138211,1.4596435186657404,0.6285062870844599,0.3166573201551101,1.1399639366639858,1,0.0,59.77040442780122,-0.9523855635999103,3.6514975676473083,-0.3156577667301211,-4.042555631156932,0.8628965403095807,66.04065040650407
BWAY,0.5867796294142539,16.709999084472656,91.03939495091858,5.409234971391739,0.691682131635965,-0.7476460645335674,2.8031177787879944,1.6157903362769808,0,0.41251355059046996,38.156252295775936,-7.202795238887565,3.5677531298162717,-2.726685570781764,-1.840486059354668,0.7231039556165525,65.54239256678282
FRO,0.5557959314404862,38.119998931884766,59.979359722298554,5.673135304917055,0.5245317737289694,-0.8315579727116857,0.7607479248377103,1.5083965871872587,0,2.40032126242506,-0.7339067688580208,-0.9477364558801616,3.6398215749785248,-2.080661101773787,0.49369034910881876,0.7909034364967722,64.85133565621372
KALV,0.5758743464697275,26.719999313354492,139.36652083362125,20.379336942255012,1.4476221549068835,-0.0740140548193457,0.07485201450932391,0.03741886897366736,0,0.0,0.18747370422062637,1.954893644425396,4.307903122309601,-0.46563607074916297,-3.8705621919660094,0.41324781752356005,63.96283391405343
SNEX,0.5799351944496461,120.9000015258789,104.09156196743761,15.211436413322247,0.9913946391096884,2.865831353732979,2.7253913377434964,3.8875140763267875,1,0.0,73.47426256169311,-11.83533561308244,3.547500733257556,-2.6530844051816516,3.684622276591369,1.1779912693347008,63.94889663182346
ECO,0.5869157858904787,56.7400016784668,66.35508055913427,7.586418653457318,0.540650039573312,-0.75747417334422,0.5992247841454166,2.0267847676109683,0,0.40113578292560165,12.156555657655483,1.252977861377444,3.8798532904240894,-1.3045746705341827,0.5882550468171227,0.9137859411582551,63.78048780487805
PKX,0.5808012245870878,88.94000244140625,56.44761828033553,22.530517176662425,1.3414163967776538,0.9048457509593238,0.8882402674082617,0.35979276595077325,1,0.0,61.09401180158493,0.8499875825553332,3.585080062440989,-2.9145269633525888,13.47980400386208,1.1689718746767266,63.24506387921023
IMOS,0.6298529245467971,59.439998626708984,172.879120871524,27.61115308701193,1.7955955551300014,2.9794074333878315,1.7247643233605396,0.5383575070862222,1,0.0,7.099096624572962,-25.497697258044305,5.896126436497184,-1.6955205891437557,10.950797982462616,1.0029036234023958,62.95702671312428
CAT,0.5587280213044156,895.6900024414062,55.30669321060131,7.801512332240952,1.061768883103379,0.3116419585678382,0.1551824414128844,0.9835989610881295,0,1.7520848641137037,29.71512761016168,1.8308424205959657,3.183498995058598,-3.8288478100896826,4.518592490536139,1.0857945685034174,62.84901277584205
AMAT,0.6290372237612861,410.6400146484375,70.00376161777366,2.9698141848021606,0.9588792629927796,-0.029775235639285056,0.26178201127594314,1.1031631441817176,0,2.274869063446353,60.34950284052955,1.9883873483909666,3.905401690123907,-5.1223361371414855,9.416382147575991,1.0149199807055775,62.40882694541232
SQM,0.6519751213691092,91.5999984741211,89.73787977959398,2.274375305654468,0.8746393039220144,-0.0008341138325954136,2.1834061498846067,0.0,0,3.887631481300873,54.027234897201204,-15.991237291343344,3.922334023631729,-6.530613801850612,9.454367847383795,1.020975389458568,62.160278745644604
NPCE,0.6153974345620761,19.290000915527344,96.25217897593974,16.457381388888386,1.1243918821852972,0.982895490899733,0.7776029621738189,0.6480041164378698,1,0.0,13.73821908428336,-5.665528636598471,4.44790028653593,-0.7716029547415281,5.230981275428906,1.1283934559132678,61.91986062717769
ACRS,0.6099586495244761,4.860000133514404,96.97161315201595,12.434935891331866,0.5281494928052608,-0.2092039506771683,0.5144052402362653,2.0576111494811724,0,0.0,9.706553538174248,2.450978099951139,5.241034519070704,-0.613491488428548,6.3444121363694945,1.062578892473424,61.42857142857142
SLB,0.5839590524339456,53.0,39.803869730100146,-2.080331120702124,0.6042595702777434,-0.5038813072028253,0.4150966428282529,0.367923952491584,0,8.448453760906006,13.660730829585699,1.5416851145052342,3.2553911851744126,-7.342658578402077,7.297716741823707,0.9185044319252466,61.29036004645761
PSIG,0.5797794410239525,7.159999847412109,84.5529018465315,11.344372388028827,2.1211138232594804,4.1220070448591555,0.279329348462893,0.279329348462893,0,0.0,6.231455348580122,3.2689418950291196,3.6053480389966794,-1.9178128718580552,-13.644213591043863,0.8563882792149222,61.18466898954703
TK,0.560759374646813,14.09000015258789,40.13992867551741,8.189043547991313,0.9963639741672669,-0.9595565978534603,0.21291506489836515,0.0,0,1.1834244221809005,34.31840285676962,-0.5573223923569084,3.330630402019117,-0.914206132141928,-1.9857029146163683,0.9068826266170803,61.03716608594658
VIK,0.6240570376642235,83.97000122070312,38.1487126226969,3.197184511145444,0.9018640913720976,1.7553634687624062,0.1190883323403452,0.4406368241023668,0,3.8504651330682793,-2.132869191076173,-2.619467628902659,3.919768011582962,-3.482757217542583,4.925488141952834,0.8531205191316282,60.89663182346109
MCHP,0.6089417658216809,101.58000183105469,64.3162529540985,18.114906952221787,1.2011083459961382,1.818625717277827,0.2116522287980315,1.9569794688132538,0,1.2436051566051092,60.632153312132886,-7.933166847738218,3.9158360824196055,-1.607900103687734,7.380415535520672,1.3299407225209376,60.48896631823462
PLAB,0.6318756435801984,50.36000061035156,113.67422581707996,2.9993771541686574,0.6757283360635542,-0.3535423534601236,0.0,0.9531364900899788,0,2.796292045505442,34.83267113088762,-3.0575553604257304,4.613923467382737,-4.981130923770993,12.806972814581435,1.053932840700549,60.24738675958188
MCB,0.6147429059286813,90.1500015258789,28.348026815019047,1.087575032619733,0.46718965102812077,-0.7079819846260655,1.056571684432465,0.8541367270319511,0,20.048854654607652,4.757610838575413,2.8536543633997997,3.120306548736477,-7.598301354706065,10.772507664992352,0.9217279346609559,60.145180023228804
TECK,0.6444716494083261,60.7599983215332,39.13662556199762,3.65681749047738,0.7542377506768861,-0.09857286232302807,0.0,0.11520687418824196,0,2.721071558451696,33.950611780476294,-5.854373896476354,3.944090521014277,-5.106981914811323,9.6532653549194,0.894856444140749,59.771196283391404
OCS,0.6067092033744138,31.09000015258789,52.37826061795114,12.366048026286016,0.9076253425761703,1.244648750383664,0.7719516562642,4.95336412968664,1,0.0,8.51658138380674,-0.6620092005650996,4.635161710262534,-0.7660382116021208,6.224628503953813,1.048434656641808,59.38095238095238
GNK,0.5850163676426369,25.239999771118164,49.17450415448603,4.630435346976875,0.8038800444941121,-0.758353437871415,0.752775498308462,0.4754315886219804,0,0.753257443773504,34.561603971402164,-3.5590263116526453,3.3583305616790926,-3.479922985285518,-2.330508054044845,0.8775959750324703,59.3240418118467
AMAL,0.5517494892764029,41.91999816894531,46.12088590752441,0.9014553930930307,0.866409665836811,0.27316292567333794,1.9799662864722172,0.5605839835717804,0,4.494349266813725,26.006601052855043,0.5681824365097826,3.4426429631885207,-4.348111935829289,2.002498856478286,0.9894637918469265,58.78048780487806
MTSI,0.6367188506243615,344.4700012207031,130.03890202842172,22.345980537266158,1.327777134214959,2.5798854716268975,0.3280415939863575,7.817521414861773,1,0.0,74.37104322884205,-5.534700392482907,4.520195631737304,-2.966196839230201,5.6715457213015465,1.215845182197843,58.37862950058073
INSW,0.578641429187956,90.18000030517578,83.21354918256894,13.084043967999207,1.1741771946133468,2.8772168429568086,1.3029445757085611,3.304505818159234,1,0.0,22.721966794986308,-0.9072719584448984,3.6453291906790377,-1.5233379083153225,-8.515539850005137,1.0141910579037914,58.18815331010453
LNTH,0.5725516620310622,91.0,48.72437405965033,8.207735265649779,1.1166055811953508,1.4530856362715785,2.197802197778046,2.3846133724411716,1,0.0,38.046120338773505,-3.0578384556148475,3.1609102545578027,-2.1505376343854783,-2.799782201508813,1.058894768568694,58.160278745644604
LRCX,0.6361557369087649,286.5199890136719,75.48896633055757,8.067329019207776,0.983944009233787,-0.5094358328622963,0.23732818018027688,1.179664419525472,0,1.1126191533061986,66.51956563669702,-0.8502015792306096,4.6766865727413665,-3.8507378618773562,10.510990116216773,1.0727822291098001,57.83972125435539
MT,0.6180920820883022,61.13999938964844,58.200887245889874,2.267309511506435,1.1050927472845609,0.5715593903997934,0.0,0.12267053269046113,0,20.356486677061504,1.7812547032501485,0.1836710827696863,3.5182734500668627,-9.556211878984195,8.87962254945621,1.0666709352202972,57.65156794425087
VSH,0.5948283180610624,32.59000015258789,96.08451249558236,18.56514048812509,1.872128858416538,1.9233760921818546,0.4756022662362919,0.9512162375884096,0,2.0599733218341667,24.152381532748063,-23.06610451786838,4.211414558063904,-4.791117182391237,11.58627951144666,1.3071524980194609,57.28222996515678
TBBB,0.5768893952124471,38.43000030517578,37.60690567393539,3.444098995564424,0.6951854563786086,-0.6815624991569474,2.328910878566513,3.64299119106154,0,5.400778505237438,21.001259534054988,0.5324833749243396,3.632021862706124,-4.140683065733404,5.729726842776942,1.0765098710754646,56.81997677119628
TXN,0.5772184183629068,285.239990234375,72.11406487096129,12.674893965398859,0.9600351464444988,-0.21116108712938247,0.7916125658276358,1.4864641633440792,0,1.1334994089400325,1.580027300306501,-3.777102155941691,3.9701302642504146,-2.528712426059443,5.381019371274488,1.4785112301312413,56.646922183507556
ABEV,0.5681599788662005,3.2799999713897705,28.27788145388379,7.294731439579108,1.2715774105302609,0.9037115071936551,0.0,0.6097555211850174,0,2.6425787510878007,32.79351955746173,3.1746076187891945,3.179443657925036,-4.927538373769175,6.875000789475738,1.091954672723264,56.60046457607434
SVM,0.6276282521711083,13.449999809265137,111.89324507027665,9.460832628040926,0.8495404039065153,0.7652241821573136,6.654271499738501,0.8178413251224999,0,2.71849983055315,5.324975153268703,-13.04736454660786,5.417950484681808,-6.304421886224314,3.3511083792008143,0.8099031772018609,56.51219512195122
KN,0.5987933331653706,33.810001373291016,40.11347307416828,9.790553921158313,1.2949103076196076,0.15035472472870356,0.23662179178590795,0.17746634383943097,0,1.2850610342764577,52.91723400917737,-3.7938419672267085,3.754172420666687,-2.480521606718197,6.530894427084561,1.245127995103718,56.47502903600464
FTI,0.5912174561920862,71.02999877929688,61.056266899965614,-3.4682421348810215,1.1019042372474412,0.22107721250415,0.6968925173617501,1.2248277236755765,0,18.473842341080292,58.95746251686735,0.9658537121890034,3.2290172696437156,-8.678323612560792,1.3004634920826645,1.0064661525732899,56.42160278745645
DIOD,0.6096239714765921,112.58999633789062,112.32476046646089,12.689163351753335,1.2669682273013436,2.4083272580540775,0.8615341080423049,0.9769948573496261,0,1.3770485862603166,44.34614915057328,-14.169395920340813,4.291170823284619,-4.4227560092115095,6.567798482175034,1.3264125935215245,56.10452961672474
MRX,0.6175687325438133,51.880001068115234,61.44891440594016,-0.10926515779568047,1.1109689891087595,0.9570387669886072,0.809556978200107,0.11565414813905071,0,12.587379390937492,20.51103829811006,-2.9611835849578614,3.979236728000315,-4.981680369909254,4.0134557718238195,1.0723763069977799,56.059233449477354
LINC,0.5809215051254406,44.099998474121094,128.775245559553,7.311015761421967,1.3201267823003129,1.1639964802646454,0.7483034976539903,2.4569159771253046,0,4.336971114286952,-2.1956124974375735,-2.6838915787334843,4.078960652514679,-3.0343031705691055,-3.662054344150371,1.032473449246968,55.9883855981417
SFST,0.5879816777254946,56.849998474121094,19.022287381260416,-0.19049175123490864,0.813892268514494,1.3533816559929515,1.372036261945527,0.4221665521624021,0,23.857283298412156,3.138605906619866,7.408029460386488,3.3484113652310605,-8.306454073864261,10.166998547650538,0.8796930265530303,55.795586527293835
HLIO,0.5510680815386537,67.9800033569336,13.985314559049167,-0.6895288810858036,0.5578410784179791,-0.6982780272267195,-0.14711105998195542,0.0809065937908084,0,30.96355069913693,-8.079263559044668,7.400075694330682,2.832239825851134,-10.952159300906308,5.200429971773873,0.704065527133361,55.76306620209059
MOD,0.6261195497687796,269.6499938964844,75.55424032020393,7.09512403887523,0.9931182272854668,-0.15678144635260102,-2.3437704245019773,0.35972603102372047,0,1.3422616596805326,107.47094819020184,2.596060020503199,5.286216426035263,-4.032321391842611,8.801429058889763,1.051505234690174,55.64576074332172
ECVT,0.5601861488927912,13.970000267028809,69.22817039906035,-0.8023835695084891,0.7419745279954431,0.09058359781279741,0.17895216929584876,0.7158223303587438,0,9.595858551692539,19.91416930700361,-7.2970924787371425,3.1337567748640827,-6.486376960929265,-1.5901087456935243,1.0722927498687833,55.36353077816493
ZGN,0.5938178177015021,13.050000190734863,23.66134605223793,8.827087044199782,1.240943017300056,0.9559783433630653,2.5287350104029738,0.8045941815604642,0,0.0,36.50627215027916,0.0,3.6097423190826343,-2.4663671215161274,5.603453023905848,1.1008760374388353,55.33914053426249
STM,0.5561671418367018,55.900001525878906,131.22167572907514,15.131920225477447,1.0706402534420818,0.6274962863980886,0.26833221303136434,1.2522374665819382,0,2.491569091768423,12.452228033162905,-6.2084832473358995,4.2001009973488195,-3.637298494516069,3.5590328607416524,1.4167968282279095,55.25435540069687
STX,0.6169833726330518,766.4400024414062,198.4885786310335,24.790981354756376,1.4736623438416276,0.15241353522517018,0.0,3.1874631540538663,0,2.451848711155501,159.74871667684528,-6.198456222585744,5.429182180580345,-3.228495474666192,11.10346971649883,1.3785708069583955,55.16608594657375
TRMD,0.5584710838979159,33.11000061035156,56.04818950065511,5.701699760176706,0.9513836547614163,1.241428505458525,1.0268805385383282,1.6707935906130584,0,1.1367088547036353,17.10323308575885,0.06713815759762438,3.2150830694465484,-5.060930149384454,-10.88680829735961,0.910708193664806,54.81765389082462
PBYI,0.654435031033047,7.260000228881836,39.202662044435584,-2.7005266396445853,1.0082006003811108,-0.2590243035287494,0.0,3.3057884346544784,0,14.680255916883478,27.368429325335985,7.17949238270653,4.053521056666606,-8.101264033906528,16.666663560087876,0.9821975479154536,54.76074332171893
MITK,0.617522679778671,15.359999656677246,61.327630839605554,5.5887796760299295,1.2903864757095729,1.0230822317559016,2.4739591335276234,0.2604164241177866,0,1.3985532208060627,4.418760141403553,0.777382753603902,4.301525393765632,-2.7848134728997396,-3.263083215220461,0.8690255070165974,54.73170731707317
LFST,0.5602893781831454,8.850000381469727,68.75024530381157,24.27157625510592,1.5611663047616193,2.9752096358032425,0.4519769505576535,0.8474554352980366,1,0.0,16.90885311246091,-2.7735024883835075,3.9709442003411177,-0.44994331050360115,1.0796211247318432,1.4929145150199177,54.40766550522649
JBL,0.6287937722025947,349.6000061035156,58.25502752091847,5.722025756943062,1.2836697977103233,0.4530129279776208,-8.729284208272163e-06,1.4959985397610585,0,1.7830859509837764,61.67817010266386,-5.8289597058815446,3.9894568453556554,-6.114882861720599,8.066438756909326,1.1857209364185108,54.15563298490127
LAR,0.6488487849831553,11.369999885559082,196.68455081417935,20.71344871581935,1.0449005885256588,0.5500100931134277,3.597189101224274,0.6156525551681676,0,1.1948810755039638,81.91999815583812,-30.268738532152405,5.5842454678871345,-5.163069632826738,17.583730267760288,1.2168298554321526,54.091753774680605
DHT,0.5831439552244082,19.020000457763672,42.666923065878024,4.491143512860591,0.6415468578679576,-0.048370867163956936,1.5141961086484845,2.313357115903129,0,9.605547016382715,-3.2061026613987362,0.44943779286796937,3.6908513138256582,-7.445249810341463,0.3211962792235417,0.7823145095855103,54.027874564459935
HZO,0.602380241102435,32.86000061035156,30.690902181861034,11.541074567843205,1.1855273994664823,1.6845155776921783,0.8825347234691234,2.099813188897577,1,0.0,9.533335367520763,-3.1194007107978323,5.027824220902577,-0.8748141845248584,4.0645168672296474,0.9544140213206725,53.872241579558654
EFXT,0.6341122383416848,28.389999389648438,116.4952871104209,13.639546194085057,0.933229658814321,0.906660124423315,0.49277988912396337,0.28178909976449795,1,0.0,30.58877501488747,-11.622394552611064,3.9576064523802232,-0.49036347652802414,-13.897285498785003,1.180076646740839,53.86178861788618
STLD,0.5536368029746007,232.9199981689453,45.58754447600988,6.9242276359665995,0.8260931942381964,-0.4795591082901359,0.0,0.592480205072648,0,1.3947006027205797,34.45369528109333,-3.0263157894577564,3.371789143194243,-4.435234787692558,-1.2426295910481253,1.0578532794399678,53.4924506387921
DHC,0.5865355245245546,8.09000015258789,83.80256712260432,7.851663817099642,1.079963407843465,0.08492458295053765,1.1124864138349346,0.1854183317425686,0,2.202834048974079,20.730129379690446,1.783265806180125,3.836150693412705,-3.804990494555572,-18.1533687924089,0.9653258728844223,53.42624854819977
ST,0.6081043552995622,44.34000015258789,35.79650900581996,7.78224808352437,1.0858361229453248,-0.01859451069897911,0.47361092409843764,0.4059546787376726,0,1.6353260049244982,23.609515052130323,0.07753626353294955,3.890390196530405,-3.524801923672853,7.686211834184715,1.268815091909688,53.08130081300813
KODK,0.6203364082214239,14.149999618530273,135.42626389317186,7.490122571539208,0.8434700843340271,-0.12587992476372753,1.342759994108922,2.1201360079648235,0,1.8647001444821745,25.77777438464441,-4.478829011806504,5.376072161519024,-4.841965517966232,9.186349339714116,1.2646515083828507,53.02555168408827
SYRE,0.6148313759772771,73.0999984741211,209.14209264578227,5.227548216945626,1.101958303559358,0.06436883579225795,1.265383641120177,2.6949401666179194,0,1.843524291724551,15.536585972943277,-34.63395080469487,5.823530982566289,-3.8157914813694056,6.563356877724217,1.257139562108552,52.95586527293844
ATEX,0.615156847528452,53.209999084472656,168.31921570984852,19.147315765841498,0.9021139899853332,0.14555320716330802,0.8644974485598983,1.6160451574977739,1,0.0,54.50058422087775,-7.45473678011387,4.663584498008999,-0.8570879451422292,-3.786011081460637,1.155202566910522,52.86295005807201
PAAS,0.663754587941889,57.810001373291016,65.62332436044429,4.458600991467768,0.8313966484320872,-0.23463181871917627,3.961253867995482,0.03459688166097568,0,28.04054456679978,23.896274243683592,0.5980653679994077,4.3492232858195345,-17.185495379634364,3.5575827685123143,0.7699231494367631,52.82229965156795
ABX,0.6210752723737178,9.380000114440918,82.8682164246683,2.267772959821982,0.9189039088196204,-0.11930253257691323,1.0661021347442268,0.746265394058882,0,17.915879627226172,5.630630557431851,-9.925548328933413,3.499084909852869,-10.963452772571982,-13.729975292371355,0.7123150468275395,52.77351916376307
AAMI,0.557324657685335,66.52999877929688,45.489491205261714,0.17013531423098902,1.097606153474777,-0.7847710593752916,0.3757703360638547,0.12776053814964006,0,12.012102597853708,37.391911963484766,-7.355323321679484,3.7002641971352626,-4.780311773210489,3.101188746065316,1.1603617324688678,52.76538908246226
WDC,0.6282891798849402,463.9100036621094,196.2734959307099,15.424043279618537,1.2123349464274673,-0.4466028443592028,0.6660766772631562,2.938070913579735,0,1.6937954725200286,156.3132472540135,-7.046879724883793,6.076916998103023,-4.125073192480721,10.190760296981871,1.2663187654156511,52.686411149825794
CBLL,0.6535360362909194,20.3799991607666,77.66942259175364,-0.08824736843452419,0.8373613233087586,-0.5889340798155961,2.698729965803904,0.0,0,43.39901170258313,-3.958530535953711,-11.68551487258186,3.909643706699183,-16.235103884765735,6.226914288157922,1.0972130789310233,52.405342624854825
SGML,0.6311640128310889,23.649999618530273,396.38128567756644,14.93414766860211,0.7403971914500256,-0.38534563708912817,3.5095134759352686,1.048622390164357,1,0.0,194.88775893631373,-50.76475930501167,7.662640473118325,-3.3905226274212845,20.83079185130822,1.2821950388483014,52.174216027874564
ICHR,0.6111415181830454,71.2300033569336,344.01237828305716,7.748747221020167,1.9952706481122109,0.49754366637398856,0.05615739666097945,4.857513057356626,0,1.1517027628518155,57.344825792119934,-15.341426120276513,7.530434758259628,-2.2519229746110008,10.99026586184529,1.410414206340608,52.12543554006969
CSTM,0.595334862632263,32.869998931884766,97.37962283657058,6.039096333608569,0.9683224948922313,-0.25850561974693576,0.06297094017418238,0.5780305229000188,0,1.8474481916071162,26.471716895309104,-0.6447252747816324,4.28325783546122,-2.92380880269358,-2.4624832445555582,1.1210138269433578,52.12311265969802
BTE,0.5767957994459032,4.860000133514404,100.4565905630886,5.103810176868951,0.8583908826451475,-0.627318878166175,0.41152222989623444,2.7777824103974993,0,6.313397073295348,61.036988059953444,-6.6831679061660445,3.8433284140989445,-7.251901796365014,-7.567568369829648,0.9480225587303096,52.10917537746806
BORR,0.6307720131089857,5.840000152587891,85.05933418982468,0.907129234774086,0.7534359231410432,-0.05757412215621905,-0.17123679141844111,2.054800671923206,0,19.95612808237017,6.181820955019498,8.263065518044273,4.798190109091194,-7.740912747971606,2.8192383142745534,0.9556674360403924,52.06271777003484
CENX,0.6646054773302538,60.58000183105469,103.60080488444379,-2.3415119972565903,0.6802260630588703,-0.6752460661953154,0.23110465518610016,1.221527989580284,0,12.428746342599716,104.86980877652698,1.055643151868751,4.334291988214829,-11.80666810596122,-0.7732928024604356,0.7198701119470696,52.05458768873403
PLXS,0.6040656104119286,260.7099914550781,77.94166836709866,6.484607851832346,0.9480906261665564,0.4692276684668529,0.0,1.0049110698906607,0,3.612041776254761,31.938250709456984,0.21936260244610778,4.17869573749367,-5.481635736936581,2.9986747155530704,1.1796684531009272,52.054587688734024
SSL,0.6390632041237194,12.84000015258789,98.1361779766227,-2.03707767439892,0.623182840469303,0.004440962725604181,0.8566951352139104,1.2461047157184066,0,14.483559261500858,-5.588236819915602,-8.609271261053703,4.194480398809872,-10.647179854206332,-1.057581082922489,0.8783457777486935,51.98025551684089
ARWR,0.617926202287529,77.94999694824219,96.98391302411842,8.448397318602604,0.7822353868340398,-0.12499613796653262,0.9236706207595621,3.1173834512887755,0,0.5210021189081391,20.81525264061041,-2.6423069776129946,4.411253450355885,-1.9250205637273452,-5.6560848830028885,1.076753827506672,51.94541231126597
AYA,0.6926320445134398,18.649999618530273,76.42705738245618,6.104566598894072,1.7957386712504182,1.4485278402052455,3.2707705922103036,1.5013339678766553,0,13.846120973846793,-1.1134728791837498,-10.232843795464325,5.3772490953681205,-15.227274460533883,5.920082564283498,0.716573548695158,51.93031358885018
TWN,0.5960857697208497,95.42120361328125,80.70327626700524,10.368318986835693,0.8178209306818139,-0.7799330122672816,-0.5609876926934693,0.13749847285962105,0,1.9503025318686478,52.08989649343631,-8.867609778037941,3.960634835654265,-4.358818458518803,0.7814942225220096,1.2348066039433347,51.81533101045296
TKR,0.5532686512231075,116.33999633789062,44.706164875559075,7.203572825263528,1.6405454231320684,0.5271648393448936,0.7542568927457622,0.28364639164927014,0,2.394610502244541,17.909736270727976,2.805836187194479,3.3477930028412697,-5.927065528845498,1.9500474100543643,1.2056011682176493,51.72822299651568
KLIC,0.6370356051699373,98.1500015258789,148.65892808759702,15.622259457748475,1.7504663029576488,5.018593963782121,1.0187476335364758,6.469687595860213,1,0.0,48.278724490648436,-3.723958980036606,4.30899379397819,-8.279515431333518,6.872851365957502,1.3970442711684643,51.66085946573751
VSAT,0.6282551748380778,66.33000183105469,69.63391008583808,7.148916814928421,0.7530016017471582,0.019775222553355495,1.4320786067794633,2.412179149598451,0,0.6329878664333238,96.1845582251048,-10.543419781250018,4.874965826209131,-3.7578365519943056,-0.3776758408482839,0.9473217193323503,51.64111498257841
LBRT,0.6122599600604329,31.68000030517578,78.76791347240923,3.507426032294286,0.7528854301826564,-0.6696132406539738,1.2544188715373208,2.9356069955418675,0,9.920461628321775,6.095109368927235,-2.794111397749573,5.279357936364396,-7.947117644963117,2.8582249365808914,0.8904987686572142,51.469221835075494
CLMT,0.6080072399801765,34.61000061035156,66.45754707130448,5.605224900066439,0.8638905359000805,-0.21315184073071664,0.3756170639089674,1.4446691452412386,0,8.409338197644649,-1.2271697886085464,2.7204778075614535,4.154456706942135,-6.307520581794695,0.9124719714843712,1.045186876646426,51.43554006968641
BG,0.597723849747088,123.75,24.559226154541047,-0.7455119530506599,0.8377832016042693,-1.1477769534739484,0.2424267084892026,0.4363643761801859,0,23.954031006328947,4.739736268938689,-0.04066611266242292,3.327561856004239,-7.6009805364128145,5.247977641518398,1.0751566853620473,51.28687572590012
CVE,0.5607627044294502,28.459999084472656,62.83532657995945,4.95260860801219,0.9082743595624085,-0.39650338997169404,1.1068184967666022,2.793394595362975,0,4.587169552093036,14.343108807650367,-1.0911951999206062,3.2664897389006033,-7.747167803457046,-3.917993711150134,1.0560368356798113,51.253193960511034
SITM,0.6314018907090322,797.3099975585938,176.4964156547098,48.50334330622989,1.160883869616896,2.225932094986731,1.2479477540086346,4.798636651080662,1,0.0,145.08483327388223,-15.704835312796387,5.642777403690774,-5.6437872711656585,8.298063250043375,1.2588506616030906,51.2218350754936
JBHT,0.5687741873079019,242.19000244140625,31.973226437104273,-0.3638790050316343,0.8723582184684032,-0.3644957444674228,0.46657153995948014,0.46657784029760674,0,8.519288293867993,10.730614982446445,-5.816537622082765,3.1070643999322156,-5.461000325667889,-7.147091525142003,0.9057061396868548,51.1219512195122
PNTG,0.5580771124770679,35.72999954223633,32.37641461765921,15.591788244224617,1.123719346278912,2.1080875839138002,0.3078662517710151,3.5964171951839816,1,0.0,14.666237859616366,3.946952942687857,3.999239836415359,-0.30692134453172015,-1.3599297698723656,1.0630579756711371,51.105691056910565
FIX,0.6113769091691751,1942.02001953125,94.41898793037835,10.616514065993353,0.9844699761903593,0.00016498030898532375,-0.2218677344711558,2.0561092732996102,0,1.4327178410424257,106.54260759799018,-2.0019702441331586,4.517608761874974,-3.767499688176104,1.3939040063911472,1.2388106259106577,51.08246225319396
VRT,0.6183879162270851,340.010009765625,79.19215817835261,7.14426719547569,0.6423107539895541,-0.20749361636639901,0.12499272984946878,1.1264424516421105,0,1.2996567377619896,32.87869441811736,-2.256289077959026,4.8064135956885625,-5.510778894514582,4.161106517577093,1.1064626056917306,51.07897793263647
CLDX,0.6162040432846344,33.31999969482422,30.7458903885967,-0.3409717965653121,0.5713146196909519,-0.04822003373934641,0.0,2.070824228715277,0,9.76537328437718,7.276240398159657,-0.7138658122681967,4.017322019690864,-6.901372331517633,4.153143387182776,0.9448208052055618,51.005807200929155
MBIN,0.552040783542518,46.790000915527344,40.47380996648644,-2.1160403433111297,0.6612477598768494,-0.24323046602088771,1.2716336703376556,0.7480279588853999,0,12.276354183419931,1.2783025940643986,0.9045020969410438,3.2485577164861326,-6.894836491640918,1.8595462807716037,1.166630442169916,50.95934959349593
NVT,0.6108141004712999,166.72999572753906,43.648848012774685,15.770058441387096,1.4570582481664065,0.24384877411905972,0.0,1.3614760821848462,0,2.121977781052435,4.914420871212145,-0.8318388271221614,4.203406415501846,-4.452724511413416,6.543512781948628,1.239207475238401,50.89430894308943
BHE,0.6119031024042155,83.77999877929688,87.26172784128153,16.996465817956903,1.5381712673379047,0.6771126012559915,0.6027658877654847,0.8832631589194552,0,4.329403050758601,89.52292093836043,-1.784853891051539,4.360484720890294,-4.5024557465487804,5.003309185924292,1.7604374885194745,50.86991869918699
ALB,0.6709783271529561,198.35000610351562,116.52445466842273,2.745937839143358,1.0126391878789707,1.0434044256593331,7.053191360020618,0.08571385051775125,0,2.7407803232000387,69.4490483214701,-25.10588191533472,5.370018782228551,-10.248866016462392,14.050128799133702,1.1113305471591262,50.833914053426255
CRUS,0.5556068148492945,171.67999267578125,23.477863059426763,3.425109089343217,1.2592348450574267,1.6979263378485345,2.0561503552383873,1.1357701653621177,0,1.3760402366238402,27.255198291664186,-3.2120652484738104,3.3792100513798253,-4.089389566579809,4.011986816004868,1.209116223424129,50.774680603948894
AXGN,0.6541028034526879,43.40999984741211,73.66454855386557,11.280585302835513,0.6868875511201914,-0.7354127448968264,1.6816479140354028,0.5759041715572473,0,1.076072448674369,35.65624952204859,-13.173829235870235,4.798105072005785,-5.280388145107963,6.40615004459795,1.200186984989428,50.751451800232296
TH,0.6496071189001777,15.289999961853027,97.94061603476105,3.279408642207156,1.145871552897611,1.0465361182452904,0.8175277979312415,0.06540372077260588,0,5.492351551052824,20.77409277987304,1.5436211282505987,4.590769688952924,-5.148888549117182,-13.700568889046716,0.7953744627970243,50.75145180023228
MATX,0.5651664147703243,180.13999938964844,75.73678612180925,3.1313244008619643,1.067117418960336,-0.3466036432013251,0.8687700936494471,1.7181088215679183,0,2.1683247323763215,44.80181435586041,-1.4700747760348232,3.92948185787719,-5.1844864564826745,1.5701253284405698,1.3126247644783389,50.56562137049943
MEOH,0.6345824717083715,61.380001068115234,63.3175321233145,1.523348141068772,0.5282421962437366,-0.02883401643273511,0.6353851138081434,2.4517726377920948,0,16.542117797095415,-0.21134328883625794,-0.7248912557649219,3.940894016540991,-8.04494221993156,-10.119785588118019,0.6475626959809777,50.516840882694545
OII,0.6430209166005851,36.58000183105469,50.8471835330244,-1.544916453324492,0.8503758015000358,0.09074338059452515,0.0,3.1711416184043917,0,21.887844979448033,1.1055874032445148,-0.7681722179108488,5.018355715690266,-8.823522420207453,7.331220763349748,0.9485454317703373,50.51451800232287
AXTI,0.6260279399495479,108.41999816894531,1160.5944143097256,33.091910585740735,1.0530498856702903,0.6202189009054252,1.425012170285754,1.6997745239986195,0,0.0,44.61784234112927,-29.56273790063465,10.651369395618323,-2.14801878812156,4.491091280742221,1.2151002530725423,50.469221835075494
ON,0.5994826306277656,100.61000061035156,99.42796817825365,11.179870903064723,1.8637260161027487,1.9301763437997284,0.49696848917779085,0.8647279010988009,0,7.21328019539324,82.23148393028131,-16.703172431095744,5.16208371094649,-4.9952793571817535,10.261196174600471,1.5499448500009447,50.42973286875726
MU,0.6313108732596889,646.6300048828125,187.86230915880162,27.019203470190384,1.1410304925051475,0.6885306498400069,5.0616335859309896,1.7335879587520784,0,1.2515800339409708,45.610025917097765,-8.474294890524666,5.686955336533896,-5.3375134373491955,6.580425289146313,1.3082864247449995,50.40998838559814
HAFN,0.5640945085047722,8.84000015258789,46.20897911357742,3.3132729025504877,0.645370512094311,0.06961427403984564,0.11312475914128967,2.8280542495073657,0,2.5592169109513945,19.173408627750103,2.173905281215932,3.2765030988866544,-7.288932416081359,-8.264455303389308,0.9413860074657102,50.30313588850175
BKR,0.5838050272116716,63.529998779296875,30.22342458154119,-1.4816734512023306,0.7785808253987747,0.7852504534548915,0.0,1.6842432163812153,0,12.54942908799103,43.10647979613995,4.446545191915803,3.5416570480707223,-9.469625046382022,6.063871528799413,1.069657389920691,50.30197444831591
MPWR,0.6072808712578938,1575.9599609375,56.174709125621504,4.075797780600905,1.1989646389089008,-0.07891866325097784,0.023477443993384462,1.0736263797542176,0,7.12315558000337,68.7935924071679,-5.141626855191205,4.544984517744951,-5.176897657187018,10.790203769908947,1.3264585516128087,50.2938443670151
THR,0.6303773695383967,65.31999969482422,121.36378948207398,13.087662155569932,1.6903724042081745,0.372961570341632,0.85732576637486,1.0486796720507954,0,4.4972661850279705,29.397781867801665,1.3978266258039802,4.609724281082153,-8.309935915751819,10.438842637022505,1.4731971826438124,50.14518002322881
BELFA,0.591736038598597,259.6600036621094,84.09848889222398,8.860472926469097,0.6345397950100428,-0.5345827723840214,0.0,0.9685740407334634,0,0.829360869110417,21.374815080150675,0.31921072483136076,5.270490621245316,-4.283395447298808,9.766998285865771,1.4619918219017523,50.09639953542393
KMT,0.6009649657934691,41.709999084472656,82.07336428806514,6.680646409638283,1.287554909214141,0.9151279469563552,0.43131413807566715,0.28769823667188843,0,4.508001237715739,7.6109414102437265,2.0204530220960106,3.8890987768693015,-4.7934312324644255,-4.371721342298331,1.0956077305723808,50.07549361207898
CALY,0.5913857452664413,14.770000457763672,58.68978943757715,-0.37435230608779885,1.4629416333224452,1.380299935790919,0.0,1.4895075165571374,0,20.05996286888715,17.315331839408486,1.3793090293196113,3.423927286610974,-11.291286508868039,-3.9883987832953784,0.9294754121958066,49.9883855981417
CAPR,0.6649812200806987,33.939998626708984,451.10538417833305,-0.07066747997396965,0.745104099123266,-0.266510295860277,1.2374725572393557,2.7106605955906438,0,4.759956350052699,13.284378049818418,-9.427394763055371,6.185286282700999,-15.927670238153027,10.052911262858498,1.0153406040543052,49.83391405342624
GTX,0.5662022871175175,27.030000686645508,50.03996985029997,23.905571300371278,1.569146610808151,0.9663636706269683,2.811691489261434,0.7029246364187477,0,0.0,5.544709263554387,0.6697535382888553,4.158077877301771,-2.7347974228739464,3.4630425325468805,1.7636744620170126,49.79094076655051
OVV,0.5688358675669835,58.310001373291016,49.445119420853366,1.3751997179700874,1.0198064406587808,0.36077701974522364,0.8317557609733359,2.726805205134028,0,12.755470590878652,2.352115365722352,0.7834733402717863,3.194748837607088,-8.115344761107291,-4.8449187764321655,1.0271635107335875,49.72706155632986
YPF,0.5728288078688673,42.79999923706055,9.173537313148028,-0.4963576219304709,0.6610076175306255,-0.20016501053151434,0.4205614681780491,1.5640169939053084,0,28.145248644914094,2.9093509978462264,1.9208238959557569,3.2725977748880632,-12.581699269761417,5.655321717049007,0.7379571125031537,49.592334494773525
SHIP,0.6126126633673873,16.209999084472656,93.77664462628094,9.176622965433802,1.404596384699958,0.4259368539363003,1.2954910322040467,1.7890131063524057,0,1.4676594916783106,22.314296510792623,-3.942653750648401,4.313914958771212,-3.396910481609948,-5.266904046788219,1.0950583980679138,49.58304297328688
INVX,0.6138457162860156,26.6299991607666,26.837448657808217,-1.2734754461918287,0.6186687715851706,-0.4658956558967319,3.9654588676222624,1.7273717572364373,0,23.7041428025637,-0.03753839756222504,0.45436930167941864,3.783594638194289,-9.667572678519967,10.119654989304136,1.059503282632882,49.498257839721255
MPTI,0.5708953506891415,76.66000366210938,31.468051202672108,15.062782228653687,0.7272518352777165,0.23791646401604963,1.447942770567837,-1.1544509443538586,1,7.118440163729992,-0.5190681406069898,3.8675641766622872,4.216670557522152,-3.66926124870877,0.7416197175497573,0.9671977088195539,49.378629500580715
PANL,0.5848592438038404,7.869999885559082,59.526520241414296,3.6822332284882853,0.7703990267593185,-0.17345559564166146,0.5082587348106826,0.9529836130395181,0,42.01182423798409,-4.7812492638447095,-4.161079563915675,3.719368838281848,-16.18743772126348,-1.6471499354120103,0.8760632084418459,49.33333333333334
LUV,0.6682609051979588,41.38999938964844,31.75379729268728,4.040720686520742,0.8837359616139252,-0.7633122932091609,1.2561036078493661,1.981154160174952,0,45.30716414934714,-14.291153538999287,-1.044521246443697,3.984727386006079,-24.571241484872473,5.492081046951466,0.8231702513485536,49.23112659698026
AKAM,0.5845447942839166,116.69000244140625,53.17639712153799,16.52337353702157,1.231640860332007,1.725311639493415,0.6770082260622612,3.800666265974839,0,6.168177603255335,32.09192583024239,11.677769346196138,4.1814083793079,-4.540245025611892,-2.938826883717611,0.9960000005386298,48.77816492450639
ATRO,0.6300559592305972,77.94999694824219,53.46905575924168,5.3477990026612146,0.7981254914285562,-0.7045420985473243,1.3725472156105245,0.5901207215853884,0,10.874564143777464,42.27047936720997,-1.4365056856319047,4.481803505324161,-7.1581731797212,-0.5707820884496135,0.873539128799907,48.693379790940774
KALU,0.6036155068976018,176.16000366210938,86.14241118527765,9.100704465406988,1.0120968593502855,0.3826593437894351,0.5506364671507203,0.24977431440550846,0,2.3718024370814033,65.34636264557076,-1.4221418741973286,4.958747872727811,-3.7377029168596985,1.0293716647423454,1.1883684757505426,48.67479674796748
SSSS,0.5997868433973617,13.449999809265137,32.07964898713771,1.9480010470218794,0.9760929295560453,0.09484348765455122,1.8587360857001516,0.5821525911111433,0,3.68609564601554,38.94627463683156,-1.8662576297131024,3.8865100603424136,-7.113258048770511,3.2820481517066487,1.0618081457125745,48.56678281068525
LIND,0.6381834277021836,21.149999618530273,60.91891256175985,9.86442214747437,1.3181228695926726,1.2028225942825375,2.0803808131103376,1.6548481691060182,0,1.5388177012107878,25.222027131868874,-2.8916888737882696,5.585951746436334,-5.326770482884256,11.373496916808808,1.186094311600126,48.565621370499414
LSCC,0.6213014688066658,119.91999816894531,80.69620190509423,2.526833459713836,1.7098677003575355,1.5219057876749582,1.0590365764237446,1.4426248782020403,0,8.474340525930785,13.378086390128205,-5.2591930470304655,5.555489258744107,-6.275888214739371,9.340063787292433,1.2516863280748893,48.5191637630662
DD,0.5632905848699388,48.36000061035156,20.280744731732113,3.4161997606343864,1.2749281742992822,-0.3986727339890741,0.5789962581770843,0.12407231706471791,0,15.443287998381864,17.678296447365206,1.4129021400299333,3.0869675464961017,-7.797069974031791,4.862166247325576,1.2179089328540333,48.419279907084785
DC,0.6953526753335192,5.829999923706055,37.89077736128475,2.5595900482732663,0.5951155613060608,-0.3551073831844066,4.802748086184016,0.514575186254466,0,41.9093106662322,28.414096308546345,-8.364308542923832,4.882382580863801,-19.58620794618046,7.988171898325877,0.6639301624964301,48.372822299651574
SNDA,0.5620547513754358,36.54999923706055,33.03628524643387,2.239189782334341,0.9602985222793498,1.016375448113102,1.3406234582332979,2.7633333586542554,0,14.337087438460125,8.747392363081419,-8.650306216965992,3.554817081572095,-6.258020867670858,-5.929078446889646,0.8881660157120392,48.35656213704994
CAAP,0.604863768324324,25.780000686645508,9.296282973276204,1.1972541456922088,0.7808096160233864,-0.9816701519496493,0.38789906440013994,1.0473252543125942,0,58.94932200256059,1.937523738079198,3.692762196382667,3.4680825888489015,-15.475407584261436,8.190539289139787,0.8073231635556158,48.29152148664344
AMRX,0.5809192839645805,13.720000267028809,11.920450509545688,5.346004776773832,0.7280032795713781,-0.17065678183261976,0.8746347173091036,1.3483925825678007,0,33.63364888590818,-2.7639929065217164,-2.2656246680393357,3.563619394942911,-11.024642028169623,8.77914773375417,0.9094027290104973,48.27874564459931
PRAX,0.641463060457763,333.2799987792969,85.0888847787479,0.4449913514423247,0.9414076864421331,-0.3917684319616248,1.2001920351172528,4.608733019615747,0,9.331631681744145,34.39251235797885,-0.04684749520265496,5.778817044347902,-6.382022814786321,6.456625875270902,1.1644905814243114,48.102206736353075
ESOA,0.6328106112320828,17.229999542236328,51.98907747398604,8.371593624178299,0.8521490854745443,-0.45647664376617275,0.11606820049446567,2.6697568001574896,0,1.1107196260075967,36.193038541722885,-4.406538016792491,4.7674311601471695,-4.964145946725884,4.594769709793098,1.1906687887468914,48.034843205574916
MKSI,0.6412539469508696,300.7900085449219,110.82148120328712,7.890474041103883,1.5074148700919008,1.688316926775251,3.6254524649983506,1.6689449079501553,1,0.0,28.903675818663977,-2.5223227534329635,5.4324789272645395,-7.968847764470873,8.080968949457068,1.306575140561127,48.030197444831586
GLW,0.6318179509271074,182.39999389648438,106.22990276473357,9.076878649853022,1.2712990276416218,1.9172012106651202,0.21381546200469273,2.4122774362357364,0,0.0,0.45711656043445337,2.1908134003668422,6.113329831428379,-6.848477518635438,9.549126087084568,1.216602273544898,48.027874564459935
CTOS,0.6080572457334324,9.770000457763672,61.248468946412046,13.45294393778253,1.5599250539477398,-0.6676706984533006,0.4094161716967725,0.0,0,6.7585964120997435,57.835224020537645,0.27472500477157175,4.56937987996338,-4.262611162683694,4.4654929583690945,1.463754671399993,47.983739837398375
LION,0.6176411363797348,12.380000114440918,85.69348071427825,4.340498560474127,0.9862169393150251,0.9335864001943579,1.0500816900540713,1.2924058636522149,0,9.248264292502197,-0.5622465533413372,-4.041347157764916,4.540734895082675,-4.769229888549152,-14.44175445349214,0.9415718739473379,47.94889663182346
CGNX,0.6331953785291023,65.91999816894531,56.451964081288764,18.0103625612177,2.111169423406403,4.280666577164468,9.071607286026953,0.19721615051830005,1,0.0,12.523829182411722,-1.9662425825850518,4.128380670555414,-8.317111585453924,7.264319254165959,1.3749750255503723,47.915214866434376
REX,0.5780693801871127,48.68000030517578,44.36223055777142,4.935277767915694,0.7338313709502935,-0.6749628468296565,0.5135579261043756,1.9059224193001407,0,1.866730261588941,43.55647456145684,1.603430677573962,3.2952525960729755,-8.770615164086374,-6.829828023610046,0.9783750612535429,47.88617886178862
GDS,0.6539289115895727,43.619998931884766,23.1411463960153,0.605428503103803,0.8940359732490109,-0.3008078695370457,0.20632772762412943,1.3984425155308475,0,33.34735821110718,3.0231430672028656,-4.321443683653616,4.438822774950084,-10.265380818163406,15.003333514167583,0.9065839556526537,47.84901277584205
HLX,0.6007169350026526,9.829999923706055,39.08156545338359,0.5780919256449206,0.9815938502389362,0.06342097806387946,0.20346345795389156,3.05085558041133,0,15.938130695042037,-6.824646956811195,1.148221895008222,4.214430421648233,-8.558140243798734,4.4791696671282635,1.0564748088254865,47.80371660859466
SIMO,0.6035480961095993,242.7100067138672,156.56383652303762,41.196254115749475,1.9161945744717113,0.9749210072839127,3.7073430853380676,2.6327712961399787,0,1.7044138580726422,11.590807684483348,-7.874015747969495,7.741105174867504,-3.5748125205438845,14.481499370971143,2.145181779303209,47.709639953542386
AIR,0.6224305351040739,117.81999969482422,31.368124083329363,1.9653995479485078,0.6991331307854246,-0.39120138419224565,1.6550644655207034,0.4795471421362385,0,11.44968785758774,28.990589466072674,3.681728499311465,3.9203269340893074,-7.381494738742414,-1.3241099300115102,0.8023946634151483,47.68408826945413
BCAX,0.6541013445523882,23.09000015258789,47.68797372383604,1.433200469695932,0.636292185474317,-0.6027943142128463,0.0,2.1221297871755294,0,5.94664807060915,31.193179839850536,-8.871705202284712,4.217967004509169,-4.783504525213502,-5.882356785397133,0.9192244288995481,47.56562137049942
CIEN,0.6226976845537623,538.760009765625,185.65306813463283,5.811524888998973,0.6856141917535331,-0.005580004956635128,0.855665837848546,4.319180917182381,0,1.0116172125212808,98.5699525360982,-1.59834389323767,6.334387172615689,-7.711812201831666,2.7679504007421456,1.0477595803505007,47.516840882694545
FLEX,0.5914648903518919,133.00999450683594,106.23109783334475,46.515824358254825,2.1940299800900886,1.7114472089484192,4.796635701264268,1.796856994462651,0,3.4788877891197503,133.55573788167078,-6.545788418632529,4.788040781203751,-4.57708939716125,2.6343834177660805,1.5470211806389504,47.51103368176539
MTZ,0.615829346347173,412.2699890136719,101.90840451413912,6.851370853087935,1.2135833447128188,0.2171037113122973,-0.33109134080735203,1.4735444857318802,0,4.619380914371664,88.22535328971483,-0.2154684337713756,3.9059892248959636,-6.605804803902523,-6.523867599523528,1.1561665972936646,47.47735191637631
BWA,0.609906618022461,58.18000030517578,23.88202949561391,4.767478909101637,1.337272024614396,-0.13303823573953985,1.074252314731694,0.17187774767075578,0,16.985707098148218,29.585410136588315,3.038024279656068,3.1411141242654628,-16.734718236960074,10.922833249303238,1.2329095822294398,47.42740998838559
FLOC,0.5857214222874231,24.559999465942383,45.0017499286959,2.414408595444111,0.9539886417823021,0.2910034471385645,0.16287018076358165,4.315547229109108,0,4.309918996873867,13.231898852404257,-6.804595596176009,4.127471134016307,-4.6583880133178,-3.3662476519396285,0.9907804040971181,47.39605110336817
HBM,0.677754321901719,23.850000381469727,51.6954418526356,-0.6146455324736785,1.0307314431379122,-0.727400894577127,1.5094284999153988,0.41928880446991124,0,39.90745985080328,-11.343649408974112,-6.17810313293285,5.36987236690354,-16.98878218921267,10.501621509587505,0.9398968204621639,47.3739837398374
NVMI,0.621671366010421,504.5400085449219,45.210388500133504,-2.0130854587991585,0.9173464992155586,-0.3499093047404992,0.0,1.5974942367449836,0,8.707757948448949,10.200072641199343,-4.076259852284641,4.523779957704599,-8.265452991817359,3.367544324969273,1.0252620945553395,47.269454123112666
NGVT,0.5521645318170785,74.06999969482422,31.910443097358844,-1.6230145633346313,0.8077451100751092,0.11864455078626872,2.281628794851373,0.891043655225034,0,13.663979375125471,16.425653785319252,1.6537815919327483,3.3202198408667414,-6.5834293862582856,-0.40229710550491193,1.1093602635628874,47.18699186991871
WFRD,0.6507868236900709,102.30000305175781,31.4584046544081,-2.1183145600533204,0.6718776913249553,-0.02888920924605034,0.0,0.5179859055279702,0,19.56146953840177,12.764912477676202,3.910938209744683,4.6618849017341315,-8.681607774525876,8.72713050537983,0.9825479360627218,47.17305458768873
ESI,0.5934568230521167,42.27000045776367,48.263810733056985,5.452233482062769,0.9455488177831907,0.5627032999484753,0.733383889109337,0.4494881113009137,0,7.135474025883802,-0.6813931065860421,-0.3767475517210473,4.434080468130093,-5.857463204184554,5.245098007736424,1.2967759229546534,47.15911730545877
SKYT,0.6315182853031728,33.060001373291016,121.26225124408336,2.4369882672644576,0.9065107267876894,-0.5172634521357774,1.7846343861519076,1.7846343861519076,0,13.11831725231061,2.194754042155374,-14.421380337553009,4.230187876387528,-8.845263166840333,-1.7708341749115282,1.1088329736497744,46.76306620209059
NAT,0.6675937922065687,5.860000133514404,62.70002952884266,2.0106208718428897,0.5149921265471818,-0.7294589249201118,1.0238897850215318,1.7064911121885702,0,9.965844535383555,11.897298195707378,1.3468000491909347,4.314967000881614,-7.570978035416102,-14.682544015371016,0.7675222606340251,46.749128919860624
KRYS,0.5542304940289807,296.70001220703125,37.010082850869686,8.753824778635261,1.5865111845399824,2.2783132270134447,0.2628913876653226,3.1191390978088642,0,0.0,3.078104496190035,-2.2180975047985854,4.314349879221278,-2.0792038920620324,2.7522935779715514,1.4640421752062505,46.734030197444824
TFII,0.5678042540172297,138.32000732421875,46.26457183644392,2.6485929890078577,0.8459463060587322,-1.0203995829243995,0.8169386669902351,0.21328326497318484,0,7.342322999349237,60.08992645281677,-3.172425244008168,3.4105694183146436,-7.223817343982648,-3.8181369695449976,1.1135500930061257,46.65156794425087
SKM,0.636513736356607,36.29999923706055,73.17686951800881,-2.4757207682928457,0.8687020033129808,0.5338719621174678,2.2589523747550087,1.0743785064312708,0,20.33603904356815,15.23809281558148,-4.689688683725998,4.285714886217606,-10.348239732306743,0.09514965426963365,1.041979294728679,46.60046457607433
DOCN,0.6178725363954244,150.42999267578125,278.54581910948895,49.38430368917496,1.4572183018809504,0.8182671495726171,0.35896650430147903,2.28005453116479,0,5.1283432535789295,68.30386808872456,-1.4454538977665086,7.055626744854301,-7.141979829720575,11.827234827014362,1.3762265048416034,46.47038327526133
SMTC,0.6197134042900179,121.5,79.64542328603115,17.607200496922545,0.8561584089668297,1.2260695469731342,1.7983519000623591,3.851852102993632,1,0.0,69.26720822730206,-15.542519975138019,5.6334507318190585,-4.4698648957633464,2.6150212308141136,1.192253795945279,46.2938443670151
WT,0.6174319927468953,18.719999313354492,51.742349446470406,9.081370755811125,1.1602466001414755,-0.5540859918778303,1.709410330626852,0.2670899513452838,0,1.1585925977217615,34.57943578979597,-3.848572165825276,4.693221868713539,-2.9549070766735106,-1.097634545977133,1.1188904699634699,46.17653890824623
BELFB,0.6258617928847086,290.4599914550781,79.46798845371264,10.826841235466382,1.1421052659599045,0.25579823946681146,0.25648803246630764,3.7491884935800925,0,0.6386663257873588,31.355700216666065,-2.7920195463527313,5.565922688169411,-5.387624933181759,8.893333681050693,1.581441503732173,46.1602787456446
ASC,0.6001764095892308,18.8700008392334,45.575344580644696,12.004753840053322,1.116038930865866,0.1814654388884868,0.7949206104913502,2.9676807014073723,0,1.5349149048480346,40.570476590031845,-0.1943049705887362,3.792870308312807,-3.8226298057134946,-7.013716049482369,1.123752403941933,46.08362369337979
KEX,0.5736965551932716,142.22000122070312,27.200242606258374,-2.440697090438849,0.887291911002537,-0.2841405154824562,1.1847824104339941,1.223460468441153,0,12.611622413475315,14.499639536940373,-1.3348396345210656,3.0187124551929987,-9.810388091250932,-2.6129797746958277,1.0195188552590824,45.908246225319395
GRC,0.5780991650148425,76.5199966430664,63.5846564255814,5.553557511872548,0.6569700194778555,-0.39657500507624666,1.0777567146161375,0.150284721397003,0,5.549416670227898,12.100782666589984,2.2678024247767143,4.544068522232619,-3.7968371104625183,-0.7917939416731243,1.2139212283622147,45.886178861788615
LITE,0.6640279318972135,892.5800170898438,364.90858915222236,0.6634189842014975,1.0192314411881387,0.6613667748192062,0.15237248881635326,4.252842461830826,0,9.352499458044132,26.365123230755326,0.32545985078150286,8.129203813328115,-12.577863164547548,5.887560789197281,1.0283732485593275,45.76306620209059
POWL,0.6291517787271501,305.92999267578125,132.79801541396407,19.009503898157938,1.6069782200862117,0.4274115742506433,0.5001140182137478,1.8927522520780122,0,1.219101599604001,221.85895625554502,-0.8665135917622512,6.0527487367719415,-6.139169667939356,6.57741359019203,1.5264213167421508,45.746806039488966
NBN,0.574515628040616,125.62999725341797,38.52196541446753,1.372558427814419,0.6512881432176136,-0.5566792040223548,1.3094040503157682,0.39799411838514287,0,3.3830010169804923,-2.763157723778227,2.8589765937512897,3.8841406216619334,-7.366168871384813,3.774892303302003,1.3266463979109806,45.73867595818815
DY,0.6312686748201223,426.3599853515625,42.16121041633083,3.316915630919478,1.197433890414207,0.30380586355829586,-0.6109886189657334,0.6412370685357852,0,6.256956187980833,23.805093009510976,-2.236864785972255,4.712717543532225,-8.274175243439357,9.025311722617777,1.1497681271978308,45.64924506387922
MEC,0.6099424939180903,25.989999771118164,35.50854504420266,19.5079897333004,1.5531723844424006,1.843902906752862,3.116581273737997,0.5963858715065906,1,0.0,62.742638296311895,3.5609733765888705,5.103334987529055,-3.022386152877371,7.034227115562482,1.3611888516821824,45.64692218350755
VLO,0.5821633197199859,236.35000610351562,32.54196045237394,-1.2733978964688426,0.8265193439502697,0.16765484987848303,0.0,1.986463804931143,0,24.50117397666646,-1.4633513290626683,-2.824329739360607,3.440267733475607,-8.543894748269834,-13.003409533712517,0.8873110389248884,45.565621370499414
WLFC,0.6008779469927666,225.47000122070312,82.0932469196306,11.261069858972,1.2643947188683213,1.6330979390976261,0.0,1.9780931785606783,0,3.194914441506487,18.668421695008654,-1.2382542834043992,5.520850068913934,-5.834447493402195,4.54679336915589,1.3323980427826378,45.548199767711964
WCC,0.5711630981289191,350.8800048828125,30.710356046441014,8.129932223599672,1.029508602576293,-0.20962584999630318,0.27929219536875655,0.8435908042290047,0,2.3103599933668355,23.00985040737428,-2.787795943430875,4.263769029191243,-4.884789729402801,3.6252391520030165,1.173593898337556,45.47154471544715
SANM,0.6066614564771234,237.08999633789062,35.9776476003818,24.183877253060494,1.1507685017690914,0.7937014939824804,0.7128105223767442,2.9904240783556126,0,1.5387695294075723,65.5771997310027,-19.127189497377206,5.788337681678687,-1.748788389781056,13.49491897094508,1.7459091616577103,45.37862950058072
ONTO,0.6527858163755047,274.1700134277344,103.39321117865425,-3.7429161863850156,1.330720985020574,0.8106691059990184,-0.1969500678031326,0.23343714377570343,0,13.842167337714024,26.69008307746318,-8.175407609997338,5.508549076460842,-13.237337522826978,7.184090154871707,1.1928422878621716,45.28339140534263
KOD,0.6334431412021214,43.68000030517578,132.36535840169367,-0.77012055993785,0.5407833857827112,-0.4681405469501423,0.0,2.884620255033105,0,6.0159015687565365,9.859160334574245,4.603401168074807,6.8272507069279245,-8.695651827041475,2.8240429504596514,1.039177155413996,45.27293844367015
ATI,0.5986260021928572,162.66000366210938,60.44161256061378,3.274881094105939,0.9780305729289274,1.4260462613356453,0.8483984087881091,0.7377332603087492,0,6.143763466602826,26.741474445421055,2.3805067565610014,4.6802262463655815,-4.938341954328536,-1.1248612696458602,1.0812746772010329,45.16260162601626
SNDK,0.6281048859410351,1339.9599609375,579.7169457024474,27.42585662852471,1.123246322980343,-0.14452410828322876,1.573925075010541,3.5363824128930355,0,2.0805805625614013,523.121281049016,-7.9735033872529195,6.570862879656524,-6.927831743907485,5.268984956338183,1.4259627321943007,45.07433217189315
KPTI,0.6635212061808564,8.850000381469727,47.676567200279266,1.1717672805263544,0.2172282440030573,-0.28298031287447717,0.4519769505576535,1.920904733865155,0,16.523772704321495,62.68382881901571,-6.1274510942214935,6.803068155644445,-19.472242347790182,9.316159759654349,0.7481072216912596,45.0534262485482
ECG,0.6296463672445727,158.4199981689453,73.90907426710358,13.199995425986991,1.7957201362891528,0.7878471928765473,-1.4486795830431392,2.8973591660862783,0,4.373831481622304,21.76786374835284,2.9307962268865078,5.498810458673063,-7.668276050316063,8.539590867367746,1.3543034525944082,44.96980255516841
ARCO,0.6155539158963256,8.949999809265137,22.223549112888197,0.10065791900546227,0.8946142505132186,-0.6932170199494183,1.4525046203632315,1.117312066093192,0,8.639725730657258,7.3521130263997865,-1.5222495902387307,3.918593810615499,-8.20513016054166,4.659090548296641,1.0869317475353826,44.952380952380956
SYNA,0.6062785998373965,105.80000305175781,46.994596547333465,19.562886022381473,1.5059407896958743,2.6432256425175003,3.4215525918055927,0.7183384823264032,0,1.3829082082755133,15.666340482845213,-7.175672376381072,5.284905442176969,-4.192698759921163,6.06097709834453,1.3614120934556952,44.866434378629506
WULF,0.6367186937070416,24.020000457763672,51.06604446118999,14.130952886177193,1.0547466751225505,0.26933214882998185,0.3538679552424589,2.2689428221684427,0,1.1484656458997566,107.78546353618783,-1.4713545411412066,6.484179817302459,-6.754657436298267,14.229911717276803,1.1263672411912662,44.85249709639953
RAPP,0.6217390867130634,39.93000030517578,40.870542706026455,10.610950293681691,1.1059889806708747,2.521898291245208,1.5527145683213868,2.5544714498935615,0,0.0,29.43273844776253,-15.546462609271186,5.25562538529452,-5.533607717526083,2.847684068201922,1.037971190581021,44.78513356562137
CMP,0.6045543493895386,28.239999771118164,58.04116920250135,9.290039765565734,1.0788844788272274,1.8134285807965367,2.7974536894554975,7.684136309506714,1,0.0,31.34883614327756,-2.8241885800736926,5.288850672016686,-2.7213258588159444,1.0458576930328585,1.3131052457359589,44.69337979094077
COHU,0.6191022263780892,47.47999954223633,100.47918049324964,7.940982252327751,1.853505584433462,0.792243036479819,0.3687915660725035,0.4001656034894598,0,2.795870464267932,1.1719566023275083,-11.214681454156086,5.779139585588851,-6.314129328348694,4.764949629863467,1.4851986641442934,44.692218350754935
PKE,0.6455255533280843,33.40999984741211,64.68193391140653,0.10336931847366301,0.7150950967723452,-0.07475274724208002,0.5088242134589297,1.0173629811469127,0,8.339144756365362,44.21307603143423,-4.174565946867452,4.596548745321483,-6.832126941358445,-8.715081510487224,0.9258700041958011,44.68641114982579
COCO,0.5810322748751181,68.20500183105469,62.064971691902635,22.94506057157211,0.7974892282201094,-0.18261158687130996,0.2932291516312134,1.4075200625850288,0,0.7342973256172715,24.666428389989516,1.0137266598607506,5.364603503044711,-1.9831821104472391,-0.1906655943640579,1.3248661623429043,44.570267131242744
INTC,0.6059180052754009,109.62000274658203,187.06965787350217,34.93519407409455,1.3295872969676485,0.3241604091747527,3.1609230801278976,0.4287549798601808,0,1.2459238331257945,143.22166294076644,-10.985091777530243,6.152421884289388,-4.270368787338062,2.7730358519914637,1.8053202752844184,44.50058072009291
EWTX,0.6481682532419193,35.58000183105469,96.40736184397166,8.121254268733596,1.978062301955737,-0.09822272955379784,0.0,1.5739217101065466,0,5.409662120703624,-6.393045508339204,1.1933219582469532,5.813859248123912,-10.96095433848572,4.116871327607799,1.1131186451652384,44.49012775842044
ALGM,0.6203723628224891,47.93000030517578,65.71140432528668,10.715853435561186,1.653405962947986,2.476345361552842,3.2547493497303597,3.9743367097840863,0,5.543083720335318,26.198001270675107,-3.241493106614426,5.624704057104645,-6.750974937011504,10.624342472283642,1.5086975198208585,44.44947735191638
FATE,0.5961050217006699,2.430000066757202,95.24107141411736,60.87388826598471,3.6216806592954915,1.956380094177856,1.4403228986085135,6.172843258637274,1,0.0,2.96610909929187,-7.87401773739901,7.333920684938855,-1.419872154831509,2.0270250664105345,1.7711053365310456,44.42508710801394
AP,0.6318331755401352,11.489999771118164,454.27468838108416,13.869478688753793,0.6101423205083734,-0.6569329010331642,2.958224747832244,0.0,0,0.7115832893982048,73.30316096614486,-10.324125623657714,7.354158910577836,-6.50859702835883,1.6806806026898502,1.1204182066023758,44.41579558652729
ECPG,0.6116885697557127,82.22000122070312,91.08806714849426,0.4410032155543202,1.0395431617154731,4.331304234907915,3.06494357287995,2.8216974706293514,0,8.066133402560318,4.485955864444794,-3.0644268192197535,3.5245153649698997,-11.247839202811093,-24.64086916004068,1.14096574666662,44.40650406504065
GHM,0.6431549465664573,97.08000183105469,47.695841487540406,3.153143132977191,1.1674270509101938,2.1824145748437824,1.3236464858517885,4.140919032341405,0,1.8397432718668751,39.68345587145015,0.8825425684878506,4.604818791779034,-3.843103495012085,-6.548651888340499,1.0129140752206196,44.34843205574913
NEM,0.6593857601821601,113.48999786376953,35.589670843326026,0.13985310287613473,0.6252336050848265,-0.4195905441712018,1.0397394725320426,0.14979132271010878,0,41.23132307339012,18.465547232049357,4.705485567224621,4.308749693056669,-15.688259542966057,4.195768270050106,1.0090494916175752,44.32868757259002
GTE,0.6449579334466475,8.760000228881836,117.39599670612296,2.151480012365341,0.564529580702643,-0.5335897694967219,1.712324367510853,2.2831027855787456,0,7.903194217521205,11.59236095781759,-6.1923617591316304,5.242986551419515,-10.061597178284194,-16.977929074672353,0.8003989198252246,44.27758420441348
NHC,0.634074952373535,171.4199981689453,32.60800125098551,1.1494503528855782,0.6693266418750493,-0.6600003554753163,1.295065479176019,0.47252220700102954,0,11.504283933260826,8.367392531881402,8.76647260558653,4.088538236247802,-6.877446510273138,-7.796425292728462,0.7906367562326687,44.27758420441347
OSK,0.5588504956449843,153.05999755859375,19.093659339173353,1.620644198795806,0.9872306016723806,-0.04600039988089104,0.5847408119240748,0.5063334044433341,0,33.499784421754654,5.656451112204252,8.163003946415007,3.789363566268822,-14.966668022920324,3.138044428549863,0.9228201707186733,44.26596980255517
RFIL,0.6451849335477323,14.90999984741211,87.48207673832786,7.027491956791922,0.532292897464635,-0.384841754973284,1.307845049005724,2.279678204160859,0,1.770973596393654,106.79611327957963,-19.896645027798815,6.601467183679924,-3.49514542708438,-25.247516242539014,0.887248349207722,44.25319396051104
GEV,0.6476528350229865,1045.6300048828125,82.11768734140459,-0.8746204031615624,0.8317369848563617,-0.2682906027569014,0.01510658489496502,0.4982604662419683,0,9.719075514573891,44.81779558891127,-1.0640263202351676,5.20458582082066,-11.533478736031862,3.965706893405159,1.1508773277721456,44.239256678281066
VPG,0.6264901203173013,62.43000030517578,65.96235014110351,10.004934195657363,1.0730500247696255,-0.07480880182806936,0.9370541347123004,2.6109259332391668,0,2.2343103140000276,34.46047791188965,-4.3672588783809845,5.507883018046074,-5.580765710934867,2.753056909997255,1.2115841222975807,44.162601626016254
EGY,0.6275920449402197,5.96999979019165,53.41887484880105,-1.6231392298417942,0.7958639440144695,0.8273143226873186,0.8375241622057565,2.428810485729862,0,25.45610401543349,-4.480003356216793,4.482762418738234,4.575257257877709,-11.1607146325075,-3.831702530698533,0.7401038701960664,44.11846689895471
RRX,0.6687129045315305,206.25999450683594,44.27548440050926,-1.87440829770893,1.53596789950336,3.969708572288058,3.233781802845882,2.5501767899233156,0,30.465195846518274,3.3329625794517184,5.576685245645901,4.934825273798105,-12.73112368077269,4.941021852237456,1.0221778509949255,44.1068524970964
NEWT,0.5590928033157059,13.670000076293945,25.64009785151271,6.3234044386562935,1.0943156185989478,-0.6299040209077507,0.36576584090818165,0.36576584090818165,0,10.967316716498862,15.450658812523347,-5.965205345265274,3.631517826733214,-6.77225212779974,1.702783403175074,1.1806376217583676,43.99651567944251
TWST,0.6450970614327288,58.540000915527344,85.78324709852909,0.6274185192771816,1.6041561926080814,0.23072131291691347,0.5295547803852089,1.4690819898992558,0,8.947990536675162,117.86378521013418,-15.13103883376125,6.066669509055787,-11.383586014035952,3.0657531294824487,1.0272066730326905,43.96747967479675
IESC,0.5978798208888195,665.6300048828125,62.97905255619882,13.209890296488489,1.2850706711349615,0.6887508129200322,0.0,1.8253420556339433,0,1.2999394096037897,75.03220960995466,9.770023273823323,6.107533800139361,-3.3231186995477127,3.348727676376792,1.346961710802609,43.955865272938446
MOG-A,0.6186997934796478,316.2900085449219,47.259030827504624,1.96637557412503,0.6759528197041327,-0.2263279445799412,0.31297184700568953,0.3351346959920961,0,19.675907292395525,8.526628429611831,1.3789899683545916,3.934901569121162,-10.702993324529816,1.4678648778756191,1.1720505973075792,43.94541231126597
NBTX,0.6408905632105872,42.61000061035156,111.47395666085022,26.219129967389804,1.582661710408954,1.8296422576772717,3.074157140743807,1.9009654110993521,1,0.0,36.745830611815414,-6.113105336697536,6.083397476485775,-4.160826488619827,-39.263571191007266,0.9579179735445836,43.836236933797906
BC,0.5891313724510597,80.7699966430664,18.266674675752405,1.6575791717753425,0.6356877359488252,-0.9503057742210066,0.03714099361557767,0.45808484902875246,0,34.26770402227037,9.32593346737898,0.8462572775796731,3.9238392376839397,-10.060113956703125,3.3720303339639353,0.9797828675046855,43.758420441347276
OMER,0.6060505613936603,14.640000343322754,108.57283182805888,7.303846132273748,0.8305548557648847,-0.44594838909234036,0.13661514544586642,1.9125729512300818,0,26.259115809403312,-4.687495634120158,-5.2896735722873425,4.288641566997792,-17.053820623751527,-1.8453430229937764,1.0787323408049312,43.75029036004646
HUN,0.6245538278892669,14.739999771118164,80.72468705423637,5.647934514432477,1.0248485554572473,-0.46781136858979677,-0.10175976852326682,0.949792346084408,0,1.5901727112236153,41.59462042995641,-1.6272138009572958,5.262647715308525,-7.295596699180165,-3.867854850183699,0.9698625705563418,43.70150987224158
FANG,0.5790034390365837,190.4499969482422,29.40416429716708,-2.1976650309695254,0.9809606324494947,0.0007580374153110056,0.5880783067095536,2.050406322840539,0,22.304188452676,7.818159876717521,-0.18248958313784133,3.4199077005489236,-11.216259463246061,-5.328718849365155,0.9138186860654961,43.66202090592334
OBT,0.582587111152419,35.09000015258789,32.53851791054796,0.21276370440461984,0.8189126933713048,-0.1457920789492998,8.207469522683258,0.7409470515679629,0,14.41582097319802,2.542369669271058,-1.0665977550269716,3.7882173827971424,-7.584938044376638,2.0905423209183382,1.2698769142279756,43.65737514518002
IMMX,0.6619767667407542,9.539999961853027,177.52588685556947,-1.1450198821204436,1.1410571540097345,-0.37964077156514114,0.0,0.7337494244945958,0,14.941517627461351,55.121948184812844,-2.1538465448762483,7.445343129606955,-17.829455261485798,2.171423775560989,0.9309571051597865,43.59001161440186
KLAC,0.6294189809299815,1763.25,39.2185647643762,-1.376230107927256,1.076178268390392,0.51598821768435,0.15198818321982024,0.9783071033597175,0,9.19738391274534,23.642534169028004,-0.439422309171507,4.347084763828969,-9.080830102800482,4.5756082107224625,1.1827319300220556,43.566782810685254
FSM,0.6874660852361332,10.460000038146973,24.457760187738774,3.6875508042045313,0.8477183880624956,1.7612247551221736,6.931169968990281,0.8126198645206174,0,30.28059263765983,-14.751429111185828,0.09577850199678482,4.715241537687165,-24.47653609897049,6.354010102551536,0.7858772209679986,43.49012775842044
AGX,0.6093369341244183,690.0,119.08390584666361,6.769425589875223,0.6178281693236183,-0.44707682167961377,0.521010246828955,0.30652032382201955,0,2.2801765995575,45.73410090755742,1.2243626144097848,5.195841765535705,-7.045667338402952,-4.751995484846791,1.066673089508766,43.45296167247387
MG,0.5747126682325024,18.739999771118164,86.85967048607239,2.8991850790711,1.315414651454166,0.06432672500505297,3.468514548742733,-0.1067260299193229,0,5.697600092974606,46.406246026612095,-2.0178050140676396,4.737764713872475,-4.192227592899832,-2.617804837491524,1.3185269300177758,43.43437862950058
RLMD,0.620840771165612,7.429999828338623,159.2704375321328,1.5027304902164151,0.3773881879630394,-0.17387095095936703,0.0,2.2207263209010697,0,4.104422071011801,3.626216865297512,8.01577033813454,6.034416550116912,-7.125002144876587,-4.835160020240944,0.9761834606648303,43.4274099883856
HCC,0.6573843383529576,87.83999633789062,26.93537177579819,0.2028933473551575,1.4425225967465334,-0.44797916141709004,1.6222713014013421,1.3205871020691178,0,43.80884416851019,1.9025515634462622,-0.1400265832187515,4.408792209202325,-16.463914427686184,4.159545716474241,0.8954854200014545,43.42508710801394
ETON,0.5782987578707008,31.020000457763672,59.16947178036565,19.236609951702366,1.5900551284808582,1.414614696216548,1.1283055328609628,0.7736936414208211,0,0.0,75.75071460307046,9.852398666463111,5.045132063204653,-3.9925746228961603,0.6798806485637715,1.3024232028721554,43.40534262485482
UCTT,0.6532046542486623,79.9000015258789,197.16966452212395,2.3099790376482767,1.0112260449624808,-0.09012749026267364,1.3581945281507921,2.6002484756879825,0,4.363762471322627,31.674359135998532,-5.02885919682128,7.877059832471704,-8.873173759271632,12.4034440164132,1.3876983766301314,43.34262485481998
FORM,0.6402889686692015,144.67999267578125,170.77641981755167,4.438714597836394,1.1137197766821842,0.7657814799996242,3.013547712911428,1.617360005759909,0,4.860632743168504,6.437137108368743,-5.459651959162882,7.25295136960581,-9.057768554732661,12.501184095157388,1.4958700054343745,43.19163763066203
VOXR,0.6684997048980736,5.824999809265137,41.65894819099516,5.856159066906683,0.6153004590998802,-0.48606617378068817,4.46352338799478,1.3733892929073475,0,8.759031461343541,13.110057839008482,0.5376296303941571,4.008583887733292,-11.33083693006257,-7.0568009316091,0.8083558273588562,43.15679442508711
WERN,0.5855177841984526,36.380001068115234,30.65885984002621,7.126033047267197,1.271341673464085,0.31021529290730837,0.6871907439613499,0.7971437795628318,0,8.900026274700483,5.1153002582206275,-3.100080650310098,3.832562537118437,-5.408211299576165,-5.727406082898714,1.0240769924719517,43.153310104529616
ENTG,0.6240075959365662,147.66000366210938,62.08371124971885,1.7071458552247187,1.201330808620175,-0.14252478862524082,0.04063223425798918,1.5373183097299787,0,7.406259945099418,10.732993549241233,-2.4805797444308224,5.5137455484997915,-7.155439179051129,6.072525472480893,1.3488112699467676,43.11962833914053
BGS,0.6019331667046245,5.420000076293945,40.97152586606663,0.1570738512038294,0.7013989171315087,-0.7622055849541829,0.4612563655149151,0.9225039332964095,0,9.674282510425062,-4.093088032575358,3.09653199477634,3.670269221200004,-11.759631319316304,-10.754707510521458,0.9092799632535394,43.00696864111499
AMKR,0.6349342403831794,72.2699966430664,96.87888984022786,4.119688652429936,1.5406398749037855,0.19576500527798818,0.027669356572535605,0.7195193956178211,0,5.356497224633468,52.50312490028301,-14.073272074693822,6.470776962379403,-8.784559407910534,10.149192587627205,1.4475940929904738,42.81068524970964
LQDA,0.642024237478482,42.279998779296875,42.52631365549604,8.918539713453518,0.8042031427751937,-0.42281427956518713,1.3481544731970223,2.9564806907764605,0,7.629531130248747,17.90295052843097,-2.6785759900849877,4.042777508020453,-9.406470027409435,-14.600003559897448,0.8700731057978424,42.623693379790936
CHRD,0.626058160269686,137.75,49.80803360450974,0.44736520250030654,0.7158341836652973,0.007604615781577828,0.6025421641006622,3.368420609520692,0,11.931328387746925,2.089978119967702,-0.9112868843065086,3.9963706157230354,-8.471760797285903,-9.932500313458439,1.0024040953583335,42.60859465737514
SNDR,0.5876854306253132,30.649999618530273,31.948145871746682,2.786812312982744,1.0570533089276017,-0.6118851231449511,0.13050869828349052,0.9135359959954417,0,3.7993801098797997,4.287173375317434,-2.1352326452067905,3.487298760381615,-8.068387887419167,-4.979562871254758,1.0606634641169013,42.58652729384437
AEIS,0.6497409334684963,351.94000244140625,71.62180307442345,-6.312973146634892,1.6701373430488111,0.6561630333666693,0.30118700665952713,1.8639533764472458,0,17.888786331316766,37.86273355250469,0.7333724250418596,5.644832142668233,-11.448268850741437,2.354435907581519,1.047470823673736,42.55981416957027
EZPW,0.5588554016177564,32.880001068115234,77.01224846093626,4.853629300549766,1.0515215301144032,1.1175125746027315,0.4409989447958789,3.40632847571722,0,1.1763090728687589,56.273762532430936,-5.450067538324702,3.835373758195172,-11.434340556957368,-2.043959788039974,1.3062253978655152,42.54471544715448
NE,0.6304484035714326,48.47999954223633,62.732363461119036,-1.4714258190923886,0.9056387253827097,-0.7097237680676611,0.0412550700332303,2.536923208942173,0,18.54417610780018,6.976519652520924,2.257152269188193,3.9867543583922727,-11.159978351720437,-1.3280740151054273,1.1592110283108537,42.479674796747965
MTRN,0.5549968917820335,191.05999755859375,62.75128098563174,6.354789985593879,1.155707289371438,0.9700551461403351,-0.04187262225298315,0.9839866569798869,0,2.5921884676471456,3.9442903521335664,-2.196724430396537,4.719162384176295,-5.359623074333668,0.8790925398796705,1.3643579251940887,42.46109175377469
AROC,0.5678791368176721,38.099998474121094,42.18548470603771,2.27501110828311,1.129669870158604,-0.008935690132147374,-0.10524960436004993,2.755903619644987,0,4.769500759058023,47.0328657769393,-0.8921095744188904,3.700787864462013,-5.034896588962663,-5.737945207583117,1.2469712125308692,42.29849012775843
EXEL,0.5596247192569305,46.209999084472656,12.96550899848532,2.473693037125426,1.430585221654021,0.7159443288888008,0.5410084504385853,1.2118536456967821,0,4.805912686599231,12.624909722549843,2.268220177791725,3.7638722511907967,-6.872228780223115,6.837991895469578,1.244513680694504,42.282229965156795
STRO,0.6103867555170823,39.83000183105469,281.52961628283697,18.325094678223778,0.9953149233733223,0.8916597231874408,1.054476900895604,2.1089633792380824,1,0.0,92.60155339630259,-9.678625300218568,7.655750972261361,-1.0434737116394481,-4.256354741246651,1.4046723015728848,42.20789779326365
AIP,0.5976181643921644,29.75,132.51667365976735,18.49757100337627,1.4003205305736168,1.0839456097475342,1.1428576557192003,1.5798296246678785,0,2.538021608212729,11.339823220046767,-10.020455241493298,5.910203894790338,-7.349737045838775,3.2333988064443453,1.560273490960258,42.174216027874564
AVR,0.6228109204139559,6.510000228881836,43.49841738560445,8.608612322007263,0.703936464146117,-0.19181665226956057,0.46082537498982445,1.228877432889227,0,8.967922236908205,7.42574736430832,-8.166965344660015,5.236997058196314,-6.317450860125409,-1.2759158522592848,0.9651792911142651,42.1335656213705
TSEM,0.6427240253597374,210.0,145.7392224497929,-0.8428358234481887,0.6573975930286698,0.3246191543439574,0.9666660853748612,4.338095528718182,0,8.36302924954854,26.445085310968746,-5.362571034717491,7.38775551724596,-9.743412707807234,1.9607852637518062,1.0690446588160076,42.0801393728223
STRL,0.6448900196668607,811.4099731445312,103.13390252084449,51.868807738536184,2.1903423984800754,0.8327608139403727,0.9970332043253991,0.42023775736943925,0,1.8732248759150052,113.1363139284958,-1.2510070660792267,6.314403841511836,-8.72265459223079,7.694672988296524,1.5459184135830444,41.995354239256685
SAIA,0.6080201917187147,448.94000244140625,46.79694459161203,4.57306270326838,0.8941811108395261,-0.9177534276824265,0.0,0.7289373718702974,0,1.09796334528137,17.634415996652866,-5.200782590798441,4.76539295122783,-1.976023054197688,-7.831813065613499,1.17546385370363,41.94076655052265
ROG,0.5817238396945363,137.25999450683594,57.778941860156486,7.5115488562199575,1.3275765095994247,0.6052445511941428,1.070883336729096,0.9646632177388801,0,3.3800561052352247,-2.3685908797008253,-2.9684121285654244,4.469827888151398,-4.984016602756319,-0.009111903558584478,1.414772041933832,41.93495934959349
TGB,0.6518085561189769,7.25,64.0704188409151,-0.8953584840252079,0.868634657909763,0.06886398948156679,2.758618058448973,1.3103419334971995,0,38.08974692596658,-4.855641615057302,-7.172992157467934,5.532019478934152,-21.62162161928415,1.2077225967186014,0.923404049962845,41.912891986062725
FTAI,0.6602956386820553,272.5400085449219,67.15908609725962,10.184844775872106,0.9851730112473778,0.22460766369171786,0.9172965148633435,1.5887638343249557,0,31.214438088143275,-10.725809119984524,0.49376696566955586,6.645657205505373,-15.612971967262112,6.3304928449807285,1.0522931766454886,41.85365853658537
MXL,0.6313108732596889,82.37000274658203,466.24892359604576,69.55712234140627,1.6293755939485148,1.0338590266434478,6.47079522140312,0.5705882914061094,0,0.0,36.5550450314148,-17.69153327474689,11.417122772142838,-6.077530658005585,6.545060907923407,3.2081494506216663,41.851335656213706
ENLT,0.6305294586227926,85.08999633789062,131.95105144325902,-0.1882731112637744,1.2779831032041484,2.239018738835441,0.0,1.8333501301148236,0,11.092960773777536,21.505066144354867,-11.281556366557068,4.500193363908468,-9.334046114612008,-7.0233674700248,1.1393640095073303,41.818815331010455
RLYB,0.6227104741486296,14.65999984741211,181.91240999796935,50.70675820503837,5.8519552572742874,-0.04591539902689088,0.0,1.9099572705760939,0,0.0,3.8243623667947526,-1.461630755017026,5.897973872334475,-4.245594737732915,-80.49827841563754,1.0949869937365257,41.774680603948894
GFS,0.6138303846418891,70.93000030517578,97.11145793310318,18.349316401733883,1.5876812686574922,0.9494609979053026,5.956445655081805,2.8196813638331006,0,3.409035561819087,93.63908882323447,-3.4702229983543775,5.598769481051355,-7.123098243295612,2.6401983204798407,1.4908260143531458,41.76771196283391
CVGI,0.6379420305116454,5.260000228881836,237.09204593027,23.5321785918355,0.545309967858299,0.0767251573537018,4.562733091811206,4.3726237456581485,0,0.0,159.1133153410649,-0.5012586288791088,7.1156983410678,-4.36363220135505,-4.790421851692577,1.0999425161905567,41.689895470383284
RVMD,0.6097340872615505,142.50999450683594,134.35507746650075,0.8588289596198855,0.8706190394500378,-0.24477467752470822,0.7034611466153186,0.30172808389071043,0,14.033900454357054,20.11968580561962,-55.13407023299018,5.719148299597969,-8.47142113028182,1.985660078227141,1.3449846806130712,41.67247386759582
NEWP,0.6349300955037672,5.789999961853027,169.4047879426959,7.242081140171627,1.231785810964979,0.30739929112295866,4.4041388469734715,0.863561158128672,0,0.9105937695954871,13.976378910833459,-17.13665810849791,6.791264738509584,-8.168118642750507,2.033265429934016,1.215460911926621,41.50638792102207
DGII,0.6195088037443263,62.029998779296875,65.42792267509184,10.519187498651405,1.1037741544798645,2.244739287527709,4.223767206350882,0.6609702651523205,1,0.0,41.42726382963768,1.4330310029566071,3.9450973324581695,-10.953207696790871,-1.222201186544323,1.3152449039570613,41.505226480836235
TWLO,0.5944359508121638,197.07000732421875,42.666697769491726,29.883744254501092,1.8674238255389424,0.20316415266476345,1.4309672803558464,1.2771637716172983,0,0.0,7.4888247302837305,-9.717219181917592,4.820079383883372,-2.140231132222105,-3.946922059627192,1.1899645307579811,41.455284552845534
ABVX,0.6486012389228827,124.6500015258789,17.408010418448704,5.527383970574085,0.9824596748408846,-0.10261669619147136,1.8531869476918004,0.48937072032046863,0,26.59414846457645,5.635594513408941,2.5618594622739357,4.308120686168962,-16.246724455772966,5.319066804946135,0.9316368205841639,41.4425087108014
CAMT,0.641113480980321,193.0800018310547,55.41876097849625,3.234499726996902,0.8071716647673677,-1.0422038227128083,0.5438176102106778,2.14678072981704,0,2.816291996069068,35.22902611111314,-2.334151325234821,5.960334306521991,-8.144621962730824,1.7570852760659936,1.039463995198552,41.33449477351917
ESEA,0.5533272658994092,72.27999877929688,21.247431430505912,2.877230891494276,0.7820885278830224,-0.47097311768374195,0.1660142767188452,0.8024375219176023,0,0.8920834694660283,7.288104248876652,-8.027004278407288,4.292829032497577,-3.3043494590904094,-8.66803171217792,0.9344876037252402,41.31358885017422
ASA,0.6484239154553756,67.4000015258789,44.13463682156269,1.7839203713949314,1.0610194380178681,0.16714964065220503,3.8277373309886293,0.1928855784382356,0,34.63804604563033,-7.67676926008653,-2.43169018180366,4.546847526680678,-18.93975244979171,-0.7993822588297292,0.881312922610772,41.21602787456446
YOU,0.6187078748510643,58.16999816894531,82.45607510662107,7.29007838931755,1.2499310590381476,1.0071976510083815,3.403815720350726,2.836509821370675,0,4.263038411141269,26.023984605731183,-6.24616749069492,5.791892261156699,-5.414637123578116,-4.0636491982474015,1.0661363920924283,41.080139372822295
COLM,0.5518241817985295,63.31999969482422,18.717077483199795,4.3180278400921575,1.4458577690528172,0.034919687778590745,1.1726157750198902,0.9791518238520347,0,9.12925357310335,-3.1094480171846106,1.7693043933486547,3.4160375781247407,-9.75485096524236,1.0187301360119019,1.1392133565302698,40.88734030197445
PDFS,0.598852855681909,47.70000076293945,61.82349893139738,10.269896476644194,1.2165330110915047,3.4011004769416187,1.2578584161673314,2.8721151151856295,0,1.0311506206794936,2.602708196947809,-10.313900984032538,5.982328343795455,-5.450941443722711,4.528410088539371,1.6482486093082052,40.74448315911731
MRAM,0.6200072221664428,21.510000228881836,109.415023335131,46.19227420171317,3.349248959749885,1.4059827263915594,3.579732447859215,5.485821908716286,0,3.7087369644878123,17.669581076215795,-19.507394779609616,9.773860684759306,-5.200530089686861,5.599302941198989,2.503280618112105,40.67131242740999
GEF,0.5545786520959218,68.0,12.971532282882858,0.5798133349730832,0.7620897858124126,-1.1152332792631419,2.61764526363338,0.264706331136962,0,51.41734712329058,8.626200730699715,3.0484323114654193,3.054621640373679,-11.110256664250578,2.010399627344037,1.1945901538630062,40.66318234610918
GKOS,0.6044956854589117,134.14999389648438,47.1185091564345,6.649383416667315,1.1858617377015555,-1.1197183514055251,0.7379726272157249,1.4610447590298992,0,5.968822931923542,-6.626299431840914,-1.8166645908429306,4.986422350106134,-8.58603482346151,4.566131748606337,1.345403996296045,40.641114982578394
HTLD,0.5721874634032148,12.979999542236328,62.319502879722855,5.842536942573228,1.1031853748923037,-0.7767743891073811,0.6163322536304816,0.3081661268152408,0,6.380535160864756,17.383956643388693,-1.796943460833142,4.160247960369132,-6.7528773623423275,-5.529519245586945,1.2926412580965947,40.527293844367016
WTTR,0.6180467566906869,16.81999969482422,37.3879596568556,4.940259452219282,1.029419247164034,0.40377225891259394,1.3674170415914364,1.426871435543171,0,4.031579993936366,32.675142443964525,-2.050264022340996,3.985141107628762,-9.08108273018903,-1.3071860879274562,1.0998697242128028,40.48548199767712
ATEN,0.593092283282107,27.270000457763672,47.68774422135444,2.0469281210048003,0.8111597782560684,0.6466453413569216,2.3468990791408766,2.01686552184782,0,6.544155409593422,27.073632902547956,-7.368419589206293,4.141127689559866,-4.6169978584577445,-7.261408550817032,1.2926170431695103,40.24157955865273
NBR,0.6149978229722485,96.5199966430664,77.40740988974126,6.605989361565151,0.9007239456148539,-0.13464019378309666,0.10361179754741828,2.43472705742739,0,5.514667886333501,34.223323219745886,0.8200679211088672,4.796194918954505,-8.771272344920325,-2.0526057294876905,1.1435396964374422,40.20441347270616
MLAB,0.6475350747307514,106.12000274658203,35.47885376093613,5.480265883549162,1.1582308601801905,-0.00020842341889872453,3.175645523873006,0.4523212820445679,0,0.0,50.86353002098013,-6.37724663590506,4.288945614190533,-18.50107188939459,2.1615160548893804,1.0600380827240992,40.18002322880372
DELL,0.6154244049927886,230.27000427246094,41.06074849947474,11.832361833566939,0.6004865020232522,-0.6940412835126418,1.081341662810331,0.9858011162257837,0,0.9954508442511447,55.98493834768884,-6.409120507949065,4.281976049993373,-3.833782749108656,-19.128604070276758,1.1174199832055711,40.09523809523809
PTEN,0.65612578799778,11.40999984741211,85.82920295658826,3.0806734409394596,0.7900415069340856,-1.092457728552416,0.0,2.892199194480968,0,5.817616200144511,41.31788554398032,-2.662716912436048,5.364968550836752,-9.58795601445038,-7.619538224798794,0.9828195985539722,40.084785133565624
RILY,0.6482421430500862,8.6899995803833,86.32029276781867,8.869953212632343,1.0825612466283465,-0.1844276814845624,0.0,1.9562615743252767,0,21.85470519027982,51.92307515054837,-2.393614744298307,5.934572655351287,-20.783961995793092,0.9776493897516317,1.020563626068946,39.99419279907085
TALO,0.6320705158889497,14.920000076293945,47.106334505426986,-0.6095326632076875,0.7790549186528366,-0.4717913534131459,0.5697053465591483,2.010718736637956,0,22.674194598380133,-3.6175677161893924,-1.58293530710054,4.229699434254904,-12.261094897084673,-15.092674752964191,0.8985767713498396,39.95586527293845
MYE,0.6126676655919392,22.399999618530273,20.310427930299134,5.434090640698966,0.9554083627377936,1.110900091543928,5.9821436399470365,3.3928582222796178,0,7.109303935810582,-1.0340397941424158,5.697624071527095,4.116708596913085,-7.628867552137889,4.475644179069356,1.2650032937151208,39.90360046457608
SSP,0.6727216330940045,4.679999828338623,177.87807756175243,-1.3802584369083457,0.7981157279595559,-0.05171307887247729,1.4957302182480927,2.1153842034606885,0,13.313975040691298,45.429906459390104,-19.201993436025404,6.439254488073446,-13.172542775556387,-13.223140600787092,0.8581586825039549,39.68176538908246
MGA,0.5506405098260783,61.2400016784668,17.17105973861719,1.0636134348759403,1.2981332032697401,-0.573407224859009,0.5715256029062323,0.13063655921079337,0,25.84988232056636,-10.204830124160894,1.7829301906135349,3.486283753046572,-11.758334121094432,3.325230021913356,1.253590093655849,39.6260162601626
MUR,0.6422285430688698,38.27000045776367,36.89639716583375,-2.7433630003682667,0.812015428486698,-0.09672154735743933,1.1366641444379761,2.194931127562958,0,19.209946124003398,24.429222200212056,-3.7820689055782815,3.9120511011365813,-11.698199531281036,-8.060929830682632,0.9712953576443618,39.623693379790936
AMD,0.6206585786884917,408.4599914550781,54.39071927405048,29.374535944599028,1.410919076955261,0.25179502147137034,1.1029243933421873,1.8067876994523404,0,1.8797454186184275,57.77355955932602,-17.587901657855273,6.017725688014652,-5.141666125072849,4.168639505191962,1.7675987602940746,39.51800232288038
DFTX,0.6381578266374688,23.200000762939453,84.37273464208069,4.0522088535053635,0.7337528529958149,-0.08920120122543099,0.0,2.2413812096589507,0,2.792476894572006,82.67717409875385,-4.855270795639031,6.068349272260784,-11.619044712168977,-0.7945481439976085,1.005454382427116,39.451800232288036
SPHR,0.6219555099746619,136.72999572753906,87.8864976427241,1.7964941733991089,1.0184022887976387,-0.6166525762201194,0.6289772816631913,1.0531723004403521,0,2.9578511408928634,27.27356915094314,-3.1465532023346183,5.065823747054989,-8.23490219622724,-1.549780480373088,1.2783648331036261,39.408826945412315
GPRK,0.5700137312141262,9.149999618530273,8.168891111831522,-2.222699659287606,0.5255929282417637,-0.30445800067749296,0.6557423181595653,2.7300517899516423,0,27.793910085841876,4.332943453690206,-14.846626928023232,3.6766580868235264,-11.50870905591522,-0.4773209175109793,0.7687511646015535,39.405342624854825
TDAY,0.578490801783938,7.349999904632568,35.44017460306917,1.4702821320030484,1.0687882453851103,-0.1778941530077554,0.7483034813868847,0.952383300137641,0,3.3755891658016846,12.385320296335054,-8.915303162599646,4.407191356904239,-4.296874102072385,-2.450981995879871,1.191994402780902,39.375145180023225
KYMR,0.6526000600703208,84.62999725341797,32.301283565451214,-1.1998357526020558,0.817898198999013,-0.3869344776457723,0.0,1.352944204434124,0,39.42837004405286,-10.254512709750164,1.3852308020558082,4.7064534948780175,-17.83495412272202,5.039699690553461,1.0806728288426353,39.32868757259001
ALSN,0.5527730243824844,123.0199966430664,46.879475130220214,-5.2796127702219415,1.3192191503728277,-0.449941427535558,0.18696420355063262,0.28043700269864524,0,22.649696134917388,29.707432480655765,1.39630244885825,3.6175902015302572,-10.60892238920854,-3.4387276595819154,1.3394752714668412,39.32520325203252
OSS,0.6439183203935142,15.100000381469727,210.95467149072132,49.23898335079278,2.705412446258606,1.0479661727130776,9.8675542188879,5.364241053643054,0,8.020829817317177,-1.5003231791649096,-24.64879085229666,9.07284669502595,-10.91445603592856,7.2928158389971145,1.5049437298356974,39.29036004645761
IRD,0.6692456059696998,5.360000133514404,138.0440007142755,0.6006027102393331,0.8547149016031568,0.6207339690328292,0.0,4.384330739120297,0,5.866786852525513,124.26777811738346,-4.545454544628099,6.603143452299669,-7.745263573486392,-30.571433467304644,0.9590791570948033,39.21602787456446
MIRM,0.6337300726698151,102.93000030517578,36.07250546909819,5.855856933773528,1.4714120057175557,2.299219232556237,2.312248369123117,4.211599214590264,0,12.153804004914821,32.40288543000068,3.122785682828957,5.445241418911299,-8.098214013163604,14.343584456778622,1.4424494493220905,39.20092915214866
DRTS,0.6595222731989144,7.849999904632568,93.88177574593797,0.2426246234934904,2.5036193321619975,0.6418712136907074,2.2929914713689197,2.9299365839285634,0,14.60603717596414,85.57919310591853,-8.43537270094322,7.75796059686684,-13.460480443882314,16.627079364794607,1.3889115959870002,39.19163763066202
HP,0.60983172468202,36.900001525878906,34.74892001830065,-1.3355759972664627,1.117457021856035,2.187057542266009,2.6287191486951254,3.9837429806942923,0,8.253494244615887,7.682612440672407,0.795010176835538,4.312814142079051,-11.46832712136189,-0.17513536552496567,1.033407576157166,39.17886178861788
CPRX,0.5666853994178604,31.165000915527344,37.079698103156275,12.8155029561586,2.2945680388912204,8.628306578625912,0.4010909556357828,0.19252194505973544,0,0.0,6.474207133796931,-1.1328086087736757,4.469299657239437,-4.284399259470387,0.6838297349691936,1.6577022367535754,38.89779326364692
FSTR,0.5898715155808013,40.36000061035156,41.58024319532898,25.259925901672347,1.888432809096109,0.8504447990869777,0.0,3.0971258202816476,0,2.0494475184299823,34.578195792033426,0.86753498441792,4.376679461898152,-4.856194359888644,0.1589295566242884,1.558047687061306,38.778164924506385
GFF,0.5557744139771137,90.68000030517578,14.472392856559523,2.1424240342481036,1.0311918394214306,0.3011944908936951,3.032642248251857,3.8597264977750907,0,18.49359098290929,-4.14053753066235,-7.253419856321942,3.8833577167624664,-6.832233101282299,4.094294680178661,1.3591581090131712,38.7595818815331
CLYM,0.6070352249921214,11.90999984741211,524.5500267392298,26.08511372370837,1.9229938202548804,-0.011822773351108908,0.0,2.0990764330977805,0,1.13637331507232,212.5984258308761,-9.565211003099519,7.384551871441452,-4.567305414150726,-2.6798314965382555,1.33602004092649,38.75493612078977
MBX,0.6647042955933009,34.709999084472656,59.371100439651656,8.807068429647162,0.9840617017016395,0.60573204168613,0.5473997303727175,3.6012677410964513,0,30.639647351075723,14.102560806306,-1.0955587451425655,7.012390159653963,-22.677657481315308,12.149270476256522,1.1423013656613294,38.745644599303134
BVS,0.581275891399002,10.649999618530273,32.098988983772216,5.754426549683451,1.3561669052933105,3.1462725316179356,3.0920182020845606,0.18778877750079734,0,3.771236968559251,-2.472531647001416,-14.39559792179757,4.9727036781691005,-5.327446012690826,3.1999969478764734,1.3483213338784379,38.67595818815331
KNX,0.6212057910930273,63.439998626708984,33.6479988115107,-0.5057850359001026,1.758667689717846,0.19415033298719608,2.0619509494777777,0.6620400032005486,0,11.641502128301621,-1.2914237742286387,-4.9086793071778905,4.081259289938688,-6.361625643140073,-8.14032921971135,1.0847096677158712,38.61091753774681
NWPX,0.5957433581481376,109.4800033569336,62.96150995134089,20.32224052376578,1.580341234461758,0.5304003480607056,0.0,1.4888608264683432,0,3.368315265741869,54.76393364786579,4.545994117091605,4.455479757500425,-4.191820623792359,-10.620186979291569,1.4535832213695978,38.60394889663182
DINO,0.5648420561907653,70.5,25.44230904335656,11.887002333926592,1.2388888488228817,0.003304571988244234,0.39716138906794807,1.8156119271960993,0,3.3033217561403734,38.087996469562235,-6.521354395195771,3.7386039107766194,-5.660381596228741,-14.806070346422775,1.0750384506792636,38.472706155632984
SVCO,0.6275224931131094,12.0600004196167,122.0738950341824,24.87704346838562,0.7604422272782494,0.17390654842308728,2.529024001146633,2.5704843184478685,0,1.185648843281084,139.76142972524028,-14.986367912509044,6.002130753714814,-5.818038795358503,-0.5830898114119046,1.5246720653620431,38.47038327526132
BAND,0.6305985542466982,48.58000183105469,226.53665577163179,69.45428240484613,3.1442785176642514,0.9236402094648035,1.3791645608856806,3.602305339653759,0,0.0,31.9750068414399,-16.619073724773713,7.117861824010789,-1.360402373465398,-19.03039888568089,2.231118868183497,38.37398373983739
CTNM,0.6604218060194074,14.630000114440918,31.847861081942774,10.51101062611022,1.008169781688453,-0.40378471911303376,1.4354069479830875,3.5885206292684124,0,12.844676706907887,25.79535657972144,-3.6632912688000396,6.118543327632737,-10.410286693836206,5.8301653472995225,1.0364240631759503,38.24738675958188
NBIS,0.6291517787271501,184.77000427246094,58.19155954485484,16.449603370146164,1.0614940355671532,0.22860774947007323,3.999508798618582,4.205230336500548,0,1.0125930492821371,58.83263247963573,-21.279244566117907,7.672855222575528,-6.629893085832143,7.859031051028865,1.5184511548912094,38.210220673635305
MRVL,0.6130769131269748,160.00999450683594,73.94302960254724,4.9142670207522645,0.7451040878828709,0.29908671782126556,0.19955342221215946,0.9124376633902247,0,7.032086207372217,78.73182296685303,-11.26220117610707,5.920166370353589,-8.981802201779981,3.4972798420552555,1.5257522779702741,38.20789779326365
KEN,0.5879722514220865,86.33999633789062,63.69947017417468,1.0433145832377428,1.7447726193078765,7.660549398567447,-0.08687118463883232,9.173035099351587,0,9.94364660970732,-2.5287936857475493,1.8921868819153684,4.217958498253134,-9.996876823389075,-3.123859170540448,1.3287229009426138,38.19976771196284
BFH,0.5859467104643208,86.4800033569336,30.133603851636792,0.1430154214707469,0.712817057331765,-1.1459844395457408,0.35846154782244366,0.6938090659319811,0,6.862655381780029,20.82983248114761,-5.981187013174413,3.8547313984016967,-12.761015078027349,-2.9082336459679947,1.0400003483520681,38.11962833914054
ORN,0.5967171959167736,14.75,29.01882038576151,15.559385028731047,1.3725763309478904,0.22821254176171654,-1.0169465662379928,2.3050857801006086,0,3.000194319727543,24.78849729760056,2.6226689840939654,5.099273478436412,-6.704619806552491,4.694173409259947,1.334244234086086,38.09639953542392
ARKO,0.6398204628390323,6.710000038146973,44.68128317557114,4.631218246165093,1.001893253663601,1.2447874205764458,1.3412839353624229,2.2354708568153874,0,4.8362301813802056,33.93213036449765,-12.903230766024373,4.659357363205247,-5.15900750398021,-8.108109638391491,1.1143597840790744,38.03252032520326
CECO,0.6417451403097951,81.37999725341797,42.782813993662174,15.852482497054918,1.6646757194723218,0.8376810968536952,0.0,1.277956439683812,0,4.615331541630799,35.63332875510273,1.584120298003129,5.630550876562764,-9.828257890840717,14.349636764773921,1.5808956925460305,38.02206736353078
HUT,0.6402025384451842,101.18000030517578,101.34909983877394,29.99001148584194,1.6072084643031164,1.0743332746797625,0.25696235031545855,7.29392887041483,0,2.927338182309014,151.942232789068,-11.825922763199076,7.305368222558226,-9.117040652878591,1.9710672108611744,1.2594305461142803,38.009291521486645
BLBD,0.6445014100664856,70.83999633789062,30.598099994924,11.577499763477594,1.761112713143506,5.744680600807623,8.060416967212502,0.15258789851095406,1,0.0,27.547704663091533,7.072135666180607,4.349136669683264,-13.090425123993729,6.593936289984027,1.3471310855961394,38.0
TER,0.6431233880147142,354.1099853515625,92.87586975700923,-4.071109897393618,1.0297505819998267,0.8567260146594974,0.0,2.4145006203245374,0,13.025925118613188,15.597558474044208,-0.4695153929796761,7.791971130030347,-16.109545464366068,10.973687157499828,1.3900371401152525,37.98606271777003
PPIH,0.6259078610670933,32.810001373291016,9.873153183397076,0.9196927553299745,0.7560317913188961,-0.5136995308662854,1.0969259772865014,1.2343876166719372,0,11.70501356374962,0.6750574399089246,2.1778620410555436,5.328275804909477,-10.648147378331592,4.538578016887191,0.7771783536354224,37.904761904761905
PHVS,0.5697878250796677,29.68000030517578,28.192819822886463,2.2020982160936073,1.9052539050393074,-0.16500286541797068,0.8591680103930931,2.190025646310463,0,10.703585742369057,1.0727074289191982,-6.3169597747911,5.515739408440638,-4.68850068414293,3.0039809948839187,1.2085416723726767,37.89547038327527
SCHL,0.6046234422636676,39.9900016784668,34.719401902510036,0.5444424232741598,0.5902552015919296,-0.4910009110124869,1.325328224652232,0.0,0,5.813400731158129,7.89208341121068,-0.8113585728576366,4.371422210779399,-7.375425009778512,-2.4742237772323894,1.096285677130608,37.83507549361208
DCO,0.6198108949020303,137.74000549316406,41.83861874728005,-2.012530499938079,0.9611280615639861,0.5286394752640977,-0.8421579476192632,0.878471515610949,0,21.11684084832986,-0.28955689753061714,2.83092384321949,4.5634654456048755,-7.445236719308435,-10.002366996015285,1.021799643758738,37.707317073170735
VFS,0.6521861956916243,4.269999980926514,27.02665094678498,-0.01170849888462292,0.5311893177489467,-0.1329141935476529,1.4051508907143038,0.2341973986923553,0,22.46852901349115,-10.294122359054722,-3.940882995755958,6.186016138473128,-19.20529603781455,3.3333302015741695,0.6636305335016732,37.63646922183508
VVX,0.5579804656258563,75.4000015258789,23.065311112810825,10.79762782340197,1.4007941661613197,0.7787193547698961,1.5250592719756768,0.35809584481863077,0,3.5594652170719163,10.800878977805167,-2.793213264175034,4.0171374150920895,-3.777436270264472,-8.912792127969698,1.135325906233168,37.56794425087108
SSRM,0.6721882600312229,32.709999084472656,41.776712621140646,6.7297464513947025,0.9631691263706549,0.7828924703937666,2.4151547628166585,0.3668570322218695,0,6.893417507785303,23.01616734311666,6.7644424996585215,5.196096136971243,-10.432643278833075,-9.08494119750072,0.8037762021655975,37.51800232288037
TSAT,0.6510515835275384,52.349998474121094,87.91791384414279,8.571661983673815,1.0981219977902956,0.624083773152499,3.6103214124140073,0.0,0,1.2026174316071618,91.12814764426231,-13.498998972539075,7.283394570789864,-5.9974865054603335,-7.398419225294954,1.043390298624229,37.491289198606275
CVLG,0.5844544422075826,33.18000030517578,56.14935103074974,4.380652479595391,1.1818591832132421,-0.8358004254999488,0.3918055060748066,1.6274891818696988,0,7.269999464180464,-2.6122670900919327,-1.0031162817293204,4.159132724494998,-7.602337938625876,-6.927181730779543,1.3350817387047242,37.441347270615566
AXSM,0.5827625613389376,220.22000122070312,54.249958335341475,13.369953751501315,1.8033592525369053,0.16121069534703453,0.29515661287732153,1.7300454021993266,0,5.060587109836969,20.57599756703617,-2.95696407231474,4.78920126652878,-6.0053747358242004,0.08525111959987938,1.836241470350326,37.393728222996515
KNSA,0.5700603188407954,56.93000030517578,38.756050251358154,16.15759775176437,0.9986244786902394,-0.189699600401983,0.0,2.0200272610118954,0,2.1896991579015643,5.719595020002945,4.246782291204511,4.597751178970325,-2.2828665545000866,-10.54724582122782,1.3588213169900263,37.30197444831591
NVEC,0.5972335894287485,88.58999633789062,27.949228546241535,8.684713334478992,1.9075298586789111,2.2109201478729092,1.4448656299689775,6.016482730923016,0,0.0,33.93264098169393,-4.850798548917055,6.1672559507754245,-1.424286602378951,3.012039757890722,1.7490940264952495,37.28919860627178
CRS,0.6064172793578396,445.1400146484375,36.43342670120327,2.5475051091614196,0.7573482731152775,-1.0033972701383072,2.3520692088192967,0.09210667399385931,0,1.8078032451475632,43.48010330779115,1.1711220605535568,4.7815453011142,-6.42224718537522,-4.175840391379742,1.0677450408238394,36.87340301974449
ASND,0.5552681751165935,246.13999938964844,9.239545208659772,4.893078095583596,1.010414423008593,1.8593133308991292,0.4753384951010787,1.218818561561262,0,1.864703853658306,10.833932528868058,-0.513007405538552,4.064759229763872,-1.8345720677678974,-5.868423194190271,1.1098586974492326,36.80023228803717
ELA,0.6495052651480575,23.270000457763672,135.21569201056946,29.292146442138,1.3785206434770734,2.0719648348783184,7.047698140593721,-3.4378995328264406,1,0.0,52.7905525716048,3.8873269522182756,5.930381670887018,-6.583698914606694,-12.853866444331521,1.217580594847389,36.63414634146341
ESTA,0.6550541456737496,72.02999877929688,36.849104575245036,7.810779287839203,1.808686351730652,0.05937694387180045,0.04164761877669347,1.5063155669099462,0,29.02724172199643,-3.36732238444867,-3.9477936008464076,5.853216550731019,-13.539790072887717,9.132713554956046,1.2185645427611043,36.35656213704994
CXDO,0.6042696720207801,9.779999732971191,42.432578777842345,38.39948684450178,3.539554251725642,1.5044196878739944,0.20450366367802184,6.134963641269742,0,0.0,0.41067723602552536,-6.065571988246009,5.3250073681303185,-0.6097603524408653,-10.787664743753647,1.513900448857801,36.35307781649245
ZYME,0.6315601769909575,26.600000381469727,37.51516920738345,-3.0135082375981583,0.6086277032322173,-0.44176044951616034,1.0902218195824906,1.3154180237208444,0,16.933547142429997,11.297074501763186,0.5484446670297574,4.320863176245352,-10.588234011510558,-4.6019845121704765,1.0586946014474776,36.29500580720093
BTG,0.6502452789338992,4.949999809265137,15.266269518765085,5.229588399568886,1.216649897736102,2.5180128217700717,7.0707150481886485,1.4141449362525842,0,31.40605715348761,1.4096870852058148,-1.2295069950857962,5.757577025305012,-21.000397732202973,11.774193085737643,0.9307856286202744,36.2555168408827
POWI,0.6059703673001471,71.83000183105469,77.38981220008068,7.937129985519922,1.2729701379107647,0.7393444156331359,0.5707866104103033,0.2784415599826216,0,7.242360985579165,97.23920892055392,-2.7686070703303307,6.796803165267755,-9.018360218259442,3.0429078439948243,1.4284148359914883,36.24854819976771
IRDM,0.6228348128512878,40.189998626708984,119.77339596632565,2.6131993628657426,0.7159093671855901,-0.43821361781470086,0.44787337975095154,2.662106367820749,0,8.774472066442645,137.28853373916326,-25.281379323281833,6.2168821641425245,-9.400365027442065,-3.680208360910782,1.1463319899174975,36.23693379790941
BE,0.6203649931571068,258.6400146484375,91.45784402658832,8.1558084522445,0.8638677418353157,-0.39082478507786,0.3011876179618227,0.9163414400428234,0,4.811599097462215,187.40973528869623,-31.180909981242788,8.641300602847206,-14.637439194438281,5.716086999421707,1.3476817106673011,36.18002322880371
FLXS,0.621856934823587,55.15999984741211,51.99520770922532,7.715440314981517,0.9675412129848256,0.0016259495265164082,1.4593914202103735,2.6740363998814525,0,16.308813923597206,-3.7328058071252825,7.665356479498151,6.026623488756429,-7.586707558765249,-0.09482267469371317,1.1435720490772885,36.110336817653895
ROKU,0.5614432560330656,126.66999816894531,10.42676534738607,9.406712487871651,1.3358362690019288,-0.6553778524562084,1.3026045465475748,0.67103377784904,0,0.6626617849347837,40.650679105477764,-11.825271614027228,4.094441647551377,-2.411405862248166,-5.667537306090944,1.120234875246841,35.9883855981417
GPRE,0.6506173920093387,16.459999084472656,55.31083539500719,0.2955204981182633,1.1951202102399296,1.790436028349557,5.528553450621157,2.2290371247970797,0,12.150815911867904,30.01579212133375,-4.930966456736856,5.2494795430971095,-13.093988276264938,-8.817207975913705,0.9477589943118097,35.980255516840884
GILT,0.6655003210936353,18.84000015258789,32.162987566979304,3.128336796305551,1.0690759167026593,-0.4486702826853365,0.0,2.574313197440176,0,11.050401010561565,15.938462476483114,-5.011257759732354,5.271836805933294,-8.365755632046643,-11.034054170532121,0.8192681766756972,35.76306620209059
TYGO,0.6496403158555868,4.349999904632568,85.23581843808617,-3.118041389281005,1.5783171871338755,0.23875406997982895,4.597696864456671,2.2965464596905196,0,14.42308170069413,47.45762148626166,-11.357343424693696,12.673072513372071,-18.34053332910268,8.249998090588868,1.3318511948707548,35.349593495934954
RNG,0.6275484928579411,45.38999938964844,56.569647999560146,10.550925975737094,1.3627726111496414,1.0208699255401892,2.3313523912486733,0.7931275945902136,0,2.5295524637948668,61.76150368836445,-9.236196725722715,5.7530313114697185,-6.547252059071313,-13.602089066693285,1.0663240921814157,35.31591173054588
SATL,0.6653114853505819,6.619999885559082,280.4511420022769,-3.852439458426207,0.743583545196059,-0.23354600954221144,1.435042172501139,1.8882175550152769,0,21.184235172053313,6.430869916328376,-4.444446945750587,10.613941537458441,-20.71856786429215,-5.295952467935834,0.9367642487318807,35.29036004645761
MYRG,0.6078513244518126,427.3800048828125,76.74375143664984,17.700843614856343,1.4979465379350052,3.8272666319973268,0.0,1.9514240822188056,0,5.380295843590319,5.575456994709259,-0.07301240745918154,5.195608792656375,-10.100965424923194,-0.2226142585382286,1.6240520895865975,35.2288037166086
CYD,0.6157629803038884,43.72999954223633,13.910986282048544,3.8248763854313985,0.9377981192083638,1.1517510877671995,0.8346711234376204,3.704548247898002,0,37.13500757282237,-8.876853484364789,1.2138199250686077,4.41916376516344,-22.670203125654183,2.11397512395319,0.9247649231436033,35.174216027874564
JBIO,0.6272140495925732,24.219999313354492,160.15049843263515,4.111588918525673,0.8119513164709178,-0.1098919716142236,0.20644568878887395,3.5920683588506233,0,13.427245290547452,72.99999509017493,-20.02194026321022,8.722426259131106,-13.500002451823242,3.724137667695076,1.6111558474115542,35.055749128919864
ACMR,0.6380137386299914,59.20000076293945,43.22448091693227,14.273582816269997,1.1356007715557437,2.251007689806694,8.023648545108419,0.844594583695623,1,14.027577569146455,3.7868159409272546,-1.9586930913687413,6.821186758379573,-17.37613467917225,24.317221014743183,1.2989121331137492,34.87688734030198
LASR,0.6794200098229126,66.19000244140625,107.55886862501491,-4.722831394718339,0.6420027382983836,1.0102121781192979,0.9367015012901877,0.25684513078507665,0,24.828210645195835,50.9119961691824,-10.778064420526976,7.21062970421405,-17.540793310474065,-10.594056650976647,0.9309762186427895,34.840882694541236
AMG,0.5784015250808551,297.760009765625,9.469883282171443,0.6958031491869098,0.9575835089331033,-0.8232661908324111,0.7153428307857497,0.4433124935928537,0,39.9766576948205,-9.478535316841308,-4.571806371540866,4.054078390606012,-11.054911051104972,3.0387358384012537,1.0964281647545104,34.80836236933798
CIVB,0.5520280467099482,24.979999542236328,9.70642441300551,2.3291828398595795,0.5987757380806078,-0.4244488785685412,2.001204271464643,0.6405118107995782,0,2.0757730974250337,15.166249896966166,2.399664087469979,3.8397066621268294,-11.113292165332052,4.171785774792093,1.3098939929395017,34.75609756097561
DSGN,0.6454664687013362,14.100000381469727,117.00094781397429,6.737322405669749,1.4041536038059705,0.0012861636933396469,0.9219866022311939,0.9574484058147918,0,7.611147859836953,-10.702973935143328,-0.16013177044502078,8.459472137511831,-18.260867352740085,5.469465513308872,1.8200088107508394,34.67131242740999
NXE,0.6241337568487353,12.380000114440918,34.16078986890368,0.2550929170200619,0.8639555412619151,-0.021262949786768414,0.20193552744068832,1.2520172174947597,0,23.27999431489241,9.946712812552363,-10.095734294329452,5.64504979591799,-11.318050997674645,0.39000965871187054,1.0150765480658084,34.66202090592335
FEIM,0.6515840751328043,54.810001373291016,52.3876416500882,1.024811236222681,1.053474153183851,-0.8270844577774814,0.0,1.2953893110153312,0,22.469092942969006,17.997848165465875,-12.087076494248086,7.438683841086161,-10.834552977136875,-1.5413219211847362,0.9625775945835598,34.4808362369338
TTMI,0.6238029241728359,153.77000427246094,123.00500386440831,11.541506253722861,1.1910383257145345,0.01077213590489996,0.0,2.094037283745373,0,5.590452329073438,59.38018130346215,-8.741748007534902,8.220068663202165,-14.572219848551857,3.4172342456474465,1.538028973627294,34.441347270615566
PLPC,0.599546879184264,345.2799987792969,55.01528901395767,4.325229626169223,0.8708933428951745,-0.4106006683777664,0.6336940473115474,0.08254276619443689,0,5.345648647234287,18.206090915572606,6.352741680120324,6.750483860612031,-7.13286441213328,2.256297640059677,1.4762839119134437,34.370499419279895
FIGS,0.6625908027705776,15.369999885559082,99.3049728265018,0.7043396398523669,1.237029533932651,1.3235977209757614,1.3662982413592317,0.17892096806024863,0,26.347903856366557,-0.5177988652977323,-10.911602027253375,6.342132804206442,-12.07093656643535,-54.835759614424994,1.0144855958248078,34.207897793263655
CERS,0.6634354544222809,2.609999895095825,71.03938179679051,21.820299765210454,3.3506204966161235,0.18461487347056105,4.022989396687366,1.9157070615625975,0,19.322218747243404,-4.04412251165185,-4.712043712266749,7.84072316338116,-17.142862976237133,7.4380190499199905,1.477850350713267,34.16957026713124
TEX,0.6431966116946478,62.81999969482422,25.6289112474942,1.8631119781810794,1.141950093588524,-0.13975310782679012,1.7032787328958614,0.9073538643492033,0,26.57415317341953,6.76906142085303,10.017084677711935,4.743711921667247,-11.91179459377846,1.5398233403878008,1.0977857592697688,34.077816492450644
TFIN,0.6274577593144021,67.44999694824219,15.462929515341495,2.5333052308286024,0.9285000807606197,-1.084373860005546,1.3398099675328683,0.08895116576343164,0,14.411122381215122,0.1931034670311092,0.8421723212538497,4.080558378953231,-13.34789295777158,-5.14442355584766,0.8948583532037314,33.9082462253194
CC,0.638437241332733,22.40999984741211,76.8473820906518,-9.46369136167476,1.47720604383524,1.041036306894958,3.5698400259733374,1.0263254966180868,0,14.180135192012926,32.18568265217151,-9.294874873487663,6.648819555820607,-21.834671126630475,2.2224082806791494,1.2640699066779553,33.76538908246225
PRSU,0.5506463806685828,41.33000183105469,11.219687374812093,0.2194527375825565,0.8679885484777544,0.8919757818570505,3.556741242539754,0.0,0,4.298515571663968,17.950915385280528,3.5487622763163884,3.6275955064025887,-9.104902745576329,-1.941479601799746,1.1266886345140172,33.62601626016261
HCSG,0.6009222794114458,22.309999465942383,14.777601364116277,7.536208767805748,0.835441465468642,-0.10707981598538835,1.3446936422105404,0.2689353087223799,0,4.014633655169328,14.176041046508429,3.1557196726726766,4.888902771322548,-8.528085181107318,1.251160605679889,1.0311552556146568,33.59001161440185
ARCB,0.6398296612548305,121.77999877929688,62.12589638348598,2.3718346087058686,1.105504637815959,-0.4832993708208225,1.1660356242137342,0.34898622649029165,0,6.860240513427628,53.313157887999395,-4.532134126417289,4.673827136530311,-9.859368410327214,-8.541884588234415,1.2992385872592693,33.57491289198607
GLUE,0.6280291126223745,19.809999465942383,56.12272383377177,2.917108342969061,0.7053258980449297,-0.3073943469504169,0.2523939344066228,3.154972321139931,0,35.58865329433577,-14.90550308507776,-3.601116638876646,5.715007142413557,-23.12767126783056,-2.874518813425976,1.0330698990653413,33.15098722415796
SION,0.6047195570289812,43.310001373291016,12.560164072677637,5.246533371402564,1.0438951937419827,2.0629719898451038,5.656664749645605,2.0780454798441794,0,14.129765436936683,2.218556679444905,-16.32811105249154,7.225137305252992,-6.776010153987361,9.098078347205371,1.0784814178579192,33.09291521486644
WTI,0.6351391872208041,3.819999933242798,86.60986728092652,6.155340604770885,0.6135998611496504,0.08126505160301725,0.0,2.617804836977557,0,9.425205012106973,24.038053755866954,-10.469312770584734,8.84442801371276,-14.922046144320689,-15.810284521742213,0.891815466659336,32.926829268292686
ELVA,0.6703790102428124,9.779999732971191,59.66007445700079,2.68255334829448,0.9345790688608613,-0.4878866218439147,0.20450366367802184,0.2965166605531798,0,20.43474627937276,40.922185186248534,-16.686965639788554,6.105023756117025,-17.67677071602273,-6.1197890707782125,0.9673675226401348,32.87804878048781
CVEO,0.6479197234667475,31.290000915527344,30.22979331697917,2.1497512553651648,1.1590460451140014,-0.17702006787865027,1.7737244537247645,0.07989650942154068,0,3.565515438463996,8.986422546980073,-9.249821559065882,3.9800481568288304,-10.086202294206776,-4.863113725829652,1.265537924639784,32.825783972125436
VISN,0.6294827398405198,11.899999618530273,44.127164851598444,15.641149363845669,1.5668482022216572,1.3762480641333605,1.764706259337359,1.9747870940396064,0,12.2248788467226,-6.994923426002497,-1.3347603553907603,5.352759630697268,-9.984876109956057,1.3483148779939993,1.495476615314206,32.7061556329849
PL,0.6416179624671698,35.2400016784668,168.51972729515896,-3.907502688049422,0.6276836695762715,-0.3288286870444283,1.0783230703892068,0.8796860343841679,0,13.205897087483448,4.167897638350415,-16.535202813143176,9.119100029637048,-15.51186177862881,-5.5623259677575,1.0565172616287593,32.66550522648084
AGRO,0.6427039773598189,13.369999885559082,67.57615331298483,-1.3491070493892394,0.7928051101769958,0.04076126973846946,0.0,3.3657428054096203,0,37.3277165577034,89.16419873319941,5.263160415263103,6.418590754827731,-15.120150905843325,-6.911930156829241,1.0170721772635394,32.66202090592335
VICR,0.6339505984587296,261.3399963378906,186.80670429074453,8.49971002107991,0.7942411502436754,-0.01576428928226794,0.0,0.8953489010239353,0,7.793248024817023,58.83068372492007,-9.831282778762796,9.654906788664025,-11.093728360202348,-3.0584290257979685,1.1771517649217138,32.55981416957027
NXT,0.6063674549684976,120.86000061035156,12.129469659517135,3.7897069805928316,0.8092765112465106,-0.21611324950079092,3.111039315911866,0.10756019589640725,0,11.372940640648002,0.7418516133910253,5.951223456921152,6.491513888046459,-8.244762002448413,10.840275213398707,1.1026629509350312,32.343786295005806
IFRX,0.6319012103969758,2.6500000953674316,99.70082291678001,56.250004689342035,4.425436350809753,0.8455618300403439,10.943394388949406,0.030193687636526887,0,0.0,6.000003812297264,-16.504862218541323,11.549865044806882,-9.863944085380743,2.0342605428662544,2.1458361462368196,32.30313588850174
MTW,0.6367131658306062,13.619999885559082,26.967531311491967,3.3736846753652716,1.2782260103590277,-0.028242194990324203,5.28634561692869,1.762112871638187,0,31.12815202298858,-10.099008392045288,4.7619110398424,4.725193201824505,-12.467869419123884,1.2253189695769549,1.1887343047096026,32.019744483159116
TSHA,0.6140552291315022,6.670000076293945,47.2454864283868,8.296803236339285,0.8569575881513115,-0.2968684162518163,1.124442057468805,3.1484263225401756,0,2.6607074799700166,11.166667936371311,-28.509711920353038,6.543157061068696,-8.630138327314164,0.6424027689895324,1.2935505910817107,31.95934959349594
TPC,0.6219760184663585,81.95999908447266,15.96349967976436,-6.390805441362529,1.1864351181203197,2.564770275954775,0.543189438811185,4.971933862508396,0,24.735636287899073,8.834173245890636,-3.5460115209975185,5.660862664420721,-18.040000915346944,14.390239359883807,1.1448958734325954,31.88501742160279
CGEM,0.6618476860817656,14.720000267028809,89.95831491476916,4.389760609447249,1.404473582600155,0.5355216294942559,0.27173886633620176,4.279892003869391,0,15.775532210309173,13.843773545759827,3.0900740685018944,6.577541342322306,-12.066902817130437,-13.509746703553189,1.0793340850369921,31.855981416957025
ADEA,0.6149297092313355,27.420000076293945,107.4698761075408,-6.854293838870223,2.2872433274771837,1.8562505960747817,1.5681995038791319,1.0576255095181009,0,21.835827632626724,-1.4555280342359564,-3.0672577237853127,6.098521661717819,-20.151427039440286,-0.28999271967936724,1.5028954501966068,31.632984901277585
FN,0.6546028419143095,626.1199951171875,27.270897736444333,-8.035578832639752,1.6030647063159849,2.509736660671282,0.0007993488231525445,2.09064810617358,0,17.701006546774998,39.593783430499016,-8.795652965382535,7.330290515949028,-14.789257632738757,8.461175659246024,1.147775265599907,31.545876887340302
CNC,0.6334490370996575,54.97999954223633,43.29638363253978,22.583665353644523,0.9239155288611265,0.06235729513065659,1.7460878363916903,0.4183331104894904,0,0.9964470515891601,44.03982755893095,-3.861520086183484,4.091097818161847,-14.294624731692856,-5.387685935096141,1.4431676015672412,31.39256678281069
HIMX,0.6427860427524995,16.030000686645508,74.03026558804922,40.4600261582583,1.8405004206845554,5.5564080706809245,11.977542070685685,3.118532728800022,1,0.0,58.242848025355485,-24.255797538254846,7.334461447022616,-10.696378799889066,0.7782093706212141,1.4481693942005516,31.31823461091754
SILC,0.6374330503679997,44.25,166.91219715982794,38.333126520834995,2.897046410979235,1.7453586126691556,4.135597358222219,4.63276663732027,0,3.8954805225973868,128.44604068931375,-14.227268911928768,9.662631560565005,-9.546194488237719,-0.24690981263248285,2.061627957253331,31.27409988385598
IMTX,0.6031496354013052,11.140000343322754,11.471831094948337,0.29711243609663274,1.1438960950792798,0.1943492550283,1.1669668799172843,1.077198221275076,0,7.583172309501807,11.066805979984592,-1.9699816241390828,4.481276706441945,-10.233678643048936,1.068995695571872,1.0854302708208226,31.265969802555173
ULS,0.5815218955003821,99.41000366210938,5.7194335218236025,8.602677787332834,1.210724799929094,-0.3115385345569577,-0.6739745943636313,1.5290254667046195,0,2.1345274102148766,29.41126811079832,-6.059892148153266,3.9507373147821387,-7.559975064281876,0.9388298100301812,1.2766373484351068,31.245063879210218
ACLS,0.6487887328127873,158.66000366210938,88.10808139020321,18.75348698609716,1.32019052890556,1.3769872113462438,0.29623169661655996,0.9926868220591097,0,2.2286063020250593,93.4642111063691,-9.719146784910496,6.052699453136289,-7.546178487330871,-8.247945988891797,1.5166322988276935,31.124274099883852
KOPN,0.595295833700998,4.820000171661377,51.17229152676044,32.94718400544222,2.4393669342070754,1.3333007424624315,2.489624092540722,3.5269724108760623,0,2.1784493774813765,20.500004286409425,-10.074625899262276,10.343805585215765,-4.365075234387772,0.4291841539230265,2.0799707251341517,30.966318234610917
CABA,0.6110980443496615,4.0,39.18754048267632,21.682256087274357,3.7270869455580495,0.9056074923163803,1.250004768059081,0.4999995230378419,0,2.662980176115309,36.05441910845214,-11.041006186073787,8.391072068895612,-5.437352670969742,1.7191960629912246,1.3963820248432273,30.883855981416957
ASYS,0.6395263734854696,18.209999084472656,143.9560556019311,7.215398224218138,1.0551095580223901,-0.22512770571117105,0.4118658248549078,6.425031453618792,0,3.9518755530940157,63.75898625217944,-17.478506973789358,7.854789607479693,-7.750763446342907,-10.423196706465664,1.322131916534889,30.869918699186993
NKTR,0.649245250267571,83.37000274658203,39.86124797721213,-3.6569194985445197,0.6572107059347746,-0.24790901614111072,0.9835668319538362,1.8591855591641646,0,16.483132950620405,48.87500490373801,-7.886961477090622,7.68861461121236,-23.513758947874155,-1.0515814052529053,0.8955857193273237,30.78977932636469
CMPS,0.6208567306485719,9.390000343322754,32.668356960590806,14.310065017379738,0.9346054827275041,-0.023828711238778045,0.8519693373006433,2.662406718133417,0,16.83526057060879,-0.7399544876802217,-19.354837603567663,10.027384511067389,-8.03133880196075,5.241933648302659,1.330307666322935,30.761904761904763
ENTA,0.6576049494887738,15.09000015258789,30.63236041652908,7.192328830971589,1.4994764425769838,-0.23409523232187077,4.174951014106685,2.054343382779831,0,17.29671374592927,-1.9493189345218624,-0.7885348519547528,5.055381184243376,-12.011658960018128,-5.2595593304610375,1.0352801524397393,30.659698025551684
SEI,0.6282376652932414,73.06999969482422,27.71202635719554,5.157872996847376,0.9556613743719887,-0.12356108680333244,0.0,2.8328995530877417,0,4.30551549872827,15.635387375657938,-10.047535218258158,7.468082665233656,-10.05662036395536,9.398770011651715,1.3547642364997854,30.50871080139373
SRZN,0.6684356643658659,30.75,135.2808534681315,-2.077080475808872,0.9898948512611508,-0.2589697752266005,0.0,0.7967506966680681,0,14.295503467179108,51.328742427683984,-10.455369224087706,8.9133560588274,-12.142857142510206,-5.5863862022467705,1.1794883723600071,30.267131242740998
MGTX,0.6412411089519786,9.680000305175781,4.123505122133175,-0.6364155988318286,0.6211326718312155,-0.34514694834188736,0.826445466690897,2.0661235187343316,0,13.06601840597326,2.1097127908845437,-1.4989227767266984,5.911304181675964,-18.312236339706203,5.484697662652421,0.9160924743283643,30.242740998838556
AEHR,0.6405810734035027,91.26000213623047,259.0232858530345,5.613388807348189,0.8356024541817213,0.06669484774559663,3.692748923580403,2.136757102749611,0,8.092446464858146,44.49018739116545,-17.41213731821109,10.852038966449117,-10.948478584172994,-2.8447452222023726,1.4556611408730993,29.73519163763066
PNRG,0.6295742154063981,228.0,62.3005619588344,5.075903854387628,0.7790069944835533,-0.9939473616822119,1.6842089201200803,1.197373239612347,0,17.36961897268742,-0.9341707379936087,7.758741406954095,6.612156746082737,-8.617234468903339,-10.859163612498794,1.165386431349998,29.540069686411147
CTRI,0.6265379806685517,33.599998474121094,61.68438003359278,-5.153071787917364,1.9988796115181577,2.9065417355928056,0.0,3.2142799564621996,0,10.208478993878515,60.458441339904404,2.394490394164335,6.105229434426016,-21.83320228626927,0.8477346860990818,1.4817329465919737,29.271777003484317
PLOW,0.6262330974240927,45.22999954223633,46.03466310590556,-1.5315627322059302,1.710864240076289,0.2482222639585589,2.0955111478857424,0.19898331527033855,0,25.128523276444575,-10.859286467978633,3.3276148363977867,5.293230773186408,-13.567747067169527,0.06504558105605339,1.7407828657398927,29.260162601626018
ANAB,0.6177777524456226,66.95999908447266,180.15856388715991,17.307668499224558,0.8059472376287874,0.8266627138781023,2.5836370677444163,6.630828109389167,0,2.0136292349886507,129.31505936179605,2.3927652767626704,8.64588711383494,-7.4626886128463825,-9.871167275237076,1.6844113495439093,29.146341463414632
CRI,0.6255089778917992,35.75,13.29517978309167,-2.1405889907869007,1.454878646231417,0.10943500738026549,3.3272696540808813,0.1678360092009434,0,33.572031777476234,7.332006559509824,-0.4349003626695533,5.846053665572709,-18.969645054085525,16.03053484055138,1.2123378301304089,28.991869918699187
MATW,0.5727273421078968,27.65999984741211,13.183750251382387,-0.23804434617041417,1.4200438505774258,-0.5833273402169019,1.3376747695630926,0.18076369246045823,0,12.05956390463639,7.392902805317878,-0.11148527244335185,4.103397781726536,-10.572261317148298,0.9473285554094784,1.4532871346575902,28.92218350754936
EVC,0.639405852352692,6.949999809265137,253.66033478891205,73.98923121495584,7.625553228104183,1.3168641305489825,1.0071967420486376,5.179851316622013,0,48.46628715911317,-9.622890017592086,-9.968845150788061,7.595067610022116,-16.7664731506336,-2.310228276085977,2.307669700456776,28.612078977932644
TVTX,0.6096526147167269,42.65999984741211,16.032065658057014,5.502658608486128,1.880730415362569,3.4212561099370813,0.08907219783852155,1.135726410528339,0,4.2898910537445785,46.54757455338792,-25.76335955350162,5.165914740889862,-12.24028119339293,3.953646357667987,1.3467977913679163,28.570267131242744
NVAX,0.6226314000635328,9.229999542236328,13.942181381466835,10.261613225196921,1.5739963469947207,1.5784715623510301,5.742142569872293,0.7583932642284255,0,34.6564326568795,-17.5156399595207,-1.170964659305673,4.852189920330625,-22.890565275181043,-3.7775511059909417,0.8677071009401776,28.549361207897796
RES,0.6594257013681057,7.130000114440918,24.487910641591924,-3.243314805190932,0.7452045653464899,-0.30810129149712867,0.4207602990549798,3.8569437715980412,0,13.035432323016465,31.26529853475783,-8.270672269586024,5.184333338193104,-12.622545981684347,-4.948804696180413,1.0356272398738355,28.476190476190478
BEAM,0.643546690437299,31.469999313354492,29.42989464355361,4.192357815060514,0.9030665713259324,-0.2346158369171827,2.446782274828591,3.479502183703662,0,11.59046970289504,-6.589490661268865,-15.191796473370692,7.0414007220945525,-13.638857026672069,7.328605307296192,1.471353719896721,28.414634146341466
QUIK,0.6199500847569456,17.559999465942383,122.0920224021204,25.124694071019167,1.995284746725025,1.3126889876043604,0.1138978267130576,3.1890631147034547,0,8.726770193111975,11.84713171436551,-14.81480925361348,9.481776060660515,-7.48156011837194,-7.055959912336367,1.991781630502559,28.38327526132404
GRDN,0.5986106897069693,36.27000045776367,18.347224888258594,-2.8213162619041925,0.9678378185873763,2.2065161406579965,1.0201238687753182,8.519437864636904,0,30.649224669313103,5.466708640380078,9.102092555870902,4.632716056756095,-12.306576589341013,-4.321724609407635,1.054737077856501,28.29152148664344
INBX,0.6180064547212273,124.5199966430664,42.9115743476818,13.78105733577856,1.3915787459419129,0.6777637389386238,0.0,3.2604388739824985,0,13.98849392402641,8.193588152882096,-9.716172422778087,11.666392189699923,-19.814539231882357,7.026285817174441,1.4669021245060685,28.088269454123115
AMR,0.6196690947880523,193.42999267578125,4.275540825007207,0.2742304221343077,0.7455827090340614,-1.0935625182122475,0.7780539114935778,0.5221498966417395,0,49.00100433788491,18.924070048657367,-2.354212031410837,4.537448196566378,-23.79245642801514,-4.1087342656543,0.7362890464395226,27.958188153310104
HRTG,0.6001493063866057,28.030000686645508,8.270682552450381,-0.13538281527391272,0.836980242899318,-0.030341208703938544,3.4605754176168415,0.0,0,37.41794144077822,-0.7787586313157685,-0.8499684187575105,4.179195560058776,-12.351466266440998,-3.4115931670328252,1.0425910670320908,27.864111498257838
AVBP,0.6498606373665635,28.850000381469727,45.23502185189587,-2.7661908454735094,0.6811122111990349,-0.43317328145057443,3.6395120386153037,2.946275113348756,0,13.466327103084918,23.132735832125952,-8.660552698220025,5.96137675265338,-10.236462571732284,-14.040353893221797,1.1210761066997084,27.84552845528456
VIAV,0.6400151152316914,51.04999923706055,195.6336583154747,10.073740504823768,1.105932091973486,0.34663861844590105,0.822726718729202,2.546521560163564,0,8.267956280471545,-2.5763401707648184,3.696775313450102,8.07611614430186,-15.522093365199973,-5.640193677621169,1.4399410989265966,27.57142857142857
UUUU,0.6364843803737185,23.350000381469727,28.311588174190838,10.944813905524555,1.1914939808549858,2.06602396053816,9.122060099469447,0.9850087300598198,0,13.14115166080121,-15.764787301498274,-14.24672845898832,7.766899712497392,-16.308241215442536,3.4955792130876615,1.1504425518142012,27.570267131242744
NPKI,0.5638211518002395,15.430000305175781,14.282204383945496,1.690449082820297,1.2999881324626648,0.22002181796511003,2.527539740179669,0.38885559576226547,0,8.68581938318489,6.930006782966027,4.3912166273719935,5.406905477800623,-6.484846634905274,1.6083950547328005,1.4481755525876276,27.3321718931475
ARTV,0.6534170004582981,12.520000457763672,239.78593414577168,18.72925958850324,0.7142999330031778,-0.11081341931347025,0.4792289436410105,3.115018602493452,0,2.4854424824084504,98.73015996394716,-78.08822523852986,11.987675925374182,-13.83344330356823,-8.548703982450125,1.3414584510231222,26.815331010452958
CYTK,0.5642315112900588,74.29000091552734,15.645235686345128,12.048748173238858,2.980199481369432,3.6033718243703716,2.396013941764372,2.0729585361799865,0,9.219154394819878,-3.6321125377336796,-1.2850315499320297,5.233352253629046,-7.369072640308483,0.9858466177326084,1.526331551421438,26.610917537746804
NVTS,0.6365356896736528,15.789999961853027,41.99541698024816,6.775764480626566,1.1902504410179953,0.2183282933894285,0.37998395239731064,5.319823651450564,0,13.524299197024572,3.000652579297341,-31.316345913582776,14.529992703567467,-20.212232281069635,6.680160320854969,1.7695313657289624,26.451800232288036
AAOI,0.6684356643658659,157.5500030517578,425.1072019060298,0.15224839762880055,0.8569878684658376,1.1266281640935496,0.3490974554749049,3.3991796960171543,0,8.044704645145732,53.69232247390369,-18.019507668693933,12.731939019800645,-17.887107384502386,-71.55884534790647,1.229654786956801,26.42160278745645
PARR,0.66495863880562,62.25,44.62933295949782,-2.3062007666269944,0.9961839326193179,0.1601672718859021,0.17670780779083603,2.859276461268074,0,18.01023222745558,38.36407574399042,-7.147662403914105,6.292584977885875,-11.564141866905407,-28.938494365021093,1.0863700093283042,26.327526132404184
DK,0.6079166213840116,44.70000076293945,9.265830479233529,5.971592715591038,0.8336929496606376,-0.45061024590139187,0.6037974414426245,1.6554847110064788,0,12.527473283611446,42.157616992347805,-3.2595535855775717,4.8672474979393945,-9.696968155481974,-29.647686438803987,0.9007696626937942,26.325203252032527
KZIA,0.6715808561883724,13.40999984741211,66.10467059766165,15.394543007109649,0.9243262861638335,-0.17561719217430924,0.44668370239071564,1.7897074856908568,0,2.220616360070938,73.25581709600318,-19.999995805827357,8.92186004835851,-22.9310336687575,-15.52631372355798,1.0419323128934508,26.282229965156795
INSG,0.6357809102276648,18.799999237060547,23.901583953671768,17.731779362375978,2.336067679581337,0.9975605821576703,0.1595781269223219,4.255315263209961,0,6.05266398128441,48.61659923716771,-11.82303761409467,8.396656658303609,-14.155253129343285,16.03220794060166,1.6438052783215464,26.265969802555166
NOK,0.6390835524206261,12.350000381469727,72.390356555024,9.655940768791476,1.4646460068247846,1.9990672894539385,0.24291281005767973,1.781378625227325,0,12.326140661544033,19.554699636855535,-7.748688547237975,6.159628329798727,-11.659507968690974,-7.661815503829594,1.599654241157559,26.072009291521493
ILMN,0.6138694886199626,138.7100067138672,9.736986932259128,5.707573219894285,1.079469417800862,-0.7326731397937153,0.7389583344051379,1.1606953589592752,0,21.52958622685185,2.9158688011094047,-7.317864628186898,4.224639609207057,-10.814628815878644,-5.8258786527039454,1.1048504797901628,25.92450638792102
VECO,0.6433960103374431,57.720001220703125,89.7997234667518,20.008734467773472,1.953642487720423,2.5716618065701953,0.892237315918133,0.13860330797187553,0,4.758951890340032,-6.9182345055332455,-10.087270013928705,6.582268773117702,-11.78358405684575,-13.73858036913276,1.5407533743291133,25.903600464576076
DXPE,0.6342118931435836,150.02000427246094,13.694948271972684,-8.280827453412915,1.3374336081778748,2.1992752181761492,4.699375317245598,3.7061707773710104,0,24.28394917348438,71.09945683119963,0.3231373616018894,6.176795095555014,-18.427491008987708,7.10389768917871,1.2400605611384317,25.868757259001164
OBE,0.6089783589423617,12.770000457763672,122.37998375324442,5.633223352396433,1.3374550930859894,2.009556237490452,0.19028677141006006,7.3609987988544425,0,15.903412586359014,9.14530483632792,-14.86945974346143,7.344221216074576,-12.4742952410227,-13.672915532665186,1.6135024553437054,25.79326364692218
NKTX,0.6532451945099829,3.1500000953674316,50.93787462706627,8.996543179105402,1.3209772271840285,0.6199164826250658,0.6349200099891291,2.5396876088000657,0,8.708174103570313,-9.221900014760003,-19.658122000986875,8.126984672421425,-13.698629775314583,-5.4054096328039005,1.1182028872227379,25.555168408826944
CELC,0.6065965522026153,130.7100067138672,70.11873532551047,4.5132405350809774,2.296993795190862,1.625927412387893,0.0,3.0219603509418524,0,6.300150594485879,-9.84272964139897,-0.489409991442386,7.544399485039868,-13.448547863776527,-4.470109121333884,1.3828291629044231,25.328687572590013
CDNA,0.607411271800122,21.440000534057617,38.69779617771676,5.413248925082514,0.8994966313436152,-0.30530570808464613,3.1716431352876078,0.0,0,5.999076382696052,-4.371095177777592,-34.33193144721818,6.624800017843267,-7.745263574486212,-3.250273083393081,1.4239956753496092,25.2253193960511
GHRS,0.6526010331359068,21.010000228881836,46.6690262759692,8.205544818484432,0.9117174370802513,-0.23408553117158587,2.760589801808473,2.0942433567031515,0,5.661390344927755,35.89909558008703,-16.175502548442456,8.880465734923778,-14.80129619208129,-1.523808070494768,1.1996834072917761,24.965156794425088
ANIK,0.6359741687318432,15.140000343322754,48.256426761948056,1.1423624895921203,0.9744555410097487,-1.0566433797905779,0.0,1.0568084375666702,0,7.541288748643901,46.990291868845816,-1.116951861367888,6.741837461847067,-6.7733955863962345,-31.261427853377537,1.4815869642309016,24.781649245063882
WLAC,0.6248695362361003,18.649999618530273,48.42335291005882,18.94132431358575,1.353307819824676,2.032040428413018,0.0,11.04557376926245,0,4.836158422712289,51.87296436120612,-28.28946595677116,8.478743406260577,-11.190478006465817,0.18691125648589985,2.6230016331599613,24.527293844367012
FCEL,0.6305350126915341,12.279999732971191,56.98533514974034,17.833321791795427,2.312446572272483,0.9832229349388552,2.2793127298990004,4.560256336107316,0,20.06142600062684,29.399368059524207,-12.213735732514742,14.09958387026053,-14.125877137618467,0.34884517803814663,1.9348321508232156,24.019744483159116
CCJ,0.6067472976137556,118.70999908447266,13.722363357735535,-0.8303824486329036,1.044138480650022,-0.7286448169128358,0.48858717506777083,0.5559734123488945,0,27.311666720996186,3.387910991076156,-4.093816591672247,6.024886000472709,-12.222719415228593,-0.43434400080188107,1.0661965437293208,23.864111498257838
EDSA,0.6431285156020724,17.43000030517578,916.3335017907687,66.21370471000589,0.13762018873656456,-0.17822369585276404,1.2621876620193877,0.401604667783147,0,0.5724466312416563,1054.3046625639606,13.175679047708572,14.52339890427114,-14.222438154082923,-213.97058337301144,2.09272498552264,23.573751451800234
IHRT,0.6155028722034941,5.670000076293945,33.14465968128777,17.003716170212567,1.3368471096250099,0.6730456766675897,3.5273334486547006,0.17637087734588938,0,6.974364055010115,8.000001451694196,-6.552707112047695,9.750566173535278,-13.567071251723558,2.839121463514878,2.2085669804072374,22.99419279907085
MRCY,0.5939299727557455,88.05999755859375,7.351637222037488,7.7397376013434895,1.3983397968531175,0.8800657982365249,0.0,1.896432222605,0,25.495255360511273,14.185677414741434,-7.169001722132354,5.102041081546722,-15.196455446509754,0.1343815705259657,1.1352124036983635,22.796747967479675
RKLB,0.6160530428848094,78.58000183105469,29.94694710748016,-2.0297206616720955,0.8131465278446737,-0.10082340497728716,0.10180940339715391,0.8271844117134582,0,30.50011286577207,11.429389636345729,-24.258320286750518,7.810420826718099,-21.088571614426428,-2.435907105670675,1.068006907476876,22.544715447154474
LWLG,0.6673395715371744,14.824999809265137,170.2296015237821,10.537399837590812,1.5890011724120983,0.5882860427114094,4.701514730429243,4.215851655979361,0,13.652580879751103,109.39265491419673,-46.56398696801429,14.285714285714285,-18.9004417254504,-27.272722340525334,1.618561651999652,22.3739837398374
CLS,0.6183670636759809,385.2099914550781,5.756921277657057,-2.4212945831970836,1.0331993058301914,0.30904185624100916,0.0,2.650500163945585,0,8.418150247043139,28.403330484931367,-16.44382875759825,6.919415390992592,-11.445978975817797,7.939314057273332,1.3899855613375243,21.91753774680604
BKSY,0.6424378650288155,32.2400016784668,63.16968040963034,-9.447099923500446,1.1089404664325508,4.581092875066385,0.0,7.405399003003213,0,19.0434449381914,-3.5019400606220588,-19.44869273250569,12.513846828046768,-24.584791394824222,-20.35660522081903,1.1593845031408163,21.9082462253194
CVV,0.6315218610518839,6.980000019073486,81.23012721166715,19.193988539374295,0.9128892962893392,0.19786022180364737,0.0,6.160455975673421,0,6.010299237200691,36.06237549711172,-16.410252581319405,14.316413483475296,-17.494089979019854,-4.8101219356995895,1.724585901311507,21.878048780487806
RMBS,0.6273866141441485,126.5999984741211,17.235566062602437,2.261711521967643,1.0859057734678716,0.009341881122301485,0.18167119297735243,2.306475674657404,0,8.467953855531256,28.593196950927467,-13.68630109632664,8.845350268373986,-21.755255817986065,8.952414432803407,1.5529006430074173,21.84436701509872
PUMP,0.6392515775769841,15.550000190734863,43.94008397826268,-1.0216088497460876,2.9926246639022485,0.3258385274046404,0.06431015278798041,2.733120163951891,0,18.85773312832436,-6.381700063829478,-8.131872829969794,6.8442817377661305,-15.945944914084741,-7.2103019744283845,1.3266677070595851,21.500580720092916
INTT,0.6369274113144698,16.610000610351562,83.06253186261449,-1.6170086464307625,1.8500148109036958,0.752463368433435,0.13846363015023214,2.7092158120205894,0,30.659965174351477,1.7146398526425461,-7.899804536066925,10.386600540875298,-16.949996947394688,-24.070449839835938,1.4499608299386484,21.281068524970966
IIPR,0.5936505174654374,56.59000015258789,13.872209026334081,4.628696951160114,1.437289464517233,-0.21582401197549117,2.173534818157462,0.03534274202048013,0,3.79571451586918,14.998318210622031,-3.834635500911945,4.967687647007236,-7.82637066417662,-7.31060430911964,1.3721817604416717,21.221835075493615
RCUS,0.6336556097035139,24.780000686645508,16.001577411756116,0.7849705054361297,0.904781940150386,-0.7938564866328597,0.8878099566162506,0.9281737013818246,0,19.86168266060139,15.095215495580256,-1.3316127868797565,7.529113923326852,-13.718658498504006,-11.8894908380239,0.9563769851657105,19.764227642276424
DTIL,0.6481611543301015,7.480000019073486,2.848063935911882,1.817191907973106,0.8104679026481337,-0.5524284055408962,1.4705900162995402,3.475932504638194,0,5.33232867219903,83.7837764803412,-13.918306468560035,6.741788007652963,-15.192740611829592,-16.341465651584556,0.9708460327813979,15.400696864111499
