Ticker,Win_Prob,Price,RS_Rating,Bias,Vol_Dry_Up,Vol_Z,Up_Shadow,Dn_Shadow,Turtle,Ov_Supply,POC_Dist,MA20_DP,ATR_Pct,Dist_52W_High,MA50_DP,VCP_Ratio,Dollar_Vol_M,Resonance_Score,MktCap_B,Cap_Tier
HZO,0.5941270035547438,52.02000045776367,68.73769659412517,32.71931846146154,4.888789080351718,0.9653012757635749,0.07689526177350293,0.03844763088675147,0,21.640740641578283,-0.19186200339309753,-5.243341104393023,4.4117637661317595,-0.8387316705669365,5.970579186873618,0.6872852059827076,26.45,69.02028639618139,1.15,Small
OPRA,0.5586991671635919,20.329999923706055,54.144015809132014,4.497558485666355,0.713936988275539,-0.6435658026662059,0.34431724094180416,1.819965239818442,0,0.7843547189735176,34.54752657911116,4.545459919041808,3.067246738686468,-2.16554739195459,4.842216711760241,0.8642250283005146,6.66,68.79236276849642,1.82,Small
IRDM,0.587485686259166,50.20000076293945,111.7251748287277,4.852018119125019,0.4389617966751104,-1.300069779469763,0.13944162103380317,1.1553821159925652,0,16.096350464627903,-8.041764750498738,1.928023821713291,3.4234497470581102,-12.207064541555182,6.861337620407062,0.6371777002095564,118.63,65.46778042959428,5.32,Mid
NTAP,0.5892047806189668,207.0800018310547,97.99596294917978,13.525411956528831,0.9578572927848117,-0.27900887503798,0.48532203685586967,1.4970089221989584,0,0.0,19.174341187147956,-2.355382289064625,3.839958192964689,-0.9470944947154003,11.276784299244673,1.0875611400093743,580.93,65.22673031026254,40.64,Large
DNTH,0.5988132901780449,115.95999908447266,129.66874185103575,7.673950441738553,0.611573804300423,-0.18937232536519075,0.4225576643962889,0.13797519314993498,1,0.0,21.615103240645738,1.638253553523149,5.168038374580284,-0.42077962782868067,10.062378402760293,0.9455622230286541,134.31,63.36515513126491,6.49,Mid
RLAY,0.6196028037500951,19.860000610351562,110.8652411676295,2.8535931449703384,0.5772757563371521,-0.7464412705533908,0.7049314468218937,0.0,0,4.261136809633912,64.5401914817148,7.383221117762739,4.733130351126656,-4.473305743995724,11.83006795381918,0.7797277589765773,65.96,63.232696897374694,4.35,Mid
GRMN,0.5645016093467797,310.20001220703125,39.34577807679116,9.42359109870399,0.5715503305020906,-1.1946328500546393,0.003226874671522286,0.3569336584070124,0,2.074826784495622,5.2131826254878435,2.616604761641554,3.6482727408441016,-1.2982011544163883,2.6141025730928025,0.9222200340726545,285.85,62.085918854415276,59.82,Large
KEYS,0.568542867446032,357.82000732421875,41.36604079538997,8.70585780700201,0.6376416701526132,-0.6939503384172127,0.8705466912429575,1.1066992828824498,1,7.0567404041403785,18.687804923908775,-0.876865965419716,3.6721372838476345,-4.571919040179597,7.555355557006512,0.8342541771700469,484.11,62.079952267303106,61.15,Large
PANW,0.5836701117035171,384.2699890136719,121.4631748753579,9.492823395851085,0.7622680114338314,-1.0377121432196739,0.09787353776361135,0.8911701693123891,0,1.6423112464392593,171.2430253254518,9.727329330660472,3.8468232618311253,-3.6627596495834114,6.137001000072793,0.995852283772119,2638.47,61.529832935560854,313.18,Mega
CADL,0.6119275193882823,11.720000267028809,94.72531492739758,13.9080593622558,0.8578729617029426,0.2870841818890632,1.3225232886215699,5.802050252769753,0,1.051206513924921,41.03489380039102,6.090371973593694,4.703191717931601,-1.8836285770192722,5.113634084778607,0.9147269612498811,19.39,60.9128878281623,0.86,Small
CRWD,0.6064010787402793,216.9499969482422,96.30608639837229,7.965402056436513,0.6605105017321083,-0.888587465644982,0.4079255677717256,0.22355409871936235,0,1.6784269892847659,147.70930866577464,9.7498536897455,4.229348751176134,-4.637363978774259,13.358568916075866,0.93568494997324,2230.35,60.83532219570406,220.91,Mega
FLYW,0.6064714623651685,18.809999465942383,59.76766953295305,9.527619778073447,0.7249817087450819,-0.33170493445593974,0.10632885874782538,0.21264757741757068,0,0.0,7.424324500247706,12.355206403802063,3.985341850786462,-0.8956800863281695,2.6009590920232224,1.0663265438926284,43.48,59.47613365155132,2.29,Mid
PTGX,0.571723724626307,155.10000610351562,74.74754486112387,10.214180428425104,0.5852746737010746,-0.8813415513318575,0.2772357568390393,0.6834284441481328,1,0.0,27.256325564852666,3.4064317131335557,3.5380860737336928,-0.2764692851239983,-10.858392813334268,0.8630971195043052,111.94,59.40930787589498,10.04,Large
DRTS,0.6172595040883108,14.25,82.5350274738863,10.021617488214094,0.8815380019400675,-0.5213186279276047,0.7719341076760924,0.7719274152247496,0,2.2745358175434807,37.81431130883855,7.749078788761459,5.359899191031778,-3.3898305082447573,12.665407959585783,0.8805954378689141,10.27,58.59904534606205,1.29,Small
DINO,0.5916254139154375,93.66999816894531,52.479553691751725,6.196964910135493,0.9643032270564637,-0.48953993729304185,0.05338214234518511,1.7720688406274863,1,0.0,91.69015723695789,0.3273358870839017,4.235633324371784,-0.05335366101791416,3.5178466755504636,1.2735417705421632,254.16,57.09904534606205,16.65,Large
AAMI,0.5567812785246598,92.51000213623047,62.86984791663508,6.284469179676461,0.7103712648447864,-0.4486792955820666,1.4160604565228347,1.156639605987132,0,0.7968753462157486,23.10046607802451,2.3070463111060087,3.7251572095043333,-1.3962881718619915,-5.286458272692136,0.9259108244322142,46.56,56.62649164677804,3.28,Mid
DGII,0.5836638265823237,85.12000274658203,69.32380285806686,15.820558027401516,0.8177558132151916,-0.35102120047879287,0.49929868190692156,1.9090694872494711,0,1.560775428240797,20.65201851788534,-4.740298601450144,4.2519797864586515,-1.9806467800808827,5.282513811360592,1.2354621867685187,33.22,56.262529832935556,3.23,Mid
PSNL,0.6435067503389232,14.039999961853027,52.78165890430599,7.012194986233705,0.5469518243521081,-0.8761627282072394,1.2820534590600092,0.854700041855963,0,19.19146314090421,-9.884467068648476,23.45679356455156,4.573666969650072,-14.338008024187223,10.853433257580747,0.6417358424417433,57.5,56.010739856801905,1.5,Small
NAT,0.6103515188203352,6.710000038146973,47.26432068256528,4.68018756826131,0.5997822711993903,-0.9353097636879728,1.6393462425134109,0.14903470675847036,0,0.0,33.65523422943953,-6.611563733117368,3.8428780457249982,-1.6129051426618777,-3.5143874382748677,0.9398836118543611,26.34,55.56801909307876,1.42,Small
MGNX,0.6451369614681869,4.21999979019165,132.22320026540615,5.698178018137419,0.7081436935910715,-0.1467124959115311,0.47393322076127503,2.4881522338615154,0,28.514599791862622,23.032061452727923,17.594649521814222,5.318211175497762,-16.929136737421636,7.857141395566456,0.715802386601655,4.07,55.33174224343676,0.27,Micro
ILPT,0.622938133266466,8.920000076293945,54.15095400713006,0.5268663059079317,0.705310510854845,-0.4884346598601914,0.8968601234622884,1.008970311749077,0,12.278253671724306,0.5777687737101515,-5.022837561786961,4.067903183912853,-5.40827372558867,0.34522185400607625,0.8635152289384738,4.38,55.021479713603824,0.6,Small
ACHV,0.6220762848878775,7.590000152587891,69.21683062085648,16.589864263300584,0.9117137684551573,0.16416124636233245,0.13174903613079272,1.5810261282057623,1,0.0,57.79626283371463,2.711324988580164,4.573686767337432,-0.13157568643213594,-16.869916883468097,0.8042299823361586,14.5,54.93556085918855,0.78,Small
LILA,0.5966343653518803,8.619999885559082,44.04757931273804,5.6890616276548815,0.623703928842887,-0.5295265136448366,0.0,0.7540665303136563,0,1.8805390771774368,63.25756709088066,-2.452313686269294,4.12661472876824,-3.1460645498990405,-1.0282807889551964,0.8843736927342029,7.16,54.74224343675418,1.69,Small
RAL,0.6210667897825135,72.29000091552734,55.46601360213217,5.021538365769337,0.7143249075188604,-1.298450097454879,0.3181570405631017,0.9683283562895624,0,3.1230473800229643,22.295683450956687,1.054578713223455,4.264965372367384,-4.137385751259867,0.2522499445954246,0.8997381971554244,121.36,54.673031026252985,8.0,Mid
LILAK,0.5976773131121312,8.489999771118164,40.30055350580564,5.4003690357694545,0.7225398167589614,-0.4827746472536459,0.23557665842765946,0.2355654255143261,0,2.145028792723546,60.18866915057808,-1.432469579154832,4.121654377057127,-3.948410306745624,-0.2544536987378914,0.8730101664470904,14.56,54.54892601431981,1.66,Small
FEIM,0.6269899832068991,78.7300033569336,61.25470062343139,11.521904759960954,0.6965302727909523,-0.5051399414423074,1.6575641426595682,2.6419333328410888,0,1.3841262356412505,36.47080123194685,-9.954472544159344,6.624356737520916,-2.3200932413971618,3.6581929940540716,0.8217427492741483,24.58,54.536992840095465,0.86,Small
AMD,0.6517802973671205,514.3900146484375,135.21623043213341,4.077390035573236,0.6788771641733953,-0.7967494433031663,0.054427234927869175,0.8553808921588456,0,20.816054787679203,22.069815792234305,-5.28279851651104,6.372457252779511,-12.02947824973914,16.61137329318563,0.7361845522974148,15158.86,54.45704057279236,839.73,Mega
KMX,0.5618302793432163,59.91999816894531,31.728653608664082,2.9120014406960406,0.47937294896151156,-1.3142743082803323,0.43390909458273846,0.8177534691836899,0,0.49940436943930605,43.83100909259651,-1.6745143097761004,3.1315569658626057,-4.219953878438709,-5.366068403548184,0.8528935198041426,187.79,54.449880668257755,8.5,Mid
OKTA,0.6124060141119726,147.42999267578125,59.07047950414264,2.618888460972096,0.8245616791579711,-0.5916064092640657,0.0,0.4205352696087755,0,8.031211708232401,19.59925098600851,7.264817984622482,4.529995828713109,-6.095546066342545,7.805858995385141,0.9413129706933012,451.52,54.21599045346062,25.62,Large
FTNT,0.6393774179955503,160.00999450683594,75.33988954409851,0.7311963571246635,0.7110884989266129,-1.341000037238172,0.0,0.5661515398697169,0,11.332421247515587,10.557589463318031,5.717471355863012,4.695506383394952,-7.019583989801462,5.188415528637156,0.9102273581629139,935.55,53.976133651551315,117.4,Mega
RCUS,0.611688721478249,29.479999542236328,33.13498757186273,3.5512297082884525,0.7007672908543584,-0.3483286544400064,0.6556996275012907,1.9674353212095812,0,11.195872440273037,-4.90322728295045,-3.8363142302760442,4.530504407578116,-7.105722466281043,7.29253866946821,0.8268943861842374,38.71,53.87231503579953,3.71,Mid
NSIT,0.5764936622629896,154.25,67.46697475966255,14.586466918710784,0.7556739486899264,-0.9785220737887995,0.5899537517688658,0.31442503102004427,0,1.8795350596650502,123.51832375582998,-2.0116185363481027,4.525356199984806,-1.9701340853183873,5.640135578781699,1.3528906698224592,70.06,53.68257756563245,4.53,Mid
PKE,0.6149944779340617,38.20000076293945,45.771778136902185,7.002802113966743,0.690468841020318,-0.5428618705198045,3.554968238558389,0.4319395608052017,0,1.113728435837036,17.779783265571357,-5.548714944211866,4.373225065550663,-4.164575569372583,-1.6954311767633643,0.8419166353737869,13.54,53.58711217183772,0.83,Small
PDEX,0.5854842516798576,67.0199966430664,61.39127614901187,9.680052530978726,1.044112995332496,-0.6753274305846022,0.0,1.0444598378000092,0,5.444225296978273,6.567017480416906,4.269781661363833,5.209532303975949,-2.8554881601310016,4.894888317152244,0.9809461626072918,6.11,53.533412887828156,0.21,Micro
GHRS,0.6090097174833315,29.489999771118164,81.90860844135082,2.8619257485498943,1.6688972677444263,-0.1317380022864181,2.373688600707556,0.20345699018658642,0,6.844689122846846,1.2358414717157518,4.980837489997455,5.122800941720016,-6.199304863150646,16.659842995562073,0.9982579017992013,9.2,53.21837708830549,2.02,Mid
RAPP,0.5930811183394672,47.41999816894531,54.97838148715848,8.945747206649708,0.7498936386477105,-0.844012793615538,0.40067998468771165,1.3285556567451065,0,1.7591763016055861,19.41576243272504,4.551850481657612,4.981323221240177,-4.202023901035692,4.837840312105312,0.934050099226088,17.79,53.19928400954653,2.28,Mid
CCCC,0.6451369614681869,4.239999771118164,117.13356343957409,14.889575982877515,0.8918308317373892,0.13293020562485908,1.7688747672933776,5.070758588283689,1,17.074590528383414,-0.4694942883659574,7.859077432992856,5.144879620139418,-17.988400218023926,2.2727311034895252,0.709664944810566,13.44,52.97016706443913,0.52,Small
MTA,0.5616513090414073,9.75,19.001232655106538,20.377801266403694,1.4833319775014178,2.0520780907665985,2.3589696637203943,0.0,1,0.0,27.11864279980425,-3.7190078839833345,4.469597994626224,-2.3046047371034604,13.748377916958072,1.0742434208741705,4.61,52.68257756563246,0.91,Small
DELL,0.6083790850908279,490.80999755859375,322.54488570298133,12.54593263865468,0.75450147514041,-0.9052748279347405,0.9699890479672223,0.38913471992654347,0,0.7875906660993158,16.799564258245923,-10.567434759132418,7.302370329715837,-4.511673626723956,12.17108066632285,0.9654851141933618,3597.7,52.34128878281623,317.13,Mega
ELMD,0.595860809334669,41.220001220703125,62.273578431455775,0.6519692320611042,0.5490699741552384,-0.22538076438280802,1.2855399841399482,0.7399327902377468,0,34.5854259672619,-9.704271975910842,8.764842661192926,3.6502555981943288,-13.037974907387536,-4.291721497243997,0.7700381259459349,3.91,52.20047732696897,0.34,Small
ASX,0.6652883161849202,39.540000915527344,55.67727313442459,5.900315846446336,0.566398936467271,-1.4301044720031761,0.20232173622429908,1.3404116515215876,0,21.75951931639609,17.36043655259919,4.087476441083932,5.535081087054454,-12.65738785988255,14.05662499469637,0.7740140584357506,434.86,52.19570405727924,102.95,Mega
BOLD,0.584415938291698,2.8299999237060547,135.88206449044335,7.359633341992865,0.15868557694349775,-0.10833145770117303,0.3533565628732485,1.5901087452721174,0,1.3323750790774938,8.846154900822134,-3.6290287677757633,4.416961851582084,-4.713808198936207,4.166670802984424,1.314382944488658,4.47,52.1945107398568,0.06,Micro
ECPG,0.5856766382367032,103.73999786376953,66.93014189055144,9.90861999968922,0.930739604191614,-0.44490712437212226,0.01928308547587798,0.16386945483352905,1,0.0,21.149131368700587,1.2810666215651718,4.4245236090829625,-0.01927936781890225,-2.807325665956543,1.3588105616127912,36.74,51.81861575178998,2.2,Mid
HSHP,0.5910720172390986,16.110000610351562,36.04283225770912,3.835001620276899,1.132913642451429,-0.7406754006511282,0.31036148456329665,0.37244206914816147,0,0.8780081226105211,22.886771507072883,-10.48663927717135,3.9811127333148866,-1.0442264687553373,-2.505214257456002,1.1076893750933081,4.93,51.81503579952267,0.76,Small
TEN,0.5530368242970343,41.45000076293945,41.85011889621235,5.639319642547233,0.917290125242835,-0.6335544434637947,1.326898014291555,0.024130605660133978,0,9.953878699017663,14.661700113529383,-7.45537316171839,3.4482160870625522,-7.245307427462672,-0.595885264348293,0.9744656477422698,10.03,51.809069212410506,1.25,Small
NEWP,0.6038593711454546,6.840000152587891,79.20730358470071,28.837825642451538,0.899838439265845,-0.689681138272207,2.7763145782624754,0.21929628872489998,1,0.0,28.33021107341031,-10.294119706980249,5.545009024850107,-2.7013175065237016,14.743586409476228,1.2521097130630232,5.19,51.801909307875896,1.27,Small
ILMN,0.6199013068210241,190.88999938964844,52.243153404352526,-1.863104867366782,0.5984930701493427,-1.2009587162023703,0.9848629518643081,1.0738146021495658,0,18.43971141946139,-1.4608722967206098,-3.986071623175405,4.182654567509542,-7.782608990470405,4.949389701943931,0.9805768049364155,374.23,51.772076372315034,28.82,Large
TWIN,0.5923369926575296,24.540000915527344,28.592246157353717,4.717407614916488,0.5750511456043758,-0.06747228438689805,1.039116345732747,2.8932394674162927,0,0.9896721710933252,1.446880420537754,-2.788840887486851,4.140470880812189,-1.839996337817025,-4.608550322664268,0.8711905630030374,3.35,51.76491646778043,0.35,Small
CTRN,0.6090976608805634,73.91000366210938,51.34308260740712,6.524658009875123,0.8374870693504035,-0.4775570510571563,0.0,1.2718203150021388,0,4.069034023389175,31.465674238685743,2.0090343153722348,4.085566596616882,-5.1341288819551325,0.370940381511559,0.9701633798210736,13.19,51.730310262529834,0.62,Small
ARWR,0.6260012744190001,86.63999938964844,24.330259039136305,1.3457789902222326,0.44231101152049807,-0.7387902888738751,0.6117252804991141,1.1195766707355528,0,8.03350616702019,9.823805374396642,-15.208606942235994,3.8496728988904194,-9.267984785856036,2.5086142222498995,0.8514346587655286,192.98,51.730310262529834,12.24,Large
PAYS,0.5728497707445929,13.170000076293945,282.1263495715744,27.59773402501031,0.9816844145166398,-0.33129120899126835,0.6074405712721329,1.4426695464556156,1,0.0,155.7281520554426,-1.6374197252506786,4.92461214399909,-0.6037730090567317,-2.0557983500936117,1.4181976347917664,8.29,51.719570405727936,0.74,Small
STGW,0.6043510723377868,9.119999885559082,69.68202133896735,8.603749567575516,0.794521875830901,-1.0451600237322878,0.5471497319334683,0.43859607840542497,0,2.676981702998719,48.05194985369983,1.1984041256055555,4.3232295093607,-4.502620906206149,0.9104695201998495,1.091269933497296,13.32,51.569212410501194,2.23,Mid
WT,0.6049185597550518,22.809999465942383,25.53641004383127,9.75959482016631,0.5377571318739807,-1.2595546532165196,0.46033078491358725,-0.1534408076722371,0,0.0,64.47024536444614,2.9925202234436554,4.438349745752814,-2.0609765165115825,9.935561139451178,1.232647815568833,66.92,51.56563245823389,3.46,Mid
CGEM,0.6142851299276281,20.34000015258789,59.4344672681316,13.536143989746755,0.9416996436429461,-0.7370876917308837,0.14749600009327343,2.713864511348082,0,0.0,35.32934473455046,3.3352183987707775,5.844922349423749,-3.14285641609848,20.775804334510262,1.0689435519921,19.48,51.53221957040572,1.25,Small
FRO,0.5742184694696586,41.209999084472656,34.88202013994173,5.600325425805148,0.668906464659389,-1.265063306274519,0.7522479499406184,0.5338539810370435,1,2.2400847595565496,11.987526341941633,-7.673332716331795,3.3192369684916074,-4.385149551082733,-5.281481469341507,0.9256064658318387,109.39,51.4653937947494,9.17,Mid
CBL,0.5567223229656784,58.11000061035156,49.86848985905004,1.568714874878347,0.605315836605267,-0.7954152836363372,1.5143711217640732,1.2734432214495204,0,6.653921669939031,8.759124608567216,-4.1613881273197215,3.1263364850858157,-3.7913921484062527,-5.454925061109097,1.0735747277487528,17.72,51.369928400954656,1.8,Small
ASML,0.5844037630954759,1844.0799560546875,16.972568014168775,6.992864840771194,0.6023134500369643,-1.5154325729556453,0.5007909402863019,0.7933498129931793,0,9.122552765527809,24.884289417801106,-0.5441790432629188,3.872303289095292,-7.674908288418962,-0.4535518576294832,0.7422526348458155,3721.68,51.34844868735083,708.31,Mega
ABCL,0.5883352025594747,11.380000114440918,272.514418600181,63.841198975844826,2.7740350201819353,1.080253921379413,1.0544805302441127,3.25131706331926,1,0.0,21.841540988298345,17.86543205520819,7.431583356144618,-1.043477265640411,11.013980080452269,1.430281789589465,91.65,51.32458233890215,3.49,Mid
UMAC,0.6015870949995321,34.060001373291016,172.6234233316124,46.756581542396745,1.4094142666179272,2.0692456542353117,2.543739937485691,7.281266712185949,1,0.0,15.067570723622946,-14.35322068062431,8.71810249138505,-2.4806389342113375,20.824671176610824,1.0947726316471793,158.45,51.23985680190931,1.7,Small
PRLB,0.5641706992984915,91.87000274658203,23.693929353244613,10.720766042585318,0.7043314487671073,-1.0426863986461952,1.077607308328493,1.2300041896344027,0,0.7833729619565218,13.855496302848275,-0.7987568864223129,4.386631826291971,-1.215050810113783,1.1919102872117953,1.096467855283119,20.86,51.221957040572796,2.2,Mid
CMPS,0.6385695586646916,13.449999809265137,115.35412271139745,9.380715554569003,0.629661988678099,-0.6007390472972695,0.22304634493968836,2.7509285559743684,0,13.274101189765059,42.17758725800122,8.82591189337206,5.747743020554928,-12.662336736633081,13.081165501749823,0.875011037024886,50.26,51.20763723150359,1.86,Small
WLY,0.6235423228162543,51.38999938964844,66.83480085959792,-0.8690129887071346,0.767379093500775,-0.47382618074928,-0.27242535767360515,0.15566845165594478,0,10.588518250663686,7.3711149782726695,2.7859563460986116,3.946098803131163,-10.548150691838194,-3.3286714611377164,0.8300741575686688,28.56,51.19689737470168,2.61,Mid
MOG-A,0.5541744622697509,441.2099914550781,22.24806344551533,7.528530131855174,0.7334309818683599,-0.2028202076443835,0.31050863391970157,-0.35810999760666995,1,0.0,51.53489997416465,-4.276526767329429,4.782141648927482,-0.309547462323109,-2.1901915783047747,0.9364613664004217,136.79,50.90692124105013,13.97,Large
SLS,0.6385773846325193,12.779999732971191,245.43958962279055,11.10627882863907,0.664210197351085,-0.6495237312180768,1.1737134219640506,1.707353164800351,0,15.753467737705778,-17.281554104097594,14.177406708931569,7.320703121722777,-19.521412839634937,12.69840705950576,0.7783258295648644,106.98,50.701670644391406,2.51,Mid
RNG,0.5968101314244882,64.48999786376953,113.7352557537425,16.425302636405085,0.7114400212316011,-0.5829083590723191,0.4341739627345165,1.643661953310158,0,0.6875211371424186,33.763982848750345,-16.916756854756017,5.10173271622132,-5.7852436244944165,11.917218035278507,1.2096716672780434,126.23,50.69928400954653,5.39,Mid
SLDE,0.5513179732658776,21.93000030517578,16.993282799948652,5.373168877908304,0.5835800300299475,-0.7865510502587905,0.22799469385536864,0.22799469385536864,0,1.5357513319519562,33.964564328410326,1.1707305907632037,3.7525248047263178,-4.652172585989987,-5.620752423334437,0.723021882380998,25.68,50.46778042959428,2.56,Mid
RELY,0.5901180892919002,26.299999237060547,91.0689849245367,10.127081938402952,0.9381787875232197,-0.14050228483243118,1.6349821963245463,0.0,0,0.0,10.736838892434436,6.630744010369684,5.213743337255986,-3.1307565133749806,8.565629325056602,1.5151173511612752,98.28,50.381861575179,5.54,Mid
CLMT,0.593626533779981,47.720001220703125,69.11935390089205,9.68602374016091,1.4035030433230058,-0.692220920805195,1.0058665757494232,1.3830675408950757,0,0.909043998153637,36.18721453627302,2.66169310198933,4.83624609588516,-2.9489465165945123,7.278558960868266,1.500408583026118,52.73,50.34486873508352,4.19,Mid
INGM,0.5931820323962345,28.549999237060547,22.031292918266864,-0.9534621376796648,0.4575718772294861,-0.934341685126021,0.24518950627337005,1.6777586841899814,0,25.857440710424743,6.915497709922482,-0.5464485873150365,4.042362944253678,-9.628216010224664,7.689812106357413,0.9011926886363945,35.04,50.33651551312649,6.59,Mid
WRLD,0.5967208303540719,194.75,37.73080608993149,3.081324216555001,0.6770326675444216,-0.7974272671843107,1.001282130029358,2.0616171448666605,0,12.642720607115345,-4.846825747615613,-6.565656966875073,3.7931435614928137,-14.463279047329063,-3.0804373445281414,0.7314165496558102,24.58,50.29355608591886,0.91,Small
CGON,0.6058993662569332,75.02999877929688,30.79023223908708,3.177985012113058,0.7204404600059018,-0.8432746282605348,0.8396706558096618,1.2661561557850642,0,2.980122927397619,4.266258662924292,3.5212231496050994,4.541801691694537,-5.491876362030982,-0.918779891242511,0.8100659207326463,77.54,50.2708830548926,6.65,Mid
ZETA,0.5941836591546942,29.049999237060547,79.36482678703302,21.31968835116607,0.9229913591500707,-0.9847198287834948,0.1431988804568998,0.7228884336682562,0,2.1408416991031647,7.314368542611252,11.761997732457525,5.931053383045646,-2.810305017439037,14.3532448935987,1.3137051692605446,266.74,49.98687350835322,7.29,Mid
SSL,0.5817718106055572,11.529999732971191,35.56980052126448,0.9322870901429912,0.5983825385369426,-1.1254134261773567,0.2168306399082551,0.3035628958715571,0,58.20887380086586,-15.220592575620415,-4.0457347646129405,3.0634374693483974,-19.763397181681768,-2.653528374358146,0.8842564758949331,16.77,49.95465393794749,7.39,Mid
GEV,0.6215179798999825,1063.25,15.795785091295,5.3211306532166285,0.5464846324890241,-1.3479609370714987,0.6790473268862648,0.2929687499997245,0,25.16706381451368,22.685445633754103,4.0733917428480995,4.6237008251528335,-11.095033856810161,9.617866233662047,0.7794169498347564,3073.72,49.93556085918854,283.18,Mega
MU,0.6652883161849202,971.6599731445312,120.29179027237356,9.168899234228393,0.6440336055783854,-1.345864942684234,0.4487151341068445,1.5910875578677839,0,21.616303554288756,-14.17613183329905,-8.48106472284928,7.723673844459461,-22.5649850667053,17.385620567614435,0.7504369101016388,47788.58,49.80071599045346,1097.39,Mega
OII,0.6421638736224944,52.20000076293945,47.35025622148843,6.82820661315734,0.5112039529706631,-1.2659289494593353,1.7241335210925375,0.3544014480581179,0,2.8624861563729844,30.402204232973308,-24.716180379383818,4.298712234849965,-3.2975153656145375,-3.4482692831829755,0.964059580758439,57.24,49.76372315035799,5.2,Mid
DCO,0.5966796186596837,206.97999572753906,57.693245288076845,11.009503606069435,0.7066736638731527,-0.8194837581311797,0.2319117770964083,-0.140106914734479,0,0.0,16.50342871827707,-5.3243907850981635,4.376198698197341,-1.6208012129786362,-4.784916190350843,1.082384691310832,60.89,49.69331742243436,3.13,Mid
CLDX,0.591788467265571,41.95000076293945,63.420081516209414,7.613771972827086,0.8381083556908304,-0.2774745106808062,0.0,2.550654768387987,0,2.977109389472884,35.0611767028118,0.1980189472242374,4.057550445814237,-7.066900021646545,1.4108164925147189,1.1212704195997507,46.02,49.52267303102625,3.29,Mid
KARO,0.5845992564224383,62.279998779296875,15.855875181112689,-2.1885108670659665,0.7509582532801313,-0.47810081769583773,0.0,0.621707465379663,0,24.92209890983116,26.533305855535016,-1.0368504388379514,3.8588635134962024,-7.238606872892651,3.1628189006924967,0.916878370059993,7.44,49.504773269689736,1.92,Small
MGTX,0.6351304008029965,13.520000457763672,69.13524737038614,9.00149450037521,0.578855372234734,0.024309182885006907,1.8491123632910076,0.3698238834189767,0,5.998777590267449,11.643276968984411,5.385845218373604,4.640215896379863,-11.921823310154329,2.662406718133417,0.9157429141067969,11.51,49.43914081145585,1.3,Small
CRL,0.5936448866199595,280.04998779296875,61.86014043940915,13.295018737815237,1.1325157243768251,-0.9716771440320783,1.1194464925066914,1.2113860811025847,0,3.1242938994751666,7.414078889877107,-0.9939806850284628,3.9959071868304163,-2.767169475968951,-3.56924353321237,1.168838042330807,249.3,49.330548926014316,13.37,Large
NVT,0.6115795645672487,171.38999938964844,39.03189391593027,8.451579290528995,0.7158623317132382,-1.0269015840481108,1.5170115600440859,1.003559849943598,0,8.243541232422055,7.989544673903815,1.8906427386326066,5.434138706008946,-7.053196685105116,11.111743440986361,0.9115965645389679,365.79,49.28162291169451,27.74,Large
JBL,0.656211936166306,363.1000061035156,30.104176884867773,10.387055548397397,0.7831207182488085,-1.0906053764816614,0.19003096386829527,0.7133011000680385,0,25.48179290972235,1.2548800678738568,-3.847043685106573,4.68564403657273,-15.34748972937213,7.038840911731093,0.8228317182270488,473.73,49.03221957040573,38.05,Large
IMUX,0.6104568857198213,16.059999465942383,70.0372913670655,10.667030221405717,0.9157215046730742,-0.3924719222586205,1.493765190555754,1.2453288661485498,0,0.5535888387921856,51.509423466648165,11.675458586991667,6.456546271996033,-4.75625708073014,17.36062120485719,1.0645656549484273,2.9,48.85918854415275,0.22,Micro
MOH,0.5775281667793039,212.42999267578125,53.09012834476474,4.847522967519464,0.4623983942204678,-0.5136380820403207,1.1297882775551027,0.0,0,19.200294594487723,52.377868944131166,12.344141930180394,3.4381064353240385,-13.254933559817198,-7.071740908672869,0.7903035367853808,256.03,48.65155131264917,11.09,Large
FROG,0.604772443481688,96.16999816894531,65.87111115634261,14.179875110619749,0.8387830890345187,-0.2529427555343747,2.391601430306152,1.277735193907569,0,1.3455323374845403,9.808170995888979,9.464645546275023,6.239382636350426,-3.0739800586604535,4.173622674081198,1.0567106459483984,274.87,48.55131264916468,11.65,Large
ROG,0.6153958720627041,142.91000366210938,16.57374468580104,9.071206171592639,0.620604789455537,-1.0494734792109697,0.5667885647132216,1.1475749406000368,1,26.626883946586265,-11.31314124145207,1.1721135718088096,4.6487791764064355,-15.437867655465235,7.114864040017384,0.746144268153621,40.42,48.49761336515513,2.55,Mid
IOVA,0.5902105490762595,6.980000019073486,162.4237221466581,29.969276560889536,0.8901142807878872,0.08733357153548721,0.28653267720625464,2.292261417650037,1,0.0,12.399355492311456,0.20000457759671783,7.920590159273662,-0.2857140131950933,0.2638519937010518,1.2315144892489547,116.37,48.44272076372315,3.16,Mid
STTK,0.6478562754835233,7.420000076293945,75.20941106656804,3.0484003120687144,0.7146679971488303,-0.24908061064377293,1.3477075955643125,4.312670732182529,0,9.019604831842793,15.217391462948,1.3280262771598443,7.036002104766906,-10.924368014855906,13.052629166916962,0.8655303293314754,11.22,48.23508353221957,0.74,Small
TRVI,0.6389754324955247,18.459999084472656,54.178164452962044,2.394847834690948,0.6035540923450275,-0.3430638772020897,0.43337938796349135,1.8959934930070719,0,13.998727955314273,-3.198744730369005,8.049291410047742,4.736495832261476,-8.704254641751568,0.371748635243123,0.8874445355720948,42.97,48.22673031026253,2.63,Mid
AXGN,0.571134134288602,48.72999954223633,34.872277467650335,11.206198154428241,0.5490800558733193,-0.9356868120187843,0.15391086321047,1.764827864585789,0,0.5175751621711429,8.457598956522206,0.9033796974397575,5.573715499850654,-2.4033662238752815,-1.7474749342607323,0.8744473157430782,64.79,48.17661097852029,2.62,Mid
GKOS,0.6110519457631399,184.52999877929688,58.31761598576624,10.015112051854565,0.7742463802458794,-0.48550098154935695,0.0,0.16799304213015032,0,1.4272845447947837,14.146971792013147,2.0723075700020352,4.506196707316529,-2.8226871491661756,-7.7877494910030505,0.8841594802525852,168.41,48.04057279236277,10.88,Large
EWTX,0.6136167638386006,44.16999816894531,30.87916079246309,5.934052550408298,0.8173089827380677,-0.5029065612028709,0.15848655744141962,1.7545880869115416,0,10.511204830799445,30.103084465497854,-2.716302506588934,5.436948735569503,-8.739676081589511,9.08589063413504,0.8620607214810183,61.84,48.01431980906921,4.8,Mid
AVT,0.5672917072806832,95.70999908447266,31.8950788878964,4.458390482793435,0.9095953729310143,-0.6802810364019608,1.66889320208914,1.9851571566598891,0,7.767893104594151,17.836180022196224,-4.401630561423044,4.382829668063087,-4.290000915484444,8.113634876450401,1.3576526935410416,123.67,47.98806682577565,7.85,Mid
HPE,0.6181621162511104,58.709999084472656,152.38302285851822,15.584515498145551,0.8056406115501646,-0.5572937870810412,0.0,0.18736265042589878,0,1.825998446596154,4.8651216468621215,-4.08118495045557,5.745917897005641,-8.355225828855342,17.515866036525694,1.1688170070449089,1266.87,47.97971360381862,77.74,Large
ANAB,0.622283074013478,58.470001220703125,45.193700665364766,7.092817017725815,0.5613604549178143,-0.991807783098927,0.11971898984369439,1.0774774327888814,0,29.717699758970394,40.631763761705685,6.637928403542611,4.536637645801792,-19.195687219866368,-1.6783699599270703,0.708024909694219,36.98,47.83532219570405,1.73,Small
SABR,0.5969986118221416,2.2300000190734863,110.91987224249537,15.156211640343106,0.7937496296207228,-0.5412115781517698,2.4663706843998012,2.242150307901634,0,1.2330572323112148,38.50931670027804,4.046245759529757,7.20691743474563,-2.8322464065927666,10.326089873396398,1.3319511567609086,10.39,47.68138424821002,0.9,Small
CBRL,0.6386684807083597,57.92499923706055,75.1117488380648,3.5183723659562003,0.6123405285663571,-0.42836428871852245,1.1307770437807114,2.3478647013221754,0,1.907377889103951,30.83853308898579,-0.18652951497993406,4.008877851289264,-6.500220317670117,-34.3297115592445,0.839718212351493,73.92,47.52386634844869,1.29,Small
SLDB,0.643217190949443,9.199999809265137,36.75538054455767,9.202050973452138,0.4762512462898889,-0.468751771946071,1.5217428935872903,3.913050193217206,0,17.03924740346746,10.444176391631627,10.206425641818726,5.0427026194783275,-19.65065534745977,3.5036463419629946,0.7805687817992045,16.38,47.49164677804296,0.99,Small
KFRC,0.6155814802089271,58.08000183105469,89.0144375989498,0.2900976728633591,1.1719847805571337,0.20166390458933095,-0.6284463962694822,1.1191485974095936,0,9.591475362400887,27.64189200684111,5.874320971099701,4.190649266783606,-5.836573372650649,-5.902629726429595,0.9648912561834605,13.59,47.37350835322196,1.04,Small
MEI,0.6386910403084337,17.139999389648438,82.91625507671083,9.290310181598183,0.6740897608503138,-0.4599822863380017,0.5250884234978129,2.742119778667689,0,13.21754171417869,23.980170446759193,-2.134760862997114,7.45957630533044,-15.622912923532809,20.07575625633506,0.8632799315183707,12.83,47.356801909307876,0.61,Small
LFUS,0.5875594810558847,457.57000732421875,14.00462543170602,5.1139616677069215,0.5459291365996745,-0.7499199867685589,0.7692787895448829,0.4261669637025128,0,21.320358739363154,16.712159564122288,-1.7875513140275614,4.646752076387974,-8.590207038126245,9.328379660444435,0.8723506093501654,160.63,47.3019093078759,11.62,Large
NBIS,0.6120602442236192,277.67999267578125,194.9012910580632,34.94382990859305,1.547879684240541,1.101313219999472,0.3493234105030404,0.5365853765738696,1,3.342313661645402,7.129621758627912,-5.660906633544195,9.967357387985636,-7.3967830851798935,15.889220994110541,0.9776479939785658,6002.55,47.247016706443915,75.49,Large
SENEA,0.5852620125319018,191.6999969482422,36.88531373058137,10.861473106108113,0.8524748240960777,-0.6184468754798637,0.0,1.2206553860875662,0,0.7078188198108911,9.311742194010654,2.2752632138793434,4.041283354352878,-2.388106551228787,-4.462325670760481,1.1198321881228814,26.46,47.17661097852029,1.3,Small
PUBM,0.5888082737631553,17.59000015258789,160.28334059789188,22.76232679959099,1.6328621741681237,-0.10350305876465464,1.1370139920019178,0.6253587799379599,0,6.898174861064716,-1.0686193853166703,1.6496393716230136,5.354099355807837,-4.60954640350324,1.7574675504068544,1.3427784244512897,10.91,47.07398568019093,0.8,Small
MRCY,0.6369319981728561,111.12000274658203,23.906885451355397,6.735315778880079,0.5734464451588974,-0.8738307662135936,0.8549288379700472,1.5028780846404826,0,22.298692634480126,1.5907894833063565,-7.4833416683105805,5.218939655624025,-13.49162679116934,4.283536998048077,0.7459793464495452,74.76,47.04534606205251,6.67,Mid
CODI,0.6038593711454546,12.710000038146973,90.10947894481075,17.810632834565766,1.443775889005412,0.01582379530035966,1.9669551473642535,1.2195100904310787,0,0.0,69.69292958406324,2.9041645006923846,4.76565107158874,-4.075471409903944,-2.151548221865151,1.1688441792229536,10.87,46.9200477326969,0.96,Small
SM,0.6068157054505425,33.75,48.56398974422702,6.86297959273731,0.9823527996913347,-0.6093044396575917,1.570366753425693,-0.06014223451789394,0,2.86593990629245,62.1980005530485,-5.9706224458683055,4.634920150514633,-5.289568185597855,3.5993638547243516,1.2135924665214126,130.66,46.847255369928405,8.03,Mid
LCUT,0.6034044345940185,9.829999923706055,180.51156215933162,11.303572938283232,1.1002770036596545,-0.08685034865279594,1.424215100662275,0.7121026994953099,0,0.0,185.74497395763427,-1.9953004761862614,6.905235670136404,-2.865612303397275,1.9292554615227213,1.2206525939769184,2.25,46.77326968973747,0.23,Micro
SYRE,0.6107452494350308,103.62999725341797,182.88504810584527,2.1382682815266536,0.5605034677406695,-0.7796463253234883,0.4824857794529025,5.297691796991224,0,2.9072084798686215,63.79010036827643,-1.8956338749179371,5.89880230145397,-4.170521695620129,-2.12187875298847,1.0263729952530862,138.54,46.566825775656326,9.14,Mid
ZD,0.5872420759589307,55.380001068115234,69.4263044894683,3.6476965208362437,1.1062800229571654,-0.4545107191923293,0.0,0.7403391829126588,0,0.5323374111651752,33.51012940921168,4.409042401360019,4.288550757018028,-4.615914987495137,-2.8289140000121975,1.2266608890033133,36.8,46.36157517899762,1.9,Small
TBI,0.5960168710023426,10.229999542236328,106.38990093508838,17.28288427871465,1.00530443896921,-0.6538094387284876,2.1818260801608687,2.2482849707299817,0,1.3831514057213727,171.35277433101416,9.305064582539215,6.146629010845919,-4.748605583827239,2.8189849674666987,1.1388596914761133,3.48,46.13126491646778,0.31,Small
WCC,0.562381510855976,361.54998779296875,8.120556068552398,3.766650578972799,0.668428241826171,-1.445632395284027,0.2821240674004016,0.591900074867932,0,15.648230129921545,40.78149954353274,-1.4091459284967347,4.27188590403407,-6.181074714162293,10.768444492434512,0.9799940603818342,242.62,46.03221957040573,17.62,Large
FATE,0.6386910403084337,2.569999933242798,99.60624490254544,-0.15540186103470427,0.47932970140765846,-0.733036447034706,0.77820939448414,3.5019422751786293,0,24.78697399846555,22.380954749074363,13.309348533590782,7.504168647579652,-20.43343906281687,15.765766629440462,0.8799999079269959,8.54,46.00596658711217,0.3,Small
FET,0.593626533779981,85.36000061035156,61.14975573653836,27.463864190625443,1.0072900094943589,-0.3824844835301412,1.0367878747563846,0.251879060151464,1,0.0,65.68322952495555,-10.335625716013427,5.844573981338833,-1.026148887513695,0.5750416859960211,1.571997305404767,16.35,45.98090692124106,0.96,Small
SKM,0.6187033377909575,38.5099983215332,10.553294266460234,13.887735011360109,0.6366230826092043,0.13445135859003376,2.2851236210008423,0.28563178510951764,1,18.317828551309358,-13.324334780208627,-16.492479396265818,4.692658741656454,-18.376434776130534,16.052396525558894,0.7948959226315369,102.68,45.90334128878282,14.78,Large
JBIO,0.6407365830321706,24.709999084472656,52.28630658573985,17.46808502790189,0.7336793700636011,0.913462178613858,1.1736176700137526,0.7689216555629946,1,6.721562882905527,46.90843955013407,3.739216988426396,6.079089283062281,-11.750003269320871,13.2461620429878,0.928592066264647,29.78,45.82338902147971,1.57,Small
XMTR,0.6254568883367081,96.26000213623047,63.270739984772376,6.143852338711528,0.43486946778224334,-0.7826938627072964,1.163510380553295,0.02078150012132656,0,7.896473354843576,116.60667216405125,12.411206863386939,4.9315833590705465,-9.257163956662813,-0.14589999584264102,0.9413723771161813,76.17,45.78997613365154,5.52,Mid
FMAO,0.5634600560380045,35.11000061035156,15.393017977914191,5.1764440180127815,0.6306577299297337,-0.3030561830160207,0.9398974953327937,0.2563376559976257,0,1.078955004137427,16.120137261273225,-1.2430522469620486,4.382145630819015,-2.3093991320230907,-5.121599233003739,0.9126698728595265,3.47,45.7255369928401,0.48,Small
GHM,0.5926656340149229,113.98999786376953,21.336113048680836,9.019263576096105,0.6923686019894779,-0.595866261350622,0.11404937735566018,0.49126903156722174,0,10.818180721292487,5.751922159313709,3.5810377377589497,5.527425829921724,-9.402322253738893,7.51901894810539,0.852994549011574,29.91,45.650357995226734,1.34,Small
FTH,0.6352711436365757,32.34000015258789,241.21516557341548,15.547457835112077,1.2356326814804468,0.11756007876491693,2.6437833586140913,3.7724218148087263,1,14.028117948816845,24.67231876067522,-9.354464621935096,9.471684904996295,-14.670187729010593,27.989904352134374,0.942403947863427,6.91,45.63484486873508,0.83,Small
NET,0.6006615756229701,315.7799987792969,55.97477722138018,10.066416747547438,1.375508036359879,-0.49138785897308396,0.2628369673416479,0.18683777952039116,0,1.0601204579279875,61.00545093412152,5.585971894044781,6.0998598236895605,-4.948528800478575,17.208755404173743,1.240353456367943,1160.92,45.57875894988067,112.44,Mega
DSGN,0.6356913698532277,14.829999923706055,33.00177780425704,14.160347173801288,0.5484926442331818,-0.49101485409321416,0.23600706399061633,2.629800348135657,0,12.083612551580261,38.59813259509376,6.284804940094525,4.632983108894504,-14.028985948716844,-2.10728233573031,0.7563879266375725,10.46,45.57159904534607,0.93,Small
ACHC,0.6601099987992411,30.829999923706055,79.46098474208864,-3.056411635079625,0.4141311802578409,-1.0761355409708864,1.0055123798231358,0.9406452034887858,0,16.63082353242081,12.436177380742878,-0.028980642124386433,6.114175262882197,-13.954791101560785,7.07345405026501,0.9521352196990834,92.19,45.466587112171844,2.87,Mid
LIND,0.5898087421397019,33.58000183105469,51.266761845269635,7.941308903483743,0.7741903722514797,0.27425640528968004,1.7867732024610827,1.4889814553932266,0,5.1710031422465805,13.5610489600267,2.9634972624995113,4.517995110384733,-4.057137625442118,-0.7359698670158741,1.2830311398831693,30.35,45.43317422434368,2.2,Mid
CNK,0.5696401369350775,37.380001068115234,36.7782421147137,4.8409740059962525,0.8308304335111649,-0.7853902659409022,0.45478374554079776,1.0433370211181447,0,6.092024793165903,33.22516911106253,-7.527938863774063,3.5981796345643753,-4.1046651946375405,-11.129789816089954,0.9837477004548434,96.51,45.39379474940334,4.33,Mid
OUST,0.6434274417435532,48.709999084472656,153.5188376583684,19.89120716385712,0.6970829181591465,0.16836932648288924,2.9357428290370606,0.5953621863520709,0,8.758902297043406,42.55195110989558,8.099351851423396,9.385136897815226,-23.64007150711235,12.670609214514114,0.8714742419089028,211.41,45.36754176610979,3.51,Mid
PVH,0.591439305004664,82.47000122070312,6.568547626938659,-2.0278693367460394,0.7314359303686957,-0.4510144565664771,0.38196002999858414,0.9943005731500152,0,39.912332679891996,5.514326198308534,-2.8918772771273247,3.839058037741271,-18.143919383737405,20.08163296426017,0.9214117435972616,88.34,45.31622911694511,3.8,Mid
TWLO,0.6025513975287207,238.1999969482422,101.18091016768744,13.827236087239585,1.2548884883633973,0.26718610392236103,0.11754776779301962,2.0528964954984628,0,6.805609279986616,-1.276525964284033,7.408836519874021,5.99985037711145,-7.800567489221448,8.875296425411932,1.1871562174397403,544.45,45.30310262529833,36.58,Large
ETN,0.5618391830768581,451.510009765625,2.0811503639370565,6.722187583668067,0.6608197716366029,-1.3784854743190278,0.6445047948357753,0.5536975805458204,0,1.6680648387637154,10.468711092070597,-1.0200308182883064,4.071084800348655,-5.541838961154724,10.861568291388348,0.960905493237032,1074.04,45.29236276849642,175.37,Mega
QMCO,0.5989460041647644,26.110000610351562,336.3895194659381,91.59084588993733,3.812460989133464,1.9312275836580937,6.472230582198374,2.1447700223297503,1,0.0,34.587634656787465,-4.421451194022998,8.179652210737757,-6.078796834449431,21.065828819100112,1.2743438454670712,43.41,45.256563245823386,1.03,Small
CLYM,0.6072344764379858,16.329999923706055,195.30676465850502,24.490183650504967,1.01155447852506,2.0248460985559893,4.102878624514173,1.4696862965385722,1,0.0,24.847094944253502,-1.1023649245222402,6.1346341692457145,-3.9411769191443153,-3.448281846615384,1.0256749180715068,22.19,45.252983293556085,0.94,Small
PRMB,0.564998900220947,24.700000762939453,17.43375191107155,4.87877558840489,1.1730214355408501,-0.47170039653463675,1.8623444139492815,1.0121457176834798,0,8.673696324467068,10.199100888044946,8.54149459252991,4.1295547268830175,-5.761153659750205,4.943923399030379,1.2243284452163827,86.62,45.06324582338902,8.94,Mid
NVEC,0.6331880163409391,121.25,71.03397036609248,5.1117997758293345,0.6505705822068125,0.15913558757224125,0.17319512121313344,1.0969087266339945,0,9.559176989514276,-8.872757022660196,-36.195119158500084,6.210850664093217,-9.406015891212807,4.835486130666544,0.9663585177903994,31.54,45.04892601431981,0.59,Small
STX,0.640474725759855,973.4400024414062,111.7617663916938,14.668927378450663,0.8593358857714464,0.5405253563087873,1.7638460374626033,2.1840082298120733,1,8.861276808584694,51.42765832049656,-8.129146012227862,7.925208215085078,-14.9227856519751,13.256232402427148,0.9282242512585879,4940.17,45.0035799522673,220.62,Mega
APA,0.5921077906623659,40.470001220703125,37.84535228455699,9.01649041468783,1.002308096916935,-1.0553221805078186,1.2354830365852858,1.0368209235552606,0,15.254110168255913,4.903183038433568,-3.3629673403245137,3.782343121673771,-10.145349217188073,0.8609453450866451,1.210709149644294,226.22,44.9618138424821,14.18,Large
RHI,0.6087727925354542,43.220001220703125,63.902752455579616,6.9418173272685975,0.5871270296761086,-0.7450581956143801,0.2686263489067108,1.3419755082363045,0,0.5999853411077444,89.69084039684671,15.574158947844175,4.800373470628471,-2.8023541500303035,-5.683357021215659,1.0605020492275576,102.09,44.95823389021479,4.42,Mid
LQDT,0.5598507365110089,43.470001220703125,29.04712638029061,9.189558387250367,1.10046039960243,-0.8212755730723352,0.13802060480227274,0.2530494760985718,0,0.0,51.78073375203002,4.959511795850754,4.181864737400304,-0.7987185681209544,-4.648589744056546,1.4990404380810698,9.5,44.948687350835314,1.36,Small
REPX,0.5868883424111969,36.130001068115234,23.70861758635341,4.310684253401322,0.7840034769145064,-1.117384781049756,0.9961184690720629,0.083040667330031,0,16.47627145211778,12.047763602090857,-1.3714286344343285,3.4439608885055892,-11.934530321494375,-1.0132256118087883,1.041509446333034,7.98,44.86396181384249,0.78,Small
MTW,0.5696291773176282,20.68000030517578,35.51216637242489,31.39335613701476,1.7819765671594126,1.990866685537071,3.1914885765983767,1.0880095654666575,0,1.8302681980277797,9.941525211203912,-10.283961473109676,5.048010675987219,-3.092782767863025,3.6824860834289126,1.4756400704787775,6.42,44.745823389021474,0.75,Small
LTH,0.6035458661362749,45.2599983215332,39.91058036398658,3.2555342535952887,1.3540201952620394,0.18233626313288018,0.044190142520872396,0.2651408551252344,0,2.556442288443427,75.0193242557998,-0.4270469718986741,3.879333061047597,-4.1812263432970616,-5.130629665022881,1.1447231464298167,136.16,44.720763723150355,10.11,Large
NTRA,0.5954759175103338,309.92999267578125,34.56268642898193,10.736939603807818,1.0471346750482362,-0.23332240655437145,0.6646654429286143,0.9711902160963392,0,5.599527610787698,59.56032944309874,3.4636589066126064,4.718393675149459,-4.9381977620915185,-2.194946312246181,0.9648791045573857,442.36,44.70883054892602,44.67,Large
PWR,0.5923680341376059,685.780029296875,18.420041289914522,5.071642853100918,0.6709790659791364,-0.7932453804216457,0.9201197598381715,0.13230009024689185,0,40.96358390025064,-0.2885961907428487,0.42798312189017074,4.945748126463909,-13.041548233906363,9.047466569119782,0.8976467738851686,852.77,44.656324582338904,103.1,Mega
ESP,0.5682133105658479,64.08999633789062,13.457316425067688,6.184861031471703,0.6174204958143857,-0.30423106375878733,2.8864087964842726,0.0702109089028096,0,34.17428212568755,-4.514312104673686,-0.017449644597952448,3.6070803431426803,-13.920659403853422,-3.910313522880425,0.799153935487441,3.45,44.64081145584725,0.19,Micro
NOVT,0.5792307491138986,166.5800018310547,5.031817063535415,9.441623949158151,0.5918433371910267,-1.368153900352394,1.6388496203112266,0.5522860840599888,0,3.761994612945765,4.642250943065401,4.8214734072885745,4.469323816177486,-5.556187084932562,7.403857930705208,0.9440342999364558,87.49,44.62529832935561,6.3,Mid
CHRD,0.6058260753569706,137.32000732421875,26.209400754161784,1.3256045750406664,0.8157922184330508,-0.8769336746874539,1.318009503730872,1.4054708511705767,0,27.466481500835194,2.663132539446697,-8.009363011633974,3.8684347477740904,-8.836222524414554,1.6853898445918594,1.1547761098251816,113.81,44.607398568019086,7.51,Mid
MATX,0.5519799134833328,217.3000030517578,23.321981632252452,3.790299788711641,0.7505145379022884,-1.33186571317056,1.2747373371128827,-0.025314281545112192,0,4.553553524878971,1.9970722250988278,5.225485803338847,3.3303056076814497,-5.650279062521822,-4.100955611654267,1.1707567542411363,69.3,44.50596658711218,6.5,Mid
TXG,0.6046076322039812,56.09000015258789,205.77082828525582,12.541258069604622,1.1456574862603475,-0.8443002186643154,1.0875389707278202,0.5170278387114488,0,4.86351246022074,52.62585075390921,-5.7841762280602556,6.582532980935094,-7.579500046356719,9.483828518149512,1.3321059533689203,185.53,44.47732696897374,7.31,Mid
DNLI,0.5635932578192809,24.399999618530273,12.655438139741015,1.4089175567606154,0.6987131681883328,-1.0760385475399126,0.26638781853487453,1.1680321797381894,0,17.83052442471278,-4.575674971498007,0.7728651699968254,3.7684424451231617,-10.62270952186406,-4.832150408262502,0.755522817142729,44.31,44.4200477326969,3.9,Mid
TVTX,0.5982953611485473,62.13999938964844,88.51148320785937,6.401375742963224,0.691281108447149,-0.4836550985693256,0.5471518440971499,0.0796580498940257,0,4.228584106033726,47.49584100106322,-1.1461850403122587,4.785908204024934,-6.1896114225295324,-3.407081613936511,1.0863679121151792,117.85,44.30071599045347,5.86,Mid
CARE,0.5794488263825095,32.68000030517578,37.77453027890534,-2.737822961952745,1.0163230185456418,0.3939973641331543,0.8261831105778266,0.5202019034573008,0,26.726612938484635,-2.4424612760843782,-1.9790018597364183,3.084089304987626,-9.097809198378885,-6.54958884485079,1.0704307085534701,13.86,44.26849642004774,0.72,Small
MITK,0.5931875044429086,19.43000030517578,54.24932227271555,10.24426405112085,0.8680323320252985,-0.7152382654013859,0.25733008889688347,0.4889409120231927,0,5.3272934737201645,0.7257614463278144,11.070103057579114,5.109918167859354,-7.695957199635628,1.0506803033190155,1.0608954778811892,18.14,43.98090692124105,0.88,Small
AUR,0.6351304008029965,6.989999771118164,51.07940554721424,6.538634470811087,0.7069996411542836,-0.8369508243461309,1.5736786423538207,1.173108129585367,0,22.70967877301626,13.47402506706242,1.8151837381998173,5.947271982661487,-18.38879026554213,12.949635152521525,0.939810790935318,186.05,43.95107398568019,13.71,Large
VSXY,0.630400619240446,89.0199966430664,41.779597209214046,-0.886811099844609,0.834412536547307,-0.7438755552460912,0.0,0.9436040997049561,0,6.862514152016944,68.88635588802565,-2.5782764667557956,4.900022103133271,-13.117316573655765,5.977711848240798,1.0366638856110963,166.2,43.92601431980907,7.08,Mid
KOPN,0.6305514386551517,5.5,141.25353445044425,35.11853644674917,1.247858481560858,-0.04035429971215777,0.0,0.09091117163652468,0,10.435827754356803,37.499999990625,6.036745996518967,8.142856498817345,-16.792739953490926,25.68659349972598,1.001006032794787,30.63,43.83174224343675,1.02,Small
IKT,0.587186444355444,2.4100000858306885,32.39081833677211,3.2562149842921237,0.4514982375164821,-0.30437708506497346,1.0373384252333795,0.829884590228144,0,1.5806377435041663,33.88889718527782,-10.426542153736591,5.39419048140073,-4.74307853235798,0.5988018391764484,1.0122802110787754,2.08,43.82577565632459,0.38,Small
IMAX,0.5790001753487818,52.880001068115234,35.11408516935397,11.331006213550584,0.9974700194237309,0.020115386154469284,0.05824482810127066,0.699702607982988,0,1.2820798168707919,20.291178728869326,-10.52229571467519,3.874108603344816,-2.562704873478138,-8.209340175568848,1.102127552179755,69.89,43.68973747016705,2.9,Mid
OSCR,0.6295650982684682,32.7599983215332,124.38925117412154,10.265898298637492,0.9849393258124481,-0.06932688202125879,1.5567831573412374,0.09157719225178512,1,0.0,65.12095800870668,3.1271472008650103,6.085166065181988,-1.5329189335677595,-35.85366039566434,0.9797229453565574,204.34,43.57398568019093,10.11,Large
SHIP,0.6217998459810165,16.770000457763672,37.49864697519782,1.9855895335479645,1.1058051110915565,0.08701312339881272,0.17888359258331582,1.3118736713460057,0,9.767206803535675,-7.705006123141278,-15.488936764366118,4.902461842873407,-9.253242027803594,1.027614155985623,0.9734483835829644,4.07,43.46658711217184,0.36,Small
TWST,0.5784608430305672,118.56999969482422,134.22263904532178,15.060091481143884,0.8084951036319357,-0.5550541052982468,0.5188528793118831,0.1096375590380869,0,3.426967500128187,18.760020075879854,3.814599775410458,7.136832606189652,-6.194621626954365,6.304445005512789,1.296967587640309,215.77,43.417661097852026,7.44,Mid
URGN,0.5916260680808704,48.220001220703125,124.0343642295509,11.002408223601936,1.1180543003884966,-0.8872831956357464,0.5391918601117365,2.19826077651347,0,1.5903334761626,83.69524274234732,-1.8394275089948633,5.212715759696817,-2.9192611267692024,-5.2631563849635095,1.3025977321032678,37.99,43.226730310262525,2.35,Mid
PBF,0.597764931496554,71.8499984741211,101.97474403518557,8.829831173517753,0.9761449165469175,-0.6167334374054928,0.375778216835865,0.8211501049577867,0,3.0152979035892034,66.82659305787676,1.7848588555648082,6.545382398929557,-3.8667373189887484,-0.04700460193141829,1.2597336889634532,216.09,43.10859188544153,8.52,Mid
KOS,0.6480671603083809,2.5399999618530273,42.22971294973363,1.2961099505440137,0.5384670520183849,-0.9778560557557975,2.7559029238792268,0.3937004176970324,0,52.64060230511244,26.368157892574747,-17.410718887038037,5.877389502641673,-23.952094989072194,0.3344478404019039,0.7601569400807341,38.09,42.99761336515513,1.51,Small
KIDS,0.5948979010031431,24.799999237060547,33.76495268916104,15.97998005491367,1.2072141974169386,-0.445236242735529,1.370968399329999,0.282256842640504,0,2.1728809495264354,11.160913628920952,1.795468699437261,3.9956790641474984,-2.1696297282485317,-9.101648942929593,1.130636209145194,4.42,42.97732696897375,0.65,Small
ANRO,0.6045149730174619,32.13999938964844,80.93836570075639,14.194348592244937,0.862105927333906,0.2034650333028206,0.4667129082850923,5.878034369599202,0,1.9978803936411809,18.860940463222697,2.759623106714363,6.019023280810624,-4.544101165596707,-4.403182529788936,0.9777460345186662,17.96,42.92243436754177,1.26,Small
NVCR,0.5986176174876872,16.950000762939453,20.714940466927388,2.6122284983633146,0.4765878069994754,-0.7891917194052618,0.0,0.8849647145623106,0,31.217923206291864,-15.207599013677173,-10.866831242694255,4.494731152591195,-20.982701998274578,-3.0959753051346675,0.7200987224740342,28.71,42.91885441527447,1.97,Small
LFST,0.5966394936473665,12.420000076293945,64.91936021904898,11.565238272231076,1.6925842894445702,0.2613484766083034,2.6972627702266654,0.48308748445237876,0,0.0,64.06868948494963,5.872196110511134,4.6946153644149256,-2.6264212866719547,-4.8000017795520575,1.4681904230148852,48.94,42.90930787589499,4.75,Mid
CAKE,0.5824020275150877,113.37999725341797,81.03155046254452,13.325641633660352,1.271055105135958,-0.035879575484493643,0.30870180983532053,1.781623144625915,0,1.307713476985358,12.405309641348763,1.2241929489132966,3.965956082436508,-4.288368960216945,-8.84710978293502,1.290945307895503,188.31,42.900954653937944,5.64,Mid
KALU,0.5990598035347348,181.72999572753906,16.348890861054688,6.0212840683518,0.7304553054376189,-0.8455211664557243,1.7773597113620692,0.7923856684381744,0,19.700413514623495,-2.4907086693462617,-3.858964045194914,4.797539310745473,-9.084998607968862,6.166477743388465,0.9997196968641293,51.13,42.83174224343676,2.97,Mid
CCSI,0.5769530073177143,39.06999969482422,29.07929304059518,6.021545881299416,1.1291033901301983,-0.1364428421666169,0.6014860818559957,2.8410561018514646,0,0.7648645827037304,14.911763807867946,2.8579052725507377,4.563968898716738,-5.628023538941023,-1.6028522930339621,1.0630415865641205,5.66,42.501193317422434,0.72,Small
ANET,0.5874524837514209,198.82000732421875,32.58288309438786,8.19488662293791,0.845543345257648,-0.951849780712025,0.0,0.28921244635640564,0,1.7425773852041015,35.19652565249777,-3.1907982108448523,5.763469196859313,-7.478241012145036,12.96668076123221,1.117418814555569,1614.45,42.46897374701671,250.76,Mega
AEHR,0.6156006783810233,134.05999755859375,366.1136708046991,39.825710273263596,1.1819413132888514,0.33106846404197104,9.95076576214362,1.7902386544632787,1,0.0,52.705315138407315,5.835907685104831,10.28963630774306,-9.050201418032959,18.561826793468178,1.2339778491257025,342.1,42.443914081145586,4.37,Mid
VIST,0.6109027814044627,68.30999755859375,12.33908187820083,2.2512912211168383,0.7211150707985536,-0.7892545783063188,1.083304815694775,1.098952278906813,0,48.091062759694566,-6.373357434436682,-8.559830746947563,4.285400921609575,-16.122304136837347,5.303027283188557,0.9588419937557896,59.19,42.23985680190931,7.56,Mid
PTEN,0.6518830392881669,11.369999885559082,28.05327254452632,10.77012844994729,0.6701657685265405,-1.143334945167025,0.39577903907581957,0.615660942805159,1,19.769674016025768,11.058471019949426,-1.7964006313396341,4.633120384410675,-12.290977537625722,-0.08326585087779242,0.9272571750987562,107.97,42.21957040572792,4.34,Mid
TER,0.6153958720627041,418.7900085449219,20.192946312766537,13.055100342783938,0.49412076936005367,-0.9154803647333962,0.050142422405738615,2.8887966991774077,0,15.350413031448143,-4.368378766942483,-8.549456920352474,7.252663082927521,-14.166546001978118,15.153663938022916,0.821537496046038,1840.81,42.20525059665871,65.47,Large
ASC,0.6460155903343676,17.610000610351562,23.877966830343667,5.386000422501838,0.7639676001347963,-1.1369592539331834,0.6246377012163393,0.34071245803198114,0,17.581166478154707,-6.418466331605494,-7.857149491658209,4.084526533791712,-9.969244774937797,-2.8804009419328014,0.9567720686943034,10.87,42.18138424821002,0.72,Small
DTIL,0.6508381099376469,7.429999828338623,73.06584879315889,1.7390090542518006,0.524784961443884,-0.6052850020761696,0.40377133913097357,1.0767214317733582,0,34.69453383698684,1.9204371357884769,7.369757713676944,5.174005547648864,-22.765073628330224,-6.788076985656861,0.7093347643767601,3.32,42.153937947494036,0.21,Micro
SILC,0.6145947436085626,49.5,144.1954844762952,16.154920490500235,1.4252528892075207,4.820346999475858,5.131314980759658,0.3333351828767887,1,1.6566483999216235,3.2540705422326526,9.85020430598597,9.278499718868371,-6.515582083407651,-1.7962731326331673,0.9339436257290626,8.85,41.9653937947494,0.28,Micro
DK,0.5814302998183557,65.47000122070312,86.90443103818643,1.8105836441149197,0.9548347011705057,-1.0098422343415794,0.0829363065001845,0.35131106253492517,0,6.167636395550495,74.55705147487338,0.07905166096749336,5.501834771237993,-4.661381031018172,-1.7592197693329037,1.3379091595535606,81.3,41.85799522673032,4.01,Mid
MBX,0.6090976608805634,68.56999969482422,65.88695992715559,5.956886859291578,0.4422984272484409,-0.4020930378843025,0.36459093059500847,2.654221529674373,0,0.8511845651865514,31.083918742782835,1.4621713218433685,5.999083356829973,-5.602973195162477,-3.12812165687857,0.9712048203572217,57.51,41.841288782816235,3.3,Mid
VSAT,0.6290156110471162,82.87000274658203,63.157801291283256,5.535960664072266,0.6049479201316881,-0.6735184066345613,2.5339679285258114,2.093641309070894,0,13.605153276815187,-0.18067200981402995,-0.30776941938150676,7.509601779919311,-10.92120409106859,11.663318624134995,1.0453402967516885,223.22,41.68735083532219,11.42,Large
AYA,0.6275146451535282,25.920000076293945,46.83436776520607,13.946587203074506,1.3467437840931644,2.915235629155749,0.07716225966061002,1.3499201039690625,0,7.194997205845101,30.447906297066275,-5.066670735406861,6.186589974656463,-10.28037167185219,18.16793773001385,1.1387116401384147,16.11,41.669451073985684,3.72,Mid
OABI,0.59645174637297,3.380000114440918,85.43959230919711,39.151918598988146,1.7423615488838236,-0.0662394226675526,1.4792884795437864,2.3668686210739325,0,4.881063941594623,103.6144687571346,4.2452791974148685,6.453930004660751,-7.015127279812992,4.799995420443283,1.363090640114608,2.06,41.55489260143197,0.49,Small
HLIT,0.6100973109862715,13.920000076293945,22.58245535798973,17.572532338653097,1.4471038093029776,0.2146336118736307,0.4468361511850196,0.0,0,45.93277892283443,-17.633133782988544,6.982545063703009,5.4044534319678945,-21.26696925207877,7.912686626240001,0.9143139309863507,29.26,41.443914081145586,1.51,Small
IESC,0.6135218363191408,756.1799926757812,38.0521591782262,9.634919082048482,0.6093720485912176,-0.6369422060670622,1.7932235301006947,0.8615692971953905,0,4.796229058265196,5.774229521882361,-2.128802873832118,7.894664259188415,-7.38876637986193,6.384153388173173,0.9634899442099442,195.36,41.3890214797136,15.07,Large
ATI,0.6214474799510277,228.47999572753906,48.86137881755042,11.518392066859974,0.7608234036645638,-1.1422603507503926,0.37640083439661115,1.1292025031898334,0,1.261601215592899,15.74468226538824,-6.246981252154307,4.830995427162097,-6.195348829025264,-1.9061868562990014,1.1610989421770868,384.88,41.3054892601432,31.11,Large
HUM,0.6551884724226054,389.04998779296875,104.61333875211673,2.0614252082489166,0.6330065403851254,-1.1606871384393906,0.16579348451016696,1.006299619008128,0,10.830595863363532,97.80262406243024,2.6699981689386374,4.2220065211595905,-9.286983920044038,-11.271895609510493,1.0055572385810279,572.47,41.30310262529833,46.72,Large
WTTR,0.6141568168910776,20.860000610351562,55.62034184593876,4.794587660843231,0.677780971073633,-1.074818195861553,1.1265517551090025,0.5273279344570228,0,5.885075982235339,6.463797784953253,0.78701983506759,5.542268675211048,-7.180568548612361,3.0558511937327775,1.3066069322530993,38.79,41.23747016706444,2.69,Mid
COHU,0.6458687826169865,59.29999923706055,66.23227711529245,15.572011250012647,0.7793318363651653,-0.7956420855420892,0.9780806720186679,1.6526130772820224,0,13.611968593589296,2.969263899830225,0.9572140592015898,8.448567105125274,-20.509382774535922,2.940124273977468,0.8556074188299702,75.41,41.12291169451074,2.81,Mid
BWEN,0.598534557272567,5.380000114440918,112.44382750863377,14.810074668459627,1.5746510253779094,-0.1421394553766492,1.6728563906983578,2.602227945753901,0,1.3695599067348634,21.99547166374785,-0.20746372793502085,11.139139256528585,-5.614029920631417,2.4630518723474735,1.1395898849137847,3.39,40.914081145584724,0.13,Micro
ADPT,0.6157707487024378,24.739999771118164,44.6416504292031,4.95948269894158,0.6376548516948606,-0.4268542141268151,0.8488318260130259,1.0913519007706736,0,3.233992676778652,47.43741810650406,2.835949460463596,5.420661625743238,-5.410058796885175,-6.75422100749029,0.8687254699868836,80.0,40.89737470167065,3.94,Mid
OOMA,0.6024453750487478,20.829999923706055,68.64100069409973,-1.2421770796195089,0.8563224902918316,-0.8185526137995028,-0.04800878021115527,2.112340545598088,0,14.548089741337439,19.506595288616197,3.1446522307675266,4.70783901715859,-8.31865953646546,-3.8507201312614243,1.124241191129143,7.46,40.77326968973747,0.57,Small
NNBR,0.6314186636248796,3.9000000953674316,113.50976823700788,9.213108124031118,0.9380026474968841,0.5256007222725264,2.051280044340738,1.1538480815900398,0,3.978583186931259,7.734812668032931,-11.006286074686065,7.710623901931821,-12.94642681042981,2.0408143398425014,0.990660509671212,16.28,40.74821002386634,0.32,Small
OSPN,0.605480320313574,16.34000015258789,40.2673918070426,3.0719755149022534,0.9530232769696148,-0.6330725906932545,0.1224018211485771,0.550796522288457,0,2.7052261576390753,58.67488928641348,2.0685238717149015,4.520021840959275,-11.580083563539246,2.1468107682083875,1.3285364612052137,7.01,40.741050119331746,0.6,Small
GH,0.6383997673614609,157.2100067138672,38.42713945370917,0.835112072006724,0.698982467891183,0.06963594809709767,1.0877212905210532,0.6360918244941663,0,16.689171593980365,5.354513756700041,5.478920609227846,5.309547970508485,-10.969529344331026,-2.889079905678588,0.8818177020456298,419.07,40.72315035799523,21.1,Large
AMN,0.6169754898335001,34.5,97.6167110937304,2.028746249652527,0.8731342882750733,-1.2544606176346254,1.0840595632045382,0.8405823638230084,0,5.690035142541498,19.088715283142655,6.028573172260791,6.396273895326855,-7.307902018866893,3.0682953531229407,1.4033456917260003,31.35,40.59069212410501,1.34,Small
ALNT,0.5951666160668525,111.41000366210938,55.799940866590745,15.609519547727551,0.9210709377004531,-0.7732731408706941,0.7180642635847786,3.204379837935805,0,4.358236734582975,14.114520942555728,1.015169850834494,6.243989138470801,-6.11780114501984,1.1867712506277128,1.144965945759139,32.58,40.5799522673031,1.89,Small
GEO,0.5971582696182121,31.219999313354492,117.21389590571034,0.9261778112547818,0.9769283266787671,-0.6507685631808451,0.064062966697363,0.4484285481200118,0,4.547713816667238,117.5609650330987,-4.9558758898307165,4.429395313478305,-4.291844464528509,-19.2372836211946,1.3200267555187473,62.28,40.5727923627685,4.11,Mid
IART,0.6854511541250753,18.34000015258789,55.09731146438461,1.6545196156037973,0.6390862359219197,-1.2347694500983488,0.5997852204491004,2.0174527597319263,0,13.835053210741618,38.72919653368894,-2.805199561035282,5.9549784606885465,-10.492921632219307,-6.149066755278542,0.7549391104142595,17.2,40.334128878281625,1.43,Small
KNSA,0.6110216697552581,76.75,57.10141644610371,5.280846010433653,0.4957414769951483,-0.5165682519540358,0.24756018423944545,1.8892468380759544,0,7.806786375956738,29.645268598967306,1.7357319735600019,5.606144070347945,-7.46322915254868,-2.967611345653203,0.9897372108923792,61.63,40.31861575178997,5.99,Mid
RELL,0.633480336768405,20.34000015258789,41.194074642945665,5.406506985253938,0.6137472317854337,0.019895887646485966,1.868235781205593,1.8800418377964399,0,12.542663107695049,20.277210077526888,-4.540156615602982,6.15430202709582,-11.883311538650235,0.9096458231906188,0.9143652098572704,5.3,40.29832935560859,0.3,Small
KOD,0.6366965404417888,41.349998474121094,73.39413082792936,-1.6974169500351706,0.8235342214403771,-0.12020202185699919,1.4911730577017586,2.5393061438431834,0,25.22722525976593,3.998994516271871,2.8846143522837027,7.511936530182868,-13.566056976653378,7.263062184759078,1.062239122919746,30.02,40.1945107398568,2.59,Mid
PRG,0.6355492822269994,42.619998931884766,14.40997994262383,-2.5884250256193697,0.8178240206319758,-0.6541601777185472,1.3373995990047247,0.28155545492559075,0,30.916067544916814,-7.568860620677617,5.837999119584733,4.333981574451701,-10.70605627331435,-6.063268107120204,0.7934375080278474,24.36,40.16109785202865,1.7,Small
CUE,0.6393151703257914,34.20000076293945,265.43960078630215,14.730452668221622,1.8711050904192714,-0.1545865160074604,1.18420693055629,2.1345015378071017,0,3.5229079726295827,12.426037728602672,-3.0808699908308155,9.666038319860128,-24.835163157829,-3.5302889940206006,0.7705479945172289,4.98,40.157517899761345,0.14,Micro
DDOG,0.6218153605754002,255.4600067138672,87.97666697558424,-0.2652832671547431,1.0939037164825893,-0.37611061030492704,0.9786207920996834,1.6558348141986825,0,17.56799427577976,35.35739548381575,4.573041756296119,7.429398663769321,-12.728885744509,9.068028914677003,1.1913780290679346,1276.93,40.095465393794754,91.73,Large
ACRS,0.6169913683263727,5.78000020980835,57.46341344814114,2.2104361789970737,0.5676620251407072,-0.6736292260905252,0.6055336701659834,2.422151180218979,0,8.24862639533356,70.50147581829405,7.922532091299983,6.15793211453713,-11.281652672710067,7.239822761661364,1.1949065350777885,11.1,40.07517899761337,0.85,Small
IBTA,0.5886808213767436,38.84000015258789,75.18068393321553,23.262458189601187,1.2614325267261424,-0.11911880978721749,0.4376883838132754,0.4891828680681224,0,0.0,47.40037795000405,16.79873015865832,7.989002116141143,-4.063234365624368,2.518432332807931,1.4453551394412325,8.95,40.05847255369928,0.78,Small
AMCX,0.6050682935885808,12.359999656677246,54.06169033546857,12.32789270408364,0.8287329538782366,-0.07866023528707287,0.0,0.3236320116117295,0,0.0,10.357141670207303,6.673020252352124,5.62297778905462,-1.2779616231917101,-8.050850239237706,1.1414538607497038,7.97,40.036992840095465,0.51,Small
FRD,0.6217245358303665,45.849998474121094,110.90906784086796,21.786013327040116,1.1297714982016458,0.19689335121163337,1.4503837244142623,0.0,0,0.0,32.20745147655888,-4.429446508448547,6.595264136683763,-1.7991008294641029,-6.9485139955463735,1.1923825844700604,4.48,39.86634844868735,0.33,Small
SPHR,0.6030440178007386,168.0,30.61760667819766,11.069975383356406,1.0907759176851028,-0.5457924219149397,1.285062517430967,0.32142457507714184,0,6.798779413225445,56.38089874541521,4.4594031889295085,5.462963727055763,-7.504269402806835,-0.1763668430322655,0.9999518672628414,125.77,39.8472553699284,6.03,Mid
EDRY,0.61943487552892,36.56999969482422,153.54808772229643,26.827236608013116,1.8738587510847722,0.5385028676511128,0.23242845277453464,1.5036917131679155,0,5.490929118614082,51.61690888013397,-9.000450999971806,6.677976021962309,-8.575000762725079,2.0408206438181447,1.3741019928606193,2.77,39.71241050119332,0.11,Micro
CRSR,0.6194210028294057,12.989999771118164,169.0640461848838,14.512395156599942,1.133547391529819,-0.1966444482678284,0.4618970028427913,0.6928418334622888,0,5.8510392130578275,8.70292868925119,-1.0256449380458472,7.793356276474479,-13.272799822819714,17.613367061222068,1.4842104006606531,27.24,39.66109785202864,1.41,Small
ABSI,0.6491488410428774,9.180000305175781,264.7784359357761,10.629071531832501,0.5564145583519389,-0.6563937474569369,0.05446747575328703,3.8126401938599743,0,23.2478589841256,-8.883369934930077,8.860761020682007,6.818394919578514,-23.849024694981853,-7.407408298111648,0.7069093403973677,48.42,39.64916467780429,1.58,Small
NEXA,0.6084038384591539,14.180000305175781,12.788153994437135,5.672296162999412,0.6919030089683055,-0.690905811250021,2.1156571527308423,0.49365759511336493,0,47.912066477140996,-2.2067336487623606,-5.578343824327713,5.595406264481419,-15.176357582970335,23.402910247148093,0.9457573834070121,10.1,39.63842482100239,1.88,Small
CHEF,0.6268582821896928,109.08000183105469,46.324543520459095,3.756760791161883,1.4592733866921666,6.0955952261017,2.9152917599615344,1.970577171921822,0,8.69396763897931,6.56506563166031,2.2968336714683852,4.472438707803846,-7.031449647302478,-9.75671767712894,0.9526078798162323,69.49,39.6109785202864,4.45,Mid
VIRT,0.6399217819057754,60.02000045776367,46.80535328405293,3.7152247734908848,0.8097436903882298,0.027031651435142884,0.4998321139078619,1.3162230836249997,0,14.730785554698405,23.229709122301774,-7.23389456138949,3.98997864308875,-11.761241664219632,-9.39346312000007,0.9442819802151539,73.35,39.56682577565632,5.3,Mid
ECO,0.6171296587725809,60.290000915527344,54.27088516687715,9.263406235031796,1.3472285147658842,0.5920734390948,0.6136986668768445,0.16586245248120587,0,1.2476746159511871,35.07511165756947,-7.423905639118924,4.836697434855992,-8.468445406979832,-3.252882865377818,1.12800694683799,29.05,39.32935560859188,2.35,Mid
AVGO,0.5998491034093693,392.989990234375,4.543868678929086,-1.6267078342143495,0.6554570272179103,0.4342578778438352,0.1374102542913232,1.1425202539346595,0,38.63259827802985,-6.039013649742967,-2.9905960297193146,4.285277976401623,-20.48243178768376,22.354611494159236,1.0265007646861453,10188.83,39.217183770883054,1869.68,Mega
CBT,0.5581337224862254,87.87999725341797,1.3854438799551394,-0.13239563363161733,0.6056193454958279,-1.0949263421595408,0.00569513310066517,-0.30724201285448227,0,25.080090728465176,-5.91006871758174,0.2655137353550651,3.983110606541721,-7.034805470943244,2.6269472873556206,1.065758585903399,48.69,39.12887828162291,4.54,Mid
MTRN,0.598534557272567,283.1400146484375,63.79452988691439,12.975149458487445,0.6500798284414657,-0.6140388242158861,2.4225118269804757,0.3708477277035279,0,11.22461506314401,-1.3518132930581497,1.6726464288438418,7.481637610622712,-7.039192615720606,1.9560656122490045,1.1473443996807378,114.05,39.10620525059666,5.89,Mid
DIOD,0.6261062974693699,103.4800033569336,29.002301421602606,12.837627870544807,1.6127974689087166,4.60860161345226,0.2222610360221149,0.8649055309412294,0,36.797650205840434,-0.6337584372735363,-0.10342906315348993,7.035866989985193,-17.866493283853277,13.569096632840182,0.9523773352615373,63.57,39.1002386634845,4.77,Mid
VAC,0.61912411900709,120.98999786376953,117.42593796567058,14.36376125717668,0.8782403417337414,-1.3259440810800913,1.834863426631695,0.5537632703276589,0,4.974518414051732,-3.0140297684972572,5.59112200393978,5.292055341158653,-7.880309702016028,-2.60819106071054,1.5022557891866253,57.46,39.0763723150358,4.16,Mid
AURA,0.6139351020590285,7.690000057220459,25.00401586242478,5.083356451226153,1.3923611290738998,0.31911904795060914,1.3003888670413002,1.8855654073956938,0,27.756768674197158,-13.595501270073942,-0.8583751297965698,5.396618892390823,-19.349762134489215,11.046514769326132,1.0872731956175494,4.58,38.995226730310264,0.8,Small
ENTG,0.6187033377909575,161.75999450683594,9.205034965702374,17.47613156218791,0.6015565270873323,-1.3929209962628941,1.2920447994812734,1.174585323802912,0,11.558397409587391,14.511962986568383,6.9122168199686955,6.370215403903049,-13.396268107991302,8.159336868270975,0.8294074424442206,525.29,38.963007159904535,24.72,Large
HNGE,0.6028631569693147,88.48999786376953,109.63517155167767,8.81367152967246,0.7747246818486804,-0.476180067398887,0.45767746532867404,1.7966970212739755,0,10.018219453395293,12.055206402162305,14.674473896595952,5.411902882977096,-4.982282321959718,-5.796115810884958,1.2560878056210478,179.81,38.892601431980914,7.14,Mid
ONTO,0.6380968752235122,331.7099914550781,39.93168912941225,16.48204385632555,0.8449429679684288,-0.39099067161634143,2.924235609206093,0.21856625431544274,0,10.650379231065038,33.710895278305955,2.5835307588408383,7.888881614985907,-14.167055118362088,3.803851702307605,0.9027233824051748,436.06,38.87350835322196,20.28,Large
AIR,0.5869641622819776,145.25,13.729645686656312,3.3966063087590697,0.48195324600254563,-1.002604436296693,1.0740086461845164,0.8674660976435546,0,2.9359552856851057,1.4740817516654343,4.647549472650128,4.1219583271702875,-5.681818181781288,-5.387931004903735,0.9998575067637194,66.26,38.855608591885435,5.85,Mid
ETON,0.6115417468005951,58.86000061035156,236.00538981262667,30.537475788499158,1.7066478502600182,6.927887722402952,1.415054353254512,2.3530447194106237,1,0.0,39.083178247658104,-0.6379973055394735,6.657794716515649,-1.3953099589391496,-12.097066565129609,1.3273597810602547,30.39,38.83890214797136,1.61,Small
APH,0.5670962585300419,167.11000061035156,2.1117454340066732,3.655322696081013,0.6045827576250845,-1.297702451119401,0.4666937735146298,0.20943740257684382,0,5.845833350363751,36.655597222770794,-0.9722230491820739,4.344010668016731,-6.391442633303591,-1.0838676497110533,0.9053342050382936,1295.48,38.80429594272077,206.04,Mega
ANL,0.6211329546850906,13.25,22.745297218831272,2.510541843682372,0.6012925114646037,-0.8618941842970972,0.5660362962979347,0.8679228008263006,0,28.57079487687526,-17.239226666158558,-8.412838589847206,7.776280940382306,-23.188405795757195,7.015985308388557,0.8415834418842567,2.47,38.5835322195704,0.85,Small
TSEM,0.6275146451535282,265.4800109863281,84.18192450507024,12.721748814020529,0.8098555544757963,-1.0069156386472151,1.079173616017272,1.1639280586130896,0,13.012514536062959,59.85067922614178,0.3118372350670535,9.392555035497892,-17.02193881331913,12.82893878766694,1.1570691122031915,523.16,38.5763723150358,30.01,Large
PLSE,0.59645174637297,44.540000915527344,75.78147966656472,20.536381131859592,1.277328442895465,0.24353045316627478,2.155363863309738,1.6838796240834821,0,1.2225386996904024,56.55535929890752,-5.404460322571124,6.954744291345668,-5.173515524740857,0.0,1.3789237039488136,17.25,38.557279236276855,3.18,Mid
SITM,0.6364033891250156,711.9099731445312,53.66028054402208,19.322153183659058,0.704811912752567,-0.5122523959978796,0.5351796859593785,0.6229716854503359,0,18.822978521471455,118.83375049658194,0.09188762588753158,7.845493821484939,-21.057653488867366,6.807438727629873,0.9684364074671495,402.4,38.47136038186157,21.41,Large
ERAS,0.6471004621574551,18.3799991607666,34.74908487003414,-0.7854084941283775,0.6495526007654979,-0.6342269968250192,0.4624646120664956,1.4254681694581421,0,22.669498069171347,85.65656432458206,0.3129862582183797,5.735272776587839,-24.299840851656267,-1.4415749314836683,0.8522269834975906,90.76,38.436754176610975,6.43,Mid
AVR,0.660107323255656,9.399999618530273,50.93254834119993,11.301872635668094,0.6761812823056471,-0.529820786378381,0.21277083588511161,1.2234018699238065,0,27.39869750128866,67.85713889165615,3.786978722005179,5.38069991813184,-14.970607334320524,-6.145253658039686,0.8391956199968008,11.5,38.2291169451074,0.92,Small
ADEA,0.6290156110471162,29.829999923706055,48.84027794486654,8.798132787256337,0.4713895307202926,-0.7432620669343253,1.9443510733155658,1.2738825401466913,0,41.7118845522317,-6.138088751899541,-2.245869271073593,6.880656763683797,-12.971367027798411,3.74414628430249,1.0517142910989121,49.07,38.1491646778043,3.29,Mid
BELFB,0.5950942117240353,290.0799865722656,10.823327964123909,4.1063982887806185,0.5031157836056829,-0.8289423148156286,1.51683143192341,1.4237364025081634,0,20.74589127686473,7.971816788650426,-0.8279088758794131,5.8466648231918095,-13.462176068289523,1.12106010555754,0.798766959845793,85.3,38.110978520286395,4.19,Mid
RMAX,0.6071218203855149,12.550000190734863,65.75568601537142,20.16468961755398,2.0480680526133583,0.601965097787184,5.856570880065004,0.2390416933296027,0,0.0,26.257552517807465,15.585589516220566,5.073990199224353,-5.886762992933033,-4.925547854225595,1.3163947850126896,5.21,38.01312649164677,0.27,Micro
MRX,0.6240955555928358,71.05999755859375,62.37292736488358,9.644416730841224,1.045274991575788,-0.3395426068048314,0.0,2.2938324083827726,0,2.0936826299586446,65.53497490601507,-8.976060047852826,4.839876424111771,-5.755973314852008,-14.860849897265346,1.026840646238716,62.61,37.93436754176611,5.11,Mid
CAL,0.6294667917158874,13.369999885559082,2.0296769142733373,0.9018518093865308,0.6343051523497218,-1.5341422267708091,1.587136623750069,1.3836908564850743,0,30.352611869130975,26.043334139132877,0.5907227530734132,4.8227373770952084,-15.380865195758439,2.691218870525526,0.8238353529015918,7.77,37.82219570405728,0.45,Small
KINS,0.5580961191701016,19.690000534057617,8.594770983105704,-0.3728796668651519,1.0606623481691113,-0.618825464486614,0.5586526156110528,1.0665362423296376,0,14.467673812014246,8.58596738386342,0.8959716845186005,3.8409409070183282,-5.493831880622475,-4.416610361552561,1.1205086166210572,2.48,37.70286396181385,0.29,Micro
RRGB,0.6046076322039812,10.140000343322754,193.64629324823298,27.7641332225879,2.3859634856448584,0.8215009048775231,2.662716912436048,6.114397085856229,0,0.0,109.93789860027496,-2.995714043127133,6.375035811490491,-7.397255524909182,-2.7210967465100544,1.3426815801451093,3.29,37.640811455847256,0.19,Micro
TALO,0.5791654945953328,15.770000457763672,10.598322311744779,6.575659098340479,0.766875471227711,-1.1129571167408903,1.455293660229376,0.9828771620932659,0,15.215992716218455,1.8733909824568036,-0.06702566239965924,4.40687584389246,-7.507324554241306,-1.3175217735915952,1.059658405823905,31.93,37.56563245823389,2.63,Mid
PKOH,0.5954004288778754,49.400001525878906,64.47531058695056,15.839044273041791,1.5978753521797544,0.8634903158632001,0.36437307613814907,2.3886645115460863,0,5.024340189948933,26.8741021386369,-1.8803017230439387,5.388241039836464,-7.3170689811130885,-1.8221137180400127,1.6041621891001194,4.65,37.49642004773269,0.72,Small
TECX,0.6303800609033832,34.90999984741211,39.16042566352724,12.256217434197112,1.457922540299606,-1.0104283560200216,0.3294233141396813,0.8880016460530468,0,12.515437389634185,-2.676328723256671,6.8404838625668445,5.99807877377206,-11.687323740033946,1.301903019799811,1.0765002896867744,6.35,37.48687350835323,0.68,Small
PLPC,0.6038428442739372,464.6300048828125,56.794512053734714,20.04717930287233,1.1493133373164008,-0.37306383771471496,0.08932022051086734,0.9448344025817176,0,3.2531162880123046,59.146793172779724,4.950673981500415,7.6271898997074095,-7.937545298049624,6.8729283712758145,1.3849732515508801,48.87,37.472553699284006,2.27,Mid
TK,0.5574464801126923,12.470000267028809,8.213144172981512,9.506039665718982,0.8349472700182744,-1.340888212169391,0.1299123116647197,0.3207695348297721,1,8.91191769537843,16.000002482500545,-5.263152705076602,3.8585171467065833,-6.254971550272235,-4.104805893598746,1.074809917239773,6.82,37.43914081145585,1.09,Small
TH,0.6267668132063988,17.440000534057617,131.76728612262556,9.020445138624819,1.0712773727301277,-0.4178642736350018,0.31536871266271177,0.4013743846137301,0,30.016513711435028,37.75671993586195,1.283624596417054,6.163990715049638,-16.354915035297413,0.1172248009373669,1.245366900519596,21.63,37.13484486873508,1.74,Small
CDNA,0.6190635279000618,45.31999969482422,122.71707288345084,7.2637331064121495,0.7732739839382011,-0.24738869994680443,0.6785060325432848,0.1544565209488925,0,9.769655961116936,12.345065749320284,6.519003731095725,5.518692413540602,-8.922827122963117,-5.154637588558771,1.2143721540635715,50.4,37.00596658711217,2.34,Mid
LB,0.6009720397888636,78.69000244140625,17.71461153667877,2.3064153843074418,1.0736068795223064,-0.8816220055660569,0.0,0.2795796338475722,0,5.246633825944171,29.190613426766664,1.7252431691303187,5.652741545822793,-10.579542680099948,13.113459157103035,1.2719203075251475,27.53,36.98568019093079,2.19,Mid
BJRI,0.6251949356369043,67.94999694824219,53.96637173019192,-0.7659817722821133,0.8879020307992097,0.09980134719554122,0.25754681326702283,1.7954396990105104,0,10.52861219571518,13.514861769574518,0.933467585345463,4.396613430872389,-8.914211342908624,-10.399091292735612,1.0611426039028136,36.91,36.80668257756563,1.45,Small
KRT,0.5850616276351527,47.90999984741211,78.17015625390592,12.270423196475818,1.567216847763845,2.696209521723829,0.3652666199420723,4.174493855829738,0,4.9565111979876955,1.7413457042890692,-3.7542669976625933,4.454782028502387,-5.707540734974782,-9.767086371355267,1.6211174385045835,6.8,36.779236276849645,0.95,Small
FSLY,0.6183758846305484,29.93000030517578,72.03559353636896,26.89462282633951,1.2648580676779175,-0.8520035942435227,1.470092289368252,2.2552660791984667,0,8.082088858675505,53.48718104944056,2.3166001839768016,7.473152277083467,-14.043651442750788,10.465676010829581,1.5339595278114007,175.81,36.659904534606206,4.77,Mid
DXPE,0.5825444390237806,200.83999633789062,26.469008202209654,14.297419456872396,1.0685911848467786,-0.11230354580818393,1.2248589716742753,1.0008015346870338,0,0.0,56.198470584266005,-0.5715006180965669,5.320156942337801,-3.44230945292065,-3.330540688789575,1.3930941131680847,31.66,36.52744630071599,3.12,Mid
SLN,0.6146874478734002,13.720000267028809,187.64224390192777,13.811697975223444,5.438926270444126,0.14500342302584257,1.5284229346989133,2.0408212913667554,0,30.10254812044581,-11.082307221099365,-4.952385311563314,9.923312730069332,-21.93900716606778,6.396253621030504,1.3006221961449984,14.42,36.49284009546539,0.65,Small
MPWR,0.6195001113520834,1402.010009765625,7.1559986967177025,3.0443055354818758,0.49249772240008255,-0.7957230560659441,0.15192508384209433,0.22467916720415176,0,43.14146044637877,6.9160068312899226,-1.6623520269613854,6.325968916548012,-18.081939952400543,12.8321905578717,0.8798296610012771,1406.87,36.485680190930786,68.9,Large
EAT,0.5931052379369859,237.14999389648438,31.34214164609126,11.270636395529445,1.480729544375893,-0.7274270320602193,0.4385381880222113,0.8644266690788626,0,3.0800623670826885,60.45330784792523,1.2516558223232306,4.382699723219411,-6.527142161954155,-5.097682472013776,1.3370697624153247,255.14,36.468973747016705,10.17,Large
NGNE,0.6477215548275624,36.13999938964844,98.02782401301147,2.6354643161711957,0.9767830594420869,-0.508241581926418,0.7194303835482265,2.6978375499734617,0,17.410214113551707,53.85270217646148,6.459393617371331,5.755395569546766,-17.224004772957347,-6.826853403262232,0.9093989578690492,8.62,36.459427207637226,0.72,Small
SCSC,0.6175674212251056,53.189998626708984,38.901793292675826,-3.7563807016390616,1.2003040307396609,-0.5902486707214,0.6392182014661113,0.32900778637994205,0,16.554054054054053,4.560644276570766,-0.16426382749108911,3.868877480143682,-10.755033576196894,-6.518425437161343,1.2429109415868362,11.63,36.43914081145585,1.08,Small
LPTH,0.6221526741111585,15.170000076293945,6.994084558606173,27.404049003951748,0.9981039668882615,1.9054445064675143,2.9004586561728534,3.295978888941384,1,17.868318969415625,15.53693788207954,-3.537283787517615,7.491289538125445,-19.90496489577952,8.57874623764212,0.7952542762713841,47.47,35.9653937947494,0.95,Small
PARR,0.6216757626081035,80.31999969482422,79.40240320218909,2.742529506813747,1.0270060938461023,-1.156114137097133,1.0707178954288183,0.3610569181095511,0,4.664751958567662,30.835641787055295,-1.4950811667324415,6.459875435315757,-7.709984118708,-0.769369561049553,1.6276130478129192,79.46,35.93914081145584,4.02,Mid
AGEN,0.6194210028294057,7.320000171661377,142.28171219007817,7.315644948078143,0.25168324144385357,-0.07772739315380318,1.912566436930767,1.0928951068175814,0,3.9885765090113363,19.607848175581992,-19.36127236893417,9.943403413597476,-17.28813721679614,4.658388012051933,1.3053614790088,36.74,35.830548926014316,0.33,Small
KELYA,0.592258173330779,16.059999465942383,52.28360367590255,3.928036586131378,0.9152321513071056,-0.7034214443013295,0.0,1.400992747593454,0,1.2998244241494226,56.07385349775602,1.0443854477080743,4.8278779829575456,-9.521129768802286,-3.169019552815471,1.3804562543933978,6.28,35.785202863961814,0.56,Small
BLZE,0.6088826751742822,19.020000457763672,363.3290487567723,21.0539733849132,0.7761510505628125,-0.04800345998517404,1.6298604546013413,1.882228144062898,0,7.102504862751892,150.59288634892417,12.178521767848832,11.006834651443866,-20.71696273682654,6.918235560050438,1.486390925544079,69.56,35.782816229116946,1.18,Small
FA,0.6185426027880802,21.579999923706055,90.96340110639764,1.8549111836517036,2.0083661506287687,0.6998890650372821,0.8804473342008375,0.7414265429581032,0,12.420048388707455,27.01589296146088,12.125283872240487,6.665895612624638,-14.194830015233597,1.1235973784090179,1.334470888789691,50.81,35.779236276849645,3.71,Mid
BWAY,0.5853580406929444,16.31999969482422,29.291503377493044,3.6058900175886297,1.8505394251216063,-0.3246650344684657,2.0833343071378003,2.297794160473856,0,17.00777362833256,-1.6867510855072023,-1.5257516323048927,6.035539729251322,-6.2068962489736546,-0.783473340229934,1.1655956343940532,2.02,35.68973747016707,0.65,Small
KRO,0.5537119279222277,8.470000267028809,18.30615784608256,19.62432437493739,1.1435225873469403,-0.5449838515730705,1.6292742649351735,1.5938633365976742,0,4.60442541569011,2.916169357381321,-0.45593024546561517,7.103219904535097,-4.810064146866736,7.407407154776216,1.660290262184923,3.34,35.665871121718375,0.97,Small
KTB,0.578149416419172,84.9000015258789,13.597149910930684,2.3372440942228656,1.320357580684298,0.14889210438331701,0.7302651425644706,2.155479149756338,0,7.576975641128708,10.224029483770195,2.37232533190711,3.983678076991052,-4.563846223394077,-12.279943399654556,1.0896939392269935,71.01,35.637231503579955,4.69,Mid
LEGH,0.5704143928697653,29.329999923706055,21.54168494067097,7.176787749633366,1.1144908734286232,-0.21795117326524516,1.2274142900638636,1.3433314038284778,0,0.0,54.77571895679828,1.1198250621339187,4.295699647410379,-6.413529735263021,-5.038760167278114,1.33046193849728,3.38,35.56443914081145,0.7,Small
BCRX,0.5974977931316726,9.739999771118164,28.674879043293224,2.6722157342889323,0.8932435448524103,-0.42399616305215826,0.6149926613442827,2.2587296937992125,0,21.648676178541855,4.731178186150352,-0.538215187672701,5.096802561296795,-13.190734942563948,0.7272778134475932,1.2304863634506382,46.21,35.48806682577566,2.49,Mid
JRSH,0.6154531790693414,5.300000190734863,55.741441291165714,9.623045811381816,0.18240451441283773,-0.10429348072962617,1.1320743511124491,2.2641576991520864,0,0.8928805461006452,41.33333840857413,-2.660751207150738,5.649596651045517,-5.357137838448186,-5.5882298063719515,1.2202319849671805,4.87,35.48687350835322,0.07,Micro
WHWK,0.6156197668170221,4.460000038146973,33.61235152108508,7.898875555568417,0.9877477320551223,-0.18761267308366025,0.0,1.121080499910184,0,26.543865709809957,-9.533464634109379,4.627250947474298,6.9250466519937675,-18.835302434559587,7.373275583799965,1.1063052020608597,2.29,35.44152744630072,0.25,Micro
PBT,0.5998318033388185,32.689998626708984,62.83542294710476,6.35634553064394,0.8402974292350943,-0.14216696605034507,2.6307759145104437,0.5200311290353411,0,3.405372897160166,16.86863056754204,-2.922529347266541,6.605699368350122,-7.707508987261315,0.3459085075184599,1.6448050649179904,4.08,35.40811455847256,1.52,Small
AKAM,0.600471497669871,124.98999786376953,4.921474667011849,5.653772374113415,0.8881362049927055,-0.91012593632973,0.5840494194770741,0.8400635573250455,0,32.99992374279999,-15.381496051215644,4.010316662680751,5.02783063966396,-24.454517878827907,18.95110954963241,1.0321869060974014,482.58,35.33293556085919,17.96,Large
RCEL,0.6089368936971782,7.849999904632568,96.46109349895067,38.81520620448525,1.300745668007433,-0.09272842289157847,2.0382146412168174,2.4203829236243593,0,4.518155939734777,1.029600050091883,9.607838827153623,8.207462712483565,-8.18713766555202,0.961537579581776,1.6506575417418388,3.69,35.230310262529834,0.24,Micro
KOP,0.6091621321868242,47.13999938964844,23.82378926891391,-4.922299736114146,1.3740569702113026,-0.21814778594483186,0.4879073933165029,0.520155099722989,0,15.917553953301852,34.59537633225327,-2.197805951255703,5.349599124998745,-11.056604924983013,3.2722205671533415,1.3834386083689576,8.78,35.20763723150358,0.89,Small
RCKY,0.6303243599159544,47.529998779296875,30.735925740252124,2.976858979711093,0.7454854675175514,-0.6513544510463578,1.8935441804639679,0.2103902307747317,0,11.934684655772216,4.139562364314656,1.3922806886427983,4.843558081315575,-10.33767160091933,-5.124015095207504,1.055057402937519,2.87,34.88902147971361,0.36,Small
DCTH,0.5938808421326967,16.729999542236328,68.88257204790497,21.06081597393508,1.6273544353473965,0.11750108879129913,0.5977309276745026,0.32875258025943577,0,4.836730525994231,8.144791553827613,4.6057777768557395,5.482025254136989,-3.9609674569232443,-8.32526295203935,1.4835079582955517,9.91,34.83532219570405,0.58,Small
LITE,0.6275146451535282,926.1400146484375,44.17197838034439,16.058882481630306,1.265326651562896,-0.7164197158382344,3.428747746617168,0.7201850443234222,0,15.183301228872356,31.11630872215529,-4.1169704168253,9.615516312215732,-14.694940605847274,9.034114097471713,1.1807078097762278,4799.41,34.67899761336515,82.06,Large
CERS,0.6055251188183053,2.9800000190734863,22.766777300033937,10.595658799427968,1.0075970327707655,0.01374904121709488,0.8389293690949419,1.677850737566478,0,14.660202375233155,9.558823074737772,6.389777645600569,7.370566314527228,-14.1210376183133,3.7594037513846352,0.9953835897188573,8.44,34.63126491646778,0.6,Small
TSAT,0.6194210028294057,50.63999938964844,77.5488419947306,10.538722403761334,0.9020201806493473,0.6692733538941836,1.1058479068513372,3.8112170781980494,0,28.815883134688953,-7.506850429728757,-2.9961520630994296,9.709998419797582,-17.712059414272083,6.197908675087366,1.3378979862514557,14.89,34.56324582338902,0.77,Small
NEXN,0.6175481226928139,10.470000267028809,58.21187557470704,0.8670558003155556,1.300702751614473,0.2383129391531097,1.0506266240265567,0.6685830630997129,0,11.793237653982324,20.900698051958734,3.3464582446920876,5.4584522080943065,-7.345131943565273,-5.346300832048325,1.2756919693881974,4.57,34.5035799522673,0.58,Small
NPO,0.5838218690699097,343.3399963378906,12.321623546773864,4.18243793810686,0.579795032304529,-1.0527922955523314,0.15873869445621605,0.671344061385184,0,16.457746036677054,-9.47107854841788,-3.4709348150537376,4.5343430688655575,-12.0588124252082,-1.418663249309315,1.0828698082552148,93.32,34.47136038186158,7.27,Mid
LXRX,0.6262878827715556,2.319999933242798,62.53883159009752,-1.339572264936368,0.7108219399993013,-0.3192949419185358,0.6465562641953497,2.370682323168854,0,30.86250210284304,-9.019608756242151,4.184106218410221,6.6040641707147545,-13.432840463159978,-1.6216200533475653,1.1211699725645512,8.08,34.340095465393794,1.03,Small
TIGO,0.6136726155371625,93.88999938964844,33.07715851087345,-2.0116372641451252,0.6195986025091752,-0.4151436727814305,0.34295302831099783,1.8851812275575541,0,19.023472187798287,10.887708078486092,3.8641402926923774,4.635667765015622,-12.358814713983875,-3.6946691248152295,1.2507167639088246,145.3,34.091885441527445,15.75,Large
KZIA,0.6454156091515442,13.520000457763672,148.4746275028417,3.8961073221758618,1.0193786120071764,-0.471898284984946,1.7011799884018666,2.1449700592654137,0,19.49984858777408,17.259330188267743,8.095951358857974,7.940617672987184,-22.298846239120465,-5.022832879131766,0.9572456735291365,2.53,33.86396181384248,0.15,Micro
PRAA,0.626451059008957,20.600000381469727,77.96296379217765,13.975878603082375,0.745889064746679,-0.3881350064359191,1.8932008854733846,0.970868212997783,0,7.645585891604527,37.88487924818512,6.291397594562066,5.187239531013931,-8.647445328067043,-8.701849311223743,1.2176646412922343,13.02,33.739856801909305,0.78,Small
SKWD,0.6036266783917459,59.79999923706055,16.0928556672425,-2.1092359423000415,1.0876895879414383,-0.38971393681500677,2.69632119644812,0.9028457195277179,0,19.929956045691423,1.0305805448456271,-2.1111299093174467,3.8288698352281316,-8.966361676588102,-14.55652068146975,1.094970305764451,34.99,33.572792362768496,2.42,Mid
SXC,0.5760002942685614,9.359999656677246,3.8334947283617637,3.5856545108254814,0.8661652550767899,-0.489189596047054,1.1752202390449658,-0.10682986723528284,0,6.951512990358981,58.139511267118806,-6.571089584099972,5.815019532639308,-5.645165476344034,2.4625320356369755,1.0658391237829503,14.56,33.55847255369929,0.79,Small
MCS,0.5869265516382274,30.0,77.21766163327032,8.26416403958536,0.7694797090167104,-0.4160564291379761,0.3166643778377518,1.6979980468184002,0,11.768222417122564,20.530336422071066,-3.3405660877082988,5.159380776541574,-7.464522842535974,-8.256413385994863,1.3606758009584556,9.12,33.44510739856801,0.92,Small
PRLD,0.6192828406983081,5.550000190734863,133.2074569121381,20.00649079616707,1.2728579530360178,0.11250319433191203,1.081080012733941,5.405400063669705,0,1.2634951365866798,26.71232980495403,8.809521482709895,8.84427189963252,-6.091364905431771,-7.923496037513693,1.0595518298535296,2.51,33.36754176610979,0.44,Small
SEPN,0.6136600922409996,44.5,58.188037979267705,18.21273021506311,1.8036479507274934,1.0340346717248665,3.3707865167781845,1.9325856411960374,0,7.251392299861704,19.175146807609554,0.8982126887520733,6.6648486337921975,-12.915848671374064,0.26186555057712485,1.342278987932225,20.74,33.32100238663484,2.08,Mid
DSP,0.5921366239010687,13.010000228881836,20.53824313239232,7.629627724684374,1.8842238889454026,0.1791725358765878,0.9992322224739784,2.382778327938572,0,12.282551897772077,-7.665010020819925,6.956523397089548,6.496102711067642,-12.094594180158607,4.2975243084871275,1.2038273534349075,3.82,33.15513126491646,0.27,Micro
ASH,0.5734367422367314,73.70999908447266,7.915000102413794,3.3395014647754335,0.753049401284807,-0.8715918690926442,0.23049652547057387,0.5426692861779477,0,4.373661241802681,15.279950996948807,3.26340018015022,3.952738238778123,-5.801918102836198,-13.807022362182389,1.0400354623197463,71.09,32.98926014319809,3.38,Mid
BELFA,0.6211329546850906,242.88999938964844,0.26549277923337833,5.86509829392777,1.153114838764591,-0.12129662375756231,0.0,0.012350767578794762,0,38.262769033087054,-13.745852707185776,-1.9324086265410712,5.9142003250885,-17.225287255625858,1.2470852888768769,0.7862316380968005,49.31,32.92601431980907,3.51,Mid
OPRT,0.5881304558053422,7.710000038146973,42.14690772766823,19.77629366319132,0.7592054397216573,-0.6195022458295473,1.1673171482609765,1.7898834078262857,0,6.2772817767005895,45.746693634923574,6.833330789062934,5.634614239094331,-7.108435409139056,-3.8135659563310464,1.430292843833925,3.97,32.90930787589499,0.35,Small
FENC,0.6113554196205284,11.720000267028809,28.366428158466796,10.568649059613595,1.5413237869348206,-0.4895056561046782,1.3225232886215699,0.17065236609449122,0,4.51489260329888,26.839832868763512,4.857145036507281,6.946610525427922,-11.547167795137508,4.814010038095025,1.3255280928548525,2.57,32.87470167064439,0.41,Small
AUTL,0.6194210028294057,2.1500000953674316,41.23670120748817,21.69237825552059,2.1808892798331927,0.4649132544462145,0.4651158146528684,5.116285050417293,0,4.856669360250914,18.131869957334136,-0.6944437540936454,9.448506484303868,-11.522632246187541,8.64197439483852,1.8326604052398467,3.81,32.84128878281623,0.57,Small
ARTV,0.6364766332957246,11.449999809265137,172.4070053893423,6.869514397103835,0.544158321154078,-0.3248021272699128,1.1353721973372477,3.842791158728518,0,10.61609860583969,5.14232734835794,-2.76638829641323,7.139738514753663,-21.19752223054075,-6.456245331183275,0.9804352134913655,5.98,32.77684964200478,0.56,Small
WEST,0.6409028281648217,8.430000305175781,52.04039073816,4.87357711103924,0.6725830560084659,-0.6670740201096442,1.0664295791164755,0.8303753968698315,0,29.01568332922243,2.1818218806540974,1.0416656964033295,5.404084366671713,-17.271828729247094,-13.037977180303617,0.9155208119621245,5.37,32.65035799522673,0.82,Small
PHVS,0.5581141264937514,35.13999938964844,17.544851278019923,3.3035673958183356,1.760158272576789,1.8101769876595126,2.9593106187565255,1.3090469335496706,0,10.215880449911598,-2.28031066651358,2.2037793016769816,5.648812974375246,-4.847010291597542,-4.545457421802303,1.2114804577191174,17.3,32.46778042959427,2.46,Mid
CXW,0.617762237760194,32.81999969482422,69.20218230486552,3.9380547475073144,1.3583682586734782,0.4549653882773207,0.73126654689559,-0.030469923749293318,0,4.225280044812556,68.65365487260024,-2.2838524359831003,5.305999196811449,-5.851981869624674,-21.833265214822557,1.4407654859855688,46.62,32.298329355608594,3.25,Mid
ATLC,0.6413468473154215,102.58000183105469,72.22037390262928,0.7167417249323915,0.8918707470169533,0.23058517458517913,0.2924502017990189,0.7798746423041053,0,20.76798980814102,-7.091750358913246,1.191892078459379,5.655515704922318,-10.285110095666491,-16.06182917931933,1.0602008317398688,18.39,32.19809069212411,1.56,Small
NBR,0.6410130944552691,94.16999816894531,32.85661891276879,11.71878615495898,0.7234759525347308,-1.332966871740756,0.3132613089924241,0.9238640368368358,1,23.6674279256171,-9.608372150904165,0.6198553425241441,4.800209140250702,-16.589905317649094,-6.844624066025394,1.0228190309613896,26.71,32.12052505966588,1.39,Small
CVEO,0.6019261540213395,33.290000915527344,1.7162318179632097,0.9307847397394138,0.641447166751785,-0.07793850853913739,1.126464372711463,1.336736805565216,0,42.34275570532396,-1.5671164519919096,0.5735611386865829,4.812040836297911,-8.794518039410168,-1.4327422597200232,0.9897135750567012,5.48,31.982100238663485,0.34,Small
MYE,0.6361845920603371,33.0,39.1272286451511,-0.45248811500352115,0.5839966771657009,-0.7418751016324969,0.24211767947301352,1.7424265543091784,0,15.80122862880568,-6.542059709385661,-1.0607519036359092,4.864718284441795,-11.882511808182263,-8.275556697350755,1.0716807703318054,16.68,31.972553699284006,1.24,Small
LOVE,0.6160263475243941,17.290000915527344,18.133385631207855,0.7751993138295936,0.5530453663896472,-0.8748167998904262,0.7229612109535154,1.2140069321323155,0,14.644358460720413,25.654074329007635,10.244437126237873,4.868999999684815,-17.193478876248754,-6.804920390314509,0.914564572100236,3.96,31.93078758949881,0.25,Micro
FTDR,0.6045227664835278,86.47000122070312,36.769662565319926,10.567672589338175,0.9138681318595657,-0.6714034361019788,1.1680376106863846,0.7401403730844447,0,2.23425845897756,51.33007025522449,5.548955531917931,4.487930232226319,-7.449426374466785,-8.08633456011652,1.5772196788602288,53.25,31.844868735083537,5.96,Mid
UFPT,0.576382036416915,321.760009765625,15.538250014564525,14.224454933661471,0.7015876034739449,-1.2163304300059248,1.8150162110345596,0.12120341839317865,0,5.389293183414235,33.97735045756501,2.0037207363548375,4.781958433594353,-5.00427566857032,-6.476137962236389,1.2770452474913667,68.28,31.763723150357993,2.49,Mid
FTK,0.6186667960279668,35.83000183105469,100.8936129899956,20.35202694244983,1.31128821592929,1.5170482241917238,2.958130958052657,3.20960498765612,0,9.800571822532241,-0.6653669692082519,1.2609855664172303,8.693811889395231,-9.679850050509643,-1.8965457423298415,1.64081731005898,14.23,31.662291169451073,1.3,Small
BANL,0.6145027362933557,10.930000305175781,3355.2809852943547,118.28349193561615,2.6554737912956856,-0.11501651356970351,10.704483472272731,0.0,1,0.0,1531.343286209338,-1302.2345877505845,10.026793405006362,-9.669421812490365,-3.0690522775429816,3.0786151244359696,2.94,31.50357995226731,0.02,Micro
MG,0.5653746100550144,18.100000381469727,14.540874695009908,12.558690585800322,1.4574048161311608,-0.13759626034732111,1.049168179929986,0.9668571310013472,0,31.60229469519935,-3.825713735342119,1.5913430896055847,5.06507521133144,-7.8411357228044505,-3.238634559303534,1.2742565511529973,3.69,31.420047732696897,0.58,Small
XFOR,0.6007069794698183,4.21999979019165,10.662142264612129,3.653663623455456,1.1483835542692507,0.2551203879431283,1.6587606229348204,4.028426726741196,0,26.886039988791822,4.975119655828713,-0.7853395786960168,6.592756284690651,-12.629402547072043,6.045340245508918,1.1356772111900042,3.49,31.19570405727923,0.42,Small
BLMN,0.6185426027880802,10.550000190734863,48.499878751994,10.292197388489969,0.7220288935387306,-0.5934786305916857,0.9478618576116448,1.1374396528740631,0,7.370873169116078,81.27147557988037,7.025760037967512,7.298577240625481,-16.468724502726904,1.0680898016026346,1.3979799991043391,23.21,30.824582338902147,0.9,Small
FLR,0.5959296951565185,52.369998931884766,0.11005657800304824,2.101690553726756,1.0587025236671,-1.0584655821654525,2.0049632584605983,0.3628005166707733,0,18.42157463281481,20.918950060278227,-6.336586551680046,5.488420126638295,-9.597792756611254,6.618819188312494,1.131352277144637,135.06,30.515513126491644,7.0,Mid
TILE,0.5533500987527178,37.959999084472656,1.073878812340956,8.145065000738175,1.0142616011105954,-0.48594121033298115,0.0,0.8034781678709401,0,4.126467193924699,48.31844048065223,0.24198979954338606,3.9129532346988385,-6.271607198678093,-4.608753728963935,1.309739215241689,20.0,30.498806682577563,2.19,Mid
CRDO,0.6464780008924867,259.8999938964844,98.85722780080503,14.425465214062836,0.5046021974319038,-0.9858020409094974,0.0,2.3662924358937056,0,9.770723559973606,9.201678107727881,-5.1657793561300815,8.307217763851039,-15.80005099604857,-10.754886260825682,0.9288152579242335,2024.48,30.313842482100238,48.47,Large
QUAD,0.6103364318875045,9.9399995803833,52.84570183165136,4.708727993064843,1.693058057051458,3.1705801085272043,0.8048378345025822,1.006040097396161,0,11.665344337856729,17.77251272984249,3.4722242914259835,6.2733543480690726,-10.852018649646801,-3.4059944791390317,1.4392135086986284,2.75,30.275656324582336,0.51,Small
AMLX,0.6140130846980566,21.6299991607666,39.17093296248368,4.457425955473534,0.6565869507041464,0.2805711465749098,0.0,1.5256585136136565,0,9.46704694696235,21.585149226562468,-3.718308999295359,6.736345970103239,-12.073175506206844,-1.969698731962433,1.253838486292825,39.73,30.26252983293556,2.41,Mid
BFLY,0.6410768147531866,8.84000015258789,175.275667417148,11.37709603265061,0.7097178352181813,-0.22769650415945328,1.1877776064711034,3.2805424979017115,0,13.687623101390848,89.29336204016238,0.604229041366621,8.846154427055351,-12.039801144900263,-22.779043967779373,1.0241206608278863,83.22,29.659904534606206,2.35,Mid
BVS,0.6117136763391764,14.260000228881836,61.488969559897825,8.18192293005073,0.837747555894633,-0.29577434412454,0.9116417415513268,0.3506324679440598,0,3.4158114307863308,-6.553079848857535,2.1558890531824755,5.941194562378812,-10.274960398436168,-5.84795308523316,1.4886142084695462,10.64,29.48568019093078,1.2,Small
DJCO,0.6007069794698183,603.3300170898438,4.303620255646878,3.2770416618437013,2.053732074062752,1.2433177194661722,2.7629957797452405,1.3989031213965664,0,0.6442745468602353,14.697158793944709,3.0398106904753335,4.7569291890841425,-10.584658452767751,-0.7029460004827319,1.2349816065892623,27.5,29.466587112171844,0.83,Small
HPK,0.6430218557852945,7.429999828338623,46.26210339978978,2.2711606133871047,1.281848952809771,-1.0778684285645195,1.4804863531766177,1.3458937675570553,0,21.413121989369703,30.57996051519105,-3.8696582901224157,7.790809727731294,-18.6110191205475,-1.3003157693844813,1.1841606817480703,4.36,29.377088305489252,0.94,Small
HNST,0.6194210028294057,4.840000152587891,115.9158005181081,13.156820881665654,1.5677511607672137,0.2181178564294235,0.20660644064783595,1.0330617592604445,0,17.712068191735543,-10.70110545082561,1.04438544750356,7.228453843459376,-17.123287220902473,-4.531725012543451,1.822696230945358,9.44,29.007159904534603,0.52,Small
MLAB,0.5932062515393002,106.04000091552734,5.551298323841203,3.538510131544495,1.1192936595840857,-0.0015200859265109155,2.2067181696152214,0.7544351611120407,0,13.06957473104119,16.068301452432102,0.44925712725501926,5.208951906436416,-8.206367731076275,-2.720831617156371,1.1558508182792246,21.27,28.91169451073986,0.59,Small
BAX,0.6231342917391121,26.729999542236328,28.448865113152657,4.835861137364293,0.9475208499331716,-0.9805297540019653,0.4489297939966848,0.5050513699540857,0,10.245031723012254,31.290582083357705,0.9287969311944915,5.089252419017805,-10.900001525515572,-9.54691727570082,1.1540322343896494,188.83,28.196897374701674,13.82,Large
SOPH,0.595949614397345,7.5,43.33432915130238,15.030673498286113,0.8547909009952904,-0.06039809530517662,0.0,1.3333320615898006,0,9.320938007601205,9.64912035953551,2.5553679432072314,6.815238680158342,-4.822336407030058,-9.20501173594911,1.3534054260025044,2.8,28.173031026252985,0.63,Small
VVX,0.5876599012788358,83.0,15.59483678810032,-0.33082972357397794,0.5876299003423214,-0.8742627460759548,0.602409638546959,1.253013151222667,0,27.600536510939712,-0.6820625785555676,-10.52770667915799,5.716352085238275,-11.683340034703972,-3.5170458511075773,1.1974011290117348,58.34,27.974940334128878,2.6,Mid
VG,0.6339544528419374,13.989999771118164,36.60936259667113,3.1634813665698545,1.1510099479407903,-0.6214591524230185,1.4653318587939945,0.20514564221171794,0,33.22234283844145,-1.964462799451554,-3.695653781130284,5.690288821824712,-20.492178421048095,-6.150156222501259,1.106633958813857,204.58,27.767303102625295,34.98,Large
INVX,0.5731148987532245,31.239999771118164,12.225308806586588,10.378940757371389,1.8390038272448668,-0.15050109095550188,1.9526268079425233,0.3361060915565072,0,1.9357663504302765,17.26726909417455,-4.111712326099215,5.556063084815115,-7.3272007723635335,-5.045700700066997,1.3729103154952746,17.16,26.196897374701678,2.18,Mid
NWL,0.6315314249691846,6.239999771118164,29.05559049707267,9.936570575340273,0.5814397062508228,-0.2959396698997084,0.6410326947272855,0.480764969018709,0,2.4741343933084865,7.216487749084193,2.8680706461129994,7.154304837552447,-12.48247305628152,-29.479767901331705,0.9421901278216345,78.0,25.977326968973745,2.66,Mid
CENT,0.5557235837110953,43.72999954223633,2.5212558400156793,-0.533386034847529,1.1363815955190928,1.0528598956304382,0.0,0.38874495934360453,0,21.09648544142571,24.268261575898034,-0.32102588325118264,4.055731941291371,-6.898023406841451,-10.561148245848207,1.3849906451979217,4.13,25.130071599045344,2.74,Mid
PGEN,0.6005650269249644,6.099999904632568,14.13157963377838,-0.7323043139717094,1.0438839038767835,1.010824799057844,1.1475359984773605,0.3278685448510622,0,12.257101576130472,56.81233263654914,-9.090915219210718,7.049180415741482,-16.666669921474135,-2.099741819031976,1.259452949300431,32.18,23.887828162291168,2.18,Mid
APPS,0.6291951149403547,12.4399995803833,182.33695294159014,18.986126805343254,0.6634063578927445,-0.24137369877138679,1.8488709805145565,1.2789355643991938,0,12.96915761854151,86.22754340122441,-1.3189407032555502,10.300355946794214,-18.904827530437185,-17.87774137158537,1.302813730739928,63.01,23.823389021479713,1.51,Small
SI,0.6470044535955258,20.729999542236328,36.53288049267904,-3.1398945189810603,0.9880815989047521,0.32488478425189615,1.398943183392224,1.4954239272627539,0,26.012033505053285,-9.039057878216667,5.465494658552307,7.665565449162804,-15.714575640839382,-29.356467737136843,1.0189697656222785,2.64,23.656324582338904,0.43,Small
FOSL,0.6029881851630209,5.570000171661377,31.25111767571731,12.094991985581327,1.2313486596051704,0.03833387876942048,0.0,4.9371649343420945,0,8.872547676134007,27.75229359670046,2.173905280953383,9.354961397532252,-10.87999725167717,-4.7381438775852525,1.9239013399198646,5.48,22.774463007159905,0.33,Small
COKE,0.599577980893263,189.11000061035156,1.274264669438585,1.5094027331674815,0.854320174963086,-0.7100106694403345,1.0126345935921184,2.2156429738569523,0,36.27872153507567,6.624246432267575,-2.334359847344042,4.43033844744885,-13.671128369060682,-7.747837279898445,1.178715153786733,102.04,21.97255369928401,12.59,Large
PESI,0.5944678892877907,17.3700008392334,2.4092919255567447,1.6800374553026267,1.8915202696869458,0.1909493403062255,3.108802429807223,1.784694060422683,0,22.04084780059509,-0.5154538943483655,8.476515577069764,8.668474007125003,-18.527199399371828,2.9774124090144705,1.1898688485813718,8.27,21.81145584725537,0.37,Small
FF,0.6244759420436242,5.590000152587891,36.5675752310652,10.104395919595326,3.375292647278189,-0.20973783791792797,1.7889155406470287,1.0733442062793255,0,9.325925629660873,-12.244893985273336,3.125001861994033,6.951186402013318,-20.028607498881716,-7.277005577174925,1.5276555992699283,2.31,20.538186157517902,0.25,Micro
