Ticker,Win_Prob,Price,RS_Rating,Bias,Vol_Dry_Up,Vol_Z,Up_Shadow,Dn_Shadow,Turtle,Ov_Supply,POC_Dist,MA20_DP,ATR_Pct,Dist_52W_High,MA50_DP,VCP_Ratio,Resonance_Score
RVMD,0.5616213826899175,153.0,101.366425734721,3.9130394365415517,0.7459635020834385,-0.0762151070698849,1.354830872769944,1.3398712756499438,0,1.1167395020849633,28.961565059701037,-1.643309295523148,3.517596817372782,-2.076863399517474,2.3939421682404967,0.9673330418516685,67.75672371638142
COCO,0.5951159221456,78.62999725341797,48.20583236734992,7.458767059456221,0.5406416866244251,-0.41957361893035466,0.9474790443798113,0.38153766022286906,0,1.2116639264737492,43.721437705702456,-31.29963105323065,3.603587119902701,-1.3425341728753888,7.970293956922035,0.9573865287564934,67.44987775061124
KALU,0.6245391969118345,187.02999877929688,91.37903249597237,6.9353914208575285,0.7774008487630378,-0.25052965774754027,0.12832459751336237,2.4488059995310114,1,0.0,75.54909945999133,-1.8055526979562204,3.9901941699889325,-0.12816013653398256,6.079253779099207,1.1185068500931872,66.33374083129584
DHC,0.5933233030615478,8.819999694824219,76.98501183147523,5.125146125611642,0.9980218139927451,0.1893191581635529,0.4535143223640371,2.210880969945388,0,1.9020026969573844,31.624188404178845,-5.966278026087619,3.62406949558134,-3.501101055179952,8.219184980359872,0.9992897540170343,65.17114914425427
CNC,0.57282011041019,58.81999969482422,46.6288721125449,3.7508701214540836,0.5296683735139035,-0.9887630993008065,0.03400281854318296,0.5270339593575745,0,2.199275337172238,61.59339897936456,-6.87916051712094,3.219264397322949,-3.192887887209708,5.609887923895843,0.9874999860721155,64.99022004889976
WT,0.5939347441839331,18.8700008392334,58.561093016138855,1.312448020134286,0.540818652611968,-1.0365553450716325,0.10599076244357229,0.5299437043824194,0,7.127585424289243,35.875561558121674,-9.090901819338235,3.5263803387070567,-4.9370253065677625,9.097035065841636,0.9218446653217859,64.67726161369193
ILPT,0.575597271518387,8.6899995803833,52.867021413615944,8.655554504043373,1.3131216850055685,0.679736476033231,1.1507414569920145,1.0356640189762572,0,0.9816559981033665,18.553883637751664,2.4869117868583155,3.710340421612491,-2.249727280012713,3.8897884313049595,1.032783516780966,61.74694376528117
NEWT,0.5657715056875104,13.829999923706055,26.633092363990496,4.495654957510999,0.7307391378635407,-0.7270616907533751,1.5907466972273645,0.5422979730546222,0,8.343705005246846,16.80193599522524,1.1450425024820527,3.1685782545192747,-5.681072511868132,3.4511815291021937,0.8614012840052829,60.73105134474328
AA,0.630641814935791,73.1500015258789,87.42383788104063,11.847725073164275,0.8803978721761592,-1.3213651808661944,0.05468341037921297,0.8749137064792408,0,1.8802214110127606,19.23161102569661,0.17412864156096983,4.430930856251466,-3.21391648488129,15.795791564349832,1.0714000106251909,60.36797066014671
HUN,0.6845019634903333,14.84000015258789,62.329143709123436,3.220421896680771,0.9994330753718565,-0.6028487807029284,2.088945166671267,0.33692850550796427,0,2.1406495730957698,42.55523890186715,-9.736456357725794,4.226030780728758,-6.666663467339743,8.220341112436854,0.8979764401412341,60.022004889975555
KEN,0.5927510255787102,94.51000213623047,63.31743431592476,5.764983789931957,0.827691970475069,1.5785472844207502,0.06327287375267206,2.9732357681127715,0,1.4519809168222355,9.462596878359816,-7.85730293578976,4.011653690284323,-1.4802440992527504,-0.6004467698326268,0.959963930876741,59.45354523227384
NWPX,0.6007512975825823,121.78500366210938,103.10686145273182,11.017676816462318,0.905984485296759,0.6831520767059309,0.33255225776172936,1.363054549234031,1,0.0,72.1586193654123,-28.26387621340797,3.330225533914857,-0.331450013259284,-4.998623084865461,1.1033127682788828,59.18215158924206
TECK,0.5723493487801057,65.23999786376953,49.35961458487752,5.512558820932082,0.9351891923568657,-0.6496247296864704,0.042158136396887834,1.701405321862694,0,2.4323024014160217,43.82715384805992,0.017301740170718716,3.8306376266521216,-3.5909566586260557,3.752489641993796,1.0017177104921229,59.17359413202933
PLXS,0.5764123469755787,268.260009765625,79.22367173648502,2.4857401089187303,0.6024075680751622,-1.1509256245781094,0.0,1.4426284113514476,0,1.016046028363738,35.75911006031828,-7.62391238616229,3.397555561290564,-2.7444357666420354,-4.3051101717793285,0.9096392384691174,59.117359413202934
VMD,0.6050826268198389,9.890000343322754,33.97669507289422,4.047766940342655,0.6574527069923201,-0.3002067280980209,0.10110490252166174,0.0,0,2.085796077649438,16.14797351026251,3.482590793954088,4.125378261755806,-2.848722525844095,6.134963641269742,0.9604154930730661,59.05867970660147
SSSS,0.5796808460505516,13.760000228881836,40.258837032711426,2.1226080120139894,1.021966997433717,-0.537605186320619,0.43604955388299776,1.1627895693246175,0,6.460282372136475,42.148758209264095,-0.3014315031663083,3.747922179147361,-4.9723711054314705,1.3000011442791795,0.7975111455552963,58.94743276283619
ATI,0.6136431933082591,169.83999633789062,61.53291403432804,7.114024029555063,0.8981440069051309,-0.36039109131626373,0.824310636747734,2.5552812175687873,0,0.0,32.33598346879829,-2.4060706846913824,4.249372240867604,-0.817571309480687,0.7458576597406978,1.0497890173324815,58.68581907090464
CAT,0.5544582050249832,909.9299926757812,51.493002109365364,2.239267525865854,0.9129710692319619,-0.1846215992369657,0.1912224290196649,1.6869402821619057,0,3.233934196803549,31.777383686909822,-10.60315603407723,3.1636648714338294,-2.299885485760319,-0.2743675180733282,1.086599273012857,58.46088019559903
CLMT,0.6413459857366901,34.08000183105469,68.21278602320501,3.1929921496669116,0.6312153427658277,-0.9637030110672271,1.085677558669481,0.3667840178413035,0,13.625479807765744,-2.7397233429290604,-18.05965318704023,3.9413571238923932,-7.742276399298485,0.7779392339238359,0.8120357973383838,58.34841075794621
CLYM,0.6379674765649671,11.960000038146973,589.0075822923135,11.593189362800171,0.952493981347751,-0.01002125052368053,2.006687042914773,0.5434747505898568,0,1.0956802669971282,213.9107668144107,-23.65010287274309,6.644766786818011,-4.166662845522097,8.274896816764008,0.9758574386246639,58.21149144254279
MTRN,0.5996498207800864,222.0399932861328,74.66964929026388,10.34441449744125,0.9730633282205768,-0.008489480077486301,1.1844666292267652,1.4479357030663962,0,1.0481817412510481,20.798648732446868,-11.078519587530172,4.172189904799066,-2.28833483599119,4.233763205129628,1.1767999667692257,57.99877750611246
SAIA,0.5644952654581593,474.0,60.08955430329419,5.921668523336251,0.7342999521422231,-0.92848469747022,1.4525337058249947,1.1012403270843065,0,0.0,24.20081275712178,4.739242402432808,3.8077889615473364,-1.4317372398375063,-0.5401176581115105,1.0468329326772217,57.787286063569674
TKR,0.5500193300787699,127.16000366210938,51.38666674044501,10.270533775081539,1.6070993339793098,0.007314318630891889,0.9061795693916828,0.4679153849975406,0,1.9198731782482947,29.288621982012593,-2.572979819782689,3.304598960852614,-0.8980416989908101,-0.25318743862003457,1.2147680932581477,57.74205378973105
ROKU,0.5514069361808073,131.91000366210938,26.830528451643666,5.626868879491591,0.6808904832407704,-0.37082761101157463,0.6747019671998836,0.40937070770346984,1,0.0,46.46902868926128,-10.803353237069233,3.198014019174215,-0.6701802478836277,-2.7631826486213202,0.9411375200663826,57.309290953545236
ENLT,0.5990462261848036,102.5,173.3995486725611,12.602097164136165,1.1242562604591497,0.9301999814778191,0.2048845988928182,1.619515767895785,0,1.588021492777998,46.36584576071511,-2.1626472125739897,5.2174212625217775,-1.9607871754182007,1.3820610172937184,1.0880105617330103,57.15770171149144
AVT,0.561930550587093,87.05999755859375,77.50949157885525,4.150588506695369,0.9450825476793036,0.05677219323939936,0.0,0.7121469498814366,0,1.1884799226016922,45.998096454128564,-5.2631614854074815,3.3540079723682252,-3.4811524344234672,0.9124075119263602,1.2252460317330274,57.155256723716384
MPTI,0.6101242759781406,86.0,61.8522712008531,13.102087501750939,0.6990629602522305,0.20886727766427604,0.0,1.4476776122878539,0,0.0,11.601353133307029,-10.304564784528518,5.623337755171563,-1.4100691385812316,11.328358436529264,1.0817262365874574,56.973105134474324
ROG,0.5901755285892442,145.85000610351562,67.60856110480951,6.194758990550047,1.3209371608621059,0.2648957175500165,0.16454592000704052,3.2704757038225405,1,0.0,9.661658724375195,-6.768656027434744,4.051618211737253,-0.1642756111912587,-0.5696344851575109,1.149520377426146,56.607579462102684
FEIM,0.6440751767730692,71.12000274658203,143.81455188465145,20.104707141829255,1.0277070049592338,0.03199756224576066,3.0792951735173757,1.2373521496277202,0,0.0,53.11087530227696,-15.275785714290954,6.6105557904280925,-2.9873071680727725,10.777573174843925,1.039969814552889,56.54156479217603
ATS,0.5581945575323711,35.27000045776367,30.861535605790635,6.147017058988312,0.811489880176865,0.8486006316865731,1.5593967391738055,0.27417798249437136,0,0.990984278369719,26.09939693728467,-7.893088667833413,3.0796514619202475,-1.5354529361558429,-5.58058468512611,0.9105363407938125,56.278728606356964
ARW,0.5802715264713935,217.50999450683594,91.18085389676436,7.553091131756835,0.9835087168584715,1.224876935393209,0.0,1.2091350698501768,0,0.9649372804274683,37.143749139895554,-1.2987715107846671,3.811319035895291,-3.2557964971626463,0.8012514306072388,1.1695784439013377,55.97921760391198
WULF,0.6110697299860463,26.739999771118164,122.32495384059075,16.377246066358133,0.9242642505545537,0.5168380811454292,0.43006646259613845,4.749440795014154,1,0.0,60.60060290183086,-12.932695349023678,7.162892048009957,-0.42822481129822915,1.3406417756657085,1.014651007896803,55.96821515892421
PRLB,0.5544451188712525,74.38999938964844,37.82305101146473,6.8821839097189335,1.075404432607434,-0.6606884734441293,0.29573006198498386,1.142624655308099,0,0.0,10.748848321293623,-6.2971138771203385,3.4653264652128297,-0.7868817562845951,-5.107769863314926,0.9440161139619015,55.79951100244499
MSGE,0.5530053260924205,69.98999786376953,31.900780027356255,3.781905284250923,0.8442301072677533,-1.0573338476707872,1.1073032569258219,0.08572304675544308,0,0.7463783230308316,5.693138890838342,-1.7265223828424252,3.9415837800060833,-2.4461702078221013,1.332872514538579,0.9859173165483098,55.66381418092911
HLIO,0.5787046771189104,82.5,44.366050561291125,11.988162981583413,1.0293622512115985,-1.1217840731819575,0.33927223898736486,-0.0848481149374185,0,0.0,6.355550244305563,0.22074157942408532,4.090033857337325,-0.7100690382561429,0.2908795989836967,1.0951659979239792,55.465770171149146
PRAX,0.6107925818539794,357.1300048828125,95.8020975956026,6.177301720986067,0.735560036301823,-0.6730794974203038,2.6292901751322413,0.38641527285321947,0,0.0,44.00983788526785,-3.5350316508835626,5.733766517867367,-2.5619296115616472,3.570496606033376,1.0600976523670695,55.392420537897316
REX,0.596716460344437,49.18000030517578,37.54992602929663,-0.19380787902059265,0.8045509563513267,-0.42904817882097274,0.7421672661594039,0.1626714732749631,0,5.742393045069778,45.030965868549586,-8.142983054438618,3.3891528386938887,-7.833583690564177,1.5734292050307832,0.9539071432948497,55.18092909535453
GNRC,0.6133316019362663,280.5299987792969,77.56940390048719,6.671076749442011,0.8538421768570887,-0.6792881430938631,0.11407240780312079,1.7253152520274033,1,0.0,30.485134941731935,-21.444361922193853,4.40900144154689,-0.11394243092865107,0.31113672328798947,1.2676448413287562,55.17726161369193
ARCB,0.5777672668559043,133.3699951171875,96.94829843514437,9.284079418458504,0.7014059470195124,-0.1412939693756668,0.6860677651753895,1.4658483186733553,0,0.0,68.0698258450618,7.506262381691772,3.5819661183531046,-1.1831660707878027,-9.390234636611702,1.0935189129583776,54.507334963325185
FLXS,0.5953740944885383,57.02000045776367,39.196064629225134,2.963217760285307,0.9281712849154377,0.48150875752195077,4.042789636770859,0.6313584837865996,0,4.117683264602695,-0.48666656768266514,-0.3749382350640712,3.9190762358076974,-4.513420579647876,0.17617263432794802,0.9147434634777983,54.49022004889975
PLPC,0.6222921748419442,380.04998779296875,86.20696039012876,9.571541302414715,0.5372476220362035,-0.7835456038725158,0.45183361627853635,2.6443857691733466,1,0.0,30.109544625611527,-0.6058916303235108,4.614994760040987,-1.5414539396414082,-9.805487356003255,0.8632531502165185,54.3960880195599
HTLD,0.5755351047943883,14.710000038146973,83.48983670283978,9.833495143209994,1.2117707274035652,-0.13505163083496904,1.0197183671339292,0.34126758808778157,0,0.0,33.02912693238419,5.895351915937948,3.321454436961642,-1.4735449599274668,-4.4071384654685515,1.2160893755482722,54.14303178484108
LIND,0.6324442891556407,22.56999969482422,74.34848136496632,14.679130917751596,0.9226452096787136,0.41027640934383985,0.5316829457272892,2.038099648524864,1,0.0,33.629369509158494,-14.613654051859616,4.728149394933809,-0.5288710286629956,-6.851741443790528,0.9130709938412324,54.105134474327635
NBN,0.5756902426653867,124.9800033569336,33.3202590470149,1.7815130340024445,1.5791638121976057,2.4606383288054245,1.3882225665994323,0.3840641254896587,0,6.071929348025576,2.484630163584629,1.9969019312872613,3.1990376385024035,-7.8379779447991735,1.7048129039920252,1.0096240229898317,54.100244498777506
MATX,0.57633765888443,184.25999450683594,61.34604459694528,1.9417124732920794,0.8965663084115837,-1.1589005231958998,0.21436504148765592,0.5752727614179278,0,2.665777787950925,48.40437190598669,-6.694773707186874,3.130089006293071,-3.0210555227020275,-5.689548865298624,1.0413853214206807,53.986552567237155
CSTM,0.6350394801791941,33.959999084472656,105.9976680540693,3.375845068960669,1.2399748906591497,2.905936400241798,0.17668249383635262,7.096583958516815,0,2.900607575825554,30.665638257929633,-6.0489033633238725,5.073194064464406,-3.7960345085308087,5.884675312077098,1.1891010136692317,53.96699266503667
ST,0.5661306545108167,50.5099983215332,53.57122809529151,10.338665232546022,1.1104017388609955,0.09984538963945724,0.4454608914884537,1.5442462981609462,0,0.0,41.19067965389739,-3.106187811858316,3.6528617740172415,-0.5317063100608712,-1.5859130898894447,1.2010762733080544,53.834963325183374
RFIL,0.640202260886461,19.3799991607666,216.19488971017645,17.65419612235849,0.8669116923218754,-0.05044384156794096,1.8059875985970988,3.095977334474936,0,0.0,168.79332949434328,-2.8551007278152425,7.4340258891305115,-1.9726924023625403,10.00854717294336,1.2006890824491647,53.826405867970664
RIOT,0.6251846502755598,26.940000534057617,97.43727891565408,17.90063511402412,0.7923554936881908,-0.25030420433893197,1.6518176911137432,3.0437998460955304,1,0.0,40.0207944601849,-22.8123159688295,5.338584060988306,-1.624976049255775,0.2083314844710391,1.0845300263228406,53.548899755501225
CRS,0.5859977105247536,460.9100036621094,34.59268395805542,6.987335851154729,0.8692137209641603,-0.6258323780616019,0.34496893650691796,1.9635043112632489,0,0.0,48.563177348273236,-3.935622695704889,4.335987600955274,-3.1070652532972565,0.23525515099590977,0.9325916582615456,53.04767726161369
LFUS,0.5868230971506889,475.6600036621094,83.44545293221005,7.474103336198594,0.9512325935526668,-0.5364206963652922,0.0,2.8223979748474437,0,2.648511147688164,6.805465198158729,-8.599601666336348,4.341561601484696,-1.5456489839993703,-0.13647131766116735,1.2591755224007983,52.82885085574572
AZZ,0.5529052166242704,141.36000061035156,23.51750227941849,-0.7237134980594482,0.9568534341418199,0.4172200253289615,0.11672930405224151,1.1035636331685743,0,15.893325111761985,-3.567771238255727,-1.765786105134788,3.263451291283037,-6.797651271177219,0.7825082943929844,0.9620539386541538,52.80562347188265
EC,0.5810052938614149,14.920000076293945,44.47322601343171,9.236007409558601,1.1075673972635707,0.5336023398595766,0.06702566239965924,0.5971842062440743,0,0.0,44.7413248163977,-6.694708658786051,3.815156094587909,-0.4669759565601877,-1.4174387827331254,1.1563320297099464,52.78973105134474
CENX,0.625655547303643,65.72000122070312,128.79548036735463,7.925250074783734,0.857518410975721,-0.7008259352559195,0.2206278764013825,0.5782122048861804,0,3.293113537656796,42.745438560821356,-5.00758276376176,6.584209316193057,-4.323775098411663,16.4779905337711,1.1082048216662759,52.625916870415644
IPSC,0.6612512285678241,2.305000066757202,355.88635575092854,1.1963598943930656,0.6392543831963974,-4.270744138495417e-05,5.4229933329948565,1.9522809098106024,0,25.698156720720515,30.22599385839431,-4.090905098986678,6.237991058956295,-24.177628423588228,2.4691431903332415,0.8365136860755802,52.52322738386308
DCO,0.5917376261199478,148.66000366210938,57.5184580805622,3.5420675311960075,0.8013242322343094,-0.1960896464197158,0.945108801746607,1.456349045859153,0,4.312070525282467,7.615465700641304,0.3843218848495945,4.560262215029709,-4.900206821365473,3.2936728268260524,1.0867707698189337,52.04767726161369
ACRS,0.6563259547748237,4.579999923706055,67.94830519274409,-1.3356335056333692,0.4823768190218727,-0.3427068079199603,2.2925768733549763,0.21834561236325245,0,5.248776527367448,3.3860067978789496,-12.559247299362717,5.208983481325385,-11.067964291174057,4.278077149195681,0.9187582930425076,52.00611246943766
AIR,0.6258605593761903,112.81999969482422,30.69635785811784,2.2605723820824926,0.6227494476964242,-0.981322382859504,0.2924961908791516,0.6505069841497493,0,24.349631112567376,23.516536257827575,-2.792578447965159,3.9699075479563146,-11.312003374813145,2.035215390269333,0.8331472185820256,51.78484107579462
ALM,0.6993582597846204,20.329999923706055,249.163328782191,4.108254710392015,0.7002838871189883,-0.055045920181958995,1.746185654456961,1.6379743450012998,0,20.476403751955154,100.49308909627939,3.5628298255811033,7.7756295366292765,-16.71446107760407,12.234320882429582,0.8835331101277883,51.7640586797066
TVTX,0.5731275442103205,47.7599983215332,23.1547524801891,9.350670670667812,0.7305633794020844,0.4185725185070467,0.5443931016802392,0.3559505645174428,0,0.0,64.06732160599475,-9.562239925849275,4.345761538806394,-1.7486160833741364,0.9989321433335563,1.011811082319331,51.733496332518335
RKLB,0.6149014566592506,150.22999572753906,258.25734080030804,34.742673991638625,1.1189398705049411,0.5034953004950042,0.5124791871316304,7.861277970036057,1,0.0,42.438602435159005,-0.2163198959912861,8.780816973300464,-0.5098662288266808,4.641701965881552,1.4704495354243374,51.7078239608802
ARWR,0.603556396660811,78.98999786376953,80.75630018998099,3.7042852524563643,0.7559809756571328,-0.6300419602767382,1.5191854792693125,1.5191758205850012,0,1.6419668902637237,22.42715742923688,-6.844436389102279,5.213588764322983,-3.9752056740841604,1.2201512566844572,1.0509777902911401,51.67603911980441
STM,0.619869895205977,67.75,195.78783274217528,11.59611259646434,1.0082349418413776,1.0937259027802784,0.33948834971247066,2.3911479653994387,0,1.4494042492466965,36.29048732129104,-14.796223104881753,5.202951064283242,-4.671450273017643,5.379559416485883,1.5020398510593889,51.61491442542786
SKYT,0.6172688800196074,37.880001068115234,156.8248997979719,9.758926956507931,0.9917790162044683,-0.5189582139633697,0.8582363671933043,2.7191096890878015,0,0.0,17.094290122600817,-7.284982249059123,4.363610873555722,-1.32846660491856,-4.953334998148997,1.1611355810574713,51.55745721271393
GLSI,0.6590437516310722,29.229999542236328,244.12850593589332,16.44722361313489,0.7313458045079558,-0.24746385230040707,2.052686934128138,0.4105334716384994,1,9.55091833041091,24.066214790240817,2.192982529426312,6.448855267333359,-14.281522433022548,10.309277301621325,0.9835890507512427,51.49388753056235
NPO,0.5500924175485691,316.4200134277344,32.583167214703955,3.7612767429732004,0.5995633674781761,-1.5891831171301674,0.31603563540876495,1.1661722662297183,0,2.3333395805611263,27.609293781230754,-4.208623742889158,3.6147705600934437,-3.229554469310662,-2.470284103174321,0.9390531277770444,51.463325183374074
DFTX,0.6596076414694145,23.520000457763672,105.70290511162268,7.7120374366484015,0.8962582745684076,-0.0871824233567069,1.0841800841529643,0.6377534677061744,0,1.1958841868155459,85.19685677280846,-5.312642860339098,4.778303279501942,-10.399998255742203,1.2008696343190326,0.9674248654056297,51.413202933985325
MRCY,0.5808731631729186,97.11000061035156,31.114061091380442,7.932979925236311,0.8089166224657425,-0.7240732371687189,0.7620202441673448,0.2986313600058246,0,12.923945593537223,25.920639460034618,-8.40193441481045,4.13154545469034,-6.481120921436815,2.998387060297834,0.9765234117946323,51.37163814180929
ARKO,0.6385499810609223,7.739999771118164,61.05476262916185,11.347510652596075,0.946374004973739,0.691951536470487,0.3875996213387434,0.6459911546485992,0,0.0,55.15691182656251,0.0,4.116868846700227,-0.38610308723464476,-6.150794309417644,1.0779952713524763,51.28239608801955
ACMR,0.6146955338762756,88.63999938964844,180.6496744069685,39.419296544728404,1.5319199063297955,1.3231528613929018,1.2859885101034771,3.486006722848219,1,0.0,55.399715929816885,-6.6020604447591555,7.237937771988076,-1.2696608178684037,4.454382820563228,1.6353930641432417,50.960880195599024
SCCO,0.649705300402328,187.75,41.57279839220686,5.590201068279097,0.7122305873187074,-0.8656776150061408,0.756323924866977,1.2676457431690138,0,32.60336995525286,-7.1449868724535195,-0.3167310621048806,4.406080673795998,-14.8592922150759,9.73416044652497,0.942681061943008,50.81295843520783
JBL,0.6077887645419366,371.3800048828125,74.38548910523237,5.764041074259613,0.8114774281945513,-0.8706061607106337,0.22887772425485114,2.121817216647888,0,2.6273216713147054,71.78947475376319,-1.943608844608293,4.240119187976903,-2.764831515700197,-3.2015555648766383,1.0182816769630898,50.79462102689487
LNTH,0.5685759205313877,99.08999633789062,62.99520141668742,7.05661483734275,1.4136524087673905,1.3971769187666363,1.2009232576232038,0.9587213476052322,0,3.047270021203719,50.31856658040442,-2.71693184934178,4.154375028900473,-4.62027440553617,3.5286581439886873,1.4039711167512035,50.77017114914425
WERN,0.5568295942778709,40.91999816894531,53.92630650787722,10.164353275621313,1.1429997197917277,-0.23822241028957797,1.1974626109018025,1.0019547061300795,0,0.0,18.23303374917269,-0.7848739275649181,3.5696846298377096,-1.3738334211819916,-2.8246499236956315,1.2215023972251924,50.64303178484108
PKE,0.6189041506623,35.56999969482422,74.2307410047553,4.787155147137212,0.9427533773559863,-0.615832164994485,0.9097575816987096,0.0,0,0.8097959412215531,53.53663854673108,0.6182010350819562,4.822202763931198,-4.003931072693693,1.0877451656589887,1.1102728028778415,50.58068459657702
ASML,0.5733577079463484,1597.8699951171875,51.371223754584875,5.005620073467863,0.8712293933435638,-0.6380827380801781,0.07509692124772922,0.9306135769880097,0,1.618888545693821,12.688851038250462,-4.215056254821808,4.199073654756959,-3.3661338586830487,0.431829195744378,1.1256419923969376,50.57946210268949
OUT,0.5644671921362028,32.61000061035156,31.298537035189632,1.301607082630938,1.096976002586827,-1.1096126784516838,0.3526460031083239,0.030671990318782764,0,8.099811613222094,37.859889876799635,-1.7675971489209945,3.6053784907562574,-6.721963774586072,-0.7352898896090101,0.9242331288064357,50.46821515892421
SYRE,0.6179085380731709,72.51000213623047,184.36525088660133,-0.5721424745001182,0.5837387878634798,-0.5271815750234248,0.0,0.3723683140291938,0,14.073569543338277,14.604080308943548,-3.467878446781214,5.752901810069553,-7.982234355138401,2.9725468171835336,1.0840179047964809,50.39731051344744
CNTX,0.6652861571638204,2.9800000190734863,158.87267680779945,24.921400190727073,1.3248976982335094,-0.036595782558960864,4.697982065186138,0.0,1,6.817210062941975,92.25807160172246,2.7888419713495667,5.752636245416243,-17.6795548768355,1.3071883198671443,0.8942803846781572,50.32273838630806
IESC,0.6233917109471,694.2000122070312,72.49831454024019,4.851061022596789,0.8829084343890904,0.28403587099817795,1.4945260468953896,1.613352051247512,0,1.5316114561189134,82.54489905279834,-10.049920867547755,4.677994088429833,-2.7479094957740995,-4.3693636547578665,0.9494398040632607,50.31784841075795
MU,0.6013290893746229,928.4099731445312,333.5542218537782,31.035296558639985,1.0914757231022234,2.1079449748145183,0.09477966341474404,4.336440785320805,1,0.0,3.631063098225704,-26.950762727581008,7.345431427976186,-2.902234017254385,8.47668442905578,1.557844676147042,50.25427872860636
TWN,0.5757050274087873,100.8949966430664,95.60382318417825,7.220753175724296,2.7983224900111137,1.5115449299333978,0.9911294249087124,1.0159016111574988,0,0.0,0.6132806853308087,-8.313703456040528,3.994960093738506,-1.0833366244340787,-4.577129264395385,1.2822521138611915,50.210268948655255
DAN,0.5883624625629896,36.040000915527344,59.53300080173176,4.515222510543927,0.8036604929242654,-0.5504370398068806,0.4994458951116067,0.832406296979233,0,6.397330364058212,52.93058532974495,7.97235913249105,3.4156542835157637,-8.580451682183911,-2.6704402162410834,0.9755854780751074,50.14058679706602
CORZ,0.5951857723432462,27.200000762939453,70.1353611891178,16.91382155329456,0.971742556102337,0.7129512953965668,1.8382352424889548,0.9191176212444774,1,0.0,10.434436417530584,-10.839160971867196,6.112130578686554,-1.8050541018428865,2.298169743109812,1.1769140678195693,50.13202933985329
BVN,0.6755365608014178,34.630001068115234,40.281327888756536,1.0637553664517736,0.5084512190964166,-1.2600566738625396,0.952925227171681,0.6641736928466984,0,40.57591690620606,25.699050227056496,-2.8295792602711174,4.952355312295065,-20.224573898249133,12.108622750485388,0.8760118739761288,49.896088019559905
NEOG,0.6502171835197444,9.199999809265137,46.31735142131668,3.260562667910204,1.3928740987356414,-0.36020582745361335,1.9021760254777649,0.3260840607596364,0,58.32964221839673,-5.252319534765312,0.7494613883633492,4.204194825419324,-19.510065058403768,2.9637707380353135,0.9341703664255782,49.8838630806846
CTS,0.5762527264836259,65.12000274658203,41.53648867761408,9.446302680507953,0.9728831321519014,-0.10046560761288327,-0.007673914630100815,1.1055006268422638,0,1.2877081705504743,48.830407724093625,-7.002025437512066,3.5039604680087053,-1.3109007437376965,-5.716148697475951,1.1091601604307468,49.820293398533
ELVA,0.6265871175281973,11.569999694824219,154.5479364267733,12.911093182246491,0.9399987659542548,-0.7946450799298772,1.4693178976945074,2.9818437547496863,0,0.9488187936357972,66.71469162481498,-13.414623314093546,8.022593756820791,-2.6094311161982153,7.15151700019849,1.2828376173325304,49.71149144254279
FLOC,0.6519269806949085,25.530000686645508,43.40334476157126,-2.1702928904858787,0.7027308608828764,0.03674181748365261,0.0003884924646878144,0.15668199941217006,0,11.733223804989763,18.099285089899737,-3.493635332426325,4.437549057643407,-9.660295541504118,3.9421739489155243,0.9934558667965472,49.68948655256724
TH,0.6094044371938846,18.329999923706055,147.3353297843654,8.41663251967928,0.5077118532405834,-0.02036956975325418,1.636657055607477,0.272772707397317,0,4.678714600877306,44.78673099672359,-9.13528209143442,4.922453070059067,-3.1695740716601075,-1.6483473870971834,1.122011340032544,49.65892420537897
MKSI,0.6341813308439511,328.010009765625,113.83164808801163,7.926608518067341,0.862316072891364,-0.6283260214703424,0.1371946567580142,2.0014640547333196,0,0.5554652464921379,40.56881798910767,-7.372153956658025,5.04633958137753,-3.2418850248798177,-5.883941774867036,0.9403872914020548,49.6479217603912
AESI,0.6511762056423444,18.15999984741211,108.30028246389611,-2.4730815237101313,0.5862237499756004,-0.24784289503333323,2.0925064093534576,0.22025885744821969,0,15.332300149393637,61.56583822590132,-12.397654295131527,5.355172415345274,-9.786385471372299,3.942376956730885,1.064709204927443,49.56234718826406
AAMI,0.5788116281794778,74.5,57.91147006417101,6.984125032810236,1.4055618458218369,-0.0919534589142119,0.5905970630950507,1.1812043669881298,0,1.7357608768744537,53.850858696368256,-2.1371881594585416,3.810641178120131,-2.1410709473306553,-2.7597112921038143,1.149919824678922,49.51711491442542
VISN,0.5578735653151694,12.489999771118164,34.292020313226736,5.367497465949408,0.7037680462456971,-0.5760687832736351,0.2626154926895882,0.5204129829401717,0,5.7112440289707544,-2.3837460205806167,-24.040406120276618,3.547867045122922,-5.521940099169851,-0.2831308400802244,1.0599645623777998,49.49266503667482
PSIG,0.6155237452753276,7.789999961853027,70.9543860081075,10.629836909279584,2.307138889964435,3.7545415308565957,0.12837264351120012,0.0,0,6.623688497977355,15.578638371450303,2.0472459271315175,5.309004208881504,-6.144580928922074,1.8416189277256092,1.0477713259889336,49.36552567237163
MCHB,0.5578883356427152,14.420000076293945,0.7996783306200905,2.6143038571920774,1.0288735197937828,-0.34876463458387685,1.21359354921518,0.0,0,11.385844296406958,9.725278719728498,4.743598508234725,3.1318106837302593,-5.627862476913458,-0.20776075736868896,0.7748779664183499,49.308068459657704
ATRO,0.6107064746180236,85.01000213623047,64.52200216167694,9.192969681282499,1.0797306823201156,-0.19483703389074616,1.317495257527492,1.9424755692671907,0,0.0,55.15605167947223,-3.0878847196664156,5.7254856297901755,-2.242406817789341,3.8864603893912752,1.3695975236831943,49.18215158924205
IMOS,0.6199549764390645,56.720001220703125,86.61293867730188,8.813262869305994,1.14615320287876,2.2886247875714227,1.6925230320787192,2.23906987025544,0,6.42154405313949,5.820900812208433,-27.828319575777982,5.637970921600249,-7.42614526357449,1.7610082086084105,1.0139373426405935,49.13447432762836
HBM,0.6256173918573501,26.59000015258789,63.99010955128046,7.883312872565042,0.926875222513534,0.5335321911310276,1.466714506941488,0.4133114713773113,0,13.33376679638901,-1.1583925355137243,2.741510762788628,5.477328210890187,-7.452064614609248,10.832540559067958,1.0966681604523763,49.12469437652812
THR,0.6142233975010208,69.20999908447266,89.69772277939568,5.861296160890929,0.9573896728129593,-0.3981295105509264,0.2528470230828441,0.40456405576755367,0,3.342121437582894,37.10380291543784,-15.267682763424018,4.301092286730373,-3.4458722239853494,-1.6815474446009,1.1471498381671619,49.06234718826406
CABA,0.6786447979247412,3.8299999237060547,69.61280648779086,7.659871215624266,1.0173679798147093,0.6154570655645988,6.527415271925547,0.0,0,5.72217831987631,30.272103702756393,-45.10490374606589,6.90227402773773,-9.45626698508816,11.875003395616408,0.9463374180741018,49.039119804400976
KN,0.6084204403659436,37.619998931884766,61.76684154520369,8.690625376178449,1.0276515166125901,0.286733154736939,0.026587284726703127,3.1233367102343137,0,1.416292925726888,70.14924420024741,-9.726339805190126,3.8856627103800023,-2.031256674425289,-2.55474887261932,1.2192506843343955,48.94132029339854
NHC,0.5793101024701047,192.0,33.94119052567455,3.1736643636693582,1.029367933328938,-0.09006890625756642,0.9635448455760363,1.0989586512190486,0,6.7906142680719315,21.377549809573857,4.34608128972374,4.029017403012229,-6.368866533707192,1.9459312279394643,1.0711167781941149,48.93031784841076
FCX,0.6527556235138909,63.630001068115234,45.82183985842951,3.739210251788378,0.632229718246233,-1.430697267535957,0.589344638848384,1.2022621040309136,0,22.685999651121076,-2.087958118593181,0.9104943955052314,4.308951898990113,-10.342398233386625,5.161405579771531,1.0686030722651392,48.91320293398533
WFRD,0.578792197090205,106.16000366210938,31.052026288630064,-1.6623073112354565,0.8873213889896261,-0.05643069631374364,1.2151477684769705,0.23549358644839144,0,15.164487072974312,17.01977677876125,1.5411099599962366,3.5013187788681797,-6.177638329159942,-5.472353737867856,0.8008053093481928,48.9119804400978
VIK,0.5519656210311669,92.55000305175781,30.518152066559388,10.884804452726607,1.4728138568568616,2.6714422143678207,0.21609610118346503,0.0,1,0.0,11.345043303009396,-2.7411044116800167,4.176815148720842,-0.21563013287334898,-0.8984969247192298,1.1925205966640207,48.90220048899756
GTX,0.5868317447821317,33.65999984741211,96.65431682600985,15.2719970694739,1.2520654202413328,0.48501775030289473,0.17825720012249544,0.9061209344900502,0,0.8285004972873867,31.43303024167991,-28.83192809200882,3.9033195394730096,-1.9801988996343494,-2.7459928763102175,1.5422503459848478,48.8838630806846
NYAX,0.573560641181827,74.30999755859375,50.39162630797567,7.206616291096861,0.6863089303017721,0.545470498408751,1.1976845900643347,0.0,0,0.0,12.182970946495661,-6.539304553435792,5.219544389446011,-1.1835098746734807,3.04232831759944,1.8540156216999446,48.83618581907091
ALTO,0.6800864693735971,5.300000190734863,137.85916094209392,6.43639439058718,1.436417472893036,0.5574598329269813,3.018864936299864,3.2792450060417,0,8.198571364572842,31.84080138216648,-13.446960851562467,7.673583949852053,-11.666663485807835,4.176330178342808,0.924517841351395,48.80929095354523
XPO,0.5856417410946505,212.94000244140625,46.151246496534924,3.070478183190368,0.9016330826970713,-0.7170291547864529,1.3196193887307617,0.8124334120860985,0,11.47443575496002,14.718245901700206,6.513216437455366,3.731096752092599,-8.001384142045545,-0.17271552586645436,1.0503411974613206,48.78239608801956
TSAT,0.6400064211647809,57.34000015258789,126.80815266455797,10.655461295826258,1.0691201507992956,1.3679745591330943,0.7150328676559217,0.9068720899386574,0,1.6282560459435775,109.34648203447956,-4.436194642504006,6.0790286699997855,-2.9615840166717984,-14.676053758664494,0.8495460286528609,48.72371638141809
AD,0.585770374580663,50.849998474121094,18.467120822119455,0.44940257589461624,0.8783664624109426,-0.23119119459551737,1.0226164667794193,1.8682414777342644,0,9.034344790371087,10.905125771624782,-2.7650766594984577,3.95280292860732,-12.763771357733395,2.96742134446449,0.8857843123604054,48.706601466992666
MG,0.6343957967802483,17.780000686645508,36.411983345508084,-0.21046402442794193,0.9857288973481885,-0.24473597258733515,1.349829931586722,0.8998866210578147,0,14.904867637769653,38.90625329151401,-0.4248535529789893,4.226257452792855,-9.100198506166546,0.5475696480527733,0.9198596716269016,48.70171149144254
MYRG,0.5978378855229904,471.989990234375,117.28899731899456,6.045029675233589,0.7691712702181496,-0.43555618523793427,1.34536880757767,2.754295698838248,0,0.5127272385169481,16.595438126720527,-41.56570287833014,4.583632850379338,-1.6687520345017317,-2.6025584875471344,1.2675376631377988,48.65892420537898
ATEN,0.5675338379633321,29.149999618530273,59.4622513312814,4.89771417643873,0.7547831767428217,-0.08697710245210012,0.3087483834050935,2.1948512054639333,0,1.448781725005242,36.12549985865138,3.5549188465593287,3.4960818080825575,-2.995007125958118,-8.048185609939676,1.1002331558409482,48.64669926650367
ABX,0.6751502164513714,9.319999694824219,50.819470856219496,0.9094816961849796,0.7341628770713042,-1.0708107921297183,1.5021394229354272,0.2145869607518995,0,22.316441679829346,4.954950165126811,2.0105776105615605,5.220721671281843,-11.532986901476052,8.568552165793896,0.9922323207402596,48.607579462102684
FLEX,0.571946114175743,145.7899932861328,149.16057338890036,15.60633485899773,1.026166972858701,-0.014752711129784107,0.24007553304861562,4.266338360363068,0,0.0,8.20900906200428,-10.658550821131756,5.593166257711723,-1.0519906951760165,-0.9154445232166819,1.4735329853060162,48.465770171149146
LXFR,0.5639936817841085,16.709999084472656,27.572249679312712,7.321766890619398,0.8225377620048872,-0.31337637404116586,1.555955973138712,0.0,0,0.0,46.67715629618734,-17.45673213926912,3.438916182385653,-1.532116908584129,-2.7118559366365695,1.1484845347891997,48.327628361858196
KOP,0.6538149030700003,42.72999954223633,37.718791879427904,3.580343910779142,0.7098796297116724,-0.488890048694862,0.09361318969093095,-0.39784266501875326,0,4.119816497256454,21.737895725332827,0.26531744519528,4.51004644299276,-7.909486773435977,5.9650975563317505,1.0859021208679474,48.31173594132029
CYRX,0.6060701259174278,14.020000457763672,45.159291481352696,10.263471447642724,1.5683532574980608,-0.41806502438889326,1.8544883502125582,1.853780917076604,0,5.539166850341635,15.012312881250367,-20.693060591771108,4.355970947509123,-2.3676825001301545,-1.8749952313940437,1.0598300724211418,48.30806845965771
OBT,0.5591442866225451,34.06999969482422,14.776612461291938,0.5340958900528795,0.6954688620492747,-0.5586709882992101,2.1426461659927765,0.029346409223562655,0,39.67161430288274,-0.438344595334999,5.872624872273959,3.0651170380610147,-10.271270477731036,-2.173213096545402,0.6930512069376181,48.26039119804402
STX,0.6082953848102336,870.6599731445312,253.69031179877135,12.240540844666686,0.7234235973715747,-0.29390597234868676,0.8968801939127974,2.824290374975384,1,0.0,195.06916388206454,-33.15544458057602,5.563667489729606,-2.0573534194713017,-1.3140052932750452,1.3402091058219603,48.1760391198044
SIMO,0.601053378152242,284.9800109863281,239.197726582972,12.753510584904237,1.1075455010171387,0.23809670061014382,0.0,5.923224167312943,0,2.1360234313758313,31.293293545915358,-59.813652232975414,6.451078000063487,-3.0680234740276173,1.7782013064147613,1.5394638777299419,47.95965770171149
ASX,0.5954982277569041,39.06999969482422,168.184414917101,15.78869314071599,1.3108779359074936,1.2480638380557154,0.9214246561410627,2.277961086709607,0,0.0,87.0272897820868,-11.170208482092487,4.808217484807116,-3.483201243384652,-0.7434936988904757,1.3750774461974595,47.89853300733496
VELO,0.6130674283676223,25.799999237060547,409.86840828100924,50.73835116811692,1.3258957288008146,0.15497264876581143,2.286822364387955,7.713177635224448,1,0.0,22.798662331121978,1.6152736333420692,11.476744656387332,-2.235695968969833,9.20962292047995,1.6683920957460117,47.89486552567237
CYD,0.5794442099198551,59.709999084472656,58.60082118230494,23.342283149028344,1.9301795204471999,1.475945467622416,1.4905365990283073,3.7514682846675607,0,0.0,24.42174827224569,1.4961996651644396,5.137928273176319,-2.8789858017466385,2.857144673597338,1.4132427212711878,47.854523227383865
SNEX,0.6417179194415051,112.4000015258789,86.88781684427114,0.25733465349148477,0.5335771379862365,-0.9825994594824273,0.2980418860515281,1.0765116263662164,0,8.397114590010734,61.2779746117168,-2.9535046695233436,4.551664425410844,-10.381116913607496,-1.126320106060155,0.9538055579632657,47.77261613691932
RLYB,0.6038947280672393,14.529999732971191,175.15124084168338,6.244514179969577,0.15318468263160603,-0.1629242054171904,3.5787991301444744,0.20577837381554376,0,2.5729170298779658,2.9036816622243093,-62.27272071406604,5.0672985502209205,-9.187501668355836,3.1880998466273813,1.303322003311035,47.748166259168705
BWAY,0.6450802907616137,15.5600004196167,94.47751724273141,-2.816810321962253,0.6953652600426448,-0.5949625267823306,0.514138313261588,2.472369953388711,0,14.191392999589967,28.6482023629802,-1.9875756970331888,4.852046478470562,-10.327333662867487,-0.4395635259275118,0.9713547750741457,47.74449877750611
COHU,0.6174132655199011,54.939998626708984,133.73847138899416,15.143193396316851,1.2693892190381528,2.2710645392080653,0.21842509934375548,1.3287283858165526,1,0.0,17.06796988978311,-9.739522283918088,5.439699616339129,-0.2179490439280369,-5.808257004147569,1.1896969924201577,47.733496332518335
CTOS,0.582234157830882,9.779999732971191,66.92531186183437,0.8975513675747979,0.7778909320033263,-0.668184966982682,0.9713728999278155,1.1247408964149377,0,11.556053215919228,57.996763198461245,-10.210877389800144,3.8190192725660195,-4.305288870041123,-2.435066543160676,1.1490790534383604,47.65403422982886
DAL,0.5624907386289913,81.80000305175781,25.891147897772427,13.597828622922222,0.9206425631647757,0.4861428001958572,2.389968372494144,-0.17114839171600438,1,0.0,35.386301229511844,-5.415047340146035,3.265838967676075,-2.3341821571811137,-7.0512817287718565,1.0557536780834986,47.36674816625917
VICR,0.6203282583647539,345.8399963378906,295.38690566489174,24.398401344692306,0.9549047429303236,0.8631624097955504,4.640879736425677,0.07952359963391914,1,0.0,110.18597936574469,-6.960198242750947,8.742069180514498,-4.435054204547344,6.660549545150611,1.2803643321044837,47.36063569682152
CRUS,0.5886782304765977,173.58999633789062,32.438899413592324,4.013060867049848,0.8068590096006637,-0.6861971201651007,0.14401751556693287,0.8352998322618975,0,2.1472438413253547,28.67095962162378,-5.3596744866342405,4.076930201759387,-3.785612404574584,-1.227631746125839,1.0260446548114428,47.11980440097799
ETN,0.5631669832855455,406.3699951171875,8.70741359301308,0.7433064616800519,0.9805691052813752,0.019317900657323334,0.11319523109582497,1.8259255153856426,0,13.753652029068824,29.4293096675261,0.5350278437607028,3.712321292401973,-6.415956808689533,0.3600708766890704,0.8880357593001983,47.1161369193154
ADI,0.5662506965143513,416.8800048828125,66.11795233940722,1.6804063895229637,1.7009495779328374,-0.20843014222125889,0.0,2.1756877801674914,0,6.313675425979093,4.730565925702325,-5.61237246253392,3.969454060637842,-4.32387686703977,-0.4084616489195437,1.4444339985703885,47.11491442542788
ASTS,0.6001525870408246,129.60000610351562,137.7655323781156,55.12412964996215,1.6699874873219807,2.4841376592444857,1.2191253841388314,4.8541667205922625,1,0.0,8.270684551037588,11.143570711587476,8.130344801857941,-1.204441729280018,0.7743266038294155,1.2677438384310817,47.06968215158924
NXPI,0.564105191806842,329.239990234375,59.20525522707274,9.602718418708172,1.0993368956356098,0.40140724883419127,0.8717123435442432,0.7638756546740882,0,1.2124672365569804,13.825407168275452,-26.893531350207624,3.984174895065863,-3.1504696537861245,-0.7817021727230145,1.4489630134816744,47.0317848410758
ENPH,0.6274467197475412,70.27999877929688,146.4510732116063,55.23601042089218,1.6167611535707247,0.5767428407782763,3.443366834012757,2.7319268671979366,1,0.0,36.017033616185365,-5.01458092977025,7.768924298154932,-3.3287459016468888,11.178908555750903,2.119433286335218,46.99388753056235
UCTT,0.626913104274976,91.58000183105469,296.7040521779446,11.973102740383881,0.7525428633962122,0.10138244861794499,0.7643556827241464,5.732692612987482,1,0.0,50.92287635129432,-6.249200497873413,6.332478262605074,-0.7585576045669032,-9.691309391210716,1.1319371656910968,46.92176039119805
KLIC,0.6097372644011985,105.61000061035156,145.79411165348773,7.769705609351385,0.996714438094483,0.39438074717188276,0.2935304959750466,2.1730879231702542,0,0.8324346607117031,59.548812435008614,-10.134967091334513,5.877757671557555,-3.886054559302168,0.9761236702379648,1.335610114814878,46.8239608801956
LION,0.589619734093955,14.0,82.10740466073551,9.285352249592208,1.6560709626610393,0.3367862633045967,0.32142911636236443,1.7142840792930085,0,4.285691993113778,-6.354513854995751,-3.1096571694446884,4.709183439916494,-6.697768122019013,2.0304645195283353,1.3188093917343358,46.77750611246944
LQDA,0.6143194891895197,62.025001525878906,98.54929837576213,20.650670502000107,0.9985228250632892,-0.2250496664938971,2.297459414721683,0.370817471300918,0,0.0,72.96430694216095,-6.586983908794318,6.415614681240855,-2.245861654694285,0.5602262147329525,1.2521644242332157,46.77383863080685
IRDM,0.6353434703625376,51.38999938964844,210.20940321190676,19.8530690076889,0.9722446438344862,-0.06782418114438483,1.6540227649293109,2.772918989403849,0,0.0,203.41522818207144,-5.033470267388383,5.261585076562236,-1.6271099951982912,-5.242094749452439,1.2176947234052542,46.69804400977995
CVGI,0.6546878367276577,5.289999961853027,214.04961129977633,8.202086093602736,0.6503827832841717,-0.05725676550036553,3.213612050807276,0.28355135332564174,0,2.9257578491916423,160.5911347193516,1.1709646591685579,7.203620722562695,-8.635578639168498,-1.3812207818158235,0.8636997982371328,46.67970660146699
WCC,0.5910464618801576,368.57000732421875,32.49988020460213,3.975425118371841,0.7960652840664174,-1.1572449866461065,0.61589086701482,1.6360524892021735,0,1.8986547046368742,29.21152768660262,-14.411123165965295,3.9164873081752862,-2.3060359802737413,-2.6622848129141414,1.082248228860085,46.67726161369193
OSS,0.6279338222576836,17.559999465942383,279.2001457693642,20.51334512803014,0.7119022549373162,-0.3578501068298403,3.473807681486099,2.9043185479208105,0,0.8963431780731936,14.546637659419867,-5.393742990889607,9.286527298524696,-5.029747521025755,9.794319257255832,1.2625466799256437,46.6479217603912
CODI,0.6575741747452571,11.5600004196167,76.86892465002467,-2.3194870894335544,0.6488341013685638,-1.1670917953696789,1.9896235946535938,2.6816644319824463,0,12.516190915424547,54.33912913654927,1.4406785892513745,6.049184725753765,-8.544302961124014,-0.8264415258368355,0.8687260371561351,46.50611246943765
NOK,0.6213839407205028,15.680000305175781,149.45125458496742,13.368522243721312,1.1946364668723415,1.3581827006376996,0.3188726791086477,0.8928593149810901,0,2.601345016351257,-4.738753478943325,-18.761060615819364,6.577986281270108,-5.712561055173873,6.820800287452652,1.4561459062852684,46.49633251833741
CGEM,0.6362919895265724,15.520000457763672,49.36414387923698,5.1722126879290125,1.0186108126004032,0.6987148802892833,6.765464946503659,1.095361283948619,0,8.193001325124104,24.758850329783385,-16.62762756306029,6.475515571383802,-7.287929091770364,8.481821831414043,1.0477166322001634,46.20904645476773
APLD,0.594484025794938,48.97999954223633,117.72095325119008,18.08456015914125,1.224163345061558,-0.04375332809808996,0.7552057027467635,3.184773796874233,1,0.0,53.35002730972237,-24.19807010223729,9.340080954227515,-0.7495450954413317,1.6239583920691587,1.4264860477906236,46.08435207823961
WDC,0.6186806954726697,530.5999755859375,267.1728189209285,11.900790716885032,0.7176715255981432,-0.5829589024757809,1.3428195114631298,1.6773395756494929,0,0.0,193.15988373113646,-18.995376195318872,5.828443169614869,-2.9413948388908553,-2.9978048796247014,1.1422089354143694,46.05378973105134
OPTX,0.60441868593556,11.920000076293945,839.0781941206518,44.170295914705335,1.9308511668399828,-0.0520875045954307,1.9295263485312173,3.5654378186157363,1,0.0,378.71486051618433,6.341463328761956,9.911911764736137,-2.295079814145557,-0.27322377670439535,1.1431433504027861,46.03789731051345
POWI,0.6014854714676153,86.9000015258789,151.15911195821448,18.420606323506203,1.706661349506296,1.8418147531417104,0.011509937922584505,7.299082883496978,1,0.0,138.62017428917326,-16.75250795242551,6.482236623879974,-1.047595276852475,-1.731882329154947,1.2994823152051813,45.94376528117359
LSCC,0.6192503147913316,147.91000366210938,105.38600687585085,15.059842024967782,1.1400495827835628,-0.31855130320870695,0.0,2.089105713855992,0,0.9654841885823051,39.84117269177108,-7.339120983335092,4.925774836299285,-2.735584574026318,-2.657917524788458,1.2028179233602394,45.85574572127139
LTRX,0.6659767490088577,7.25,44.818840678275066,10.907144142316723,1.8250947326986628,0.3319238417897644,0.8275854175346918,2.6206904440586496,0,1.9035220328568951,1.2569853979515122,-7.812499882363976,5.763546704071495,-12.014560661373368,6.403946362677631,0.9810671007004707,45.80440097799511
ON,0.6037035535146613,124.88999938964844,152.90858919340246,14.636351811328026,1.0714145038801834,0.7744970516907681,0.052047755403478106,3.8874175284066794,0,1.638430936920562,126.20902274840032,-10.042866892393459,5.71560017319231,-3.2835168688943357,-0.016697263451386335,1.5930496284431332,45.7481662591687
CMPS,0.6246896899760517,11.850000381469727,114.68515526275867,16.008715497194988,0.9919763787825041,-0.062207034383389884,0.675104819611672,2.5316470974859033,0,0.9985991208808171,25.264274137764858,-10.426542157442709,7.027122243751973,-5.048070383207958,15.372421534613254,1.548519405906442,45.68826405867971
BHE,0.6303577253571901,86.0199966430664,88.55255985851174,2.377944488431069,0.9692429547994531,-0.3394502761489659,-0.16275214497825088,1.6624045117007356,0,5.149703379500099,94.59011522559615,-22.889115766004085,4.273923276092092,-3.7269187329442475,-5.298135821378066,1.1352860282325183,45.52933985330074
IOVA,0.6708113592425219,4.369999885559082,80.56746779186457,18.55669787513694,0.9723266865632268,-0.1755040305950701,2.6315846897166155,1.2585882517971467,1,7.81581610917342,15.608463451821272,-17.751475862133184,6.897679597158481,-22.3801101784375,10.148511167870645,0.9874260788722485,45.48166259168704
ESI,0.6447143123351163,42.90999984741211,62.28642079365321,0.7738270622209698,0.8062843613185953,-1.2095433443408337,0.13982185692310187,1.608013584587598,0,8.314661906628261,0.822364809256128,-13.434768084152163,4.168191459728832,-5.733744692546628,-5.715200935222224,1.0025072980270453,45.44254278728607
TFIN,0.5654461141500928,70.16999816894531,16.51460103053253,6.36330297992416,0.7490744025587218,-0.1677428218011599,1.8669021264836982,1.3253531843102029,1,3.3287956987141194,4.233509338975644,0.42867835769688734,3.222989412414986,-9.8535438459588,0.7466579337194046,1.0843352357628269,45.436430317848405
ZD,0.5957363904431531,45.72999954223633,29.23801294639299,5.877313474025857,0.8648859838592496,-0.18218476127044023,1.2464458791111541,0.0,0,7.346043014060109,10.245901752168653,2.9442902278643865,3.6534327657961643,-9.535113288775488,-3.0677786894220214,0.869641207901446,45.42665036674817
DGII,0.6195106899319133,66.87999725341797,52.59462102168291,8.060941112142741,0.9674948293031658,-0.7822257894140419,0.0,0.24671190535439816,0,1.0810125763099425,52.48517173323641,-6.681270406907217,5.244467462421979,-4.197107015617022,1.587307594288785,1.2017160027372018,45.299511002444994
TWST,0.5935531250028392,64.16999816894531,110.16305975695393,13.23151522641053,1.253460317946187,-0.11544810011408728,1.9573077284025175,0.6774193931808892,0,1.00988296718764,11.774949206379725,4.142013017237414,6.17942419207208,-4.138040291893012,1.1330778505670027,1.2844569592735529,45.21760391198044
WTTR,0.6088840458731684,18.65999984741211,79.36987146868533,2.807084298607213,0.9982412580339707,-0.295730143375248,0.0,1.4469478025566427,0,8.232352995085071,47.1889525959422,-4.8506221148246915,4.181212840688142,-8.886717458083574,-1.9067813515905034,1.0832148399738029,45.2078239608802
EZPW,0.647331737754675,33.40999984741211,72.75397031339136,0.6128317816592591,0.7807231750228983,-0.446913190529291,0.6285630054556939,0.23914646689922994,0,4.339170772179988,58.79276802772324,-3.5968987515539244,4.622204203435276,-10.018855678938898,-0.4651195456485572,1.05019926135726,45.20048899755501
TOYO,0.5771946569224691,15.260000228881836,128.08550632284644,18.805716129856567,1.6312822175217738,1.174479956262568,0.0,6.028833960909248,0,3.792621901547771,3.1081083255921986,-3.2347540786420064,8.646321733926655,-0.8447050781832761,0.24300735357624276,1.397782241221114,45.20048899755501
NOVT,0.5768700108851926,161.50999450683594,37.11652363584943,11.184154789980289,0.8160093367879118,-0.420571348797667,0.07429578432787219,2.1918106659096344,0,0.7709411260447602,1.4573729693038,-2.5662875393175066,4.896644600849314,-2.4462449332303255,0.5592777308332522,1.207027440946932,45.19682151589242
AMAT,0.6054574853417153,448.25,86.07950347065913,6.303921087258348,0.9017850719704523,-0.6827741475636874,0.31344088773981943,1.590631317969123,0,0.9351177493471996,75.25328986410818,-7.795661983834506,4.479844605811657,-3.0601198276878603,-4.5092206294899535,1.1824885423949165,45.068459657701716
PL,0.6293483912722195,50.47999954223633,337.80793920384536,23.574049132443086,0.8218198839078686,0.32480930989921963,0.2971504105312627,5.923133698146304,0,0.0,49.216662162298185,-5.994868289859992,8.101653392108057,-1.2712722712449458,-37.47967142278901,1.0249923086973916,45.04156479217604
BWLP,0.5614415525816139,21.06999969482422,61.19799832067283,1.2031976065561212,1.512783394747085,-0.3173166616993002,0.23730965890374087,0.47461026536960627,0,8.376674640673784,82.46135862019374,-4.9695815601352615,2.9903732754653225,-8.079579088210833,-12.386280676630397,1.164472650946105,44.81173594132029
ALNT,0.6158425402467547,75.47000122070312,33.45040329807336,10.704377017704182,0.9841166019324934,0.2392037476130913,0.6890110436580585,0.1457540858233474,0,3.7997235729799477,14.768502903735262,-4.937435493493749,6.160443626519217,-6.060850545540211,1.7052358407623882,0.9429104822770117,44.68459657701712
DBI,0.6548782115741013,7.889999866485596,109.67792346015047,14.13279155929675,0.5189682532521928,-0.5079640916993423,1.774396309720233,0.2534851871028905,1,18.932059861824012,10.601761696034185,4.913683293994496,5.187398258225983,-8.990550990490965,-3.5447776096339636,0.9475103073234734,44.55134474327629
HAL,0.58261384528689,39.599998474121094,40.570472607367215,-4.234484166659938,0.8939386732922155,0.07936793636763735,-0.5808069472043706,2.0707063797979384,0,15.293686369903003,8.40405090974183,-2.2298451770829395,3.2251092301172726,-9.153479386116452,-9.806787145746474,1.0060617002600691,44.54156479217604
BFH,0.6012752322379746,89.91999816894531,24.862526630662106,4.428816303852209,0.8467348146274898,-0.7666576843187045,0.6450198430370366,1.417928772050465,0,4.969944452916633,25.636192110333045,1.4249343851574363,3.0658205711917774,-9.290829556703322,-6.8792982177963395,0.9455264472855879,44.507334963325185
CDNA,0.552396076263349,22.15999984741211,14.465379249816168,4.981405327122458,0.9682847790323273,-0.650616758236118,0.7003653398629159,0.27075571458851844,0,3.433445074840554,-1.1596798750467154,5.522588283177687,4.541063659679228,-4.6471597861277445,-1.3856799961493476,0.8513318670556584,44.447432762836186
DY,0.6313543638142648,529.1300048828125,47.544413846286226,22.319571557365357,1.4513157889863815,1.9603074684080168,5.8520640616984325,1.527984030017647,1,0.0,53.64713321911104,-13.307721109628332,5.13423677226126,-6.5908785542935595,2.296346356269182,1.1644051995429228,44.286063569682156
AVNT,0.5652222568246565,36.22999954223633,11.268353487065962,2.3301777294320947,1.0491729422809262,-0.8877149451086433,0.4689455946960513,0.027596802813290907,0,41.30499165082599,1.0301214629909692,-0.7594320642749007,3.7991179883126556,-18.567691836196587,1.8048471450590096,0.9088425844291803,44.260391198044005
MGNX,0.629013647535999,4.380000114440918,198.3353443765558,18.81188425660439,0.8404827489321439,-0.3317342116889478,4.223753761204545,0.913241114127247,0,2.9842601668573505,27.69679384598085,-4.651166289077506,8.37410283153238,-5.603443092026874,5.806446252194104,1.447868336800524,44.201711491442545
HLIT,0.5991548061760276,17.110000610351562,78.37560437683322,32.38935711910289,3.9727675458185967,3.075041570890437,0.5260090553601756,6.72121876747115,0,0.0,1.2426094470357505,-16.45445934117883,6.621024443491204,-2.7288205687617406,2.320667974203169,1.7902150230115865,44.17114914425428
VSH,0.6074111737784054,48.900001525878906,281.43012493215554,33.1626854828037,1.9091696713670994,1.42515816613049,0.06134719501058818,3.3333354135362767,0,2.9647941239009272,27.012990975607217,-20.007481028657974,6.044404345237603,-3.6263304920868626,-0.4602987777009941,1.9363164158983304,44.1479217603912
BWA,0.5953578444181179,70.83000183105469,51.496241648708896,14.322147880859404,1.3761657908494067,0.842280609502737,1.0376967264441492,0.01411055566486574,1,0.0,57.760996718451565,-5.431774762647386,4.222886921207549,-1.0270391745505394,-4.439295842601242,1.5219546944882294,44.117359413202934
MPWR,0.6285866552063959,1620.1700439453125,71.88903876347494,2.115268943738456,1.105428325486006,0.45617975076443656,0.0,1.6917998380542694,0,4.647114639737429,73.52872459102353,-5.587471512012389,4.985720079678361,-5.479287770639153,0.09746323132891731,1.2424442148771733,44.05501222493887
AVR,0.6547099906815724,8.859999656677246,137.18272508208145,22.299670986522646,1.7687827433221872,0.05791985156340502,3.2731373934280072,1.918736826887337,0,5.265931325450407,46.20461616954047,-8.978877538825914,6.368913577467304,-9.49949242803427,12.759173732709584,1.6533596480511976,43.946210268948654
CIFR,0.5951857723432462,25.15999984741211,63.2873790114848,23.30160069296182,0.9798337471688052,0.3398678682677731,1.5898236126401173,3.775837713287623,1,0.0,13.846151189977585,-28.04171545843036,8.379230489438093,-1.5649437671061244,1.6512549162110541,1.2361305405719456,43.92909535452322
CMPR,0.5744255025592591,104.4800033569336,39.92017027927348,10.786526728965756,1.3836416299519705,0.49140711311329816,1.0879627246151147,1.000196941762916,0,0.0,1.55521592750326,-11.06676522979578,4.528666096026863,-1.5516340157632535,-1.2232776765705038,1.4170818350840182,43.849633251833744
CIEN,0.6388167175635072,582.0800170898438,212.01248344342818,4.461623463458729,0.6559754939564897,-0.4084767225094908,-0.6090198608558304,0.8933500643124977,0,1.5913767591248864,114.53634135912851,-15.001371612700146,6.2431287778755,-3.88533360261894,-12.0973915639381,1.0149584669134155,43.83740831295843
TRVI,0.6154509967151821,14.449999809265137,16.961355534936118,1.346610805568615,0.6864576819344959,-0.9490344233141982,2.0761259146989475,1.2802797373414272,0,12.912189865668333,-5.121469181642824,-5.924853220551746,5.270391374462125,-10.359807338223948,3.5842260211785484,0.8917348134371338,43.770171149144254
TGB,0.6653133444165737,6.980000019073486,49.71348258357104,-1.4680963998155672,0.8560905118684891,-0.786036553564137,0.9312329087898005,1.934093863272746,0,57.829319389958755,-8.398948504113385,5.13175982732529,6.482808044244788,-24.54054033168766,12.51840808958436,0.9829059975224801,43.70293398533007
SENEA,0.604096828708805,147.82000732421875,6.029487978951775,5.140000624994935,1.4544011721797945,4.862757508837634,1.9415471350053615,1.0147476157945594,1,17.72708806072196,-5.5644231284402785,-7.525311750869074,3.8985640806878665,-11.759787754114287,1.342785856817421,0.8714776149361646,43.62713936430318
HPE,0.5790408820914769,37.20000076293945,69.03103295949109,15.812087224773288,1.0171433598058195,-0.4143531264116074,0.21504842665210241,1.3123686326121509,0,2.1003765964223806,44.29790446734444,-7.4776389819794495,4.368702847233434,-3.576985491402032,-2.151024147131633,1.3584592288446418,43.60880195599023
FTNT,0.5781301558109103,127.93000030517578,47.70238192410776,13.770165212812401,0.9043234118121485,0.19699529263738302,1.5164562157142407,0.8989302924463374,0,2.7364036646092282,59.434202031983354,-4.899669725131555,4.869292295810992,-5.173821931221435,2.035745371252196,1.4026197686875304,43.567237163814184
MITK,0.6003029210102648,17.190000534057617,77.54523718357676,15.102618487770474,1.3138927145634796,0.6578860945522863,0.4653863945082567,1.4543338697991615,1,0.0,16.85928272814919,-9.53057723205103,5.82980108746291,-0.46323058240255394,-4.700853626483862,1.2401091392525843,43.54645476772616
CRI,0.619329525796306,39.36000061035156,18.52537114464985,11.744656469681031,0.6777292093517594,-0.5169084569052275,4.166665051258805,0.4827200806856394,1,7.4184926407300535,18.96917094430331,11.258982259658207,4.6303175499842295,-10.184161945077424,1.7108506934067065,0.9437386521183407,43.437652811735944
SKM,0.6180131862416719,36.70000076293945,69.62269479573624,-2.7994778096213735,1.3659210045990702,2.071395170288516,0.7972717119197854,1.4441487274161275,0,29.19727056503515,16.507938929442457,-2.801193272901871,4.86376044355024,-9.36033775827014,0.892245141793911,1.1926982733908664,43.33863080684596
MGTX,0.6232105533648993,9.890000343322754,18.05191848295229,3.1443960791530716,0.6705436416908093,0.08823134576233936,0.8594543497237187,1.011116524913103,0,14.356626718607416,4.3249031734284005,-7.37885552697992,4.506715042000171,-16.540084176254496,0.5201555468165201,0.7748495185770075,43.3239608801956
RSI,0.573371810454253,27.079999923706055,40.22104472402781,-1.9586545980045171,0.767300771357447,-0.4180244205715164,0.6646983222904684,0.48006302982530563,0,17.604279381632697,-2.7997152531565144,-21.541666983660534,3.64502012108927,-7.387140438598018,-7.726594475486134,1.000470143440755,43.28239608801956
FSTR,0.6017056009618652,39.970001220703125,34.731362758969176,4.599283012495469,0.7967508326831354,0.2961577722122374,0.8506383342397186,1.401054181071536,0,12.31925229396892,33.277764339509645,-26.883786926617326,4.285358025531625,-6.019274940068269,-0.2495600858265537,1.1272818588294269,43.17237163814181
NVT,0.6083917872259738,167.8000030517578,52.92134980316443,2.11253840799947,0.7511804541061478,-0.3892518570318964,0.5959475457730422,1.8653187281697479,0,6.531323460641429,5.587720227202892,-22.494576951299067,4.026648345727624,-4.114283970400598,-5.86176990496948,1.1356649805229224,43.15403422982885
RLMD,0.6593677205958041,7.260000228881836,55.5016133405841,-0.3705198774020717,0.5671336486871024,-0.19632378981963727,1.7906285604329195,0.4820915468852407,0,12.218849166028356,1.255232240134897,-1.5193389085179791,6.4669418998430315,-9.2499971378208,5.1779887323793785,1.0985255724132488,43.1161369193154
AP,0.6668680418396313,11.020000457763672,350.45713273822656,2.406844093469031,0.5985252399736036,-0.8713331291185719,0.9981819609614327,4.9410193129269215,0,4.028424608060977,66.21418200429102,-11.386134405759964,9.158349565411845,-10.406501731856094,12.694615222319031,1.2614850975908924,43.0281173594132
NTCT,0.615710644737286,41.130001068115234,43.85324444990637,8.138667127331543,0.9458632587144552,-0.10484008650425876,0.4862649106266008,1.0333071383741863,0,1.005016945139187,36.871887227940576,-9.288117806147547,4.047270339788145,-2.9265940405939634,-4.572561785177352,1.1943355340637851,43.022004889975555
MRX,0.6476827376613771,53.540000915527344,50.736868219249345,-1.3849382747551358,0.43223885949605184,-0.9282177031932985,1.5128900997851404,1.176692299832887,0,8.71777555250227,24.721967528252836,-0.8336483871501427,4.056841361833433,-8.40530933120752,-5.324610448138512,0.9990381027152748,42.84718826405868
BB,0.5986660346400114,8.670000076293945,93.39185510750552,36.331474754903184,2.1492175140005196,3.0141442405279038,2.191459961815858,3.9792417987669624,1,0.0,2.9691211128865693,-8.949417315296492,6.158346344149488,-2.1444648727346727,-0.606060036649849,1.7184235442053732,42.672371638141804
CVEO,0.5770720563200993,34.4900016784668,45.080227370829995,5.186116379525629,1.1468318629929166,-0.11344643716684717,2.3774997242531177,0.37692392515199247,0,6.075130388855878,20.13236773984726,-0.8945709056281038,4.803671083839293,-5.506844716378452,1.7363564246045848,1.4354835938312076,42.46699266503668
VSAT,0.6037035535146613,85.56999969482422,167.4221702882836,21.220276638028235,1.5290044942746328,1.8580232597839943,2.232094973587551,3.727944902121953,1,0.0,153.09079035084363,-12.93489173918386,6.268886489870562,-2.183360298117954,-3.429415337563477,1.317123733731365,42.140586797066014
ICHR,0.652136867475535,73.73999786376953,382.3784380546019,5.359034239907129,1.1489579863691446,0.06178247853007411,1.7301364920627733,3.469077723661884,0,3.1643980848467685,62.8893243152032,-1.8485057267763783,6.435826359539654,-5.461541200225453,-14.510449126296054,1.0240999160146513,42.09413202933985
SNDK,0.6085599782885618,1589.93994140625,679.3763792026655,14.102606500737997,0.6858127413451055,-0.9092568253861487,0.7566265186038961,3.873099508411828,0,0.0,175.91148657778584,-40.30228767817107,8.104008514928832,-4.149457749384247,0.16201904985927168,1.4737195954627471,42.07090464547677
SMTC,0.639246651393266,157.1999969482422,131.68022514319267,20.234960071465995,1.7568333477849596,3.6914068448960005,0.0,2.4936375604453915,0,3.539671033054973,-4.414453039766716,-19.682205011155986,7.802162959738109,-8.615281337081775,14.022475681790302,1.5592591120666799,42.06968215158924
BE,0.6619956221551918,293.79998779296875,211.9589022824425,3.204680164536918,0.9511674586464579,-1.1343139994242182,1.0860124160184275,2.688902050610143,0,3.577812568121916,141.1359131830419,-30.428063068539775,9.135751455550238,-8.992348910161905,8.036173498980432,1.3370507011399888,42.06479217603912
HYLN,0.6310756960960813,6.940000057220459,293.7134740500011,95.5480442199719,4.02309604706447,2.8176203055775657,5.475505925836503,5.185878886050997,0,0.0,15.859771656825272,-27.62431025030464,10.153252398945835,-5.191258271552185,4.040406166883528,3.3808522867659594,41.89731051344744
LRCX,0.634146610878355,318.92999267578125,109.68976954183391,11.267523517682406,0.9111303455719103,-0.4475660473407044,0.5220512543739082,1.4579983078596497,0,0.7564778393041668,85.3555978125249,-9.77987998374933,4.670528773703509,-4.320041543372898,-6.340020077032858,1.215518826500651,41.877750611246945
SYNA,0.6095061733731798,141.63999938964844,109.69855131497668,18.266909112863043,1.0396834548502094,0.42813694847283423,0.5401012376020565,0.8189802789465153,0,2.032719304002074,54.848581500883874,-20.986084231461437,7.316840088650197,-5.009725162682646,2.5137013375841804,1.5892749197771796,41.739608801955995
AYA,0.6729323226982971,18.719999313354492,81.70459669857135,0.965424350094049,1.3866783498046384,0.026864098927266745,2.08280033012905,1.4423101904530282,0,19.90327186493275,-0.7423186238541559,-1.4819204952484237,7.45570221209802,-14.909094029529168,16.865954984911646,1.1352112210201128,41.683374083129586
INTC,0.6327989740158669,121.7699966430664,238.43470002602422,7.907641465638665,0.8584857481655194,-0.38784525436885164,0.5296843728687378,3.864657782737208,0,3.8351762879870734,170.17971481226465,-27.957886678964282,8.041273665957068,-8.271188969379196,3.8243008394916456,1.4823538023021556,41.591687041564796
DELL,0.6246016576177977,305.32000732421875,136.56347145043046,25.218136468198853,1.1241995547182766,-0.012584329437116073,1.527867929611459,2.2107951781915425,0,0.0,106.82382262164687,-5.045411070715287,5.757422613501431,-2.184881015225397,-5.142461006522014,1.3837660829951437,41.56723716381418
TIGO,0.5956083324258105,84.66999816894531,52.932597520839295,2.501087205314214,1.1930055002405102,0.5720344441753681,2.0668478065719205,0.8444596465563121,0,2.999148862844208,15.834681518407114,-2.0957733971950288,5.089676056382628,-2.734066397872572,-2.2774111610801184,1.2198373057366323,41.54156479217604
KLAC,0.6224189711141997,1957.18994140625,64.33140261846026,7.576025835257429,0.9285498413147596,-0.17737346264564277,0.0,0.6223173021146553,0,0.9378268799136447,37.41715099882422,4.205154906096189,4.4976257878861015,-4.994472681486557,-5.088865571406369,1.1487689707611093,41.43398533007335
MEC,0.599957920488316,27.1299991607666,59.2770333563903,10.007295751224547,3.5816453386365406,0.9374699493912652,0.6266129065478215,1.4743812417583098,0,2.647728417447366,13.277654682229251,-3.786495988956763,6.542573100461836,-3.6063289410287553,1.709397436382452,1.4057127521412018,41.43154034229829
DIOD,0.6261226737783975,109.12999725341797,129.3986018734052,4.042823736067376,1.2439315190576947,1.8940200018511537,0.41234945437879594,3.8119638388852177,0,7.452104389802383,39.91025288848572,-16.375299607666935,5.784058157458478,-7.35993681974431,-3.292865126960925,1.0607459094059828,41.1039119804401
HSHP,0.6222291688836915,14.800000190734863,63.71032205147249,-1.40046954153923,1.4124510574970066,-0.2779879768714857,-0.13513822638219447,1.8918900631336393,0,13.778659899483333,51.19490733519692,-11.09509819489926,4.847586557769021,-10.470402006351492,0.5460231000289104,1.2182940825946975,40.99144254278728
SVM,0.6557048680006037,11.949999809265137,75.76480282649803,-8.292084627986272,0.8904812413272473,-0.8742250909774165,2.2594180924734366,1.6736385978293942,0,32.23407010577472,-6.42130476930244,-2.1204410584196745,8.063956627096612,-24.223212031523385,15.675681665204898,1.0836387605945714,40.984107579462105
GLW,0.6251296198117038,190.88999938964844,126.16065896776524,4.093333746350513,0.877894847104787,-0.10762763084315527,0.3164626019763973,2.928386167811196,0,9.299428437374345,5.13300197688278,-5.913102170039284,6.995205807975453,-9.868263165837753,0.8178733859045769,1.1266623248402365,40.882640586797066
CMP,0.623944300055038,31.700000762939453,64.17041559286045,10.91866848667097,0.8879989592891468,-0.11708332763664553,1.3564678069816671,2.2081982294054345,0,0.0,47.44186401146528,-1.0695140413379756,6.5412347877346235,-2.130282925871864,-2.2880139101073578,1.1626139802186732,40.87775061124695
SANM,0.6321384664002988,261.82000732421875,63.73254437633593,11.577286410286609,0.9681117708746382,-0.12097440762088985,0.0,4.514554653394602,0,0.0,82.84796624019037,-2.9843091410883016,5.249789585339334,-1.663847014371685,-6.22523793046858,1.2529483988203771,40.8520782396088
WHD,0.5670259353432475,60.63999938964844,33.60005404337427,4.924385807680568,0.8747516410854594,-0.589216102514104,0.6019094120007844,1.0059376920865097,0,3.9514978732180612,33.18208030206327,2.217853124358422,3.6968773654259666,-5.692073854345483,-4.90109789491718,1.130182183791453,40.85085574572127
NPKI,0.585269783410374,15.199999809265137,17.422625562895043,-1.6881201133354327,1.0340093889389308,-0.30559923855199056,-0.03288921598028863,0.7565774510108899,0,17.464190394971652,5.336101786219709,-0.12690040480732545,3.9426707282078812,-7.878789034279245,-3.717195810818979,0.9336531953226673,40.79095354523228
BELFA,0.658647674093979,251.64999389648438,94.39216276259073,1.3277476630702663,1.4315677789854333,1.4876668930894263,1.2835270438571431,3.202860224140193,0,7.790295470015418,7.318004179818822,-15.978651693413482,5.039313633656246,-8.891784627023238,-5.011114829847607,1.0422205477648916,40.78850855745721
NKTX,0.6570482144743791,3.190000057220459,62.70041811305849,7.06494542646089,0.6050680874914081,-0.4373622096415547,4.658302831983789,0.47021524175028934,0,9.231374107621727,-8.069163371771548,-11.19133374737203,6.806090105138001,-12.602740438411928,4.3859607826115,1.099168731593513,40.7322738386308
DNTH,0.6325808851763156,86.66999816894531,94.57347528776303,-0.3220258203682218,0.722983301994389,-0.4135027815451771,3.3633333068860995,1.015342416060102,0,15.071819055121708,9.390375484903629,-7.852276608730937,5.462839758566611,-10.186530394769763,-1.6923073010349943,1.0682315120317087,40.70415647921761
VOXR,0.6301386860392355,5.920000076293945,32.14461526325716,0.9506767262283645,0.8822696009316049,-0.7859158317500348,0.5912216856805576,0.5067602942002464,0,16.420092352124044,14.954776473919592,0.0,5.471765579307661,-11.641787388951057,15.34483173556942,1.151112465535118,40.665036674816626
GHM,0.614695925298385,99.9800033569336,70.6263423818279,3.5139698287992913,1.487758507641057,2.74769734336417,0.005005883821169979,4.980999389552852,0,2.918319386245228,1.688368253910682,-5.804772449601269,5.343926511706874,-3.428953408853794,-5.106122403429887,1.149309719075447,40.54156479217605
MTSI,0.6037035535146613,400.6600036621094,138.62786442225917,14.770558378844893,1.0773910519427854,-0.1409588446058768,0.7787138942400934,1.713420399243882,0,1.4135886033556901,102.81447606766622,-14.291639646856384,5.944565997512845,-4.319999125456102,-1.9295733475026111,1.4190615559828004,40.511002444987774
BTE,0.618815233882665,4.730000019073486,34.81469670853461,-6.066924934025729,0.8382951514139427,-0.5980377716684632,1.9027516322609308,0.4207155399331657,0,17.78980970651551,5.8165602019530045,-5.443547959587287,4.031863379227554,-11.75373318340399,-0.9852207489389895,1.0748322000805148,40.469437652811735
AMD,0.6037035535146613,495.5400085449219,128.65220485556708,17.155723247574958,0.8345368509530835,-0.6811848713997577,0.4459763928169938,1.791923871714662,0,0.8652509572537853,147.5348431490661,-9.916159511703164,5.816883273243735,-2.875283345253565,-3.1030576802710597,1.4928603201707638,40.46088019559902
HUT,0.6037887554743995,117.63999938964844,228.05244214329102,20.783386280178984,0.840265561176779,-0.44305700369865586,1.6448466241215987,3.272695081658715,1,0.0,192.9282864409668,-11.648871799560874,8.252356483989418,-1.6182292351762533,-3.4186365440782227,1.3599607297540262,40.238386308068456
FNKO,0.6716402765416505,5.389999866485596,77.2931337909079,10.405568361924791,0.7368637791632946,-0.2173148734299935,4.267161868795742,0.7421143383383254,0,2.575968107822551,2.862597364327692,2.04080904408961,8.18181810139363,-11.494257281584689,11.16882698385346,1.1823826380815088,40.19437652811735
LASR,0.6238318274502248,81.38999938964844,153.82635680837194,9.305174242955182,0.702851303255489,-0.49052105490635,0.853912888595098,4.1405612136781,0,3.1664793683374,85.56771148239247,-1.7786533758583207,9.358205117732487,-6.394477002500007,-2.1167838660160867,0.9942600025149222,40.14303178484107
CXDO,0.591509121721388,9.779999732971191,47.93665585696472,7.944038660581692,1.7214502419688646,0.8949288795509085,2.0449878804232475,4.089975760846495,0,1.626369383717002,0.30768956890373855,-22.205885092726653,6.20508224842197,-2.589643723543926,-0.15337774401160495,1.4054844841063558,40.11002444987775
PTGX,0.5563162984757899,102.20999908447266,5.1620255560614,1.4385588905306719,0.5238526804515211,-1.0293676833381924,0.2739446060093663,1.0860000198447604,0,13.476463210297956,19.139757539951276,1.9760893370930515,4.221420798290365,-5.220694959711908,-1.8501301452287777,0.8950058727356375,40.09046454767726
HIMX,0.650307921382244,20.649999618530273,173.08264640482474,19.84561916553382,1.0464431797904048,-0.0017464766939875817,0.37772892869739183,2.9505991151613746,0,4.0534367426971505,103.84994456272483,-11.334559161250803,11.414494126599841,-7.976830984165338,9.205021712584303,1.5667863933140582,40.077017114914426
GFF,0.6219917308174548,87.70999908447266,7.731578868340594,1.2139662802421083,0.7572869208227448,-1.191512431962282,1.6645754186474218,0.44464644135771375,0,27.671777607006504,-7.280179343505269,1.1078490783493156,4.365035907437501,-9.883715021056073,2.1987062634440235,0.991345030229196,40.06723716381418
LTH,0.5649970499779156,33.09000015258789,13.734006354741224,4.92770195489544,0.9747186960714899,-0.44362269154849426,1.2692600997155719,0.5137563700619842,0,8.003977266389114,27.958234227816032,-11.753511363693846,4.1074134621774245,-6.340225197595256,-1.3016777729790445,1.021761354175553,40.05134474327628
HZO,0.5879917015899916,34.90999984741211,35.49967130320508,8.11396714672868,1.2664600520181564,-0.022296124633378385,2.0910900756406976,0.9166419255621224,0,0.9225999572375455,16.36666615749481,0.2013404948875016,4.89421860202623,-3.6965521449680696,-3.4604764064941445,1.0666756291727888,40.00122249388753
ALGM,0.6338460588009274,49.0,88.96656075488237,4.812834224495983,1.009877978298615,-0.2821682694904314,0.16326125786895768,0.5102040816222407,0,4.198432820501184,29.01527274959162,-20.817124502513916,6.612244430853396,-5.149051210254448,-1.147229509139654,1.147857786058332,39.992665036674815
PLAB,0.6418389538067971,53.5099983215332,139.56175724071565,5.0853753005845865,1.1513261990366814,0.23171644419903675,0.037369919067976515,0.9157127249678718,0,1.9190468519172301,43.26640028694062,-5.963014477733783,5.670501783381467,-4.446431568611309,-13.826088282972208,1.1482061945177982,39.960880195599024
ROIV,0.5772832700716191,29.579999923706055,31.768993794610356,1.6783110923265294,1.616830163213474,0.05816015272707972,0.11832267579850976,1.4874869094961864,0,7.882185473841605,14.562355821754435,-1.9805517752052388,4.154110177414651,-9.797820923780916,1.2376250811854783,1.2918463208631246,39.93276283618582
TECX,0.6691101268975621,30.43000030517578,44.13303588470443,6.422789306852169,0.9013065170162933,-0.25635011968987886,2.0371335639784744,4.534995553340596,0,13.493001474060447,44.56057675838408,-7.941175686567409,6.8987132072264385,-15.542599677198634,9.135805099779654,1.0548400008230394,39.91687041564793
TER,0.6218677898794329,375.8299865722656,122.35021550346876,6.9113826029161665,0.9529077756768619,-0.08269185812382146,1.2026685403376487,2.869641468171883,0,6.97563236476868,22.734292927663375,6.058452718181059,5.747994790485779,-10.93034053664815,-1.8942640962530102,1.0880387722436842,39.8679706601467
CGNT,0.6112389742323444,10.229999542236328,13.034284754428537,0.9473028540536159,0.691096317928642,0.025777731383112866,2.2482849707299817,1.2707640916030332,0,9.183066520214425,6.89655034890016,-3.455496513933646,4.842897164951598,-12.226514142092777,2.744635951577704,0.9800876490050568,39.76894865525672
UMAC,0.6589785546401369,18.829999923706055,124.43757444148554,26.02482848424395,1.0960003693683367,1.308714524058984,1.4338845397944775,2.7615531590172817,0,6.748434049825773,26.630800728696684,6.211177589264451,9.248159587995328,-19.461075278827114,14.078456492017919,1.1793762917105386,39.76528117359413
HCC,0.5910688469695039,96.97000122070312,14.88785529718102,11.201589988871694,0.9944202535526298,0.7178864946107644,0.9178089908585504,1.18583307132375,1,8.141086442776071,12.494204934604259,3.1972574516707075,4.209983899807356,-7.781253897694864,-2.0892271896190815,0.9509640121006704,39.693154034229835
ADTN,0.617860010908793,19.399999618530273,153.06438965203643,21.69112716707668,1.08122735146594,4.444537878625189,2.9896903870150595,1.0309317879476108,1,0.0,26.79738154519926,5.3217801036164625,5.7989698884562,-2.9029025874147107,-16.844141179097605,1.3021338237062112,39.497555012224936
VECO,0.6224476062080552,60.2400016784668,105.33221180233072,6.090895848915387,0.648932087384737,0.08722218548682263,0.0,0.21580521993834223,0,9.757507628071302,-2.8543729897557903,-3.5751599811285186,5.772149824926768,-7.932139083635481,-0.8617952710263375,1.258293786861949,39.40709046454768
EE,0.6008018270516632,34.470001220703125,14.911038444201541,-1.929969079371568,0.6253559353713832,-0.7100983341899522,0.11603452106898973,0.4061484905323723,0,49.79761163597093,-3.286891382468689,-6.182797448451762,4.245977291866039,-19.807091732717055,-1.5652740623586843,0.7778958090166156,39.36185819070905
RLAY,0.6444534446081748,14.430000305175781,98.62442650798098,11.218160327762956,1.5194826906612817,0.06514703112651334,3.04920007655848,0.6237016679020594,0,12.699605442720674,19.552615325815104,0.23023586787172018,6.861201746308778,-16.6859090092548,3.0602212841456233,1.1945533953680019,39.29217603911981
CRON,0.6235760001795158,2.7200000286102295,0.2461272556049554,1.9872523738037846,0.8500618171686968,-0.47377233776891065,1.4705868168229121,0.5514744390030132,0,43.24560706748578,-16.81957050018859,0.7547162339325668,4.041493522584256,-20.69970915805915,0.7874008353940648,0.7616527693923392,39.286063569682156
BAP,0.6104965665780309,348.239990234375,26.63315819413816,7.130663634135846,1.1366827606811678,-0.6537994533360059,0.910295634223906,1.4816764828114668,0,21.58626548210988,10.541443567260007,0.723369121482469,4.228573696316006,-7.981960112235638,0.8507276902727194,1.2690224019587961,39.261613691931544
PPIH,0.6161948341178353,32.189998626708984,19.435731533139112,-0.6772745802457206,1.021621774398677,0.37627784866559383,0.35725903500910383,0.34171109146805684,0,41.582009358264976,-1.2273750352678947,-3.2555206199429443,4.976033921739365,-12.336607960995142,-1.228071513885775,0.8266983306632506,39.228606356968214
CRDO,0.6223711182869632,221.22999572753906,51.20594786719324,16.417079458187317,1.0405406771565768,-1.0039064741517976,0.4926982592487632,5.040000954556818,0,1.1618989372416824,127.3689504496564,-16.66466336803634,8.550054087753118,-5.335901319421716,10.078712402477919,1.3809325567699613,39.2237163814181
BLDP,0.6242018366428708,6.090000152587891,110.2014377168694,37.37875395207015,2.3301118147168665,1.5718383798588489,2.627255227864753,3.694587451482555,0,0.0,36.85394187073101,-39.677421177937084,8.515129126559625,-3.6392407087013163,0.7905130887263301,1.8651316599075023,39.220048899755504
MXL,0.6082963341152625,101.0999984741211,628.8605088873021,13.795604988219345,1.035274684209996,0.5495057969659336,0.13847615406531272,4.00593779707568,0,1.6208635295306182,67.6060991129613,-57.0467274381513,12.072911700090124,-4.873918295655923,1.0392627502134344,2.1102717004018547,39.21882640586797
ATEX,0.6235496056460376,63.709999084472656,198.54943072082474,15.006226659653185,1.3391617011297934,0.9028850919043495,4.049602681038159,2.4666440015817663,0,1.0870021715338836,84.98839031373903,-5.952630909717728,5.660525999347283,-3.8919924504201426,-6.098893716711917,1.433150837701848,39.213936430317844
ATNI,0.6165751915005083,28.40999984741211,29.220911022374587,4.694869852997092,0.9821151492193576,0.6107137784778345,1.8338610039675356,0.3519900809690282,0,8.079180854049962,14.508440093100598,3.3543010609270834,4.628902672507442,-5.760874361224215,-3.8018407011180013,1.0017907084491708,39.125916870415644
ATOM,0.6429345651322289,11.029999732971191,439.74952872626955,21.138899797819963,0.9048880613334086,-0.005023990936395558,2.7116947361202626,1.5412518621407005,0,4.662172743357868,92.49563168116242,-44.45965118786017,10.848401340549179,-10.796603823295364,3.773581321187437,1.368652913998701,39.0880195599022
PTEN,0.6684763531528548,11.479999542236328,98.47435555006467,-5.167076464688372,0.7536709706386552,-0.913745163797925,0.0,0.522643452348678,0,11.382518951917739,42.18486266866969,-4.991541182495347,4.766052264297769,-12.232418888990805,-5.71992015790008,1.0650658116209564,38.940097799510994
CGNX,0.6059228522156167,66.69999694824219,66.79725724128767,6.6460800234525985,1.0054626770576116,0.2346954122631995,0.0,1.6191817856933597,0,1.9702895066294333,14.008189939382856,-9.471527728388503,4.970156161429733,-7.10766804434553,-2.502013575883034,1.1778654839808245,38.91809290953546
BKSY,0.6347763244620269,51.0,218.1592072853388,24.775220339842818,0.8963694269760039,0.3285803119037364,1.4901927872907867,7.235291424777709,0,0.0,58.18857737058117,-15.18257487257145,10.407702662363773,-2.111321509244127,-15.583332379009713,1.0907648077477468,38.90097799511002
ACLS,0.6372694117746522,157.91000366210938,90.87622301132816,3.0972957909031935,0.621363514846207,-0.3438788202954912,0.6269428599825596,0.1234926981793917,0,8.307647417089106,92.54968851100934,-4.238167806793617,6.044809517413561,-7.9832159544529295,-1.4429255437724087,1.1431881844876546,38.87041564792175
NGS,0.6000961508872,40.90999984741211,22.540446461336682,-1.2168280340576385,1.0150697820533057,-0.4813851296664951,-0.24444460813714936,0.46443076854804494,0,10.749474230071158,18.895472690039234,-3.4256989515907534,4.166479653448657,-7.022727619358326,-7.759560360917988,0.9497949204912594,38.80684596577018
QTTB,0.6121023265125974,12.850000381469727,527.9782070906224,112.73073976839225,6.014254293737753,1.2452073545337252,2.334624343434362,0.3891065311023237,1,0.0,276.8328461954009,10.139859176205022,7.959977624542917,-2.281363085478652,-7.301587684877515,1.2964468417729904,38.804400977995115
NBIS,0.6316818280118192,208.3699951171875,135.74240825610673,9.747263103568926,0.777649997663606,-0.5254065494408251,0.590301394224472,4.547202728560511,0,4.789768505623532,79.1197385340118,-29.82068135186342,9.724321810891148,-10.85012667343109,12.090877042392947,1.46239384119736,38.68092909535452
ECPG,0.6619146338551437,81.8499984741211,51.53620577695457,-0.1415239375354445,0.6217541159616472,-0.7913294275443407,0.7208356484752926,0.8002428729378249,0,15.17721007876673,-0.45001549633200905,-0.40442960451449167,4.50606470629507,-11.647237679727946,-5.567265465770213,0.999702296219851,38.65647921760392
SPIR,0.6464684197919353,25.479999542236328,216.81758141950803,34.2571844689318,1.0090919648712486,1.3422355341406134,1.7660940777328467,5.219780013925092,1,0.0,42.187496837801355,-3.1974876568919646,8.834380314758727,-1.7354444952793768,-20.26266302183727,1.183231757883469,38.52933985330073
MYE,0.5813556620623965,23.030000686645508,20.45925052873445,5.504275618140762,0.9780389592162392,-1.2383151980855016,0.6513226836799055,0.0,0,1.7979915215060638,1.7493826029891923,4.7373369760397175,5.0462130056042875,-5.030925003316218,-0.2883295282459305,1.1092150275720627,38.49266503667481
ELA,0.6369688598699899,26.799999237060547,140.95959718597388,20.074370144850505,0.7758238741625014,0.07040731335869656,1.60410871369109,0.9701430183772595,0,0.0,75.96848353132405,2.4157214395139506,7.510633824779278,-1.5787833129970044,-38.35957899582256,1.2301138165575167,38.446210268948654
AEHR,0.6170602263596394,103.81999969482422,397.66367075134997,10.157352467951416,0.6804118253394975,0.44772263210938423,3.4290094095780836,2.3203588798778845,0,3.1465629983633234,64.37618737333537,-10.62720138747125,11.225403131259988,-7.303571700984595,0.8804643019718863,1.3433183852291075,38.424205378973106
ASYS,0.6402579257740773,21.790000915527344,190.2334415121023,9.253182847242064,1.3667353715241264,0.6671231151946018,1.1702576871999535,1.743924057511214,0,5.029201376926979,95.95324765124556,-8.012047548568663,10.483182420251122,-9.208329518252386,3.004287031981226,1.3798775111856738,38.34963325183374
VIRT,0.5934987992143487,49.900001525878906,34.17651640105257,-3.694909505146018,0.6630904772553645,-0.2864447769783388,0.611223037761815,1.1122250264397835,0,19.252112546958124,1.9615915939694875,-3.475773396459425,3.4257072495474405,-11.650138225161157,-10.344828601442103,1.0797066932043748,38.27261613691931
MRVL,0.6300909478370187,198.6999969482422,142.34391012091754,12.89419806481902,1.2399847529173489,2.4388827991936184,0.11067421809016224,1.233013077935798,0,1.6921844372964476,121.9487150629645,-10.128567973046247,7.285565603299059,-8.961749611830012,1.550555912648027,1.6519897336286533,38.205378973105134
BELFB,0.6428743231238223,280.1300048828125,84.35320189665909,1.501157647882671,1.0509717636054234,0.2553979909248495,0.7389452354728342,3.5697711154317897,0,7.141703296236153,4.24217371725629,-18.953648512977107,5.160613320965962,-9.128356678768387,-4.812047811706219,1.095172032394082,38.14669926650367
GHRS,0.652679713013459,22.360000610351562,45.02153487837723,3.49935390138587,1.2802421128569614,-0.21329953060133153,3.3094801023506517,0.7155628042822226,0,2.686568800499929,44.63131018585241,-7.204031625302474,6.919880635951839,-9.32684205676768,12.574451764232183,1.2978389716969303,38.044009779951104
NVCR,0.6723990771675415,16.989999771118164,27.653920588657854,-0.4263684757428614,0.8727195836437792,-0.19654205312725426,0.47086477209576205,1.236015816888239,0,8.804372026931398,35.594574084906576,-31.023104489065435,5.322456992880167,-15.304086622152631,4.523428226129339,1.1322880124014345,37.947432762836186
DDOG,0.5753751879469797,221.80999755859375,26.26523547008055,17.604329422719044,0.8176385828750219,-0.2746978241064235,2.105404724911294,0.7528545307171213,0,1.304099202284394,17.5276864196169,-10.779165599938754,5.6263369019430645,-2.061991459299926,-2.1016007261652874,1.1586149962268648,37.946210268948654
KFRC,0.6676728014841999,42.970001220703125,33.52148495207587,2.0749967584344637,0.6669958501462402,-0.6638106209169714,0.3025302530182621,0.0,0,12.25569671560121,-6.322210112594089,4.272943383627395,4.170683772702642,-9.536839535161066,-5.3236283305337135,1.0152594936344776,37.946210268948654
KGS,0.6340295150229154,70.48999786376953,99.45871261915333,-1.8692964558291325,1.091585139553252,-0.05718075698564656,-0.11349387640522532,0.8795504837110653,0,17.619975217210524,-4.400987810820904,-6.2809185823769695,4.401271005463875,-9.255924836594811,-6.112816983317885,1.245863491457992,37.86185819070905
AIXI,0.6568329457026592,13.619999885559082,1594.3865996086765,73.95413494536348,0.0034102389024772022,-0.20946906942143043,1.8884011984661295,5.293690729749854,0,0.02464333190436533,1594.0297923324274,-10.95890152203642,18.577197168265453,-16.313362795936087,28.729283110217423,2.9636454683289437,37.771393643031786
NVTS,0.6523483694605814,28.8799991607666,267.48876181812557,38.62288727862755,1.3312235237517076,0.7099839473587896,0.45014221568032126,1.7832389355822085,0,3.308711415197808,88.38877562695332,-16.07142440299627,11.749357786469389,-14.60674328352393,12.488079069594344,1.7047174539629373,37.69926650366748
SILC,0.6405810734035027,47.060001373291016,220.18658039835023,8.00514494716196,1.7929228881714998,2.393343225075711,0.424982878031632,3.6124112054704858,0,7.583733120113716,142.95301669033879,-68.04646782899437,9.072006305471364,-10.49828882736645,2.5906736774060355,1.529670558578397,37.66748166259169
CVE,0.6051351034540376,28.190000534057617,44.128584828859374,-5.19748896800976,0.8101585127659579,-1.0705081544314332,1.4898835082425586,1.2018461293624771,0,11.554028500208466,13.25834160385332,-11.050330700599092,3.6332042703459835,-12.098531953749317,-6.167025740773494,1.1377641076614595,37.469437652811735
FATE,0.5899291373715082,2.369999885559082,115.5752706763968,18.946041854538237,2.064713259945851,3.349557726801031,2.953593882361222,1.6877621842886184,0,3.0486669245426286,0.4237284281156085,-81.53846006497876,10.970465340202777,-4.0485887389615804,0.8620681674467627,1.7173051714645338,37.451100244498775
LINC,0.6541609037065556,48.099998474121094,121.26249867187559,3.3386296753685603,0.9008873694193116,-0.48754760271310005,1.039501072455577,1.7463621189559215,0,10.41401211837824,6.6755340680425626,-13.691377523777742,5.5123266615443,-10.093460795846676,-6.198018097281353,1.0781021499382066,37.44498777506112
PLSE,0.6371606854224925,24.719999313354492,75.48586579162824,8.521004102008071,0.8319815920408337,-0.02246022771247108,0.36407829726608865,0.3033934371805169,0,12.127544939509216,19.132526810424903,14.567110930572301,7.96087593996362,-11.651180422087904,4.122765101394713,1.2589734916342172,37.350855745721276
NVDA,0.5551646131467883,212.60000610351562,4.341863565748816,-0.9455807456809757,1.1242226513652267,-0.228998279727683,0.009409347077395314,1.7968048986512295,0,11.626793677670808,14.99351905834394,7.820048933741373,3.7723417651213293,-10.12090465123027,4.137103908149525,1.2357188383107642,37.33740831295844
CECO,0.6408722476290071,86.94999694824219,58.78893173181952,6.913402222960752,1.0262467575454302,0.2494295800641718,1.426104551209347,0.8050568979902515,0,4.440022253605512,44.916661579655035,-18.158564675382046,5.319969535067576,-5.489133751851001,-2.3659278682200484,1.231773116415459,37.3080684596577
COHR,0.6357800478795635,380.17999267578125,157.98912461326117,6.258748906975529,0.5929052876853377,-0.47196541283016435,0.8824555469035458,5.513175826929363,0,2.953139488555364,49.895511318127014,-10.448402683809764,7.6448732965349375,-7.94673300826617,-3.1046643029204035,1.0810383300313167,37.22249388753057
FTK,0.598314236975455,21.079999923706055,38.010752338398724,14.899298783073428,1.0097660117308631,-0.5909240466113005,1.8026525717452078,0.28462744856114824,0,0.0,14.814810581611745,0.5896136763754248,6.841285429928417,-5.215826705476758,3.714617893501167,1.4702484453422244,37.178484107579465
GRDN,0.6033689554739863,39.119998931884766,23.41894291826869,5.97892076169921,0.7422851785000685,-0.47335196215144143,0.5368172415602773,3.5020423549478354,0,5.594383349995455,13.753997167916618,0.9310946333893195,4.372626810443684,-5.415864713145124,-13.149098014266835,1.0035083861661764,37.17481662591687
PNTG,0.621635555071767,34.0,12.962252144385333,0.042666231245202836,0.7472378972794671,-0.9789348255246035,1.5882379867984158,0.6323421702479459,0,15.09941713989579,9.11424957125799,-2.176025167266797,5.5210073455041195,-9.42994360442017,6.330250023645719,1.1131564877894282,37.145476772616135
CPIX,0.6397756639503345,5.860000133514404,179.95055512423815,18.876155713841726,0.11215758034192827,-0.12253946320485991,1.0238897850215318,3.4129740872244567,0,0.1591258185345873,50.256409992722084,-6.308410458594806,7.069721576975076,-11.346444549733702,0.3267970799667861,1.3577711355516686,37.1442542787286
IPGP,0.6146770694844952,116.98999786376953,41.54809102224834,5.698730859052524,1.1004457633739952,-0.44109928593085895,0.7222850125015596,1.6539854636380473,0,41.27251758468862,28.78688086723701,19.152727087371343,4.991879869412727,-24.91978413234535,-3.8978036351316656,0.9001042085713757,37.14058679706602
ELVN,0.666939666314055,41.40999984741211,75.8689919132837,-0.21927316463930913,0.5473058750401664,-0.5232711740569584,0.7727686807363152,0.24148387946668456,0,19.646752433892928,78.10752622206897,3.2573236995344623,5.76430869103638,-14.671335484919645,-12.486309428183523,0.9173808565508939,37.06601466992666
ENS,0.6095018776835688,235.7100067138672,56.68870331370588,4.175922703054112,1.8335986539205429,-0.18088288961363205,-0.03394078688880775,0.7785018291934257,0,5.98795397683516,48.191501424389216,-7.035341698369173,4.726297808307049,-3.5161671021492267,-5.748686467411085,1.5357792474964267,37.00244498777506
BEAM,0.6426800012079057,31.889999389648438,29.062162371926625,6.941647920779747,0.893733308943276,0.8095840387340933,3.8256545751483566,0.03135851073351995,0,11.299952216454324,-5.342829653843035,5.431936768218136,5.962461399323194,-12.486277191022523,1.2553930862496334,1.0412970217145723,36.572127139364305
POWL,0.659521982379147,295.94000244140625,200.51194437668119,2.708239006242386,0.6524173876843756,-0.9396290765471584,0.37974244954324243,4.825301973860714,0,5.752844036272036,68.50989604590052,-15.311476377170916,6.092704398512031,-9.743334443892179,-6.0118732772354955,1.1262209109060288,36.50366748166259
BNED,0.6502434964746948,10.050000190734863,46.53588928903811,2.823819482102451,1.1081835350115987,-0.14852942208640776,3.58208606775262,1.2935334523459041,0,13.040183539337743,19.928401590553886,-1.092359619406712,4.80810182036835,-17.69041638400366,-0.6688903472638125,1.137949425257283,36.399755501222494
TTMI,0.6301568913835898,190.6699981689453,209.80204445474743,14.737375324955803,1.445866061292019,1.5281601529454583,0.27104417670219183,8.706400872763163,0,1.2142039275190233,97.6264423028406,-15.982270570748216,6.921849411119162,-4.988038106498346,-5.0875514702954545,1.2740741625852452,36.359413202933986
OCS,0.6465319004803498,29.610000610351562,39.216507116162425,0.4341650675524477,1.3511137755520526,-0.032913454170185104,2.2627492822039588,0.3377250233199573,0,13.97150612745749,3.3507888466667577,-3.8547930878582464,6.161045152307035,-14.111669554620462,5.457340704295345,1.252213804076455,36.327628361858196
BFLY,0.6732250132776377,4.679999828338623,62.081948768688974,5.834461518195043,0.753474189859595,-0.5081183614809097,0.42735003538109245,0.6709445480742989,0,18.07128932335266,0.2141274492327662,6.589141196493655,5.782049575142588,-18.181818178639542,-7.161124428944166,0.8976650930268546,36.216381418092915
TWLO,0.6217225457042687,181.57000732421875,36.07121097789927,-3.2503818630315697,0.9293979809010273,-0.05377898320600691,0.5232124854963531,0.3634981745235108,0,18.095425507431752,-0.96541346624671,-37.57737534640191,4.589336431247921,-10.86839068276002,-0.6095603585501435,1.2004516992127914,36.205378973105134
CCCC,0.6285587966766084,3.740000009536743,38.756873338036726,16.32065909725255,0.6776831927564905,0.06631361865375233,6.01604021386828,0.0,0,0.0,32.15548092020561,-8.000001037462889,8.600077323024543,-5.674650931813715,6.22710897596877,1.4219525772516712,36.03422982885085
RAPP,0.618541304960165,39.5099983215332,30.46900754569828,7.678675459146078,0.8739003622576167,-0.3666546754957898,2.328529543667143,0.8352266017921307,0,8.220600584262753,28.071305778603662,-5.483101310119229,6.239830249343725,-6.527248384742919,-1.049960171457621,1.0431602585821944,35.83496332518338
LPTH,0.6001525870408246,17.610000610351562,169.05307533076456,32.700355074404065,1.628023105128902,0.9809447206364083,3.6905082708163226,4.3725180637831595,0,0.0,25.875631867042625,4.72440501385239,9.454813648316057,-3.5591572771323907,-3.999996184939098,1.2284040402451186,35.71149144254279
SFL,0.5748818161314898,11.5,27.56313010207816,-4.994010177174239,1.2675886624285115,-0.18649850265360543,0.0,0.4782635232260749,0,15.103307334096773,17.22007790891519,-3.863033951553959,3.419255321810705,-11.128281506709007,-5.341246094335589,1.1901534685045136,35.68704156479218
VPG,0.6025299950435289,125.91999816894531,289.9754625549502,46.88316408652018,1.9261010045911493,2.148263576228045,4.1613646049319,5.769535812606494,1,0.0,26.425702909421872,-11.781160262556773,8.383724161791847,-4.374236654898889,-2.405251900177035,2.370955245511444,35.451100244498775
INTT,0.6352823503690963,17.8700008392334,122.16693487522137,0.4158279368098608,1.0830606607478754,0.7627636273267815,1.7907195698188452,1.39899265945829,0,26.728447013200785,-5.449729100695473,3.3727793352462907,8.525861711299216,-10.649995803300508,-0.27643373263376164,1.1920231324514075,34.93520782396088
NBR,0.6727515870993825,97.63999938964844,96.86593924601121,-5.104842955415851,0.6882560278310696,-0.5232572955848342,1.0497762518186544,0.051211646937598804,0,12.077431755257075,35.78082939347538,-12.454599113986879,4.978200055388681,-13.516387891808321,-11.784820765766781,1.1279384005284658,34.874083129584356
CBIO,0.6567504478935111,20.790000915527344,44.66655132147288,7.153906651863558,0.895183268932662,0.876469874998117,7.1669057500313285,1.6113471366244307,0,11.311747090818237,60.04619923975027,24.540898936560236,9.501477831427662,-24.151765663976352,4.663212136132501,1.0601812532554438,34.77261613691932
MX,0.6493638306631884,5.949999809265137,144.1738372615202,34.584930008006296,2.5113801990725584,2.6459937234906383,0.1680710790037877,1.1764654967459487,0,5.5577081086132845,13.333329697748637,16.22176550831924,11.140457363898935,-13.138687704614217,3.8461503179068512,1.7610389525401153,34.71760391198044
CELC,0.6327508829426409,133.97000122070312,22.883317474267486,0.9745486744843345,0.7302004328064852,-0.5019653404878794,3.008135211275952,1.1271139009225586,0,13.070754904691789,-7.594147352198218,-18.00616540464098,6.391515671437967,-11.289897079385824,7.0931256897958805,1.2152320300338142,34.6760391198044
PACS,0.6165305412488759,39.20000076293945,28.023645336915905,8.65196853687413,0.8891215685288297,-0.9702991996217665,0.4719422696062818,1.3392895807335328,0,22.678845032609726,-4.413551896195118,1.659623558157782,6.314869054332535,-9.006501632105849,2.624816516247718,1.2337541960186071,34.63569682151589
IMUX,0.6350839940404714,14.0,89.55981669820936,19.497258177039882,1.046871912985752,0.18253610565039616,4.928568430957251,3.42857497054542,1,1.4804310104274372,53.34063334043992,-4.930230073691991,8.423469504531548,-7.284770553693274,-0.8620640042954856,1.2091038722473202,34.63080684596577
ARCO,0.5521993273921987,8.899999618530273,10.870416375656378,2.263583199068827,1.9242906298929872,0.6559578839095963,1.179780903363525,0.44943779284272006,0,16.487229172445588,6.752378250880101,3.1903185583397624,3.7199048003374813,-8.717952629564586,-2.9525090506538882,1.0887268076670522,34.584352078239604
VIAV,0.6728634045432946,53.05500030517578,217.90300116479133,2.6263488387967113,1.2613472708222662,0.5706185619494459,1.6548833229364421,4.608424617310977,0,6.781719218481534,1.2499976339903145,-25.0173813055121,6.712439917889281,-12.20420314849195,-6.360760140993209,1.0903757855568041,34.53789731051345
AIP,0.6111246977347821,36.939998626708984,175.43108668557016,12.15009597957656,1.3913134959847604,0.7430886823483801,1.1369739700809534,0.5955533681066182,0,3.737577104802275,3.9099843022226457,-17.465885413991167,7.389589493386853,-3.9771316490912376,-5.325446532096963,1.649246754519521,34.488997555012226
PHVS,0.6249105407080198,29.469999313354492,4.165257706646908,-2.1287929318100427,0.7693545861601362,-0.3882229266868172,0.9161875264522242,1.3233776678728097,0,22.969501064565016,0.3575669778687496,-6.378459206742732,5.445247013118692,-11.581165033084066,4.567395203312552,1.0371587077448674,34.32029339853301
AMKR,0.648900371197864,72.19000244140625,111.61893853239798,0.9805744775285905,1.264964724359371,0.599998619021298,0.0,2.9089985212163225,0,11.34765026266834,52.33432226719089,-7.497195106904251,6.714424448388136,-8.885523939363058,-3.3385566392034813,1.1692400603625843,34.30562347188264
AAON,0.6089810335547594,139.5399932861328,38.30196409869026,13.540381203609181,0.9333378898189368,0.026871638015311818,1.8990927504428476,0.47297436940694704,0,4.486763627046086,7.961310085921239,-6.335151810843826,8.431785759705287,-6.348997794499127,1.4331467759079306,1.190500540559725,34.24083129584352
FCEL,0.6272550296709869,23.690000534057617,265.1256463985734,33.08241357119267,2.0184391406594466,1.0114588904514332,5.82523904431497,5.234274981476475,0,9.248627235123745,-10.197114147780898,-36.31791511453139,14.611349804131299,-14.445647969329938,2.894353309010504,2.4719888680496362,34.20048899755501
NVEC,0.6604420627713599,94.2300033569336,47.46955313987051,7.421974078269329,1.679866932018598,1.5001533129182185,0.7322534403243826,1.4047542226479475,0,10.657944426171593,-0.05047279502537352,-7.433636846716247,8.121119295226713,-13.394640884948581,4.378513823982464,1.2191641155794974,34.11369193154034
IMVT,0.6211642748209484,33.40999984741211,33.37548603280116,13.43785079312909,3.0294409205871338,-0.059315455022295335,2.065257241954295,0.8081426488737452,0,13.593202982025044,-6.046123292428508,-3.1493160009131,6.759737945775972,-7.9233843516904825,2.4800033568343935,1.3506195788331872,34.0281173594132
LOCO,0.6279917383918244,13.859999656677246,17.85640485753026,1.8406240243010166,0.8194010020612033,-0.32634705615179244,2.2366553194320296,0.25252415783951676,0,26.090287736503676,8.962259163734284,3.6791758230259854,4.208926004533777,-12.830188746339694,-5.930930779981098,0.9670918038765103,33.97066014669926
STGW,0.5766792914370646,6.989999771118164,16.377056395082555,9.741734490098088,1.1546934459383995,0.9030030878278963,2.36052137438319,0.858368308091652,1,3.726879214225445,13.47402506706242,1.1904750921408642,4.113020291921413,-7.047875147368968,-4.01337408549398,1.1361182594813097,33.91075794621027
PDFS,0.6345573179314999,47.599998474121094,76.48941726429132,2.13057803606232,0.9358504211933358,0.3521817501717187,0.0,1.5546174106629502,0,10.550092310010927,3.3659050221643985,-15.586035505406903,7.629050170803876,-15.692527017116568,-2.756740059544104,0.984306365295016,33.80684596577017
RMBS,0.6363429207069357,148.66000366210938,54.12254546330817,15.160860563597648,0.9310601280190708,0.259462564748202,0.01345639174493149,3.4037383518842272,0,2.718685537833415,51.000516271985184,-6.0483540576187105,6.527360288796425,-8.121136675976393,-0.6143562215106065,1.2589420315077262,33.779951100244496
DRTS,0.6228617938516332,10.289999961853027,154.84991947467685,9.877201549159446,1.4287512987727828,-0.11036044564173549,1.3119555818191226,3.109812400188726,0,20.218745368382248,-0.48356083164576785,-1.2328722381765276,9.495349457424453,-11.445782587695831,0.6896578031443683,1.4512162785571483,33.76039119804402
ADEA,0.6485874747224171,28.25,122.04963146584356,-3.9390843315117734,0.8526636245771921,0.20269384277208935,0.6902644064329774,2.3550455548288314,0,27.11362975764725,-11.109654725256297,7.9556644545225845,6.548464526156886,-17.58099605238433,-6.663768126265788,1.0304628517819214,33.69926650366748
DINO,0.6094441396476341,68.08000183105469,16.998719441688003,-2.682112519772721,0.7303280358172349,-0.711724574410248,1.4541683859112384,0.7050577908586214,0,12.980091824900075,34.27488758484571,-18.76295636661688,3.9051379842288103,-8.322111671576993,-4.735825400407617,1.1578005016529662,33.49633251833741
CERS,0.6406317326777903,2.819999933242798,59.55225745801875,10.307058857890562,0.8858410081260946,-0.07219015697260175,0.3546095991644747,1.0638287974934242,0,0.0,3.6764670420572805,-31.47207493604713,6.003038762018624,-10.476195302507728,-1.1111167030285438,1.2463555491358733,33.479217603911984
KOPN,0.6427114144919284,5.510000228881836,127.14486775499694,12.334357747325397,0.827375397132738,0.23553656134760742,4.718697242003776,3.2667930610892446,0,3.1851723583917897,37.7500057126084,-18.7499999953125,11.582835227882162,-14.573637333869327,1.8957328825958746,1.3324142022105923,33.47310513447433
VSTS,0.6364184736408807,11.970000267028809,82.35319487951303,11.488848686906037,0.9867355882514083,-0.26056791724421907,1.8796944257083341,1.6691690324547832,0,6.772834632508987,-0.24999777473909526,3.6382477330839063,6.3276044775002465,-5.0000007564875295,-5.034012113055102,1.5034568857711303,33.36430317848411
VIST,0.6444023022316029,73.5999984741211,38.143609862841885,1.806509842520797,0.593774365741018,-0.6694995951577409,2.0856028449895283,0.8422602952399111,0,10.449004753488058,31.428568703226446,1.3812938980829947,4.649545561591494,-9.626723639687446,-3.2881655539724197,1.1758421779141632,33.354523227383865
GFS,0.6337505661018464,81.11000061035156,124.10718656095207,10.975810944856088,2.4381162617609027,3.212669098670177,0.3945255731873758,2.737025279213757,0,6.35026342162411,121.43051663664805,-24.457890109763664,7.299258587385571,-12.360888237772304,-0.4340841323225133,1.4446789127005983,33.23349633251834
LITE,0.6630830032939146,902.3099975585938,238.50843586992667,-4.20305414666012,0.720351735495002,-0.5437167703889878,1.4041718416535058,4.826499530178647,0,13.280858761756528,27.742624583489846,-25.67572737086914,9.46150931028274,-16.889879806246967,-16.661862377052465,0.950826657097052,33.22616136919316
DGXX,0.6450949657032994,8.010000228881836,121.76137329769388,21.667809501448044,1.234304040909117,0.550994333969638,2.372029649568483,5.518107071335771,0,8.784926459308492,56.751468082750144,-60.188089067465945,14.285712584850563,-12.934778314403095,3.6290287677757633,2.1437149684160994,33.188264058679714
SLS,0.6182659380059474,8.579999923706055,446.26250724247825,35.203276366158626,1.907646073210386,0.20235032911865378,4.545458586773997,0.0,0,1.8870384178498196,31.393562752181523,0.20492271814080473,10.189811677743696,-5.7142905044861605,-2.238803778872546,2.1288396799363984,33.183374083129586
GPRK,0.570587458717472,9.739999771118164,12.71500407500772,0.3291620080407376,0.556848090420774,-0.7551172923066953,0.9240262288868435,1.5400371872663086,0,14.853354201479599,11.312172118071397,-6.162156084360178,4.518435489782262,-7.116292015345603,-4.153008569372991,1.0383956556517333,33.13447432762836
BAK,0.6362875005623192,4.46999979019165,36.49169249634452,2.475924491666545,0.37700842454286104,-0.37424988257442565,3.2438475995511924,0.22370810988364534,0,27.228878309952425,-8.961304904372955,-12.209297406019106,8.331734605500591,-17.14550869015115,9.192821610165874,1.2104855617392452,32.909535452322736
QUIK,0.6137288293661015,22.524999618530273,274.5109991904437,17.745453935249266,1.1186861639794692,0.5643582644795743,1.2430663324084301,4.461705561562888,0,2.343658614024631,43.47133689009821,-34.64100833117983,9.773268471261044,-5.357141425833813,-2.8888914316994114,1.5694890812931417,32.79706601466992
RILY,0.6467890190892227,10.550000190734863,129.6911456911068,15.105560405765054,1.282481470412786,-0.1938388734543632,1.042650755242854,2.6284348430504205,0,0.6517500729772683,84.44056952556245,-15.535255321242596,7.696206477342926,-6.138786426801424,-5.82241778708058,1.2637856688681646,32.60268948655256
LPG,0.6213112273315288,43.470001220703125,68.24636062250396,6.28957215045981,1.9466122364266365,0.2528714307333364,0.5578566789979958,1.9781490776525124,0,6.991407971620968,-8.906118799651443,-4.108172014126469,4.6249714544237435,-9.663337103700298,-7.273903005324906,1.5628363545698825,32.405867970660154
PUMP,0.6394051491021325,15.8100004196167,55.66118569782888,-5.940445923303842,1.757503933847267,0.8819361014288998,1.612897874652016,0.6957660178687821,0,30.472330571488243,-4.816376648343584,4.649824697751721,5.796965664683621,-14.54053827155619,-3.0539794565003047,1.0919472572368243,32.14669926650367
KPTI,0.6669512830747447,8.979999542236328,37.681567628727166,5.272406327880867,0.5370642034159854,-0.03682342686115198,11.024496898374842,2.4498811196509926,0,11.945616104092958,65.07351924870896,-9.418598022315077,8.884824689285123,-18.289356420017807,22.105266677652057,1.261703066752971,32.140586797066014
CALY,0.6577483948992968,15.770000457763672,41.46237192705564,2.6926731607153918,1.3327278351489926,0.31062678828279505,3.48762981014945,-0.06341299043069229,0,5.9677040892510504,25.25814349787396,5.44394125677162,6.078449424956607,-12.388886345069107,-1.2830194436310574,1.1267379294722628,31.93031784841076
HP,0.63794834404866,38.4900016784668,31.44687886835198,-2.780946240008359,0.7763755489120856,-1.1078060393969473,-0.09093230939187173,0.3637391484458948,0,9.904059265858088,13.038021395670842,-5.701195472009289,4.696730430864947,-7.962692588660938,-7.157281663768542,1.1486127391762173,31.911980440097803
UTI,0.640378909391735,39.400001525878906,59.35286494207255,3.9769907303912015,3.4473002103521386,0.4408004333754988,1.4086301615931587,3.274113871917741,0,17.678799621175063,-1.4260687450635285,-8.666285697604232,6.569071301613108,-5.128816075064528,-5.403160860739408,1.2666669318867383,31.570904645476773
PRM,0.6015761978372106,31.649999618530273,5.592036822951263,0.2740497448173054,0.9771460778149916,-0.342719226949435,3.191154000073336,1.5797788499544398,0,10.591418838339813,15.468806255260859,3.2382180556444484,5.415030845800869,-9.286327967052305,4.138244005649913,1.2429242336200454,31.399755501222486
AAOI,0.6507190582686257,179.8300018310547,759.2877239632899,1.1676227697675476,0.8431758300742199,0.2592491912440412,5.61085260251167,2.8905065861754653,0,9.54897343911153,75.42678576019898,-31.55326719389481,14.347001691799324,-23.041039397250074,-1.796537096705518,1.1810894160126715,30.960880195599028
YOU,0.6370512874119794,56.540000915527344,44.95956656878612,-2.5323637942645987,0.7857459847061923,-0.0911045757433649,-0.28298522253001845,0.7782144221324762,0,15.176279454104918,22.49263244422701,-9.298865459066736,6.036687000730612,-9.867684794804694,-14.352939217816315,1.0524234680669022,30.518337408312956
TK,0.6030902575606334,11.989999771118164,12.180411801639135,-3.9787532310139087,1.6500702904306592,0.315743487443967,1.4178488700997942,0.5838173157183684,0,20.30472027496914,-8.398325549508998,-6.076523805731126,4.111309354815442,-9.863444619867428,-4.749340871354004,1.1150121173630965,30.44254278728607
BRUN,0.6091066914367078,29.3799991607666,143.197487524923,31.510033661514864,1.745233186419322,1.436173683527331,1.7699131130009351,3.812113559697668,0,8.142438641585725,-0.743247357636584,-16.33027531397912,14.7721976374937,-6.730161394178086,-1.559633781907153,2.306295384974878,30.41320293398533
DOCN,0.65742630489523,150.4199981689453,228.82444105023825,3.400274620629551,0.5891779278622542,-0.5076320265747898,0.0,1.6686574507201715,0,13.75979454983799,68.29268604895844,-61.866930194586025,7.748589514092903,-9.380087239509228,-19.455622956567748,1.2561087140649967,30.407090464547675
NPCE,0.6272801136133502,17.059999465942383,4.363198556732284,2.2628454539097733,0.8236614007894176,-0.724564957229017,0.4683513720617298,0.41031475387709726,0,6.552520108514588,0.5896249225354228,-0.8881085333961484,6.715751267867,-12.959188091644759,5.7082416479072275,1.053594984196383,30.244498777506113
EVC,0.5963898103189441,9.520000457763672,247.05561256447805,30.940106835076108,1.5610270578937975,0.4484917801181831,0.0,0.2331893872638287,0,2.4069179440199995,23.797144170200344,-3.645836145754237,10.625900187512052,-5.9288481672050395,-4.713800171374702,2.2815611001461202,30.09290953545232
BAND,0.6316758807164797,56.13999938964844,286.19195298849525,11.760312728011945,1.1792478044592094,0.7661221901725916,0.6679729320810537,0.8370114516873808,0,6.198526828347179,52.51289675272318,-97.7852119786221,6.806057558383273,-9.797872159,-10.716680165156378,1.7800435118414488,30.00733496332518
TXG,0.6118578796829651,25.510000228881836,24.573062698923962,14.261399196678937,1.2617766780781643,1.1320536701903279,0.2548041296427627,3.1164252023906305,1,0.6761567135570882,52.84601205552789,-2.9948496232321515,5.957887575465748,-3.535638028727311,-14.679441444262137,1.1614111639093918,29.900977995110022
SEDG,0.6118160896765658,73.2300033569336,98.04713354735739,45.59806532202181,1.4334144776572222,1.8018332737503806,3.2090650913052285,1.9732345057549017,0,0.0,18.57189984931646,-0.7902426436629122,9.230214055996012,-3.3012014910178875,-14.787522950134152,1.77716453815901,29.660146699266505
TSEM,0.6278553778698607,277.7900085449219,182.10392642479468,13.74440871463828,0.5667976662544667,-0.7030978760300707,0.4262178055694533,1.7243271527276807,0,3.0657020236382553,67.26276823312651,-16.52285984145501,7.941353435001256,-8.277744838908449,-24.308516909894898,1.359520406018841,29.513447432762835
CADL,0.6394034902684931,8.050000190734863,62.401261715616954,2.4303368759502617,0.8440758508972613,0.3541430839825731,4.596271760825175,0.4968939242274342,0,10.796346311413226,57.68854378219931,-23.709682451844227,8.181899248364186,-13.160735778340172,0.0,1.4148019692317835,29.422371638141808
CPSH,0.6321682799930327,11.59000015258789,251.09332598703125,120.95129328409652,7.238653341221865,4.49797870106143,12.339089059772713,4.227780540334815,1,0.0,4.226621149492145,23.958334363144836,10.557129287296728,-19.457957774403663,-0.5319143875511126,2.5146803005140868,29.386308068459655
SITM,0.636213098851992,726.2100219726562,156.58358810308246,1.8013370871035495,1.4109639422891844,-0.03652373664228377,0.0764315685741989,3.234591714305874,0,11.467060278639938,123.22943736063311,-15.701909054541849,9.531569985078809,-19.47194819985719,-1.3111331775307813,1.3256632824284216,29.336185819070902
NN,0.6573382866195187,21.489999771118164,65.16045977779508,4.417962333849213,1.0589519852984206,0.9116273483206428,3.6295983942145336,0.5583942910993243,0,14.161318340806123,22.310757792588884,-10.783735990832387,6.910191164313553,-11.154291321102471,-12.46236976902665,1.0865678005262858,29.33129584352078
ETON,0.6430602082548729,32.400001525878906,82.31903448135647,6.288755806713085,1.0763683996211681,0.30959442764447226,1.5432098038180713,1.5432098038180713,0,6.305627055002285,83.56941770711029,-25.745030432039904,5.994267492547464,-9.141891013435792,-25.249864171571257,1.4138649085786497,29.32885085574572
ARM,0.6393458553322972,302.7099914550781,115.55341383142905,28.75030434218579,1.4307717531035251,0.3654565650347064,1.0389445682133023,0.6045345789424159,0,2.760954793551953,92.7229753222758,-5.129626355118299,7.056848631255683,-6.858464167647166,-12.481514233514396,1.6677263781642224,29.31784841075794
OOMA,0.6282619659293944,17.43000030517578,45.680395019331876,-5.783782133872329,1.4758200797014436,5.662278659052181,6.94205949837283,1.6638032727090135,0,16.779272424777325,40.00000459280802,-14.408341252449338,5.524958581098974,-20.592256494083372,-0.7896601167228863,1.553144908063974,29.271393643031786
XMAX,0.5905874744028292,8.279999732971191,39.668130464576976,0.772831068329527,1.4266115780634205,-0.20848729919273903,1.0869583995110277,1.0869583995110277,0,11.897575473998458,-3.720937607756689,-8.144200653013572,4.856798046935488,-6.228767785104737,-15.000005381226146,1.858161421205841,29.128361858190704
ATKR,0.5677376623075181,82.23999786376953,21.00311105692152,8.002245497680157,1.6471242066073977,-0.06398083752322313,-0.024314984904653718,0.2067098411466975,0,4.6128780287668745,19.510781664300996,1.96355254186216,4.375300640684491,-8.784389392810617,-3.4900309780416734,1.4502109312853233,28.91442542787287
NRGV,0.6350432694199389,5.360000133514404,63.5512827180257,7.933952329925506,0.8559214382155341,0.12030238960355263,5.223875484035941,3.358205668308819,0,14.245682165101602,71.79488235256717,-19.7619151913918,10.353144802618079,-16.249999159270633,0.8670511864261913,1.397979059545234,28.765281173594126
NVMI,0.6334826313164922,512.1500244140625,68.1149471249328,0.9624159684135676,1.0075830420274206,0.3235905326142686,0.22844534889801335,1.1832525211910636,0,12.122657072736393,11.862228837685883,-3.3510312243772047,6.246914022264019,-9.353977979795392,-7.565961191801677,1.3154680426808416,28.743276283618584
ELMD,0.5754434852712875,38.2599983215332,33.143176619421276,20.587487782164906,1.2836962488159163,-0.28916731662198364,2.6398384226682747,1.5551422689306185,0,3.453866021871737,51.464758409909884,-0.2719490887488008,6.5855807969424545,-3.5056825997936323,-2.942407854656779,2.3342660006855787,28.519559902200488
FN,0.6605786147405327,686.9000244140625,61.39890702711162,1.0022318741871177,0.8182303913408148,-0.684633455053219,1.378653423573432,4.400928722413816,0,12.773767383506629,53.14472304705894,-3.540630576029894,7.504940073641276,-8.277582691951514,-6.56174932690686,1.1734248186906124,28.301955990220044
LB,0.5835783360830025,72.25,11.73908007419242,3.6496138892239163,1.036414052136854,-0.8900337487925732,1.8477495978604548,0.7612498986161937,0,19.560464500510648,-2.7853822965878945,2.6350668444860994,5.18882891003943,-15.319652372143056,-1.6446418034396444,1.0642555193373335,28.2200488997555
TBLA,0.5505209331082325,4.889999866485596,8.96303194087007,3.9982960618201924,1.0949191410338641,0.06442955959765237,1.4314963917856007,0.0,0,19.538491949271567,-6.142037797638293,-0.7936500425634685,4.607071056442017,-7.034227114559502,-2.2727329017080264,1.2832212925499937,27.953545232273836
GILT,0.6436038467940401,17.43000030517578,45.82777852938376,-0.6780991778681658,1.4043084581388356,0.726120476820327,0.0,3.9013212463045353,0,38.986523464897985,7.261540339096404,-21.710127187261925,9.048438072059977,-16.72240778213109,-1.7083630082699481,1.060365397167479,27.927872860635695
DAVE,0.6158775976325613,256.260009765625,17.109593095519603,2.5589756799564993,0.8158783973866176,-0.18434962349040898,1.2409242779149416,0.0,0,10.38562593865875,17.43733187336242,5.288292717166209,6.076640132197579,-10.924951304859244,-2.7039907019423315,1.0517336794118082,27.742053789731052
AMR,0.6312549011651292,200.89999389648438,13.391085648205635,8.648034597709627,0.9721598135496647,0.849322533863847,1.5032376128403424,1.7869569173419364,1,35.77362064597083,23.516754648087076,3.516042345366989,5.252824460207436,-20.8494255379672,-7.1455299774318,0.936049914947352,27.520782396088023
AKAM,0.6511503672395695,144.42999267578125,47.74084301036938,6.638013144847986,1.1146413014149419,-0.3026761055410488,0.0,1.897106122899835,0,13.016508647627406,-2.2205767307407482,-23.587972402818618,6.609232279467993,-12.704747452433976,-8.526173800764159,1.0911661398327395,27.278728606356967
SIDU,0.6518161894515032,6.085000038146973,703.3545178355846,59.48106468623582,1.600021735926001,0.6144619440853218,0.6573535184173105,8.299097965358625,0,1.7032953803442628,165.72053003729715,4.220775298711919,11.619907164804301,-10.382914986200195,-22.439026762065566,1.2910892151933548,27.147921760391196
RELL,0.6278761502174841,17.489999771118164,67.33860774917062,10.177183280442266,2.7621758480209055,0.8474491993462799,1.6580846881485694,0.34305012420887215,0,14.248323515960347,3.1250042171257424,-3.669718384836019,8.596187926769892,-11.93353860159881,-0.8007134869215113,1.9890226597280305,27.055012224938874
LFST,0.5889901285248516,7.610000133514404,3.6458909037556664,-0.8662792177048841,0.6827557362468792,-0.038277185435807624,0.3285163590739792,1.2483609112954448,0,25.17236491170527,0.5284010692296272,4.302476145769245,5.353858503646712,-14.398202027357298,-1.2403163239771375,1.0050488953754626,26.96210268948655
PNRG,0.6358857049554217,232.55999755859375,40.30142692530938,-4.077411687716386,0.8137733125163432,-0.7537876373680323,0.0,0.0,0,18.28608465310263,1.0471447864486418,-10.508656373149416,6.480354130785347,-16.61527334235937,-5.828991271376348,1.0817379812830268,26.73227383863081
IFRX,0.6653285966910849,2.559999942779541,102.42734535390747,6.73337257391595,0.5294626411285498,-0.1969286288487245,0.3906246360495234,0.0,0,14.705789097014407,2.3999977102216414,-17.964076590136422,10.820314130853964,-13.190910628413944,-6.373622724556291,1.1202356456374227,26.72249388753056
NXT,0.6247001416884793,135.77999877929688,41.314298495115494,6.618714705738303,1.1523483493491777,-0.24906427392218014,1.3440837860038441,2.062156022621493,0,4.983432250703702,13.178292404429556,-5.834902496039819,8.998641196200712,-13.394565737577457,0.9992316981659881,1.5251818941358168,26.698044009779952
KEEL,0.6563012213165131,5.505000114440918,112.02139637956448,34.32562893519348,1.1786338035705304,0.8111195350117003,1.725700058119644,3.088103046848516,1,0.0,77.58065429094259,-22.145323288331273,9.147527041003443,-16.590906149213065,-2.212387278988938,1.616800149888596,26.042787286063568
SATL,0.6691585633433272,9.770000457763672,603.8605670611249,16.524544083742615,1.1058966162770905,2.221802967399427,1.3305952370758853,6.141242575451589,0,3.73711842370954,57.07396763259215,-13.821136444121857,11.824095038556665,-18.583329517087456,-69.8630105429161,1.1972262730941983,26.033007334963326
PLUG,0.6539134609375215,4.139999866485596,94.56908835070533,18.488834795954826,1.1819159925665847,0.5492592646526594,1.9323653687612838,1.2077283554758023,1,0.0,85.65021660175447,-9.570955923946872,9.385784522941437,-9.606988306854575,-3.1249970050680775,1.5716547270895693,26.031784841075794
BW,0.6573280454795369,19.399999618530273,219.96092906118906,8.1985476732351,0.7900544560070337,-0.23631838891504703,2.2164964619014396,4.123196240304918,0,8.389080146226584,64.40677376529806,-5.745555123842005,10.91343861832449,-11.938270476723803,-19.931858586107122,1.2676061587786271,25.925427872860634
OCC,0.6763400784614184,14.180000305175781,100.32668059397349,27.192001506228603,1.8491298563488583,4.508794397711698,13.328627283775802,2.1156571527308423,0,0.0,77.69423897877634,-6.7741946392733885,10.044327599860631,-12.57705976826607,-12.534060722658664,1.1638337482417054,25.566014669926652
QCOM,0.6353762012667262,233.39999389648438,30.057961899129104,14.415687297358678,1.2680415066703283,0.982110050806126,1.2146558646065775,3.95030054060447,0,6.242484198756018,79.6766781079921,-24.366668701009434,8.942954878308212,-9.534886086597007,0.803766358320253,1.740125562186515,25.54889975550122
LXRX,0.6435185499663851,2.1700000762939453,47.41848818434045,8.121577361855051,0.77180632712666,-0.29447368323117756,1.8433161487675376,0.9216580743837688,0,10.149832949232833,87.06897740209165,0.6024090758017149,9.08492511867563,-14.229245020733297,-1.8633522425206401,1.1760001593541998,25.5317848410758
DTIL,0.646318015722416,7.590000152587891,37.278191068893875,1.5588430991200073,1.3273380902273588,3.8715934923612414,2.766798865579771,5.072466681042705,0,6.747190046623433,86.48648234883936,-4.929576187105392,7.750799826331835,-13.945573522169902,-3.492060055494505,1.0893107929703596,25.275061124694375
LUMN,0.6186108416136178,10.869999885559082,28.692939888423453,16.24425162709442,0.9404055231481561,0.4639645001966804,0.8279682937179894,3.6338501215421197,0,0.0,63.951729974233785,-5.8486153616002925,7.310423825830316,-9.03765640881707,-1.195813497905031,1.475997924424903,24.75183374083129
INVX,0.5757879920763184,27.649999618530273,6.537730196681046,-2.3658201614146046,1.1156658997090654,-0.21045149303552063,-0.6781193583364877,0.3254978438564607,0,13.471689281679398,3.791292237177682,5.2220224981268455,4.714544603237529,-14.263567073882456,-0.8179912038521996,1.3430956144976125,24.654034229828852
LUNR,0.6424086476087315,40.34000015258789,353.4596345153977,29.431771636200043,1.518579071923897,2.291237365964411,0.8924159865664839,6.668315856388843,0,0.0,15.720021360102503,-0.8950338243628904,12.579856123582681,-11.379613912500544,-14.810620987221085,1.7138981400257327,24.625916870415647
AXTI,0.6521017473800663,122.7699966430664,1260.2821347976255,9.64298947689574,0.6964736909789847,-0.07749310821588737,0.3991247915275926,6.214871273100043,0,4.132496183617774,63.75882972311546,-56.52744066983563,14.030882522883593,-14.242809791361601,-33.168016643661176,1.4275248577987416,24.6161369193154
MRVI,0.6091993555130755,4.369999885559082,2.011518298711601,4.258616886065447,1.2908778187351158,-0.1924790775730125,2.974831071295049,0.6430209259121052,0,15.478253766260098,-9.896907802328743,-8.146066472830992,7.031872473008506,-12.51251279668287,2.5396876088000657,1.1545330774457883,24.411980440097796
PANL,0.5839934351625569,8.140000343322754,6.696616993641413,1.7182172271785983,1.0752521756941371,0.06549496768762644,0.24569414303900033,0.5528264667129975,0,43.833032252536576,-1.514526689889575,-3.120933280899121,5.4001400016599765,-13.312033590667086,0.28735604617848387,1.4017127836321153,24.317848410757946
ZM,0.6217134725988996,99.95999908447266,12.605242037384667,-2.182210651495858,1.410203189459454,-0.2819590051799655,1.9807956933258424,0.5302185009407757,0,13.135175616241451,32.32724102814046,-19.705946022110098,5.080604152712236,-12.107626717572208,-3.9887912223160584,1.2030542042048524,23.77506112469438
MOD,0.6619190475553409,279.92999267578125,81.17869543803471,4.800302979843732,1.7294642264909375,1.5699524282305501,3.000748085677034,4.619009400221988,0,3.714482994651267,115.38046475761436,-14.570154771151964,8.249000821097006,-13.401394377133716,-6.830009841287192,1.4080016210644022,23.75916870415648
ESOA,0.6523742336439896,16.549999237060547,76.63967207672395,-5.1548782525555055,0.9809084152897825,0.47441131918037943,2.5075585174224857,0.30211020762805885,0,13.72169022647819,30.8180350462908,-5.7588427115862,7.362971112252831,-17.001009057331377,-5.900374677433279,1.5505578667562028,23.56968215158924
PBT,0.6121242463083195,27.829999923706055,40.81760365045548,4.850315572935161,1.2153714514919918,0.8497632931004082,1.7247626693625684,0.5749186052640614,0,17.995688927029345,-0.81967051534442,-4.157491421559658,7.894872006880593,-13.705426592734549,-1.1555157719080575,1.8337674171942984,23.459657701711492
IMNM,0.6116131602897124,22.110000610351562,4.79820847609993,-0.28862432131227195,1.0727930305733007,-0.5392805660374991,2.284030514713457,0.7236537448577155,0,40.7779226688116,-2.3409840705022,2.5305714772832637,5.946889073427633,-20.036163053924938,-1.915517573368816,1.1949617499256857,19.047677261613693
