Ticker,Win_Prob,Price,RS_Rating,Bias,Vol_Dry_Up,Vol_Z,Up_Shadow,Dn_Shadow,Turtle,Ov_Supply,POC_Dist,MA20_DP,ATR_Pct,Dist_52W_High,MA50_DP,VCP_Ratio,Dollar_Vol_M,Resonance_Score,MktCap_B,Cap_Tier
GRC,0.5532594691926345,87.93000030517578,70.55653773101392,10.403104746615934,1.2825373796741177,0.46000280517642333,1.419077789873304,0.21608374928312737,0,0.0,29.138839175837994,-3.4506557698704627,3.0184561289115925,-1.883328520483678,2.267802145722576,1.0029530078720275,15.18,72.37371428571429,2.32,Mid
PKOH,0.554667636632322,36.54999923706055,51.23595820839082,8.924018714822589,1.1629895425462229,1.3627282048916636,0.38303527378094226,1.2175094503444697,0,0.0,18.514912633060934,-7.423299066047819,3.6857535673309587,-0.3815737118690086,2.721085234050844,0.9102355026175839,2.63,71.272,0.53,Small
PLPC,0.6150426104713395,401.239990234375,83.56845222455563,7.121877783152085,0.7491218129935434,-0.8111460820322205,0.2567039189420422,0.06978336808667113,1,0.0,37.363910253328875,-8.416646596546364,5.302134331239662,-0.25604663719005605,6.352741680120324,1.0141083769825474,48.35,66.43085714285715,1.96,Small
FLXS,0.5949094907514456,64.83999633789062,46.48080556287177,8.477973846067554,1.0557302445374126,-0.13646542996170835,0.6289426580978619,0.7634160392261903,0,2.298483339284707,13.16106845857718,-2.508450223007601,3.8719267681628784,-2.113528941738557,7.665356479498151,0.9782351883665737,3.72,66.38514285714285,0.26,Micro
TH,0.5618723260111566,20.139999389648438,128.8313914367034,12.788057216410317,0.9496545887470511,0.5406521555973964,1.7130055799042625,1.8123127217553123,0,1.3543947450735065,59.08372536966905,4.720080874675917,3.638813192932555,-1.92354741017549,1.5436211282505987,1.0717630524355286,29.83,66.31085714285715,2.01,Mid
ALKS,0.5528244091804264,46.02000045776367,52.332807167996286,8.19961391378521,1.4764356659760882,0.7898062922994711,1.3255119606053787,0.858323454641451,1,0.0,30.147057870779413,-14.181320041766801,3.555906126238674,-1.3081719844857314,3.2932353134296903,1.172885855262385,97.49,63.48342857142858,7.67,Mid
RRX,0.6014219846403873,231.27999877929688,52.23342034480831,9.110036496997687,0.8475769140565508,-0.7156251254001005,0.1859252580586513,0.7955708870608043,0,1.7189992770964204,15.86758506595483,-2.734352631931015,4.418885807167759,-2.145126800621599,5.576685245645901,1.013699856262851,249.47,63.08457142857142,15.4,Large
ARW,0.5558180033747592,234.8300018310547,98.29243747022318,5.2350916345273735,0.770893684852839,-0.35422705903664253,0.8699062672499911,0.7537385592352063,1,0.0,48.06430819258882,-0.8410113586319398,3.4962320590923497,-1.0545497376102246,-9.153277223161972,0.9937846993485986,167.73,61.71200000000001,12.01,Large
MIRM,0.6141123155336137,107.7699966430664,44.39852994314464,9.762459283143924,1.3442288747126632,0.4233255540117102,1.373298137719743,1.0531637210535516,1,8.648986223152992,-1.2733665925230466,-0.8244778445843676,3.8229569407897825,-6.278808030933253,3.122785682828957,0.8720327062540523,103.44,61.05257142857143,6.57,Mid
KOP,0.5525685718384734,44.41999816894531,45.887382501914445,4.952473469595949,1.2468740883713265,-0.06939088733345071,0.06754298791133327,1.9022990894107128,0,0.8057837660203746,26.82915671712634,-3.177195562812357,3.477359119349852,-4.058129629522844,0.16199367300475653,0.941954595060043,7.75,60.79657142857143,0.85,Small
RVMD,0.6372356851404456,165.80999755859375,104.27737187575651,7.11240152359342,0.8337463656045365,-0.03150234146103851,0.6181829626437568,0.44026038132995865,0,0.0,39.758933252880134,-2.439341770764022,3.914075269805032,-0.6143849396219647,-55.13407023299018,0.8948729002279762,585.22,59.86742857142857,35.25,Large
PLXS,0.6005062849766666,303.82000732421875,91.65194953780203,7.626910743840974,0.8962544111794187,-0.5219020024955959,0.0,1.3807541383304223,0,0.0,53.755059685838624,-4.672743677565317,4.05703090837067,-0.6052298302878656,0.21936260244610778,1.1583458442316013,94.48,59.82285714285713,8.13,Mid
KEYS,0.5860411799335262,373.3399963378906,76.26231187191561,8.213393760213803,0.9803538715567557,0.06510430762862304,0.43469606873736366,0.902661153435183,1,0.0,23.835737937061086,-0.23107652421927058,3.81138383049921,-0.43281464051014634,-2.173774992438056,1.1245278601672435,556.56,58.67771428571429,63.8,Large
MGNX,0.6142851299276281,4.579999923706055,172.6821714342701,10.882457081675087,0.9356711964539369,0.6063686614966279,0.21834561236325245,0.7641888206877138,0,0.0,33.5276919600999,1.8867907548516063,6.094822297988664,-1.2931022520062019,0.8720921768033266,1.0481937443110527,4.71,58.605714285714285,0.29,Micro
ELA,0.6125982967015758,27.530000686645508,123.50928401495092,7.457213535952928,0.7809682885207869,-0.10968781674685456,1.707225941208971,5.213220856158188,0,0.0,80.76166456532583,-6.216102685601138,5.2475751033475415,-4.74048079557391,3.8873269522182756,1.034554820242471,2.92,58.457142857142856,0.71,Small
AIN,0.553919251445248,71.98999786376953,32.76472794603262,6.812011289953687,1.0498345313520094,-1.1241826712668992,0.4445057706840414,-0.3472704645298302,0,0.0,32.55890598878074,-6.118777213344235,3.5646977004347296,-1.1805087554603864,1.932870016674964,1.1857506850339374,17.24,58.21828571428571,2.04,Mid
ETON,0.6242417638701492,32.720001220703125,95.0369422342267,5.907107745077084,0.8339802201130747,-0.6335345673167923,1.742052791997266,2.3533020446616972,0,4.57439042888021,85.38244717862445,12.999997819801564,4.807019279210113,-8.244527872144394,9.852398666463111,0.991910158055424,12.8,58.17028571428572,0.9,Small
NWPX,0.5946719752061755,140.9199981689453,111.50278755351117,12.95829969667977,1.2067827908513944,2.0146772320628235,1.1992637406709,0.645683268806624,0,0.0,99.20837209994792,-8.200332706479516,4.1553420821039,-2.376174429869327,4.545994117091605,1.3852318120860718,23.21,57.58971428571428,1.36,Small
ESI,0.5994952666647386,49.09000015258789,82.36185225843104,14.57956661842984,1.265081515244388,1.695099168938105,0.3259316498503113,1.1407646598878374,1,0.0,15.560929408200444,-5.128841043631111,4.052323485661049,-0.32487278661697594,-0.3767495801564263,1.2074241690882523,151.21,57.569142857142865,11.96,Large
MG,0.5609148208256513,18.739999771118164,39.461131850866174,3.5759671667137907,1.1013838318132805,-0.5606914384265232,0.6937090165211911,0.47972770305334406,0,5.788986853499174,1.5167968608723177,-2.2092973481913227,3.521840487056412,-4.192227592899832,-2.0178050140676396,0.8003782729714736,3.33,57.53942857142857,0.6,Small
GLW,0.6064714623651685,209.8300018310547,134.69084173473627,12.567910175032642,1.0766209994434166,0.4886624880307924,1.2217502790017476,2.0993178958376895,1,0.0,15.741354613093716,5.447053185905599,7.3128458337904725,-1.2070037078337275,2.1908140628999577,1.062289393244448,2759.77,57.19314285714285,180.59,Mega
SXI,0.600056319968415,320.6099853515625,33.25947644947909,9.777637376401547,1.0256415634800853,-1.0774468259562335,0.1902672708305744,2.8742075290503655,1,0.0,29.114111665252633,-9.767795647312516,3.927224274885384,-0.18990594197762847,0.6491735910891948,1.1394568287501916,61.14,56.895999999999994,3.88,Mid
MYRG,0.5984538654071886,483.0799865722656,115.91694045136533,7.477334737743897,1.143731541906497,0.8361602905710828,0.05589540837023433,1.8630455100907037,0,0.0,19.334994067716778,-5.945873567415349,4.990300924702786,-0.3362845642847044,-0.07301240745918154,1.166112983440107,138.92,56.74514285714285,7.52,Mid
DGII,0.6082910274582753,68.77999877929688,46.10727458258206,1.4693714796990287,0.8853828507120259,-0.3559397524819594,1.8610043646344914,0.9595755225629782,0,4.205732509898782,43.921317140026474,-4.2935204823250865,4.239189176597747,-2.880543524836571,1.4330310029566071,1.0667140304440583,21.61,55.896,2.59,Mid
CTOS,0.593626533779981,11.399999618530273,78.21012265333556,11.934799370570778,0.9387223357203404,-0.4932133327664746,0.7719324603803162,1.0526389757751848,1,0.0,84.16800504534436,-3.679655421787413,3.9956134804235397,-0.766019308683805,0.27472500477157175,1.2986458258744837,11.94,55.77028571428572,2.59,Mid
ANAB,0.646122637507604,59.9900016784668,85.15695593686641,8.84218336420194,0.8754145857355677,-0.8408153674279998,0.08334595042636991,2.0503409031530815,0,12.507779366623662,105.4452058561295,7.84638584731165,4.6162459442896155,-17.095078534236784,2.3927652767626704,0.7903104261961588,39.73,55.563428571428574,1.75,Small
NVT,0.5925986109498,184.33999633789062,82.92504697189773,9.23592699301337,1.108933728696116,0.10461045624295734,0.16274441668442205,2.17527559604035,1,0.0,15.995468450585914,-2.090846741936917,4.598642211578691,-0.16247998957316231,-0.8318388271221614,1.1854685697492422,392.23,55.37828571428571,29.81,Large
EE,0.5903431858837368,35.900001525878906,25.31906190296791,6.566140501033983,1.0835259676132845,-1.2489914475163688,0.974926070292906,0.1949852140585812,0,26.79561853599857,0.7252756708789118,6.659116542322856,3.113807989126368,-16.480260307398005,1.957394340333201,0.9740559481546688,13.08,55.353142857142856,1.14,Small
CALY,0.5528244091804264,18.020000457763672,42.49095081712297,11.800473819433236,1.0564634182862338,0.17913442699642126,1.8867932515647539,0.8601591714728636,0,1.3417804162175224,43.129469729421274,3.022673126078356,3.7914223446476374,-2.6472164507438913,1.3793090293196113,1.148516605949872,51.29,55.21371428571429,3.24,Mid
RELL,0.6141640323584995,18.309999465942383,59.699491663505256,5.923865563070383,0.6219009832095788,0.006514725214053643,1.3380608357039914,1.1469092877462783,0,4.506089958760909,7.959908338828213,7.817592443078674,5.822342962604344,-7.804637949120864,8.939706000589126,0.9020185183098096,4.12,55.21028571428571,0.27,Micro
FIX,0.6063233894627948,2066.510009765625,122.24691993727477,10.220391789788486,1.1234451039525717,-0.19469036762021893,0.26469606618274905,0.8308656524213514,1,0.0,52.372939967785385,0.387940876445405,5.224336392776659,-0.3216097574709308,-2.0019635701720073,1.13588759275427,891.98,54.88342857142856,72.71,Large
DHC,0.5945954824633525,8.9399995803833,68.65260461319866,3.054751338713816,1.217088269839205,-0.12947098660560216,1.6778588280580213,1.7337778549113538,0,1.8991516720310977,33.41499204250397,6.516853353940548,4.262540364480687,-2.188192072264879,1.783265806180125,1.2222843381548552,15.2,54.53485714285714,2.16,Mid
AVT,0.569949485960216,92.44999694824219,79.77581123829293,4.0810619767016725,1.1289052401846174,0.8299804379440079,0.9951388087605394,0.6760411256077635,0,2.203574294140608,55.62315112743885,-4.232608775848639,3.7888216958004937,-2.582928975236781,-8.007170873867379,1.0385126477675863,134.36,54.27428571428572,7.58,Mid
AXSM,0.5579495823398561,247.85000610351562,55.676349351377596,2.979489371126745,0.8835981898108666,0.15030487794920666,1.000603456307068,0.7262469265378073,0,4.492219098554958,35.70412118453285,-0.3595259116938032,3.792212456726455,-4.74268658367153,-2.95696407231474,0.9559538964492147,188.95,54.251428571428576,12.75,Large
CGON,0.6347949504908573,66.25,65.49137571592219,12.313834928000642,1.1724078425619078,0.01861724046300203,0.24151496167088277,0.4377372309780624,1,25.947494545584604,22.232470603723122,3.560915858077575,4.713531658655871,-12.251655628976799,3.2380415690263913,0.9637945161458744,65.6,54.10857142857143,5.84,Mid
KGS,0.5515379721932796,70.72000122070312,89.31757015475938,3.425836075980506,1.185175411239683,0.4317803491371775,0.04241908763947918,0.40300290891667967,0,17.7312044653898,-4.089055701456546,7.652992073713179,3.426189739512526,-8.959834007517783,-3.080491357709342,1.020931164052599,127.2,54.01028571428572,7.14,Mid
TSM,0.6005062849766666,467.6700134277344,57.94082352360124,8.928795149503129,1.049757497448028,0.05341117102087995,0.04704197711762201,0.5345649556770141,1,0.0,37.59691063962845,-2.7753953323367924,4.205318396876232,-1.8139413774909015,0.5855179712405569,1.1893789607902545,6460.47,53.91314285714286,2425.56,Mega
ECPG,0.5527811392904568,83.94999694824219,42.78570409028366,3.5991251063498737,0.9409949616438036,-0.6556766031457798,0.3097016274975391,1.2745678781515162,0,3.615573133318696,2.1041056942752827,2.0105423510653675,3.1038887673834714,-9.380399933685085,-3.0644268192197535,0.957163429685316,27.87,53.90857142857143,1.8,Small
GEV,0.604389118039169,1127.5899658203125,72.14010066865364,14.533171969372171,1.3083827733280733,0.6007949106537109,0.8957135033195238,1.342536393806598,1,2.047631317676856,58.6374535825504,7.23304081174922,4.1853893288705475,-4.550434575673881,-1.06402749442545,1.0234298268833617,3078.44,53.85714285714286,303.01,Mega
IFS,0.5699090234241674,56.400001525878906,30.7393874290147,8.452156494872973,1.081981533402726,-0.4092891788221002,0.1950365378964375,0.6382989372438133,0,3.7760123693972805,28.1829774182288,2.116715550845321,4.120440598681742,-3.026131922490462,4.485441315663671,1.1710701741392142,20.64,53.421714285714295,6.26,Mid
IBKR,0.5628903031752844,96.81999969482422,43.56987827878322,9.811849855510275,0.9776654410716173,-0.38019207564850627,1.0431751078326323,0.7643026916901001,0,0.0,27.99757245774095,-3.745679008701841,3.465930583676601,-1.032405312599651,-10.357288429642063,1.1150184977401887,485.46,53.33828571428572,43.13,Large
FRO,0.5770575412706297,41.58000183105469,83.44704207515544,16.319258423809856,1.4973398879952768,0.974952996860291,0.6974436942100246,0.0,1,0.0,12.99301471742012,9.807484468708774,4.04850132865968,-0.692613107764648,-0.9477398045403475,1.3830231563105955,128.5,53.32,9.26,Mid
CARR,0.5925107186533309,71.8499984741211,26.407108568920414,5.921113566358153,0.7822042060586141,-1.2679808814125186,0.5706383727361436,0.8489918208735694,0,0.0,14.272458729982487,-2.717913506573483,3.666368989564908,-10.35433867212578,2.847381807577897,1.0125369527565022,485.45,53.21714285714286,59.68,Large
RLAY,0.6454190585869931,17.280000686645508,103.40317087010484,18.186174469900017,1.1144995388996766,0.4983442669605092,0.6365665429722711,0.20254540520436917,0,0.0,43.16488088747641,-2.8550537895363814,6.578619177724314,-1.08757088818469,-7.400004068517083,0.8298775859357768,68.72,53.152,3.77,Mid
PSIG,0.5856766382367032,11.710000038146973,159.27493393786335,23.17239946114762,2.563268472081751,3.1352014110483797,1.0247641772665916,2.647305421913261,0,0.0,4.088889227609633,-7.652401421429405,5.197024145225622,-2.416666348573839,3.2689418950291196,1.582000416358868,12.93,53.13142857142857,0.18,Micro
BHE,0.5936448866199595,93.66000366210938,101.7136176464578,6.735046908309999,1.3882973795070306,-0.10034604002509794,0.5338458044465558,2.0659888023797266,0,0.0,1.61658405419164,-2.4502627161827224,4.4961251865804766,-1.1503919133288876,-1.784853891051539,1.2143477469136539,42.74,53.02742857142857,3.36,Mid
AMAT,0.593626533779981,640.1799926757812,146.7090402061672,24.89805943077969,1.5214808808738312,0.850561637892939,0.15620606883053392,0.8645963959898053,1,0.0,79.51488218612323,-5.3116840567804315,6.188995709576841,-0.15596244602474674,1.9883859696047728,1.6612583470309712,5120.08,52.904,508.28,Mega
GNRC,0.6063233894627948,295.5400085449219,92.28414751557972,8.934559840328822,1.1602079575478985,0.3292720988042025,0.16240794981076792,0.3451272193874171,1,0.0,37.466859385677054,-12.155458731973189,5.532002351091688,-0.16214461406733258,-0.0337645053800065,1.2482057775982058,255.5,52.89714285714285,17.4,Large
PTGX,0.5509966026793094,115.02999877929688,16.96544968998406,10.77885961873242,1.4042863877187843,1.2645147279274869,1.3387819976149784,0.0,1,0.0,16.34469058726718,2.4017297581670607,4.253239448854526,-1.321095410093331,0.34106329505517563,1.0402203187653138,73.9,52.753142857142855,7.4,Mid
URGN,0.6094254174713092,34.9900016784668,42.896249171594114,19.428971354577317,0.8235538892030407,-0.41857358849448234,1.0288561828379508,0.7430646157578726,1,0.0,33.29524448812894,5.85676053913428,4.7778964150179855,-1.0183785323432428,-4.188985261556555,0.995596548654891,28.68,52.66171428571429,1.7,Small
RCKY,0.5985713557084175,40.849998474121094,22.101537952231244,5.544289710164159,0.6177049647088033,-0.38480511354207936,0.09792146149455927,2.007343269115723,0,33.87086643846371,-10.49650593415268,-8.049191568188183,3.8293418707137343,-15.458716735526433,3.272315311754295,0.9106152486812389,2.53,52.64228571428572,0.31,Small
CTS,0.5803184337877034,68.30999755859375,45.62412758761247,4.271766299145613,1.4469310572632998,1.8775910924000772,0.0,2.342261061750518,0,0.0,1.955220236677907,-7.177431560575304,3.9588428957038744,-0.4082210150784266,-2.2476133669888,1.1985106118216373,19.72,52.57485714285715,1.95,Small
ADI,0.5925986109498,445.4800109863281,53.5358676799862,7.050713655505948,1.3199794749904532,0.12320740659555282,0.07856145669967113,0.34120251777472277,1,0.0,2.5364866151004546,-7.7145359423574975,4.422034991282209,-0.07849978612418584,-0.6944399688046127,1.261810248486039,1932.44,52.528,216.99,Mega
IMUX,0.6145044196330877,14.75,142.52046547567343,7.3039421904599555,0.6548397548909521,-0.0068231816602003555,3.864404710410676,0.3383054571407293,0,2.450274856686075,61.55531012594816,-21.626014682499996,8.194672166579572,-6.467979886435826,22.480617860947433,1.02079624919082,4.29,52.524571428571434,0.2,Micro
COCO,0.5961532022966812,82.87999725341797,49.99033200548206,6.286386152504547,0.8088456379761353,-0.39134588615614857,0.6817114625038578,0.6271697587211076,0,2.346522007635302,51.489670334184666,4.6936502494563985,3.9186442138340403,-3.4370319406599252,1.0137266598607506,1.1675114830826985,104.88,52.52457142857142,4.73,Mid
ASML,0.593626533779981,1929.25,78.8696622586565,10.280100138862514,1.135322237376483,-0.009392194116246555,0.2160915025267767,2.215887002720116,0,1.104501920633405,36.0592329350154,-1.3040207139203492,5.11475581074483,-1.468335035750016,2.610038766545548,1.3962756904429636,3617.91,52.510857142857134,743.57,Mega
DXPE,0.6101200226394983,169.0500030517578,44.34757086318988,6.686443179491171,0.8906382207973184,0.125675424561396,0.05323651952998698,1.1949152534652876,0,8.139951737090206,31.47456886302054,-0.6382670825826301,4.254025494394878,-8.080039320521388,0.3231373616018894,0.893412705540691,30.91,52.47885714285715,2.62,Mid
WTTR,0.6108875966275332,18.479999542236328,64.78983602877759,-0.18364695278582888,0.8989956571773482,-0.02786459713671572,0.3246827639288341,1.948055298969542,0,13.006841896849686,45.769121052480116,8.706716586187218,3.8087486910937636,-9.765625217801896,-2.050264022340996,0.9398413404363198,34.71,52.43657142857143,2.3,Mid
MTRN,0.5969986118221416,277.67999267578125,112.11783364552052,17.389451478092887,1.3917380167792854,-0.6335311681056827,1.391897455302802,0.47378739112116003,1,0.0,51.16774735553713,-4.789537891092011,4.1206381517528285,-1.3727896313572792,-2.1967265059156764,1.3092103256361585,83.58,52.418285714285716,5.78,Mid
ASC,0.5673660664791341,17.559999465942383,50.54347345295804,4.9578303431961706,0.8987605498883202,-0.5315607025778503,0.6833760983837516,0.0569489133565288,0,16.512213218499497,-6.684178064515353,14.63766156827864,3.518547049669691,-10.224874566930765,-0.19430613448857703,1.0432064859849073,11.55,52.31885714285715,0.72,Small
WCC,0.5522795990274547,369.7200012207031,36.37006048695832,3.136896193798349,0.8129752310074189,-0.6571147229116134,0.36508505788393775,0.9845327914122666,0,3.567371843134866,29.803248460120507,-1.9534212241263667,3.7486033021321647,-2.0222670615603864,-2.787800596985867,1.0936585292675314,212.37,52.30971428571429,18.01,Large
TXN,0.5925986109498,332.2799987792969,80.85625529949398,8.777529016097098,1.2455532443588768,0.24284191428311283,0.5266642609918564,0.0,1,0.0,18.331974838436853,-2.4431038806403613,4.257166476527688,-0.5239050403826262,-3.777102155941691,1.1952566048472497,2822.54,52.19314285714286,302.41,Mega
SNX,0.5609380280611252,283.260009765625,79.40016020616383,4.997252704122427,1.1416472943072418,-0.18957053302863797,0.974373250886683,0.9884544742271175,0,3.1928602008333438,68.29217923030896,-13.22586453408178,3.5146888906920295,-2.6631386343772503,-4.928679657306328,1.1779208177045837,215.19,52.16114285714285,22.84,Large
PBI,0.5663420795565497,17.139999389648438,53.08027603082546,2.6716151473849665,1.1601060829555736,0.2072882097465548,3.1505305409868773,0.3792218729275308,0,5.733655918534853,17.9051261049453,-3.8709702027807538,3.260959799232075,-5.251524349771961,-6.660832913285379,1.0619601878355396,59.02,52.08914285714285,2.32,Mid
AGX,0.6028471780280564,790.0,155.15048631934278,17.547979388427706,1.135037852591528,-0.35600818212467905,0.17468416238110798,0.6772120994849024,1,0.0,66.85498509702789,-3.4717058163047785,6.737704009733838,-0.17437954892670143,1.2243626144097848,1.3232491041835224,255.19,52.02857142857143,11.08,Large
KN,0.6063233894627948,42.79999923706055,83.7332008724648,9.842164195723313,1.2371987949409413,0.5102164789811503,0.30374081876064374,0.06752370794127283,1,0.0,39.823581781270484,-6.187908979392284,4.394192640254523,-0.3028210276917534,-3.7938419672267085,1.2185641032844643,43.01,51.83314285714285,3.66,Mid
MOD,0.6318131219921683,295.5799865722656,118.43054179831249,4.330755628898471,1.1008159288455819,0.12458138086288661,0.023684730833898063,3.396714595368334,0,5.759647023827464,127.4217002345523,-11.514934621311056,6.501984801978143,-8.559942282335275,2.596060020503199,0.9968234577458955,351.17,51.808,15.61,Large
TBBB,0.5668472265182061,41.689998626708984,17.883524494990134,6.003200518155013,0.9758985587479169,-0.14815180859661625,0.8035478424074625,0.647638442435011,0,5.5026091063329545,10.232678379191157,-1.6666637611625366,3.937395015921326,-4.839083953615465,0.5324833749243396,0.902902609818861,27.83,51.66628571428572,5.03,Mid
ECG,0.6055597551461416,164.7100067138672,84.03702892631671,9.141996781805915,0.9489630402405203,-0.5796548978332808,0.17599809531378585,0.4067744166298043,1,4.325793451142912,26.60261259522746,1.2872419580450285,5.293756855797851,-4.002278453296395,2.9307962268865078,1.193389170382167,104.27,51.65257142857143,8.41,Mid
PHIN,0.5802143164648631,81.33000183105469,26.423218035169338,2.1214330341491854,1.3408786818786076,-0.38781328655288705,0.9037262926285535,0.7992149406576311,0,4.969260095654339,30.135985513765956,-4.659984140469279,3.82787223808528,-6.447340984506096,5.686881988194442,1.1480793821627808,28.55,51.43542857142857,3.01,Mid
ORN,0.6069781220069792,15.600000381469727,39.96110942642272,8.737324511834673,1.4193022225817749,1.1431721504889687,1.9865402321510357,0.3205140353140649,0,1.2921633070573584,31.97970206362112,-0.2915449057697012,4.803067044473063,-3.7625125664607864,2.6226689840939654,1.1161917481509223,5.62,51.189714285714295,0.63,Small
EME,0.5524914462839511,868.8800048828125,34.040032760168245,4.217243632225109,1.4185146511478983,0.32477034006302125,0.2106179310788101,1.538185958849655,0,13.753239789078558,3.859713478616886,2.6354221103484865,3.631153041376472,-8.727259041571688,0.9689539976674032,1.0645532709937156,328.17,50.95885714285714,38.69,Large
AEIS,0.5955872605555124,388.2300109863281,78.17894395281454,17.410459213539454,1.0676263708289393,-0.21236637907648978,0.4018230210040791,2.3053375457167786,1,0.46822339654456724,52.12532049203452,6.645249962408786,5.668215414538201,-2.287145125376992,0.7333710531545009,1.1528991948210845,338.14,50.94285714285714,15.53,Large
ESOA,0.6417937377453105,17.889999389648438,102.73070261596192,10.664353947771307,0.7698562334041436,-0.33571680505267393,2.2470678643858966,1.397428778732555,0,3.4502587694077054,41.40995015164884,15.410761314378322,4.157150865479081,-10.280847990976527,-4.406538016792491,0.8830681637413013,2.47,50.74057142857142,0.33,Small
BCRX,0.6090917419230322,9.140000343322754,16.400875106817736,5.579303744288702,1.2980999823161883,0.8894498845356034,2.1334757929778574,1.422320673342935,0,31.580086554345023,-1.7204284313274008,-6.451612534907955,3.927010230385079,-11.43410258024453,3.7411513920874273,0.9607949579498611,40.09,50.65714285714286,2.32,Mid
HZO,0.5831407623411902,34.83000183105469,31.014568136477227,1.788538179085967,0.8764747051086285,-0.9291648551138035,1.1484286251559006,0.8182705917835496,0,4.493377023983605,16.10000610297896,-0.7017481240017559,3.9057046814583227,-3.917236328016939,-3.1194007107978323,0.9571207342147984,11.93,50.57142857142858,0.77,Small
CECO,0.5883760870008555,99.66999816894531,64.39891937112692,13.636491444577079,0.8758834282187291,0.536691109118245,0.3310944487949202,1.0233737953192599,0,0.0,66.11666361380692,7.350025139652683,5.726754163164571,-1.5507701777328486,1.584120298003129,1.2394663203751086,86.23,50.34857142857143,3.58,Mid
PRLB,0.5936448866199595,81.68000030517578,44.177289544073986,6.8928064477680735,1.4022050454674195,-0.290657457413256,0.5754177509076092,1.1753171901005384,0,0.0,21.601909381505468,-8.616490517769611,4.0357843634961865,-1.7678907921943154,-0.779473088593626,1.2296550980425696,15.88,50.30742857142857,1.94,Small
IESC,0.6063233894627948,754.739990234375,77.70046628596215,6.356082998325259,0.9335353884509273,-0.36363638728426667,1.3593936757098068,0.0,0,0.0,98.46432282594047,-4.709488062741813,6.2881624249274655,-3.1142502908336143,9.770023273823323,1.2501983110166817,157.82,50.196571428571424,15.04,Large
LXFR,0.5766068723228592,18.950000762939453,29.533775868828947,7.832819837868405,1.2196924135587257,0.04994196099496842,1.7414243293014626,0.686021439970691,0,1.3161396462874702,66.33945996332741,-7.039603079224288,3.946475270194292,-2.570693986434213,3.1963472995802364,1.406384786912208,2.69,50.121142857142864,0.51,Small
APGE,0.6148052448062087,132.5500030517578,63.773046960512424,52.967314542909364,6.410014959005649,11.050730420710376,0.3394922202024234,0.037723915960914914,1,0.0,89.30306970243234,0.3518147694409464,5.912864085577227,-0.338343570104364,-4.657890158353106,1.0637940782418955,273.65,50.112,9.99,Mid
IMVT,0.605405392861671,38.099998474121094,29.425841096247083,15.072708899211785,1.070140681084449,0.6212204269097801,1.673761069336905,0.2230947188309201,1,0.0,7.142848713910434,2.4318834018606847,4.35708638760627,-1.6462074892611434,-6.627683384622932,0.969344417788832,76.71,49.976000000000006,7.82,Mid
SYRE,0.6240400054025034,100.31999969482422,191.658391345092,28.665694601301617,1.3750641315515233,2.4249894025401524,1.3805842707634286,0.0,1,0.0,58.55855692810995,1.103336515312569,5.527669315461417,-1.3617836992103107,-34.63395080469487,1.0844388790476396,134.53,49.589714285714294,8.71,Mid
LIND,0.6125982967015758,25.549999237060547,68.26650668986186,11.82597774324982,1.0309868110459064,-0.4816414653834511,1.3894382002803864,1.5264164433612784,0,1.54985612245907,51.27294351595377,-15.44266464596793,4.54710701221149,-3.8027117814475933,-2.8916888737882696,1.056488424685985,18.71,49.393142857142855,1.68,Small
TSEM,0.6192270132209633,316.8500061035156,169.62945258288389,19.039347829456887,0.8858285799515628,0.46647641926617484,0.9436610941357303,0.0,1,0.0,90.7815526308365,8.52299674050278,7.053021234672433,-0.9348393786269673,-5.362571034717491,1.0829142956316182,742.75,49.349714285714285,37.58,Large
BFH,0.57208965028254,103.68000030517578,24.773881044489833,9.700303709988582,1.2569798141763806,-1.1169341968738373,1.299572575816899,0.3134689204060116,0,0.0,45.23928893786451,-4.10608159956364,3.4245081158241235,-1.4448637710510461,-5.9811930253512156,1.1712463654887009,71.12,49.08342857142857,4.19,Mid
MITK,0.5991130324640774,17.309999465942383,57.25309632416269,4.554235760196327,0.8511635322931327,0.15743049336624082,3.3506640182959244,0.4621601742902062,0,1.6861634319142493,17.675047048784258,-11.848962819402544,5.389122666038072,-3.6727872709761287,0.777382753603902,1.1089772588916151,19.65,49.06285714285714,0.78,Small
BAP,0.5812347844745642,380.57000732421875,32.824818191790904,8.496834621031251,1.0139980080532134,-0.571826290313337,1.8156984336930113,0.512392508473442,0,2.1179496788920495,18.969017442535527,0.3982543945300923,4.6188223410492775,-4.504160941546217,3.448076947137113,1.170484817992713,202.25,48.98742857142857,30.24,Large
MTZ,0.6056737215060578,406.32000732421875,82.37078224802615,9.333525707012917,1.0076530454872195,0.3841958355194359,0.137821802642745,0.25472623632853936,1,10.387423460356542,7.386952603971886,2.675102037285056,4.296050974560552,-7.9536927562759265,-0.2154684337713756,1.1056645057157295,428.12,48.90971428571429,32.11,Large
VICR,0.6236368753032071,365.5299987792969,264.3084823368235,16.15410421653574,0.8378246117693255,0.26745368101251815,1.057700038410199,0.36385155163831523,1,0.0,122.15267636630061,-24.80524271241272,7.317089446640002,-1.0466298342513103,-9.831282778762796,1.047102544490217,313.75,48.88457142857143,16.66,Large
MKSI,0.5764936622629896,420.55999755859375,171.52133311631522,23.067013793275443,1.1506292497821,0.4036472753771422,0.24253115360248728,1.5455583121832561,1,0.0,80.36722462257954,-3.5445102027069595,5.666378147586817,-0.24194436314746953,-2.522324525714604,1.398614724394513,502.16,48.843428571428575,28.41,Large
MPC,0.5807633111096357,247.2899932861328,31.17735224478917,-3.3262532951822363,1.271662436650294,-1.1927443257933552,0.24465647731472742,1.010958820762798,0,24.36946260175415,6.753442279398087,-0.13686414954013146,3.5604520856795006,-9.238052909872032,-1.2168920626005413,1.0340562866996414,576.16,48.837714285714284,72.19,Large
TER,0.5925986109498,457.0,135.1534644533449,16.607661148810998,1.693389009516934,0.3085062637900926,0.0,3.8052548464769034,1,0.0,4.356956975516407,-5.904819763741459,7.012144794088485,-0.47627908954985254,-0.46951670366336823,1.2718400369347167,1851.59,48.79657142857143,71.54,Large
TTMI,0.6190743636490327,221.47000122070312,247.85610925700476,17.005315484959084,0.8991237454106531,-0.02934605769236223,1.0656073496785137,4.562692767325824,1,0.0,129.55015911438764,0.47550949099887396,6.73309553366667,-1.0543718853750137,-8.741748007534902,1.0950133942986442,538.79,48.74514285714285,23.0,Large
CRI,0.5754621032474702,41.56999969482422,19.45318286388844,4.199826358474178,0.81314926123632,-0.20240110922282206,0.6855902080767591,1.5876830701021332,0,5.3696999034718615,25.64909357600047,-3.43685672360106,4.104092010409579,-5.1411508477839645,-0.4348966654462845,0.9657751945489039,43.52,48.61485714285714,1.53,Small
CGNX,0.5983082790123586,67.5999984741211,77.78271030163629,4.550901276038557,0.9701748996444214,-0.3834464912052533,0.2514765869527011,1.390536187293259,0,0.7703120197301797,15.546534011365646,-2.4583816921679547,4.424134754973976,-5.854246090426104,-1.9662406053190078,1.0868988372022235,153.4,48.561142857142855,11.25,Large
WLFC,0.6297566401717404,208.97000122070312,46.90242658664137,12.356712468756143,1.1357120310570057,1.0867632617056635,0.5263942657245777,5.814184941722698,1,9.72668483344857,10.076909635345125,2.9071379094420426,4.082948336963179,-12.568504170867737,-1.2382548157037312,0.9611376377103956,25.53,48.55771428571429,1.66,Small
SPHR,0.6005062849766666,157.24000549316406,70.47512450401112,9.317810371475366,1.2675272584342274,-0.33351029995876297,0.8013192971318626,2.7473291540018705,0,1.002140120205554,46.36507962955379,-6.334946072790254,4.582344452664159,-1.945619297388954,-3.1465532023346183,1.164563854940555,108.95,48.53828571428572,5.63,Mid
CGEM,0.5949545861302374,17.299999237060547,68.60636427495722,19.12959178259916,1.6790427253579587,1.249392553072241,0.5780369125665772,0.05780479377036687,1,0.0,15.103124047026057,-17.596574193104775,7.661436672384303,-0.57471484859967,3.0900740685018944,1.375045678998045,18.53,48.33142857142857,1.06,Small
PRM,0.5866853618873814,37.43000030517578,23.727866765927796,12.79022539697762,1.330545367569201,-0.3579305062933658,-0.24044924352576352,3.205986516493452,0,2.7893757159221075,-0.9264120842259687,-2.8025451319408834,3.8948894471593603,-1.938689806781805,-10.623002196682865,1.0067654622281779,52.33,48.29142857142857,6.11,Mid
TDAY,0.5872250814370467,7.760000228881836,28.78984378825291,-1.0645724722170447,0.7915819923303242,-1.220053488573222,0.7731951160065192,1.0953612838780415,0,10.643112104196678,18.654438439730395,-3.3068783314701347,3.576031471953777,-6.280187449232649,-8.915303162599646,0.8988198788621928,12.77,48.25942857142857,1.14,Small
CSTM,0.6087301914767502,34.599998474121094,79.79373641585947,0.2738659808773817,0.7647338914724306,-0.7432295833198047,0.057804793772037524,0.7225433844448315,0,7.036868375423784,33.12812150248519,-6.928830656995107,5.08670530063706,-6.461214100653575,-0.6447252747816324,1.0554791796000036,74.77,48.25028571428571,4.71,Mid
MEC,0.6019916813307374,34.709999084472656,84.0904926086608,8.377303633739313,1.1617105541475743,-0.08389642910484436,1.0723135177575096,1.2388369821529366,0,10.897358811538519,44.926922665213844,-16.08301493954314,6.328600514912708,-4.904112097200829,3.5609733765888705,1.206125239023787,15.67,48.23771428571428,0.88,Small
CROX,0.5733890441114771,123.80000305175781,26.148851074404234,2.0900443959047976,0.9231935189663056,-0.26320133246551114,2.3344097886789665,0.26252388499394214,0,5.274129869041822,25.7363438986909,-8.941520092162639,3.853853061597772,-4.615140260561859,-0.29426489527721605,1.0968222316012899,152.57,48.20914285714286,6.15,Mid
LRCX,0.6028471780280564,409.5400085449219,152.96655649990564,19.611576408312757,1.4363105499425974,0.71782132189344,0.05127495499736471,1.6835935121827634,1,0.0,79.46597539587675,-5.273962526157592,6.508185911626227,-0.05124867726116229,-0.8502104134721441,1.6135954589265455,4174.01,48.107428571428564,512.15,Mega
GH,0.567411655321939,128.8300018310547,20.384131491519852,0.2825650009496412,0.974029603175041,-0.6797357389669738,0.7063600474799913,2.879763278517285,0,10.822371514494758,63.905857928015955,-9.897466395766557,4.863551342031807,-4.570369013999711,1.6863614220081005,1.0254302176838468,298.74,47.98742857142857,17.08,Large
ACRS,0.604136290470923,4.840000152587891,47.9461091527063,8.641976522398686,1.4803249516731556,-0.0015671378138677112,1.8594973738588767,1.0330617592604445,1,3.309371172210195,9.255086682711648,-0.22026936043302503,5.858913319114166,-6.019416252015226,2.450978099951139,1.090445174313451,6.6,47.90857142857143,0.68,Small
TIGO,0.6290156110471162,85.3499984741211,54.824196624306175,-1.6161024478911514,0.9979337218996466,-0.2837308431438626,1.3825428544322031,0.0,0,20.165442962428347,-0.011717591563768828,1.670311011409471,4.653778146601733,-9.901831046464254,1.1113773647026057,1.0698153862517137,148.0,47.79314285714286,14.3,Large
GFS,0.6014219846403873,89.66999816894531,135.5756412013583,9.513252814710697,0.5235292611663691,-0.16444872485926568,1.2378729039871903,0.2118907608832015,0,2.1769407958815052,10.553566137436023,1.6963703494598186,6.036499498702982,-3.1118366156841324,-3.4702229983543775,1.0795858994563698,457.78,47.70742857142857,49.2,Large
ASTE,0.6073231909758133,57.83000183105469,14.155327295793342,12.056273910020417,0.9484186480468033,-0.3219748160337949,0.3977166435240217,0.9683578688399964,1,26.073714698939003,16.33340822943896,-3.6000822423181265,3.896890623687199,-11.73608528063214,5.47564621408375,1.0484781112946109,12.14,47.66514285714286,1.33,Small
BWA,0.62184532108375,72.33999633789062,51.05471237848893,-0.16466056300976814,0.9050720475651334,-0.36041742332693266,2.094286834002074,0.11058087601415961,0,9.944964651017516,10.024799752174912,-13.013379568692548,4.631403407894831,-8.221267929384291,3.0380259470352526,1.1770261552274037,221.47,47.60457142857143,14.84,Large
KRYS,0.5739880644767557,343.42999267578125,33.854738099824445,9.464729858112536,1.554854607286787,0.8442351096699552,0.0,0.5153856830838005,0,2.290757355888946,19.312811647079553,-1.5777496037919416,3.8455118488830626,-3.6662012129543022,-2.2180975047985854,1.1287930246419482,102.93,47.502857142857145,10.12,Large
PGEN,0.5880779574916009,5.380000114440918,23.38601063574135,25.715623427793453,1.3319116588101805,1.2113453604622033,0.18586899312470004,0.1858778562687144,1,0.0,38.30334110467624,-1.4018677529038959,5.828464913838971,-1.645332343442847,7.494143667382924,1.2725137484281461,22.19,47.42628571428572,1.92,Small
SLS,0.6396575059212602,8.529999732971191,292.4755392984859,4.1386857382506035,0.9634633060504659,-0.058065504634881845,4.101995973962426,0.762011517121582,0,7.901536587965349,30.627863071925717,-23.148154627660805,8.197872764764858,-10.304947131666067,2.3762447097059543,1.0609195280609574,66.6,47.22514285714286,1.68,Small
ODC,0.5878113764347207,94.04000091552734,68.37195587325999,9.11158415071876,1.163935404115083,0.12657200014477116,1.743938083437652,0.4572525531528462,0,9.042206119715647,-4.615068050842854,-1.9008377526876403,4.438080460209598,-5.038875012853526,2.5968667945883275,1.6570519435623265,7.31,47.206857142857146,1.36,Small
ALNT,0.6005062849766666,98.77999877929688,80.5671589025676,15.164443557864479,1.2783691190144115,0.06510636854480802,1.1996330970092248,0.668155163250541,0,0.0,50.21640908079517,-25.970724808455753,5.52635033090869,-1.2298803426139548,-2.281312259525683,1.2745547440670206,23.68,47.02057142857144,1.68,Small
VRT,0.613746545153665,357.9599914550781,127.22747817895856,13.534377484748711,1.0355427968950186,0.07099636050662093,0.16203405511448574,0.1787950228275805,1,4.004371361297689,39.92279789442307,2.3778648862164538,5.819231062013601,-5.764279252432381,-2.256291686657738,1.0609414393224645,2116.34,46.98857142857143,137.5,Mega
VSTS,0.606983865796631,13.109999656677246,76.57219201149223,2.3818788622112415,0.9082952624142645,-0.5295048080772149,1.0678897557466325,1.906184778004561,0,3.7856593627135693,9.249997138206217,-11.283380346617378,4.177235985723338,-3.032550200992508,-10.3608774590848,1.122310699907979,20.31,46.976,1.73,Small
ROG,0.5970169157536437,166.50999450683594,69.53430540960832,12.349616008797401,1.6240677122371632,1.0064402941004316,1.309235485241531,1.1470804907266337,0,0.0,3.332502877928608,-6.888225676987622,4.804087010172033,-1.4383851659992326,-2.9684121285654244,1.2533752318138505,49.33,46.93485714285714,2.97,Mid
APH,0.5670165388873514,165.9600067138672,19.65271750934643,10.72046107390674,0.9251535653687839,-0.27858080849869155,1.4009380900042512,1.1508818901115838,0,0.0,13.927114166104761,-19.141433429010828,3.992569858455074,-1.6154316531699071,-8.192921730150724,1.0417948491817577,1699.07,46.86857142857143,204.17,Mega
BCAX,0.6005165095125145,24.549999237060547,24.75072891157486,14.864545405383975,1.5258249301709006,0.7973981390240783,0.20367065564573023,0.9775958393761811,1,0.0,5.6823061591860915,-4.366601922771294,4.461448970126047,-0.20325668143001793,-8.871705202284712,1.0880880782379447,13.28,46.80571428571428,1.61,Small
KLAC,0.593626533779981,269.1600036621094,118.45680691627194,22.82262193259415,1.4798324198973272,-0.005713700896839268,0.27492577808893154,1.1740128925270745,1,0.0,88.98112306749191,-4.317169239441678,6.759443345595467,-0.2741720085610929,-0.4394205854162751,1.8584840342368698,3003.95,46.62171428571428,351.6,Mega
LSTR,0.5532871199076115,209.02000427246094,35.7882606603942,-1.9594486698584428,0.9644408921549503,-0.25862557869907027,1.480720102107516,0.3396763183246533,0,8.56357082632715,52.9344600647439,-8.262253799184446,3.3754467239996684,-8.509149028288626,-0.6102907740924414,1.2116669452185274,102.59,46.61142857142857,7.09,Mid
CXW,0.6038847269616262,29.649999618530273,40.4956999623318,21.035227584717383,1.5767626316883825,0.6211229279317015,2.713324081475079,0.438445741769831,1,0.0,52.36382843236972,0.1893982667422171,4.000121379239057,-2.6416476204419155,0.0,1.5177638107739508,32.85,46.24400000000001,2.93,Mid
SON,0.550570006036545,50.459999084472656,7.465042405705602,2.038338262846457,1.0503582241266627,0.6741286181175921,2.080854649406523,1.1494213770693513,0,41.566327003875045,7.172142569946581,-0.02055092789513452,3.1708281124509963,-11.92604210208865,1.4443635218538264,1.074228249303164,72.79,46.19885714285715,4.99,Mid
BELFB,0.5925986109498,304.3299865722656,73.69571973900986,7.639602858752497,0.8559931989050419,0.23633612495626397,0.25302124838908124,1.554227541626525,0,0.0,13.247487861568318,-5.422425287285657,5.3144840926628145,-2.3550635413140575,-2.7920195463527313,1.1625256137152271,80.08,46.19428571428571,4.33,Mid
LFUS,0.5856766382367032,489.1000061035156,83.55863485400823,4.027089522108526,1.0308192991406688,0.08670242191878842,0.3608636493212834,2.222448370786709,0,0.0,9.823305045873706,-5.172217626458997,4.784369919428763,-2.291388028218619,-2.63577374935771,1.2912026351977268,156.84,46.14971428571429,12.37,Large
DSGN,0.650673957364895,13.699999809265137,42.83767235356475,24.404085070071154,0.9701798154351279,0.33876954249551405,0.2919705285182279,0.0,1,11.225680690358633,28.037383674735434,4.813811767297266,5.031281959961252,-20.57971124944386,-0.16013177044502078,0.7851951236974691,12.23,46.097142857142856,0.86,Small
MGTX,0.5880560835460494,11.479999542236328,29.76376684374358,17.334418685191874,1.2388335135931516,0.44442889094224897,2.787462205841898,2.61323387627918,0,0.0,21.09704742999629,-12.223391730948356,5.416252035102622,-3.1223698505593167,-1.4989227767266984,1.0268265849357168,10.3,46.06742857142857,1.06,Small
BELFA,0.5867282933624487,270.5199890136719,78.55226777730722,7.224107418280671,2.115483545260437,1.4578882694023878,0.17744011748503036,6.158505500462941,0,0.37838701303887695,1.78725973448333,-3.7441745486348608,5.9810762611849295,-2.0600277388267663,0.31921072483136076,1.334819403760675,30.47,46.02628571428571,3.44,Mid
OPY,0.6243708781273802,111.25,42.75857240440111,11.976728730130674,1.6614185154773768,0.4275032920053765,0.17528062455951995,-0.880901893864975,0,8.595322712925913,3.3249762161266556,5.113344798825936,3.9495976970054176,-6.134984232743992,-7.9133908356764895,1.0134155987639586,9.77,45.85028571428572,1.19,Small
MRX,0.6038593711454546,65.30000305175781,58.28574895791612,13.071639989056496,0.8367489356848926,0.20392987204888227,2.0214389481080905,1.896476949035813,0,0.0,52.11701010312798,2.7731902939301634,4.749333341834547,-1.981386431077756,-2.9611769757080544,1.2315705304087665,64.58,45.81028571428571,4.7,Mid
EVC,0.6159908730750269,9.869999885559082,209.5758544346058,6.788850255402472,0.5701899453820947,-0.01864229585379626,0.8105362170773498,2.228979428139649,0,1.2196039466801694,29.048329129732526,4.421056434734241,6.420403707168148,-1.9385633506321776,-9.968850024306986,1.1234133740914942,29.12,45.78742857142857,0.91,Small
RSI,0.6097540550974563,30.520000457763672,47.25129424509979,11.165748599212296,2.580902321551001,0.8249637920261854,1.3269946697546053,0.3440351921953461,0,0.0,4.915779641202265,7.518246330463628,4.023590002543548,-1.421184236776818,-5.885101531073971,1.3211370248930414,74.99,45.55199999999999,3.14,Mid
WT,0.6120588440494309,18.65999984741211,46.89267904868093,1.6561336984407309,1.0923450678496398,-0.8078749494847742,1.982855531828335,0.2947497621789185,0,12.887257976990005,34.363425817743654,0.6777949220020358,4.2566211588835445,-5.994964791580311,-3.8485725707862413,1.053333833690651,59.28,45.53371428571429,2.85,Mid
PWR,0.5916010957227011,740.1400146484375,66.96170229704464,4.295385605961719,1.1909314465617649,0.30648469633942765,0.349929171379718,0.39925109186852636,0,11.212137080786697,5.395516503863802,0.7225443737451985,4.103567409613018,-6.162914149160174,-0.9208647517498783,1.2243552745167279,858.54,45.53142857142857,111.07,Mega
CMBT,0.5621433154653591,15.270000457763672,54.617522384407515,1.6415725951988536,0.8252580084478119,-0.04660729887451829,0.720364462164215,-0.5239088079690098,0,8.961617107349323,-4.147589578989525,9.848477121877318,3.7070815789527214,-10.15187402020074,-2.630406012788683,1.1296219736873458,25.08,45.501714285714286,4.43,Mid
KALU,0.5999609898790846,185.02999877929688,56.55342248311914,1.039996224407364,1.0043265631532343,-0.2082982782556799,0.1783504476193231,1.0079393864069979,0,5.401545222568755,73.67187013202445,-7.474311039254325,4.687463368644811,-5.219753292509149,-1.4221418741973286,1.136394628444639,47.58,45.46628571428572,3.02,Mid
FTNT,0.5846775039017524,145.38999938964844,71.36710106987549,2.287917418821949,1.2842368961847834,-0.3290366116081941,1.9499324064578933,1.2380514886181297,0,5.571455269218969,0.45602410114576547,-6.57345439937989,4.24474196382009,-3.118549814173197,-2.1572003282282712,1.3505805941496858,952.94,45.39542857142857,106.52,Mega
FORM,0.6163005153999273,156.66000366210938,179.23743410728224,19.044816566581517,0.7274439763108937,-0.5150227053349133,0.3702296805137045,1.8204964122347602,1,0.0,15.250505483083943,2.6640653610021365,7.694096225459727,-1.527432730971295,-5.459651959162882,1.1139598801285593,306.03,45.349714285714285,12.21,Large
ATKR,0.5723657215293281,81.94999694824219,18.014131474955207,0.7239311896615654,0.7983032261531897,0.4682836630496083,0.4758992119182061,1.061617022055966,0,10.03024960488863,19.089353685241154,-8.703068031991707,3.830385113869034,-9.10604079447976,1.2675053829514427,1.0879191335691902,42.12,45.30628571428571,2.77,Mid
TECX,0.6281557481672815,30.34000015258789,57.42373545951316,3.107849113038194,0.597235732469138,-0.5366834817922459,2.175345563846546,0.5273561193215367,0,16.454225776288844,44.133022573844435,-9.291723618173986,5.984555523378241,-15.792391949290266,4.535219814881187,1.1101598796022694,6.05,45.23428571428572,0.57,Small
EFXT,0.6391845367462118,25.81999969482422,53.39796618008603,3.1006047337779172,0.8336087585581105,-0.4937566448695365,0.30983704356508107,-0.5809435332973004,0,17.235674194898724,18.89846700638339,8.348659113988727,4.141306759874111,-11.325813043035913,-11.622399837705895,0.8323544662594262,14.36,45.18857142857142,3.15,Mid
KLIC,0.593626533779981,124.22000122070312,162.2267590761151,14.223713043293667,1.605051596652161,2.300047839104127,0.7325680436041193,4.25285614012355,0,0.0,87.99439449310765,-0.7913808633544007,6.2294956010494476,-0.735175142580401,-3.7239548761343992,1.409725484445938,108.56,45.04914285714286,6.5,Mid
BIOA,0.6228429046749017,21.469999313354492,62.76296625036253,22.531668358884687,1.4044345733823564,-0.2976719318187041,1.4438816170979276,1.1644155006230208,1,6.580479700399056,13.59788225693145,-3.285550489225522,6.333754978933309,-10.54166952725038,4.496914576693243,1.1351427424947838,9.09,45.00228571428571,0.95,Small
BWXT,0.5527885619509457,210.0,13.460765704813138,7.820586527056579,1.1739065623853997,-0.16481796917818337,2.1476164318164104,0.3333318801137401,0,27.63031940898697,2.2395356573435437,3.278688154026753,3.6251685732886902,-13.042282512293138,-0.2214620836653807,0.9883206090083687,209.8,45.0,19.24,Large
ATEN,0.6192963874167472,33.77000045776367,75.94529624991912,7.498131797470481,1.4697549150275198,0.4252801548724432,1.8359458793666361,0.4145673312009274,1,0.0,57.70011158408952,-6.388985071489241,4.5306480558801265,-1.8028465916558287,-7.368415920403054,1.270982714526681,38.69,44.87314285714286,2.43,Mid
ST,0.5961532022966812,51.70000076293945,45.44017789306412,2.55800043614168,0.7188248918304322,-0.3757022061829413,0.03868560438711273,0.44488076118950504,0,3.7350174022994502,44.51709539477836,-4.066583106544028,4.625587574311624,-4.063831233015409,0.07753825577972155,1.2242729323174606,120.97,44.87199999999999,7.52,Mid
BE,0.609573477518398,345.8500061035156,337.54103796078,22.122177625357594,1.080486467742349,0.08110085378009389,1.1739186025536232,0.4366082807495097,1,0.0,183.85589009913838,7.431468273312175,7.67401230643896,-1.1602976525651676,-31.180909981242788,1.1072698726415955,3754.41,44.864000000000004,98.37,Large
CTRN,0.6310265279421537,63.59000015258789,36.40402409089827,29.982421490413135,1.8308062905554705,2.472474642283432,1.3209626522394275,0.0,1,0.0,53.11823265392671,-20.35050712071828,5.914001522639499,-1.3037407241908308,-10.333407397808076,1.0260593749139564,8.42,44.798857142857145,0.53,Small
ALOT,0.5847176255609333,28.420000076293945,258.26222160921725,62.45570036185795,5.75191829647802,0.5246910413390697,0.2463043442429289,0.0,0,13.030076237108823,0.2469125004580359,-10.155144917423883,5.81331103842784,-0.9065558790313158,-11.226253878994411,1.3270224721724608,3.7,44.77485714285714,0.22,Micro
NPKI,0.567223671688891,15.319999694824219,12.359233592912467,2.7084989975141283,1.4813057223588233,1.4305694476537374,1.69712946503977,1.1749305161574342,0,15.154619462749578,6.167701807099295,4.911591208038009,4.205521070084499,-7.151517000631916,4.3912166273719935,1.1314792187526213,13.37,44.60685714285715,1.29,Small
ALGM,0.5946719752061755,61.58000183105469,129.88988936193684,21.240165748062687,1.5026108117639567,0.8584095148079598,0.0,5.602469406136977,1,0.0,62.137974124913256,-7.091718377559012,7.231011726782233,-0.15402903474579224,-3.241493106614426,1.3144095107960436,150.86,44.46171428571429,11.47,Large
LPG,0.6350494893002788,39.9900016784668,55.00808587068511,-5.291948851700456,1.4956228412478278,1.58750861536714,1.9254728950455824,0.525128971376068,0,24.37057148342044,-16.198657469272472,12.240891089006642,4.489334867025175,-16.895256512281435,-0.8302355203354481,1.0606529908725397,24.72,44.354285714285716,1.71,Small
MRVI,0.606983865796631,5.25,39.944231384517906,7.066381488046683,1.2509500165342753,-0.4443685806415053,0.8571352275850621,3.0476161406025373,0,0.0,8.247424807222982,-7.14286094257937,5.0462567076391105,-1.4084471725343104,-9.646308706037967,1.1181397444210213,14.13,44.16571428571429,0.77,Small
ORKA,0.6251206393726632,85.37999725341797,189.05579419162686,33.13789104298635,1.1022437589171872,2.6784485173530572,4.036198252340576,2.488873352464347,1,0.0,25.37444811487002,0.2726185911624294,6.015636914746077,-6.175827193978322,-5.45597689292479,1.0674916843325155,151.44,44.15085714285715,5.15,Mid
AVBP,0.6233031565770641,32.70000076293945,35.24250805554321,8.654119943253704,1.1624844532872265,0.7814832744411642,4.159023176083008,1.4373125679600223,0,1.239080880517795,39.564662128153046,-12.11111280608356,5.442551702104048,-3.9929552421513135,-8.660552698220025,0.8902762481207906,16.32,44.10742857142858,1.52,Small
TVTX,0.6190743636490327,55.11000061035156,50.824474254217634,13.449919707439406,1.0478584173644032,-0.20413725151850565,1.1068782500175016,0.19960190370403402,0,2.4775213578130444,89.3163842458361,-5.4537294034765535,4.535086334557441,-2.9924321806279295,-25.76335955350162,1.0804793091912244,146.36,44.10171428571429,5.12,Mid
RILY,0.6510540923707199,9.329999923706055,85.8796277067823,0.4684208128971098,0.8849606830301441,-0.18866252425385277,1.6077129661391636,0.7502646879863091,0,27.91808423187467,-1.789474487116322,8.169290709544391,6.2318156092962615,-16.99288154925089,-2.393614744298307,0.8376203950697474,8.75,44.08685714285715,0.38,Small
FGMC,0.5847216249027879,14.890000343322754,36.812920059798685,42.10727730838404,2.2966391796545054,1.2175046273745156,0.0,2.397578166705338,1,0.0,61.84783316744043,-0.3872213179533548,5.84524707186628,0.0,-0.1978284712253585,3.867674736040829,2.69,44.07028571428571,0.15,Micro
CPIX,0.6471004621574551,5.570000171661377,31.397790230998336,-3.003915486445259,0.029983558813495535,-0.1130806285069465,2.6929912725407115,0.3590660737261265,0,2.299366272222534,42.82051371869016,-11.615242101347802,5.706591013235393,-15.733735865187388,0.6430862249101964,0.7991242773553188,6.73,44.06171428571428,0.08,Micro
ATRO,0.593626533779981,81.8499984741211,91.13463081423482,14.778775287288193,1.3454923013821478,-0.5647921437016312,0.8430084963483307,1.9059318473444518,0,0.0,28.05350194717638,-8.899730609478656,5.664172728802976,-2.3036528208086735,-1.4365098108726542,1.4454023806325533,57.86,43.96000000000001,3.52,Mid
FTAI,0.6290156110471162,272.04998779296875,55.89308462900628,8.072566199178235,0.8498273204648543,-0.714621984477227,3.1244257972315346,0.6653180076466363,0,33.40737139817341,-10.735429312898061,-5.63174115307129,5.888361234425875,-15.622069367412427,0.4937704575910703,1.014038828084449,344.73,43.85028571428571,27.91,Large
KRNT,0.6170664788469276,16.90999984741211,13.655235996729909,5.8694625633583195,0.869241635974449,-0.29029433801041293,1.301001273368732,0.5322303571536806,0,2.515043739338457,20.184791854905036,-12.169673381619617,3.9503265953882996,-23.345420412397168,0.312111044338397,0.8948015361258442,4.58,43.83428571428572,0.78,Small
IPGP,0.6183690924202091,118.0,46.02744250296909,2.2180445716199593,0.7157616282414612,-0.6924777957597907,0.08474446959342907,1.3728836835324598,0,45.42029898059992,29.898728265890046,4.978426955752326,7.244552538412247,-24.271598990034036,2.950633743332837,0.9674768906044038,66.58,43.784,5.01,Mid
LSCC,0.5916260680808704,155.27000427246094,104.28305268727966,6.510907348976364,0.8786234660526157,0.2179036007752318,0.4121848213008825,2.453788532061606,0,0.0,46.799668336920035,-5.547180042275271,6.412332230223251,-0.8746138422605805,-5.2591930470304655,1.2908050865027154,346.38,43.72457142857143,21.27,Large
INTC,0.6130978585406862,140.94000244140625,279.1671482182977,19.98365732826162,1.0570038858573512,0.08908832176614913,0.36185220519230643,2.1250142367574996,1,0.0,212.71356421922607,3.2236284344236137,7.324290928300674,-0.36054755591047744,-10.985091777530243,1.2365389600117762,19709.69,43.68914285714286,708.36,Mega
CVLG,0.6056182738016189,43.33000183105469,80.79927781212577,2.0969261676227786,0.9445897687387492,-0.9841462383599784,2.5617280145904426,0.3000255310837816,0,7.8419134768184895,27.236270967303504,-6.234945102080174,4.2073464085868455,-7.9651653654923855,-1.0031179669368542,1.2699627445582111,8.49,43.65714285714286,1.09,Small
MTSI,0.6240955555928358,396.260009765625,123.6447529274739,5.050936178672089,1.1018888522284132,0.05650936790432347,0.38989120074623695,1.9027932062492297,0,2.0714835139150196,100.58719495985005,4.15560442930116,5.889441790907892,-5.404627467337696,-5.534700392482907,1.0756905858965051,576.21,43.648,30.23,Large
ESP,0.6547763041856741,67.0999984741211,46.515611670728106,14.857559233499234,1.1454548480326305,3.775692379804518,4.277054589676644,-1.0152040988004267,1,21.98388849817786,-4.41947388886041,-0.6251104223720092,4.410733870877697,-9.877922410865224,-13.0252082713181,0.8820887146242081,2.42,43.42285714285714,0.2,Micro
STRZ,0.6310671284174574,27.329999923706055,121.60039233033373,3.798935262527596,0.6110431969567529,-0.4937228961869942,1.6465380784140642,1.2440547146893104,0,4.576012715322824,148.45454474746828,-7.692308367766968,5.993674852659535,-6.372047195126545,-20.44818686531043,0.9623293452375316,4.51,43.395428571428575,0.46,Small
POWI,0.5959734133092894,87.3499984741211,131.8568347238218,7.474765585214326,0.7869850147944955,-0.03459691986190248,2.167822401292871,0.274754285013396,0,0.0,4.133937046297351,-19.47776399342723,6.679908419314326,-4.199009602612679,-2.7686030669739323,1.13487708163259,111.91,43.216,4.87,Mid
DRS,0.604365937811168,44.9900016784668,26.982684380534483,-3.7863112967978494,1.1854669813577512,-0.8535881027182769,0.38897361753248305,1.5336795191122732,0,34.80416183111034,3.081855698289778,-9.450054223291465,4.227923677422777,-11.069378250879362,4.585983507954466,1.2608029897251811,43.14,43.21485714285714,12.0,Large
LXRX,0.648108371692679,2.1500000953674316,75.16666291910718,7.6076119532026905,1.1010864032243326,0.17106397182921435,0.0,0.4651158146528684,0,12.12517529552958,85.34484106719813,2.242150307901634,5.581394134915888,-15.019758109459627,-4.545457005873763,0.8682168920833099,5.27,43.20914285714286,0.96,Small
BW,0.6401681010997854,17.760000228881836,270.96876564736584,2.4635099972084227,0.7783193915420608,-0.7823911408765152,1.0135152187268797,2.0270304374537593,0,20.006660868833993,50.50847407885271,10.175268059049545,8.231982808701234,-19.382661481977625,-2.2752488178362618,0.8087092707476488,60.09,43.16571428571429,2.64,Mid
ILPT,0.6308735234130076,8.369999885559082,43.26798697460112,-3.7737484650407707,1.1051930511922685,0.04118361219052688,0.11947704919201671,0.35843114757605016,0,26.977461904832563,-6.688967263560393,-3.3410132675536155,4.02201934573709,-8.724102333605893,-10.301957911057194,1.0143210237983975,4.33,42.976000000000006,0.56,Small
LINC,0.5974850040800191,49.33000183105469,99.654629621426,3.2602467899415926,0.9472481453322669,-0.41480968422512227,0.7095042795917036,1.1149386106512504,0,9.55273904338546,9.403419081890183,1.110163228135345,4.755147394170021,-7.79438910068667,-2.6838915787334843,1.1649358525305489,24.8,42.87657142857143,1.56,Small
INTT,0.6358368368378916,18.510000228881836,139.02313635329347,7.930030488644532,0.5284222774077373,0.02874247347426512,0.27012013203452057,2.9173468872009356,0,17.406790145345514,-2.0634888756581375,3.771427699282258,7.470864576526434,-7.44999885521832,-7.899804536066925,0.819365397429215,6.87,42.858285714285714,0.23,Micro
AAON,0.6243652284335642,136.16000366210938,73.84961645757917,0.47467918606268306,0.7272675622850135,-0.6898431078414894,1.7332553957553773,1.316249825448887,0,11.74115957637767,5.419621953945166,-5.899238904944655,6.307276802383906,-9.441151747714347,-0.7822023541936167,1.0447138519617027,158.46,42.84342857142857,11.15,Large
ENS,0.5892497625888339,232.94000244140625,54.87249427856617,1.2041337811343735,1.3036172839395865,0.30143920322636225,0.06439164373300828,0.7426786766548605,0,9.211935876006686,46.61935571210091,4.579132329677112,4.287832558253609,-4.539752323171661,-2.284365109946438,1.2830866060698862,99.1,42.78628571428571,8.51,Mid
LQDA,0.5949545861302374,75.48999786376953,110.04380685924005,16.859390497463313,2.264168543829221,0.7528099523547116,1.5498818802932757,1.6293593743862387,1,0.0,6.2192179370517335,0.177506225888274,6.841965064004807,-1.5262271620564487,-2.6785759900849877,1.3206809616867858,143.22,42.76342857142857,6.71,Mid
BSTZ,0.5947495335437846,31.020000457763672,37.705797350464444,2.961834526826679,0.842070124944768,-0.12271430088941625,0.7414617865357951,0.6769857792247719,0,2.1326257250927463,41.43000592805426,-7.117688412793596,3.8298259315070164,-2.6976120627829827,-5.790338445566304,1.3142160737859017,6.66,42.714285714285715,2.13,Mid
PNTG,0.6080589797566538,33.630001068115234,2.636810761828756,2.508614616188999,1.1473707385226402,-0.288347811077123,1.843588796237517,1.8138470896883183,0,23.53484704751814,7.926833224387819,0.9829434838919009,4.572022125405483,-10.415556078717875,3.946952942687857,0.9579856841873332,8.33,42.57485714285714,1.17,Small
FLR,0.5626228682520406,54.41999816894531,21.39661299559783,10.649109531777926,1.2005451615510352,-0.720608491344072,0.6799021665281381,1.4514846476738972,1,0.0,25.65226608893445,-2.623902590076959,4.713327804054935,-5.3565249234802135,2.425104206410361,1.2434770411140683,154.1,41.99314285714286,7.6,Mid
MPTI,0.5916439409925337,95.45999908447266,65.87623714026086,3.504357479233987,1.9596476129388458,2.2275333237299675,2.6188979928247833,4.64854393726399,0,12.319612151967556,23.877500789757235,-14.393458842042422,6.404813517521639,-6.411765603395319,3.8675641766622872,1.4306432482141371,9.08,41.95885714285714,0.41,Small
SNEX,0.6092042466289107,138.7899932861328,105.68113175294067,14.293002664526888,2.0793794238979677,0.5370586352727127,0.9662104494770332,0.850200110133334,0,2.0864504212990473,99.14384973001785,-0.8272552217710409,4.815136635298401,-2.2337157963958743,-11.83533561308244,1.366053106614429,105.38,41.93028571428571,11.0,Large
MU,0.6092042466289107,1211.3800048828125,425.8025608278549,22.60416301522838,1.0017047356615596,0.29274528867690947,0.1799644787059694,2.2800438347863126,1,0.0,40.204394762858655,-27.41110498700337,7.588277613127403,-0.17964118837776416,-8.474294890524666,1.5018022567729599,60283.07,41.802285714285716,1366.11,Mega
ONTO,0.6092042466289107,347.8699951171875,123.9902638540223,20.90384859908801,1.0894568650282477,0.1480605182085104,0.43263428980161983,2.730905261539562,0,0.0,40.22492443937045,1.227776562543088,6.745746006781444,-0.430770628352971,-8.175407609997338,1.3819239244743156,407.56,41.76228571428572,17.3,Large
VIAV,0.6289179512304665,52.939998626708984,197.0782766884721,5.284089323804631,2.0540395477077813,0.6488972247542393,0.292789191560371,0.056665621598965314,0,10.217329263491932,12.232352515629454,0.8574891238505744,9.108021785218046,-12.394508754787047,3.696775313450102,1.2226673971976922,394.75,41.59657142857143,13.06,Large
COHU,0.6013544475460044,70.06999969482422,192.99481971330013,22.35561104391806,0.9383401006351874,-0.21578581063542232,0.7278357486083025,1.883830027906912,0,0.0,21.670428041245312,-15.553117714444294,6.469040708899532,-1.198531438317646,-11.214681454156086,1.3916267129979778,107.17,41.50514285714286,3.31,Mid
CLYM,0.6170565053920127,12.180000305175781,174.79837148588862,8.859347772917248,1.1054848654986704,1.1878426974771557,2.4072211150594605,0.7389174903571776,0,1.415943854674196,9.384823122765528,-0.45829689669647916,8.387989332449472,-2.403840128528969,-9.565211003099519,1.110014131758743,12.39,41.473142857142854,0.7,Small
TWN,0.6115200362025448,101.0199966430664,86.94919666059246,3.3992127492778397,1.0000350052286344,1.1334127017114193,3.6725393067913643,0.0,0,1.2777086995669509,0.7379316641105972,-9.873674504582315,5.071130236997071,-3.87287071711319,-8.867609778037941,1.1873875821436897,5.02,41.47085714285714,0.58,Small
BHP,0.5677424039069332,85.77999877929688,36.33750609011723,-2.589145404988625,1.1355767844157274,-0.06938870403296217,0.746093959837455,0.21566514481723537,0,12.238422372973332,21.198868184932365,-4.673888752705173,3.558522536712857,-8.579348709985561,-2.900424402920116,1.2293706482628324,229.7,41.461714285714294,217.91,Mega
UCTT,0.6092042466289107,123.13999938964844,399.8013253173583,27.049306111946454,1.1649379794465602,-0.2099099606237398,0.001623275440213541,3.9142437215167485,0,0.0,102.93341919794901,-6.192600831866092,7.463050878745202,-1.4880004882693458,-5.02885919682128,1.4120263525369086,135.47,41.27542857142858,5.52,Mid
CNC,0.5985025485906971,63.68000030517578,52.038279397192674,3.067922174519873,1.1583361165326842,-0.46702119515656104,0.6516974144660869,-0.2512560405823245,0,3.054908087965418,74.9450484477383,-3.1677306592089742,4.2012532636003215,-4.3125508864467275,-3.861520086183484,1.3099691613626476,385.01,41.251428571428576,31.44,Large
CASY,0.5904874080275897,831.6699829101562,38.37755378407961,2.2546107111062845,1.0110498088557232,-0.18982988313149998,1.0148259062883431,0.13346464034653935,0,17.94319870913383,9.741554778745991,6.990782492462215,4.331473905498894,-10.36589914387182,2.838844859552052,1.5040279818279352,420.08,41.18628571428571,30.83,Large
EC,0.6147240160203622,16.25,70.63864785650263,4.2100878931098835,1.534908847341363,3.8980411731182025,4.184617262362678,3.0153832066954473,0,2.38401567780626,0.0,-5.4112555449059085,4.760439107706259,-8.450704224876016,1.0783588425993094,1.486012470643766,50.35,41.104,33.41,Large
ENTG,0.5980412522825702,184.0,104.93397075199684,26.682937441266024,1.343462800463894,0.7609118700015988,1.597827413799061,1.3967348181607175,1,0.0,37.985035268297736,-5.6320830586829755,7.087734471196713,-1.5726984075075243,-2.4805797444308224,1.5004792943895249,582.58,41.077714285714286,28.02,Large
TRVI,0.5938526443120812,17.709999084472656,34.45290016357858,22.467320273084646,1.6349130182266831,1.26121426753302,2.258619686813105,1.411631919309768,1,0.0,16.283648172121584,0.14123943717130896,4.6220866275114245,-2.208732812676884,-9.3233064153544,1.1790850032920333,27.9,40.73485714285714,2.51,Mid
FCFS,0.5606727696109411,228.88999938964844,31.17101011436365,2.7103426547020875,1.2126297709862177,0.16313977769431798,0.4980555693491839,2.040280563317661,0,5.083077105745517,4.803116202506859,2.8108014717961107,3.9772700487968304,-2.8210000412610547,-4.0874798027224495,1.3269459858090529,88.14,40.731428571428566,10.03,Large
AXGN,0.6017523354263539,44.95000076293945,31.408605076642495,7.196090576720593,1.554000073977356,-0.6389593133786243,1.5127926443135962,1.9577331549707195,0,0.0,40.468752382921146,4.429924401294202,4.786269602091014,-1.9201419003647933,-13.173829235870235,1.1512847437647658,50.02,40.57142857142858,2.39,Mid
POWL,0.6033156295064439,307.79998779296875,179.4590658114396,5.550845012722406,1.074913367247561,0.4165696091759792,1.796620857242683,1.8226073989702822,0,3.3918551539172697,75.26303817675064,-5.048943094250743,7.079037357760616,-6.126240700086333,-0.8665142092235789,1.2364247575229814,202.24,40.504,11.21,Large
MCHP,0.6192963874167472,102.70999908447266,50.475012015098145,8.106684580711457,1.057758808135698,0.07050201701796173,1.2851715573726648,0.8665167924963201,1,0.0,36.60479216495361,-4.406820142664116,5.557950879823161,-2.5347010033244963,-7.933159136137517,1.171002955647794,1162.08,40.50285714285714,55.68,Large
ASX,0.6125314333086409,43.619998931884766,183.93893532902717,15.042261984258587,1.2857214582855043,1.5180025545064861,1.925722542727119,1.5359885037507564,1,0.0,28.181018208382753,-17.493870070685745,5.988407712664912,-1.889339113509702,-12.60709964751717,1.431818475693149,417.23,40.41371428571428,95.7,Large
STM,0.595003420859159,79.91000366210938,201.86107419707443,7.911390473177263,0.9744950646317143,0.11214486767672682,1.313848319492772,1.0637042479676824,0,0.0,60.75237403587567,-5.55893038814297,6.830890386867856,-1.8545744789679006,-6.2084832473358995,1.4093169365743379,1023.26,40.330285714285715,71.02,Large
SYNA,0.623388016408348,143.7899932861328,82.94198223086404,3.937310920937835,0.6495304348912705,-0.7998152754596309,2.114200352489976,1.6952442218053192,0,1.9831138777139323,57.19907222764494,-3.7406460210923504,6.656413767963279,-3.5678407232289584,-7.175672376381072,1.117242636050715,130.72,40.25828571428572,5.56,Mid
FCX,0.6001440027326826,69.20999908447266,33.62047856852119,3.5891738009947325,0.9626264219510904,-1.2202743548012747,1.011421162962638,0.22396533844766725,0,5.471663082109074,6.498384648905876,-5.456584233978966,4.918778057182617,-4.247370983162058,-2.9802210365535733,1.1482785896103436,999.68,40.224000000000004,99.49,Large
ESEA,0.6129235452204307,68.91000366210938,17.493824095536013,3.3763001497016387,1.0272531014788695,0.022540992273197325,1.7479295123887029,0.0,0,19.24514799689077,3.523645338268204,14.98732094492431,3.84917209567414,-11.447582457802616,-8.027006664653252,0.927618708177128,4.89,40.17942857142857,0.49,Small
SSRM,0.6075037458345922,30.719999313354492,27.214648391681685,5.7359685819064605,1.3831159013390137,-0.6185279526729164,1.2369826712127294,0.17903745574005053,0,31.14215167453626,15.532151699552829,-3.2066093002394247,5.9163407636290035,-15.881711586937724,6.7644424996585215,1.150532971365057,90.41,40.00228571428572,6.37,Mid
WULF,0.6057808219799905,28.309999465942383,132.8946598033883,8.407204884713854,0.9007427524614176,-1.0464900511331678,0.1766133451147925,0.9890455124304396,0,0.8584487114006876,70.03003071384491,-11.518321905521258,7.448151315031583,-5.127348119204163,-1.4713545411412066,1.1930493195107192,839.73,39.94285714285714,14.03,Large
ARWR,0.5543520283408945,82.0,14.753332928151819,7.766408828014903,1.1953369885225715,-0.35299047689924967,1.4365870777978387,0.3902435302686784,0,0.0,27.092381069646482,-3.1374142412321575,5.014111189892068,-3.0148239393464413,-2.6423069776129946,1.0905371105020665,144.15,39.87771428571428,11.55,Large
BBGI,0.620230870503581,24.940000534057617,372.48197507368855,28.094506918996093,0.1686257803657094,-0.12504860555403402,0.20047809137078418,0.0,1,0.0,339.8589099660196,-1.567822365538489,11.920035825115253,-5.422829956812108,-27.0417370070659,0.9895716399464848,5.72,39.52685714285714,0.05,Micro
ELVN,0.5915167577850017,45.959999084472656,175.10150086627158,15.04092277537852,2.0948158985802583,0.5113570515718423,5.5700640213898485,0.0,0,5.469380130100613,97.67741541288551,6.343195988431597,7.492851355359405,-5.29569288979178,0.5483658678608828,1.4355653974440072,53.04,39.434285714285714,3.21,Mid
PACK,0.5901885911041641,7.269999980926514,24.60787919858909,3.7015905232997985,0.9998569239099903,-0.3729563150838192,1.513062681577844,1.3755145100573836,0,4.159018945713304,42.82907195595982,-11.650490079477272,4.937119383524231,-6.914212109349925,0.26109636187589,1.1561800431875167,4.56,39.376,0.62,Small
MXL,0.6344731465613589,96.44000244140625,456.1724672993358,9.641994572845046,0.5492155770838294,0.18272675150907053,2.644023409017609,2.4906681526481327,0,9.10224502696852,59.880641460086935,6.762313622477745,10.072131274043306,-9.258558948830972,-17.69153327474689,0.914575107851108,534.5,39.28571428571429,8.64,Mid
LION,0.6134367067034181,15.210000038146973,67.99736269394904,6.37479472588494,1.4807033477250748,-0.6832612879124256,1.1176862317975345,0.8547016049068256,0,6.826506475049045,-7.029343088206547,-11.154148342106549,4.558092967382395,-8.92215962055439,-4.041347157764916,1.1863980984088947,63.63,39.12114285714286,4.42,Mid
CADL,0.6256530378200152,9.149999618530273,54.57375843898748,8.857289957293322,1.4140878429101347,0.5497385785438067,2.185800778751512,0.2185738242728164,0,1.5616038945972095,10.10829309742967,-4.665830647654616,7.181888927386594,-4.3887156702544985,-7.499992547857201,1.0361565053966784,19.77,39.08342857142857,0.67,Small
SLGL,0.6435067503389232,73.80000305175781,67.55399368962756,-0.6675976808793948,0.9091610525201684,0.06819678140400709,2.994578581375914,0.16260534094591328,0,55.89759148618371,-0.9395932191044182,-8.124730273802133,6.673829573983547,-24.67081542057894,-4.582064989626313,0.8092932906703943,2.68,39.06400000000001,0.24,Micro
AIP,0.6013544475460044,44.5,181.93950934442287,16.547065900920664,1.0967865728608395,1.2007251971560124,0.7191004377910737,3.099102920291137,0,0.0,25.17581140580561,-0.1392736349136689,6.925858425673091,-1.7660027605218958,-10.020455241493298,1.4037493293911265,44.83,39.04114285714286,2.05,Mid
IMOS,0.6115200362025448,70.29000091552734,141.50742960765925,14.59734533765952,1.1185419526144686,2.068865004786617,3.7277010622769153,0.0,0,0.0,0.04269680954219438,-43.1832129055617,6.097208886455902,-3.593737279532347,-25.497697258044305,1.1951497280119596,7.45,38.903999999999996,2.44,Mid
VIR,0.6420821482930917,9.569999694824219,44.07331961253289,7.112874456339637,1.7943303980200636,-0.2311818511554642,0.6269636522860064,1.3584129422453621,0,16.56147947866945,0.8429918401167542,-5.647843232632624,4.889534216280985,-17.924529843561814,-5.086470028787426,1.011638061799623,17.4,38.72571428571428,1.61,Small
AVR,0.6204370837042629,9.59000015258789,90.53081710532457,3.168200863136851,1.076397485345292,-0.05838571033530121,1.5641252985189404,2.2940590563650853,0,5.4140393244190035,58.25082908510285,4.222223493318841,6.1507503213341135,-5.424064813200927,-8.166965344660015,1.1408942196279395,9.82,38.63314285714286,0.93,Small
VSXY,0.5961532022966812,80.56999969482422,39.9712882939955,13.202245905096168,0.7451662324245227,-1.0079290799054228,0.18306948619772778,1.5017985466560304,0,0.9589976694688872,52.855247758920996,-8.803166824954015,7.558422685070446,-3.9918953136021935,-0.13581624675868398,1.1587602054316932,188.16,38.629714285714286,6.4,Mid
SKYT,0.6164873479291829,37.33000183105469,139.76000399243145,0.46154053526109523,0.8466654951536774,-0.6404641731404982,1.4733437183715088,0.4955836169612986,0,3.9328177881085487,15.394137841346383,-5.351350114007607,5.079407625470118,-6.511391069834188,-14.421380337553009,1.2119605998359004,42.54,38.568,1.84,Small
AMD,0.6096288728569316,551.6300048828125,166.6564483202911,8.811453662321323,0.8273317282629884,-0.8216629677617552,2.059337638604148,1.7747252516203336,0,0.0,175.55322351450292,-14.793474007351618,6.643556514718596,-2.017784640045713,-17.587901657855273,1.3504601381817198,21073.96,38.54285714285714,899.49,Mega
SMTC,0.613966866121982,174.72999572753906,148.49614551125077,8.618687680919301,1.6831001393380614,0.343065769382585,0.5494229596151632,2.5296161374674515,0,0.0,10.427858462631551,-4.101545456126811,8.176696859011797,-1.477310564304431,-15.542519975138019,1.2520698825514234,604.61,38.495999999999995,16.28,Large
SEI,0.6175483365049722,82.16999816894531,91.2465934099384,11.131974509091195,0.9974362472312435,-0.6787421327947919,1.5577446851703232,3.10040142292748,0,1.0289455706598913,30.2639310902441,5.297567415423004,7.117875481179513,-4.6641189912335586,-10.04754072663735,1.0951107042909043,192.69,38.38057142857143,4.8,Mid
HTLD,0.597049514421361,14.6899995803833,48.205627327499336,-4.11853288449254,1.4033014143336369,-0.17373660155043302,0.03403753971003944,0.34036241310660836,0,15.317048219849033,32.84825382378672,-4.971989155279385,4.1257433208921634,-11.718749282893741,-1.796943460833142,1.2961497645731983,8.32,38.242285714285714,1.14,Small
ALTO,0.6365843636241277,5.21999979019165,88.21012901116434,-2.621027673212193,1.270474995545092,0.005890934561068353,1.1494333719695797,0.5747166859847899,0,23.75789396421248,29.85074165821409,-19.51754117233436,7.115490551596608,-13.00000349463916,-1.4373752216005873,1.0971429441595728,11.12,38.235428571428564,0.4,Small
FNKO,0.6420821482930917,5.300000190734863,64.28987012502267,-0.7490598325783786,0.816111187324923,-0.3829712616663398,1.3207579080947847,1.226416129603617,0,8.234164061854992,1.1450462256880072,-10.077519306256058,5.54447334057526,-12.972084432339514,-11.20000203151854,1.0016191549935138,3.79,38.21371428571428,0.3,Small
DNTH,0.6181621162511104,87.37000274658203,99.09596561027014,4.114783580419636,1.5914833878157293,0.10829091771024801,1.1788929230923941,1.4364253672262044,0,12.434701518198299,14.3287160950799,-3.7710643605379506,7.104431362128497,-9.461137050076017,-1.3528232753809022,1.1497842372148135,66.14,38.197714285714284,4.78,Mid
BBCP,0.5975178269030889,11.260000228881836,51.39853586990699,18.62621415853145,1.1183059212426505,0.3423469318917629,0.0,2.1065699687617547,0,0.0,7.95781303299289,-5.1075283799367135,6.903197473181752,-6.010011192037061,2.5032945108788107,1.6525580146151324,3.31,38.151999999999994,0.57,Small
DRTS,0.6556200243170965,10.029999732971191,96.73403446416906,2.266062517932484,0.6387252185777827,0.0752590969500419,1.5952128779245782,0.6979032570373128,0,29.301664222011798,-2.998069777679179,1.1861324267936408,8.139152754410764,-13.683306093892933,-8.43537270094322,0.79312662594661,8.36,38.09257142857143,0.91,Small
DIOD,0.6159908730750269,122.76000213623047,133.7792388620035,12.830366079200026,1.0014344396189965,1.0670463662485354,0.8064498586948836,1.0997054827450743,0,0.0,57.38461812263669,-9.366559041669827,7.195805310448086,-2.563692183728708,-14.169395920340813,1.2288238815491335,84.36,38.06171428571429,5.64,Mid
BEAM,0.6075716682280703,35.529998779296875,26.99918467467466,14.542696559168036,1.1571670216946783,0.5002619990536972,3.7996125391566347,0.2392318812006051,1,0.0,5.461561969535218,-19.00975863458057,6.519642401606236,-3.660526707383706,-15.191796473370692,0.9567990462002599,75.11,37.97942857142858,3.66,Mid
PHVS,0.5926322203731739,33.0,25.19642951334571,6.48252756520529,0.6138895612623253,0.3038648189948038,2.5763656153042676,2.303025216697494,0,0.9945084034921985,10.626885968137268,1.2442732701739674,4.987056121165619,-4.097645607740901,-6.3169597747911,1.1084022253630625,11.19,37.819428571428574,2.31,Mid
IPSC,0.6442910864853372,2.299999952316284,233.03771028772786,2.7703285423873147,0.9822427979845849,-0.2679424998809312,4.782614597700283,0.8695644057590716,0,29.82278734481378,29.943501514214983,-7.929518422482051,7.208074251188313,-24.342105874312452,-7.964604753854868,1.0101284211189465,2.05,37.8,0.41,Small
ICHR,0.6092042466289107,99.61000061035156,484.67717128463244,28.301402472020698,1.1471398675490079,0.37772599875189666,0.4919163344666128,5.130007608662966,1,0.0,120.03534261521835,-9.491728378924872,7.6676169553994615,-2.0068872453365523,-15.341426120276513,1.3758688391267115,107.94,37.66057142857143,3.47,Mid
STX,0.6096288728569316,1094.0400390625,283.96873036656524,18.466259139720524,1.4495000718111226,0.4249506542396229,3.1031726408236584,1.8317464029611115,0,0.0,147.43153540226015,-8.555630622156261,6.288683539785815,-4.450651610258122,-6.198456222585744,1.4672718974110173,4517.93,37.43085714285715,247.53,Mega
KNX,0.6106298768896102,75.4000015258789,32.23033095187853,-2.100069586105531,1.3296736845265376,-0.24972479470171205,1.485404634624894,1.3262599200923302,0,13.437929207830143,11.116309295967449,-7.658358711484424,3.8629981416530375,-9.00313665149872,-4.908682633903357,1.2024490385660105,327.36,37.36342857142858,12.25,Large
INNV,0.6194210028294057,9.210000038146973,44.84277967264614,14.702037967959008,1.6031167141948044,0.3164201649189775,2.9858807531095715,0.0,0,8.542454207987477,18.38046002045088,-2.9850782959987625,5.0449814904789,-13.844710946609917,1.4134262518259566,1.386646487268303,2.76,37.08,1.25,Small
DNLI,0.5904723000704905,24.049999237060547,31.27973044563579,15.09379418318878,1.0871531787438056,-0.2864876797169755,0.9563470140197344,1.0602876043465743,0,0.0,7.03159756082727,-9.015553094092501,5.130085372859535,-2.418245044130917,-7.361317270486402,1.2423896107991315,42.27,37.01485714285714,3.82,Mid
RCUS,0.5770676528573649,27.229999542236328,10.427358378476793,12.800330127228724,1.328992097856512,2.2745640611331015,0.11017512724475861,1.101723254105099,1,0.0,25.83179440847659,-6.158354677879931,5.729762046021049,-5.188021611036215,-1.3316127868797565,1.0299639401548595,33.07,36.995428571428576,3.42,Mid
IMMX,0.6314186636248796,9.399999618530273,57.27487209155815,9.53476426154095,2.2859044948750005,0.41531964558992346,2.5531993032620304,0.0,0,19.68447710787452,7.798157461010967,-3.80622745979321,7.677051383249577,-19.03531527398095,-2.1538465448762483,0.9827856887831616,11.82,36.97828571428572,0.67,Small
TPC,0.6055251188183053,81.5,11.85683339946413,10.034022744396957,1.0997964900158215,0.298030082367605,0.13497007404934086,0.11043431568595326,1,31.112765437768473,8.307756198424398,4.5272429406351575,3.8808068719273803,-18.43643729200961,-3.546013445845704,1.0023912425057904,42.77,36.848000000000006,4.3,Mid
ON,0.6019071454516632,131.5500030517578,134.88179324342525,8.000051737170171,1.0309410355389368,0.30879746956155846,0.6632440428327752,0.15963442006796202,0,1.6755620114938004,28.128962109270372,-10.044705843282548,7.215751268868904,-2.49777287496154,-16.703172431095744,1.2854750218082651,1643.92,36.814857142857136,51.15,Large
ILMN,0.6114933869031373,161.3800048828125,12.770184525080275,0.5163502157944377,1.1222635787446429,-0.13434110558977824,1.109179100237071,1.4933719105068106,0,11.464098716715107,34.79786438104141,-12.518127910980843,4.253491667274501,-8.938040982222265,-7.317864628186898,0.9833782185480988,284.02,36.62057142857143,24.42,Large
VCYT,0.5584968956771188,53.189998626708984,14.22292166785839,9.782146146570229,1.6557485567127332,-0.12350418122535159,1.8800526899789325,1.559880600445205,0,3.495804597024267,-0.8204408589125337,-2.5448142527133517,4.476097016975921,-2.796057309639293,-5.358846498664061,1.1783156306050935,60.98,36.584,4.24,Mid
CORZ,0.6145848802579513,29.079999923706055,102.50637497790198,5.492272871464759,0.8284005663353061,-0.5445987093654263,2.9573611161563833,1.7881721427443507,0,1.1544878943535573,18.06740119523526,-8.17889086028893,6.151994397889549,-4.530529225868451,-8.120139204177615,1.2754386952486039,423.07,36.57257142857143,9.24,Mid
TWST,0.6170244957198213,85.16999816894531,153.28947957945684,16.79682693163959,1.53185953483738,1.0171998613230724,1.5850634062799351,1.3150113200104805,0,2.2800769269067023,-2.7295562542949967,-13.64718316287172,6.468574083164151,-5.0607523819076,-15.13103883376125,1.2144775275424273,143.89,36.424,5.3,Mid
VVX,0.6244460094622496,82.0,38.1187192420386,-2.1923229697049953,1.1089337493633342,-0.7058721696276832,1.8313431158075064,0.2195125672848611,0,13.920700722765583,17.009129362626656,-15.779935543087662,3.9372553808763886,-10.675384232967524,-2.793213264175034,1.3188255478952093,45.09,36.40457142857143,2.57,Mid
FTK,0.6147938214815744,24.329999923706055,48.27591999147567,7.327186769019639,0.914052454820675,-0.5687739446157634,1.1919478685770997,1.2330424907067539,0,2.1572302973245536,32.51633504665234,2.825133484067955,7.11643525174051,-4.737670119026026,-7.171059999132947,1.0817152239635655,6.95,36.4,0.88,Small
ABSI,0.6193213780482888,8.399999618530273,135.99772071000638,27.99999418286131,1.3056842675762148,1.973386630870057,2.0226184307877793,0.0,1,0.0,73.1958718138303,-32.612962619303495,9.681888212302704,-1.9825196234891045,-9.491524297252333,1.291785548617824,43.28,36.38514285714285,1.31,Small
STRL,0.581585961884778,932.75,217.1412486318454,8.995215866212236,1.095945704606645,0.2735720695834778,0.42133397756923474,0.5322933069211662,0,2.7719788832740733,15.725806451593394,-17.317416076118914,7.77179571809669,-7.251809045307363,-1.2510070660792267,1.3324986994771275,604.28,36.308571428571426,28.62,Large
MEI,0.6342472550512083,13.9399995803833,100.4425144980263,16.956116901765732,0.873915884391595,0.42499289317365,2.9411823055861266,1.5667145486686345,0,2.2213462404817106,0.5046841773376864,-7.05009506156883,7.413611036109513,-10.353701546623197,-5.0595248934874615,1.082762365299785,12.11,36.04685714285715,0.49,Small
ORA,0.5908112164223215,129.5500030517578,7.477749408901069,-5.358856846011624,0.9972725464256719,-0.3837921306983582,0.9378589805172225,1.3122381610013631,0,21.549747323805903,20.622397716529395,-2.502233882971431,3.8575861755593093,-11.503515546135308,1.1421600765714006,1.1998626401263115,122.82,36.016,7.96,Mid
SCCO,0.6136726155371625,189.91000366210938,26.2763476353701,1.2650830939301563,1.1211624085594847,-0.7108310831054058,0.826703193695248,1.342742879559619,0,30.409556246638857,-6.076719663933432,-6.799915289487175,5.085491204396467,-13.879775620620292,-0.10634848294560752,1.1571866498383105,266.77,35.85942857142857,158.45,Mega
GKOS,0.6153958720627041,131.19000244140625,4.906450464802226,9.416638914735277,0.7969754149176621,-0.9768492054183484,0.4802232419265932,1.112894798906758,0,14.488599059190657,9.11586024982793,25.66352630237691,4.8729766855716825,-11.423940381544039,-1.8166645908429306,0.8060694356883122,129.94,35.81942857142857,7.71,Mid
CCCC,0.6281557481672815,4.119999885559082,89.18573785954094,5.397797251252734,0.8670523699455921,0.21165376901385174,5.825237323455504,0.485436443621292,0,6.411815866118214,45.58303873407405,-24.147724687412047,8.971914588211586,-10.395827724502448,-2.4735043647977375,1.0909149297676426,11.04,35.76685714285715,0.46,Small
QUIK,0.6410768147531866,21.934999465942383,263.809425121153,2.580288388281658,0.6765526477461423,0.3169129589480195,0.41030387405993474,4.946428588283431,0,5.867932688057458,39.71337408934625,-2.7763979365215437,9.384871013876348,-9.843816133068103,-14.81480925361348,1.0451192486361707,12.72,35.63428571428571,0.39,Small
SNDK,0.6096288728569316,2273.72998046875,987.5332254379607,26.553298990765516,0.7366835730076737,-1.0433894150035543,2.68611276169464,0.9871474868241775,1,0.0,294.5735324018749,-9.903775754839815,7.59971532565168,-3.4259369004092948,-7.9735033872529195,1.504903873966192,30855.02,35.61714285714286,336.72,Mega
NBN,0.5781712014812498,128.00999450683594,15.325865783924385,2.845293365990031,1.246919119214441,0.12660184161758922,0.7732979643085838,1.4959776561900564,0,3.7365904890507458,4.96924781483679,-1.1829091980371547,4.624355219625031,-10.0484880169923,2.858975516899405,1.4030211824928844,16.74,35.59771428571429,1.1,Small
TECK,0.6322481618516087,63.540000915527344,32.256207484250645,-2.077830318647897,1.010447378852648,-0.49386768959185345,0.11803708192888102,1.3692145409750394,0,12.40329637146178,40.27190970837945,-5.015879129238178,4.577431126092075,-10.698470357813282,-5.85436997071486,1.1090037443995224,200.07,35.529142857142865,31.13,Large
ATLC,0.6142859099902458,99.5199966430664,36.880569724365685,12.157956016848507,1.739007627146492,0.7064953346055822,3.808280791128133,4.069529299571927,0,1.7291507268553936,17.427724652380093,-5.648818252441396,5.388723326509874,-4.3720602143331995,-5.748577711835469,1.2337114178982391,10.05,35.436571428571426,1.5,Small
DFTX,0.6187854614368712,36.66999816894531,190.51843752708282,50.65734686076399,2.3004089330174233,9.708448001378404,1.1453454865169383,4.199610520003402,1,0.0,58.196711326942605,-6.799121154065967,6.952940002443166,-6.358533422128611,-4.855270795639031,1.3103415999006178,85.54,35.42171428571429,4.0,Mid
SLDB,0.6016675763177098,8.300000190734863,42.48522221155524,17.058038134311264,3.1576983036529715,0.41640177298445474,2.530120883082516,2.228920666784111,0,12.915060962700348,-0.3601408552503681,-12.923079268594767,6.695352045911227,-6.383938342827511,-3.5802462735761633,1.1084936625391189,12.34,35.418285714285716,0.82,Small
NXPI,0.582289673022847,323.239990234375,33.76293627076989,3.435638274626699,1.1438747489335352,0.4400902229990482,1.3179092607084202,1.2374706474552557,0,3.8897515450070768,11.75107700406482,-7.3384998537993695,5.093739442769195,-4.915435026497546,-3.918898055288437,1.2536170802017084,1298.55,35.01828571428571,81.61,Large
RFIL,0.6086365094236308,21.5,258.89977199333015,19.517481409807388,2.4158850986620655,2.8337221004975253,1.7725567484186455,1.7669766447443047,1,0.0,198.19694707718338,0.9518480989630855,9.864118012082933,-1.7416844039797474,-19.896645027798815,1.5877166605588682,5.78,34.99314285714286,0.23,Micro
SENEA,0.6015450050144159,156.4600067138672,28.407269560542293,4.3094533221820654,1.2944803410080208,0.7752527915742378,1.5994420779859237,1.035405245852878,0,18.268253737842937,-10.7829098076762,-2.378067931961352,6.2970213262891175,-13.762876574877156,19.748508972737895,1.4269910234601122,22.56,34.990857142857145,1.06,Small
AMN,0.6336241900485166,30.34000015258789,74.91782225785906,1.1367051425876855,1.0867164737796144,-0.7698826041300205,0.9228763521031031,1.1206333252034724,0,8.08334588278855,55.19182269082157,-12.943468787798047,5.4995763473179995,-8.421372850869798,-10.60032999447007,1.1861673000923043,32.62,34.744,1.18,Small
PDFS,0.6217245358303665,64.94999694824219,124.22028841477413,15.084071637445803,0.8521695844498824,-0.03643571218643482,2.5250301710169727,1.801382946730013,0,2.876541348075942,41.04234098566651,-9.533422667883542,6.941605317986098,-4.70951663930816,-10.313900984032538,1.2643756301569757,52.17,34.63771428571429,2.72,Mid
ELMD,0.5569250210023727,38.400001525878906,17.285764392269897,2.4587460827919587,0.9988605750868852,-0.39160916062890366,0.9114543234486717,1.458078564841186,0,2.762244829212423,52.01900703647989,2.2291357426453517,5.232496422657087,-3.9999961852027344,-4.014746203696014,1.1612744392032663,2.18,34.504000000000005,0.32,Small
TTI,0.593350271273051,10.34000015258789,6.516770010824557,1.1642715679094118,0.899527882776112,-0.9069364510833002,0.048357005480149554,2.6112137338379826,0,34.84952046632294,14.128031716846918,0.7759541621394598,5.799253509397579,-17.54385818008093,1.4976971181489875,1.022800508521418,16.85,34.47314285714286,1.53,Small
SWBI,0.5893076570064169,16.450000762939453,47.10609935931163,9.886444081522274,3.074880070676505,2.7060094307366667,0.7902684178080811,9.483278987816858,0,0.0,2.301000254763136,0.5878520582317877,5.167172018787722,-6.32117731605038,-2.4154616078269484,1.6639774088297206,10.87,34.459428571428575,0.74,Small
MBX,0.5921928670763015,43.90999984741211,46.72997968987058,28.832556120885855,1.3116276839435088,-0.038000768695715094,4.78250622038441,0.0,1,0.0,11.958180725689743,1.0066108617395022,7.0395620235561065,-4.564222018440345,-1.0955587451425655,1.3680484116986478,30.62,34.376,2.09,Mid
ZD,0.6209252239589091,45.31999969482422,14.97935892675657,-0.6674045953567871,1.2974337565980374,-0.10396491446238036,2.669900910401254,0.2868430147627444,0,16.331056694659672,9.257473950994862,-8.029718063331202,4.550181486712735,-10.346191139600476,-5.259597903227176,1.0466160591686415,26.57,34.36114285714285,1.67,Small
AOSL,0.6361189857630869,49.36000061035156,134.39468007645428,7.2111217347703285,0.9782149421755063,0.12055761083155746,1.8782437677699226,2.552678526387011,0,4.780753754060876,2.7477095537899863,-15.954993010044575,11.100659605222557,-9.164518822526201,-23.506127894227973,1.0213331538083228,56.2,34.33142857142857,1.48,Small
HLIT,0.6303243599159544,14.960000038146973,33.17137397757504,-0.4160426016783619,0.8216236941215775,0.10777119357573016,2.005348863301002,0.8689847199247109,0,31.48210240302428,-11.479287716322576,-18.97637703477884,5.60064820711278,-15.384616628534154,-5.46956356596506,1.0410957833987933,46.6,34.30857142857143,1.62,Small
SNDA,0.5913096200639177,36.560001373291016,5.464782684859681,4.0898586651511355,1.4375611465356986,-0.13030978173752916,0.0,2.2975933288081842,0,24.179323175812847,1.6685269857549916,6.949205284643611,4.227883435603397,-7.816435920246759,-8.650306216965992,0.9703108595325951,24.23,34.29600000000001,1.73,Small
TX,0.5944678892877907,46.630001068115234,12.981664490762746,-4.067313525921854,1.0630024797709023,0.3396843387729944,1.972762096773121,2.0606891078623257,0,34.246254086387,-8.996878335776696,-7.652834289276774,3.8832766473532114,-9.85887979731853,-2.2793385667108144,1.1963038828461134,19.96,34.25942857142857,9.15,Mid
SIMO,0.6121360298963561,336.8999938964844,289.06102867125287,18.330100056929368,0.9774155092145989,0.3863979193469159,5.372516008125335,0.8370458222913632,1,0.0,55.213376689659654,-5.070010571285181,7.965697208914249,-5.098593268581589,-7.874012335234787,1.3113450881691935,372.12,34.13028571428571,11.42,Large
CAMT,0.6181621162511104,195.72000122070312,78.02682968244154,9.722974319809769,0.9309548616954941,-0.21605710695913513,1.8291445987676125,0.7510735803838318,0,5.481418676413212,12.076960286362326,-6.893335560490257,7.603063817453544,-9.384695475184209,-2.334151325234821,1.1689777193531539,90.01,34.056000000000004,9.01,Mid
ERO,0.6062983390810287,30.450000762939453,10.205328850262351,4.475821555964908,1.0637373083868735,-0.4962081663440863,0.31198460089037355,0.6568169389877484,0,43.14360081101924,-19.931628344633488,-13.922160614370485,6.3251227114613355,-23.49053763507575,4.2504850060718,1.1073603281066342,39.42,33.94857142857143,3.18,Mid
PLSE,0.6412426998482271,25.709999084472656,68.50464985135541,1.3771244017800084,0.8626455434887736,-0.4163152205659996,2.02256116787455,0.8556955316221774,0,9.242016815397083,23.903610044499374,2.190921273948574,7.295382509842393,-9.88433765931878,-6.545455734111072,1.0809997867745846,8.27,33.940571428571424,1.78,Small
ODFL,0.6136726155371625,219.52000427246094,29.547838635868118,-5.082641503582368,1.2665684625930038,-0.34833319241386523,0.8108594864454772,0.7880880797419318,0,17.748302590833028,5.545803761232978,-8.406752684850483,4.594209529298996,-12.899255907696928,-1.9427218160156288,1.2351349443710744,439.06,33.83314285714285,45.65,Large
NVMI,0.5882579594499612,583.0999755859375,81.96322817528998,9.760202213597937,1.3012187245698623,0.0887533797272365,0.5196414720863313,3.277298082060552,0,1.167135188779018,22.561788216072653,-1.1742168322767137,6.827670443338925,-5.339374855080023,-4.076259852284641,1.3418490903877354,230.58,33.74057142857143,18.55,Large
KYMR,0.5628115761149437,99.44999694824219,9.387169730117883,22.24840883663351,2.084708987063679,6.682513194852884,5.580697055818365,1.1047701170036306,1,0.0,30.958643337766784,-1.004835073130722,4.965596761362198,-5.285717192099957,1.3852308020558082,1.3487608731004261,60.08,33.63771428571428,8.18,Mid
SEPN,0.5724180507375878,34.849998474121094,19.47189728072709,8.410775208797705,0.9481885027746895,1.0096317230909213,2.2381710993501858,0.487799645290291,0,4.4750146591114826,40.072345857131346,-8.16619154847255,5.557286638163369,-6.6184384802647696,-0.6443811836378953,1.2240975274213872,12.1,33.58057142857143,1.57,Small
DOCN,0.6183758846305484,166.24000549316406,266.8889438516744,-1.4911987077955686,0.7732408514639161,-0.3395176072364322,2.965890310917609,6.10563571933337,0,9.3841686395126,85.99240389431425,1.5156356569316212,9.31559675745498,-11.338663736918694,-1.4454538977665086,1.3133953423927067,629.5,33.48342857142857,17.35,Large
LPTH,0.6606172590524673,14.8100004196167,103.47175943659039,-5.641742016001042,0.82986044621449,0.0714475274604502,2.2282235944211624,6.060094616186379,0,20.1881631462385,5.861334252004656,-18.907562041769598,11.844071687126906,-21.80570220574365,-22.69737058625248,0.8931807141514914,56.84,33.45142857142858,0.93,Small
STLD,0.6136726155371625,250.97999572753906,34.38062201079723,-5.438120214632038,1.6287301779813612,0.07584946598301306,1.0040657882497472,0.40640859423879266,0,12.513195619358303,0.42815095424194705,-12.211006731216385,4.359198550082369,-13.077507717602524,-3.0263157894577564,1.2725157004187948,302.46,33.34285714285714,36.19,Large
VPG,0.5959954187423022,140.9199981689453,258.56492794553543,8.618489319298666,1.0288516115443596,0.1288479507258253,0.9934021870066728,4.293218230432908,0,4.3320412378246225,41.485944103850024,-20.444056570252823,8.7866438755221,-5.034032786156805,-4.3672588783809845,1.594619368896828,72.79,33.098285714285716,1.87,Small
ABX,0.6113137545106515,9.5600004196167,3.390854311488445,4.167807234900211,1.1253709498007949,-0.7060777776199142,1.1506239731959154,0.004179806704950353,0,16.16458842212458,7.657660994771476,-0.11147463666371672,4.257321954663448,-9.25485943829764,-9.925548328933413,0.9118580657419207,4.94,33.06285714285714,0.92,Small
FLEX,0.6130436075510587,155.80999755859375,136.1178479313956,4.575029793926554,2.9421752358645237,0.3129515237140239,0.2888113441309015,1.8933296928612564,0,2.8795813249446667,5.5551770979476505,-15.037758719409023,6.463916076840716,-6.622319915661127,-6.545788418632529,1.4881841162020766,1125.33,33.04228571428571,57.09,Large
ADEA,0.5905886957323617,31.809999465942383,137.34739328919014,4.898678223800717,0.8341974906785087,0.5587476368670099,1.0374093971582663,3.6780889528458935,0,10.879780840601716,0.09210037896741545,-1.5167416300334655,8.207606460562626,-7.19474437002579,-3.067258167014154,1.2958902095281217,66.86,33.03657142857143,3.51,Mid
CRDO,0.6154122224051037,302.5199890136719,113.75249686389,27.48795327906459,1.0000449121244737,0.6252320009274372,2.032891235974406,1.1668646395216133,1,0.0,210.91467576896176,-22.048709614769425,9.710572327105204,-1.9923881518488777,-47.252841865958224,1.369966892377015,2522.3,33.01028571428572,56.41,Large
GHM,0.6147240160203622,107.91000366210938,64.27474322260127,4.064808894038838,1.3385137313488285,0.5990323653154535,-0.35214274906736603,2.4520467364687026,0,6.081545217245292,13.1844008883093,-8.119192852499376,7.599983981069785,-9.349796007833108,0.8825425684878506,1.4350690695797899,24.72,32.969142857142856,1.26,Small
PDEX,0.5680801715218764,64.4000015258789,37.664761867579365,-0.0737010935089985,2.1794762813214117,4.115791366780993,0.8229794514456138,4.7826114255124255,0,14.993705521157153,3.3376152779314903,-3.449921756306809,5.5035468814012845,-6.653133033701042,-3.4008248054394494,1.2938155117781196,2.77,32.88342857142857,0.21,Micro
XMTR,0.6402582635849539,91.55999755859375,42.924554638813525,4.14427082570877,0.7722082870831459,-0.5054786912306144,1.28854777519576,2.4683208465192155,0,4.994378852235992,106.03060393099284,-9.667397381502294,5.931300283510842,-8.311639295958818,-15.534223385177452,1.1029619958042225,80.81,32.86514285714286,5.06,Mid
STK,0.6072473709471516,54.38999938964844,48.55851815111829,1.134250018026549,0.8477700831581952,0.36083463813025113,1.6286071297718836,0.14708221594717716,0,8.058914047043306,9.480674427224493,-6.554550679143059,4.850655196530905,-6.962024903342183,-10.251439296625037,1.3053471069379152,3.79,32.84457142857143,0.96,Small
AMKR,0.6047051009632206,93.55000305175781,129.6166824019353,22.881178390437597,1.508580805866277,1.1684346702259785,2.319613146053598,3.890966617708872,0,0.0,8.087810228883582,-5.553865309780546,7.850931788604829,-3.2374816337459493,-14.073274455718545,1.4269793651835156,520.28,32.616,23.19,Large
WEST,0.6090792072333113,9.050000190734863,103.68633381409549,7.802265767939143,1.0914727105336468,0.5015565630462753,1.5469545489766443,3.0928237006879984,0,5.308668214367459,9.696972007732043,6.410258689526806,6.5902920834149326,-7.70015390989201,-5.894308075143986,1.3278252746165806,6.83,32.56114285714286,0.88,Small
AMLX,0.6106123063612365,16.280000686645508,25.362621375141426,14.627710761547116,1.3109516795425462,0.0669205970083659,0.6142412155853294,1.1056529334939098,1,16.880577632193678,-1.6314112558634748,-3.0150758583094994,5.9990338064476045,-12.496634843702815,-2.3672047033058474,1.1075097721875642,19.5,32.33714285714285,1.81,Small
BKD,0.5961816273985154,13.989999771118164,20.816759515345275,7.7314019667166765,1.1773632409007715,-0.6189617501522268,0.03574063275457026,0.35739951071702536,0,40.85639601170411,-6.421405018933892,3.811660870565169,4.102421059030172,-18.139264795845598,-2.6143765046001195,1.2369881502795774,50.97,32.168,3.34,Mid
COHR,0.6175436478622811,425.4800109863281,137.84636750664274,10.008108505691284,1.0525222099426144,0.5215400312748154,3.323301627742155,3.532480584556652,0,1.163858939888293,67.75618136436178,4.37301555006697,9.899239819931989,-3.2999975030997444,-15.42386054159002,1.3359092539888737,2656.84,32.14514285714286,83.24,Large
ACMR,0.6046076322039812,103.16999816894531,164.36108319599742,15.900184905156028,1.2052248711369957,0.8038106866898173,0.8432710691231492,1.405444386897924,0,1.6718860632316601,80.87306541408522,-20.910744498209738,10.043340252282285,-7.396109166355348,-1.9586930913687413,1.610683798871624,167.1,31.99085714285715,7.13,Mid
UTI,0.6342472550512083,40.02000045776367,40.20405447157389,-0.9528510497706344,0.8770294042795355,-0.29971991155543254,1.649175012109679,1.4242870771866745,0,13.08759585329739,0.125091907761559,-2.2131185984655586,6.046976633216099,-12.505467885172594,-6.36852500233552,1.1108309433564034,44.14,31.75771428571429,2.2,Mid
AGL,0.6125314333086409,113.11000061035156,561.4839727434462,13.903910571429313,0.6795763167650591,-0.45008421047027064,3.456815171935356,1.237646835985878,0,2.92516813414082,86.46554713816478,-14.53394455589102,8.847765727434439,-4.524352625202503,-55.947582134783346,1.3665683116351677,49.01,31.735999999999994,1.89,Small
OBT,0.5874988448655535,36.130001068115234,11.39690090631893,3.396621148701895,1.8724602510632224,0.7927212500933264,6.1718801387293425,0.774701325451201,0,4.0441972990539465,6.153266444964849,-0.38246348231446203,3.9935370544065916,-9.900020433644151,-1.0666022760182094,1.3412850715973215,2.11,31.688,0.48,Small
OSS,0.6402447091040243,18.190000534057617,156.4992141315879,2.719035949582149,0.761525019737341,-0.6173825075342378,1.8691596623793814,2.9686690469667614,0,2.9433770220659907,18.6562336881838,-10.11508208989224,9.357575998883004,-12.883135702584916,-24.64879085229666,1.0907837641554714,32.45,31.56342857142857,0.45,Small
RXO,0.6441951732604999,25.81999969482422,74.09925108909499,-3.4369282553722713,0.849227200389516,-1.0161681986593532,0.9682416845281049,-1.7350889213840166,0,9.900883741158156,98.76828444019272,-5.00820723619351,5.723414689763208,-13.529808549272095,-12.304805028532046,1.199035867341157,63.69,31.37485714285714,4.26,Mid
BRKR,0.5946296771104327,56.529998779296875,15.692405241229812,2.0332635737301694,0.9015679234592163,0.05022001255450275,0.21228153046388773,0.38916930966313396,0,10.625544321880206,50.932765303027985,-30.924855466130758,5.432008618279622,-12.410911097739502,-2.527643749389191,1.1012062679578618,143.76,31.35542857142857,8.61,Mid
WDC,0.6206966998442247,732.6199951171875,329.1831925676808,26.92843591146791,1.7528843869189572,0.9597049701876144,0.7862206606435558,0.8217110604903488,0,1.582850991294362,192.9951358865766,-9.199113513231385,7.28407274019728,-8.407616288952463,-7.046883094264446,1.5784917677950536,5731.97,31.31771428571429,252.52,Mega
ALMS,0.6374876137692687,24.600000381469727,120.72431198719428,14.6666068854704,1.253221755287325,-0.11745145901088985,1.1788577384956787,3.333332040956231,0,31.337291167180425,51.57117113242005,2.5710405630895807,6.281939574155072,-19.607842892176265,-8.979945152112041,1.213533544601003,28.16,31.300571428571423,3.14,Mid
ELVA,0.6456668774999036,10.34000015258789,52.07701088681049,-2.9016792671523275,0.7201805078546166,-0.23099599572736143,1.3539684839770045,4.642171071381353,0,32.48003340274986,-3.45471413825085,-13.385054359523064,8.151423715305322,-19.092328882428763,-16.686965639788554,0.978530314992693,4.58,30.83314285714286,0.51,Small
MAAS,0.6316119889164291,17.850000381469727,318.3306102467034,37.28657374443974,0.6937891072747291,-0.14257780019318803,2.8918823990282054,1.3445365040656525,0,3.804528804528804,72.63056206315365,-9.585252766749653,8.635533344048271,-14.552413101264086,-27.42760076028154,1.1427035758559891,4.38,30.756571428571434,7.89,Mid
CIFR,0.6211899330528095,28.139999389648438,83.7625870950584,13.854523367113899,0.9713673737411394,-0.9527922166121189,3.287133109775209,0.941717822980845,0,1.2120479143874867,27.330311781215123,-9.897765405944469,9.413138985044945,-6.635700200513414,-5.990217026986814,1.215850702224315,720.2,30.697142857142858,11.51,Large
SITM,0.6234644860926624,753.1199951171875,99.70722324645386,7.015654222300906,1.1169196453081942,0.829045539345824,0.3186775586386951,3.1489041599203773,0,8.97954835960801,131.50128432319318,0.2233756963980725,6.974035745504663,-16.48795232297039,-15.704835312796387,1.143345268927423,393.13,30.694857142857146,19.88,Large
WS,0.59589901568623,40.220001220703125,1.116055124689952,-3.418668660068106,1.6793982458350647,-0.36644118327006314,1.2183034897631653,1.4918007722351636,0,33.137864339822556,27.95081686115549,-8.179481822508732,5.109568476437944,-17.496236817518284,6.360723809423112,1.2144968127192748,9.86,30.65485714285714,2.04,Mid
APLD,0.6404992306383822,45.20000076293945,93.66467793361639,0.7528619646579395,0.8404767897356595,-0.743514314904381,2.3119428125740473,1.2831898700263138,0,9.224217808700143,41.51534128600764,1.541028053721616,8.834702478876807,-10.892060871902178,-17.676967194105302,1.1011834896362998,1044.65,30.590857142857143,12.92,Large
NBIS,0.6090879238764075,283.6099853515625,264.1014435543784,17.347682178892658,1.1885520303208004,-0.2120029997070712,3.4554452590187004,1.978063411479885,0,1.9055650741458905,143.797800125551,-5.074343670128979,9.306541737974836,-5.419195889339469,-21.279244566117907,1.3503277809845324,5085.28,30.464000000000002,72.01,Large
MUSA,0.6102194129125083,551.3200073242188,23.178025147397108,-0.3792776249250108,1.2021982647462444,-0.39287981498796953,2.0822716963322647,0.3056296771758158,0,17.817959735642464,39.10774218780016,7.066906079985659,4.473224637836448,-13.321276958533012,-4.276244883837432,1.2322363556781026,182.27,30.43542857142857,10.18,Large
BBAR,0.564998900220947,20.989999771118164,13.61392385079505,12.21158787934184,1.303424132420722,0.571140040180622,4.2401114783748515,0.6669813776482464,0,2.47965108728249,20.414010507476323,-12.853622893543795,5.0724078575610205,-6.586558021347429,-2.479864457592397,1.234578429909473,14.54,30.43542857142857,4.29,Mid
CDNA,0.5928447578341653,25.049999237060547,16.7375765803615,8.858611414742114,1.5378756820944877,-0.038219948454228755,2.1956134177182616,0.5988008905899148,0,3.145227093532831,11.730593896965043,-5.795085848990485,5.487881629907611,-6.460050056619555,-34.33193144721818,1.0799336435665932,20.41,30.406857142857145,1.29,Small
AEHR,0.6316119889164291,113.33000183105469,415.57170666630424,8.243116678292047,0.5389600158663266,-0.674132651846132,0.9265005160008968,2.6736069269522047,0,2.7813263836650917,79.4331888917886,-1.1281475847286544,12.85184956866527,-10.495972695578805,-17.41213731821109,1.1644224538616104,311.31,30.210285714285718,3.56,Mid
SEZL,0.6291951149403547,156.47000122070312,111.29253930812769,23.248880902868137,1.314623985884501,-0.048460711916448025,1.6360948032245983,0.93947798889595,0,1.3883468079174799,84.73436464876173,-12.043627259420216,6.299702444629929,-16.209705141840605,-7.3133682063584935,1.3118242196430476,115.06,30.180571428571433,5.26,Mid
ACLS,0.6171501623740517,183.9199981689453,113.4642560556715,11.187012756331614,0.9590973230534605,-0.4209263176225508,0.22292500336506335,2.1313604871413525,0,1.9338771946266078,124.2653254199225,1.37695293446402,7.745215696266941,-5.088244747865127,-9.719146784910496,1.487241504668375,125.92,30.179428571428573,5.65,Mid
AAMI,0.6212439818431849,73.88999938964844,46.342855605548095,-2.369686640040887,2.421200983344802,1.0476784978525655,1.1909558271418008,0.6631450369609093,0,20.45902459112837,-1.6766495151431284,0.3582762444010365,5.088396855851031,-13.810805439784765,-7.355317492708211,1.2842337954449856,32.75,29.910857142857143,2.63,Mid
NOVT,0.592554777279041,155.66000366210938,18.1325118123016,-2.718577707283147,1.2274713242808348,0.41134557514881087,1.2334563303112285,0.732561055245519,0,18.20386647126356,-2.217475171265232,-2.8731900877588914,5.54644337971597,-9.42100777788732,-2.009401550564528,1.2248243554794376,74.24,29.70742857142857,5.54,Mid
KZIA,0.6497133978231721,14.0,41.88741251949675,10.860356096683551,0.667556935366172,-0.9093951682677521,1.9999980925085104,3.571428571173469,0,4.563195609086751,21.42237921958811,2.9612782158987483,8.2551012233812,-19.54022811997084,-19.999995805827357,0.9499378483725917,3.35,29.520000000000003,0.16,Micro
LODE,0.5923218249096335,4.480000019073486,17.689896921016214,8.408953439726567,1.2697023464349584,0.18736115995494806,1.7857125747232125,1.1160756810452674,0,3.6401663020137978,66.54274807106074,-9.78836313968917,8.211095535342992,-10.040160602100196,3.785492777656291,1.3440859873204438,6.41,29.476571428571425,0.34,Small
HBM,0.623395684282536,27.90999984741211,35.26738654782369,0.43777383256247265,0.824821411934316,-0.980097495301982,0.0537419911497809,1.534578501863778,0,10.469412271990619,3.7762001096719393,-17.865807712415688,6.198684791930016,-13.164902943504037,-6.178101634139634,1.1528113399280326,156.07,29.328,11.09,Large
JBL,0.6319783773027273,377.239990234375,62.710260753724214,1.8320778212067452,1.5848754558901832,0.5945539104119835,0.46416263529897833,3.7111654019672846,0,3.3050297034137928,45.87125487566024,-2.286690556583822,5.714647439379266,-12.0509181740427,-5.8289635794791,1.588299401781505,475.51,28.905142857142856,39.8,Large
ARCB,0.6103364318875045,145.60000610351562,71.6919357509856,-2.740107296527239,1.64095637650049,0.12285462287143813,1.1744551113821373,0.9409411528411146,0,12.574257196076111,0.740335801043831,-9.870587909112166,5.88058988990886,-17.59578691953706,-4.532129251709565,1.5721401298231357,54.73,28.740571428571428,3.24,Mid
INTG,0.6094946868991915,40.54999923706055,27.74901401556418,11.033527047607237,3.0928087080212925,1.443366227392734,5.055485266535841,1.331691555299697,0,8.802301115934693,1.0717854352267373,-3.442746353802878,7.30315439385736,-7.50456410584225,-9.529244579728859,1.11225979422522,2.29,27.97485714285714,0.09,Micro
ULCC,0.5934354695147237,7.139999866485596,28.623104683185897,17.661597788934067,0.8172752358292436,-0.44326911877775094,2.5980412941355047,0.1400525522446434,0,0.7478278964087968,78.49999664251489,-23.975410832305553,6.7622050351161755,-3.974181597367288,-10.443866925092195,1.30192412957289,40.75,27.885714285714286,1.64,Small
SILC,0.6327454612663926,44.959999084472656,202.83573576058913,1.3103171578991646,1.0405896360988462,0.1397526442668,0.0,0.9452830198074257,0,21.546605373591735,132.11149785851487,5.753038309115912,10.405280926787217,-14.4922070769815,-14.227268911928768,1.2174629550009024,6.95,27.733714285714285,0.26,Micro
FCEL,0.6338745274624551,24.389999389648438,196.94429477339966,17.488376262175972,1.132551965226694,1.0873992763670917,7.585077604303056,3.3620324530988768,0,9.219185561518666,-7.543593003605308,17.892340649484716,13.424704939091306,-11.917663707630236,-12.213735732514742,1.2210244179923615,252.6,27.704000000000008,1.65,Small
MRVL,0.6039041514844976,307.8599853515625,265.48766033079625,16.853756567189524,2.0604771329973013,0.62003259669768,0.23929525465735169,3.14428413445667,0,11.274318411502513,-0.8757812281189853,-7.504325017204702,12.34192005085782,-6.675160423562411,-11.26220117610707,1.719945807648751,13816.38,27.602285714285713,269.32,Mega
SVCO,0.6090879238764075,13.199999809265137,189.5799797959751,14.772627054829087,1.1480283959163289,0.08472452324640306,5.8333368850874665,0.6818193475874215,0,1.2848455987398806,162.42543254573388,-1.898737487853632,11.132576409723924,-6.647811252953963,-14.986367912509044,1.4433814139272432,6.8,27.568000000000005,0.44,Small
AYA,0.6363492581092708,19.739999771118164,25.67531176233018,3.4022162569425918,1.8649631472655883,0.2882396441531727,3.8834836068952425,0.0,0,20.368156533619597,-4.40677900328605,-22.950820219991357,7.398538900257108,-10.272728312632312,-10.232843795464325,1.0638187931208836,7.52,27.55885714285714,2.83,Mid
BWEN,0.6140464510602531,5.039999961853027,62.003225428785534,22.62773551013008,0.8217568888373348,0.0962610622219287,6.746034823290444,2.777775149155855,0,0.0,14.285717371798992,-1.1527366429884547,10.218254099657507,-6.666669020183455,-6.161143167895874,1.2713822044953376,5.13,27.436571428571426,0.12,Micro
MRNA,0.6312380941707006,59.345001220703125,82.72012827535661,17.56432394954363,1.7558903901180627,-0.17176867204517898,2.426493237444951,3.1089412464758492,0,3.334363945622011,14.41103227800401,0.14811616019639898,7.24095165195585,-12.392968567589085,-6.630268343893324,1.3574198577016294,434.25,27.306285714285718,23.55,Large
HUT,0.6362538813752318,121.04000091552734,189.60455474676877,0.8263366128979774,0.8463145519678402,-0.5401824680079014,1.3575708219671634,2.0153665736672965,0,5.43339964787854,11.107029743750967,-18.592057094308483,9.006492161947063,-14.03409212201962,-11.825922763199076,1.2900913946176868,568.72,27.19314285714286,13.63,Large
SANM,0.6339903455376557,253.4499969482422,65.60916702495632,-1.0685553807692305,2.5106814647907094,0.20280739521098987,0.4339709233504002,2.119078278814661,0,7.7172736444510255,4.952582377313812,-10.82523054693478,6.852010420201074,-12.203823133314302,-19.127189497377206,1.2193754221013384,277.61,27.13942857142857,13.58,Large
ARKO,0.6369403871895841,7.460000038146973,37.62502368991441,-4.248491171865246,1.3037155831447655,0.018689950316104095,2.6139433061407145,0.938340097775405,0,19.156418450356387,-0.4005304924422917,-3.3288947050263076,5.294907709729956,-14.791548363431708,-12.903225527280776,1.2672168194499998,7.05,27.118857142857145,0.84,Small
RAPP,0.6100908802570536,38.189998626708984,21.369118621833792,1.9732413109114104,0.8046592243554881,-0.3871369060394528,2.1995291510129134,0.68080212326732,0,13.945537247341628,-3.827752437092709,-7.629425555248924,6.137919183809724,-9.650103582034877,-15.546462609271186,1.1135917101865882,12.79,27.09714285714286,1.83,Small
TSHA,0.6189904834009695,6.53000020980835,8.24689631121509,12.917174793257386,1.399450247629302,0.21011803157003345,2.6033628479124173,0.535985394827066,0,7.270441367977906,8.833336828666937,-5.956677363154873,6.073067640428408,-10.547944667156525,-28.509711920353038,0.9550531246206956,17.66,26.920000000000005,1.88,Small
ATEX,0.6342614374314954,77.0199966430664,249.12857368008918,9.66042147000638,1.4689209945155435,0.23554693824012066,0.6232191350927214,2.09036702220578,0,8.988251248549336,123.63530694829743,-6.699994404999011,8.38177448596149,-12.596465907191773,-7.45473678011387,1.9122430718042744,32.2,26.898285714285713,1.46,Small
MRCY,0.6362675007953704,111.76000213623047,48.715667636249435,0.896022595356289,1.3794344030215366,-0.4508202845320184,1.1184681246382948,1.5031326869376032,0,8.513953653361195,44.91701005642731,-15.919464757748782,6.630911828583526,-8.520910361506232,-7.169001722132354,1.4434201213257123,70.67,26.888,6.71,Mid
TXG,0.6348622108180284,32.939998626708984,97.35297743471342,10.228046956208347,1.3316251391100948,1.7274512583812809,3.8403140326312144,0.6982378622288512,0,2.3944751851694153,97.36367628340085,-14.688006300765325,8.002646398774585,-9.975407243940664,-9.73912943922075,1.3452872592590917,98.86,26.803428571428572,4.18,Mid
ARM,0.6235539675642396,407.7200012207031,244.04883969810945,10.862316225756796,1.3669927568673639,0.08243974140935419,1.091438289438123,1.4029238701961053,0,8.727480008008575,-7.22249825955937,-18.46225917247921,10.285752587197278,-9.935942074960286,-8.368105621182472,1.6943949642615515,4865.36,26.78971428571429,433.84,Mega
NVEC,0.6089571347331095,110.69999694824219,48.411937091437096,5.009032845741043,1.7331442090775873,0.7382625538474547,2.023491919508492,2.1047825346630296,0,6.255787542587576,5.258152396618749,-11.854734093325915,7.858434114234555,-8.663366554701593,-4.85079376406713,1.2964217731067584,18.12,26.76342857142857,0.54,Small
VSH,0.6080863447835178,64.2699966430664,332.5937209693958,11.339424860097903,1.1939445145146375,1.1557158050280403,1.470359023134419,2.6762058438113434,0,2.43736115226704,9.8953606371615,-23.428982642883028,10.950800711425572,-7.4852518874178235,-23.06610033617248,1.8817974431789957,412.54,26.712000000000003,8.75,Mid
CHRN,0.6206966998442247,25.670000076293945,430.9162595139332,35.72854259020705,1.4944888554801001,-0.0395558943287799,9.563692700872222,1.4413670851993616,1,0.0,142.6276017011138,-15.471704721298376,12.459792323499745,-8.728888617311167,-29.67579831203017,1.3874929035866328,7.54,26.635428571428566,3.67,Mid
TITN,0.5893193502736587,20.850000381469727,16.438911840053237,-1.7876051061278306,1.3555925537681834,-0.18496999837906747,0.21582770008858365,1.9904120283674835,0,14.988934282818828,40.120969225220385,-16.68448558516255,6.817403618290604,-16.599998473457095,1.8705805175451746,1.4581137123427002,3.89,26.488,0.49,Small
HYLN,0.6245711093712747,7.369999885559082,306.96012477787986,4.472321248166357,1.2100170330440452,0.5467620126207065,0.5427403320043007,0.1356818480135206,0,14.840851312964235,23.038400115880584,-66.42857352121882,13.348516670399228,-13.19198958328893,-6.077349045404877,1.6747625179878922,31.54,26.13142857142857,1.31,Small
VECO,0.6312380941707006,77.45999908447266,153.30253457145778,16.114523455367372,1.2026943317260506,0.18856216137857548,0.9940571290438038,2.504521642539098,0,4.813340861396062,24.915338140438603,0.17319412176934815,8.50116116031692,-10.58524582658654,-10.087270013928705,1.7276893962901905,125.55,25.848000000000006,4.73,Mid
HPE,0.619792759579772,48.400001525878906,92.82474970686987,3.7376851219095166,1.224069842385097,0.10272918899585846,2.5413212880855984,0.6818219434795292,0,13.349259660895788,-13.550125585330559,-26.700026071806153,8.23998833229365,-24.44886256332047,-4.269028847459267,1.4075115859712772,1286.15,25.405714285714293,64.09,Large
QTTB,0.6296243715128836,12.649999618530273,327.4462094231252,7.24883119045253,0.44800332242538515,-0.016201941407268196,5.8498082770690125,0.36284858679179316,0,43.08831558597197,-1.5564261244092947,-100.9090943586504,12.222474034371606,-14.814819570890595,-16.260156531089198,1.3559300998104797,10.68,25.32114285714286,0.21,Micro
ZVRA,0.6245318400471306,12.649999618530273,44.190402180659326,6.468036566739818,0.9170177188750738,-0.15537232048531546,1.9762846444202748,1.3438741613199972,0,7.733299930438895,14.376122409088632,-10.486181176032686,6.3918700979873195,-11.352493252643892,-7.10607185995354,1.4665106342539163,20.92,25.30857142857143,0.75,Small
JBLU,0.6172385735805422,5.489999771118164,3.3044642956646886,7.352360856240361,1.1322480122777716,-0.296915743359889,3.2786855338825474,0.5464432462010257,0,18.408509654976253,15.578942546576307,-9.181627548960488,5.65963977662331,-15.53846505733002,-11.764714414219807,0.9744091090239652,147.12,25.237714285714286,2.04,Mid
PRE,0.6014158782363279,19.959999084472656,13.116259525854868,-0.20873627513486154,0.6181871329465922,-0.4741898002340303,0.0,1.8537021484838612,0,31.85989025437843,27.866749027480033,-32.53769020116907,7.444175102803256,-15.53110540195031,-2.690333366624355,1.094302251942775,4.61,24.942857142857143,0.34,Small
PENG,0.6282221576844346,67.94000244140625,233.60922498415695,9.792264104165508,1.057979159322449,2.0270611457820538,0.8095422902347673,0.9420067215790497,0,4.647281837616029,40.74995193017734,-14.382299242181984,11.813574697349285,-12.22222079826117,-14.179429833199727,1.5599597644167038,203.56,24.78857142857143,3.57,Mid
OPTX,0.61980556973564,11.6899995803833,723.2101132585079,-2.6563443086562333,1.0877257324880512,-0.17313083408151314,2.7604834221054393,2.9084620281341484,0,8.082537790795973,152.4837859592592,9.049358400368277,16.639922878127887,-21.648796777328656,-23.051233338398607,1.3083719640796696,16.19,24.78057142857143,0.47,Small
BRUN,0.6336105286474024,34.709999084472656,184.62344217427236,5.52076132221124,1.2426831846629056,1.1623970806904886,8.556604679511233,0.48976713749457484,0,22.403396848643208,17.263508908700114,-33.42475950609804,13.865703498364956,-17.357145036556602,-28.28946595677116,1.2548699033987272,56.45,24.696000000000005,2.13,Mid
VELO,0.6302283212157994,24.309999465942383,144.64473491629988,4.807068272837565,1.2528027689495447,0.28484548486278266,0.6581647508042234,0.041136277668103655,0,14.927009708082833,-20.58151263830049,-18.101329654722022,18.488570036252852,-23.433072547474918,-5.022832879131766,1.7628607121711093,94.78,23.818285714285715,0.72,Small
TNGX,0.6245318400471306,28.5,212.8115056259615,10.443712376787822,1.357588683735489,0.9183482929939352,1.578950045346188,1.7894744872418988,0,14.900227672747507,-7.85645095739163,-1.6651188205922536,10.401504440116405,-17.12707035188284,-20.966183538255763,1.4503085015069046,115.66,23.771428571428572,4.64,Mid
GCO,0.6262594416688017,35.790000915527344,38.96834830596436,-6.3101237603765075,1.2351913806770751,-0.735962434630391,0.3632222690386626,2.933778178741737,0,21.37714392116025,22.358977488217963,-7.509107336011731,6.823531375088622,-17.9128390636304,-9.28096399558513,1.2918430951082165,7.57,23.154285714285713,0.4,Small
UNCY,0.617501867858795,7.869999885559082,32.6138016898291,8.096970043735832,1.9959307767115695,5.796100294529609,4.715380318543653,0.0,0,9.248340333288173,31.825798355483347,3.276539924214053,7.992467323064892,-9.954232359759377,-3.759398441761869,1.36814442164945,5.86,23.12,0.22,Micro
RXT,0.6253652479698195,6.835000038146973,545.4216952470575,24.44242228195586,1.5662034712094064,-0.1262215725600657,2.852958210788178,7.97366603032182,0,4.68536567585632,398.90511024585925,-19.39954196754206,14.468596707867242,-20.523258893343044,-50.452492917299274,1.4469003470342747,179.58,23.019428571428573,1.7,Small
ANRO,0.6147994704820294,22.93000030517578,14.268400764611178,11.782773845219092,0.9823127628478511,-0.007481295694063192,3.139988241345873,1.6354121020181607,0,27.543506978347022,-5.599014240572524,6.824517911581022,7.255311807232948,-19.376954686292144,-16.33928531061671,1.0386979256768216,7.69,22.798857142857145,0.8,Small
ROKU,0.5845542620675909,135.1999969482422,13.755670735712112,4.5359457856435785,4.101030394002046,1.2485061306776788,0.39201094027823924,0.11094223363088306,0,21.387663646196074,-4.045420294616461,-4.0773830908432,5.0496632965282755,-9.18861330320773,-11.825271614027228,1.3601148819574715,574.27,22.76457142857143,20.06,Large
ASYS,0.6325950156362591,22.030000686645508,68.9320440643624,2.8718217499559167,1.2236429271363327,0.32403161739825725,0.7716753108831352,4.584658181369224,0,12.272717289713924,98.11151899626829,-1.527444788331577,11.361129631243262,-14.313490971326088,-17.478506973789358,1.2468320400243342,8.14,22.611428571428576,0.39,Small
BNED,0.5975601413526765,10.729999542236328,11.543459786750399,0.9787277942326693,1.1016878802560381,-1.4298878835326017,1.3513467871557938,0.18638867605509066,0,13.14152341827548,28.04295221267743,-15.624995674258491,5.59845573572085,-12.121216143862041,-6.147534976058852,1.2969569014442335,2.84,21.498285714285714,0.37,Small
OCC,0.6245318400471306,22.239999771118164,153.60391740494805,23.896269601721905,0.7330603001389151,0.03550343714039702,6.064751227518678,1.0341706141772262,0,10.131994143962856,17.05263037340862,-28.22877696112915,16.832219539162367,-20.51465284067779,-16.509926582291044,2.046743723147868,18.91,21.405714285714286,0.2,Micro
TE,0.6312380941707006,10.399999618530273,80.09203809116423,6.918881412655005,1.2928340792249593,1.1785340599513243,4.807692483575139,3.3653884064808715,0,12.884246954594857,19.540228118847836,-21.100918532469613,13.127060535920446,-16.733388236351026,-19.37798985287764,1.3390062786431276,355.48,21.158857142857144,2.9,Mid
BFLY,0.6358666409041354,7.269999980926514,117.54766232207479,37.36419499013855,3.169489256941988,3.133427455326945,2.8885837506057834,6.32737330523452,0,8.472778582061554,55.67451523767749,-1.5625038247260705,10.604242820023769,-18.680085879807002,-27.469875662977884,1.7588293568769902,49.69,21.06057142857143,1.9,Small
SLN,0.6219375962039461,7.53000020980835,8.690132368097924,13.858020467373347,1.0950944962970945,0.3304309210167859,4.913676961495892,0.0,1,9.543738784838071,31.413615784102188,-6.317416620115755,7.840067953137883,-10.357136287234429,-31.03447679989299,1.0381461819981592,2.34,20.986285714285714,0.36,Small
FEIM,0.6408552910677513,69.7300033569336,50.37292751566107,-2.2698083539025373,1.2495384585487117,0.4480146677818253,2.8469796056355805,3.1980542801449228,0,10.776903468912778,49.44278522175474,-26.69894477618963,9.337567391014947,-12.837495803672539,-12.087076494248086,1.389177623715209,11.48,20.768000000000004,0.69,Small
VNCE,0.6302283212157994,6.75,81.61987060299842,35.58300668890202,2.5819486907888907,0.575416020949094,10.148147298934216,2.1481478652597366,0,14.81816394731669,-2.8776951759011182,-5.000001134136142,10.518518074479683,-17.68292491238793,-24.48979153918481,1.7094016973727928,2.01,19.952,0.09,Micro
RMBS,0.6175879230035692,140.35000610351562,43.1047379484935,-5.083618199217163,1.1742851891970052,-0.01265595644712872,0.5557525795303684,3.4413976636793944,0,18.906461265278875,42.55968558015883,-2.5666331981645336,10.63819989256645,-19.385410003799322,-13.68630109632664,1.2921676866770162,370.77,19.19657142857143,15.18,Large
FDMT,0.5979940138533185,10.420000076293945,1.3480229648588526,13.356359464990907,1.388616697945556,1.6322031368969432,4.504793173968716,0.6717820950573116,0,2.4852020684940617,5.146319239990239,-14.039129180655324,7.733342229412305,-15.55915763692839,-2.23577503653383,1.15791863798037,8.03,17.888,0.54,Small
ACHV,0.6233493019474253,5.099999904632568,8.777502099489798,-2.457686276577965,1.7187162883989084,1.2029136379060625,6.4705868590623785,0.0,0,29.50499076006674,6.029105306499335,-13.913040861195109,8.473388445647743,-17.207791702345286,-44.87951924844155,1.0796850582414335,9.04,17.188571428571432,0.52,Small
TEO,0.5937718860219595,13.1899995803833,5.350442619249596,-5.634056831108797,2.056637058096533,2.8709655455171177,2.2744518594093903,1.667925097321495,0,34.39422700026866,-17.459324415524897,-23.925865035632786,6.568828954110932,-19.277849097895643,-3.1951631085047185,1.419548622820464,7.06,15.424000000000001,5.68,Mid
DUOT,0.6225178547578643,12.260000228881836,23.232159098118842,-4.170084896926529,1.0883230955495773,0.12265740623256527,0.570967758450114,2.7732475221264137,0,16.56572582772005,62.384104881256874,-24.53874363213626,10.644369231128934,-19.764395004373952,-21.562949403834793,1.3244849128608709,8.01,14.357714285714284,0.39,Small
