Ticker,Win_Prob,Price,RS_Rating,Bias,Vol_Dry_Up,Vol_Z,Up_Shadow,Dn_Shadow,Turtle,Ov_Supply,POC_Dist,MA20_DP,ATR_Pct,Dist_52W_High,MA50_DP,VCP_Ratio,Resonance_Score
SKYT,0.5843264699182457,39.90999984741211,147.54398801654415,10.874968906691146,0.7719945673596292,-0.2523855429895925,0.050113900876067353,0.13781083784686995,1,0.0,23.369402564593837,-9.009014133298535,3.9367144766198328,-0.05008879942477361,1.9607875728256698,1.0924307021136377,67.40491591203104
MKSI,0.6168371129488989,331.3599853515625,100.30481259405744,5.9514512440303955,0.9338137451891634,-0.2744881168230188,0.9445934998706067,1.137704498908153,0,0.5528845536473301,42.00445133682973,-9.666241139395842,4.38043216782753,-2.2536916367005793,1.7390974869444766,0.9189423190023196,64.18369987063389
PLXS,0.5573429652340554,280.1199951171875,84.17638723514165,5.815268204112924,0.7340884860218703,-1.0496114537619121,1.106670768792381,0.0,1,0.0,41.76112675321729,-3.515525201079501,3.315416008926241,-1.0945576195690208,-2.1384605994481682,0.989200463357427,63.76326002587322
SSSS,0.570971715165248,14.90999984741211,49.40894581543909,9.579978604301525,1.000676725973507,3.3092471354509256,0.4688163206303238,0.0,1,0.0,54.02891918195106,2.4637691874201897,3.0563850419567364,-0.46662868917871064,-4.796663511781839,0.86255804476162,63.6895213454075
AMAT,0.6317042945948985,490.04998779296875,82.97541072839616,12.323092197176079,1.0495861905264274,0.6838276147314184,0.29793327395614294,1.0855988040300284,1,0.0,91.59593459483744,-13.347642748522787,4.144686362930241,-0.29704826832509196,5.570489871505904,1.1593496876768918,63.1901681759379
CNC,0.5567124744247254,59.9900016784668,40.71086515379441,3.4488731170578655,0.75606811740585,-1.094969430096513,0.17502840356190066,0.7501262716141549,0,0.7552387372376752,64.80769000838721,-5.227780368214397,2.9754955783787365,-3.397740495113889,6.976748312070955,1.0622945591345476,62.94825355756791
STK,0.564614441660041,57.68000030517578,47.679774961686206,10.226115345459021,0.9109389420771943,1.6583684465616801,0.9720864422925308,0.11789319191413115,1,0.0,29.375793866929236,-4.982785333404704,3.013197894821578,-0.9627278949495579,3.928199958548647,1.226770647341994,62.78266494178526
LRCX,0.6367576620011232,334.4100036621094,103.19529581293085,11.498248940898696,0.9571811642728268,-0.6391577610717237,0.3408941474154629,1.2858521765033053,1,0.0,94.35226402893558,-14.495099743571272,4.497687516518507,-0.3397360072500844,7.42248944774246,1.1732367915150512,62.649417852522625
WDC,0.6337235969511236,563.0999755859375,233.42425155469516,13.36902469231163,0.8472465617636564,-0.9015703929960941,1.4349169668177812,3.0776092774254,0,0.0,211.1163418156334,-16.60865226761534,5.085623345386965,-1.414618367841897,6.059368609938552,1.0855325237941675,62.04398447606728
CVGI,0.6350562097159481,5.539999961853027,201.21410977595957,8.319483618364263,0.7706672755528869,-0.014709149829211307,1.0830314653764335,0.0,0,0.0,172.9064058228134,-22.300463802826787,5.711708113095347,-4.317789319584249,2.228410183744579,0.7863248087002879,61.94307891332471
TSM,0.5544496055506168,446.69000244140625,42.29954994955507,8.604953806079932,0.9381405556748867,-0.6585584136090227,0.37833898949286415,1.0219552483529575,0,0.0,31.1171574547495,-0.7295693085885768,3.4367086360344876,-0.6008171341184537,0.7593245274405275,1.061542484004982,61.61190168175937
OUT,0.5552711479424072,31.459999084472656,25.07135269014047,-2.847264704028416,1.1130211650864341,-0.8766783218155655,1.462177384594091,0.0,0,21.24360728118274,32.9982192008221,-3.9664670766422883,2.5974023611906247,-10.011441909489056,2.4343905465394267,0.8461917807993183,61.450194049159116
KLAC,0.603959904202561,2045.199951171875,62.65817615377196,9.884694932671357,0.9983177479400601,0.11140509376680488,0.1124608294072164,0.8067670836065506,0,0.0,43.59646172667062,-7.696752645557596,4.118188895014806,-0.7223081816635524,3.700621174238268,1.147245387190195,60.157826649417856
ATI,0.6152243541597596,178.47999572753906,65.28324074012491,9.379162942883031,0.9424092895723455,-0.7652938424885609,2.700586866636746,0.48744685007205396,0,0.7822662977248491,39.0681009973308,-4.724156411233777,3.882388266306521,-2.6295729645085957,0.9661568028787978,1.021592259880501,60.11125485122898
COCO,0.5948065439267741,74.44999694824219,27.61312498796178,-0.6316497091923282,0.4939444588292308,-0.5199894730231747,0.3223713942227441,1.2760201305177585,0,11.084926195299486,36.08115188035374,-7.747210534416631,3.5251866650797408,-6.5872022596732585,11.17624759441215,0.8915858730479288,59.19922380336352
CLMT,0.5666010083045772,36.11000061035156,75.31821443025026,7.737981020960323,0.6894710033453229,-0.6126102562815965,0.5261662240162254,0.7477060052486678,0,0.0,3.05365201722792,5.358716688824518,3.281637146038447,-2.246881557095765,-14.336663075478725,0.8188876312147702,59.03751617076326
DGII,0.5906136051230548,69.81999969482422,55.13344854250726,8.585602370934613,1.2731491799877264,0.7504281972861289,1.3891464376964562,0.0,1,0.0,59.18832358099388,-10.330290332335203,3.8404765778726424,-1.370113554067728,0.6695954984038354,1.0625137019974662,58.884864165588624
MOG-A,0.5655589506483005,373.3299865722656,51.26886616098653,14.693914978623646,1.4744192300065004,0.26502767589071424,1.5187672117577518,0.0026812112567966982,1,0.0,28.221307921962048,-1.9446309814941036,3.219480765456386,-1.4960457592927217,1.0465212804992423,1.211845213938652,58.83441138421733
GRC,0.5619683994711744,75.58000183105469,51.664166981986256,0.9883896588023278,0.5545695103034337,-0.681543028791685,0.8600178752618528,-1.1643356198481538,0,11.595276352493533,11.000951524092443,-2.906975040167145,3.1081813844149515,-4.740700546088349,-4.580275496911384,0.7558324120774326,58.13712807244502
STX,0.6337235969511236,926.6099853515625,224.575093379332,13.415044936584211,0.853922093659771,-0.5896315488580599,2.559865647692095,1.2540330129041564,0,0.0,214.03078360770286,-12.926860370261133,4.999868449586917,-2.8425519213514403,7.4160479105837025,1.1894891283707951,57.73738680465718
ARW,0.5719434431971042,228.39999389648438,99.68165011842902,9.350310829751294,1.377919908580551,0.3647285242565608,1.4141904871406832,-0.13572572980579417,1,0.0,44.01007888169396,-9.184989701172848,3.4166245828336863,-1.394470024705273,-2.1882358800483845,1.1933458813140874,57.41655886157826
MITK,0.6214307281790221,17.56999969482422,86.52676025843651,13.07033693206703,0.9020409988589533,0.05398988332053556,1.2521412891965598,1.4171806845674095,0,0.8010768457776427,19.4425536986137,1.83486685732295,4.8577122392574195,-2.2259300711867724,6.960224058785195,1.1287550290283426,57.333764553686926
LFUS,0.5773336729098663,487.8999938964844,79.52679429725762,7.004575332911204,1.049387782962987,-0.077347488992584,0.3484345620607755,0.006148550865359967,1,0.0,9.553852367430265,-9.80272211331637,4.031348154804112,-0.34722471115908154,-3.9357529649421346,1.0335870134742775,57.1254851228978
ICHR,0.6189041506623,74.94999694824219,334.35071275174903,5.372296165718965,1.4536484713758406,3.0879593010004633,2.2281599283730578,1.9406248835482192,0,0.9836074504655179,65.56217404396529,-10.370045325369901,6.4750782360158565,-3.9102603227162946,3.4166180359257927,1.011354512507296,57.08408796895213
HTLD,0.5925694017831098,15.520000457763672,86.50303900827076,12.321334414024816,1.2591927644871181,0.36430578883232817,0.7731951160563385,1.095361283948619,0,0.0,40.35432396499567,-1.3600006102427624,3.198639276036212,-0.7672626784988622,-6.120047107728712,1.1274902681188277,57.0595084087969
SSL,0.5795610377397494,13.109999656677246,89.91206068626789,-0.39129522106308345,0.6101640633909754,-1.0963857398869594,0.4958088158267245,-0.11441909774551116,0,12.979154198119582,-3.602946404502215,3.965394341984448,3.3425958317229623,-8.768268885376763,-3.7551023519136457,0.8099685182290833,56.98059508408797
DCO,0.5934007296935229,150.25999450683594,52.09803344860635,3.0501473325166852,1.0355271534707917,-0.20632415495613496,1.683747418987785,0.4625263482180177,0,5.788312089104189,8.773704336651372,-2.6786353668056067,3.9277151870944027,-3.8766712726510764,-0.17417192087786768,0.9523321987835889,56.91849935316947
NPO,0.5585843611778128,316.20001220703125,30.486168115604674,2.097984766760126,0.5878510365547767,-1.148611894421725,0.21505143881331537,0.8475624833366721,0,2.784982832811071,27.52056930359509,-8.832156382866579,3.5429646644402553,-3.2968372429697688,0.19761472813941602,0.9657777591839817,56.78913324708926
MU,0.5979500067425997,1064.0999755859375,338.5652852177543,32.92758969368188,1.1081701771573322,0.3893472539330627,1.167095918403943,3.0462399968217717,1,0.0,18.77706498482926,-37.97033571816845,5.929282419696613,-1.1536319272674003,15.530854978186978,1.4476288451082522,56.76584734799482
SPHR,0.6050291010938043,141.9499969482422,56.029195672239915,4.883994671609146,0.9592200661722835,-0.3707912976544827,1.9936610721214925,0.8524068200655109,0,3.4947411541377122,32.132548212495884,6.998389697951957,4.271372267547627,-4.731545672288925,0.6143569396149705,0.9291164336713075,56.68046571798189
BHE,0.5786551363571446,88.13999938964844,85.7861860852293,3.6514371115087485,0.9152532622230182,-0.3887232359923696,1.0551399042492542,0.2382562808310354,0,1.4458440812680586,99.38587894136273,-4.266603427024366,3.7991511238165736,-1.409398338602531,-2.9243074713564092,1.0520067168606544,56.66623544631306
CAT,0.5536427368276382,909.8099975585938,46.9099868620537,1.8019916297030467,1.295316794480876,0.15797463343736318,0.23631576041476401,0.3901900179697928,0,3.9686478627000343,31.760005819683297,-5.945488807307766,3.0978993014174447,-2.312769484292866,-2.1325377166464343,1.0738888076969475,56.113842173350584
DBI,0.6155853140873349,8.579999923706055,89.89382585253274,21.676239066221022,0.8270493132252958,-0.2329421785864151,0.34964724049480894,0.5827528108815951,1,0.0,20.274160071278704,9.128628569566741,4.936729440752101,-1.0315489526143997,-1.676989731640387,1.0127993559229913,56.041397153945674
ATEX,0.6093197839990282,66.9000015258789,213.60887920797074,13.627681353040796,1.0596468559909675,-0.5733205962393951,0.6427508151894687,0.82212711390871,0,0.0,94.2508832536769,-15.171558475375049,5.722293401482957,-0.6386459133750763,2.7961323584813758,1.3981318883087037,55.965071151358345
GHM,0.5817264426726104,106.11000061035156,72.75888977211231,8.099572701517356,1.8040840505539049,1.1227535066624938,0.6691160874394539,-1.4819546952883946,1,0.0,5.961654940114402,-4.953030929209496,5.181281446972899,-0.6646686823576272,2.251974283576645,1.158387012335767,55.886157826649416
ENLT,0.6398931536617579,104.55999755859375,149.4891145042284,11.131185074574791,2.1425685223877378,1.9933558006311947,3.280413528338942,0.8990004150258043,0,5.011699344145141,49.307438784379904,-5.596839437444415,4.88714631284421,-3.764384638571156,7.667557385278865,1.2462654442954142,55.39456662354464
TKR,0.5587827334216234,131.89999389648438,51.32758944235434,10.4980474831616,1.090612747763148,0.44720033330760406,0.36770328490577175,-0.053070279046884626,1,0.0,34.10795815657051,-9.587373741433884,3.269451288915396,-0.3663561811930695,-2.4252017197696025,1.2397192961665622,55.14747736093143
ACRS,0.6811491588822424,4.630000114440918,51.82400701298844,-0.6224500558827454,0.8762469495937841,-0.09223720926675649,0.8639300400798829,1.2958950601198242,0,5.248783629756158,4.514679318444894,-9.271513905334693,4.73619268093086,-10.097086819343893,4.607048065357745,0.7370039260752472,54.956015523932734
WERN,0.5618062191850419,42.9900016784668,57.91921166319079,11.97208257798019,0.9078633715355431,-0.761003885427941,0.6513113941807779,2.3493884549273547,1,0.0,24.214040732255036,-2.9659798657659686,3.4792159726906573,-0.6470967791269473,-5.263156039132606,1.076339745092767,54.90685640362225
SIMO,0.6270686956460821,301.2699890136719,228.86726533218786,13.957203923020728,1.2377116638580463,1.8529801461654556,0.7003737332223513,1.5567439879243488,1,0.0,38.79825805058602,-15.595166378625905,6.745729143008219,-0.6955026155888923,11.06981257325397,1.5080766395285707,54.81630012936609
LIND,0.6176776561749053,22.700000762939453,76.91469814957526,10.028601723623584,1.645936923017624,1.0614025256651707,0.2643232214614372,3.9162991587959883,0,4.654266686574717,34.39906206573261,-9.192821611711754,4.63782307501896,-4.541631171050176,1.8615455780330268,1.0604662999293952,54.751617076326006
ARCB,0.6032052372019622,141.85000610351562,109.73585845260823,13.560245620710726,0.9710467665424468,-0.7703882536460391,0.5815981055611141,1.487487148077319,1,0.0,78.7561422715818,-2.3390013638285745,3.813635617213112,-0.5782351011670372,-5.5834709774602,1.1452854250102897,54.60413971539456
CGNX,0.6318484549030954,66.08000183105469,62.148512300639446,2.2535766185404738,1.0819953375995524,0.6770573358335638,1.967305366708794,0.2269998815377486,0,3.686802939655809,12.948451943658624,-19.46714380695404,4.01422795398584,-7.971128237312159,3.3509385905715727,1.0355239771055702,54.57956015523933
CVLG,0.5662249639436339,41.90999984741211,99.59574433399989,16.482997430575796,1.3055170083995689,1.238915262446089,0.0715790489271777,1.4077789423095037,1,0.0,22.867191724601625,-3.2298877544235243,3.855200725412727,-0.07152784997244936,-5.059291403929823,1.1896664703858686,54.41397153945666
KEN,0.5892420439638391,86.41999816894531,39.63711853960632,-3.054099500914274,1.0233283767642152,0.7544029920607788,1.2844256351044365,0.31230903338686195,0,18.09246450673461,0.09265906236626953,0.23307334964122375,3.556542209102117,-9.91348077335327,4.070455612734779,1.0017943375568017,54.39456662354463
MRCY,0.6108976504351992,112.87000274658203,49.716401189397594,16.802147136706807,1.498253914295088,0.24302914514643453,1.869407777964074,1.0187847220324746,0,0.0,46.35632614927634,-17.089008502967634,4.169140183798597,-1.835102234066836,7.58477924960827,1.281168111381801,54.254851228978005
AEHR,0.630652844143986,113.0,380.16578952497946,16.92699295104161,0.629238624298862,0.2897927086691278,0.8849557522045579,1.6806205816879756,1,0.0,78.91070340754744,-22.13526084910399,10.102400556677663,-0.8771929824484456,5.793742680823909,1.1461835177370205,54.222509702457955
SNX,0.5705882792756892,279.3299865722656,72.42952723994051,16.350893595860466,1.43205303699812,1.5834827358179133,2.4773614579039553,0.4009577098854497,1,0.0,65.9572496785483,-4.029146805688985,3.1051345764062845,-2.4174719398114237,-2.847416203021246,1.26120088405486,54.19275549805951
PHIN,0.5646565469507476,78.5,33.977056763941896,1.9559962478432558,0.8823583951226451,-0.9532820015534603,2.0952844315766126,0.0,0,3.938622915432597,30.249668303850697,-8.123398230524796,2.994068760129948,-2.9966054498346684,-6.982306870728321,0.934385486827717,54.137128072445016
CTS,0.574012471395162,66.72000122070312,46.110433758509785,8.971534079295415,1.2595974501712555,0.4439318243054036,0.40467122020762186,0.5485571159343309,1,0.0,52.487170856988485,-8.774107564457786,3.5596509878778484,-0.4030402323813167,-3.7023166414745843,1.1014812497788704,53.95084087968952
STRZ,0.6193695372942766,26.239999771118164,127.41756258205761,19.76813121030219,0.8332617433425068,0.13710888350056455,0.28582608075761756,2.7191348428312287,1,0.0,138.54545245211554,-9.189461549220185,7.170487634221952,-0.28501144371832676,3.7891270601329983,1.2517337314699795,53.91591203104787
JBL,0.5608200287530394,373.1600036621094,65.41190978543436,4.6757271494720065,1.0556718893134796,0.042201615132561335,0.27066399284764764,0.47700685009743604,0,0.8466072225794692,72.61284987180008,-7.171360595091472,3.698038954536733,-2.298790051618339,-2.945232809695222,1.066357361529764,53.883570504527825
GPRK,0.606743881684882,11.779999732971191,33.43081950814057,18.35761770450441,0.9733322579312904,0.3191873700650369,0.7640081037383046,1.146004059900004,1,0.0,34.626015258466126,-1.7471759610836166,4.3596626212025615,-0.7582152775738584,1.8367363856109664,1.13743395538086,53.842173350582144
ATEN,0.5804307903234706,32.63999938964844,78.73513671073731,14.05230286113258,1.286463299220174,1.2870449052434483,0.949455260256219,0.9188114599584334,1,0.0,52.4232003578219,-3.6242572491648297,3.5377624257812568,-0.9405253924436175,-4.100653986720217,1.2291743622103046,53.63389391979302
BFH,0.5573907618205424,91.55000305175781,24.135530571174414,5.3707450972566635,1.1870749879951032,0.4283145088250759,1.4855276515587121,1.1414507199340103,1,1.8925432766522148,28.247080501309025,-1.639542804248291,3.1732805585372086,-7.405768895579465,3.336920151878817,1.0415047903423305,53.59508408796895
COHR,0.6331194364101145,426.8900146484375,148.10654076972722,15.376925791801535,1.0806046515065417,0.5906733797449787,1.5928918472872824,1.0025998810985575,1,0.0,68.31211072404274,-15.095936700566535,6.901909391341297,-1.5679166310982566,4.001896053238315,1.1578464689021364,53.39715394566624
SHEN,0.5905216141897615,16.239999771118164,36.80163675418591,0.9793252477626354,0.9468172873167997,-1.0663519209150658,1.2315318087801135,0.3694548447309316,0,9.706022691125012,-0.30694377898069997,-1.7811687544347712,3.122802314636725,-6.397697901338932,-5.078684272850912,0.7593751752990886,53.38033635187581
PLPC,0.6435552313006923,387.7200012207031,77.45523322940117,8.684805288455037,0.5746004639156106,-1.1384390982852162,2.481170712595419,0.0,1,0.0,32.735362245413285,-15.244059830795766,4.434164035276496,-2.421099110541749,-4.861458565246535,0.9287853936865452,53.3699870633894
EC,0.5934161577372299,15.979999542236328,59.030924164348455,14.597149574516486,1.3035491820639817,-0.12067296590001707,1.3454327830621953,0.5631990080479518,0,1.8617448265816363,-1.6615412784434243,8.838202385105692,4.221794659266804,-2.8571501451442423,-1.2137616898140233,1.0327375380420853,53.3130659767141
PBI,0.561602690810764,16.719999313354492,60.304773555442615,6.543873610019251,0.8072514490622625,-0.40507689832833316,0.1794185438220705,1.584924644230874,0,1.3884938408289842,15.01596836165259,-4.193966228592868,3.108819588200027,-2.1650136682750123,-6.673213935889621,1.087545928369721,53.26261319534282
CRS,0.5872591888306066,487.25,41.34260462426263,10.36790020126535,0.8470200213885578,-1.192952647169818,1.7095919081064195,0.8209338122097056,0,0.0,57.05323726495739,-0.33439951814648283,3.8053212134027063,-1.680856127759335,-4.006629047236529,0.9605872242453386,53.160413971539455
TWLO,0.5600299542768451,229.3000030517578,65.0259875419444,16.885435933913122,1.3456805104132672,0.41007571994972575,0.13955170569974354,0.7719163754453554,0,0.0,25.06818350149493,-4.702904125592361,4.849541791908089,-0.8903862176479772,3.3196380036156414,1.4899034935490507,53.109961190168185
UCTT,0.6154317829961862,90.20999908447266,243.93741171963575,7.033529243570816,1.4268492317496386,1.1980293029499642,0.2882187549787253,0.2771311412642058,0,0.8740804406625619,48.665126285919655,-16.878670817538787,6.43815091176201,-2.2537672666575945,-2.080805966740663,0.9895618884838754,53.04398447606727
BB,0.5891050788911656,10.319999694824219,141.16093199651095,44.10388600265348,1.865238405190105,2.506038317569866,0.09690144550956072,2.906978678073531,1,0.0,22.565315927418652,-11.469531812212521,6.298450392722672,-0.0968076375094504,1.863352243099321,1.899284384729261,52.86416558861578
EFXT,0.6006068505330222,26.239999771118164,76.25400577143704,-2.6535343740680237,1.006068881679365,-0.6915998788818546,0.6288144701230858,0.0,0,15.989807746056247,20.83252455100801,2.697776434013931,3.609761228661674,-9.883397639241322,-0.9367602535103461,1.020398141869931,52.79042690815007
GNRC,0.6186806954726697,284.5799865722656,75.90028152862031,6.537180469632705,1.072429113539751,0.8293108256079603,1.4688287557091102,1.6216847466843431,0,0.0,32.36893776487233,-5.574351796760479,4.787506381191479,-3.2633103346573455,2.4635009393551783,1.187996379498241,52.72056921086675
FSTR,0.579139480568839,42.5,45.743852868465765,6.1014575949441,1.296903816085703,0.1251799969685635,0.1882396024771885,0.8000003590115073,0,0.0,3.3057866565275282,-11.803278346475194,3.9663875804227944,-1.3005140627453966,0.9605138807952872,1.3034592793722504,52.690815006468306
DHC,0.6165537343982616,8.5,64.75420775249808,-0.42757432490763225,1.4659003049223704,0.691261656038706,2.235289180717034,0.8235258213645116,0,7.356436971528532,26.848712035311845,-8.505152420880268,3.9663867790158056,-7.002191676286813,-0.1490237139046038,1.0340917831624197,52.63777490297542
ALM,0.6892596740372453,20.649999618530273,189.24015501964877,6.162840627069342,0.868655039194566,0.29813592572553144,1.6949171327766255,3.433412333424489,0,19.016607720558763,103.64890451992856,-7.062431402443636,7.167068793296435,-15.403524179564576,7.962968238858566,0.8710735064132927,52.53169469598965
DOCN,0.6241332489449599,173.07000732421875,276.9664014579643,9.575429212795692,0.6273393002192862,-0.5825906426732045,2.241861362340203,2.568329078455554,0,1.2537681477792513,93.63393672141119,-49.54508305414087,6.459317605731618,-2.1927039790435296,1.488207300920109,1.208324670843184,52.51875808538162
MEOH,0.6007620240963389,62.0,63.80184577710997,0.610968118633031,0.39680225296970545,-0.647941981767592,0.5967724707722547,0.14516153642974036,0,14.827096828586283,0.7966211865222774,2.3280945451705617,3.34677498461464,-7.116104868807249,-16.693508557482275,0.7640631662069107,52.51875808538162
AAMI,0.564752848032513,72.69999694824219,50.707839942320554,2.590874636184671,1.0780665013201205,-0.7065344100332773,1.499317762071128,-0.3713846690460152,0,4.501518690307795,50.133650439115826,-7.150250160444613,3.4132434361043353,-4.505451765239268,-2.7346042485716944,1.0222296538035924,52.46830530401036
WT,0.6384811512123472,18.950000762939453,60.462014228475795,-0.5428164044108053,0.9077034967688641,-0.38177678304618357,2.2163591523076693,0.05277165424112111,0,9.037444332284306,36.451609998723264,-12.268514781419201,3.9502439551285793,-4.534003028660375,-4.9848938344158364,0.8805233284596556,52.40879689521346
CYRX,0.6057906815784796,15.739999771118164,51.83722146050038,13.913514047909874,2.0759409524422168,0.9621722270634939,3.1766140633075604,0.19059551083560328,0,1.7252199350695343,3.213113253023167,-28.99118537510089,4.00254121577395,-3.4355797062541105,2.73631581104613,1.2425815629375327,52.33117723156533
KFRC,0.5778440141549742,47.90999984741211,55.75302530367408,12.644595720767981,0.8606449596566688,-0.6734697174373672,0.5844265919073157,0.2817748318938419,0,0.641187140985589,4.447353309321405,2.3649441977270884,3.7324447516393433,-1.843887524151866,-7.505691859363825,0.9956796747625564,52.042690815006466
RVMD,0.6196041280432927,151.30999755859375,82.80565514029128,0.8793847356189612,1.3753825507301036,0.15853737656784084,1.0111683325447693,0.010568509150363201,0,9.492947290655295,27.53708558390338,2.535497062021031,4.243558237239519,-9.12312458937839,3.4140704580370955,1.110131837429299,52.02457956015524
KNX,0.5525774529926639,77.62000274658203,58.856217886921435,12.953576166039573,1.1538875688418302,-0.29657526644378096,0.18036509236377044,1.6104096312196268,0,0.8786288257887813,14.09672811880551,0.35404123408509947,3.7922827835951822,-1.5474297919351736,-4.260511467209579,1.0709993976350576,52.02069857697283
ON,0.6067821016602738,128.63999938964844,144.27070392059062,13.434152234461779,0.9673349311346465,0.17961190001456986,1.4303454186928306,1.4458960037019222,0,0.0,133.00127064210972,-5.09603773180675,5.794132384873607,-1.4101750445475947,1.5356055909068231,1.3789696212192035,51.99482535575679
OII,0.5957626589171782,38.66999816894531,46.70335980663671,1.5027183678983351,1.1262476996450053,-0.45473450473420135,0.7758031185814167,0.0258653651508122,0,4.515116932050795,6.882249427025291,-1.5528831452055558,3.995345615337234,-3.6141595251911767,-3.918772260927561,0.8944783747407762,51.96248382923674
KN,0.597369333125815,39.209999084472656,62.641465940047425,8.99083927599346,1.109873635916797,-0.04607678103884795,0.9691432720691524,0.12752627626645033,1,0.0,77.34056083807492,-13.56090815796181,3.7763710916238686,-0.9598410372342379,-5.1239658346039985,1.1215300260604266,51.64683053040105
CAMT,0.6764421196135241,187.52000427246094,66.30142858718742,6.399762084029898,1.123555113790027,0.832983053580559,1.5624960585583358,2.6663821917945816,0,7.646159051986078,7.381319950271209,-13.546056094576283,5.819950826721345,-13.181166024588286,7.604697408369028,0.8751664667073876,51.482535575679165
SNDR,0.5607385564395151,36.38999938964844,50.41178933428068,11.372955300930256,0.8199381428490177,-0.3634953874452951,0.46716676693945075,1.5114126434944466,0,0.0,23.81762553634935,0.40053049248239814,3.7431786808242613,-0.46499446732002453,-7.115791722048249,1.0715889499788982,51.28719275549807
TECK,0.5800033375834741,70.55999755859375,53.0259393540839,10.431172854681321,1.0419745790657815,0.6242679515434145,0.9778946503271715,-0.08503055650345949,1,0.0,55.555548078929625,-15.007927406927521,3.4205954116122745,-0.9684244791530747,-7.010582588881118,1.1298049452924137,51.28460543337645
SNDK,0.6292967613076851,1716.3599853515625,656.9227297623875,14.121842684656604,0.5932017098862803,-1.461383096779301,1.301589760362747,0.44046334032219886,0,0.49789171141976923,197.84988899775863,-23.227117405153837,6.589497365893749,-4.858093938380761,13.227938450374205,1.3103751007991702,51.23544631306597
HP,0.5994042735725638,39.36000061035156,31.28169350343537,0.26126797233602733,1.0009815670511988,-0.9049628399111788,1.7022310938483134,-0.1778447503479728,0,7.8320805549866535,15.593047469599641,4.969254989389391,3.89355946264065,-5.882350794752135,0.9046051938989941,1.0146135927560327,51.23156532988358
VLO,0.5539346190894345,258.260009765625,35.9194961564365,4.695803423485947,0.846114892124612,-0.5579646045154496,0.824752111152348,1.4404034001530488,0,0.9166773238557518,8.182704487041672,1.3909289578277138,3.4189047932664605,-1.6162878690020743,-6.02852017938134,1.021952101163622,51.13583441138422
NVT,0.5934428144863435,173.38999938964844,50.402005669962115,3.1625846390762735,0.8575380975380706,-0.9913117577853781,2.6010695672677753,0.4037124117320581,0,0.5070017863427981,9.105211041614314,-6.576923466474276,3.9561528279625424,-2.5898879833290245,-0.5846956994483149,1.144122777619756,51.00388098318241
CIEN,0.6154714951405865,627.0,195.2566219876908,9.85901421801511,1.073770217515458,-0.10734600610252255,0.4114665102914091,0.3109775281593924,1,0.0,131.09243073602167,-7.977560334694174,5.904190435472559,-0.4097804011748369,-4.615897790232082,1.0985048717102024,50.78137128072445
NOVT,0.5829667501599556,168.58999633789062,36.54809797842182,10.492491703766905,1.2170275297436457,0.8086399562535604,1.933691106482915,0.0,1,0.0,5.904889598758077,-11.024741191707715,4.379178039569647,-1.8970088157240619,0.6148414208324766,1.119954253798013,50.60931435963778
SAIA,0.608918990717273,471.1499938964844,55.55531658733655,3.2346399323417976,0.7992091162160777,-0.34531933206309573,0.39477562891939816,0.5539606039197776,0,1.714858326191564,23.454034119107746,-10.143424105569744,3.9952396445353755,-2.8556713615437253,-4.921065949673796,0.9947103160446215,50.46313065976714
AMD,0.599884290307593,521.5399780273438,127.97518555210752,14.22638660419017,0.7445912362446002,-0.9685860926435157,0.18215520325454712,0.9740358910682676,0,0.0,160.5224894676688,-34.3297994572238,5.317769171114161,-1.0736028165063984,-0.32782181299533114,1.46099494200768,50.45278137128073
DDOG,0.6235250232823814,269.1300048828125,56.41550486798721,27.009223520835917,1.3560111590024246,0.8322854992304981,2.1736275878004045,0.40947506546051377,0,1.6866977409313053,42.60054626977117,-37.92351486574832,4.571846685454557,-3.435525789179257,8.47457492713643,1.497667622400785,50.39844760672704
WATT,0.6634362784809597,31.270000457763672,388.13982039656116,16.836049150484822,0.5117987222522156,-0.13078421021336592,0.7358449663877358,3.645664767903588,0,5.948347898391738,502.5048190362736,8.965268748287873,10.186874503328218,-15.440776514333463,19.62306394499222,0.9155104266533547,50.38809831824062
RMBS,0.602670375390949,166.77999877929688,62.73058731410512,21.78967462854212,0.9230298900072563,0.6053833396647598,0.5576255794290018,0.19786655082628135,1,0.0,69.40579375160726,-20.63676637365881,6.191220117333195,-0.5545333595695748,2.1483027882749277,1.3259844508773442,50.338939197930145
COHU,0.596092135525567,57.59000015258789,125.0207487168321,16.479916600671878,1.8791275230775073,5.105516889648556,1.4759480323914158,0.5730127026868272,1,0.0,22.71468096711114,-9.830799502024137,5.2873759259379645,-1.454480653800139,-1.5582624570593298,1.192537670712239,50.3078913324709
LSCC,0.5896520966236961,151.35000610351562,103.78735274543412,13.073917412258524,0.9272715692231434,0.15860407704338114,1.07960843135312,1.070373512147634,0,0.0,43.09351508616712,-2.6996950125466173,4.796071106458253,-1.0680773779276378,-1.9972879577852418,1.2820715843821617,50.28848641655886
DFTX,0.6512123901366003,22.860000610351562,68.93123100083783,2.628569090530351,1.220170217787624,0.3017022299850519,0.5249380403507503,3.1058660228938257,0,11.62992389581985,80.00000750294748,1.6091971561086649,5.178102756241471,-12.914283388644932,2.82608950280482,0.9597653472069485,50.168175937904266
AA,0.6005946034675105,83.79000091552734,89.61297649606085,22.155324270705925,0.8866984158115382,0.13900840609401627,0.7041369273624747,0.38190678043195925,1,0.0,36.57438945440323,-4.610948046931098,4.313769134524204,-0.6992135068595703,-3.4720969114445643,1.3087780414392365,50.152652005174645
NWPX,0.5957081850296158,119.72000122070312,92.4504020870424,5.373411133972028,1.1380421483463146,0.8324457439443332,2.349314361365903,0.0,0,2.3250861075003484,69.23947531150122,-4.257315211430383,3.5912736092541775,-2.7931165468425916,-8.17076470704203,1.141938524862922,49.98188874514877
MTRN,0.6097747431759389,230.0,76.7465884861586,9.950229206507663,1.2249977802534784,0.29703110771362795,1.4999986731422554,0.07826431937805646,1,0.0,25.21097237421509,-7.196415275430096,3.942150744557048,-1.4778312243851957,-7.0649755949032205,1.1090043085368522,49.90556274256145
ST,0.6256055114034662,53.130001068115234,54.887434127776594,11.424712066445892,1.3264513451889026,1.8695769797931239,1.3363430645315433,1.2139970451484638,1,0.0,48.51437755075455,-10.114272279807,3.932403434521909,-1.318720435451823,-4.852320966808415,1.0895605663678376,49.89003880983182
GRDN,0.5732670926414951,38.91999816894531,21.143246172816443,4.448166840391353,0.9014158557211944,0.14533781771824084,2.4152170750412214,0.8992766972722228,0,7.02551602298902,13.172430530861549,2.7019592801145262,3.8981078966253397,-5.8994255448259665,4.0988184396737015,1.0507059873498852,49.67141009055628
ESI,0.6026626143334829,42.650001525878906,53.96362045475027,0.6017718690758325,0.8146686267445817,-0.5961687235486001,2.2039826331930565,0.1289573345996692,0,9.558939993545259,0.40077002010494794,-5.280379489898725,3.7304090283164837,-6.127922065714676,-7.474221853362127,0.8855161072608156,49.619663648124195
TOYO,0.5941706224999583,16.729999542236328,158.93173249824727,23.25486856241927,2.3198027629758933,4.328434450181845,0.9264835079339385,1.0986237218796042,1,0.0,15.618515779857619,-15.735166857620236,9.16523022403847,-0.917978587712418,5.162062811828857,1.4587201872151905,49.61578266494179
NOK,0.593762301587097,16.850000381469727,165.35792592238437,17.001703967788927,1.2703464180372785,1.5053790106275564,1.5430280295562069,0.652811278968096,1,0.0,2.3693883272525786,-5.936070871628225,6.078845683306298,-1.5195804768664931,0.0,1.3646390064875435,49.58602846054334
YOU,0.6375579170122934,56.779998779296875,49.957105153019896,-2.826388313199579,0.8292742571034505,-0.6674862175650439,2.179470021734548,0.42268700884523347,0,15.707904824210225,23.01258238475712,-1.1737504050744707,5.175552187662609,-9.485096136240918,1.4131344976216849,0.896895086800633,49.58602846054333
NVEC,0.5747956806998694,112.41500091552734,68.68824766973587,22.27993809288224,1.5274797337514383,2.0436885359893955,0.7338851056495395,0.008897510251230383,1,0.0,19.238308309024475,-13.594649598619535,5.9722446392788715,-0.7285384703268836,1.1775257237056207,1.3686277629020496,49.474773609314354
CRWD,0.6077461086015477,768.9500122070312,39.2430135740643,25.331381163850804,1.1242707626447879,0.2300856844642002,1.2835678471277894,2.5320203386455775,0,1.1079248620192699,119.4930613075619,-15.56133770581286,4.532135114426927,-2.1268693211643024,9.638145092332028,1.509578314702907,49.441138421733505
AMPX,0.6298491453407592,22.90999984741211,90.6049213945997,25.989878946442246,1.3244512176517778,0.42126283243138374,5.739853962280842,0.5019632120431231,1,0.0,42.209801235321336,13.248277559579527,7.7445922199918344,-5.428278692656737,11.428570529663162,1.0601245998735231,49.38939197930142
MPC,0.5545976232514876,263.05999755859375,25.20800804851364,4.363923154745856,1.0587455044716074,-0.1630126741767321,0.6766512566752507,0.019002430408456818,0,0.0,57.66831716320318,0.023757340090019702,3.269038041091816,-0.6721034601658805,-8.334409778092116,1.0666939295185582,49.36351875808538
MG,0.5842546854994974,18.040000915527344,38.678484380102574,2.5903539496094505,1.107731522532446,-0.12850506822320007,0.6651825154555764,-0.443469107484323,0,11.881993511345687,40.937505049226644,4.9224186728526975,3.6585355538648336,-7.770953946005629,-3.8434160461484614,0.8767077104465466,49.32341526520052
CDNA,0.5779712046140969,22.06999969482422,11.722828551983056,3.012904415892931,0.8538344224689929,-0.5200015080208698,0.6116911225303678,1.5858649129748235,0,6.432986118021986,-1.5611078513072467,-2.8148863469980725,4.469220140949967,-5.034423785570063,2.1574282221173577,0.8415203269068022,49.30401034928848
SYNA,0.6116439899602558,146.0399932861328,101.38570300277465,13.326137407952324,0.9568251018234659,-0.5194702456365304,0.044510027659647386,1.0408032618047218,0,0.9638807536045976,59.658895087542476,-25.545634146977836,6.49650832863667,-2.0588876075593245,3.2662251649478655,1.3901995746379487,49.08926261319535
MPTI,0.6229719294774936,91.58000183105469,65.45994615357166,13.460241346195481,0.7059237288242346,-0.13154581978052,1.6106119727165338,0.8625264441979487,0,1.2330259626371873,18.842466561502295,-7.722613273171164,4.524841041985852,-2.027276463203977,-15.39618711351409,0.9629386428080948,49.02328589909444
NXE,0.6524242558669184,12.4399995803833,27.059038715807617,7.255245222519423,1.1146686562090917,0.4512807800735943,0.44212465455457306,0.44212465455457306,0,22.29818740983409,10.479567738995046,-1.6051349007766853,4.356912953505255,-10.88825539757342,1.9538211593013202,0.8900476804971958,49.00129366106081
OSS,0.6225204852942163,19.950000762939453,215.80596949231116,21.516679138056876,0.7949693116639593,-0.3172602520525181,4.6616459258897045,0.0,0,0.0,30.136991923840366,-63.11475104838894,7.6498369459411935,-4.45401549407181,13.095235519316626,1.3053145450503216,48.98318240620957
ACMR,0.6111373965059701,91.91999816894531,163.34696147475955,29.352742603437008,1.439407278507498,0.06931197128131547,0.22845853857003093,1.610091119456713,0,1.2844021851885457,61.150064328472844,-26.23462570083784,7.254211634788948,-2.4328109644959373,7.99081424367737,1.664968006713971,48.96895213454075
MOV,0.5662022871175175,37.5,72.91028787928656,26.005947269878693,2.435649671234292,0.36606434988962033,1.6799926757364505,1.1066691080434055,0,4.542281403684254,9.36132691360028,-4.188681548338399,4.107618786039806,-3.275729798132096,-0.12489559476881336,1.7851686183112365,48.90168175937904
FCX,0.5962284741767538,71.72000122070312,55.8722212000333,12.923542763022713,0.7730706221939546,0.09805931699868155,0.5158883308489628,0.20914880552667142,1,0.0,10.360704783366868,-15.83588824892343,4.109234086852792,-0.5132405825742808,-7.966984998612596,1.116808649018389,48.75937904269082
TH,0.6535885313594118,16.950000762939453,105.52745505095021,-2.664518075255753,1.5643426008074133,0.2325203996595831,0.4424823572811553,0.35399038694243895,0,24.74055148202331,33.88626356157042,-19.339936493454683,4.313948188343604,-10.459585368259962,-6.423033674343019,0.8258951455182607,48.60284605433377
BTE,0.572871916308524,5.0,44.119759056407304,-0.1597447321279428,0.8562284637849422,-0.6609638253721722,0.10000228879835892,0.19000053401961706,0,8.705779657589531,11.856828513789655,6.249994178013076,3.520715577261789,-6.716420232833052,-5.352792773512727,0.9499670971291286,48.43725743855109
CADL,0.6397717851048147,8.420000076293945,64.73967672369878,2.5953455554412064,0.8655569518819661,0.3220987240160166,1.0047445861932933,4.156774088560473,0,10.117615899119258,64.93633779011698,-17.52988226702419,6.892264413402118,-9.16936719961166,3.2193129604487654,0.9267332056617935,48.338939197930145
HAL,0.566571984252855,40.130001068115234,42.99009735166144,-1.754125682392265,0.9477634368310432,-1.0804125893998353,0.22427149312277578,0.031150666848782958,0,12.955163547243409,9.854920364136687,4.097192090084826,3.006301440816456,-7.937598238773726,-10.64878050788926,0.975929411394877,48.06985769728331
FLEX,0.5836490365750414,159.42999267578125,157.93721899240515,15.54740058262658,1.2487063111544952,0.22446772320441422,0.2697158341103889,0.6930914999031984,1,0.0,18.332960536871845,-57.95950904648208,4.986513798115551,-0.2689903246126836,-5.126547198812574,1.4843483290311132,48.05174644243208
ZGN,0.5517955960742974,14.600000381469727,25.052000797638875,9.700205216955945,1.7417708660877118,2.943043525396601,1.4383563879842118,0.6164393851383329,0,3.3225712305278905,52.719662553402955,-5.748100672052011,3.485811108849789,-2.536710095816901,-0.826445466690897,1.20400771928851,47.99870633893919
PL,0.6381213373788861,48.09000015258789,292.3374195714322,10.857538095004452,1.0607715508095696,-0.45120128232439766,5.572884792298825,1.4763965111355586,0,3.8474949034767496,42.151928907144,-8.56253025060357,8.862253483986471,-7.090414002868341,8.779193200897147,1.1329663803848828,47.988357050452784
CORZ,0.6221423509727745,29.049999237060547,60.2150234436186,17.019130414067334,1.1664312598942463,1.3549575600792882,4.853700118397128,0.46471680696281115,0,0.0,17.945595723588802,-8.76777416083244,5.4917619514037,-4.629021305797028,4.680586370051566,1.2103298807634992,47.85252263906855
CGNT,0.6165751915005083,11.619999885559082,26.55309652893072,10.687750444666614,1.3298286198996958,1.5955338642527275,1.5060175453441222,1.3769350169889596,0,2.385009413818855,21.421110301909017,-7.418397877298358,4.644699977211006,-5.605203172064961,2.5157209312998288,1.0328817646240391,47.817593790426905
RLYB,0.6428266090930194,16.229999542236328,199.85568323003278,10.329353097580185,0.4724552653848599,-0.0053277196331721465,3.3887933449658445,2.649410743086942,0,1.9534220158398796,14.943340464795387,0.8498575532802283,5.749493682111037,-7.647660794953332,7.328067946373179,1.4286670578552632,47.8111254851229
AKAM,0.5971293648994777,160.32000732421875,67.30824502305641,10.437566728979963,0.7566885776326348,-0.12559728709092224,1.8275901583746714,0.45034935696184947,0,1.9456176706975976,8.536998197213101,-44.649268549941,4.589481296372649,-3.100628418625628,-3.6386644830579913,1.0606011019640706,47.81112548512289
AESI,0.648923562062533,18.040000915527344,97.50051413466731,-2.961185786384098,0.5818541454315327,-0.15957190889400352,2.2172926729943447,-0.6929046211160736,0,15.985322839023034,60.49823204869805,-6.14084592972666,5.543233948411448,-10.382505376397841,1.928778071346269,1.0667516589351018,47.79430789133247
KLIC,0.6127789413401582,108.36000061035156,130.26844695230938,6.502595491179419,1.3298756708040373,0.3813470277131392,2.2332031867512767,2.0487275822980777,0,0.8300046098751247,63.70333598066148,-18.702334195064008,5.2859446803118555,-2.1844206355070805,-1.2365016795460733,1.3678234453233404,47.78913324708927
ENTG,0.6402822935144485,142.9199981689453,73.7755040148481,2.1751174862664957,1.0095457323647299,1.2539682636881486,0.7136142415316478,1.1265047795740386,0,14.305533012801993,7.178374934335722,-7.333035902571651,5.015788188897296,-10.135824641493391,0.9331995679065593,1.0521031573292172,47.552393272962476
LNTH,0.5847987590721881,96.30000305175781,51.800537618449425,1.1315636599133783,1.2148561769236579,-0.0031748747944861026,1.921078313058386,0.22845401217962336,0,8.603260920250651,46.08617373515577,-7.165642518713726,3.898603505075703,-7.3058007338614255,2.5644368397500608,1.3925091681572186,47.54851228978007
IESC,0.637417715031369,704.8900146484375,56.62408785372959,4.404020010903039,1.1515529838013157,-0.08648656091024265,0.5830676085838039,0.0,0,0.0,85.35591227985644,-9.369114019743863,4.789704109077578,-1.2510146233142379,-8.44718437196392,1.0075522852189136,47.50452781371281
ZD,0.5706540300232756,45.41999816894531,26.61097884648187,5.464800421424764,0.9923837335490601,-0.12531492722610668,0.858651266759633,2.025535460179919,0,9.422802428059839,9.498550313632864,8.154312786106473,3.7066761164234996,-10.148370218476105,1.4671059074656416,1.050851340469855,47.49288486416559
KALU,0.6351131586866456,190.33999633789062,88.49267843566409,7.183681410555183,0.9936410034016552,-0.26373851229231143,2.1461630726282257,2.101454515184498,1,0.0,78.65591170623681,-6.475033254161124,4.145024051735723,-2.1010706697835095,-7.0254095947540325,1.1487921875308529,47.452781371280736
DINO,0.571623536021678,73.22000122070312,28.974925904083815,3.9246141951535853,0.9735286493438955,-0.32924375706642744,0.6009320323199188,0.06829151997199244,0,1.3065227126637076,44.41256122847742,-2.1258034766353564,3.6065470963198316,-1.4004859757550912,-5.845240916167685,1.067388901379018,47.393272962483834
CENX,0.6085878271910468,68.7699966430664,117.68254846157562,10.30820748444166,1.195513851768906,0.45738602166983133,2.4138486885510164,0.0,0,0.0,49.37010268255555,-0.6522819596422395,6.299465406671441,-2.3569553526806026,-1.388605857078089,1.1440202809305988,47.36610608020699
ADI,0.5610715658342387,423.20001220703125,48.77771480181132,2.3176227761772505,1.238341435750474,0.5414272265826889,0.132324561067941,0.11814744460692887,0,1.3404016032801176,6.3183080480535505,-6.475750008573532,4.192040549396331,-2.873402409475679,0.6431148503608918,1.4982395502893204,47.364812419146176
WCC,0.5506066167008791,371.6099853515625,27.684529176724972,3.415884101450463,0.5978285373099333,-1.0641705098936771,0.2637203048777998,-0.13589647822121356,0,1.8967056004360043,30.2772687866379,-5.665488929592777,3.604008366556618,-1.5002528234201158,-4.84361267233088,1.0795151273144103,47.364812419146176
LITE,0.6283651315029035,1029.1500244140625,204.72548248032547,9.478512565029405,1.0648893573350002,0.8923434173308572,0.568427872239759,0.23786600483893175,0,2.0610157831842244,45.699732425119166,-7.878667225460805,7.737175212667149,-5.20687739482723,0.5124931326258609,1.0852038382717386,47.33376455368693
WULF,0.6228915181106025,26.489999771118164,59.01279103022612,10.767300518088204,0.8970300655987109,-0.5879628157413207,3.6806356733002143,0.9437523674995856,0,1.0011125444990492,59.0991013660185,-4.84522153117216,6.607615592728985,-3.5499740615962,1.3907286942242147,1.079050284954141,47.24320827943079
ENPH,0.619247312130941,72.33000183105469,138.93033323137644,37.92248972271669,1.105634083390127,0.20578851609913673,0.6498012011591477,0.9263126872280147,0,0.0,39.98452563160066,-15.703750665096477,9.291738796396176,-1.9121183530552988,14.214464681168263,1.861119415048051,47.23285899094438
TIGO,0.553815251837768,88.87999725341797,62.47677096764328,7.019864242441629,2.6576578891189753,-0.0568547565671383,0.6750743947461142,0.8775864124569417,0,0.0,4.123707377994442,6.044288291131453,4.281455799278737,-0.6705476989261048,-4.654069023127335,1.3141116357533846,47.20698576972833
LASR,0.6499485365666046,76.36000061035156,104.9668533724738,0.8568743780511343,0.7919367890396026,-0.6593269142765734,0.8250356840938975,1.760086117416471,0,7.059306036564209,74.09940617189267,-22.388693943250924,7.799522173702009,-12.179409671598524,2.1897846633295392,0.9388460140804655,47.19534282018111
TWN,0.5680613465215353,101.41999816894531,93.425827307116,6.074549514898133,0.9416299846869669,-0.086439190299765,0.5718811294817836,4.1806329523539745,0,0.6986250464511332,1.1368163178243136,-3.2475172478085637,4.563765712051295,-1.9622995061980477,-2.9047648111518094,1.3282954581993318,47.15523932729626
UMAC,0.6096711402005277,33.41999816894531,270.16259449236657,82.533169770217,3.5511766328997267,1.9261447113532018,2.812694473010464,1.8192694043368258,1,0.0,12.905397763906576,-11.078926041791298,10.635633668962791,-2.735746288362114,20.780095333967864,1.8917800210442308,47.00776196636481
SEI,0.6699771926742245,71.91999816894531,39.08960433790274,-2.3827480816785327,1.0533142417283266,-0.29589157878168887,1.668526985778191,0.5978869801410455,0,15.131545749625802,13.815476708062786,-0.24167601646141393,6.130322621982798,-11.472181117407343,6.439086642524735,0.8885779028561639,46.886157826649416
LXFR,0.57453768961666,17.559999465942383,31.330029777410395,9.479718293785636,1.0670636240704519,-0.09328181688513952,2.748298293972083,0.31321359251361136,1,0.0,54.138296070458445,-2.5793673693704493,3.1718186934416295,-2.6747871639771157,-6.168555843782238,1.130455105806363,46.877102199223806
MCHP,0.6438557199904477,96.95999908447266,71.16192821227685,1.1408026090012569,1.1064202940303451,1.0390865041138078,2.4133704510685736,2.6196300640367634,0,9.257693466057102,28.95726454405636,-3.913955841645853,4.536925998679461,-7.991087666949255,1.5404172149247128,1.2591438110357085,46.82018111254852
MPWR,0.6285866552063959,1624.989990234375,63.94110200327621,2.1977040735918036,1.2272022052544749,0.1088348401590388,0.17600018269332476,0.8547753975041761,0,5.223983334372337,74.04496616410002,-5.580621879669718,4.97339301519135,-5.198092128334986,1.4819624495955002,1.2723672348736978,46.8124191461837
ROG,0.5969312732982833,154.22000122070312,72.23121957303336,10.078515617965675,1.2707390960973772,1.199564877117031,0.9369680028418623,0.460385623293115,1,0.0,15.95488813574705,-2.607410572173973,4.100124250986597,-0.9282704061563275,-10.904848651062293,1.196827566147731,46.786545924967655
FLXS,0.6081005758213257,59.189998626708984,39.35110273900835,5.762527410471812,1.2375915654352514,0.5942681570034805,1.1657416073722207,0.6420021573329487,0,1.3178755449861272,3.3004914399701315,-2.185897265619254,4.2333413534691315,-2.919472787152453,-5.59907784658919,0.9687638916529984,46.74126778783959
RNG,0.6346015682542611,46.369998931884766,52.71306510484328,6.9122918222482275,1.030636441167114,0.07889168894886986,0.06469437133327258,2.5231792017911197,0,2.4599086197988274,65.25403952652792,5.566139826581107,5.964446606982481,-6.980942123745722,6.032421985836113,1.0688450220530674,46.653298835705044
CVEO,0.6004797962407903,34.77000045776367,44.20898676234324,3.8949399111357788,0.9259579157746839,0.3123838001861915,3.5375309922560287,-0.5320718172276774,0,7.024237277062781,21.10763345986101,-3.773584437252514,4.736226202595483,-4.739724773120359,0.2577308365791881,1.1038740907003293,46.58085381630013
CMP,0.6422778763746584,33.31999969482422,63.68052760929817,11.24465799299388,1.2624837973880034,1.15447038077633,2.671066619967513,2.100842645047142,0,1.5988030781823426,54.97674276406721,-14.970527904033846,4.761190446587483,-3.4202907395408073,-7.209298776690483,0.9838136526325377,46.57826649417853
BE,0.6432300252802364,302.8500061035156,165.45338334529654,6.367287192121442,0.9786443259896073,-0.45012200127682117,0.7462371479256106,0.231141552887957,0,1.6639297607987422,148.56370256459672,1.6352553288343328,8.380291683808618,-6.189010098111063,11.244331316913543,1.2209034711550333,46.39068564036222
OVV,0.5525705600773663,58.540000915527344,33.00123564806741,-0.024762355540866664,0.839576783223967,-1.2901356222478424,0.6149651600875277,0.008542992888512999,0,16.39435113820249,2.7558358103494585,6.102018328150308,2.9802584904660963,-7.752912448546828,-8.969634019254457,1.0016553575050837,46.34023285899095
PKOH,0.5977672113333399,33.38999938964844,45.63736502677669,7.437615734246315,0.8677048592780117,-0.08379438063026357,0.029955484914653985,0.8535485253465728,0,1.4311510680805284,8.268479975230749,-6.066874232799703,4.270954591245216,-4.627246528149928,-1.9255380476752813,1.0739183096841531,46.254851228978005
HIMX,0.6270686956460821,23.979999542236328,205.41552181734605,24.629694101922336,1.137129214470148,0.8495395501580634,4.628860014572616,1.7306047376292106,1,0.0,136.72259891373727,-78.63320820215544,7.801146390862488,-4.424075741557266,5.820721665425801,1.5422348969030908,46.21086675291073
TEX,0.6160512797264542,61.31999969482422,21.262777367396613,1.5626943334384649,0.8094987780492242,-0.7928605686912449,1.0926320726779195,0.04892790956126464,0,40.8648945553261,4.219656885565755,-8.658076509546234,4.301789265791637,-14.015142393032198,1.2941617252612578,0.8908245880037929,46.13324708926262
NBN,0.5917229432021907,121.22000122070312,24.628243641847057,-1.1191214224054824,1.470237234639529,-0.34264508348826217,1.4684035318902353,0.9734369685557428,0,30.65721186685351,-0.5986024975817752,-0.05679027552367327,3.4606506702635307,-10.610656697370814,-2.313341990322553,0.9348056432793039,46.00646830530401
PLSE,0.6563838865133603,24.280000686645508,65.57550284020101,2.874820869502536,0.8261747506685987,-0.24851250989004434,1.235581666244337,2.8006601561662583,0,16.75743093224667,17.012051501086205,4.742889317649465,7.4461627128368315,-13.223727362373133,6.923079910257118,0.9614289666210942,45.940491591203106
STM,0.6066330484770062,79.51000213623047,236.2354427222063,23.96320926055519,1.1079667756439564,2.5994166101172853,1.3520273164963497,0.9181277038247877,1,0.0,59.947703882510474,-9.051329161981485,5.065398920874626,-1.333991388523799,-5.744544251556305,1.4579839181577445,45.90038809831824
VICR,0.6373937379161115,332.95001220703125,260.8554805959395,13.75944648126868,0.845291901838963,-0.17871726786448147,0.08108995457948281,5.379186966636597,0,2.5352580411901764,102.35202734390063,-24.67531914912241,8.148584244474147,-7.996905487829059,7.00133066954048,1.188635430921284,45.89650711513584
AMKR,0.6305261163541191,74.73999786376953,94.42553631089584,4.167244963197727,1.1459230220898646,1.0086439368962106,3.465351941769342,2.0604776017170043,0,6.176076276745919,57.71528654628286,-8.074976649917506,6.6726569378151535,-5.667052004124977,2.9687853515647507,1.1953997499644402,45.76067270375162
AVR,0.6390289006037079,9.289999961853027,114.80512846954814,19.003394028739702,1.2916831151329662,-0.0014779799618092298,2.1528504850899406,0.8611401940359763,0,1.92598999217164,53.30033084223065,-6.199022957336198,6.716130413430797,-5.107252317642386,7.321425970020553,1.561813643823219,45.597671410090555
ASX,0.5994418477086726,39.2599983215332,150.82844605123015,11.319039106545798,1.1787325318695046,1.0912518334219607,0.3311285625822875,1.197150384067563,0,0.9566571372480731,87.93680932373906,-9.35563993765398,5.170655657262775,-4.476886182128914,-0.8916027161444082,1.5431861196354721,45.433376455368695
KOPN,0.6455675840582149,6.099999904632568,138.2197485045957,16.668259008665004,0.8902638128711206,0.11061501184525761,1.229512905943519,0.3278685448510622,0,0.0,52.499997602689206,-11.185682849141829,9.408666190521863,-5.426355270205521,8.080806313095927,1.2029121661584299,45.379042690815005
PDFS,0.5894148953513969,55.47999954223633,92.94300093739534,15.00113903984154,1.1765510863474422,1.2393152567841972,2.6496056827785894,0.0,0,0.0,20.477742586761742,-24.076572655605577,5.717632169178466,-2.581213697952968,-2.136754575039077,1.1744187050238724,45.36869340232859
GHRS,0.6372111346951524,24.8700008392334,52.269897389002054,11.509665319494184,1.1564725115576326,0.15118733970622056,4.041009757992311,2.4455168986495286,0,0.0,60.86675793828547,1.9824817638006527,6.851397321545321,-3.884054727450284,5.869725359813746,1.160348880536955,45.285899094437255
IMOS,0.6318552708728705,64.61000061035156,124.6266400567331,14.448175272871449,1.8336505719325782,1.0552741909313705,0.19346850149702413,3.6370519575251716,0,8.502475422091202,-8.041561847441212,-18.757787481507577,5.681329284206018,-8.987177694485032,6.303949453848445,1.4643413364206626,45.24062095730918
KEYS,0.5724257219495331,346.57000732421875,63.299330221907454,-1.0638095968746775,1.398340277854459,0.08180139697124963,0.7011549252445735,0.39385700018008285,0,11.455753115242622,14.956214241277129,-4.272087373632171,4.133178225575944,-6.376708650528277,-0.5512913148203771,1.3418796696593078,45.20957309184993
SRTA,0.5976682540369839,6.260000228881836,32.45938981478016,9.892043613013776,0.9489070433017761,-0.4749967364330095,0.6389770029414581,0.31948850147072905,0,1.538877463333623,30.416666246408735,-15.510198716283623,4.581240578331414,-3.6923041704806305,0.7194294784718028,1.2013357293523643,45.18758085381631
XPO,0.5600716556391808,216.94000244140625,40.92988510231699,4.642946054208602,1.9178448173606766,-0.7829863018471545,0.5577539602910977,1.0394601536944132,0,6.817499330287174,1.255543729938714,-0.8252108929475486,3.815570901851919,-6.273223818898423,-3.959305310170897,1.0316928017290141,45.16300129366106
WTTR,0.613128520020468,18.860000610351562,76.81647294423857,2.0479974739719484,0.7604366411170277,-0.28223845785456925,0.7953319918769824,0.2651174060889729,0,8.088224059162377,48.76654654313361,-6.080675446764188,3.830101705223367,-7.910151211013002,-8.327550634524119,1.0389836570576692,45.059508408796894
DAN,0.5594713050347896,36.560001373291016,52.49482826084042,5.956253784799583,1.1192625784536963,-0.633050304119916,1.1351123775446683,1.1488018814406376,1,4.707499884569804,55.137132842374605,1.9677474825654955,3.69549081842559,-7.261411566621309,-3.6294111903593382,1.1001939986343747,45.042690815006466
NVMI,0.6261798237899034,523.1300048828125,55.43942679860145,2.8777992373821206,1.0654996303993285,0.8700910236924747,0.2179218622129499,1.3056060684878323,0,7.252609547079643,14.26044230888788,-6.849621287318418,6.03824243166303,-7.410618604798831,5.2826106204734,1.1139700180398493,45.02328589909443
CYD,0.5994783939827721,58.900001525878906,52.92894253330922,13.54764370799256,1.5310101868155748,-0.23666184582049996,0.4244482063144141,2.9711374442008984,0,3.383883045776967,22.733901782879304,-21.071423878980315,5.500848827946092,-4.196483467022501,6.304953653810745,1.5527230430382106,44.98835705045278
STRL,0.6083050289623559,875.52001953125,142.50224375094922,6.977970623148604,1.2089010472665382,0.01873099515546551,0.5112335581805194,0.7481323878378463,0,2.8910875401074407,8.62531259691858,-63.96532676488329,5.6278061985642305,-1.9717157922438615,-4.638830099420392,1.2005967096345511,44.910737386804655
SANM,0.6075800833030147,278.3599853515625,66.46141071566727,13.779559360461716,1.1026570763391654,-0.5714935125633785,0.31251027813905474,0.3664389944402654,1,0.0,94.39903666774795,-13.346268611430093,4.9478543941887985,-0.31153669395028544,-6.544028362466054,1.2866013668397258,44.82794307891332
VSTS,0.6198448027426631,12.800000190734863,85.75062483539872,12.172466235636648,1.176178457358858,-0.5712127787236138,0.7031261815605672,1.6796886669323583,0,1.4527148695184884,6.666668255568305,-4.260090932153875,5.108817271331121,-1.1582982295596063,-6.344828111496888,1.1746657829415255,44.78137128072445
NXPI,0.5584222233325216,323.6199951171875,55.83663876466423,5.660276968149388,0.9796087988610466,0.33674179085831524,0.6071924997010767,1.1995515060720847,0,3.078920380766363,11.882452935892369,-5.2379900801950585,4.183588695021707,-4.803652449893326,-0.6713060773530422,1.4602478916251145,44.71668822768435
BFLY,0.6264301768325781,4.579999923706055,35.961695843711496,5.5056433421248645,0.6787642606905142,-0.4618982733758299,1.3100424403040098,1.0917072392325924,0,29.409077927141553,-1.9271980963229802,13.402064082775572,5.6035535940285115,-19.930068323448292,1.2594446333339984,0.8311908081782767,44.65459249676586
LOCO,0.5558913260034538,14.229999542236328,18.65055333779122,2.814202288311868,1.3046983524273095,0.6583068877084617,0.24595817663778619,0.07026897771245744,0,7.21298365416246,11.871063234195363,-5.153846740326207,3.5990368741187773,-10.503145385253044,2.4028212583433337,1.1214803509172961,44.6287192755498
KOS,0.6532638057878387,2.9700000286102295,153.39833112991388,0.2193358399435314,0.6048453176874976,-1.0285243447767614,1.6835000612052509,1.0033729401812246,0,12.851205222680411,47.76119613055837,11.926601487496892,6.252523162926665,-11.077841166362004,-2.464794850432373,0.9522891340445584,44.60672703751617
NBIS,0.6281048859410351,260.5799865722656,162.8903380462849,24.994597432785167,1.1895735978785582,-0.23144131863622366,2.5826693454455074,0.10745214280612052,0,1.3159652769117338,124.00067262911614,-5.486910800920406,8.985118902969251,-6.548531217902348,14.283287416521656,1.3335022045075682,44.55627425614489
OXY,0.578790587767601,59.09000015258789,30.399486738910287,2.8815187769544988,0.8046436493062346,-0.660227257410042,0.5415462751607197,0.008463476226494331,0,22.855406072697175,1.164184740524815,8.511699069299238,3.127190369458635,-12.394362007081192,-7.5934783063679765,0.9395492580014678,44.402328589909445
INTT,0.6440724915325151,17.18000030517578,101.37111572941062,-2.0217275337556524,0.9700371226348518,0.675100169640681,1.1641376718656151,1.5424932398138136,0,42.18420890287215,-9.100525650683796,5.339814614487248,8.67911295950908,-14.099998473416095,0.0,0.8786475117633671,44.128072445019406
ALNT,0.6108418061000679,85.41999816894531,46.99392573098533,23.451632974730057,1.5481755520134146,1.1254937959670492,1.4984767112149593,0.6907094122284199,1,0.0,29.89963096999661,13.443484003190317,4.739507997875808,-1.476353891968693,-3.4471312926188102,1.161453276118095,44.05433376455369
CSTM,0.6154317829961862,36.06999969482422,102.79442121919524,7.6668198671196315,1.3167017750888592,1.1727690092779313,2.550601584144415,0.6930967621520169,1,0.0,38.7841477956448,-10.89494355907344,5.170501588956116,-2.4871639412584092,-4.423600158833292,1.242271843958286,43.78913324708926
SKM,0.5890083053050358,46.0,116.0553144087207,19.10156102974106,1.8394508474562783,1.6819759992856753,2.563916081911824,0.5652137424511978,1,0.0,3.533647724521822,-7.1820147058377195,4.807360868276277,-2.499822725045106,-5.20393640784905,1.3480753629804745,43.76584734799483
CCJ,0.6373051812070064,120.51000213623047,24.638960912704388,7.552122836344413,1.0072957939399634,0.7624496968636653,1.479542859286711,0.5227822351999325,0,21.186975189199906,4.955584790524246,-1.589715220228387,4.008144405876365,-10.891750043273424,-2.3338208231822772,0.8783818996919114,43.70116429495472
YPF,0.5886137529275948,55.310001373291016,38.43703647171446,16.77029485324067,1.1320638325393182,-0.13048340803284256,0.779057581498255,0.36159963473155277,0,0.0,32.98870201980398,-1.1253657361116423,3.8511381353996303,-1.4959931072945458,-7.752862933877938,1.1662005168157759,43.652005174644245
HBM,0.580901812334611,31.8700008392334,76.19100234319953,21.955422351360347,1.337158249246029,0.4078459089285426,0.8628792321307622,1.0511483620620943,1,0.0,18.46867599653416,-17.133667724544257,4.913936206700809,-0.855497323395746,-7.74336075420661,1.2842357012971917,43.620957309184995
SMTC,0.5844547317724454,166.6300048828125,112.90961352722985,17.68860797088428,1.5217004638109737,0.4376800684977648,0.3780769402621789,1.0709356477031888,0,0.0,1.319468612638178,-27.478992272826456,8.092779232652775,-3.324434733821698,1.956514730769292,1.6508652448876118,43.5666235446313
BWA,0.6005946034675105,74.08000183105469,61.86321654008546,13.929895204655962,1.664395923102322,0.3830948109214297,2.308314041823813,0.9719135711428261,1,0.0,65.39127282714612,-12.246712364747625,4.4369891102205985,-2.2562330964423576,-3.848368724344807,1.365758727030925,43.55498059508409
ONTO,0.6437421614339262,278.0199890136719,82.4220367766674,2.38940097805254,1.1837480259166064,2.0482723533133935,0.2535850362207389,0.4280276557177515,0,14.0731357990844,12.06868226439549,4.016023792186277,5.340958217241716,-12.018990818420233,-2.0282747643064836,0.9992621925373734,43.36481241914618
CVE,0.5995003791063697,29.270000457763672,53.13274107444037,-0.8787803899846813,0.7531450614250412,-1.2587336200021044,0.1366553042425215,0.10249636547759386,0,6.273301680451522,17.597433408378745,2.835224797931966,3.4579539434285747,-8.73089885755481,-7.0231455160384995,1.0739684071010238,43.35963777490298
PTEN,0.6539414888304391,11.729999542236328,97.23044331718167,-1.0565808034888453,0.8246488882636136,-1.4248647493077307,1.9607886177904061,0.29837893243815805,0,9.852743269041282,46.588891422923595,3.4987835533802594,4.713276533762015,-9.513913484065096,-4.124647983775762,1.0436260345162423,43.35705045278137
TER,0.6159754822066078,392.6199951171875,104.24729549124613,8.79553531252653,0.8457737509110479,-0.6645902915300218,0.07131546604308552,1.008606669124449,0,2.377909905589309,28.217383422382824,-8.653396313157872,5.3886477076200725,-6.951199975996198,-1.6435729267460124,1.161659461535606,43.33247089262613
TDAY,0.6161338024525468,7.789999961853027,43.70877236700474,3.267713498102689,1.015600701519167,-0.0988285118903387,0.770211376488999,0.19255284412224974,0,3.0993509348749075,19.113149955656827,-7.352940969144833,4.011552855847098,-4.884000475891515,-5.434781078702079,1.055077366935821,43.31047865459251
CTOS,0.6044062033321124,9.760000228881836,40.95841919619221,0.7171993988272489,0.8016381194587121,-0.597943553428912,0.6147486119793792,0.0,0,13.527940475226503,57.67366943592087,-3.036648754248304,3.8488002450741923,-4.500978728796996,-6.250001959651168,1.072398731212077,43.212160413971546
KOP,0.6097191949135505,42.47999954223633,32.047904990444856,2.7445000464417935,0.7936711915473209,-0.6740433353417988,0.30602888303451775,1.271179629558298,0,6.044808484192736,21.290021192704806,-8.132527490059605,3.7042896520550497,-8.248294069658979,-8.034191180485802,0.9374896075532146,43.15653298835705
ITRN,0.5662022871175175,66.37000274658203,61.0410804671381,9.584747232296696,1.8152633641774838,2.459916450000368,2.154427353409198,2.3956665684228597,0,0.0,1.2509529468125933,-4.399931007522652,4.025043672489102,-2.825768988157976,-4.013177845160154,1.6639396736008503,43.152652005174645
DIOD,0.6430456603679665,114.12999725341797,135.20093013172,8.488590938388038,1.4465290344796948,1.5305692411618808,0.18619252693505198,0.0,0,1.2520572453752135,46.32050929865995,-3.026679860040493,5.546463286936454,-3.1154547565641386,-5.328180614963561,1.1671814042592537,43.124191461837
ELVA,0.6230111031840906,12.260000228881836,147.4163794057431,14.195233494278177,0.9798164945908915,0.4552667357787723,4.241431438328507,0.0,1,0.0,76.65706234915393,-18.624341420303754,7.020506908893568,-4.068853794316736,-2.2099492995212793,1.142465039855604,43.067270375161705
LION,0.5705093460273984,13.8100004196167,73.34040638575188,5.186993475667057,0.7460639196506121,-0.7532977515264789,0.5430833235397362,3.330919798237276,0,7.26369167289454,-7.625414074357903,3.0903355533158394,4.895520774280528,-7.964009900902982,0.3253870474335877,1.3405428323440982,43.028460543337644
TXN,0.5663020281830571,308.1199951171875,73.46190610646104,2.122353642578986,1.3085397159364809,0.9259723306300103,0.09087329083900385,0.7399710552449936,0,3.7582792198999933,9.728083674552591,-6.54453374779658,4.232118782264794,-7.055598310561876,-1.677442263280846,1.4216292658403429,43.00646830530401
DXPE,0.6737800226908347,153.3300018310547,51.35413992919593,1.6676086615339696,0.8179521979678083,0.028387820045170632,1.3108944647620389,0.17935769385476194,0,21.84717332781114,19.248716477953796,13.360441949069452,4.249240248622254,-16.627698995141042,-6.26846900276246,0.7488135735337587,42.99741267787839
BW,0.6418627276454365,18.040000915527344,176.8597729242862,-2.9298568657958906,1.0223096327816776,-0.21702953962182878,2.7716184844642946,0.27715761929224786,0,17.567782802881542,52.88136121525826,-25.397877604967633,10.639847314242408,-18.11166430582895,2.1080411201859275,1.0123434808987701,42.99223803363519
FNKO,0.657021484958118,5.289999961853027,55.624815812814354,3.421308933642026,1.0306572180460247,-0.4510726075461802,0.18904024484042847,1.0396943048173535,0,5.417389237581316,0.9542021547579518,-27.102798838251086,5.995139840771156,-13.13629179900016,13.056374884663246,1.1193480996208724,42.97930142302717
DBD,0.5576513308074218,82.23999786376953,15.684113735649241,8.13155896771316,0.5584990400117342,-0.23118400194163966,1.8117678774987243,0.03647711585085785,0,31.47867023323567,-2.6860776417622385,-1.1224231003811889,3.4116175479100423,-7.647394671007122,-4.982512722173096,0.9427230156977016,42.869340232859
LINC,0.6479964499483085,49.060001373291016,126.60654911727585,2.2306990622348817,1.0343709270657515,-0.22545014762321147,0.937625502623223,1.4675931523320918,0,9.489077416538557,8.80461567349812,-20.555280916267915,4.5134242249931535,-8.29906285350653,-9.326568276718591,1.047910616554458,42.794307891332465
RCAT,0.6594944308838467,14.949999809265137,89.70223341798086,38.1509025509813,2.538618434134096,0.7199780449218244,4.741139296672427,0.8695659939183132,0,22.127694893570627,5.653711747318197,-2.272727272520661,8.096034357865104,-20.394040133874707,4.301884488914716,1.02580468513866,42.6882276843467
WHD,0.5927985776920182,60.09000015258789,29.38821648224179,2.9825534365583146,0.7661880308159071,-1.2964635770093593,0.8820082841441457,-1.314696144962772,0,5.27237892651087,32.29324153720714,-3.7438005143393944,3.471041189567392,-6.321473871259524,-6.164986339288003,1.052682701036216,42.64941785252264
POWL,0.6456869197112225,299.07000732421875,166.03376790430298,2.288615457286014,0.7811216148834824,-0.6939233296407087,0.310961531749302,4.346206287665599,0,5.075265116679243,70.2921383689151,-19.299852454145128,5.90742203311954,-8.78873620923152,-4.27131334818324,1.0219233317909997,42.61448900388098
ALGM,0.6072536519231829,50.33000183105469,76.7922604263503,7.039561355422344,1.0906419691915406,-0.019991158142204413,0.8146231521712056,0.476848509901462,0,3.0261927280830894,32.51712068811152,2.2029105954931003,5.754874650423195,-4.678025457669661,-0.5676129280725416,1.2920486007541916,42.51617076326003
SVCO,0.6303770627710232,12.170000076293945,155.69227621278506,15.739420495471034,1.2635663730215814,0.895538832774476,0.49301122071746084,1.479041498424448,0,1.0855597999190045,141.94830153572016,3.9689390168348835,5.730131775870529,-4.959002059340669,-8.832806454470346,1.0548587674966186,42.434670116429494
VIST,0.6001819804434885,76.72000122070312,44.28160013678158,5.6509211045978605,0.5144693211809097,-1.0058400196511086,1.0036452434891046,0.8733031260116539,0,2.078793528302608,37.000002179166295,8.801851877181562,4.453766955243708,-5.795679124691915,-2.9836269757029217,1.068610377599939,42.35058214747737
CRUS,0.5827031046256559,170.6199951171875,30.001377279825327,1.2071043188320922,0.8682352877470532,0.6314518461755427,0.02930667752227731,3.153199963636589,0,8.828859717868339,26.469491131474104,-6.127792940693009,3.5814749142812583,-5.431772060282791,-5.37957791678095,1.0860669959248415,42.28072445019404
ARKO,0.6001467547124714,7.409999847412109,45.363405620492614,3.1624545921338196,0.9263826794855985,0.17964183625768043,0.33603184984605367,1.2145705477985733,0,7.807062159782839,48.541695990293746,-2.567977775526638,3.937717367512856,-6.792452512461357,-8.982034266443653,1.0106275002084388,42.23932729624839
DNN,0.648598756513202,3.6700000762939453,31.57913946041282,5.474926517950785,0.7887161103298376,-0.7223177112108569,0.2724792984372435,0.9536807927398083,0,49.75204394480796,33.941608145286935,-2.393614743980007,4.583495929418153,-17.15575127139772,-2.402407325330362,0.7659035825922065,42.23156532988357
PSIG,0.6279419957153562,8.850000381469727,105.6644759220681,18.22857955589646,1.8035283341046957,-0.2700048115903874,0.0,0.22599386326908208,0,0.0,0.0,-8.571427705057335,4.705407322364966,-4.324320199859787,-13.584901210276579,1.1467034698701613,42.17335058214748
BKSY,0.6592132617569273,43.90999984741211,136.0188640823585,1.5447931462161018,1.0425279906061682,-0.23079047077451878,2.937829469325296,2.4823506179704706,0,8.445471374229125,36.19726290640292,-13.900355029998462,10.932101801396685,-16.962936912537412,10.732078269748465,1.0712035362728356,42.160413971539455
OBE,0.6728204221613189,12.329999923706055,88.70755880440136,-1.2691688029585284,0.5838083050036174,-0.5352231972951483,0.7672321524217139,0.8515778011152851,0,29.29989063892147,5.384616450063356,10.857535896084523,4.787742879502437,-15.49006309178187,-5.84192732606687,0.9432793022108691,42.15523932729625
HUT,0.6138303846418891,133.02000427246094,183.81976777020637,23.133605994744528,0.8263507206557574,-0.5741992159478557,4.969177866483001,1.8719030320019678,0,0.0,231.2251114929236,-30.87858612274459,7.085883722931377,-5.525567195038843,0.11588770803962502,1.4642123464904768,42.13195342820182
BLDP,0.6215111514100179,6.380000114440918,112.86765641872745,27.06632362722684,1.4138380469825451,1.0451828971669217,2.9764877426512784,1.2539172767793272,0,0.0,43.37079522393933,-26.74772414519416,8.385467688517503,-2.8904537413334817,0.8298746973414008,1.7043863241054549,42.076326002587315
LQDA,0.644563474361608,55.11000061035156,57.11341076243386,-0.8768366174553263,1.0612105922690227,0.6384990075365976,4.300494865343656,0.8982016446989581,0,12.08768848976845,53.68098067992327,-38.07172998902479,5.580396140737162,-13.157892521988055,3.790170485747525,1.156179496927222,42.02457956015524
MRVL,0.6218903613279808,290.7900085449219,213.88520363248523,53.458075731462586,1.8644747342209027,5.596620556315252,0.1753771563875237,0.35417558935827603,1,0.0,224.81363734697317,-4.387139505728664,6.8308980375770405,-0.1750701233834497,-7.928556388308428,1.773058598768598,42.0
CABA,0.6647763263994889,3.680000066757202,31.410426071462936,0.12243382663241695,0.9849913635603604,0.10867083101959227,5.2989111318588025,3.260872874135459,0,21.46077478360602,25.17006785315014,0.26109636187589,6.698368007270434,-13.00236287721647,8.843536915459492,0.982080039394568,41.98318240620957
HZO,0.5893109327606002,34.75,36.851072421972006,3.695746897277228,0.8915399246470995,-0.9356697604483116,0.4460396526400421,1.611514743237124,0,2.548615203299941,15.833333332805555,-20.354306214641714,4.397738261678604,-4.137931034368609,-4.370707693346841,1.0710166680804234,41.86287192755498
FROG,0.5927879247312874,88.05000305175781,32.61136816881387,25.950352197019157,0.999319231555337,0.3766668054961478,1.2606480089347325,0.7154994112157916,0,1.1712032302014765,133.24504119317976,-31.2476221618529,4.80343989316001,-1.244953527083393,-2.5195141120188524,1.270769172472386,41.82535575679172
MGNX,0.61504041960168,4.050000190734863,152.92565804498784,3.926102132697186,0.5153237388920617,-0.4530763445513076,1.7283874446987024,0.4345693500260838,0,9.960113471681636,18.07580500670558,7.812499881143274,7.778835939465534,-12.715510616392578,-2.447558538618617,0.9340188410762688,41.815006468305306
CHRN,0.6372854049681789,19.139999389648438,292.87090653097255,19.915416547935525,2.3504520260585586,-0.07891044914545935,2.403349041097879,2.7638518955250198,0,0.0,80.90736792874038,-22.245762350399303,12.476862115003987,-7.536238240187046,3.700193023693203,1.3245597024666633,41.77619663648124
UTI,0.6048458897541498,41.65999984741211,69.19282091261314,8.238716257880062,1.302020810871352,-0.04828619837925326,0.8161309501321323,2.68866566992166,0,0.0,4.228167563305803,0.8632309076071166,6.081561058578103,-0.8095241728090367,-5.234857006454407,1.2352149799933427,41.69598965071151
AAON,0.5963362003870208,143.5,41.9218595491875,8.003145940504302,0.9784572456469677,0.2618206047932598,3.4843205574670084,0.515683270494011,0,0.0,11.025145067612959,-54.189330353599374,5.349426877148535,-3.691275167760461,-1.8372718178182625,1.1184932581017637,41.630012936610605
AMN,0.6328844901689961,30.25,69.9014441200567,9.990000679804806,0.9770340364358447,-0.5401403832246545,0.7011539679681695,1.1570260544071282,0,4.24797883419727,54.73146383611288,-46.09074063913259,4.980424613006844,-4.4233795745968205,-4.997221582690554,1.1404985880111933,41.628719275549805
GLW,0.6281164862086177,200.39999389648438,127.0341792445959,6.323762441374205,0.9895672338859878,0.866353279973959,0.5738568813838041,0.2495010056017155,0,3.6407243473734496,10.539801532838938,-29.65115351448991,6.296172435533971,-5.232945437679903,-9.816975775502499,1.0046973693329464,41.49417852522639
VSH,0.6026301947635373,62.4900016784668,351.2751606782482,48.73436799799517,1.9340944940799039,3.3026071242865425,3.2165118699199144,0.2880465679918944,1,0.0,62.311692669723854,-13.935237744907056,6.829663119325913,-3.1162764674450236,-2.222227313443247,2.1928275703050124,41.45278137128072
MEC,0.6310495430293761,32.33000183105469,78.50817656066515,24.25535863965799,2.002468549920407,2.681832845934651,0.525821711450576,1.237239702639547,1,0.0,34.9895649303388,-23.069980578446295,5.605143255350638,-0.5230712890464055,-6.3702007939178715,1.532773933512937,41.43078913324709
IMUX,0.63171473465163,14.640000343322754,93.83774393081869,15.232493932097022,1.101151666922812,-0.09099772662393736,1.7417975052540737,2.8005518541221894,0,2.502873426583746,60.35049462445423,-12.994351498887285,8.305035086661848,-7.165504638986593,0.9090943769148694,1.1492625138654542,41.14747736093143
ALTO,0.6416040524544505,5.670000076293945,110.5727066021269,13.513516013484006,1.508271505536517,0.29582453651042856,3.174608513615539,1.5873042568077695,0,3.2110021937823037,41.04477867626005,10.42047013862944,5.744520481555304,-5.499998727517578,-8.413471014988696,1.0442850111313011,41.032341526520064
TSAT,0.6415627625549216,50.13999938964844,80.6957692475334,-5.278271552154478,0.963065776739922,-0.2426014414689418,4.337852539874989,0.4786631060700798,0,20.29541557105293,83.05951261819801,-12.937065104032778,7.150692390712477,-15.189444696084585,0.053967773939551024,1.0117301848465903,40.965071151358345
TWST,0.6034900665714534,70.1500015258789,107.37004007604749,19.34331641563098,1.1298159864461035,-0.4817688112993925,0.19244780226945665,0.0,0,0.0,22.19125886101038,-0.03559433751936247,6.415334456537211,-1.2528144399859946,-5.8473950612289425,1.3276507399719242,40.724450194049155
APLD,0.6364151748272251,47.86000061035156,64.82492409376871,8.012955877267949,0.8709789541073741,-0.7513504573719129,2.8834121405922466,0.48036012781181103,0,3.4332775591237525,49.84345588479254,-25.147344416555057,9.02437154508696,-5.648098471949125,8.368685116355797,1.3375053071284118,40.61836998706339
CLS,0.5849037426638991,472.3999938964844,25.38185835234423,24.73661054218835,1.3191853265188396,1.3542800402334358,0.34398815008296585,0.4381895323791987,1,0.0,57.4666646319699,9.445492290577304,5.32002200388657,-0.34280892799324264,-4.1322909197068585,1.1519012582588124,40.57309184993531
AVBP,0.5839154557508006,29.920000076293945,18.646956966945293,5.277973243914308,1.7460628984927473,1.003225280713883,0.10026329953000514,5.381018068824737,0,13.735925921510455,27.699529177588193,4.476625215692882,5.23658358416689,-6.90727864170536,2.6793830167840813,1.0862261273344083,40.501940491591206
ENS,0.5869201909290227,237.50999450683594,54.74641754273559,3.16093220875229,1.2621811267979266,-0.36053172876551753,0.19367888699606323,0.4020826888756962,0,3.767328855223667,49.32315848597628,-12.146616175386256,4.682810658051985,-2.779373090492978,-3.6470297041360964,1.4544688366570309,40.467011642949544
BAP,0.5805767285799829,343.92999267578125,22.554600495943376,4.354356898636123,1.1491529161817688,-0.983234278072752,0.27622255321130224,0.9885715025963507,0,30.318834837534816,9.173325702403938,-0.7625439850887858,4.204914787368931,-9.120822788503192,-0.24561241965474634,1.0806973058473848,40.465717981888744
PUMP,0.6394051491021325,16.3799991607666,59.37962957266247,-0.5796548829147412,1.229796924580887,0.14705813987880628,1.2210059412352425,0.0,0,28.499725886154444,-1.384716683440541,1.186948121066682,5.760075058980011,-11.459463995236776,-0.6853970304504682,1.045006291048792,40.45795601552393
LAR,0.6750914545858178,10.859999656677246,83.54349511833765,4.604119039440542,0.5383814102051967,-0.9079447301691969,0.4604069273567307,0.4604069273567307,0,5.2499896498206144,73.75999449503435,-14.688718559903297,6.156275887877152,-9.875522947077151,-8.318891171178509,0.8864541683924474,40.248382923674
ATOM,0.6601158009800554,9.850000381469727,285.39718995787064,5.979507157802464,0.6041892466484179,-0.20020049024977934,4.770549840663559,1.7258890324156573,0,10.671910424780608,71.90227483355929,20.154292916596965,12.507541219130172,-20.33966385765335,11.999999772782513,1.210361039651264,40.245795601552395
IPGP,0.6216370231045765,121.95999908447266,41.35888436720947,10.60827239251722,1.075121724595523,1.3650849644902725,1.094620444804247,1.172515837896654,0,30.800470357859062,34.25804051167587,15.409137735483744,5.012474353274268,-21.730205781004354,-0.29472636623509946,1.0100399494781556,40.21992238033636
HUN,0.6524414838499873,14.989999771118164,34.28505713248402,2.7134416010589844,0.8591679937014309,-1.0983381870109796,2.9686437731101982,0.9339519131203754,0,2.8818967563248847,43.996157448596556,-4.3600553718205175,4.348137828398933,-5.723269617530929,-21.613833167761324,0.9700418775844188,40.15265200517465
GTX,0.5894496594945869,31.579999923706055,81.42452737319572,2.7761723432962815,1.1706665105051692,0.8124618125555289,1.329955912904755,0.3958201402724148,0,7.115269400891225,23.61306852479206,-16.56000156566097,4.071594587904256,-7.812149914567875,-4.716990916508959,1.3555049176323668,40.095730918499356
ADEA,0.6402822935144485,30.65999984741211,137.08571129023076,7.1271524937514386,1.3166816669671977,2.103042924585431,0.03261653271780382,1.0110876303818306,0,14.259262909533357,-3.5264434494701424,5.322631124456356,5.557860970921846,-10.549853152186781,-4.22231977529742,1.0719162426620115,40.09184993531695
ASTI,0.6503533374397342,8.859999656677246,428.46364449290684,64.47001511170137,2.8721542410803385,0.5869481967150879,7.674947307549348,0.05756490339953033,0,2.26528983476084,75.0988094094585,-6.164382963705329,13.586828367109764,-10.233031818543882,25.751069706022317,1.6893670619524668,40.08667529107374
AIP,0.6218333304656617,37.939998626708984,152.79436234140087,9.68646233746406,1.3197220207081428,1.4674747755951822,0.1581480639464083,0.579856125364188,0,0.0,6.722923884312369,-14.835357469340577,7.0731984815728985,-1.3777036058297185,-9.048876184952064,1.2270354468588358,40.04269081500647
NGS,0.5579811547543753,40.90999984741211,21.166160697922077,-0.9580310236783587,1.290864956466752,-0.25373147406136515,0.14666676488228964,1.1733061452332394,0,11.585582512542816,18.895459508649903,1.6176477348527663,3.9743787604161063,-7.022727619358326,-1.9201295341397453,1.0967730126232695,39.99870633893921
VPG,0.6026301947635373,132.92999267578125,277.58705485549325,33.7761280632955,1.457128997714131,0.5020375527969687,2.467474775283618,1.5459267421856455,1,0.0,33.46385011239292,-10.944527450133204,8.486476315103333,-2.408056586438687,-2.2391728864580327,2.0848437017766255,39.88098318240621
ATRO,0.6279267273628327,85.61000061035156,45.10083045674407,5.610521731479398,0.9170850184532383,-0.9754914648682171,2.3712168727957055,0.6807637129842269,0,1.2762863592456182,56.25113922114829,-5.117895311300909,5.697164740456854,-5.559846476155786,-1.6156843596560284,1.1014701756511855,39.752910737386806
SEDG,0.5964447581366605,78.51000213623047,103.13901576217927,37.62819091216115,0.9616123274146979,-0.3393096823766989,0.7642318912083772,2.496505745142155,0,0.0,27.12112090292271,-0.6502901126695017,9.87217276534871,-3.372305063059456,-0.0579910681650051,1.4530538586356123,39.74126778783958
NEXA,0.6281069831658297,15.65999984741211,111.93404181030743,5.889511538920752,0.771647288872827,0.19630290831484268,0.3831383558312526,1.9157100487793597,0,8.976281679371958,6.894199693598489,14.184395723132093,6.597792507540571,-7.2824131830185115,-9.249188467773383,0.9890051964694919,39.3078913324709
ACLS,0.6388118819696446,158.77999877929688,80.05255423935778,1.654981970938065,0.5978243448325968,-0.8764837105602408,0.15745056173348623,0.4723516852004587,0,6.685158114662471,93.61052876770353,-16.360053226569615,5.125690682407768,-7.476255337887351,-15.302615328784094,1.032142191673406,39.275549805950845
CCCC,0.6500530631990127,4.340000152587891,48.36736312811543,24.51585483519976,1.191599249229695,0.62749758225055,5.299539422443215,3.4562232732509495,0,3.361473175534515,53.35689996665551,-4.448104995088522,9.015800213713446,-5.611132974433273,10.740739134223572,1.245966519162838,39.153945666235444
PPIH,0.6085471797574222,32.619998931884766,15.14582039069603,1.1739501223780002,0.9240483773367033,-0.5426605740128646,0.24525393522939798,0.0,0,17.35801744604796,0.09204903085455306,-4.552484869250823,4.664097384275999,-11.16558320372571,-2.479919708727923,0.7060979518226148,39.09314359637775
RILY,0.6489862965297879,9.789999961853027,113.79578633233083,3.7186129542323707,1.4431630839215066,-0.2776352061368886,3.2686481073824205,1.6332963454096718,0,5.29950688490913,71.15385175238742,-5.110343223594482,8.06938382160053,-12.900354436500901,4.231314305163285,1.3226426734671968,39.08408796895214
GFS,0.6412901453862606,84.5999984741211,124.26886015625816,10.813482216204752,1.9854060491257777,0.19930916604602578,1.347517033329126,1.891251185532369,0,4.061839091356482,130.95822005435866,-10.686343710203198,6.6573792550059725,-8.58995604041725,0.324984211680164,1.5022795649523117,39.00129366106081
KEEL,0.6460203207162981,6.139999866485596,64.65653508139329,31.48455200866608,1.2704121350709248,0.5885160978207663,5.048859111889358,1.5472278866767135,0,0.0,108.84352877197057,-32.3076981665165,8.345740474481383,-6.969697647334808,10.13824980525236,1.5523439312974328,38.91849935316947
CRI,0.5774203860222469,39.79999923706055,14.701577985147352,10.121231840089276,0.8244820854578755,-0.873278397888777,0.08793931678933098,-0.0502428227367491,0,6.899094648345369,20.29910669184248,1.326501891199528,4.20108564357208,-9.180134172492947,-1.7236299516576878,0.9926189561087402,38.91203104786546
SCCO,0.6380296520328049,201.3699951171875,41.862434132136706,9.709164327137332,0.877405076546269,-0.6242352162572983,0.901327151714432,0.1887097839921328,1,12.791775176014253,-0.40898247619877426,-11.383051535177879,4.088600308763188,-8.682908596975352,-6.129270235994847,1.0535246502372866,38.902975420439844
XMAX,0.5628531728469154,8.579999923706055,43.37345806211703,3.1932148876401256,0.7221553215591515,0.1399675581119903,0.6993055960749882,0.8741236587797077,0,2.95624402715043,-0.2325634520254311,-4.838701852308306,4.8493172336508765,-2.8312571022849964,-2.2857121055607466,1.7296101854805417,38.794307891332465
BWLP,0.6157170507861321,20.229999542236328,53.74332065868601,-2.952677797750219,1.4192630137287832,1.595127453919707,1.4829518100977006,2.1008460405589777,0,15.581137725765808,-10.52632022893592,-1.585726907676447,3.681238167629617,-11.74418130494217,-5.75584357702564,1.1682383110423566,38.720569210866756
NHC,0.5744238655136418,183.35000610351562,23.90880157869537,-2.4749575918828595,0.9140471972347411,0.3398152879382549,0.14180228970798722,1.5325865639687832,0,13.484934812481145,15.909242179273994,-11.218568267430717,3.829131433066378,-10.587141184749528,-1.3978917605171675,1.14234895011335,38.692108667529105
RLAY,0.6382654196672649,15.699999809265137,86.45207719031688,18.018490025167903,1.2161980378951536,3.501920317369941,5.222928055630153,0.06369572613177667,1,3.6761442617309923,30.074566743334437,1.833458886953348,7.903093515595104,-10.131651823449175,3.128148039195524,1.298952719666461,38.65717981888745
CC,0.6703938619194282,23.25,71.57977524346622,0.1545269245555633,0.7236483323482834,-1.0455803833984567,2.9333299204887546,0.12903521137297833,0,14.199844139751116,37.62760225740552,7.2005812409506165,5.040998244342137,-18.616698892588182,-22.03389427139922,0.894557883816966,38.65459249676585
SLS,0.6435636615539367,8.329999923706055,402.4172829170343,16.308292116633403,1.6352624085553984,0.3083162549481783,0.12005076797391233,1.2004847823963856,0,7.070009159787391,27.565078955409145,-4.581673703218217,12.11627692608931,-12.407994496867042,8.193284127896678,1.921649640881195,38.64165588615783
VELO,0.6289987294222319,22.1299991607666,301.86460977583135,15.742674415567794,0.79365829642421,-0.292082491020256,2.9823849062814665,5.465885650362754,0,5.5763620398966856,5.3307897174214585,-12.432015505615533,14.760377975910622,-16.49056920403205,23.175417131824638,1.4478173431202246,38.63518758085382
RKLB,0.6373241410755347,123.31999969482422,180.8633308458032,0.7331173738945991,1.0646056158252737,-0.5519428710994071,2.4489106799508593,0.6162845751743895,0,11.460371655377756,16.92424221803081,-46.12128258133981,9.995482144124306,-18.331126029796337,9.370820670968135,1.3600682504252322,38.489003880983184
VIRT,0.5893507027301909,49.5099983215332,29.08625757958856,-4.204982892659938,1.1249492589867613,-0.2711564720788704,0.0,1.0286738729387817,0,22.132722117551065,1.6511603681698725,-4.016145031357617,3.735233048734067,-11.919126435830199,-2.137875478882834,1.1537177419543183,38.32341526520051
ABSI,0.6706851474469974,6.349999904632568,88.53520785957139,14.239450803192902,1.202486734171354,-0.18780296549888362,2.0472459271315175,3.4645636765522863,0,3.0120775883529802,30.92783565331555,-2.8469809159948194,8.284589829658637,-13.4877415155284,6.0810832559676395,1.2664372315415968,38.28589909443726
KRO,0.6705385280985968,7.230000019073486,32.15107901086398,1.6020237540316788,0.763101537596593,-1.126695899537364,1.244815385034755,-0.13830915652716824,0,9.234577074221587,50.15057233283713,0.8086245573385874,4.643353271143882,-8.365017217958961,-19.074068788703727,0.8958337487275477,38.227684346701174
IRDM,0.6344219480097251,49.599998474121094,194.95118236913112,9.830490658394462,0.9251049990316345,-0.47528564965699255,1.6129094281305003,0.5846792831511993,0,3.4851001030648967,192.84676072399094,-8.172479784481329,5.940379268376639,-5.071773255173566,-10.078738205861931,1.2133713487417457,38.091849935316944
CMPS,0.6417979314075896,13.329999923706055,128.39992882717726,20.729083006401204,1.1019578462398096,0.42389584286202053,1.5003736713790492,0.2175565075124121,0,2.2442719426902236,40.909089530067774,-1.365537337206012,7.6449450569734285,-9.688348800162785,0.7393708497934199,1.459181438641545,38.02069857697284
AXGN,0.6308312634943908,39.459999084472656,25.950996006653714,-4.406601868581082,0.7940519187165911,-0.8880111499105825,0.9376653703934047,0.9756673351645913,0,18.236851868870986,23.31249713824854,4.3162094920071254,4.3651817151841605,-13.899198105915604,-1.6244314127019832,1.0407937615719385,38.00905562742562
ASTS,0.6323632878594221,118.16999816894531,98.48665607787039,27.189651708222605,1.5686855996882172,0.45519534464029376,0.4823556771190585,0.939325232750891,0,6.616621881713224,4.197155765002672,-20.634228676611162,10.337768876463794,-11.721203025361193,12.520851882458192,1.3506835334691947,37.91849935316947
HCC,0.611483417864742,110.27999877929688,29.33899061390488,21.87318504121435,1.5952088722018885,1.9587767301010544,0.09974665539370291,-0.19949331078740581,1,0.0,27.935037915643896,-3.7610137923428946,5.119695788810577,-0.09964726058407886,-11.994585150322605,1.2418165635465979,37.915912031047874
RRX,0.6164227105367234,213.97999572753906,35.44178802891989,4.152113021173199,0.7084098019858924,-0.17033596009989527,0.3738681501670458,-0.1355235498278568,0,15.912713785810908,7.200559876522,0.5459097520430126,4.45569006424785,-9.464780959677398,-4.572412046762553,1.043279556700253,37.54075032341527
KPTI,0.6591169469611519,9.229999542236328,52.454628919767245,6.652795039518754,0.41071154648333585,-0.10117169828331081,0.14842396785614895,7.907902952909354,0,8.416438368978174,69.66910743481976,5.268814634580748,9.53304539974115,-16.01456110442322,28.178244598141646,1.1030373116035466,37.31565329883571
OPTX,0.6117634378343999,13.229999542236328,652.9596077772231,47.71394594456179,1.079452022276616,0.023520911177515088,1.1761190715239003,2.6447487358031396,1,0.0,431.325280612528,6.18811886954553,11.108680928634348,-1.1624473070492776,-8.885544644013812,1.396973180836071,37.300129366106084
FEIM,0.6434806280567416,72.16000366210938,140.175083694573,13.395829474157924,1.070294822170091,-0.5938104417406921,4.032709970048224,1.5936827432103162,0,2.4252232578091486,55.34984386723494,-21.099362057399375,6.210403411163263,-5.475494991151572,-7.553242090905609,1.1843955180420338,37.285899094437255
MYRG,0.6262565733408808,450.30999755859375,88.96422281562673,-1.1772662193872157,0.8849109078746468,-0.5495345206667801,3.8062700675814334,3.4220403994080053,0,11.176890693128854,11.23984098078056,-0.4668094507701964,5.182934592138782,-7.097025954250734,-5.310385448942167,1.241685608219516,37.019404915912034
POWI,0.6434806280567416,84.19000244140625,140.52491371456324,11.279749714016516,1.3992898589212341,-0.2653491520458709,2.191473057582195,0.6259655683067722,0,3.4703901733020377,131.7510141083598,-2.0452876881723063,6.195932422950185,-5.404491638808658,-6.56620113679289,1.2407918853747357,36.9340232858991
RFIL,0.6381390833879321,18.780000686645508,190.14903994977718,8.686848401104973,0.9952805846268029,0.009761087287790104,0.10648854996152998,2.8924362049779697,0,1.977364049384877,160.471575390829,-21.592548586414395,7.767835896291252,-5.007585979490029,-14.959016431956057,1.09732274927874,36.901681759379045
LPTH,0.6369998777044505,16.079999923706055,106.99527028056492,13.981924505811657,1.4230712052913133,1.9898403071012827,0.7462738793239893,2.0522383411148377,0,10.746948317699571,14.939243649976508,-3.974045207707863,10.918621197729882,-15.10031958582974,9.87654309712704,1.3628596148354737,36.88745148771022
PLUG,0.6439997052547322,4.090000152587891,91.70235389741606,11.748638700794004,1.0647505111003799,-0.2617590540933129,5.867964843659673,1.711495575372298,0,1.888332396026736,83.40807698526885,-12.460059172574729,9.29095308202345,-10.698685134795332,2.242150307901634,1.30303013061047,36.82664941785252
TGB,0.6397062654025488,8.300000190734863,45.416725338774874,14.958451317224835,1.153803852664185,0.016524416338300898,0.5421695813785206,0.7228966051886072,1,9.141136665732216,8.923888652219453,-10.51095294814197,5.279689854614241,-10.27026820716145,-4.363001729916116,1.0156034259865807,36.6856403622251
RDW,0.6287615533151533,20.579999923706055,261.7224636991918,30.633489057332046,2.019260502510471,0.4326341010103633,5.684649652309213,1.360547559134683,0,12.99861239918178,-14.25000031729769,-40.74073337742755,13.33642206153883,-22.747746263348837,11.30434764457952,1.8897728790318022,36.556274256144896
ONDS,0.6534404989394984,13.579999923706055,60.11848941218605,31.668886902765497,1.8654969224345717,0.12891627865925206,3.97643567634052,3.60824575725298,0,3.7950713960856928,2.490565461744521,3.1860172712739185,9.46507367941739,-11.125653395697514,12.524852646125389,1.2653083800692517,36.532988357050456
DD,0.5518844590279167,48.65999984741211,11.551750251681847,-0.21099518564931108,1.0968832284593169,-0.9630673062107264,1.3974523372259553,0.31853427821564817,0,21.579030842027468,18.878179084072798,-11.385160447986562,3.1283281492362023,-6.856937194095973,-6.644673690942065,1.1447449823912772,36.31177231565331
TXG,0.6203612700530581,30.709999084472656,51.4839792030027,28.821161942199737,1.2064819657748123,0.6198160892455942,1.4327598409658016,1.8072299632152178,1,0.0,84.00238526635037,5.311776622355545,5.80499670523858,-1.4125217959288443,-5.9271353382543905,1.4564025891268897,36.1254851228978
AGX,0.6796838332315294,663.1400146484375,56.36633410475309,-2.4791947186808554,0.7172265607607435,-0.5400503822473344,1.1249450753539032,-0.13572162653135766,0,10.297515886770652,40.06103450814517,1.9551035509535604,5.749054470389421,-11.404139659512152,-19.57791490821674,0.9145708392072789,36.06338939197931
BRUN,0.6250862888005466,36.7400016784668,194.38643892973872,41.6536596699219,2.432425636988049,2.3029933209105504,1.8236307920939154,7.022323661178806,0,5.630414131590256,24.121625691686333,-11.899677531235495,13.29710693687047,-10.346505395384602,2.1857903561207683,2.2013321543057924,36.042690815006466
QUIK,0.6475803331108846,21.799999237060547,234.2514817212044,8.282624417719363,0.9247748799170087,0.3168928445121678,3.944957066099756,0.5045812240712527,0,7.370244519954694,38.8535000096436,-12.998367762993029,9.603538824282763,-8.403361613565242,-2.253219366960518,1.1813437286386348,36.01293661060802
SPB,0.5867959797990363,79.86000061035156,24.43032242471177,1.9462691354629247,0.9764749021843366,-1.0235739857796138,0.0,0.8765396597520408,0,11.861451559354851,15.202109765580804,0.9891098549335998,3.6514861579418993,-7.610453105589822,-5.534844494169467,1.1938230708578272,35.87063389391979
RYZ,0.6267741221332896,28.43000030517578,13.190061548022335,6.779343486479883,1.1891182923504817,-0.03568627953478214,2.444599674074733,-0.9496959110351748,0,9.755744228265453,42.57773090924159,-0.03812515842919486,4.075172364854273,-7.993525384360635,-6.670009468493785,0.9481516197899659,35.83441138421734
LTRX,0.6254740601456515,7.940000057220459,43.29788785970212,17.20422234139363,2.7337713865666142,0.32718602584460393,0.2518889266985237,0.2518889266985237,0,4.473839806468098,10.893857909526803,7.270026523519792,6.279236678602208,-9.257142202136794,0.5535093981645822,1.2214613145305773,35.80853816300129
AYA,0.5893580380533943,21.489999771118164,43.38220722328838,12.275018458503586,1.2795861227995171,0.6528937652731499,0.8376003121662179,1.4890632769545067,0,0.4529029804113348,13.944851938040994,-9.84513658218086,6.517983325768646,-2.3181828584484276,-4.530999191063488,1.1769976435822795,35.73479948253558
NVTS,0.6489820484864322,25.860000610351562,184.1007798727535,13.13573478224571,0.8144670261963645,-0.02994498343637653,5.138047488503259,1.2761017629721059,0,5.8555770595659435,68.68885021763896,-42.27386626608787,12.21514156610536,-23.536366517044897,5.371431622572506,1.547598128525718,35.64941785252264
VECO,0.6390584244115413,61.0099983215332,96.94366958955192,4.131284054401715,0.6854735650912998,-0.36832177508417785,0.03278226243826167,1.1637421799607357,0,8.555468823955716,-1.6126431657015865,-20.18456453464879,5.486220279993088,-6.755314019500905,-15.073412386894516,1.1804678497042045,35.6261319534282
TTI,0.6484893433887372,10.890000343322754,28.37420319290267,5.472157801210541,0.8727165316278093,-1.2181495707981,0.918268362108386,0.826447656035292,0,22.90612740037167,20.198673716854966,-9.344788896383882,4.027285943690481,-13.157891733796106,-8.291455328721804,1.0085353410332347,35.46313065976714
SPIR,0.628013739301159,21.350000381469727,148.90353697355806,6.977329855178868,0.8672379659159131,-0.009937527560140167,2.90397620973272,1.87353447945935,0,13.269641965939021,19.140626620431004,-6.934091871062423,10.97490808577078,-17.662938178273873,-1.145657827968449,1.0865244189241403,35.35187580853816
MTSI,0.6247488883147845,382.3500061035156,106.71795480196519,4.088116977338404,1.3576744885785725,1.6827167860127628,0.6695429626576161,1.5953984585129533,0,4.656383086432569,93.5459378365107,-25.42163833522982,6.219058614626602,-8.725229965487532,-2.95944260541488,1.3278990407905225,35.216041397153944
LUNR,0.6248703048269829,39.56999969482422,304.74607085294576,14.772166548854315,1.2220511832946246,-0.39294154033822676,3.7402060996035615,1.8953752988760997,0,4.60897617512794,13.511184744325352,-27.8895372023927,13.925232690475333,-15.358289422507376,1.7386397490267709,1.6278194205649967,35.190168175937906
MGM,0.5851969575342437,48.36000061035156,25.255743982138434,22.408688116049298,2.2628854269623755,1.2158238895512046,0.0,0.2894941850260759,0,4.699126014400588,-4.596563581447329,2.458165272286037,4.317322340382327,-6.2609023698785435,-2.685894236926887,1.2954865664285322,35.05045278137128
FTK,0.6192056672334683,23.329999923706055,51.48077987126642,21.61492816680539,1.4566938034826509,3.8552747489212726,1.0715816579804376,-0.8786966325231892,1,0.0,27.069712134332157,-1.8018087163034016,6.457044951796146,-1.0602205292548001,-8.468248166203015,1.3365300924658778,35.01940491591203
SHIP,0.60145903292391,15.739999771118164,41.684108789221,-0.1839057124957327,1.7225208866361594,0.31876762743227566,0.6353264480147404,1.524140017713975,0,11.113345863358,18.767865997725504,-6.432740710165417,5.767789544762199,-6.365257160944123,-1.0518315803925238,1.3732172917943013,34.84993531694696
FCEL,0.6319012103969758,24.639999389648438,255.43286184615806,24.743700779493107,1.1183011836477803,1.4348342741067357,4.443998570546671,2.069806174895423,0,6.538204203825622,-6.595905331339065,-22.42702780132544,15.31626977270791,-11.014810709547113,0.9104695201998495,2.007254842004315,34.783958602846056
IREN,0.6449450985430598,66.5999984741211,27.52115246348219,14.341631236969041,1.3069141598744458,0.6597530542188252,4.459461394451218,0.4720716613165202,0,1.7740111271031207,20.761553275137643,-11.459179539175318,7.677541554385253,-13.360223631296778,15.015743824935953,1.141176082644707,34.70375161707633
DGXX,0.6463499214110852,7.860000133514404,80.86682397419311,5.291361668098333,1.0563132448871693,0.17321426327505246,6.488546352629113,1.1450340230343095,0,15.398599207076177,53.81604555009133,-88.10125918389723,13.026170880252039,-14.565214167239365,11.587982388479091,1.48354539267076,34.661060802069855
EVC,0.6250704293616794,9.010000228881836,223.0412291690989,7.904194356919693,0.9866414227847428,0.32996673717714275,3.107655114619942,0.4439507306599917,0,12.42926196651733,17.165151647174863,-132.1989539069795,9.370540189122972,-10.968376177073841,-0.3333330153307835,1.8303167013778368,34.24191461836998
TVTX,0.6116944374981778,42.959999084472656,9.54141676100775,-2.9382869619764462,0.898333833883858,0.051491135868203,1.2104293967257442,1.3500885211926226,0,12.565647395638068,47.57814559687859,3.1173492108760414,4.6752787087244405,-11.623125807078265,-1.5275702126153,0.9942548039157688,34.205692108667535
CMPR,0.606677364621117,97.23999786376953,29.454326204444236,1.163103672500592,1.004151776093104,0.2017586721465648,0.3085103136062191,1.1209341442052163,0,12.092500127809682,-5.482114638573476,6.58006267087773,4.556472388832995,-8.376519004647733,-4.125794320399927,1.1491787661377553,34.1216041397154
DRTS,0.6055907818040948,8.930000305175781,113.15679204967186,-8.445466919544238,1.77879535156272,1.1018883438062494,0.16797696314052774,0.7838818152125294,0,32.96697124683631,-13.636361958107434,-37.317395273723186,10.524716442473624,-23.149738439282068,2.9702974967244145,1.4859054014945934,34.0646830530401
CLYM,0.6726022982286879,11.199999809265137,480.81234526189036,0.27306318142614827,1.6389811257286018,0.15989275773746225,0.0,4.910716071894676,0,8.847852357589561,193.9632539509876,-14.757485727069977,7.640305960621498,-10.256408492137336,-14.893614196040147,1.110562768985491,33.90685640362225
PLGO,0.5609954672411909,21.489999771118164,2.000074121417428,-2.1424835078463436,1.096978294848114,-0.7169468189949907,0.046534336844482264,0.09306867368896453,0,12.719894746178637,10.982445840207214,0.38480917521792296,3.868910233437134,-10.681628228443273,0.47770781238953963,1.1521785115642469,33.59120310478655
ACA,0.5536256692172281,122.8499984741211,3.63043814274171,-2.263027814287275,0.7588787711696021,-0.7798172915247893,2.425718978045046,0.03256077820419714,0,25.41522563939654,14.350379893191354,-5.203347296876772,3.7634163718495697,-9.389292804924484,-2.1553455719193497,1.0766209441691141,33.372574385511
CMBT,0.5810373480959116,15.359999656677246,30.419096585325043,-1.3360760943769814,0.9732083480840115,-0.6516780357037877,0.0,0.9114543800036018,0,10.283499324153867,-7.525592460364174,-3.6491260191381096,3.9364757630079885,-13.318283002220403,-3.355157086642863,1.317788613225867,33.17335058214748
BEAM,0.6393901353235141,28.959999084472656,2.550588010156485,-3.745806536641457,0.9106050377686642,-0.2657584909624652,0.47652103811866436,0.5524856784003521,0,40.28446155951624,-14.039773626900804,-5.551861969661441,6.71714730185242,-20.526893040408993,9.906612707062608,0.9305103052933653,33.07115135834412
DELL,0.6327699340992741,435.30999755859375,217.10405122330744,53.29382226969781,2.565145499037166,1.3907886881824354,0.7075456817235393,0.4318772583565872,0,2.1448876262085905,3.4211574377333958,-16.726513890761506,6.291248134971228,-7.276291045905959,-8.968091835564234,1.744720385396944,32.95084087968952
QCOM,0.5998409927582203,240.83999633789062,33.15689111071365,10.400339013429612,1.110041783368095,0.31218609207131015,1.804932813548778,2.595083912559733,0,4.54977959892127,85.40416293549549,-41.0678179657971,7.244792386498792,-7.34072641738885,2.147800937030562,1.70288634866716,32.935316946959894
BAND,0.6398894813916814,67.87000274658203,364.83495376368336,21.723539293059908,1.310960487909502,0.6382476998172212,7.2637296214460205,0.029317018022677003,0,2.536579104364404,84.37924535092266,-10.950689149129271,6.80900430070184,-6.771841373669455,-9.055631103878294,1.7289343413937106,32.932729624838295
WTI,0.6648480465005318,4.019999980926514,116.60778014765205,-3.48747123500706,0.7116864785184688,-0.43364070785508857,2.238809775933373,0.6218929223838152,0,14.348995077455506,30.824212370670278,11.187216876219374,7.8186875424912134,-20.6891095930077,-9.032268455135954,0.990156446841333,32.82406209573092
CXDO,0.6275384287174162,10.029999732971191,31.91602912919116,4.0834302573876835,3.063818347525141,3.210452977665232,1.5952128779245782,1.774670998814527,0,10.594209479467123,-4.202488278832263,-15.911874889056884,6.170060414814516,-10.685662137785926,1.2820501062117629,1.4381107959985142,32.78783958602846
XMTR,0.6307855419138246,85.0,33.59345115325385,0.09685800797851274,1.3464091165074714,2.533301669014207,0.0,4.588237089215322,0,10.269602634225548,91.26913282126267,-52.35893197307773,6.8243703120896795,-14.880833686538505,3.9795952624727486,1.3248425643088024,32.71798188874514
HYLN,0.6290742260741479,6.789999961853027,249.38996992877236,50.30437158682306,2.301801746403337,1.3825691773383089,3.0927840838858365,2.0618537150443585,0,10.36572729569604,13.355596346741926,-30.805693240560807,13.170628377876625,-8.119078692713359,-1.6949136551469208,2.7550512764308417,32.55886157826649
LPG,0.6207540526510119,40.900001525878906,61.15399370402051,-1.445629979560181,1.448712298026865,0.9486560388926837,1.2713947147946558,2.6405911753937845,0,12.406893617531265,-14.291700587221431,-2.5374179574578566,5.414548600958673,-15.004151218032924,-1.6768299679236436,1.5906846377728088,32.504527813712805
EWTX,0.6391361340866248,37.25,31.268908392384496,8.165399250388884,1.7526163092767093,1.3767551718332118,0.2416111478804685,0.6040227493021572,0,6.48059769369968,-1.99946949506351,-9.888713942155087,5.220517444702032,-8.622591542230673,-6.125260561929373,1.0596326317986404,32.38163001293661
DAVE,0.6107087091222085,266.8299865722656,10.473031110009101,6.370123585305272,1.9044290681590539,0.3252132373628833,2.2411201025593988,0.8432335619003599,0,13.906204724505015,-5.566963166118574,10.656594128216982,6.364218615346169,-9.210618539060288,16.619011132684037,1.2141520280867661,32.08796895213454
TTMI,0.6237858118980122,179.6199951171875,144.16161398419146,4.888200538964037,1.60057252745598,-0.012825526058462723,0.5867948352847184,3.3069828542739965,0,5.211851359303862,86.17328862625632,-3.5054322916333027,7.475860860577571,-10.494318480723365,-4.2932054466106395,1.2866182106795168,32.058214747736095
CNR,0.6151599629813566,94.56999969482422,6.702562157919911,8.907463436925525,0.8091307901836924,-1.2914767018624553,0.8988035073015082,-0.7243366714513461,0,31.28841906611327,-11.662991979528506,2.3706905513440923,4.047609316121918,-17.534174460370437,-5.654575808415148,0.9059491297306939,31.939197930142306
OCC,0.6205886204189469,15.649999618530273,81.42962101033191,30.82002510449645,1.9878382202107154,2.6211895345251555,2.543135634753656,0.0,0,0.0,10.36670861505036,-4.604051710503836,10.222728182756004,-3.5141782917325797,-30.571433471671995,1.1521001557195358,31.78007761966365
CGEM,0.6092900188490471,15.34000015258789,23.136207765624572,0.9825075790824198,1.3838486943263923,0.9085029442648909,1.1733986290695348,0.6518929626368835,0,15.297543385850235,23.311902490290244,3.976535881643318,6.591078223212224,-8.363199746645678,-0.8634270982665307,1.1127909896330332,31.767141009055628
QTTB,0.6050113052908198,12.640000343322754,465.38870864406937,73.99683696674619,6.324772471672351,-0.07161836833297462,4.35125966833995,5.961233894108593,0,38.579865252806016,-1.6342414933579277,-2.777775149155855,11.365562368676448,-4.169819973586881,-8.532936919518033,1.7788387022175238,31.715394566623544
ARCO,0.5819712951592467,8.760000228881836,5.623018448622941,0.5971547605743855,1.0490435598988608,-0.7645622727477529,1.1986248799190324,0.5707784180678923,0,25.60671721573068,5.0731346062122675,0.1155985623969603,3.5591981496603613,-10.153843805298726,-5.078126149207164,1.0825705432813775,31.521345407503233
AAOI,0.6749658333615736,202.3699951171875,643.8955981876236,12.525296836337201,1.0009886797494045,0.6265498305271101,1.6751492174858336,3.439248347959106,0,2.727936249587632,97.4148774743699,-6.890969165967377,11.27831610109865,-13.394960113361968,-12.188711511574638,1.0582534329851807,31.508408796895214
ORN,0.6364764847335196,14.100000381469727,29.219762090545977,-3.4808482337352507,1.224943959922482,0.5365740598948062,3.900703703131462,1.1347506600853308,0,21.2025047057822,19.289346407098375,-3.6251692002983353,5.086119397277075,-11.041009197296418,-4.716070788062168,1.079365021906663,31.423027166882278
ARM,0.6334084104284424,402.7099914550781,185.29116481745243,49.819098220837894,1.2636058251444788,1.354131017524779,6.277469969863923,3.2844950526975842,0,2.192012309890502,156.3888538072412,-4.619698732347668,7.315296288842138,-5.906679912161971,-8.900640903631176,2.003427569923327,31.33635187580854
VIAV,0.6643702824194253,52.880001068115234,182.98006760653627,3.118115344456373,1.1608708155905771,0.3456451564065857,0.24583443795331947,2.590776699855603,0,8.83437861045344,0.9160296340642461,-4.648501712019321,7.078018832851679,-12.493793147124903,-10.178113235152832,1.1627332155905221,31.240620957309183
DC,0.6211859363739297,5.920000076293945,14.986353127641184,2.599654616561796,0.9889944166792928,-0.4101059301138336,1.8581103391587417,1.182435316679494,0,39.49712216681344,30.3964785403588,-17.032963766863247,5.616554234817904,-18.344826531346296,-0.4405282178448583,1.0418946303377687,31.19793014230272
NVRI,0.6326090367425453,19.200000762939453,266.01125543105866,178.40769430649775,2.2209345195668,-0.3668839798814533,11.510411440312927,4.635423237423143,0,0.0,249.9341504577005,1.4613887824881262,7.792841030786792,-10.32227510565145,-4.1482313089370395,2.5679391361441093,30.967658473479954
DK,0.6137267050232769,46.400001525878906,9.682502006805072,3.291299963430589,0.7074143945126063,-0.8846343624946533,1.4224134174430583,1.2715520111483432,0,5.52509562698808,47.564052184812724,2.5395528672511007,4.9399635024623,-6.262623179916097,-7.210665440191466,1.0009311853350578,30.809831824062094
MAMA,0.6408969160098272,14.630000114440918,17.460045456511033,2.354217793221607,0.9594649796148295,-0.07645579159245175,0.6835230827501356,0.20505627296290202,0,53.2842491902215,2.164807445541335,3.796559681124307,4.698758721321756,-18.03921679571017,-6.324670422300679,0.9777502299692442,30.77360931435964
VSAT,0.6304231978407445,72.61000061035156,99.72572022621786,-1.2417879046839408,1.932946918190402,0.7836746865164139,1.707750796486944,0.44071022191148584,0,12.716346354159432,114.75894013587325,-14.493889132069729,8.389243999313958,-19.133533945664006,-0.40957629640441817,1.5801010969483607,30.720569210866756
ASYS,0.647185445645847,21.950000762939453,167.8376057867253,5.328826097893199,1.6217586577246583,1.890718211407565,11.617308192762398,1.0706177775521226,0,4.886521476709953,97.39209521459404,-37.62136489551081,8.838267815175604,-10.408160150842715,-4.661793861031842,1.2983973526713228,30.632600258732218
PBF,0.620469363175778,43.16999816894531,15.265332100999828,4.725853969863696,0.7956974212150814,-1.0293520948048935,1.667827776755352,0.5327763539180607,0,21.051833040904217,48.49258796949072,6.61101806243956,5.251095556552248,-16.707527102505047,-3.8726685523161017,0.9611580844185545,30.552393272962487
TSEM,0.6611144141126498,274.7099914550781,142.3220521470547,7.959509923212734,0.7724245615835209,-0.0688480265370933,2.7337956387457187,1.1323198281349502,0,4.039674764992047,65.40823002511374,-6.426117121288066,9.049544451769167,-9.294722068917316,-5.06630387991446,1.2724515153107385,30.2509702457956
ELA,0.6272140495925732,24.639999389648438,101.92314041199818,2.9390233117189952,1.3123132012012941,-0.06714562486096835,0.0,2.556814839068964,0,4.8952834368359,61.785949636427326,-44.80906996344823,7.064586510957656,-14.74048541510353,-2.6634298697950105,1.5060811380186774,30.16817593790427
CRDO,0.5884453739019398,229.0,17.16119528600595,14.50271903765488,1.3000528060093524,2.844349155227517,7.401705412853186,3.6383349822439377,0,0.9279541122532425,135.35456610091993,-16.749974492323005,8.523882736805746,-6.89160882911585,7.891686210457332,1.5376086670490574,30.00646830530401
NXT,0.6423576255046459,152.22000122070312,54.36251821631579,14.126340957001021,1.0809144656827598,-0.5840823845424349,0.6635097219352375,0.8277456948648947,0,1.8022537616517675,26.88172015636008,-7.9791343595523045,9.116830320760497,-6.687919656399141,-4.9305004106062755,1.1210940509970746,29.985769728331178
FN,0.6351530821622832,701.1099853515625,40.83071140329098,3.8989303765233823,1.6076856190893891,0.6632491226894609,0.5534088750513785,0.4649783676930034,0,5.75760614463139,7.177145367251973,9.511000230845559,7.53865846843674,-6.380113015559606,-9.02680045846619,1.044044055579454,29.93014230271669
REX,0.6402673874880488,48.33000183105469,34.718695445047466,-1.388474151030195,1.260192144945239,-0.7063825259916893,0.9310923467495686,1.1998812889370989,0,13.008489820899102,42.52433514628228,3.440184375973624,4.36875845257997,-9.42653433595879,-23.30147422077506,1.2421749749469826,29.733505821474775
MOD,0.6312894489453685,306.8900146484375,77.50613674123979,12.155719977118412,1.5301575484773666,-0.289667199019115,0.16943823156509732,1.3685724548023994,0,0.0,136.12372991052283,-9.639658564010798,8.11388873562283,-5.061093689562843,-8.85779872383731,1.3638001858219233,29.45666235446313
NN,0.6221205847376948,20.049999237060547,29.317570965757245,-4.649811256597648,0.8664189668242397,-0.2841457862330237,1.7456378791542655,0.0,0,26.59138523249528,14.11496633563254,-11.589395015138665,8.568934952519044,-17.107658901512163,0.4456820072496602,1.1101267753184214,29.36869340232859
LB,0.6013940293188482,73.19000244140625,17.156467509198837,3.483870458255816,1.078279682597894,-1.1308691826376824,1.09987741264149,0.6558318635271421,0,15.781454928221764,-1.5205798331924922,-3.334867341461766,5.288584336577907,-14.217925956804455,-1.5081039335205317,1.146731544081369,29.0633893919793
RELL,0.6330551310697813,17.790000915527344,59.93621235472213,8.116445335283338,1.239311825886812,0.4941308566692106,1.5739109885978102,0.28105247040260894,0,6.404184558390166,4.8938789847320106,-6.048473076845332,9.066086846803199,-10.422958867589612,-1.0989005206449263,1.4685099256002314,28.97671410090556
HPE,0.6428759253706815,56.150001525878906,148.1737399100049,57.62067449336059,3.368805299705175,7.12826977963833,2.119320737933256,4.772930066427283,1,0.0,19.46808835251963,-7.523517323459998,6.108510815018274,-12.607001515945562,-11.085145079338185,1.9972950606838886,28.71927554980595
MXL,0.6272140495925732,88.76000213623047,458.2904318529078,-3.990306429627826,1.225716358579854,1.4946192953095871,4.3450930813986135,5.182512802342103,0,21.966487149737116,47.14854539923857,-30.91396959433909,13.244922431891673,-16.484754275622382,-2.6570081414311684,1.6871367630107597,28.676584734799484
ADTN,0.6448425889084014,18.260000228881836,118.48458329675167,15.143299961144086,1.6309636639949563,0.5346267053829101,2.957278211284039,0.0,0,7.284737723338998,-5.876285628896523,14.503815840436229,6.978563950338325,-8.608605368746117,-12.827227417166991,1.523565997713852,28.557567917205688
ATKR,0.5697437224350027,84.16000366210938,15.763871971316789,8.349067787556965,0.8436889784630643,-0.29916676388056845,0.32081348777882285,0.49904723225364367,0,4.645748284116531,22.300925143352362,-1.3031102300924091,4.30388419225732,-6.65483557700321,-5.363508283358635,1.4901922795545535,28.291073738680467
CPIX,0.6619272143128261,5.769999980926514,143.52949302251895,10.009532422893328,0.1317783677521706,-0.10526700581645491,3.812821332422186,0.0,0,0.9331645528882644,47.948713829542,-0.8830013243175899,7.935131705575685,-12.708020204141798,-8.480565933642962,1.2542661870921794,28.135834411384213
CALY,0.6099794103718507,15.09000015258789,5.378143512733491,-2.247845626912641,0.8918016721595903,-1.222148721594174,2.319419336695688,0.8946337144319872,0,26.32841211343786,19.857029146163686,-13.052635861200255,4.33825656671977,-16.166665818058014,-2.739723342798746,1.080312280009851,27.46183699870634
ERO,0.6261686363644097,32.20000076293945,15.141317983264301,12.548063010186963,0.998080603992287,-0.14561818302343352,1.335404642776703,1.1801215892894013,0,19.784136465248515,-15.329997905174562,-18.438268182767132,5.116017058770656,-19.093442207177468,-6.189059241064056,1.0073117492383339,27.124191461837
PKE,0.620671875562813,33.16999816894531,61.05948432639081,-2.5529588960294403,1.7583246453833279,-0.1730380222787482,3.7684656887699215,1.5224518579429314,0,18.481254287503855,4.079062740628386,-7.623448424706894,6.5431352433227925,-13.16754579424624,-4.321466434279777,1.4906591911440963,27.047865459249675
OOMA,0.6226950373255413,17.649999618530273,45.248227830474306,-5.40251031299435,1.798670921587407,0.7781450128626572,-0.11331704359665111,1.0764903011520504,0,18.59824652872181,1.2621876620193877,-6.089386456738339,5.5018232817602,-19.626592192317556,-3.0927840841135823,1.5416279930986097,26.970245795601556
NRGV,0.6666619709276309,5.860000133514404,58.56859653282596,13.609927506512252,1.0835652034138996,0.3688290072307844,0.3412965950071773,2.4948754242420805,0,6.085411152309076,87.8205239608888,-13.513511188399551,9.243295134400013,-8.437499276906655,-5.389223692482567,1.1901164755090172,26.887451487710223
INVX,0.5920038560528427,28.040000915527344,15.558542710983359,-0.5691346301375366,1.079999867800126,-0.4504774421270162,0.5349486933927332,-0.588448324301191,0,11.130692715030257,5.255261103235442,1.3129125066986165,4.56236067794328,-13.054260726642214,-4.664718538781446,1.1756322815965818,26.84476067270375
MEI,0.6605902339094369,12.5,55.430400859719555,15.923212544607319,0.6159502858765353,-0.05866988937843086,0.2399978637503314,0.15999603270204404,0,18.44645876467788,-9.877432564990137,-7.657660994771476,11.217142377580915,-19.614148894711906,-7.307693656059125,1.020625037631787,25.821474773609314
SLGL,0.646244278492649,73.7300033569336,62.04977540533652,3.7887941627352455,0.895525079571152,-0.7782312687904263,0.7866461077513933,0.6781499758960723,0,56.47867394380432,-1.0335525410148598,9.935642077761866,9.823002075772918,-24.742265552202202,-8.5377492438442,1.045561940128173,25.73738680465718
SILC,0.6619601316215794,44.709999084472656,186.28641883899977,0.6789226582072783,1.4515603825101988,1.4383237773594095,0.42496632809815094,2.6615939410646137,0,19.08719261660438,130.82084226142928,-4.198845888241269,10.354029192862113,-14.967673017052258,-14.608608681900174,1.2931879088491436,25.375161707632603
ETON,0.6370524010987049,27.399999618530273,57.87920264569202,-11.796425198685442,0.9300228986185003,0.42811842135727496,3.1751786276107996,2.0437936997021864,0,24.190259191035953,55.24079439192351,1.0610069510363953,7.578205496571114,-23.163208816585687,-4.121864197274453,1.281034173749478,25.28589909443725
CERS,0.6202680583649491,2.700000047683716,41.62885272550481,1.4275008027046332,1.219834433599779,0.22512698716231888,1.2962994518371014,2.9629689141537194,0,24.120738380028136,-0.7352934084114561,7.352942849503403,6.8783065045368215,-14.285715362442502,-3.488368706199246,1.3039012550380886,25.0
FATE,0.6511180279587985,2.569999933242798,113.6583517400634,14.706535574223187,2.0228357213966013,0.45114325064485095,2.37743220493574,0.77820939448414,0,7.377650336695217,8.89830709291039,-21.111118016465127,10.481378985001324,-10.763894749034069,-6.363630151086717,1.57755171297958,24.945666235446314
AXTI,0.6610667344567308,110.8499984741211,924.2010708935929,-4.703365516212044,0.7849539124470787,0.19766049379033115,6.77492308483522,3.0220111304232726,0,9.429750556879474,47.859139213980754,-18.688676941893267,15.517101234736824,-22.569156441223384,-11.780971961266456,1.3352306236836842,24.602846054333767
DY,0.6083434677042691,485.9700012207031,22.640139118815238,7.883292002905465,2.0542386764802543,0.02565385278544964,3.9734957939892235,0.509291951621209,0,7.58227747230855,41.11446493116245,-0.3446133564900861,6.312926037268103,-14.210809689057305,-1.658834202762136,1.3968438397511347,24.45536869340233
AMR,0.6557191956526645,217.89999389648438,25.08301102860755,14.671834715921312,1.265616664437722,-0.5467267424447954,1.8815999166317365,0.4474487710106442,0,14.1387405083,33.96864560279244,-1.3631223773494976,5.585817370826839,-14.15176597237671,-15.26665893569924,1.1078486170179465,24.40620957309185
LUMN,0.6133931151479173,10.5600004196167,18.429386717969322,9.040223474664117,1.1045029765569199,-0.4289640614351841,1.4204508764736727,3.551136222190606,0,4.110790538363865,59.27602167039212,10.610930108333891,7.112419425844478,-11.631794240318046,-2.7735024883835075,1.1221212053554213,24.27425614489004
MX,0.6594831832732349,8.34000015258789,204.12884241168481,57.06214827456775,3.5184659427766354,3.1202741412110613,16.532367063367488,1.9184633628966663,0,12.035571465356483,-5.2272730468689526,-20.786524147235998,12.5717710153191,-14.62615327347812,-7.894729055388945,2.242163801151292,23.72445019404916
HLIT,0.622767814566963,15.579999923706055,51.19046162159944,12.625148122887476,2.6249859980901045,1.1828057586390746,3.4499382802780567,0.06418632175971983,0,18.621683617094988,-7.81064925764127,-8.728811154534045,7.535991149454582,-11.877830006236922,-4.222223493318841,1.8538025528451256,23.52005174644243
PRE,0.6345032500020569,20.969999313354492,32.3434630075349,21.215621575333092,1.8689108778816794,0.4143463658098875,0.45303397143219876,3.528849763059437,0,11.882495808400808,34.336962038568096,-6.363631739375215,8.24954135728773,-11.25687660504024,-4.48521469459903,1.1732160367452926,23.485122897800778
PBT,0.6385399745839054,28.969999313354492,51.578070811105945,4.300008302027027,0.7322374871812137,-0.5162871499211921,1.817050828047239,1.5878463768023943,0,13.125328332701603,3.3127632281413266,-8.140530926063398,7.293268554806645,-10.109890408864036,-7.446802901368563,1.579153006939015,22.946959896507117
SA,0.6264853931808481,35.52000045776367,15.394839083783275,13.798739129857601,1.0375021803515336,0.12055360963486206,0.1689227829844011,0.47860918200138813,1,7.4945197530038286,45.39500619565852,-18.359382143015548,5.735201037565731,-11.333002395853496,-6.0990575212620834,1.146533333854217,22.860284605433375
TBBB,0.6074793609463228,37.939998626708984,4.671558442861734,3.218429862147358,3.9144214547816762,0.27628157937241016,2.6093777005213155,1.212438326596833,0,13.49204919951737,0.31728961620804813,-1.080031523250202,5.633708957548112,-5.362937185437976,-5.540163570376545,1.3878034745628691,20.84217335058215
ELMD,0.6422922881709268,36.58000183105469,24.86526147174417,7.145476336564253,1.0097054437225341,-0.11812226904637779,3.089122502790653,0.5740920958235122,0,9.985752086301646,44.81394101010982,-1.4475776484734795,7.728658061495073,-8.549995422149532,-5.455320072602129,1.4726607710733717,20.003880983182405
CECO,0.6545609116111512,78.47000122070312,38.68955487166126,-4.480771085621937,2.074026576529785,1.2123670301572387,6.333622421218976,0.7263918515991676,0,23.208659645332613,30.78333536732549,-4.259948713079287,7.295779769416696,-14.706520412119358,-10.25687791017735,1.4855422191570762,18.776196636481245
NAK,0.6413064186147761,2.380000114440918,12.178100340331376,11.08518490179955,0.9289210934639928,-0.22327838672916595,0.8403352922866764,0.8403352922866764,0,7.19786410182296,93.49594118695418,-5.314016280616073,6.392558847741666,-20.134224852044547,-12.280700642881277,1.08497753881804,18.183699870633895
IMVT,0.5787841098925479,30.920000076293945,16.252886908153364,1.2840664752058146,0.9351710971931327,0.10261510110707392,0.0646845333559982,1.552391788604215,0,16.899085508866317,-13.048372096947316,-4.344700423179506,7.0065611153706655,-14.78572355940893,-4.351610182230524,1.3944035885683983,17.813712807244503
LODE,0.6354587664033006,4.150000095367432,4.141551119668296,14.561768157901103,0.9784759211544514,-0.297085595232155,0.24095787499934504,0.2409693650510831,0,2.9463794584106227,54.275093180214284,8.049535258434503,7.228913937165209,-13.541668112569432,-14.339617441645954,1.1996248749932474,11.866752910737388
