Ticker,Win_Prob,Price,RS_Rating,Bias,Vol_Dry_Up,Vol_Z,Up_Shadow,Dn_Shadow,Turtle,Ov_Supply,POC_Dist,MA20_DP,ATR_Pct,Dist_52W_High,MA50_DP,VCP_Ratio,Resonance_Score
CNC,0.6038411629937542,62.0,44.88316437705324,7.511032630085665,0.7690223462564073,-0.21037364700142053,0.15322777532514956,0.69354887930459,1,0.0,70.32966318756128,-4.91188399763912,3.0236178279472385,-0.15299334702311057,5.65082468012832,1.0178983745319299,71.74468085106383
RVMD,0.6154501889541967,163.67999267578125,98.74422289450267,9.25073224903242,1.29011610116813,1.1263708967946586,1.722878452094885,4.134891504833723,1,0.0,37.96358185895524,-1.6704917568175297,3.5974818202579133,-1.6936980926137015,6.123478472083123,1.0404416780852375,69.37730496453901
PLXS,0.572340217445189,271.3999938964844,76.4307653289763,2.8626427096043248,0.7114603187510818,-0.41097277100082713,1.3264576950858191,1.4333141989335754,0,1.0099764041375436,37.34817080619627,-0.7369545141593431,3.4369411131045116,-1.6060591275142453,0.6501874063759435,0.9558174171811484,67.99432624113476
MOG-A,0.5874161399613973,369.04998779296875,50.2506522032,14.551350537182332,1.2341429352400002,0.32896588793716847,0.4904478034027807,1.308762154725252,1,0.0,26.75132945486094,-4.512177271788183,3.229527965400613,-0.48805415253227014,4.94136111108371,1.1451489206641774,66.21418439716314
ATI,0.587220053720451,178.97999572753906,66.20668171761075,10.518318346002008,0.9675912143155525,-0.3847375794146298,1.1397372790713323,0.7626496071914628,1,0.0,39.45769115960548,-2.015976422474065,3.8250435578723687,-1.1268936520237294,2.4400101725099668,1.038954572417143,64.73900709219859
SPHR,0.6383041507871077,145.77999877929688,63.654886903669784,7.932817584382031,0.7705719458625033,0.3216765551300431,1.389075259587714,1.076970323332824,0,0.0,35.69766207281346,7.876732006450568,4.528103933578466,-2.161074644752694,4.030825241878893,0.9565503286967599,62.388652482269514
MITK,0.6034363488709774,17.8700008392334,90.59970971904062,15.862163376393973,0.9781828688316413,-0.04734850591489531,0.5036275378153947,0.8953544481759499,1,0.0,21.481990432881556,-7.359007548541039,4.796545880073017,-0.501103840879674,4.1958068071671475,1.1214072612767187,61.126241134751766
KEN,0.5968728366719201,89.61000061035156,47.01005079683429,0.3173770601316869,0.9426972854990568,-0.4129751125404204,0.6360893772296354,0.41290340816620885,0,12.497969130787972,3.78735743701672,4.460448715603691,3.3876952573157935,-6.588136844212383,6.645212292108184,1.0033614125610864,60.57163120567377
CGNT,0.604240055649382,12.239999771118164,35.054433985390475,17.438234110245208,1.1859037041822995,2.725171388944043,0.5719007336747798,1.1437858844356026,1,0.0,27.899688204368232,-13.948714426028296,4.193509627291203,-0.5686486279992207,3.468899207271036,1.0123438652064303,60.04113475177305
CLMT,0.570320486499888,35.81999969482422,75.99112893785434,7.18613775404023,0.6830598636715246,-0.6768247520985957,1.8146329743120613,0.5862621056837621,0,2.6060918671100457,2.2260238552932585,4.7505892505223875,3.3520770109398774,-3.0319409136215985,-7.207526642029716,0.8679093375775438,59.96879432624114
MATX,0.5546472388988419,188.11000061035156,60.839426091221746,3.2222071940569177,0.6780400137211219,-1.0086485609363796,0.20201205761389407,0.15416154653678352,0,0.7905207062525899,51.505195495787426,-5.490478912554821,3.0764675687317897,-0.9947365208623634,-3.2119317168266095,1.092909549413901,59.90212765957447
SNX,0.5619739667273804,270.5,66.82980362738584,13.894258282444857,1.2082162878134324,0.6227597871007406,1.0129353916321149,0.3438050557404111,1,0.0,60.71112374624581,-4.763370079445858,3.0279908483690092,-1.0027778993897312,-2.7747291754573236,1.1679708441950232,59.84964539007094
SSSS,0.5675981613062332,14.0,40.43377985967853,3.3134080662433196,0.6767795898242579,0.7350524707753344,0.42857442580295335,0.07142339433432356,0,0.0,44.62809460933679,2.579214706269393,2.999998598682637,-3.314914070287647,-4.369921732358848,0.7728467683180741,59.7177304964539
AMAT,0.6321707144007477,458.1700134277344,71.50876595120008,6.223045950231661,0.973517864099063,-0.34759000273797697,1.2462404205839392,0.8315685110165711,0,0.0,79.13175005141379,-11.915293331919449,4.334648127428449,-1.2309004417418066,5.223820591774058,1.2057043392185134,59.42269503546099
SKYT,0.5932090841918244,38.400001525878906,151.31729191250423,7.836395311595832,0.6585875415855016,-0.5826178713715985,0.8851587420408393,1.3802150336456471,0,0.8475919508545325,18.701710469663837,-5.407944551136869,4.08591881478723,-2.2527639683037304,-0.6500552607353234,1.110836716346102,59.42127659574468
WDC,0.6272794772204506,546.2000122070312,234.47228070954372,11.319563520044284,0.8890647793676997,-0.664433882942244,3.2845115416389703,0.31764652376128033,0,0.0,201.7790038450838,-11.234708059996679,5.489486329803078,-3.1800620370023487,13.750666575981137,1.1580501923925026,58.58156028368794
ASML,0.5728304135983212,1628.5699462890625,44.75789211518304,4.997901182361146,0.7002663567932617,-0.9200099522687208,1.1028131182652718,0.5477224951640954,0,1.6315845899178825,14.8539472194533,-11.562556778571604,3.927943542214924,-1.5493897738686364,2.699812723903168,1.0943350056136079,58.45248226950355
COCO,0.589830429751739,75.0,27.089533204889584,0.5857448735062403,0.5229293285361076,-0.4459293790028157,2.4800008137690166,1.052398681626593,0,7.850500520657588,37.0864581515137,-7.265915316926494,3.656982421875,-5.897110574841593,4.260835969845309,0.8992639633266813,58.44964539007091
CYRX,0.5608971910727926,15.989999771118164,54.3245164019246,18.085811896874464,1.8704122485554022,0.40731840027091415,0.2814263723281107,0.9005631986115176,1,0.0,4.852457515210751,-31.40096502319628,3.8501740393880364,-0.2806365869619981,0.9650171781004748,1.2382035739498136,58.407092198581566
STX,0.6132462915079133,921.260009765625,227.59169770067268,14.073165168868366,0.8717581743050026,-0.27891823712476493,2.1199192469741646,0.22577959184081628,1,0.0,212.21766152603783,-7.663739635713021,5.248401845101947,-2.075911597469245,12.689651941484692,1.3440042655115034,58.38014184397162
ILPT,0.5540394057699983,8.739999771118164,48.7943340289668,6.634129165527098,2.612858386225449,1.0078624642458776,0.0,1.830661917435416,0,9.815698738754927,-2.5641080160322893,-5.8441535110848495,3.7218049173868297,-4.480872835633595,3.6006634699649354,1.0595237473088182,58.208510638297874
MKSI,0.6438727796931226,317.6199951171875,96.89669667600272,2.2089695294793352,0.8753598745446417,-0.417880261085527,0.40614840524818296,2.5691089312790303,0,3.9520649285262803,36.1161731473862,-12.108950526482635,4.675173102781817,-6.306786101106028,4.9525060941531,1.0008891583869228,58.116312056737584
ENLT,0.6398931536617579,105.22000122070312,155.2251693106236,12.7772017508156,2.0667270429521816,2.0440644813490207,1.7392147973832408,3.4784295947664816,0,3.0487231340826786,50.24989726446639,0.9195362363573498,4.804898441235183,-3.156926145396541,6.376879398684155,1.2236611250505196,58.06241134751773
HTLD,0.5965547844359037,15.520000457763672,85.04133857657241,13.562363500598945,1.2235063303383684,0.8341809549975716,0.1932972428119451,0.9020640411366739,1,0.0,40.35432396499567,1.8559762065734897,3.327505128720572,-0.1929243254102136,-8.255185000561967,1.1255325955478013,57.91489361702128
ARW,0.5577137124404482,217.50999450683594,89.34681820442746,5.216564090640237,1.3354509834514066,0.40952867758827705,0.5425074545380498,0.110342282756766,0,0.9395969623556211,37.143749139895554,-5.652499693379517,3.3193867561500494,-3.2557964971626463,-1.89940814527247,1.1417776079622666,57.85957446808511
DDOG,0.6075001776233041,277.489990234375,62.94510679782892,34.850512181184754,1.1905308921932451,1.850361668722165,0.4378523120275546,0.8414687149967168,1,0.0,47.030147043771684,-42.43222472095615,4.199867480590277,-0.4359435232319492,4.340464278618337,1.451718348465365,57.744680851063826
DCO,0.6027137046394788,148.6199951171875,50.74041244081282,2.3906280947437675,1.0010084836516295,0.4833310491770319,1.365898833250905,2.0855219117802664,0,7.536130843586893,7.586503383355684,2.839145857857313,4.203409752929463,-4.925800822802946,2.8717733828563636,0.9422003279845206,57.72056737588653
DGII,0.6120206245902531,68.44999694824219,49.35313957366168,7.533633497802283,1.2089021580238313,0.6531685725847365,0.2191402959303812,1.0080386737166815,0,0.0,56.06474235097571,-14.38010902275296,3.8808290750275467,-1.9481459073116127,0.876299791810216,1.0903273399420659,57.44397163120567
ESLT,0.616030825962564,858.0599975585938,70.90175664041483,6.148643921148307,1.4809528935344023,-0.5421008913165047,0.13052643409235662,0.8810569867019928,0,37.19755789283619,-15.314700399441033,5.896146682923476,3.8718565751763925,-15.458888650775688,6.885623327107464,0.972390561672615,57.217021276595744
ATEN,0.5898718854809067,31.540000915527344,74.45889286631815,11.30892468215228,0.9983620367445312,0.5260178261738013,0.6658182573565309,1.2048226286388888,1,0.0,47.286396100947584,-3.538171851508862,3.384399112994591,-0.6614144392631247,-5.3636402020694565,1.1024584311900523,57.178723404255315
TDAY,0.5528353857204799,8.15999984741211,50.31182377953029,8.887107567289409,1.013559295986689,0.5021369766925561,0.3676437932413588,1.286764963530223,1,0.0,24.77064059267011,-3.3875338223495914,3.812149113126279,-0.36629712459795283,-2.6194157513577507,1.0541853300188921,57.03404255319149
AVT,0.5544582050249832,86.94999694824219,74.23112828994074,3.0066780294687008,1.2119669534200712,0.11368387645265492,0.14951683424254916,1.5756213854518961,0,3.205772063747154,45.81362735040354,-1.9371632711056637,3.2292771961632534,-3.6031043347250407,-2.068048194429058,1.1457031237216517,56.99290780141843
SAIA,0.6113915820803726,482.2200012207031,60.31006244424964,6.4304780822823595,0.6971884692222863,-1.0561554855512938,0.16071376021752104,1.3790373438755408,1,0.0,26.354675272889093,-1.9353618815039233,4.040908891395099,-0.1604558855303948,-4.860349565301575,0.9721665920182435,56.90070921985817
MU,0.6013290893746229,1035.5,337.8417348282618,33.41862842442614,1.2158197191570472,0.331691180393096,1.1076746212567767,0.006760726626623118,1,0.0,15.584675889188413,-37.7344510972315,6.296405580411034,-1.095539607063518,19.990096020179664,1.565724487107969,56.729078014184395
TECK,0.5593413903670572,67.8499984741211,47.39225953782389,7.3482507788690254,0.9386149572663547,-0.9328535176090482,0.5232179291260628,0.9211496153963392,1,0.0,49.58112337004973,-11.941331997270115,3.4945796279017545,-0.5204946080167845,-2.554896682544881,1.1015525724016084,56.56737588652483
ARKO,0.5912601127522826,7.78000020980835,52.752259478513544,8.934218470516182,0.9211549505059168,0.0695222543775795,0.8920286863589751,0.7712135988549685,0,1.337161690586431,55.95876514976725,-1.7777765792967002,3.5386856059175993,-2.138359792628945,-6.1657082346316185,0.9464533855742988,56.00567375886525
AA,0.6142818968084952,77.76000213623047,75.42618986017575,15.163304896990049,0.8163911067487174,-0.9881373510835827,2.3675454827274263,1.993316627001083,1,0.0,26.74572979710484,-0.8781682211651666,4.476549221211688,-2.318921445942633,1.7902849620630354,1.1713475251593615,55.975886524822705
TWN,0.5719186135981311,101.52999877929688,96.02285543767186,6.62507812097156,1.6588636513100805,-0.19367220214758094,1.8910648990551462,0.6401988617087565,0,0.0,1.2465097877978848,-3.4246541787224096,4.4617353724760385,-1.8559673519249702,1.5930860163879976,1.3106387385778933,55.67801418439716
DHC,0.6478226643224764,8.210000038146973,56.873034541895784,-3.4060810476560954,1.2038307572353326,-0.07861218088104603,3.2277635613260145,0.9549288407953626,0,12.66414595828739,22.520933018015572,-7.780607713356821,3.9006440960648563,-10.175057660183178,3.91609165840945,0.9922971110194183,55.52340425531914
GPRK,0.619704413167438,11.34000015258789,29.2835645345747,15.135244443137994,0.8837772956190693,1.110750146686055,0.7936521284738717,0.0,1,0.0,29.597543988506942,1.582281703467281,4.21047435623727,-0.7874028886881337,9.617267857523542,1.1990744526038573,55.46099290780142
RLYB,0.605394711351928,16.8700008392334,215.7169372259879,15.508392755687384,0.37848431187353304,0.268245496260249,4.171892465997326,2.1636025663239637,1,0.0,19.475927590424842,-52.816156717233866,5.1756275679813735,-4.004815855062891,7.1507212455659825,1.3254189419548839,55.245390070921985
ARCB,0.6342516471716839,140.8000030517578,107.70694305112016,13.916344555253934,0.9079992506248247,-0.6355461098477696,0.1775568143321168,0.7919072933160872,1,0.0,77.43295237501373,3.7598809703650966,4.004920371060425,-0.17724210888991684,-6.5762807688782985,1.1160941707665184,55.219858156028366
EC,0.6140285906945555,16.25,60.57931881791192,17.353939253914767,1.466247121758881,2.747537344639811,1.2307739257055101,0.43076735273791433,1,0.0,57.64386837977797,9.19540032948063,4.140658954997639,-1.2158100525921,-1.0928967726166303,1.12785989392311,55.14468085106382
CRWD,0.6177684073698066,782.1699829101562,43.715682059021454,30.67790410696873,0.9817240653267851,0.5570973651927394,0.4461933225033279,0.1259298327834681,1,0.0,123.2666379951973,-15.830480766336608,4.297001329160256,-0.4442112814277906,8.304918064080777,1.5281880010832634,55.12482269503547
NVT,0.591205556600231,171.5500030517578,49.33783601609429,2.3937649527771563,0.8603274467481552,0.08138469973701369,1.0392876231371706,0.8685546293495735,0,2.9564116614426084,7.947398079696849,-6.940598355344589,4.052834558426587,-1.971426827555699,3.3773869655924225,1.2666272496926032,55.058156028368785
STRZ,0.6250302727977515,25.920000076293945,124.90749066164798,20.191973792338437,0.7157865744372855,0.2013827835476801,0.23147942038373162,0.05787537404450675,1,0.0,135.63636431761438,-0.2025362811408526,7.069279571695951,-0.23094483062838683,7.016128324623599,1.2829397332393053,55.04397163120568
BHE,0.5991925564167856,85.02999877929688,78.44226221323129,0.2990201771853587,0.9681441886540263,-0.4543910223180827,0.5527475331588897,0.3410571794510512,0,7.169099144438852,92.35059179035203,-1.1952688002585987,4.032191018169191,-4.888146165487649,-0.3568290817105661,1.070160366388896,55.00567375886525
WERN,0.562742940574881,42.52000045776367,55.7376288957331,12.002319153946166,1.0579721070263535,-0.3508431695855607,0.06679308757327307,1.4110970546742547,1,0.0,22.856033091131543,-1.4202125415930755,3.646755832885963,-0.06674850418641798,-6.185572972539887,1.0939502466856252,54.896453900709204
HLIO,0.555028984849293,83.05000305175781,42.10893015908545,9.24254022540637,0.7022378918263686,-1.0087033951037332,0.33714481517719486,1.0535821406823467,0,0.6721576212003563,7.064591180124234,-2.0646393752262204,4.076286199595767,-0.6460022847035084,-2.9139887082143523,0.9757378687163991,54.65106382978724
CRS,0.6081731595147071,486.92999267578125,40.578012633682526,11.045227412206204,0.8996354999706624,-0.3217111379758359,0.6756635644553007,0.05853072646904239,1,0.0,56.95009065394262,0.3632885925539907,3.8837352518425674,-0.6711289903966936,-3.559336922498864,0.9733613176454848,54.61702127659574
SNDK,0.6214293734123654,1761.4300537109375,706.8794494678571,18.939479432650838,0.6582785870612371,-1.016256430153907,2.416783238105482,2.6509679558754105,1,0.0,205.67115899503358,-31.620890128053603,6.895180845332738,-2.3597531202349726,21.878283369759764,1.4279789906224862,54.54042553191489
ALTO,0.6114305459741372,5.710000038146973,120.82324691551412,14.543632969787945,1.858417067963902,0.8485425235282517,3.8528859664336634,0.8756517260054979,0,1.3551079550811587,42.0398026074258,17.86371677123601,5.916937687607743,-4.8333326967448995,1.99115382627791,1.0219195895778082,54.195744680851064
LRCX,0.6347550009393533,317.1199951171875,92.75277492852436,7.087379693804265,0.9556433708245903,-0.6391497616957689,1.1699014607058906,0.7717929500827715,0,2.935406293109366,84.30366419945653,-14.541129010056169,4.739644570512208,-4.863046262870557,9.560241826882,1.2331701847076908,54.18297872340424
NTCT,0.5933106831513688,42.880001068115234,48.18103701135033,9.131633075053209,1.1044326120383434,0.7144661256753779,0.6296652309510844,0.023316980606151432,1,0.0,42.695514663456436,-15.038259797059656,3.2216144483180402,-0.6257252565691886,-6.4316009378593515,1.133933425052855,54.16312056737589
SKM,0.5959882536986967,44.43000030517578,107.38635219925268,16.47202425266893,1.8823222596787343,5.026680018354877,0.809363188522615,2.3632663286626103,1,0.0,41.04762001512795,-2.351348464489871,4.861516469284714,-0.8028650939982953,-0.24030760105454904,1.3289289597324618,54.161702127659574
MOV,0.5751272384259806,37.630001068115234,69.96050608649436,28.823542917587964,2.5491148746846375,1.5312347116112885,0.1328706766941436,1.6138713458234273,0,2.8173658179153693,9.740449295170633,-2.0400708574042867,4.080577537705887,-2.9404162397701215,4.201349428680841,1.7923959128172826,54.03120567375886
PBI,0.5578643508992552,16.920000076293945,61.72904052693724,8.355818439552959,0.7893965919290916,1.1913555856379148,0.9751714386818112,0.8865225640960116,1,0.0,16.391762761524465,-1.0946547652240461,3.175680185611455,-0.9657536845817527,-7.563849325467703,1.211752321362152,54.02127659574468
WT,0.6312680962714492,19.149999618530273,63.09265913124833,0.9566280059496333,0.8140672583853126,-0.6335966698334872,1.7232372337464787,3.4449107403843353,0,4.9852897648858665,37.89172423318814,-14.921773765400575,3.98673334519069,-3.52645213829643,-4.978362466500956,0.8935543908669168,54.01843971631206
SHEN,0.5630663470318955,16.190000534057617,35.077774915506296,0.8314434690025577,0.9563195586046078,-0.1615902907958712,0.988263385573384,0.43236375855975,0,11.456760908263671,-0.6138758492534472,0.7980421166418672,3.251567327039897,-6.685877935680981,-3.6933778316734447,0.7585672021927625,54.00141843971631
JBL,0.6062967106860222,359.9700012207031,61.56141616736972,1.4372637560486445,1.001837687927381,0.007226188354966341,1.2945533367485558,0.3478361276331639,0,6.1180524453485665,66.51154241956142,-3.7025103473542216,3.973381159999729,-5.75221267220263,0.4372209627197479,1.0678522674503417,53.98723404255319
LFUS,0.5827241940573732,463.4599914550781,69.42929417354972,2.3668423215116237,1.0520310067705179,-0.511194470846281,1.5535347904380203,0.5976825577861155,0,6.8957855418503256,4.06605475969338,-12.270318269938887,4.220935688358019,-4.070865052158149,-1.48747000849543,1.0268630914389554,53.81560283687943
MRCY,0.617395290074443,111.27999877929688,47.601144033241674,17.239888869714793,1.4264828905006333,0.4513737198944292,1.4468014270293357,3.154207561738351,0,2.0030092528601724,44.29459908672769,-15.009538927979554,4.208817890064553,-1.9300276882233556,2.1205422802136242,1.2188140762463144,53.59148936170213
MEOH,0.6241663403799546,61.15999984741211,65.50747889393074,-0.9819242521946827,0.41166392425603787,-0.35582948818702814,0.8829315187471567,0.22890678547323817,0,20.20491376767311,-0.5690107034076726,6.319068285179494,3.5352247223533992,-8.374532063676622,-5.313496366619513,0.7861448874180557,53.54751773049645
FIVE,0.5537400099808528,226.22000122070312,23.263675812547003,2.84924567804168,1.1162124237847886,0.8245940045062842,2.652285371583833,2.2588633112699847,0,24.86182033487718,-3.8057562690349998,3.2057952683715203,3.460284085938952,-10.09816125618333,3.563381786802881,0.9510167298807511,53.43687943262411
IPSC,0.685198510506082,2.359999895095825,324.79902564875704,2.720344596736304,0.9628432077607014,-0.2992578018744554,5.2966104026864125,0.21185916281649922,0,22.08399602468517,33.333328824508826,0.8658000611805385,6.519371604221851,-22.368423521920867,17.269078913156775,0.9459803220734501,53.426950354609936
RNG,0.6204319476581525,49.099998474121094,63.9360643483331,13.091944690787738,0.8622160388708636,0.05046335134139533,1.5274949557891007,2.5560104014079386,1,0.0,74.98324941745553,-1.220051496691518,5.499708708953018,-1.5045135866439525,-0.1869150691490008,1.0608583205365365,53.025531914893605
PLPC,0.6115316669469193,376.25,71.67708080801269,6.634735014075356,0.5923034888978193,-1.0147590572106355,0.6803736892631419,0.7548244134116151,0,1.91440864621216,28.80862449087894,-3.7515322570577165,4.591549953466125,-2.7526477292491944,-3.8145307506509267,0.9472422653213107,53.0127659574468
DOCN,0.6196047251208308,173.4499969482422,272.09615534734326,12.096319206693973,0.5789695850537538,0.39807073569880524,0.5390588498351859,3.3207770519581237,1,0.0,94.05907616613706,-59.45341123736709,6.5291764477686725,-0.5361685856243418,-0.3163494754363022,1.2456217927360838,52.97588652482269
CIEN,0.6435910824549735,569.6099853515625,172.15465830965005,0.5832498300149778,0.9455679453757595,-0.024007371154002408,1.8187857688537787,1.2166206446489702,0,5.7784001241455885,109.94028083959077,-2.394964944316579,6.186187027409466,-5.944419819802378,5.960055537866947,1.1121341716835504,52.9418439716312
CORZ,0.6139066022254229,28.549999237060547,64.21442774445293,16.876467336208975,1.1638887692393396,0.8670001150567395,1.8914218211517786,1.0108613987145751,1,0.0,15.9155509935177,-12.628990892000747,5.425318046217564,-1.8563111470480391,4.186890773710539,1.224372336133691,52.800000000000004
AMPX,0.6335223272076184,21.75,88.96460778880129,20.448565931229943,1.3414420695336646,0.24907084113737984,2.2988505746069494,2.482762829896626,0,1.7627863416530671,35.00930586976101,19.980833293762867,7.873564909635898,-4.605259965569472,10.20408529856943,1.0199393853471024,52.57163120567376
CNTX,0.6741774822710043,2.7899999618530273,134.66467793800675,13.3915848827071,0.9544662175819831,-0.43799454940849464,2.150544157597927,0.3584226020215047,0,12.197869761178461,80.00000302475596,-4.845820898247272,6.28520153316455,-22.928175406518985,15.050168765816663,0.9258305281156544,52.539007092198574
COHU,0.5928737869576209,54.5,114.46750761955653,11.458781293348958,1.6559474467590736,1.0567188020438116,0.05504363173637535,1.0823871017397442,0,2.100548298015679,16.130406233617776,-8.66418238568177,5.58845300036989,-1.2681173066155884,0.39538991011911606,1.2668747571289514,52.458156028368805
VIK,0.5596510186389145,91.83999633789062,25.888058324818953,7.816200558133393,1.2388401551122188,0.3435644337559999,0.6750901255420504,1.9381520582042047,0,4.256599547821915,10.490848535928686,-1.435580575375407,4.141052590654723,-1.9850594139924416,-0.16789578163748703,1.0290603821598738,52.44397163120568
KALU,0.6135284789961069,183.41000366210938,81.22674191232078,3.893237207702424,0.9488377269746754,-0.4850302402499152,2.1836265983505845,0.9268834383563783,0,2.622072391767211,72.1513189594507,-3.804973845191157,4.112761577750224,-3.3972384533198765,-2.5899777902701127,1.1039358699954658,52.07801418439717
CVLG,0.5954322105164458,41.09000015258789,94.79465964993258,15.867242929725325,1.237720540909019,0.6798065265267305,0.29203925878858283,1.4723765879166124,1,0.0,20.463205561812376,1.2767229847588026,4.0007998490301375,-0.2911888729623089,-7.491087321496773,1.2097502959097577,52.06666666666667
MTRN,0.584025763250631,223.07000732421875,72.7277195952901,7.6855817810476585,1.1893698033549278,0.3582156530635311,0.0,0.8293319513947115,0,0.0,21.438315324315152,-5.92391692759749,3.980242781018658,-1.770915038493787,-3.8842095281426814,1.1386840798019604,51.9758865248227
CMP,0.6299018082438723,33.5099983215332,69.28965261742997,13.368400065321042,1.0544367539935682,1.2260938998358355,0.41779531887221993,2.1486161048804737,1,0.0,55.8604573068586,-6.359482336917938,4.962271785118875,-0.416057051985188,-8.321964268623464,0.9821964251670438,51.851063829787236
ATEX,0.611523047483457,65.36000061035156,206.74690261529966,12.785913702210447,1.1805880774867945,-0.08251418468597319,2.7998803762814792,0.09853661770676517,0,0.0,89.77933570173153,-12.764666256810731,5.951914454063899,-2.7236222124315645,2.9772389417894143,1.5180586759899852,51.82553191489362
KLAC,0.6228841339729413,1940.0400390625,55.57246289021045,5.1785582953896085,0.9940221966875039,-0.7227166612676993,0.41287858004681227,0.6468963823129745,0,1.7053610282990068,36.213031424056894,-8.279741786306461,4.321532769825981,-5.826959851565442,3.9953138246351596,1.1534304351815992,51.737588652482266
CSTM,0.6120951249697056,34.689998626708984,96.61209976948513,4.362209888534386,1.2966026161485387,0.409169899688405,0.7209657155373873,0.9224551959728698,0,1.2451809451388967,33.47440912609819,-5.841933285156272,5.291788299452883,-1.7280470921196462,-0.969652007729074,1.1654897650738552,51.71489361702128
SNDR,0.5771414975300374,36.369998931884766,50.44051263206584,12.417893438357499,0.7846021621097957,-0.4643733556128139,0.21996654770960697,1.044809635873774,1,0.0,23.749573620124963,2.287891099591086,3.8453974580081742,-0.2194837568668436,-8.979241325667232,1.0933734909883155,51.6
TWLO,0.5769132027311626,227.5399932861328,66.91326503863515,17.171787143223032,1.2547722200445997,3.751800943551259,1.6788289693751908,0.3746631669475766,1,0.0,24.108213063635997,-10.01418183537783,4.6839486890127775,-1.6511096620525005,0.9815469296956435,1.4431426119787518,51.53758865248227
GHM,0.6168745676200987,99.41000366210938,61.373633117113194,1.9192552281547326,1.8888654060435888,0.7410489142885021,1.2171804042712069,3.530833927061825,0,9.83816894996068,-0.7289751667476373,-3.5759486081048384,5.378879180839416,-3.979518174177347,5.418484930265487,1.1546323672146666,51.47801418439716
LIND,0.6290884627220562,22.959999084472656,81.19083168806513,12.615259853134159,1.5095051688816097,1.9998054851631792,3.353660663910347,0.6968634746738519,0,0.9320873194354861,35.93842459334263,-13.74663746172633,4.46428719772641,-3.448282499835542,-3.0062434024097793,1.0378880052298862,51.39290780141844
DFTX,0.6490188401379866,24.059999465942383,86.60498992881382,8.285699227229001,1.1278761354012679,-0.13895568226172095,2.7639273909421,1.5378177060773899,0,1.0316297004572554,89.44881753065226,-1.6128961373250867,4.507184850636829,-8.342859177044527,-1.5005395976427873,0.9613268310842452,51.306382978723406
KOS,0.6489795020091795,2.9100000858306885,159.72463691691678,-2.2998127423866954,0.6023686436565421,-0.5449706525390869,5.498276379309901,1.6804166993735836,0,16.487023206778158,44.776124337803694,14.06250127617399,6.55375259069518,-12.874246684429197,3.6912796232696574,0.9567061632927286,51.20141843971632
ST,0.5667887224146937,49.290000915527344,44.0405412842207,4.701084341182966,1.3901408577353909,0.14718091709620543,0.426048043351206,2.3027026072744365,0,5.424618115123455,37.780418940166285,-6.494438776433617,3.8633911909450496,-2.9342219369010007,-4.5922744943371585,0.9702921320467072,51.06241134751773
XPO,0.5655889008110041,221.2100067138672,43.84049388862839,7.141648664644748,1.956685993027862,-0.23828408140123425,0.18533899501606851,1.0713778966800314,0,4.176075151012823,3.2485445572157303,5.007431642685189,3.8292629976628128,-4.428410828064502,-2.1454898741526023,1.0225358684870791,51.05957446808511
ALNT,0.5964444256454962,83.08000183105469,41.388082799926096,20.92771554002492,1.5154980928160542,2.7108476250551807,0.5055346168556112,1.673085410443666,1,0.0,26.341159098358425,12.572094942327764,4.909744119763022,-0.5029918190901588,-0.27714166234762366,1.142026444727591,50.812765957446814
FLXS,0.5949478272839165,58.060001373291016,38.370288569181675,4.185547914897721,1.2073609469304794,1.301584592141076,2.497246893715307,0.9989697163726086,0,1.3333600673697714,1.3283800307759532,0.975348896974376,4.308339188771166,-4.772838755293077,0.06690454379111406,1.0095344325858144,50.80141843971631
BTE,0.5823088202095598,4.949999809265137,45.033538122937536,-1.2764300175232108,0.8540390264351072,-0.6039701081551435,1.4141449362525842,0.2020152005650707,0,12.887680854246266,10.738255961876094,3.012050095638718,3.6363644370347448,-7.649259588804321,-1.1990338841948316,1.037394898315267,50.597163120567366
DBI,0.6245656128198336,8.199999809265137,79.62001476924078,17.41122387105592,0.6897243049507942,-0.30500825240872376,0.609758437704727,1.0243916167054725,1,11.663703110689951,14.947330818079498,7.926028636519635,5.034843505447018,-5.414768422786522,-1.6490015601806167,0.9936859268055147,50.47943262411347
CVGI,0.6639997171389018,5.130000114440918,186.01784105059545,1.5741040890624016,0.7565521659676515,-0.09939814519173602,0.9746532704202027,0.23391046425250006,0,8.593232057021716,152.709368729781,-22.891561137472944,6.0707337648636495,-11.39896116833296,-1.6806773754421998,0.7304348626985743,50.3049645390071
NWPX,0.5820110047384414,118.33000183105469,90.00096785141598,4.752969402777087,1.008880872521602,1.1637076161032338,0.0,2.974728799600902,0,2.3540083572501374,67.27453407372279,-5.158875367303568,3.6441680693941367,-3.9217292037978706,-7.294579931135424,1.1292661713401777,50.23404255319149
RCKY,0.5938033124279001,39.22999954223633,16.644516342813766,9.233166454499354,0.7500781227629073,0.10992699075767966,0.0,0.5607887039697642,1,35.61699981083296,-14.42393794301077,0.05347715761267497,3.802663948115449,-19.168403489096725,5.281430625729079,0.8490795079298944,50.16737588652482
ELVA,0.6341294778915411,11.329999923706055,130.37443950765285,6.932188030619156,0.9616191321609542,-0.06701180745843648,1.5445736266357786,0.2647814048592742,0,2.3881518925111047,63.25648169535132,-11.052633585519336,7.439161746844691,-4.709843594614265,3.9215710713169405,1.0952383069447311,50.163120567375884
BB,0.5986660346400114,9.720000267028809,126.58266071345649,40.371150980193235,1.9825811925581107,2.2735316968936847,1.1831251846404087,3.806583079797765,1,0.0,15.4394320522698,-17.52767150769941,6.169165363856106,-1.1692910082401833,1.5151500916246226,1.8546871069797397,50.10780141843971
KFRC,0.619731242658556,48.20000076293945,54.6068685757795,13.966850999623636,0.8734313435066968,-0.30722172313644996,1.2655614122063061,1.1203259175756566,1,0.0,5.079576815477711,1.2945712255601738,3.8959692500582297,-1.2497451202139471,-9.291700352999566,1.0810493824732204,50.07375886524823
IMOS,0.6282000906458564,66.56999969482422,133.86184637482685,19.66564764681864,1.8024422376901246,1.886065761633882,3.325221824854928,1.0890768776232564,0,6.595050117203789,-5.251924749730307,-32.17105805748302,5.597759028456632,-6.22622665430286,10.409474902065718,1.4151001072446185,49.99007092198582
MPTI,0.6061231672401142,92.0,67.27422052666034,15.445909295993257,0.7200236238230605,0.5565936088384962,0.9836943253119979,2.48913142989397,1,0.0,19.387494049493725,-20.439037605076297,4.66063600149214,-0.9741120404479306,-16.183580190882147,1.016089524008243,49.91347517730497
NEXA,0.6093149608491711,16.190000534057617,127.61388516852566,9.528806465480772,0.7136674199990577,0.4502098562457628,0.0,2.3218051644947013,0,1.087575350218127,10.511951914826884,7.548387588506203,6.649121376759306,-4.144457553849243,-1.1506239731959154,1.0142905910447972,49.89929078014185
HBM,0.5864659270312118,30.59000015258789,72.20759281452635,19.363964819407443,1.315792311416831,1.419702232276472,0.9970588546728328,1.4220378264365405,1,0.0,13.710596842983772,-9.736847784614078,5.305189140877198,-0.9872157327942842,-0.9115285778125234,1.279006857480346,49.89645390070922
ITRN,0.5724935685250991,65.94000244140625,57.34598404161944,9.594964041546458,1.9053513163611822,2.735403223628422,3.585526041703888,0.0,0,0.0,0.5949647162251802,-4.493223924086423,4.052850819573934,-3.461416067202616,1.1063640868350841,1.5790868750975504,49.85390070921986
CGNX,0.60889963252964,64.63999938964844,57.410767660381225,0.7938720137477043,0.9738785955012086,-0.4751843583749485,0.2011214171380515,1.4077968069160598,0,12.141331140888317,10.487101428486161,-17.375767898783963,4.129733217881676,-9.976603363583239,1.830845863386333,1.0955146612849251,49.80141843971631
MGM,0.6030261635447678,50.689998626708984,33.50670742258972,29.971022150101845,2.0125737330481286,8.280213992267095,1.7163203198558705,0.31544815468942555,1,0.0,37.2596756226729,-0.7532491312202891,3.9455514976995545,-1.6873598203894433,-1.1577822084834284,1.1946598159525776,49.70212765957447
HSHP,0.629429881875149,15.039999961853027,58.2537639961578,-0.9866261451551203,1.0373772590655543,-0.46222878860030275,0.0,0.6316443722681446,0,11.152445615102893,53.64671427334439,-17.17171801252853,4.395337975955,-9.01857209091835,1.6166244960256715,1.0710926664607163,49.62269503546099
FLEX,0.5865198702477349,148.00999450683594,141.20379019858154,9.964073908802783,1.2512336376725124,-0.044967668701984397,0.94250680644886,1.6890751251717973,0,1.9981617933310505,9.856749944573666,-55.038171101182584,5.326859483008519,-4.045384436384836,1.565585598035955,1.5335493853319888,49.61560283687943
LQDA,0.6004631105894005,58.744998931884766,72.96063890894217,7.265944883543715,0.9252733835037039,-0.20885621323014703,0.6638852612696541,0.19575770850028357,0,6.264999581315175,63.817618325106515,-10.907183832918733,5.325679825559661,-7.429877435449341,1.5792295046393106,1.0637599802521769,49.353191489361706
NBN,0.5817745292999287,121.66000366210938,25.73678189292017,-0.8427069058827593,1.5050230416222206,2.964546362775098,0.0,1.8493348266709981,0,29.23595168107795,-0.2377968785464693,0.35970845664980655,3.4727876395964508,-10.28619267416953,-1.3375413924174346,0.9243869149215233,49.351773049645395
GHRS,0.6433116849679216,24.829999923706055,56.1010079383095,12.129695433371692,1.1286465889980388,-0.03427818585207057,1.651227743275811,3.7051879651030797,1,0.0,60.60801980486984,-3.428300449898764,6.608364414578562,-1.6244051153479937,4.861581678461743,1.2416959677858947,49.29361702127659
NOVT,0.5756163699519077,163.4600067138672,32.48093742802731,8.643784774335334,1.1312020445926936,-0.2083701572827113,0.5322372944136013,2.2574344119800123,0,0.0,2.6823319347619163,-8.164537880413187,5.155913433960186,-1.2684168130472855,0.07590147233479487,1.0956194899321103,49.01985815602837
SHIP,0.599461413686512,16.389999389648438,52.8749483921511,4.053579041575591,1.688233233483697,1.9353122670042933,1.4643061625438472,1.4032977697477818,0,2.7988409869172006,23.672508228338916,-7.36910357835445,5.3952765314814775,-2.4985133230961387,2.897419628209303,1.3048812178635505,48.92056737588653
KN,0.6009633037018511,37.810001373291016,56.180734038821555,6.173572020388076,1.193048336290067,-0.19065578827470112,0.31737351897151517,0.8727897885744932,0,2.574743466366792,71.00859488388647,-11.469191799062889,3.936980171487694,-1.9450206775667938,-4.398709129702844,1.1598039675332596,48.88510638297872
NOK,0.5915255916831362,16.25,155.03176560060763,14.307822293886543,1.3910334355783522,2.2923323101015525,1.6615412784434243,0.8615347054758287,0,2.500221248340376,-1.2758146788598441,3.609026233014158,6.4043942126598985,-2.2850221282045715,0.24096936508011557,1.4217857396502436,48.835460992907805
LNTH,0.5847987590721881,97.12999725341797,53.08968030414396,2.4615862701881217,1.3069747083641392,-0.40755694688184296,2.017913250155585,0.39575767005904605,0,6.300406292462971,47.345266915832724,-8.842102407608571,3.9278276604884215,-6.506884373741717,2.090008075451286,1.3866561043918442,48.69645390070922
UCTT,0.6518301407045963,84.69999694824219,224.67530704590905,1.5258811916430752,1.1767875329747115,-0.29971128100665456,0.8939813172499468,2.9397850690144676,0,7.320108284333703,39.58470092595194,-16.740380326265853,6.871308464757561,-8.22408049833049,4.981642492930756,1.1443201709641717,48.57021276595744
STM,0.5930190220421775,69.0199966430664,194.39776046271945,9.693102386515625,1.0444317720072738,0.24966521642328962,0.5940360504851208,2.4340776396143298,0,3.222649901218868,38.84529855933339,-6.134525863469,5.105143575582544,-2.884484396414402,-1.800803794930908,1.4334510619244523,48.49929078014185
VSH,0.6026301947635373,55.9900016784668,308.49981358810163,38.52567815141262,1.9453930198124303,3.0597559301410353,2.76835004566356,0.35720799596403546,1,0.0,45.42857578704549,-15.821495638065505,6.846884998000966,-2.6937768723867666,1.4664423890581615,2.0661749635255027,48.360283687943266
FNKO,0.6559691426988451,5.590000152587891,68.6681842351587,10.376150227538007,0.9622047301713896,-0.4161807259267911,0.6797872230313521,2.1466969427401374,0,1.1655104098366433,6.679396883413336,-18.468472092543866,5.813953573390513,-8.21018041691555,14.245014279659838,1.1394254800961188,48.339007092198585
STRL,0.6222384853134165,845.3900146484375,136.58910845060683,5.527332174589739,1.1988976014694661,-0.18793932494512045,1.7187368013685669,2.6934336976634587,0,7.952791210643043,4.887098591611492,-58.59725813287897,5.997569621464727,-5.345245370027123,3.6708523202300074,1.3818330491868196,48.319148936170215
LSCC,0.6040143264327614,144.74000549316406,94.47441105503987,9.187059322460176,0.9348830093611775,-0.5449878207750551,0.6148952299744955,3.109022957845225,0,3.5285387344803283,36.84410521562008,-5.150465777146174,4.985292342968614,-4.8201495876689595,0.0,1.2549684196600404,48.268085106382976
OSS,0.6359022616779034,18.959999084472656,206.4174824174773,19.18531022256667,0.8157250826329739,0.021588601073555855,6.540093556317197,1.6350183591512277,1,0.0,23.67905530721133,-56.33101417807892,8.218805823219585,-6.138621938472485,16.84518421257117,1.2634087039575697,48.199999999999996
AMD,0.6059180052754009,510.1300048828125,125.87348535754677,13.974009659703048,0.8171068744469419,-0.24440117975223116,1.4447288037617185,2.657170341596879,0,1.3999899263481859,154.82291755832043,-26.2522859191725,5.596614027432157,-3.23786170882769,0.7307448573936299,1.5237779511809662,48.15177304964539
NBIS,0.6197269398744407,264.510009765625,167.1051481692297,29.49355472926765,1.1502160278833489,1.1628033187974331,3.889372946904949,2.3363927441663956,1,0.0,127.37901280917832,-14.602884818620817,8.724967632648125,-3.7437640025921635,12.796244117673417,1.4183570099223692,48.130496453900705
CVEO,0.5765214030873872,34.7400016784668,43.896864409054274,4.434093852026001,1.2287448423098073,-0.16456038294463463,0.6908401041079479,-0.2593642632646109,0,7.056414564355655,21.00314450043065,0.1602026226390377,4.698145426298517,-4.821913209547902,0.035894575241901976,1.0715728488862488,47.99290780141844
CTS,0.5570419049224572,63.88999938964844,38.06789377877629,5.225016625975215,1.2969816803863952,0.7271696718296878,1.0954731143975016,2.3006762444724145,0,4.872696836366516,46.01926071256762,-8.333333333187134,3.7508433651493456,-3.182298139218811,-3.0932232933255284,1.1146064673493659,47.92340425531915
ROG,0.6042676714893253,147.02000427246094,66.14106876636743,5.664122590174767,1.3360628817484859,0.5525794655569775,0.16323644905397505,0.21766243702695606,0,0.0,10.541356595756033,-4.626600050359087,4.164640778323061,-0.9566142182571458,-6.697257238939942,1.2196593448142197,47.886524822695044
ABX,0.6419082960069564,9.050000190734863,30.3925154558643,-1.4483257621545986,0.8373333297062454,-0.5543216008675436,1.4917152046596445,0.0,0,34.40078389189737,1.914415248692869,3.8135558542524124,4.291237768524988,-14.09586785044969,2.106435968891953,0.9380687943360451,47.869503546099295
MPC,0.5609643791801517,258.6600036621094,23.85694309524635,2.852533922560616,1.0278651649592938,-0.07521546425984349,0.8926739526080576,0.45619448661190254,0,1.4378207903452669,55.03112549733654,0.5200072456383454,3.268222617550271,-2.0746614228825235,-5.314276073723347,1.1186868962601757,47.814184397163125
GNRC,0.6184650585773707,269.260009765625,68.69200559145652,1.3236527504333133,0.8763067758908911,0.012687745923449829,1.6675408857946445,1.5036077973339488,0,5.343612621419271,25.24303590193364,-3.882936479670433,4.727204771157517,-6.210591382368654,1.4189723758497559,1.2433282579594032,47.802836879432625
ALKS,0.5561857168293716,42.27000045776367,29.989486489373142,12.81024976444263,1.0551938549434776,0.10637563628768558,1.253841432563771,1.9517315809991769,0,0.0,19.54185443422703,-4.823249127577806,3.586635984583358,-1.3074978971210347,-5.352114359601573,1.1436310001942687,47.70354609929078
KLIC,0.6017434511154087,103.33999633789062,119.36742940199005,2.602795502673003,1.2695672843883916,0.4273574164715053,1.4902273757365956,1.4886769858504683,0,6.900955341943275,56.119435635491676,-18.915789973945408,5.600790319154613,-5.951948561105728,3.01078800461802,1.354808333175125,47.67801418439716
TH,0.6595576027785754,17.170000076293945,111.32973972858102,-0.8889390815791413,1.535138160900419,0.5220093797395436,1.0483419007890298,0.8736145477869673,0,23.476187976678705,35.62401487269769,-4.427790224614796,4.591479615499211,-9.297412574830483,-6.483507407869463,0.9068547530835462,47.56595744680851
EWTX,0.6158666401192503,40.2599983215332,45.52063668751316,17.89855478435257,1.6049789472053144,3.861431874730683,0.40983835668714885,7.37704304459341,1,0.0,5.9194951310117485,-15.387125091157225,4.457632717244764,-1.2388104395043424,-5.324460639064535,1.059073483835089,47.54609929078014
AGX,0.6620320549695695,646.8900146484375,58.071424719833246,-5.10621070600703,0.6540393294868487,-0.505547692944279,1.4941153803962808,1.618518063531274,0,12.807734538291818,36.62889082735622,3.1341235071212155,6.027298877880924,-13.575148343543988,14.38841356929502,1.021659823332373,47.53475177304965
MYRG,0.588782206823648,449.8500061035156,90.71714315382393,-1.3429495259453548,0.8407612924782896,-0.5890440289164216,2.667535463915862,1.9117496914110406,0,11.920849269669432,11.126209534459768,-1.008095968909154,4.88861270694001,-7.191926299444011,1.680920135182958,1.2893862673667782,47.42978723404256
COHR,0.6561591635193846,362.8999938964844,123.41137209073794,-0.6150991120683169,0.7987553795896822,-0.1432220344281025,0.8542315116134572,1.1848960775081891,0,7.1493609077116425,43.082437767459055,-1.7481061504119937,7.37432546246181,-12.130752083146325,11.713906876661696,1.0661750436536654,47.39716312056737
NYAX,0.5828915514435092,73.62999725341797,51.63916039982295,5.183081656177717,0.8703380411230915,0.1989303568317588,0.38028849535860226,1.2494882564865373,0,4.65832880188508,11.156400404382998,-0.5867535040453582,5.211968275063567,-4.202450339893114,9.045099263909554,1.552950067736142,47.26241134751773
CENX,0.6149398542188194,63.90999984741211,110.0576770478817,3.2563479352488405,1.068631946733192,-0.35102513493322585,0.0,0.7823501817961949,0,10.420408861517407,38.8140716249852,0.11868378325927968,6.689093031229297,-7.107562481641037,2.5176232861207275,1.1058978214267998,47.16737588652482
TIGO,0.5930381251900126,85.81999969482422,54.13862825467375,3.668000741979253,2.729964609626568,0.9614913829389329,3.7753501568955525,1.0720090564042233,0,1.6226382290888415,0.5388930191871196,4.613376901898971,4.999251779837522,-3.659634114485822,0.3125893957259529,1.2240199378691983,47.0709219858156
FSTR,0.5769061035987328,41.349998474121094,41.194297402949395,3.996374363337899,1.2821842345139067,0.6278845610699928,0.14509688224014936,4.594916036876774,0,1.7655868211555132,0.5104498968961855,-37.78501037611235,4.180342972992627,-3.9712095787132964,0.35562012262335535,1.2882255861139258,46.99148936170212
OII,0.5956307922590525,37.439998626708984,40.82825610001648,-1.5552934432000076,1.071024340308656,0.21350849523907042,0.26708995135241764,2.938030220190755,0,21.92303590356743,3.4825823959933095,1.4297242612510115,4.044566838475061,-6.679961057972742,-4.134590178260266,0.9199598668486305,46.855319148936175
HUT,0.6031173390583269,132.3800048828125,200.20009059236804,25.73849657265141,0.8770935379697671,-0.3734921777407277,1.514352344064905,1.315226191531085,1,0.0,229.63148750870005,-27.90334475261532,7.13847048404343,-1.4917618140657352,-0.8775477597798186,1.4624191065271264,46.83971631205674
ASX,0.6135378887601505,38.16999816894531,152.8314641554381,9.310113483946573,1.2697697773221417,-0.40672602262543894,0.8121597803352995,3.2224349381868365,0,4.686364356606323,82.71900087767544,-8.357073051006601,5.342638040821417,-7.128954778305861,2.146115623378139,1.546868563215306,46.67092198581561
ZD,0.5733227812651761,46.18000030517578,27.0682039251682,7.204625191313699,0.8649303691844371,-0.35892929059487555,0.45474032715537355,0.37895027262947795,0,5.6867771648013505,11.330763776987142,11.019518838159959,3.4995067893609995,-8.644904050946984,-2.3140575967418417,1.0093710184697484,46.60283687943262
RFIL,0.6529766190957467,17.59000015258789,170.10552618697466,3.2458770083233257,1.086505643526236,0.4510282617485253,1.0233104241279156,5.250142427354026,0,8.654824580807857,143.9667137043316,-3.6635004762651255,8.334075975025677,-11.02680958315015,5.709191267509174,1.0851420740654922,46.52624113475178
ATRO,0.60813825279581,85.0999984741211,43.53723464919448,5.8635456252589275,0.9004592483887818,-0.6049621251834877,0.4705032450871163,1.2808417831044785,0,1.2781631077353246,55.32030854456652,-5.434633894513754,5.933447600499024,-6.122452242995456,4.561407422419391,1.0756534010144447,46.45248226950354
SANM,0.6105782648317888,264.8800048828125,58.00433603988626,9.655052888341269,1.1570812047852874,0.01599836115398571,1.7894858603820092,1.2194184793057048,0,0.0,84.98498524039924,-11.233036839259752,5.337186758502494,-2.0740084861110026,-0.5682296839712597,1.3388049840184044,46.38014184397163
UTI,0.5964596293143085,41.38999938964844,66.78450761592009,8.18227904485644,3.176876145772656,0.7601022107778551,1.2684260294952407,0.43488839774288596,0,1.349534747593,3.5526598087124257,3.117369829702853,6.058226635127026,-1.2525385050675137,-1.7148965564435625,1.2051755635155728,46.306382978723406
CMPS,0.6093197839990282,14.1899995803833,159.08132805544048,30.774365783642356,1.0451403758735973,1.1504407691319334,3.981681118573638,1.8322779179144277,1,0.0,49.99999495415268,-9.98889673215998,6.862476597510379,-3.8292140266834114,1.5706832857347248,1.5310795333210598,46.252482269503545
LION,0.5928363958341926,13.859999656677246,76.84797084725174,6.048430608763468,0.9013505821580537,-0.7454046356242985,0.2886000204976254,0.1442965698651909,0,6.666939118106127,-7.2909710128522045,3.24110561062083,4.782519540568026,-7.630792728787836,1.4690387571511416,1.3167735799940927,46.21418439716312
WFRD,0.6041031529451276,102.70999908447266,30.612020974603716,-4.151270347762243,0.974112822692096,-0.020136736308843932,1.3922698061614927,0.4089165345973771,0,26.067837606370865,13.216849578024483,6.311321424242316,3.417387691341714,-9.226692267367063,-9.633182004123684,0.8711384246345711,46.18156028368794
AVBP,0.5824810420450738,30.68000030517578,20.863983411924437,7.864853468970898,1.612720406258712,2.6051181027292696,3.129071300170136,1.8252915917659127,0,4.270844806696773,30.943234764230944,1.633877208541092,5.067284217999324,-4.542623248765408,4.615049330540705,1.0805699755685607,46.0822695035461
NKTX,0.6418565174799279,3.140000104904175,59.346726566895434,3.1368073398937666,0.5275384513625996,-0.9173199803902848,0.0,0.8025518377503805,0,13.043389233572904,-9.510084175507117,-8.873719605825006,6.563239142992623,-13.972602109540247,1.3824871115756532,0.883290280408117,46.00851063829787
WULF,0.6271290289672224,25.65999984741211,60.67307381152036,8.247204935311963,1.0305554435011524,-0.4743834156933679,2.396725544627084,2.221355020231972,0,2.897895883480471,54.11411672534335,-9.760675625227966,6.799076716680147,-5.869407072549618,2.477759817628984,1.081424920456668,45.87659574468085
CABA,0.6756642836880079,3.6700000762939453,42.614356776370514,-0.3529711642387078,0.929679948456895,-0.10371323304260152,0.8174378953117305,1.089917193748974,0,21.48909639935241,24.82993212984306,-31.972790428767127,6.677694059355292,-13.238769270025022,7.236843134819002,0.9082387057229367,45.804255319148936
CLYM,0.6294117239317536,11.800000190734863,529.0663719632115,6.363801916216327,1.4918585926518453,0.6792760753317981,3.220339900562743,1.1025363936938777,0,2.669144113848044,209.71129569175787,-27.609428507289817,6.879539124540153,-5.448712951836588,-1.862465817579601,1.1191179988253417,45.54184397163121
VICR,0.6466808545886198,328.8500061035156,255.02805482295204,13.95355044479188,0.9789103218204638,-0.27615871784132295,0.3892348351941535,4.00182557938796,0,4.252124341185329,99.86022822466715,4.430609919447829,8.692629270898157,-9.129848077440794,16.92000070615064,1.2442001360917623,45.50921985815602
PLSE,0.6556381006025065,24.670000076293945,66.65977844704432,5.47693463255305,0.7899601457822188,-0.3398181918913314,1.4592569998987126,3.567082115968638,0,14.21633530273082,18.89156663183147,8.401344245442647,8.26075573042622,-11.829876769038464,4.017855508111595,0.95345963223051,45.39148936170213
GLSI,0.6266066377286488,28.510000228881836,229.19913829575842,10.336022361697685,1.1794740509593329,-0.19087944477341348,4.980708750768855,0.9821072502251449,0,13.380411607970613,21.01019047086534,3.5443043270529597,7.532446263150247,-16.392957463964837,2.086549558225913,1.0489482270089072,45.37730496453901
HIMX,0.6252354359815275,21.90999984741211,183.44354090519897,17.66917132842068,1.076344638931146,1.1716629530299705,5.88772672045835,0.6435364733343433,0,0.0,116.28824875347452,-44.516655634980964,8.384953746453336,-5.5603485907312376,7.119014525821784,1.5388595855272922,45.272340425531915
KOP,0.5729426157301012,41.189998626708984,27.457919305438416,-0.04595574515643516,0.7408738601500546,-0.8348854491669392,0.24278293797049727,0.9346981040476982,0,12.158783406015878,17.606776370075508,-4.9630248843329445,3.7685103664310953,-11.034541384253897,-3.5247012676000806,0.8928733385907867,45.1177304964539
OXY,0.5858465455868775,58.91999816894531,31.517916916018596,2.4802558695789583,0.7996052562887288,-0.2488364455607762,1.646302190820359,0.1357739627327896,0,22.886771516732477,0.873135289944822,9.67467278769087,3.1216658163047293,-12.646403506461107,-8.022824156284575,0.9644915654025901,45.05815602836879
KPTI,0.6642612437903018,9.819999694824219,64.69895076225536,13.424384265037933,0.411793760383072,-0.21894725495287531,0.6110022553484735,1.6293263988607505,0,1.9758664208269412,80.51469835896567,1.4823273391167462,8.375764951155336,-10.646042771195113,27.9430768667912,1.04343760009212,44.876595744680856
RCAT,0.6655065154646651,14.84000015258789,90.2176912580421,39.6837373001555,2.4029807844101554,1.2991115694264648,6.4016158991444065,0.8423180505815463,0,23.017771003881023,4.876328993714296,7.658056025436011,8.156045206292017,-20.979767783765634,7.4991754981340835,1.0054323501423654,44.875177304964545
AMKR,0.6645077799966946,72.75,96.92681293837997,1.6615199979626367,1.2502094482505115,0.44717784574746006,1.1821314231474105,1.0446764759038103,0,9.81096966851563,53.51602119603799,-7.764811586354174,6.944526968250453,-8.178724072065469,6.212344924266925,1.238056535594466,44.5304964539007
PRAX,0.6354317724457837,335.1600036621094,65.52802497884855,-1.4030830358651223,0.7616868983240064,-0.9032536316452389,0.0,0.8891308490745584,0,16.024932423586034,35.150609394617994,-1.7951809338323181,5.786319383468236,-8.556145992437852,-1.744538635760943,0.9699572530892657,44.46241134751773
LINC,0.6562539151169152,49.38999938964844,128.5713810286953,3.783396215766784,1.0159616709991275,0.6619418428095454,1.2350690785128067,0.0,0,7.174851855324311,9.53648086585422,-9.333006758487205,4.788419407372158,-7.682244131354656,-6.657961586919539,1.0390865897345016,44.40567375886525
SIMO,0.6281845905632794,268.04998779296875,195.62323682725597,2.8420175241585315,1.2788237430213985,1.1556798789161318,5.058392692976215,0.8393956733657519,0,7.277421509761417,23.493453489892175,-8.352674022156064,7.126841655049325,-9.132514096464966,12.760781427983229,1.5485715794611423,44.4
AVR,0.6368890074736878,9.100000381469727,105.98745022430003,18.977582080077532,1.2810870563363264,0.6313269563442248,0.27472107120382977,0.7692273833204053,0,1.9583973032507844,50.16502420615829,-3.4591161248213984,6.785713612004043,-7.048003912169774,8.488964537336177,1.5454189875056474,44.39007092198581
CHRW,0.5574596313104377,179.88999938964844,1.3559330031179817,4.964654372459938,0.7868318923087678,-0.3595512059695892,0.5392190916609401,1.1729393615536643,0,32.661253075247195,7.584530486723982,3.333335341427366,3.7383966683411916,-11.22979835235633,4.090151591042098,0.956134199803343,44.3758865248227
BLDP,0.6215111514100179,6.300000190734863,114.38073963388172,29.456492250666226,1.6045983984156305,1.1538294561921634,1.428566238280522,3.4920676243380555,0,0.0,41.57304405277045,-21.828908153953336,8.582765834058554,-2.0217673569850043,1.2096762559252543,1.7730937624248573,44.358865248226955
SLS,0.636119543824256,9.069999694824219,508.994864982976,29.636241604219922,1.519420758774619,-0.15862291409738713,2.2601976910808013,3.1973536006461147,0,3.603421505587581,38.89738748877379,-1.6227262335208887,10.663098381460365,-4.626714231563002,4.80769248311286,1.8591984505086607,44.32056737588652
CYD,0.6077907169024162,57.790000915527344,51.38037595638218,13.564236630590418,1.7466505695804087,0.11240931042625903,0.795983867757824,1.3151034945144837,0,3.382276195715031,20.420918720770988,-15.600004195776993,5.524929701145872,-6.001949665132905,7.503082256321851,1.527252899819191,44.296453900709224
AKAM,0.6389188264303167,154.00999450683594,59.93642424336938,8.12195542242249,0.7169407346738879,-0.1808159117597574,1.493411553651338,0.0,0,2.675962612997319,4.265105616798167,-42.20660711237509,4.624931104598255,-6.91447727552143,-6.590909090849173,0.9562766736693852,44.290780141843975
WTTR,0.6469479607423756,18.3799991607666,73.76881833798927,0.0598791591964668,0.8354800303096661,-0.27538206481878885,0.32644927109587835,1.4689802107101295,0,9.91901647765765,44.980324078884415,-2.3142457915823975,3.920410307979002,-10.253908341337182,-6.561859371950828,1.0536808145726457,44.278014184397165
VIST,0.6001762718235545,76.0199966430664,44.40739642313349,4.93549776041083,0.5254729853970155,-0.48927735243727427,2.5097417295955626,0.644564437517345,0,3.4317477696576546,35.74999400483733,8.975433221479234,4.58966869481103,-6.655213207014367,0.8909012253651885,1.226341046846247,44.15744680851064
VSTS,0.5993165930151007,12.890000343322754,87.91730846050076,14.914863863872863,1.1915448875641057,-0.6852849341352293,0.07757389402959629,3.1419683642566283,0,0.8569305967566712,7.4166695270715595,4.840373482326972,6.62196580459887,-0.4633163461116251,-4.607041604774001,1.1852175224531294,44.150354609929074
FLYW,0.5785218455328345,16.610000610351562,8.386571941936483,2.8705945286813135,1.5301983549217892,1.2859615421872697,2.4984888194109605,0.30103035863230515,0,8.300869015657252,-5.139917799626134,-23.0714253000401,3.8161181632864913,-7.97783206368551,-1.2615610949237304,0.9047669833927243,44.0936170212766
CADL,0.638086297660003,8.510000228881836,71.96116912074866,4.257276009416816,0.821314075664693,0.232175977438768,1.410104375058851,2.350173958431418,0,9.17670158485336,66.6993182452394,-29.057197093538328,6.992614619498687,-8.198491815211801,0.6109925437348699,1.0375926701446667,43.99290780141843
DINO,0.5521819156736626,70.80999755859375,25.630113512341566,0.6415120971770744,0.8599529457685352,-0.9869569704075327,1.9168194484757544,0.08473034975499893,0,5.841779664261764,39.659286227000585,-4.713025719238551,3.5575372146753805,-4.645844974877867,-4.513143758863521,1.087664297918654,43.9645390070922
YPF,0.5666222057506837,54.7400016784668,39.56457558156994,16.909609866356977,1.1420458537431197,0.7628854454746463,2.5392753872892775,-0.036530220045475584,1,0.0,31.618180998598728,2.3282667389087472,3.8271836664778762,-2.4763929506020728,-5.025246801802646,1.2834007689571765,43.79290780141844
DELL,0.6062649020677918,465.9599914550781,240.0407045018734,70.81427633626505,2.371539986638272,2.0688996147452507,0.7532856532717697,-0.08799117298207401,1,0.0,10.70299764816855,-23.928245574550505,5.613449953924511,-0.7476536853240657,-12.158722341275723,1.6175260540462106,43.72624113475177
TER,0.6327914845572947,369.4700012207031,93.89651705196505,3.1712290634185023,0.9261759981629204,-0.5540409187756294,1.9568600867245256,1.7240899385942674,0,10.515464471176626,20.65732107059696,-4.154351294129531,5.71198033449327,-12.437622418598636,1.6732755851305867,1.1691441087685701,43.712056737588654
DNTH,0.6085684072349893,89.44999694824219,90.91896255707175,2.018701431599625,0.9374837186260669,-0.34686299391561776,0.5925084375325572,0.533034127995583,0,9.472107418660404,12.899145725310927,0.8121700976158923,5.112737513118257,-7.305702644232907,-3.062496185264453,1.0793553168825885,43.695035460992905
PSIG,0.6279419957153562,8.850000381469727,103.87926191024594,20.277253779433494,2.408399790998783,4.235202636069587,4.4067725739419945,0.0,1,0.0,13.60719415495969,-6.8580515084228395,4.729620180862209,-4.22077271933779,-6.641721851112369,1.1815279503098155,43.638297872340424
SRTA,0.5878698800324692,6.119999885559082,30.08759782551369,8.732343039651925,1.0142801898898277,-0.162895869756128,0.6535941600403686,1.7156866179702122,0,5.089553958450526,27.49999254369053,-9.645674315313602,4.896123739022254,-5.846155605883944,2.2988484322283353,1.2227819386889667,43.198581560283685
HUN,0.6583445994350048,15.0,38.85485822049115,3.053827558243559,0.8325141786335863,-1.1309048893851674,1.0000038146305987,2.6666641233573785,0,2.372150632568285,44.09222112801497,-2.255638558456082,4.35238247825986,-5.660375094756522,-9.03562068707017,0.9413931758729552,43.08085106382978
IESC,0.6297020690204115,677.4299926757812,48.7673712575389,0.923299346192084,1.113821043846615,-0.05300311417480758,1.8333972579336524,0.9897366549605612,0,7.864614415489688,78.13510148925678,-1.6869009382393159,5.087187224923256,-5.097925846152151,-3.1432172077102347,1.0366426920140763,43.02411347517731
MEC,0.613567757969266,30.8799991607666,70.80884001393615,21.050565385424484,1.7611732187165137,2.744879360405564,0.35621960277692416,0.3238354410110861,1,0.0,28.935274224547697,-22.30216296152818,5.73880462162516,-0.35495518283459465,-4.337767265721093,1.4764873548866324,42.98581560283688
VPG,0.6002002837036192,126.23999786376953,258.51092611648346,31.881217915658137,1.8644078463501716,0.6744336466726467,2.756572088299527,4.38846721263564,0,0.0,26.746987748501617,-11.657250914396228,9.559450288853416,-4.131223507404506,1.7787027984785733,2.153637147697214,42.95602836879432
SCCO,0.6291537732235454,194.6199951171875,38.20795088083675,7.128206288112995,0.8138652082519907,-0.8149949139294943,1.5559072887727887,0.6885193564396511,0,16.313659874876834,-3.747311842950308,-8.24278439715865,4.384835172807438,-11.743892764992273,0.031282905457567976,1.0819363510206594,42.851063829787236
TVTX,0.5860668088774651,45.040000915527344,11.97604360773834,1.5374933734466525,0.8589679588370528,-0.320234798778453,0.8214980884830744,0.05550960339730363,0,2.765131050368978,54.72346262666794,3.445150712890753,4.262718417972189,-7.344167146524456,-0.7215034916537135,0.950167149502056,42.794326241134755
AYA,0.6192989941223874,20.639999389648438,60.62634797603241,8.803371186483812,1.2754596209556068,0.8142641064090537,2.374029968916438,4.772280678696204,0,6.151639725644969,9.437957166478135,-4.656202719418556,7.130746112351287,-6.181820955862475,3.6697212920443887,1.1938241142857198,42.768794326241135
CVE,0.5711579166559226,28.239999771118164,49.59006148936484,-4.481650943028126,0.8437264558974661,-0.37355622910671293,1.1327921929063036,0.9560922802494068,0,11.59958499330352,13.459222432638443,2.972329434907519,3.5410528767160483,-11.942625382078669,-4.298914106145918,1.1190553805365073,42.35177304964539
FCX,0.6129949152246353,67.04000091552734,47.560437616728194,6.914177284777759,0.6576454734198273,-1.3333802150909486,0.6563282150817756,1.1634826501092457,0,11.03069184959881,3.1592529809751357,-9.018571808195254,4.245866599823842,-5.537551412601582,-4.121601012038375,1.1086272939267794,42.279432624113475
BWLP,0.5871789987086607,19.770000457763672,55.05883280089545,-5.148009265131602,1.3110761793701189,0.9465740332779283,0.8093062402595161,0.5058188120850461,0,19.12294965344824,-12.560814134441209,-2.360619371837797,3.6657278635995056,-13.75098292213176,-5.286072048817281,1.0782091406027883,42.23404255319149
BAND,0.6252614263825444,70.88999938964844,384.8868378298146,29.799504149578176,1.2877860787071758,1.8367537404459082,1.2271174663994702,1.3681735536943715,1,0.0,92.58352823686585,-11.21265873996458,6.159220958909262,-1.2122418351058846,-11.8754052025161,1.7351126248933149,42.1404255319149
HPE,0.5885156584951081,47.0,108.79105231331572,37.22026682273789,2.3195675201041506,5.726613050953013,2.063832384430823,1.659571870809105,1,0.0,9.200741171341422,-9.73048903130311,4.885867156518629,-2.022099637271358,-14.067144263632555,1.5716029073749613,42.10780141843972
MG,0.6603375771488104,17.459999084472656,34.97955988956536,-0.8911904274130679,1.1314125587647423,0.6817893347322792,3.2646032341346394,1.2600190428276683,0,19.095558751535815,36.406240811987004,8.506230490167836,3.988708314473646,-10.736198561860178,-6.633730241748969,0.9195902712691624,42.04680851063831
PDFS,0.6385535810699897,51.279998779296875,78.82014197611495,7.530035521305613,1.0732072585520611,0.7045466258413877,2.086582917851669,0.6630268343893324,0,4.704210769789957,11.357219606452693,-15.89226027417304,6.103743189847039,-9.174637600213162,-1.2948753167260285,1.077947649703939,41.970212765957456
BE,0.661198661910493,273.510009765625,158.18916740211995,-3.697219913283413,0.9435886978474916,-0.38180225773038917,3.663481648156689,1.2833204052092826,0,14.308741834156102,124.48294319204783,10.150761169444246,9.08235279509426,-15.277384028093547,19.899212719974624,1.2448155166716053,41.836879432624116
HP,0.5786094274594982,39.22999954223633,31.22559358056989,-0.20114973969822567,0.9616429142434749,-0.9824902213351427,0.739232523333901,1.4912131174642917,0,8.491581214603316,15.211258358717133,6.554539789074805,3.9124891248804166,-6.1932094008276755,-2.781642579166936,1.152587435729598,41.73475177304965
BW,0.6561591635193846,17.010000228881836,159.48725874260262,-7.737368165900817,1.0389386490901544,-0.06590101141943969,1.941212174309264,0.11758058491108446,0,19.690678656356837,44.15254197873861,-3.3404426239490124,11.544553025180317,-22.787109855057352,7.7217615327282605,1.0963677326801013,41.71914893617021
BWA,0.619689326812906,71.05999755859375,54.31916476326934,10.567381559453597,1.5445671237412315,-0.09753548253302569,0.42218274987445353,1.6041376958443678,0,2.3465412238170162,58.27327053292331,-8.014795138790873,4.356468862338858,-3.817000270199096,-4.444016789530648,1.2715816059517613,41.64397163120567
AEHR,0.6580436271109297,93.62000274658203,296.7616114375505,-1.7339799451614994,0.63889513763283,-0.3165282117529749,0.1281725204719663,1.754858482540201,0,17.00079198511068,48.22673048175397,-4.469757898039428,11.656763708819778,-16.410711833262376,8.448089958747056,1.204126658156319,41.58439716312057
AAOI,0.6547010782630682,185.6699981689453,613.886391399629,4.089989254637136,0.982650703462674,1.3295383198143198,3.3985014384597325,0.12161338006811352,0,5.0062214927300275,81.12378723920841,18.83820669176334,12.838861285221181,-20.541789864306924,4.41522770879227,1.1177193494730937,41.578723404255314
KOPN,0.6672839014934185,5.769999980926514,131.22195196775928,12.104138417055687,0.9680866216112891,0.2544321447848563,4.4436760682934064,2.4263408479050277,0,1.7169448906169666,44.24999951210034,-25.81394435309105,11.409259936804144,-10.542633307622852,7.655501106010202,1.2129751084666907,41.49929078014185
VIRT,0.596625678181791,51.54999923706055,35.4656040037884,-0.6925538928043597,1.0406028860229535,1.2642812591133803,0.8729403871789144,0.0,0,8.127340901372317,5.333062287569875,-6.629265403466649,3.3940689316493247,-8.728754151992845,-9.752391654838679,1.0808355875029956,41.39432624113475
MRX,0.6119576440224547,53.40999984741211,42.42844359371571,-1.5467559879596942,0.6584600665025766,-0.31938541307120183,1.6101865058835616,0.44935719743113267,0,9.875107823707514,24.419128740084243,-7.658595769088064,3.856487409375051,-8.627711412208452,-14.16103967119441,1.0080006661453569,41.39432624113475
CRON,0.5778550607204004,2.819999933242798,1.4716992577090693,4.541239783770713,0.7432912080174384,-0.37925299516460487,2.65957622101343,0.3546095991644747,0,22.708705000670694,-13.761469424186334,3.7878840545310646,3.3004070906749963,-17.784260100999628,-2.4390220253958423,0.733062321446051,41.32482269503546
ABSI,0.6731341597542355,6.519999980926514,98.76526689441944,18.073160978211632,1.1511105358057512,0.4469855473796262,0.6134963491396859,2.1472372219889007,0,1.9803731210995161,34.43299193376238,-19.918699261738574,8.166082925973111,-11.171664230286831,6.493500459556799,1.2714142372445365,41.279432624113475
MPWR,0.6418790840856196,1542.3900146484375,55.13190047794436,-2.8391868479465012,1.2534955383695985,-0.09778812125339019,1.789429088868328,1.8049887224302417,0,19.833176333553524,65.19807477252435,-1.0963185872683117,5.412888647553643,-10.01697428930484,3.1490951709024344,1.3673173124488887,41.05815602836879
APLD,0.6179991217936267,47.939998626708984,79.98334697702818,9.707535074447419,0.9177946171253946,-0.7085505928390073,4.213601409233512,4.182313570105857,0,2.8626670953329043,50.09391930062629,-22.95082246739441,9.267686095034753,-5.4903892185981205,3.6891407571863697,1.4420302634337048,40.67801418439716
TGB,0.6387144231932211,7.900000095367432,44.508060229338064,10.528158178425134,1.0082482577811398,-0.15918071625643146,1.3924067363617427,1.2658215621864384,0,19.144728798441975,3.6745434905089955,-4.755240156199016,5.714285369376381,-14.594593562017538,1.5254262901334998,1.0559867560143796,40.67659574468085
ACMR,0.6446066534442021,82.05000305175781,137.38175682540944,18.86653614388003,1.721049778711995,0.5860792264586222,3.6441167002114243,1.3772149186708884,0,6.043703364779545,43.84642660302591,-14.765094386955083,7.712457475774233,-12.909178442198943,11.620165832668533,1.632823739411947,40.63120567375886
FEIM,0.6198407737876819,72.56999969482422,146.2942679547697,15.788716905030158,1.1504434428176944,-0.3314580210410437,2.2047657170007677,0.7854481152175302,0,1.7697873136655649,56.23250484887509,-8.430388304613366,6.386934840158409,-4.938429164091826,-4.320407490104454,1.1857028222002108,40.57304964539007
KEEL,0.6573159524188953,6.099999904632568,84.53622193022736,34.79918008002444,1.2679368704238065,0.6663608449528823,1.8032809051821994,3.352454503126636,1,0.0,107.48298587874223,-28.478968886725674,8.541567676890313,-7.575757684076484,14.2259471766535,1.6561757191876212,40.43546099290779
BRUN,0.6109626340797449,39.20000076293945,219.96541633108006,56.57140833939231,2.480556585891499,4.290716425754651,4.540813123999521,2.451273811992592,0,0.0,32.43243330211313,-5.2543351932643425,12.725036376210053,-4.3435793048725415,1.2727303937275145,2.3028976933633034,40.43120567375886
UMAC,0.6444308226863232,28.8799991607666,227.1274588244596,66.66185109875819,3.2750064485476087,1.2932969846892974,6.682826735434443,5.114607021600293,0,13.65949915413201,-2.432436524999296,5.426353254439579,11.340546805432007,-10.754021581706063,27.741939220332835,1.804798966661399,40.38156028368794
PTEN,0.6625629689642052,11.529999732971191,96.03651383715435,-3.752245322758893,0.8882817683686008,-0.432211459586915,1.8213360190134535,0.9540382731099667,0,11.444903482121566,42.80413710559529,4.753959179796732,4.726799242642437,-11.850154431630825,-5.0373129510408345,1.095145655046377,40.24113475177305
SVCO,0.674684529705139,10.670000076293945,129.71214888499335,1.7547211776719231,0.7443642178908034,0.060752944131671545,0.1874367754871433,1.2183703233288798,0,7.426009047427591,112.12722922687941,-2.589285417551826,5.70893012247405,-16.673175929969617,-13.615029427826531,0.9227749654885431,40.21134751773049
HZO,0.6018873107108819,34.75,32.07265709117206,4.804416056441422,1.1280978787591693,-0.33956869017426106,0.7194244604109519,4.345318910761871,0,2.5552163917441915,15.833333332805555,-15.63342096287968,4.5796499222915195,-4.137931034368609,-5.743919232266567,1.0712356875195688,40.161702127659574
ROIV,0.6307734919932155,29.09000015258789,27.148699974945643,-0.8715047636264777,1.0851820294357781,-0.6517715337839162,1.4609805253236772,0.08593887383390077,0,20.109875903038493,12.664603006531088,-2.623066993213578,4.1941264265563625,-11.292041586871274,1.6187009637566245,1.2744074106975753,40.16028368794326
BVN,0.6367980781448529,35.150001525878906,36.73560077152032,0.8159973406132766,0.7502911018596509,-0.5174640585658834,0.9103831605228174,1.6785209870808189,0,39.18477368352502,27.58653395909781,-9.001239541201542,4.923795669660658,-19.02667448125491,-1.7873915561251408,0.9394702967190489,40.09361702127659
YOU,0.659549744067396,57.43000030517578,51.25878059533442,-1.6676933040193618,0.8840814978415942,-0.2354435470582503,0.19153858569583448,0.0,0,10.918697266753071,24.420795980565494,-3.32848644281194,5.221760294752996,-8.448906863784607,-9.44865858526752,0.9227485117824366,40.07517730496454
BAP,0.5860580570985833,340.55999755859375,21.477216016019064,3.731954273570966,1.1570326353614315,-0.7903749668560969,0.951371346485884,1.1158056789402577,0,35.62400857694014,8.103591796149418,-2.6493184615486536,4.26394295315205,-10.011301635878917,-0.06701030927814547,1.0981945249458887,40.0468085106383
CTOS,0.6194903715317842,9.460000038146973,33.97532285315856,-2.2727270709741467,0.8305310522935875,-0.9216160787093678,0.6342438234048156,1.7441856360489585,0,18.922131103259755,52.82713974426996,3.9604015550223055,4.023709190224658,-7.436401261743035,-4.944177730033912,1.0737892667867224,39.89929078014185
ATOM,0.6601158009800554,9.670000076293945,294.0645300819204,3.7525824454530814,0.8259296846568885,-0.1915422755448951,4.549125074852081,1.8614302351293526,0,10.670110575503196,68.76090826208984,24.165917656085284,12.703428564102367,-21.795388147933277,10.435783213004637,1.2690330561708192,39.77163120567375
ADI,0.5890816576195221,402.69000244140625,44.93386409429127,-2.3320106150384325,1.3187183650990544,0.25119531336221596,1.4253889212115616,0.6903570395181284,0,14.85895052002268,1.16568641897288,-4.734840316985991,4.314911484700742,-7.580556019160237,-0.9599313757514178,1.5203366484205323,39.6468085106383
LTRX,0.6563895055850539,7.579999923706055,40.89334289523161,12.890013042376363,2.893222194448475,0.4042255650864708,1.451189110911106,0.2638519937358608,0,4.519431236757638,5.86592297745774,12.994351498275497,6.511496340899353,-13.371429441831213,10.737173460334217,1.1508597899748891,39.6468085106383
TNGX,0.6688271926916586,23.100000381469727,102.44603925319437,4.150230498803823,0.8995984158097249,-0.024382811424485073,1.6883090181435783,1.7316000515473051,0,14.9226871882004,37.254904847381816,-9.72355081001426,8.491031173873036,-18.690600120644383,-2.7950358386602785,0.8846171062766254,39.269503546099294
ENS,0.5698294743376481,227.88999938964844,47.86818753592756,-0.44798277437170797,1.3914930328618824,-0.15709757610174313,0.3302042403871845,0.6231068378350185,0,12.380690739331087,43.27504224356394,-8.206604823474452,4.94670079513038,-6.7171524588829215,-0.46861625195604845,1.561766022553895,38.9177304964539
ON,0.5979945623265149,120.91999816894531,131.35590061769125,7.892035683263254,1.1101107872087455,-0.2096199012505736,0.09096974199169576,2.737351338143655,0,3.5453276352765792,119.01829410057509,-0.16499871004348918,6.104980863328684,-6.357938823942831,-2.664864213076763,1.4615492607380487,38.8241134751773
TOYO,0.6288978298117709,14.470000267028809,118.17603469771831,8.64587057971331,2.2204119575526056,3.740812484440738,1.243948501501897,9.392531879390928,0,18.960778487594713,-2.2297291853438277,11.487018360740777,10.038553241534611,-12.356147386120465,10.686167033828912,1.4732555291261522,38.76595744680851
BEAM,0.6440476639435192,31.139999389648438,12.17272670470091,3.307565460007849,0.8637633084762442,-0.426916073429916,0.06422754706179652,1.734100895136422,0,21.36358912385669,-7.569009619855703,-5.276869353656934,5.996880796290681,-14.544455095095493,6.158121701631671,0.9655379841310824,38.740425531914894
RRX,0.6259490509774144,202.08999633789062,27.128100997312508,-1.5995152344878936,0.6364175298712054,-0.6438154690336403,0.09401872672986215,1.9669409256956907,0,40.85975712565711,1.243860105769464,-0.6290471838365127,4.603499933501738,-14.495455418128902,-1.0679002170524148,1.0434558825289688,38.66382978723404
CRUS,0.5842326680284565,167.72999572753906,27.805442311032547,-0.316471436836985,0.744119595105424,-0.36592748954587123,2.4086289805141945,0.19077807999683938,0,13.483619293740492,24.32732278874305,-4.523862900166098,3.8744232987631104,-7.033589718503929,-8.739210522228772,1.074060083532497,38.649645390070916
CRI,0.590425782318358,38.38999938964844,8.364552211207998,7.236587414561734,0.7773346537180116,-0.8580797369762757,0.6381842557268855,1.4066087767680926,0,12.516472198315393,16.037254296702162,-4.80571194583128,4.344332396134777,-12.39762159486239,1.3413204629899327,1.0243357997390983,38.56312056737588
VELO,0.6279945520607196,21.510000228881836,287.57614754840586,15.291849567798,0.9747923733519487,0.1527185185147448,2.231518071159802,1.9990715973048756,0,6.803481481021917,2.37981910770694,0.37009763052609956,14.840605535364585,-18.830187814829667,20.760696585659325,1.4839971268395606,38.51631205673759
GTX,0.6101067135107017,31.209999084472656,77.09153304585354,2.443744609823185,1.052827677526982,0.5608021051288936,0.8651088294627641,0.544691361508055,0,8.614670267248231,21.86645193455759,-12.098952683058215,4.152286396590446,-9.114738072557078,-5.402302037998511,1.3910072048385873,38.40709219858156
LPG,0.6044749839782464,41.310001373291016,63.85105621631257,-0.1624609557287199,1.5258372463365892,-0.2489576934590333,1.2103606472188875,0.6775589151690571,0,11.529546696450552,-13.43252238748232,-2.8330760682079412,5.162752000186691,-14.152114941008156,1.36135225153182,1.6004151060287,38.357446808510645
RKLB,0.6351799114022255,122.38999938964844,179.6532691415731,1.7610087385037059,1.1492846112485093,1.262331999876697,2.5524903468220566,0.5229180430058393,0,11.546224354704062,16.042474611694225,-33.82820008584556,10.213836061512977,-18.947020271630528,8.327537659213997,1.4403006207823188,38.25390070921986
XMTR,0.6046192183803236,95.25,52.32663881566333,14.322063551036624,0.9105073717881724,-0.28944275966483585,4.839791525642266,1.7637798479350586,0,1.6664042057800117,114.3339400141436,-49.07770610291414,5.475058911398282,-4.616368895066454,-2.6039082405121246,1.3410572504092577,38.192907801418436
RILY,0.638737550459041,9.819999694824219,111.45223026764448,4.6908275574482285,1.6956935980874481,0.0015306197840596427,4.3788219806018045,1.2219947991455629,0,4.508527402060617,71.67832262767291,8.908677925970505,8.633981228847547,-12.633452892200086,3.8978489191355083,1.3736803091685061,38.160283687943256
BAK,0.6659439498842012,4.099999904632568,29.63052906583663,-7.449211236592164,0.48626176459108056,-0.6150355084343065,0.2439080271220897,1.2195052450858745,0,35.43632832252667,-16.496944354112237,5.626599072240787,9.362368435931383,-24.00370863081098,14.347823064169162,0.9582002565166501,38.04539007092198
ASTI,0.6474761995776748,7.860000133514404,388.39895985820476,52.237074411505525,2.7537869842226614,0.14004799254617648,3.0534382168957768,13.104322078167819,0,3.64890060927736,55.3359727637352,7.096772405743599,14.265722138534018,-20.364739363187688,23.62204383958869,1.6798239554144305,37.94468085106383
TXN,0.6059226306612748,293.20001220703125,67.14714135012869,-2.3590973561759223,1.2321626376490518,0.5799888470906193,1.575037954409362,1.101640808949342,0,11.967397797048935,4.414760426703807,-2.9330016412409914,4.322989326015062,-11.55621140536995,-2.719217788194723,1.492530593891637,37.780141843971634
TTI,0.6002003139944734,10.359999656677246,20.242836520551343,1.112625459640077,0.8786866604523511,-1.282659764772536,1.2548274009312517,0.48262733964291965,0,31.128182555948335,14.348776784847633,-3.492062754832965,4.067843882878007,-17.384372501064988,-3.0674848057773136,0.9659089766472466,37.7290780141844
CNR,0.596310109079793,93.16999816894531,7.0861252716955425,7.698535733731326,0.8316752056166641,-0.020021461002763183,2.0822179666330123,0.0697675675464577,0,36.59156837813382,-12.970721136957044,2.4247165812819897,4.120317888545203,-18.754987423886213,-1.4659197058610371,0.8987345480611848,37.713475177304964
LPTH,0.6380278907141784,16.55500030517578,126.99613122341785,18.931736090635397,1.416819011961111,0.2036915232357045,3.533070924351208,5.738452101296905,0,6.434742999478186,18.33452877654523,15.985398618344343,10.445657920958592,-12.592397896015056,4.351610182041159,1.394777011698843,37.6709219858156
RXT,0.6573195125489355,5.920000076293945,462.519330330275,27.099995978522358,1.0499085917998887,0.06854605068143607,3.885135406596485,1.8581103391587417,0,4.0382704678324135,332.1167921436381,-210.16948181788715,18.326494620968546,-22.61437904941948,35.19553119026273,1.6361849824214565,37.656737588652476
TTMI,0.6408476100728057,172.44000244140625,140.2733742546078,1.3509352952436124,1.6588839641796878,0.3230395775564175,2.337044028193439,2.2326552947089136,0,7.4886864238139585,78.73133959445123,1.0566751849266272,8.03302015659865,-14.072150321362045,1.1845915782617848,1.3570533608510724,37.652482269503544
RMBS,0.635704583613536,147.47999572753906,43.216849329917096,9.914512366377584,0.8962910367153782,-0.4596126485407841,0.793326690284752,1.6848401939659894,0,4.334315075363138,49.801930216996595,-15.473956622394988,6.65198330637938,-8.8504369926059,3.360811892659816,1.2616332801553045,37.52765957446808
AIXI,0.6373486798887342,12.600000381469727,1536.9767381091506,31.110016886992803,0.0021485001358784897,-0.20959212071621847,1.269840020280601,1.0317469086888762,0,0.03182202919312101,1467.1641856890044,25.15337222808207,14.865078443602698,-22.58064100137051,23.91304377445373,2.586309671643058,37.39716312056737
ENPH,0.6313628800546469,63.7400016784668,116.87777802035467,26.33540441887659,1.1925716630364573,0.2832131282901043,0.3059298551713656,2.8702573854845794,0,5.782807384981689,23.359790859335074,-7.680952454781635,9.674290626249082,-13.56115605487479,9.991037511991935,1.7777984247706826,37.36879432624114
NVEC,0.5986877446008491,100.94999694824219,53.10904097867555,11.594450915007585,1.6484325321311406,1.2747305375298423,0.7231336097024753,1.555225103784418,0,0.0,7.077407480224597,-3.4518314977078237,6.290988762206216,-7.21839725248855,-0.27108366887222435,1.3271738356833886,37.35886524822695
DRTS,0.6225263384901505,9.664999961853027,146.1844836188252,-0.1936240759933753,1.7393895311458716,2.7434066889226507,0.10346848339649609,2.01758608974331,0,29.115323453168457,-6.528048169328547,0.3512849309330576,9.894317154033407,-16.824440127296505,5.737705824960976,1.5327887550778758,37.3063829787234
PLUG,0.6576342976944882,3.940000057220459,86.75192536764587,9.08084392625727,1.1335312224071232,-0.8081160319317852,3.0456823295906545,2.538074659225095,0,4.036870543604032,76.68161537014794,-0.3215431124550982,9.554024482216317,-13.973796441201275,6.250003722685982,1.3299921105162205,37.185815602836875
IMUX,0.6358599758674647,15.130000114440918,103.59654210135551,21.003699434742646,1.1012056741515333,-0.23257147150684665,0.011232304156439275,3.172508210497501,0,0.0,65.71741428406587,-20.518140662963297,7.906713255726222,-4.058340676630064,-8.62068937093511,1.1293857775338627,37.15460992907801
TWST,0.5825800790287489,67.86000061035156,101.83142280890998,16.834820849554717,1.1920637308941573,-0.14901369219937724,0.41261240314524406,4.244033366002461,0,1.4109412300001871,18.20240513940445,5.877488347708084,6.661824801721994,-4.4763517231824235,-4.3526803484469685,1.3344247878837436,37.12056737588652
EVC,0.6231955251347193,9.279999732971191,226.5241377624799,14.702425681718356,1.0386936464537369,0.28017420374096175,2.1551704202425745,0.5387951742264404,0,9.116478497928025,20.676198487814755,-86.94516943003924,9.197968832201836,-8.300396857746414,0.0,1.828984136337848,37.04397163120567
ASYS,0.6418627276454365,20.649999618530273,154.5578939987344,0.4084393360269426,1.4994959029421806,-0.09076785667908542,1.5012080951768771,0.2905543198443295,0,13.4137351301756,85.7014373218677,-25.452427458857617,9.069525385807946,-13.958334922208929,0.7778751508556477,1.2774362977926643,36.96312056737588
GLUE,0.6078884202076754,19.670000076293945,10.776411632673666,2.7851820247483996,0.9362013818013006,-0.1441011541437743,0.9659406879054576,5.236404080315631,0,39.68959844030302,-15.506875015976087,-3.1382988111692947,4.940447129117556,-23.670936254854755,2.4283898044405623,0.9941755333628237,36.900709219858165
BFLY,0.6466991910474598,4.599999904632568,37.11267535854261,5.637844976041428,0.6596209067551065,-0.33161442978525113,1.0869606904478297,0.5434803452239149,0,28.842279558090418,-1.498932987211831,22.962967144935195,5.555898621634046,-19.58041829448654,-4.53400668550812,0.8256878497858631,36.59858156028369
CCCC,0.6367004430873,4.380000114440918,51.19486142477365,28.060816766615204,1.036494856646799,0.5434842222910117,4.979453543494115,1.3698616711908704,0,0.0,54.770326218148504,-1.02739625327587,8.477006184979032,-4.74326487271252,-0.38314141231251947,1.2691499359959064,36.56028368794326
NXPI,0.5998373474676372,311.3800048828125,50.02147306612592,2.2122808516679884,1.0278526079027726,-0.20647801416622888,1.0991345937063484,1.846618250952093,0,4.865521318537119,7.650822777091094,0.16596336898140518,4.365818621706423,-8.40417893755963,-2.9071746568459074,1.4995814974323092,36.55744680851064
MRVL,0.6213723192548728,219.42999267578125,138.2155235176735,19.81870957083905,1.540234373389872,0.8975556437168686,2.602199746813092,1.727206248648301,1,0.0,145.1042056801252,-3.1403504276294623,7.132113971925678,-2.5362026869155097,-9.103091012307253,1.6755298514548311,36.4468085106383
HYLN,0.6465620650550056,6.25,225.599858888665,45.908720176544556,3.0152205622387203,1.5690639665268533,2.566398620194845,3.5184020990464306,0,17.738159457298757,4.340571598884978,-20.58823940891436,13.38319969177246,-15.426250161401883,6.315789800579753,2.8405802450864615,36.43687943262411
VSAT,0.6452223756574507,72.86000061035156,96.70955291303129,-0.30581414228351134,1.9052133921480536,3.0744154590022483,0.7068341824419375,2.525396585020731,0,10.92427020723233,115.49836631108217,-7.509212505108513,8.65064386123651,-18.855106506697375,8.230999978250832,1.5942465781441229,36.41560283687944
RDW,0.6399754373097828,20.68000030517578,272.86446015127416,36.43861065073006,2.4330851572342387,1.4520314263845389,0.6286226249608865,1.837529315711628,0,11.470302643817902,-13.83333206119119,-18.522478734347363,13.095812895479037,-22.37236944744384,7.892006435838331,1.9841390588774939,36.40992907801418
ARM,0.6229048331108161,408.8500061035156,196.072110784198,57.963877097562936,1.190278372006816,2.4067859947863623,3.1404927463481425,2.127922728905925,1,0.0,160.2979480722745,-0.9896825784431801,6.777772779101267,-3.04486886064381,-19.242023045770132,1.8999718695867331,36.307801418439716
TXG,0.6252207295868699,29.59000015258789,45.57535955184453,26.527339299193738,1.1282160573732076,0.550914982850232,1.1152413720621122,2.494423954203277,1,0.0,77.29178672842829,3.700400857674202,5.687515059287667,-1.102940918628169,-11.15343437378124,1.4154735856058651,36.30070921985815
SMTC,0.6353255356645394,149.5800018310547,91.41077699888389,7.915071462059238,1.8889777144559197,1.2841371770682364,2.881399589386906,3.362748173345026,0,12.077728949167547,-9.047795375936433,-12.985808660519883,8.753556627884313,-13.2165228002422,5.34779182330449,1.8070167624769178,36.129078014184394
ONDS,0.644365630314151,13.460000038146973,51.11154496811145,32.98752586608397,1.8399940505156591,-0.009352613005026099,3.3432378005673127,3.306089847919648,0,4.626919870245948,1.5849059481594232,12.209295662260079,9.310654913617624,-11.910992974547717,12.186050413905477,1.2803684717656105,36.06524822695035
CXDO,0.6238552159540096,10.470000267028809,40.3859330323171,9.708181204058034,3.1754405116277136,8.69915930030821,7.2588276576100315,0.7640871218536874,1,0.0,7.384618122614999,-24.137927105977823,5.823439846307625,-6.767580642202755,0.0,1.4642505486255029,36.04964539007092
ALGM,0.6287047674954485,47.130001068115234,70.2949519157917,0.3246258451020078,1.1521969870242614,-0.15228074291178154,0.19096149065625342,2.376411460164342,0,12.936044518772086,24.09163147951745,0.06124699791063503,6.358551887715462,-10.738633050695444,-1.0352626864883585,1.3366691765356191,35.94751773049645
GFF,0.5510507285365354,85.18000030517578,1.988655431973818,-0.847447963499786,0.7328316436667518,-0.327123053965235,-0.10565430566698414,1.620095384430182,0,35.435462411747,-9.729165982676026,4.894653138915518,3.8071578675674878,-12.263938421116814,-2.2570451223973995,0.991201361106017,35.88794326241134
WHD,0.5977256366328603,58.0099983215332,25.610169183288733,-0.3204682642877865,0.7640192903278041,-1.194828576645202,1.3015016203197587,1.6117869085173941,0,10.854422619541406,27.405876196390867,1.1863506388130651,3.5123257506370833,-9.782277498593107,-8.611488350593484,1.194029799252123,35.641134751773045
DGXX,0.6573195125489355,8.039999961853027,79.64746340125564,10.5990780977338,1.1555370852802798,0.2648771289810479,1.9900478625790037,3.853235689572317,0,10.433756052139993,57.33854699041131,-76.32979070462072,13.667199383358387,-12.608694253643456,10.788380958324954,1.5764700823694358,35.239716312056736
IRDM,0.6371617203318991,47.810001373291016,182.7045205718981,7.017351040492981,1.0135324052183179,-0.06654869726917328,0.46014934047703066,0.2719118686014934,0,4.237007252178586,182.27831578852678,-5.121705192820417,6.1792200963539585,-8.497605027031595,-7.560789491323155,1.2812364693793816,35.188652482269504
REX,0.6258481157102945,49.38999938964844,37.4286902218256,0.4842112941568976,1.1911936258779776,-0.6599536204161691,0.7288937331303662,1.1743227850033937,0,3.9936615080671714,45.650249517654316,0.5803500268905131,4.160760853643041,-7.440032187440727,-8.35791912558747,1.2083199244636114,35.163120567375884
RYZ,0.6090946115109593,27.739999771118164,10.126196853131653,4.620025310985879,1.003006595446798,-0.5005680135473785,0.9192540382481881,2.5234277625856305,0,28.179008729275296,39.11734718034203,1.9452482386728076,4.433000243413362,-10.22653684893523,-4.4190731078687255,0.9099714185886558,35.1063829787234
ASTS,0.620797283807886,105.6500015258789,78.0538133276058,16.84168128078874,1.8416846735381596,1.224632956286126,2.470421744090122,4.2025578582473075,0,17.00847707818191,-6.842431783427131,-5.868251795553194,11.531741205452985,-21.074255905897854,6.621315729570276,1.3251563244287194,34.8709219858156
QUIK,0.6439896940331554,20.649999618530273,226.28661460753668,3.467279913135664,1.1056603569924397,0.12135951890322222,3.583534066597706,0.0,0,13.262617989446406,31.52866158653503,-21.874998537761435,10.17640976124969,-13.235292938551227,-1.476796941647952,1.2309367147485675,34.719148936170214
KRO,0.6545729776240983,6.989999771118164,26.09700325841753,-1.9016243083192435,0.7939943547354884,-1.0699219445514712,0.6437779364949684,1.001426281921135,0,13.719941716844216,45.16631583346465,7.4873114713765165,4.869202871306276,-11.406845506757223,-17.721518656691597,0.925592962110041,34.60283687943263
SYNA,0.6269184160329977,134.92999267578125,86.95009291415323,6.5755636431994695,1.0226352995313994,0.07456395767986485,2.3864236237057344,0.7709121076455978,0,5.015441959531416,47.512835765401036,-29.97927492733263,7.1481621212378705,-9.509763179151115,-0.9379314554019337,1.5104503607876452,34.56737588652482
DY,0.646666616125506,493.8900146484375,26.901654246778683,10.333444663559469,2.0929473624507313,0.015007999351707107,-0.8048424756907113,0.7552310991700616,0,6.773350204894935,43.414253918739256,1.2200204037005395,6.028886085613225,-12.81267495335547,5.295280305565956,1.3458090448080702,34.5177304964539
PKE,0.6184881286151556,33.380001068115234,59.83243326919647,-1.8249700536808393,1.7328665432636006,0.9373640073229826,0.2696229769482035,0.04494097218873437,0,16.649580896098414,4.737998710610569,1.0023477483317718,6.514809199268035,-12.617799995894941,0.10862322763745659,1.4455537342080154,34.48652482269504
XMAX,0.5922604127187596,8.5600004196167,44.53858877121437,3.275626736774362,0.9806592978983989,-0.014790634154883698,1.2850426550483889,1.3434552040580272,0,2.9607493944423675,-0.4651158148151181,-3.0902347991813786,5.010846851132927,-3.0577520542656584,-8.721803237610178,1.8021676139731875,34.190070921985814
AAON,0.6013828582510201,138.66000366210938,36.72623552517589,6.426992423168129,0.970553182392782,0.1422451216512078,1.9003277349090253,1.6010393495278399,0,6.934903153289102,7.280467049931582,-49.22535433957988,5.829005199357327,-6.939594857598141,-4.184882381470043,1.0845502341047562,34.15460992907802
ARCO,0.5754201113972749,8.779999732971191,9.940566445279408,0.8905460666357405,1.2093387648018283,0.4666686942353677,0.0,1.5375772129603402,0,23.874011357660606,5.313021653026499,-2.7334935314847466,3.559226396625898,-9.948720686454578,-7.822694013231625,1.069049650616316,34.02695035460993
AIP,0.6342256271476606,36.0099983215332,148.8932684877176,5.492891408957524,1.327980567772906,1.4250512963199495,1.5690154616105623,3.08247892823972,0,7.5558252676835735,1.293949632438169,-10.05181267917909,7.436427069051896,-6.394600522606934,-9.77443869542796,1.2353756872906159,33.99007092198582
WATT,0.6714765296626998,29.65999984741211,375.59097638490755,11.45557244132453,0.5166908663441493,-0.16975188945664996,3.236685761050953,1.4497650282314547,0,5.981154840325248,471.48361301910836,19.41605727981347,10.766304188356457,-19.794482923845933,-12.81513243327952,0.9675587828666786,33.98014184397164
MGTX,0.6171419988999486,9.800000190734863,7.2742256325907695,0.6987286218206334,1.1157688764548783,0.2327619050406022,0.4081628680656819,0.3061197182066651,0,19.465735425762215,3.3755344295015837,-4.357065398691741,5.036441549253628,-17.299579110288697,-2.448983775330943,0.7942866569180639,33.90780141843972
MGNX,0.6528425552210093,4.139999866485596,167.49174250818118,7.406923954464519,0.6260534725736842,-0.3947113959275974,2.777783855948937,1.6425082598858665,0,9.303468039066612,20.699702207080307,4.153358135662722,8.847481754273103,-10.775862376714867,-9.655171106390693,1.0538877798996333,33.860992907801425
MTSI,0.6339236764343957,353.7900085449219,98.27613565368361,-2.48386359248528,1.3421170753281917,1.249368971565895,2.600416061732023,1.797681029851666,0,15.494452893991214,79.08883982727073,-26.638051290658744,6.608237930758581,-15.543085772280197,-1.7636086364371129,1.3520165718778496,33.761702127659575
IREN,0.6096244444845718,65.33000183105469,22.602068340326873,13.834173836490644,1.2715866827202895,0.9477887124724172,1.790904846372197,2.877699395980725,0,1.784271758606584,18.458748909035428,-34.03416768970439,7.70800931082734,-15.012359181801042,10.105614737857765,1.133826643375904,33.61843971631206
CRDO,0.6173433631728116,226.10000610351562,25.619481459981273,14.453054096775539,1.0874795882307173,1.2601058992204028,2.2591780500099508,1.1322480089626519,0,0.9333910953083687,132.3740997026692,-2.2372274057587638,8.370158043720522,-7.035072627752058,9.944900794264703,1.5064587984967546,33.40567375886525
POWI,0.6549729054294184,81.91000366210938,133.82018402078342,9.096705487805067,1.8839024169868954,-0.11879073995609242,1.794654077601005,1.9777837555043938,0,7.79867405899268,125.47482912274536,0.05456649366861227,6.50886608464604,-7.966288020012318,-7.334328336753082,1.395311490962108,33.29219858156029
CGEM,0.5907502264299541,16.209999084472656,25.83697770880744,6.709670085811503,1.301192631712879,0.2279270531506173,1.2955027986984355,1.8507048364327494,0,3.490180442517843,30.305463271327053,-8.339537304731486,6.519345142142279,-3.1660734400263686,-4.510704556453961,1.1367261000223428,33.270921985815605
CMPR,0.5571098135315774,98.94999694824219,31.41765968731949,3.079356504558501,1.1023766921907558,-0.003185611706133783,0.6872160951400504,0.6114233204513779,0,8.816759007458728,-3.8199848464780315,2.218668619768001,4.532231139037963,-6.765288317085011,-4.440972054899371,1.3775383193260706,33.00992907801418
IFRX,0.6403961626687884,2.2799999713897705,79.35865244313777,-6.710312806964098,0.49276256912766236,-0.09540488771961124,2.19298039130575,1.0964849671751997,0,44.43981303432336,-8.800001140889178,-22.857144792532704,9.912281680619756,-22.68565401677916,-2.197800036059305,1.048589453047784,32.835460992907805
NRGV,0.6671208387948729,5.349999904632568,48.42268688239457,5.170038163812673,1.0439125814361678,0.45703232233346824,4.018694511779989,2.616819980467692,0,14.914849247776088,71.47436218444419,-3.424659621323588,10.161548357635922,-16.406252733196546,5.3763453250475175,1.2637129956039204,32.791489361702126
ARWR,0.6053951168048896,75.19999694824219,18.068728127349367,-2.1285768083564123,0.6972502651667227,-0.5688758442862137,0.6515929303830498,2.380310317487121,0,7.881145381082641,16.553008153570588,2.8338393080399564,4.8978917680481935,-8.582549239678364,-6.688907012750876,1.0134840870098976,32.53758865248228
FTK,0.5971788929981446,20.350000381469727,32.80836017865943,7.96042462296924,0.9340780773351347,-0.18737489870969062,0.0982823458858558,3.587221270350333,0,2.8666603976280234,10.838778348884114,5.390988974685207,6.560196624677192,-8.49819878153907,-1.27684983479577,1.212328838543413,32.32340425531915
AXTI,0.6307271194950264,109.55000305175781,936.08743259399,-5.624208870549163,0.731705944486634,0.3641762115272686,5.705157303364094,1.6147851602805408,0,9.497261449309823,46.1251184040852,-21.20833396889529,15.665970561332601,-23.477228101672967,-0.7230128556289419,1.3890413943968538,32.12765957446808
RLAY,0.6329424661195189,14.260000228881836,65.34609393624658,8.255837053577894,0.8053729818397273,-0.29420761250210525,0.21037680566320716,4.978962319083048,0,13.326479357045812,18.144163953999747,-0.3144651022812128,7.35373648578453,-17.667433716411303,-1.1999988554708205,1.2306124673882939,31.964539007092196
PL,0.6586902798602283,46.459999084472656,284.17839081364053,8.292055053083558,1.0850715665206714,0.06424371707014513,3.572965734153806,2.001722607580891,0,3.8657951966660593,37.33371732025969,-5.79945610053595,9.0670946637754,-10.239566091240086,-20.178051283160407,1.1677245783079533,31.451063829787234
SATS,0.6101663569959281,127.41999816894531,67.53065281221214,-1.1466447601106027,1.1357241832933271,-0.13330058831202618,1.232151425810544,3.0215025344657374,0,18.680439249530494,16.005100525326768,-3.2229267826232375,6.928156496732251,-13.466894282458416,-2.0988002041025533,1.3283301480248069,31.2936170212766
GFS,0.6440396652133789,79.93000030517578,114.38521584354424,5.864746179568832,2.196390056857644,0.35541153760684696,1.3386709504885932,1.6389405516955362,0,12.52320780384964,118.20911267613683,-14.188874695299116,6.993708896008166,-13.635875019245585,-2.7905882551022865,1.5293723366665863,31.15602836879433
MLAB,0.5681246722625113,105.26000213623047,19.187550991967118,2.4309728718929793,2.0025438119423904,1.9041983845852275,0.43701223174301507,1.9570636007612785,0,5.528338542106597,16.105285684617833,-1.297075140478936,6.8540807436721405,-5.271269451789114,0.9330995892574369,1.6959668363797682,31.08368794326241
VECO,0.6631886567673149,57.244998931884766,83.6053364836838,-1.4465820193210164,0.70823493944052,-0.5602004174300869,1.3276306234567516,2.0787818130701052,0,18.461956627254548,-7.684243700288783,-18.24875257465239,5.846425044131788,-12.509554233516415,-14.708688169950193,1.240463113807233,30.655319148936172
PRM,0.5783950373657017,31.690000534057617,1.8779779134460384,-0.42575727756702547,0.8554644935568324,-0.3343964840008018,0.6942291479602369,1.2303572134314018,0,12.141841559701486,15.614741737743762,-4.26649548297412,4.622662209302271,-9.171679310629383,-1.0367635617891038,1.1334235292144466,30.46808510638298
ERO,0.6074193348541556,31.420000076293945,17.70412499007772,11.327641403510365,0.8988469762513231,-0.8463863708185113,1.0025478462212234,0.3500974222818536,0,26.140928745503462,-17.38101213515561,-12.971045523155217,5.840912190999051,-21.05329218032403,-1.7820154169632392,1.0191716124642398,30.441134751773053
CIFR,0.5808483366229107,24.010000228881836,13.14061917579641,12.024823212775376,0.9284520296608154,-0.5402289701547947,3.540193141738716,3.3290343182344535,0,1.6139111068499703,8.642533096638175,-20.598580591206453,8.595913040019424,-6.06415989587642,1.9808740097843403,1.215672499263125,30.409929078014187
WTI,0.6627033937505442,3.990000009536743,117.03635146255449,-4.6087476170877,0.7331850299857826,0.3779092421489613,1.5037639358313877,1.253137609093318,0,14.488123744082094,29.847913205034832,10.169493876485916,8.18939822202585,-21.28098134768536,-8.9700972647446,1.083309606188669,30.2709219858156
FATE,0.6141624038662084,2.740000009536743,136.85292996369492,24.432334434560985,2.1961303442274165,3.0246412509755487,1.4598526167593586,7.2992717852047555,0,2.051656958593818,16.101700473358346,-56.209160067574004,9.80187720694898,-4.861114558765956,-13.888886116554621,1.5590744158853915,30.20992907801418
NXT,0.6344384505580979,145.02000427246094,47.70468251411517,10.185850107083485,1.13551309022473,0.48353381737102935,2.395467775709382,2.434146100727205,0,1.8070463689230547,20.880222386149438,-4.986244760832919,9.494107214687567,-11.101575472427777,-0.9348160942496551,1.196176209124719,30.134751773049643
CERS,0.6420336291124065,2.8399999141693115,49.125657765967446,6.646636877127891,1.1101466577498076,0.2802619859781441,0.0,1.408449403092418,0,3.0532087621472015,4.411760450468736,4.04412251165185,6.338027712946564,-9.8412752925186,-3.9772757267964325,1.2586924460282187,29.900709219858157
LUMN,0.6122588248588811,10.600000381469727,18.78798562151973,10.152763501944628,1.1752360507693882,0.3040620865174305,3.7735901676580177,0.09434177850006788,0,3.002525670973558,59.879339334895164,9.012877467842072,7.055257276001384,-11.297066520752166,0.0,1.1212775328535247,29.8581560283688
RAPP,0.6346533959469801,37.11000061035156,13.857846762295445,-1.0307622905532947,0.8963379081503726,-0.4251642322261693,1.6168210157205574,0.9700905535459412,0,15.370819832853094,20.2917346880781,-12.24550487015958,5.57993559436586,-12.205162823087134,-5.608160840551741,0.9471347533302733,29.56737588652483
LUNR,0.607622400864196,38.209999084472656,299.06449301904814,13.161165697823149,1.7214439777498352,0.40190520731939167,1.7749274647961353,1.073017161018437,0,5.5693908651905835,9.609863497908902,-13.075715707472924,14.422366009735857,-18.2673816371009,-1.6922247350048998,1.7157262377302644,29.54326241134752
DK,0.5912254778760931,45.959999084472656,7.392355238273152,2.125387814827243,0.6651660212887788,-1.5317211964740844,1.7624051118552924,0.979113951030718,0,8.488260585343658,46.16473904474869,1.4765645911692598,4.985702236430938,-7.151517000920866,-4.058298719570319,1.079312068982415,29.27375886524823
MX,0.639405852352692,7.829999923706055,183.23371000555056,54.40741199075945,3.565971605684803,3.3780303594320302,1.3410025149468483,4.980841254608782,0,12.747938366349862,-11.022730066981728,-22.432436519018655,12.050721258620435,-19.027922832269475,-1.428570089997748,2.152490807696593,29.170212765957444
NAK,0.6215971831806352,2.2899999618530273,14.984248877893048,7.663373040817959,0.907953646276017,0.31998950596290693,4.148472932369502,0.43668081333932474,0,9.280065420506336,86.17885573011709,-4.8780558696783025,6.846539506717752,-23.15436418028761,2.3622025052521933,1.129032370756961,29.104964539007096
CPIX,0.6529565488026994,5.699999809265137,145.68056435842053,9.974913975221785,0.16696535621465558,-0.10430611432159433,0.35087687003946355,3.859645570434099,0,1.3611130498273945,46.1538376774471,-7.339442315403937,7.7067666971468,-13.767024292445337,-12.499995856448445,1.2789350853500978,28.643971631205666
OPTX,0.64953282432122,10.84000015258789,517.9945819324365,24.612026108212177,1.02322254973901,-0.11541620126435806,0.4612563655574664,2.8597824282695545,0,8.617599353208151,335.3413697878349,15.081203375939218,12.262782000661892,-11.147538342852563,-10.891088573151487,1.30107368979892,28.306382978723406
ADTN,0.6389476202389233,17.8700008392334,111.6968724789098,12.65563964763966,1.5590815232366713,1.181210181426968,0.3357552496992449,0.0,0,7.382191625082267,-7.886591800530769,19.02439586569803,7.208810019897021,-10.560554310509037,-8.991602375704707,1.5079182433770908,28.236879432624118
HLIT,0.6205887578078746,15.8100004196167,53.485300906125374,15.870866241459217,3.7695567672870274,1.5053071491222567,0.5022081389901799,0.632513464954265,0,16.46651864754846,-6.449699547057565,-8.928572875932788,8.348875960806167,-10.576922246465541,-1.5118724208738383,1.8265046963160898,28.03262411347518
NN,0.621109004786286,19.93000030517578,30.42487382435748,-4.783516009681133,1.133554410444557,0.20238893751068998,1.655794875245418,2.6091342186409174,0,26.700912595531083,13.4319900467184,-2.115592221333038,8.340979270589207,-17.603768266661863,-1.5102414533716242,1.105747529093714,27.865248226950357
PRE,0.6306739834876551,20.389999389648438,30.549138646524,19.405604427806168,1.863093078783869,0.6353536324696605,3.4330499093190956,0.6866081109970317,0,20.26187486149073,30.62139550157076,5.0528824158094805,8.321307112084057,-13.711383351889793,-0.8037828810973799,1.2088699475318299,27.697872340425526
SEDG,0.6199500847569456,75.80000305175781,101.46374641709768,37.3300405612585,1.1745910611849235,-0.2941770767517587,1.477566058154336,4.589704665887732,0,0.9523911989484667,22.733168898260963,3.752040587367052,10.036656104667122,-6.707688551600135,-10.096365803014521,1.4832639631191824,27.64964539007092
FCEL,0.6160465472700725,21.309999465942383,230.36652998276764,11.15457581239145,1.1660376864148785,0.41125885284319785,3.097136855568434,4.129521774415601,0,19.146042642690574,-19.21910483671408,-2.9301230452580818,17.02755358691451,-23.04081236848542,-1.9259276210616103,2.0857507851589405,27.62411347517731
SA,0.6248997669481283,33.290000915527344,12.071211595761767,7.926733460961153,0.8622998295219342,0.15042233916121966,1.4418730219920926,3.5746542764901355,0,21.16178774763035,36.266887021330895,-11.186317861327066,6.0657437673990415,-16.89965108715249,-1.2479849598455275,1.1132586215431914,27.289361702127664
QTTB,0.6334602931333831,11.65999984741211,453.78145119553545,69.3659635574532,6.2665723587680136,-0.05183961627748826,7.118352782989841,0.300170221845035,0,38.92904992564892,-9.260704269558186,-6.547617582109055,11.785714636243934,-11.330797066375792,-7.04647353441009,1.7175610025442603,27.00992907801418
TSEM,0.6312009282469622,252.52999877929688,131.84669678877907,0.41992311790735626,0.7611130126037771,0.06606378345656179,0.05742061266435613,4.575691098717419,0,8.73701733547876,52.05322494857818,3.206270542850621,9.545543054358808,-16.618235820646944,-5.178221790618201,1.3592705312028859,26.802836879432622
CHRN,0.6481077929357577,16.969999313354492,267.40408602831616,8.822157531221842,2.2062675708028725,-0.0904316043701958,0.9428394453544234,2.0919243169093296,0,1.7519051548132845,60.39697008623535,-32.06106653843008,13.590369351759465,-18.019330009314928,-4.807692483575139,1.3974670196692627,26.609929078014183
QCOM,0.6196278394582417,228.99000549316406,28.02956121959259,6.741064375050175,1.161467174633039,0.5643811455034734,2.0481253892654183,0.9512237849684014,0,10.359668079228245,76.28176770730292,-23.772669982875954,8.130991579094006,-11.899817765687672,0.5636848720592204,1.73951820535001,26.560283687943265
BKSY,0.6597936945461179,42.380001068115234,126.52259480254142,-1.1268446320896286,1.1260135774037192,1.3202748826645125,2.8952363360833746,3.256255387687853,0,11.666319170319282,31.45160937167836,-10.970468662355092,11.829029891751505,-19.856277964662457,-9.79321229407652,1.134790646267481,26.48652482269504
SPIR,0.6479803993420055,20.559999465942383,138.79988278369754,4.0354189213603675,1.0792816821513072,0.23944440911742224,1.9941627336680239,2.431906677837859,0,20.055518074620807,14.73213938761934,-1.7051675507237223,11.466093133243902,-20.70960576870652,-10.573770343566853,1.1627238365335115,26.407092198581562
OOMA,0.6297499546430457,18.139999389648438,48.72030981322628,-2.8413840170886364,1.7972224981985347,0.9282685727145011,2.9217238393003178,1.8191837640092579,0,13.64227313437148,4.073431279407895,-8.911449319855148,5.44377265821501,-17.39526345131448,-4.744529789829321,1.579401771320252,26.391489361702124
INVX,0.5723463849632465,26.979999542236328,8.477904965075078,-4.222652707614017,1.0438357918590764,-0.11097496904165059,0.5559659787610232,1.0563374804932366,0,22.577958528464034,1.2762768782466356,3.936439622700146,4.56290448218857,-16.341086690233368,-1.974502098355388,1.3435262506161805,25.48085106382979
AMR,0.6266405626127607,215.3699951171875,21.90714594248757,14.33409681949162,1.34322178917182,0.13562418684525757,1.8015531275298073,-0.7382626985797585,1,16.42027645342204,32.413159052395464,-0.9541073311080734,5.666028106317829,-15.148534826793766,-8.546149284335012,1.0859690751820401,25.42695035460993
LB,0.6047000511203833,70.36000061035156,12.018657972151093,0.05688358079300901,1.1680451528868128,-0.8746330554116464,3.126783056454067,0.32689504680943116,0,27.474119849342564,-5.3284351425645315,1.6497598651563417,5.4084106932844325,-17.534819227916785,-2.4208212771383293,1.1856594764443236,25.415602836879437
MOD,0.653452499255755,288.5199890136719,69.2553806278184,6.358189891981667,1.9672958075568616,0.6104482669409756,3.1297653968916794,1.195751358938838,0,3.0575156973155675,121.98967938956456,-2.312338844285114,8.51265506279197,-10.7440095858378,-7.437647635036722,1.430518968633699,25.09219858156029
ATKR,0.5808982104438338,81.91000366210938,12.007622316283516,6.191742197291423,1.2063051458538294,-0.5898086057235696,0.9949881279016181,2.2068052966410874,0,7.4049359619803425,19.031235628198935,0.33539169365619403,4.4458435556644025,-9.150398918379413,-6.568054028350036,1.475088681404039,24.849645390070922
ELA,0.6499316225365831,23.989999771118164,93.8616737168326,1.9008162025397684,1.2899079988875712,0.11632499561110375,2.167571749492181,1.208832892594504,0,12.026018517819816,57.51805969536071,-38.31461738262381,7.31852448744108,-16.989619072845905,-14.576502214598108,1.531701059231049,24.55177304964539
ETON,0.6489524822211483,28.68000030517578,64.90840810459812,-8.084287589121459,0.8797134593995702,0.2445908872689695,0.5230112166281023,0.6973527224697628,0,23.332887316265747,62.49292308448816,-2.595155743507896,6.876368923556515,-19.573750902713865,-12.90322699075813,1.3005227338543293,24.499290780141838
PBT,0.6442744675511823,28.920000076293945,52.67695598122473,5.189046889474406,0.868268508505663,-0.1444930482758194,4.7908020419109025,-1.0373417574645385,0,13.111639586018148,3.134456032342931,-2.8953206864971595,7.912643090247933,-10.26503148602032,-5.316085885802494,1.64499538352431,23.900709219858157
IMVT,0.6351265223374746,32.86000061035156,26.411812546218137,8.182851777433891,0.9157205498906409,-0.05426699606454626,1.369448431428207,0.7303647574693698,0,16.187755240864774,-7.592802751946702,-6.71091312107996,6.363577708343795,-9.43916012503561,-7.230448284697488,1.3654663662436755,22.953191489361704
RELL,0.6262330974240927,16.790000915527344,49.208670756183295,3.059653338055145,1.4506791431959682,0.6686082715417879,3.633107026232939,1.6081026981832693,0,26.732393766045615,-1.0023477483022214,-6.646079102180765,9.580531490871115,-15.458205439678943,-2.888091072564865,1.5567182709907468,22.478014184397164
CECO,0.6461124327204076,79.02999877929688,39.97697449260558,-3.781533731011682,2.0885533525026654,2.0441801781986353,0.8920686346137877,1.3159571448539975,0,20.104133796150204,31.716664631632852,-10.067288587091687,6.931814828064521,-14.097827413654507,-5.801867642328807,1.4351019671481073,21.893617021276597
VUZI,0.6125409090865727,4.244999885559082,66.12335655768129,14.243420827178129,1.9062435476158965,0.3294200652368552,3.250883748690793,4.94699749726483,0,13.285608803445498,13.502670443839495,-9.507041865894463,13.032138408106828,-24.466192664673905,-2.739723341756233,2.286936791932891,21.761702127659575
ELMD,0.6239590180228195,36.630001068115234,25.88419899385732,9.05193797497612,1.1501463346212095,-0.159756477896067,3.426156242112138,0.8736000149725032,0,9.267734553775743,45.01187939730508,-5.195312124357651,7.682034035025261,-8.42499732950129,-4.086849728116123,1.5794581830955463,21.622695035460993
OCC,0.6566525452716033,13.640000343322754,48.04404627975403,16.34750993837344,1.9952153921101063,0.9069089955992455,1.0997039204086703,6.378298120213712,0,8.149238426110095,-3.808180184720042,5.999998612291903,11.237953831676627,-15.906282855070605,-25.352113102772865,1.152841681846527,20.904964539007093
