Ticker,Win_Prob,Price,RS_Rating,Bias,Vol_Dry_Up,Vol_Z,Up_Shadow,Dn_Shadow,Turtle,Ov_Supply,POC_Dist,MA20_DP,ATR_Pct,Dist_52W_High,MA50_DP,VCP_Ratio,Dollar_Vol_M,Resonance_Score,MktCap_B,Cap_Tier
ALOT,0.5821266220511657,28.5,218.72301747887244,21.12969483523466,1.0529571081180376,0.4505965278147849,0.17544261195587812,0.035088522391175624,0,12.864632343056858,0.5290991763902267,-11.621802434982557,3.8521305361487213,-0.6276161201330986,2.7837283149426706,0.1413292133458406,3.98,73.05197740112995,0.22,Micro
IMVT,0.5626538963935573,38.599998474121094,41.09216554830362,8.4421935804916,0.5715636318855942,-0.34451552739166114,1.5803125244803495,0.4922343236068067,0,2.4054020366134226,8.548922900289648,-0.6428004619942512,3.5743870090437126,-1.7311617268096107,8.61308588608467,0.8760977064799154,76.64,68.5367231638418,7.92,Mid
UTI,0.5894699960435216,49.93000030517578,80.32628777447994,20.3437025739543,0.7855514601818986,0.2387384951231478,0.9212879664568309,1.351898753492141,1,0.0,24.91868596457416,9.17595235295401,4.338216442675582,-0.9128777337473528,4.701528659677777,0.9852594728016912,59.7,65.62824858757062,2.75,Mid
ELMD,0.6134619362142703,46.310001373291016,48.27482770180889,16.98876228781563,1.6505118199893754,1.0549139087907968,0.9067133974422923,0.3670873761616577,1,0.0,83.33333710546704,-2.4237455338710854,4.081176995463939,-0.8985659793229128,3.051367426698594,0.9243258203329187,3.39,64.35254237288136,0.38,Small
TRNS,0.6116750328899508,91.72000122070312,50.92136206803624,0.9315168108815634,1.012395954873852,-0.023064301483967944,0.7904475190407455,0.0,0,7.21269653860142,14.193229045133554,2.5954506910812594,4.072565969592603,-3.2081055793190516,7.7447338739443286,0.8175118864289158,16.15,63.98079096045197,0.86,Small
ETON,0.616775676424766,38.02000045776367,114.08061323310574,13.528121318985448,1.1809953963900648,-0.011799223343490779,1.4334512424228274,0.0,1,0.0,115.41077211522067,-11.107270014121415,3.9349585810656484,-1.41319379836236,0.12706770804183565,0.9235290488393685,15.87,63.912994350282496,1.04,Small
MPC,0.5516471505207882,268.989990234375,56.10652820538733,4.9125433918285495,0.7716627930049434,-1.1708095761754902,1.249123012421578,0.39777569630169524,0,0.0,5.876561764619866,2.336637528397569,2.9334586043064483,-1.2735819311153822,-8.889088453205236,0.9518391186385216,645.33,62.37966101694915,78.53,Large
TIGO,0.6014219846403873,94.80999755859375,67.1802353766571,6.561013482960851,0.9903903990034927,-0.13358725198994273,0.9914591979768824,0.4113483806423469,0,0.0,11.070755483318827,-5.5218233981157026,4.127955250939227,-0.9817257873591987,1.118460959829509,0.9856316052711803,173.87,62.08361581920904,15.88,Large
GOLF,0.5617650314268006,117.22000122070312,36.907725816586364,10.850530275322493,0.9293515124443695,-1.1843235483930024,1.2967106778868647,1.1940828910629924,0,6.602816641057338,-0.728320288794323,-12.064012799122281,3.2323048053450947,-2.0309237560936353,3.726145352931229,1.0889443054006014,43.65,61.43389830508475,6.86,Mid
SPB,0.570578632435481,83.44000244140625,32.21029819419141,-0.6222996180190128,0.9986159769729743,-1.1072137269433462,0.16179546054502192,0.06591599180949777,0,15.478712137259054,20.366444360433274,-2.6071052170733977,3.118579581500396,-5.332422260875182,2.337016083618634,0.8802903387034003,32.52,61.33333333333333,1.92,Small
ZVRA,0.6124854724388373,13.970000267028809,45.15841505036266,6.730845229619062,0.738653212878943,-0.295955744241699,2.720115298140482,1.3600610623640783,0,2.7481616567135476,26.311028361153078,-16.114594254962018,4.035688464146406,-4.183811109927315,7.816965802074965,0.9208173887005572,24.79,60.87457627118644,0.83,Small
CYTK,0.5768931759086205,85.56999969482422,23.914305081414167,10.34598315862776,0.8740129248369626,-0.0025432032054011184,0.981648172112377,1.3099252297781863,0,2.0993627986464474,11.000134595486513,4.1776237849935995,3.8423762677186253,-3.1027040419976384,10.067921764293786,0.903943751468847,243.89,60.55932203389831,11.62,Large
ATI,0.5804039567452296,192.05999755859375,56.601193367318594,-1.0441232285621331,0.6720720863164565,-1.4404069121864986,1.2157694176491203,-0.11454817426771104,0,12.673566876294002,-2.7051654017091016,-10.160128810744188,3.5634326943729047,-6.4536555245703635,4.611876831982596,0.9714943661319793,357.61,60.13785310734463,26.21,Large
AMN,0.6188687127976932,35.77000045776367,116.21023884700821,12.298878874131535,0.7038448743268734,-0.26886149509297275,1.397819383805738,0.8386894973803304,1,0.0,82.96676139570135,-0.5880441083984462,4.255363379123056,-1.3785497482098557,-1.1956001999635826,0.9491018641053964,40.61,59.20677966101695,1.39,Small
OSUR,0.6221337901508853,4.369999885559082,69.8217361372431,2.043196847678811,0.8111787094901712,-0.33149060725941903,1.9450810149540139,0.0,0,5.369538002297527,39.61660464486875,-0.4796158406666587,4.715592269956618,-4.585153746709953,5.128200424025224,0.8954041656136229,3.17,59.13559322033899,0.3,Small
LINC,0.6064714623651685,54.11000061035156,113.30121124352092,11.672926629375493,0.9021492574145448,0.5216349823183722,1.626318717746645,0.11088777049177881,1,0.0,20.004436520379866,5.909086865367491,4.5093327695030165,-1.600292855498904,1.0301740959443553,1.0188713241032366,28.66,58.980790960451976,1.72,Small
DRTS,0.608763973441491,13.574999809265137,163.48566511889192,29.1780639624501,1.42798818181974,1.6854358497575124,3.9410670710105897,1.7679541397612482,1,0.0,31.286263139510005,5.928082204852761,5.602208682650533,-3.791636147354661,8.787129266870656,1.0072887499666465,13.29,58.28926553672316,1.23,Small
NOVT,0.5983706308234932,164.88999938964844,27.81790627774572,4.210050530111412,1.1112899993412308,0.006916150259107588,1.1280251180940029,0.6792470011010764,0,2.690686404374303,3.5806249518115334,1.6293169848239493,4.240924254058343,-4.050047405662736,9.23492966904671,0.8391639734134173,90.21,58.27683615819209,5.87,Mid
PGC,0.5567223229656784,47.84000015258789,61.47062349384442,3.924315664145451,1.274661689376611,0.29141978736709007,1.5050192692132058,0.5643822259549522,0,4.957426103880306,-0.3125682863709641,-5.010249989830074,3.0458679639735746,-2.645501125724358,-5.798572181729824,1.0119429779503943,6.87,57.41016949152542,0.85,Small
SAH,0.5524578557570876,85.91000366210938,29.67689827034008,3.414813855868205,0.7444008765939103,-1.1128362950521629,0.3957587281964264,1.5298485061981373,1,0.0,43.78469114567227,0.08302089496989556,3.2446169236473943,-2.032811095566295,-3.2244504715570157,0.8978703375776339,23.8,57.114124293785316,2.72,Mid
ESTA,0.5553560994809785,91.55999755859375,14.874410080669588,8.312728283303441,1.119821035013345,0.4576283274443453,1.392531192510184,0.5187838431427775,1,0.0,3.598099574524278,-11.269450891895385,4.179927916194838,-1.3734060843852862,6.945888041453871,0.9109435579768412,59.13,56.5909604519774,2.69,Mid
ESLT,0.5787574342087523,811.010009765625,29.960365214693297,1.858079132702887,0.894971583536929,-0.8316053922603214,1.262621929576633,0.17632244467521954,0,57.90440009006876,-19.854783559568517,-8.981557622890737,3.316745276283919,-19.991241701251784,4.81665818540018,0.7885644270540473,92.13,56.45762711864407,37.99,Large
TVTX,0.5560265397609765,57.47999954223633,39.67506069870368,6.632036768647301,0.7561252423008582,-0.22951871797925746,2.2094649753926676,0.38273731342043216,0,4.245310557608847,97.45791252516075,-5.911649034509074,3.4494606032623896,-4.359399331714354,-0.024939689436015922,0.9162812314229499,133.03,56.26214689265537,5.35,Mid
PNTG,0.5872125495736886,39.90999984741211,31.019434475989538,15.345153492170502,1.4886551807083757,1.3407019007245242,0.22550777481767253,1.302932748029968,1,0.0,11.138958554400759,-8.831334216001517,3.8101769110411965,-0.22500038146410156,-4.562472614585765,0.9078743840486658,11.73,56.01581920903955,1.39,Small
OKTA,0.597685094934622,148.60000610351562,61.094747988942345,20.620314395923785,0.8104627165458597,-0.5477379500346603,0.16823687061235126,1.1507344447048191,1,0.0,20.548397947627002,4.842892123673868,4.526773658126566,-0.16795430953792606,3.2274375916062477,1.2158971181195168,573.85,55.84858757062147,26.06,Large
DNLI,0.6004349159941456,25.739999771118164,45.14874242585491,10.19071404215936,0.8519230423343104,-0.6489346642908869,1.2820509969992853,2.408705690452219,0,2.281122479029692,0.6648419175449097,-4.369419536943201,4.548506767144498,-3.955222000293954,8.148146263944652,1.014320924587813,49.4,55.58531073446326,4.09,Mid
DINO,0.5710051722104764,74.44999694824219,53.57614340084509,7.676171124220013,0.9098212459297659,-0.6669083118850557,0.8327773968946308,0.7118855621420811,0,0.0,46.83849444822927,4.023067735096773,3.34932373389596,-0.8258994925991973,-10.88126275016246,1.0464489174453195,176.71,55.492655367231635,13.42,Large
RVMD,0.5916254139154375,189.99000549316406,127.77430993585102,13.632424836759204,1.0681128724576314,-0.3699760678603805,0.7579358912384908,0.6895167006156291,0,1.3691829369585873,60.13992453639514,4.149275234456311,3.9069350771489963,-1.9102673868479,0.6713759351487447,1.1953309378777568,599.47,55.4225988700565,40.39,Large
VSTS,0.6314186636248796,13.59000015258789,92.9913600566658,0.8347252449003979,0.7151083273307345,-0.6353288573801034,0.14716338383613195,0.3679189857967937,0,5.188052570121298,13.25000127046159,-0.528705813469484,4.081783170652984,-9.760957675780814,4.108215091953341,1.0143740012597222,22.18,55.115254237288134,1.8,Small
CALY,0.5732481271318772,18.280000686645508,45.88419874809322,4.12691552406497,0.6450078972465237,-0.999775523177086,1.0120320513303602,0.8752726553245967,0,3.621571629966603,45.19460257858761,-11.933339436053403,3.8000141456219487,-5.578511826455245,0.4596171826893176,0.8431310507239423,51.2,55.03728813559322,3.29,Mid
KOP,0.5596972300208943,47.099998474121094,63.965868474801994,7.542835722928926,0.8313799712424021,-0.6263062081074375,1.2314264327652855,0.46709390196548073,0,0.0,34.4811646574838,1.518025123220066,3.3409170643597648,-3.14621131062619,-4.709297799375229,1.005747833333014,8.82,54.72655367231639,0.91,Small
TNGX,0.637714983116162,29.940000534057617,227.16650384902027,0.29478925413157436,0.8609778581446648,-0.5404823422778138,1.235801353615619,0.300601706678351,0,17.22102910276833,-3.200775173999889,-34.62754044262417,6.772353448932297,-12.939804985285619,18.11433174162258,0.8862386182449558,135.16,54.69039548022599,4.87,Mid
OII,0.6073145616129881,38.880001068115234,51.04098679312783,1.5700550238208515,0.9417533883941437,-0.8382382679709517,3.1892948294040497,-0.5658467455081566,0,10.443291328960598,-2.8728397357525775,-0.05027767314457071,4.298941260349535,-5.5164043099267515,6.4205904399858875,1.024813754803812,42.42,54.580790960451985,3.88,Mid
DCTH,0.5509966026793094,13.479999542236328,22.70857112395701,11.702675927277145,0.8988994128176797,0.06844031518557836,1.928042298851707,1.469585287384178,1,0.0,4.173106486262349,-9.036148144822818,4.316446229362036,-1.8915719907566866,8.75781571848085,1.0498816476779185,6.88,54.54011299435029,0.47,Small
UFPT,0.5553560994809785,272.07000732421875,11.78073306807712,11.374697135006286,0.9495560604626908,1.1882874965448538,1.4389710146337709,3.245494487486375,0,0.9965719882468168,13.286976671965725,-6.275895034235508,3.9584093472569206,-2.5100795758778824,8.977131663739831,0.9084823977606538,60.33,54.536723163841806,2.1,Mid
STGW,0.600820321967389,7.579999923706055,44.25346178350959,10.366917825198009,1.1166791919670374,-0.8612128943994027,0.9894496945552854,0.6596331297035236,0,0.0,23.051949857758277,1.9432004979010122,4.5750090379784165,-1.940492819895305,4.836417388226443,1.0960397945711007,11.75,54.50056497175141,1.88,Small
TGTX,0.5937716932521239,55.470001220703125,75.32173873972769,8.915267192030178,0.9961230396937015,0.36458779694306526,0.76617852478839,0.0,0,3.3521222704429374,87.77928063864141,-18.466463535469877,4.608925210518155,-3.3236274415624516,12.346644146587073,1.2060435198209944,139.33,54.230508474576276,8.49,Mid
BRKR,0.5623820960822311,61.34000015258789,19.758671470724963,6.353471723384553,0.9782426006539551,-0.012702326952384697,0.39354068643884055,2.4616862043566208,0,2.7509089755407286,63.918482325123286,7.987328739888447,4.052676596732993,-4.8750573923922,13.561871869654906,0.9674143342623498,161.79,54.190960451977396,9.34,Mid
CHEF,0.5572635380917896,94.98999786376953,41.641750243478,3.456911518168112,0.7742142879567957,-0.6644998428732966,0.8106081275658048,0.5211023563682875,0,6.885285052462528,0.988730947591785,-15.759609332295584,3.2345510322148905,-2.704086309424711,-15.466747661836353,0.9643824696697341,49.32,54.17514124293786,3.87,Mid
CROX,0.5888362023373315,125.77999877929688,36.319945711342626,1.5419380817075174,0.8081698773544876,-0.9697448956716053,0.0,3.192080957689894,0,4.458841063425591,27.747308499472823,-3.579662791019364,3.93913443917702,-3.0896022145287243,4.891254137191779,1.1156390608967672,152.56,54.15254237288136,6.25,Mid
ATEN,0.6020482678686219,36.439998626708984,96.28764427725598,7.826597869591567,1.0287124070157192,-0.270965235769077,2.6890790258216573,1.1251368354891906,0,1.7585585186287376,70.16854520718476,-3.0283882061123153,4.016367307086088,-5.079449840820944,3.6889690609419628,1.159065333309284,41.93,54.14915254237288,2.62,Mid
TXG,0.5959734133092894,40.0,134.49155611080442,18.675873680800066,0.8798016051142616,-0.4820805206781248,1.400003433192539,3.099994659346329,0,0.0,8.843537414725347,13.283584366586917,6.4537514959062845,-1.3806739504845602,11.519926278757813,1.2421575091301449,126.57,54.14011299435029,5.08,Mid
YOU,0.6301744195123433,56.7400016784668,52.682597970866055,6.450921623448782,1.0125645010947792,-0.27917454327017177,1.057452337612853,0.7980273833800088,0,13.053823014564674,23.273570912799705,6.122925316553645,4.42466884105749,-9.293054316083095,6.422177048102473,0.9533375518119216,87.03,54.045197740113,5.72,Mid
WT,0.6071890186361026,18.450000762939453,41.12032209458323,3.8062323095793915,0.9048905280857831,-0.5598640019579745,1.5447145561594875,0.5420074651984699,0,14.655384676424632,32.851303811443806,8.908796456466774,4.078591296600926,-7.052894667783812,5.817337677038008,0.9996232435779849,57.65,53.95141242937853,2.82,Mid
IRDM,0.6182398562690496,52.59000015258789,194.6373479146813,11.07313956536758,1.97524454618305,-0.4186893928905179,0.40881600544349334,0.722572859869652,0,8.344506733215963,-3.6636746553820108,4.148261034718787,6.807378181778277,-8.027282490399259,9.925749122590629,0.9639656081988811,148.31,53.76949152542373,5.57,Mid
CLMT,0.6354697139749307,36.869998931884766,74.79933569565218,6.81692766945886,0.7739475083263546,-1.136643459060646,1.4917256657959825,0.0,0,1.4028698107034225,5.222596942040219,6.655978852062162,4.023788138899917,-4.851615659527015,-0.1539385399128147,1.0018419409642778,33.74,53.428248587570614,3.21,Mid
URGN,0.6120588440494309,37.40999984741211,48.97850199147251,13.464205961738148,1.0375807799937145,0.052933492497449046,1.510287701145142,0.48115558916106627,0,2.0311698133592633,42.51428513137892,-6.884056493481309,4.750450011769521,-5.494503694099497,10.43744961240258,1.0368194137015874,29.12,53.109604519774024,1.82,Small
AIN,0.5641325964959658,73.9800033569336,36.56313348605602,3.0512875781958013,0.7178884964184956,-1.1995861694744512,1.136653917649674,0.3852441865005826,0,5.755136405485294,-3.027916543245598,-3.7128974566953916,3.0120026461413283,-3.369898489941705,-4.034429254079237,1.0344983812470774,19.15,52.95141242937853,2.1,Mid
ELVN,0.6035305146459795,50.0099983215332,213.98349104769494,11.812904213221339,0.8996576441168213,-0.41295186557040503,2.7594503387404474,0.2199572366352172,0,6.570533825755531,-0.1397833605442827,-13.722171601649622,5.807411209395722,-4.542853780868839,4.590452663871394,1.0751976586533387,70.23,52.90621468926554,3.57,Mid
FFIV,0.5652098573633396,419.0299987792969,53.401350513196874,5.475258863565589,0.931138306914103,-0.794867331392493,1.730186387872739,0.0,0,0.7079752796073696,47.40045046367834,3.6264883255949973,3.2963866101616883,-1.9904592776165753,-5.4534358313741755,1.099343604385856,310.56,52.51299435028248,23.64,Large
APEI,0.6073145616129881,57.404998779296875,41.10831336339431,7.519629076124365,1.0275492495557808,-0.24835471656351152,3.039809744201177,0.5748593735197276,0,20.555636657645618,-0.4422495122886422,-1.1700300287497638,3.9481379443013838,-6.794936455357714,4.479092572783378,1.0427307254104088,14.97,52.275706214689265,1.05,Small
ARWR,0.5508856524513714,86.55000305175781,19.609258936492147,10.299743331337456,1.0049092010534404,-0.026470998660186703,1.478912460022252,1.5366860590911424,1,0.0,34.1444630417807,0.9978711594556785,4.659322140062658,-1.4573593904101718,4.586038248884531,1.017857096917253,180.4,52.1864406779661,12.19,Large
IMOS,0.5949545861302374,72.52999877929688,137.2363713853124,18.107815212313792,1.082555392893379,2.752168293613145,1.985388757234384,2.32317328957613,1,0.0,4.583492298953976,0.265915243108924,6.468358111092018,-1.9467384312868536,16.200242894211637,1.3273450764639976,8.13,52.14124293785309,2.52,Mid
BVS,0.6015870949995321,11.779999732971191,47.57656268901398,26.381287288376882,1.29872531890328,3.7443753470366974,1.5704620016517876,0.5093414343946874,1,0.0,24.065296205497656,0.22987936236226167,4.324522215922348,-1.5461798348679836,1.0235453098676819,1.1167185389024241,7.63,52.1367231638418,0.8,Small
RCKY,0.5690608706909273,39.709999084472656,25.099494360547393,-1.0305691418135514,1.0648084642758353,-0.18169999586883243,1.863514720496471,0.5288317534851857,0,45.46383508086013,-13.376870109923718,-6.41094277854857,3.709032556137065,-18.179386670967432,16.605249627724103,0.9722903999535092,2.63,52.10395480225989,0.3,Small
ALKS,0.5764936622629896,55.13999938964844,86.31257044470932,14.95283064302019,0.9204920055483113,-0.4489087559125274,0.4134940939223311,1.124408666551265,0,0.0,55.93890960778699,-3.5500162814115113,4.054354742141761,-0.41179136096545654,0.08892291790370406,1.5221698054024457,130.75,52.06666666666666,9.19,Mid
WLFC,0.6063233894627948,239.91000366210938,66.78403855987274,16.140933126340755,1.2390220278274426,1.4528797731187144,1.9611528319851257,0.8495273915926577,1,0.0,26.374846338933168,-8.091053051587634,4.279673354685843,-1.92343140256248,1.302768975405911,1.2072833441966475,33.41,51.800000000000004,1.91,Small
KFRC,0.6210534368538599,50.47999954223633,56.22252943142452,5.230573474047513,0.6559217454115042,-0.6931996744023864,0.8122025576900863,0.7923885000019483,0,1.0047929017521158,10.939436070179859,-3.8285437661477455,4.181288134625651,-1.7898870745392412,-36.60817461354501,0.9453709184918064,12.76,51.70395480225989,0.9,Small
GH,0.5959734133092894,168.82000732421875,54.526187298424,20.930803781882585,1.337580945459176,-0.10012140569109614,2.0613645163722323,1.942905992041123,0,2.3964456039387247,13.134972485622074,1.6233306040321935,4.7243897323928685,-2.3201958365611763,6.866898240357959,1.229229594835023,465.23,51.674576271186446,22.39,Large
EE,0.587450595087633,38.720001220703125,27.89631575728928,9.460473903460436,0.7973532178511261,-1.1139537545384346,1.962805520541185,-0.41322273337746473,1,14.429782455980899,8.63739919656441,-2.3155295279707175,3.264276768663276,-9.919657788520837,1.7028907015059755,1.0176313057534947,14.96,51.66101694915255,1.23,Small
BCAX,0.5890690187249855,29.219999313354492,62.86176919408683,19.739373622632293,1.4799251048232172,-0.15968535636781112,2.1389459776371904,1.3004762822835687,0,3.858239089173568,8.745807222314479,-4.262620508059848,5.136403545520046,-2.2742485412328044,9.94497908372082,1.3324721235379107,20.26,51.31412429378531,1.92,Small
HZO,0.597797943274347,35.33000183105469,35.05422260049451,1.3860639575244404,0.671657330679079,-1.00204759330945,0.1132100162921277,1.2737071599333185,0,3.978654831721879,17.76667276959007,3.6123913348906043,4.239617548661566,-7.367586794672929,2.3898966918245015,0.9373316122148163,12.05,51.273446327683615,0.78,Small
TWLO,0.6331872756813802,209.0800018310547,36.234230898022865,4.508387351584946,0.5995444135607627,-0.9132252511121773,2.295773392815185,0.3348059120420043,0,8.731369253916322,14.039492749626515,12.685938281678036,4.486901953627715,-12.32807548770266,6.340972734849141,0.921086027986145,580.37,51.11299435028249,31.73,Large
FSTR,0.5975569662037374,43.61000061035156,51.06141366446162,1.4445584980445731,0.7604560693190888,-0.19301576758482003,0.9401509783638654,1.9490994654953206,0,10.193455576072486,6.003892215089782,-0.2618438817993494,3.827759429276211,-4.802446402400926,-2.374585287143369,0.9533851665747114,5.19,51.04406779661017,0.46,Small
DNTH,0.6016675763177098,93.33999633789062,115.74165302090422,7.865112825971076,1.1939394535829169,-0.42322775275049873,3.4176157772968727,3.021212562067833,0,9.135801647225456,-2.108025347011329,9.12873000809765,5.8166767515391795,-5.430598557270488,8.533246617721332,1.1173429645611026,89.35,50.96836158192091,5.1,Mid
MITK,0.6010098123162226,19.8700008392334,77.58447093976744,13.465057710073932,1.0271039521504657,-0.20587624634825652,0.15097522913100503,1.358834657001959,0,1.7695848406145975,3.006738704761391,-2.638191421198386,4.755911700609055,-5.605693304223931,6.844627128204764,1.14878871667368,24.02,50.85197740112994,0.9,Small
GHM,0.6096090135836392,115.94999694824219,69.76634001366887,4.214412311716638,0.9028108621308846,0.08071974284482109,3.0271688042967293,0.5088368722846103,0,7.9147933659342415,21.61737088502953,4.594293373924347,5.691492280658027,-7.844542020698799,4.261604204041022,0.9833464541712328,29.94,50.680225988700556,1.35,Small
VLO,0.5908811783066005,270.32000732421875,57.10701388076818,6.295258958802045,0.7746913797046915,-1.0867345708063956,1.3428546849827823,0.7771189519409725,0,0.0,13.234524755982111,1.2555533797004241,3.563786839373816,-1.673216164274651,-7.228201506551109,1.120221641796585,828.16,50.67005649717514,80.27,Large
PLSE,0.6064358711615876,29.110000610351562,101.26072564750766,9.620510184627285,0.7628905100120378,-0.4226189351182071,2.026448130270111,0.8244581452347176,0,1.581775837539709,40.28915956601769,0.18560186865665462,6.206727795175042,-6.096772224475709,17.273848415123965,1.1068614704980961,10.43,50.655367231638415,2.01,Mid
MRCY,0.5984538654071886,123.06999969482422,57.809178682253616,7.828447922734753,0.9538154137080795,-0.6305237509923131,1.8119734566105847,1.0684995893852012,0,0.7422526676458634,12.51600181481381,-1.2731285043902127,5.310276554194566,-4.188398116929429,9.51458728021303,1.1511417990192252,87.58,50.56723163841808,7.39,Mid
RLAY,0.6033156295064439,18.899999618530273,112.64748396520557,15.19122099906682,0.8846691864996424,-0.13572859870675563,2.6190521121592534,1.6931201125186677,0,1.0222037186518655,56.58657908723052,2.0632750447132566,5.794405964041417,-5.168091674972718,23.864327554196628,1.1872998338176612,83.74,50.5141242937853,4.12,Mid
AVBP,0.5947550133264463,34.4900016784668,60.66470652751945,6.876975048990108,0.8413613958667947,-0.36626855036672884,2.3195105772836677,1.43520650182144,0,2.3227819181621947,1.4411814072128972,8.733754536822147,5.037691997505618,-3.739883014432567,2.7350743102624944,1.0897451807000291,19.44,50.48926553672316,1.61,Small
DAVE,0.6005062849766666,396.0,68.09694151546357,23.924657282890156,1.096288237017197,-0.11130304499015452,1.0368655426307467,2.424243965528127,0,0.0,40.14722657883695,-9.071798698003294,6.4458321355294,-2.0868367101268963,8.750093358168956,1.2288055873532913,236.58,50.15367231638418,5.03,Mid
GEV,0.5989540603645104,1152.0400390625,65.83869139399503,11.596210269637796,0.9447479248380658,-0.20599714931206345,3.8106229692707974,0.17621169647239193,0,0.9233132877551398,62.07726546152745,5.869228790941483,5.215995944181925,-3.6707447275398666,5.715894979065589,1.172749037520483,3317.87,50.12203389830508,309.58,Mega
MBX,0.5959734133092894,57.70000076293945,72.18552676888834,31.369247707557363,1.1234661348056811,-0.20543763807992924,2.7036418589893048,1.1265190940606282,0,0.9876622664626269,10.303955740856624,-20.51116203067075,6.1996791593136455,-3.1716720670869836,14.800479301817305,1.2089483689111444,48.62,50.115254237288134,2.75,Mid
CNC,0.5620937711558811,66.05000305175781,49.753563694862926,2.771968716513218,0.8057313798979862,-0.5350445374154856,0.5632121586006291,1.52914775102088,0,2.020961949860925,81.45604473116414,-1.3397131456990325,3.5838660433164775,-4.675996277836263,-38.659129511162746,0.93260763955403,408.7,50.055367231638414,32.62,Large
LGND,0.5677909912954313,320.4200134277344,58.714858965628316,15.862481340476828,1.5260581569930551,0.25642857458146745,0.5898458434712388,0.797388605175099,0,0.0,14.665048177837129,-7.909797538198822,4.331924004003393,-0.5863870637490619,0.8859675365130742,1.5159622360993255,111.11,49.978531073446334,6.42,Mid
CLYM,0.6096090135836392,13.270000457763672,220.9932456065986,10.848912578751655,1.2697693744298533,1.748900131715417,6.819892250821427,1.05501385442904,0,2.9491370286614518,1.4526034797503034,0.0,7.2101399980296135,-7.9431113911896,5.591402656376383,1.0199371665319408,16.67,49.92881355932204,0.76,Small
OOMA,0.5798723903981506,19.799999237060547,58.04118820987474,9.999996926493832,0.8890445942934719,-0.6741332267580302,0.40404003426563184,2.020200171328159,0,0.0,13.597239760489446,-0.173503630460768,3.753607895950248,-9.836065288550163,-0.8771951314496151,0.9541153472010779,6.69,49.76723163841809,0.54,Small
VAC,0.6080784523153752,97.87000274658203,62.65187606021232,1.971287672226345,0.7861461677763634,-0.9384955236920439,0.07662914696713888,1.839177481582612,0,6.060271975045679,47.856095222717734,-6.90687211952115,4.27863424698789,-7.643671209529229,4.38730732745782,1.1238061515806093,49.9,49.55593220338984,3.36,Mid
WERN,0.5604600345046326,42.9900016784668,33.77899411320116,0.7995538032075575,0.7306793553179408,-1.1263991327851004,0.9071862628810082,1.0467567931135622,0,6.996463282025409,0.5143820863767288,-1.4110585630274473,3.3911526636005678,-5.0364452312602035,-9.509479057622496,0.9166426909890742,48.06,49.550282485875705,2.58,Mid
OPY,0.5984538654071886,115.47000122070312,49.64395182211998,9.297428290789272,1.6089573162033213,3.1980915656179003,2.7106583704007714,0.718802998417813,0,1.6401345291479816,3.245712626646628,-0.6770213945043492,4.788502886066766,-2.6391208209623653,4.632501444685817,1.2153380427083242,11.61,49.42711864406779,1.24,Small
ALMS,0.6259047892555122,27.270000457763672,168.6489700052803,14.572613645410911,1.3228488645557872,-0.13642060818111923,3.0619694551721772,1.430140752062601,0,12.289024689502934,3.295457771862188,-2.501227288489963,6.061606110821581,-10.882352555831211,11.587485788368195,1.0952079102853525,34.83,49.32542372881357,3.48,Mid
PKE,0.6073145616129881,37.720001220703125,68.41854989826317,10.078098661982866,1.1220717606355377,-0.5455419366051766,2.2004289612194543,0.5302246989970345,0,2.985793205872033,16.299829314744837,-9.08263675970641,5.356714143633454,-5.368789154105021,2.78848814247314,1.0729278151811554,12.2,48.99774011299435,0.79,Small
WRBY,0.5983504894835876,29.219999313354492,23.34143556520891,9.315374114903157,0.7217021082204448,-0.6453473337499231,3.199867882377707,0.03422391894760678,0,5.370082352767857,12.557782525909827,-7.213929148027868,6.0000495160921,-5.741937698671253,12.652565581278186,0.9128065612551485,100.14,48.980790960451976,3.59,Mid
SEZL,0.6005062849766666,179.0500030517578,171.32280463269265,18.460054154808986,0.9619711525121549,-0.2041417324017136,1.044398260432589,2.8651241526652886,0,0.892207961394441,111.39316352048554,-6.497479152659053,6.363865142816041,-4.118026247807182,9.942342817430427,1.2749685454658009,121.57,48.90508474576271,6.02,Mid
BZH,0.590851488197243,27.739999771118164,26.095721309310903,1.5224703350153248,0.5398935910772774,-0.4183746273542836,0.25234208867793995,0.5767838814942144,0,2.4955702865639897,10.254371777624963,-6.756756856013182,4.212584487574107,-6.9127500624609155,7.796163238139179,1.051791401585054,17.74,48.88474576271186,0.76,Small
ERAS,0.630400619240446,18.850000381469727,395.96367062744895,24.36087973376998,0.7253857775132458,-0.3909926426892509,0.20159207448538344,2.387261784935102,1,9.21904979947785,90.40405158484344,-5.576486401923664,6.257294126726552,-22.364086290733717,57.921478901740045,1.0774790784205988,133.29,48.55141242937853,5.86,Mid
CLDX,0.5746692188805739,37.95000076293945,28.97077825730343,14.233256117670171,1.274319027615621,-0.7181100783667456,0.7905118076983276,1.8181882147994544,0,0.7499875971485417,22.18287641740046,-0.10022979949881601,4.1709028856213335,-3.0898853144957825,6.050861590648942,1.2323175282861822,36.02,48.47909604519774,2.98,Mid
IMMX,0.6290156110471162,10.449999809265137,89.05202519796825,13.543758346109202,1.2436195566019266,0.1782154724865889,6.36363611413458,0.0,0,4.324915039258227,19.839443681891098,3.800471400079388,7.682842804236421,-9.991385715890578,15.225934618042622,1.0252662420584124,16.29,48.4045197740113,0.74,Small
SLDB,0.5969986118221416,11.069999694824219,85.51982914267957,32.749727112012515,1.2889436160248966,0.8871589010795402,3.34236581504742,1.0388502976730936,1,0.0,32.89315481254163,0.27624283917155973,6.28210051346053,-3.234264852257472,16.07142248740842,1.3797261090046624,20.23,48.3638418079096,1.09,Small
IBKR,0.6017515796933604,95.98999786376953,38.664945961139495,5.3567390195432205,1.1473066902052202,-0.30790119838901714,0.10417593118605059,0.18751985538052124,0,1.9331881514125533,26.771895445688678,-2.033085598525713,4.065899766764863,-1.8908407025213,1.3570574194051443,1.3319373223334996,482.64,48.01581920903955,42.76,Large
FROG,0.597685094934622,98.0999984741211,46.3037527536901,17.039297571205633,1.0323201829738382,-0.27694972187637745,0.8460773129014699,1.4026498186262029,1,0.0,12.011870773010235,8.913649000300683,5.109364044792846,-0.8389789027453122,1.1536015801612922,1.2300795665476256,307.36,47.944632768361586,11.88,Large
XMTR,0.6088942431544629,94.29499816894531,47.802165108213,5.409361503128115,1.0229937913061105,-0.28586690966095135,3.2593482840373422,1.389262647449544,0,5.918679740863077,112.18497093100947,-4.171710646802306,5.137554380379739,-5.572804333403589,6.367579252236573,1.106283356744269,87.87,47.86553672316384,5.21,Mid
PARR,0.6517802973671205,60.7400016784668,62.094693278808386,10.78281462444453,0.7530708288081495,-0.8846330711676894,2.3213694574011856,0.39495995226770453,1,32.10154660706992,-1.058800647716988,0.3060273110298026,4.048860781578316,-13.709330579229523,-2.104782337748371,0.8484439342034947,65.17,47.726553672316385,3.05,Mid
CYRX,0.6155024209988691,15.229999542236328,47.88905642344996,-0.0492236768707488,0.9900206795597862,-0.10396946580781079,0.853579240576217,1.3788515480679528,0,26.14870744889079,-0.13115054270400242,11.014849936066646,4.553981063056437,-8.96592971280998,6.844108703712207,1.107756920902179,12.94,47.650847457627115,0.77,Small
TWN,0.61084195806068,97.3499984741211,71.6149024393549,1.6858853386832857,1.0252715153301744,-0.7239125602917811,0.32871052885121343,-0.34925150818314077,0,13.290379382103406,-2.9218192469219204,1.8124414986988575,4.352483160556197,-7.3651138390088535,-3.3105040826028365,0.9169207258475218,5.31,47.500564971751416,0.56,Small
HSHP,0.6167833699282175,14.819999694824219,61.36974068103882,5.578844542566172,0.827432729817069,-0.4559297671809947,1.1470990538673604,0.0,0,6.08537305364091,56.32246622782831,-2.783578121623276,3.9405523528994824,-7.434142616497831,-2.007432520526213,1.0099836369023836,4.67,47.32768361581922,0.7,Small
CCSI,0.6251012519821619,37.150001525878906,59.499888816315135,5.0778225321738,0.8424218690225899,-0.32811922160412466,1.6823687060895482,0.24226150441144234,0,2.543915805149579,62.227083598706756,-1.5715975143171066,4.871178243391024,-10.265700104481137,8.354569106576895,1.1255050231285728,6.23,47.324293785310736,0.68,Small
MGTX,0.5890690187249855,13.890000343322754,63.96022380488371,25.129501095312186,1.2515146027081836,-0.12453634289969916,3.74082002642395,0.0,0,1.2680140706906247,14.698602287053411,-0.31348680876759416,5.715621231016273,-3.605928722629262,10.767696434209663,1.3693119010750932,12.69,47.20225988700565,1.29,Small
DHC,0.6273735075845692,9.079999923706055,77.04589507842907,0.7713225445791452,0.8190614848400559,-0.7974633027707124,1.7621128715734984,0.6057302382363375,0,8.73003076462876,35.504270069904386,-2.325579074075591,4.063089997837878,-6.0041400911760245,-8.920868767226452,0.9934079537954426,16.92,47.08135593220339,2.2,Mid
BIOA,0.5990804974316194,24.84000015258789,76.99834385307803,19.788778006551336,1.1668399451103597,-0.5620363099814673,3.3615099811182927,0.32206088249359166,0,1.6495025794747704,4.545454180374079,3.3489992917757143,6.514260831437703,-4.295895874986375,8.169934368480275,1.212963783061516,12.79,47.003389830508475,1.1,Small
NTAP,0.6306740566059037,163.5500030517578,43.49652044545957,2.6891969081859153,0.8100270500096366,0.17032271242807812,0.21399623246332977,0.04279551459690865,0,12.588190242966245,-6.162138188095216,10.28679733810395,4.0175563837135755,-15.184358502883951,2.1347461617980215,1.0498161888583915,535.15,46.63728813559323,32.04,Large
BJRI,0.591344277037653,59.189998626708984,39.47165125490593,10.277881187733106,0.9111190678023715,-0.40332749040255106,0.4392670083772436,1.2164173385684156,0,5.678619230380561,-1.1192816184427539,-20.79253578430879,4.089735256431344,-4.6399244115172555,3.4331486148582773,1.26647530942309,26.81,46.42824858757062,1.24,Small
BWAY,0.6167833699282175,16.020000457763672,57.697493596812464,9.228517109317993,0.7368535659447136,-0.34034059768189273,1.4981258691966717,0.21847594512996948,1,11.31063539636582,32.451427067016866,-2.943231318270167,4.024879265039096,-7.676342093409236,-0.1892727586579205,1.0702162106665953,2.0,46.29039548022599,0.64,Small
SENEA,0.604772443481688,181.36000061035156,53.177072283205426,10.940172540444763,0.8912358748199989,0.2142434094756891,1.3881240750818093,0.3087767736579391,0,1.8748381790767445,3.415638740895901,-4.320777450374726,4.9194768708468,-3.3300894791179507,-1.1412300056967224,1.0225282676373204,26.53,46.275706214689265,1.23,Small
RELY,0.5970169157536437,24.229999542236328,64.82293856355474,16.557625530391327,0.6865647573728332,-0.5482350392664519,1.4032198060143992,0.7016099030071996,1,1.2048122844576583,2.021050704067864,5.148907510659681,4.105006016003286,-2.768862487630233,-4.536766147643302,1.1287814259863245,122.75,46.09152542372881,5.1,Mid
PEB,0.5612957702650399,18.649999618530273,54.21321157903183,1.4941397495220081,0.8333144586540051,-0.7807313679724392,0.8579080465211247,0.7506669839383276,0,9.898927333740346,30.304805938029677,-5.285034922562169,3.3729131029918693,-5.569622184374837,-4.985330022015285,1.1176503779714415,50.99,45.920903954802256,2.11,Mid
MRNA,0.6031194586198207,81.80000305175781,166.62541010904877,35.973575519133774,1.4212967943071635,0.9586904369523206,4.645471003115284,1.466988879533704,1,0.0,57.70195630541626,3.7798037548636025,7.2981141832251115,-4.439247067822924,17.76977972011797,1.5304151597145734,664.68,45.89830508474576,32.46,Large
AAMI,0.6033170407849336,79.1500015258789,58.200477805916066,5.034201205940189,1.0013436891352345,1.2242511366091817,0.25268091520411357,1.4403024228133463,0,3.881993124079118,5.322687849273455,-2.479554591366888,5.098186333013694,-7.675261370960583,3.8273911923343498,1.1231067950661453,39.64,45.811299435028246,2.82,Mid
NYAX,0.5602495654200792,71.96499633789062,31.466551372084297,8.959043185981242,0.41194583381552075,-0.2715594966295488,0.284863255032089,0.0,0,9.367602299627997,8.64281198469965,2.627717033659223,3.7086472725611728,-6.368727860428858,-5.445775918401468,0.9432909400991852,2.15,45.79435028248588,2.69,Mid
TWST,0.5975178269030889,99.93000030517578,204.28107296568757,15.917989851187281,0.8927020177281355,-0.12271658458416139,4.473132399687258,1.8012639309944747,0,1.9145907668510591,0.09014820771792942,-0.1623194184837664,6.773312879504462,-5.252679293974776,10.284810002263098,1.4184486539658152,181.53,45.767231638418075,6.22,Mid
NVCR,0.6235575157045131,17.31999969482422,23.195278138028996,6.755422332291923,0.8337733749693617,-0.06847510971045898,2.7424964769730753,1.1258643085959892,0,12.703590471088596,38.22825270192492,1.5564240699961955,6.073490015114684,-8.456661601127056,8.37173666805994,0.9167625249979823,31.09,45.76158192090396,2.01,Mid
DCO,0.5925986109498,189.17999267578125,88.10794365242967,12.227702468819237,1.2426344156132192,0.3824707971371065,0.6184092723852422,0.6554552713687617,0,1.1792592592592592,6.484289528394268,-9.897429512895767,4.07737015003451,-3.788848101505881,-1.2213839107118036,1.2282316801239685,47.84,45.65197740112995,2.85,Mid
SLGL,0.6358712106344372,74.12000274658203,65.13313406789072,0.07763929287231881,0.7429971290881321,-0.5622954999549139,3.899081600806762,0.0,0,54.30874438934974,-0.5100634273998229,-1.2505045997272308,6.551634231276254,-24.344185134946844,2.8307045944495193,0.9122580037584248,2.31,45.51864406779661,0.24,Micro
GNK,0.5580912678427072,24.979999542236328,29.90939000772832,3.860463619695261,0.6369868246760461,-1.1699607194498818,0.48038767585122033,-0.04003294261285779,0,3.583131749949991,20.189021253412033,1.6604384224991326,3.254604824647509,-7.0088436735663535,-2.5716777097923877,1.064423111707957,8.68,45.48700564971751,1.09,Small
JHX,0.5939539586557698,25.6200008392334,12.713117725077394,3.375233255361428,0.6720709990293525,-1.4522823371510771,0.5854785855225871,0.5464531319499945,0,10.645552696658237,24.429337781083067,-2.137665724779391,3.8056214414226868,-14.113305716054715,8.736554131564974,0.9830625329324164,193.98,45.404519774011305,14.87,Large
IMUX,0.6371749449054003,14.859999656677246,167.52037333966086,5.390068486690396,0.6243310426107255,-0.3865460287667002,2.2880226138648223,0.6251636921254589,0,5.359125832518373,62.760125627442086,9.424813454574265,5.895452116677994,-6.186871757628527,-11.444441476186078,0.8130522360214664,3.87,45.36158192090396,0.2,Micro
CVLG,0.6500016846534636,43.68000030517578,88.23284114393483,-1.0219569707000926,0.6186087200570837,-1.1577195795958328,2.581042666386334,0.7554986921738404,0,12.622574980816397,-2.954894614363026,-7.34646131349651,3.971643659669021,-7.221753172413847,-12.387102069755668,1.0320494129236808,8.78,45.32768361581921,1.1,Small
CGEM,0.6243652284335642,17.809999465942383,61.320517346271444,13.345635607933575,0.7149727430926227,-0.3654429158104405,2.189788369847861,1.010669907710467,0,4.99463228024626,18.496339202773,10.048515122476323,6.722146539731824,-8.337626421541975,7.153177457599346,1.079259019205481,20.93,45.284745762711864,1.09,Small
PSNL,0.5941836591546942,14.34000015258789,69.39398898494187,27.44967488183586,1.2670995998280434,1.8201456737483153,3.4170137089961283,2.580194432330654,1,0.0,10.13824614680206,22.14876215259067,7.771467505053867,-3.30411175728901,20.126782761361067,1.3865725186812625,45.64,45.21016949152543,1.5,Small
LQDA,0.591604529262888,79.20999908447266,118.90399156956131,9.264966538399502,0.8516324210616145,-0.11684518361642654,1.3634665364524199,1.0730949172261586,0,1.3500870604745447,11.453495742911493,-14.534691724778066,5.524194532101613,-2.1857300556502515,-2.941176773253002,1.1275936270896276,161.05,45.17853107344633,7.04,Mid
CERS,0.6090097174833315,3.2799999713897705,48.46653816726776,19.66435568961907,1.1619120284654152,1.0597713847752115,5.7865861472647095,0.3048777605925087,1,0.0,20.588232966298456,7.168460585898993,5.748694105315531,-5.47005660926542,1.0309329657520268,1.022133954384481,9.82,44.87570621468927,0.66,Small
SSRM,0.6256963336660302,30.639999389648438,29.02425278934979,6.8377540902542595,1.0354789619381315,-0.6507813288438761,0.8257188786910736,1.9255880036602193,0,31.706105051103282,4.288632623657546,10.658518286230487,6.155120341891361,-16.10076942565924,7.941177368637849,0.9184665295267957,98.55,44.77062146892655,6.36,Mid
CGNX,0.5947223638632344,69.48999786376953,82.92442356266282,6.188872722026108,1.3112709720675721,-0.18079280089139538,3.223493397601202,0.647570818922603,0,2.74904346169812,18.777050042188414,3.9585551740180525,5.137429956900186,-4.651481225794004,0.9439192593034563,1.204593538688102,175.11,44.73898305084746,11.56,Large
FNKO,0.6304303038429252,5.539999961853027,52.18440494074849,1.3213828825337222,0.9089429552527134,-0.52438241296564,2.075816764014898,3.366427323642128,0,5.576442561728118,5.725194728655384,-2.457469099315564,5.939273053754942,-9.031201590542386,4.474268872657353,1.0622351252109066,4.06,44.67909604519774,0.31,Small
MLAB,0.6162511668806819,102.55999755859375,20.31544830326737,1.1923825699123833,0.7967980705273299,0.18128902215868198,0.6240243807304675,0.2632572635442209,0,32.116258797512415,-1.4604191446053614,1.6310811180056308,5.426789564477525,-10.027195823563051,5.450232228997183,0.9012923407927954,19.85,44.6542372881356,0.57,Small
EQ,0.6306740566059037,2.7699999809265137,67.95291584908294,-4.218534007702829,2.368178346609758,0.34511922115619026,3.610104883936468,1.805052441968234,0,40.43631502187652,-10.064933453176184,11.356470811878232,9.38628069399456,-21.75141211882782,10.729614080633036,0.9978228523594815,2.2,44.536723163841806,0.18,Micro
AUR,0.6331442456775919,6.789999961853027,66.06615378806295,6.5265129490735205,0.8303488890849346,-0.37949675088448875,2.8718729415050195,0.8836515921618678,0,27.045016159228837,10.22727483675695,12.719303258200739,6.0109392243399355,-20.723872799578118,1.5473872825922246,0.9503374316406987,213.72,44.49491525423729,13.32,Large
GFF,0.5745490105605864,93.08000183105469,16.266989124428342,0.5080490752667,0.8435431034722094,-0.9126505473228421,1.7726702765391247,2.6751240268095478,0,16.87939974155284,-3.464007883513652,-10.942958508490316,4.014980502515689,-5.3776565698605445,2.7113060485504974,1.0591889505044723,35.54,44.45197740112994,4.27,Mid
VIR,0.6234872239432152,10.020000457763672,55.412390201095654,7.48190420156066,0.851187494075355,-0.3403802718225769,1.5968047912829249,2.4950098658063986,0,12.468659391320877,5.584833502342771,6.885237015987366,5.19461032901844,-14.065175051196737,5.529523414375856,1.105744188583976,18.98,44.449717514124295,1.69,Small
MIRM,0.5858226561482744,121.91000366210938,43.57923487029518,12.357379228542028,0.777465542022527,-0.7163058011387533,0.42654140549727504,0.7956699135073955,0,4.4526338801715015,11.680102209733493,-7.622449145328866,4.624839195072929,-3.053675020167068,0.11663727409393046,1.1533324131306983,131.04,44.20112994350283,7.43,Mid
CADL,0.6204175521790352,10.029999732971191,66.76535033370871,10.988156093592796,0.8437324279646428,-0.4264769994028564,4.187438558661398,0.2991000375561682,0,2.2487486654461164,20.697944961437777,11.974116023933853,6.5019227180400625,-11.707746160073361,15.803818800769967,1.1423944351720376,21.23,44.19435028248588,0.73,Small
CDNA,0.6125982967015758,29.059999465942383,43.48951457960466,13.23254182871617,0.8375650411797253,-0.1322002992267886,2.4965592571218953,0.27529224078981746,0,2.3345199083199737,29.616411091689315,-2.335635763641519,5.10679947671774,-3.1333351134209457,-0.8240430596284511,1.0550162295076935,23.75,43.99322033898304,1.5,Small
NKTX,0.6157252343868258,3.299999952316284,67.62160766453738,18.555774236539676,1.1756656650819708,0.5332980589661295,4.090908859789246,2.8787887864895474,1,8.891491167606292,-4.899137603553298,0.3610104883936468,7.309524117438141,-9.589044761929625,12.944979544665625,1.1320922732883587,2.33,43.92429378531074,0.24,Micro
EPC,0.591344277037653,26.670000076293945,47.93375115538188,10.505827436245509,0.8631596103982628,-0.8421505432573554,0.2324719702981491,2.2497202089644883,0,5.919482711154886,1.7162500942290038,-10.363347751258596,5.677862905616423,-4.784006217744839,5.228764844988455,1.22197361415422,26.67,43.90169491525423,1.23,Small
AGX,0.6233636448782957,725.22998046875,121.18950662368799,2.2596419250482347,0.9016778803930443,-0.4749372905942022,5.4051836331477086,0.7427432434878746,0,8.587489219217696,53.17498428233517,9.5397676674743,6.984090421401694,-9.993176485404911,3.316042473975501,1.095273276853956,242.46,43.85762711864407,10.17,Large
NVAX,0.6335617218529239,9.350000381469727,28.380148945104878,2.7698436962172965,0.785873386902053,-0.6575711730308487,1.7122992156824162,2.3529439361444955,0,47.04383052505401,-16.4432463605697,11.38370848936422,6.172650568411726,-21.88805202082537,5.680473726051187,0.8942844332055483,48.39,43.60000000000001,1.54,Small
BSTZ,0.5901885911041641,29.6200008392334,25.544510905405883,-0.975644338840787,1.6203599822943504,-0.18061409373124168,2.0300447968654876,0.4726515384100656,0,13.693546336417961,35.046976040177285,1.2707778574122468,4.121080776525082,-7.0890789866883015,3.010428847579855,1.1383195136861526,7.55,43.498305084745766,2.04,Mid
TRVI,0.5853580406929444,17.950000762939453,32.61384204302511,10.577224645627496,1.4564014707109574,0.20041713502259645,1.8384396081420011,0.668528323823102,0,8.58380849958513,17.859496403669183,3.374014764525431,5.386390639252459,-6.8016586204911995,6.621624886585684,1.132538323222608,32.18,43.25310734463277,2.55,Mid
TH,0.6335587140726496,17.739999771118164,110.7163835283789,-6.065501445046729,1.166458710006207,0.5768139972035363,3.5513025716347677,0.8455446474471032,0,27.727522153222605,40.126382184303246,-5.11600617265213,4.837736129817547,-14.916069800010126,2.8747439160496087,1.2110447930623596,27.13,43.20338983050848,1.77,Small
MRVI,0.617115753982882,5.900000095367432,70.78169863535084,7.019773881385769,0.9001165909905886,0.18205624892859457,0.9322085470751832,1.440678589129283,0,9.36263469404275,21.649488889998555,-4.408823187890096,5.386197162417164,-9.923665287638253,5.691057854569449,1.244335392239754,17.04,43.04293785310734,0.87,Small
PUBM,0.5916254139154375,13.520000457763672,41.66714207906814,12.79826743703224,0.9063876688970249,-0.8470589722956647,0.2218915085298356,1.9230785507355783,0,1.6029333143866817,91.23055344529513,5.134677194863027,4.013101493475695,-3.3595376769854775,-2.1008382313787197,1.1833100936541439,9.42,43.012429378531074,0.63,Small
STRZ,0.6016843129938891,30.100000381469727,146.5081988818547,7.339950735126605,0.9935806748138465,-0.42322813657610403,1.2126238089044687,0.03322335134473979,0,1.3964809294191642,173.63636708848512,-1.0353409703629066,6.789274813114011,-7.612035942689686,7.123871294855019,1.3164396768055864,4.81,42.806779661016954,0.51,Small
RSI,0.6081897200010552,32.220001220703125,55.069280043320965,8.83113301113892,0.9372183760829259,-0.5316087739307019,0.6828094734985113,2.7001887220518577,1,0.0,10.75971485592855,-11.742279745865508,4.561274735318812,-0.9225068660160534,-21.073123336451303,1.2176490467449006,87.42,42.68474576271187,3.32,Mid
LXRX,0.6204175521790352,2.319999933242798,90.98236297478108,8.639659615278127,0.9870526218440763,-0.20356934791794395,4.310351115754903,0.0,0,17.16528224383872,-9.019608756242151,0.526315293867212,6.773400824584774,-13.432840463159978,14.835169901433803,1.2066578283245322,8.03,42.63163841807909,1.03,Small
FATE,0.5915167577850017,2.990000009536743,194.34527001384845,35.785649576536635,1.24731676988917,0.28931817067029764,4.347821925224751,2.8428106303489296,0,1.7775005611217354,42.38095928085703,10.859728745949688,9.388437778839668,-6.853583362219909,9.489050706880635,1.3160065303085562,13.25,42.48135593220339,0.35,Small
VCYT,0.5785551373002195,57.994998931884766,26.99858103629431,8.424666973677091,0.946172710398968,-0.3475841298698634,3.233037390292671,0.05173307103404105,0,7.00634682575917,8.139097103772523,5.046056321606427,4.9326902990752215,-4.785750981418426,5.7252994665872965,1.2248429938335876,74.0,42.45310734463277,4.63,Mid
GTX,0.603090681451716,33.189998626708984,80.41319937949878,-1.5571749176546765,1.0368141308804342,0.18138691098730486,0.3615629754255122,0.5122084684289513,0,17.90768395515423,-5.468533039620097,-1.6433381177138482,4.401929396556178,-8.441383098500971,-0.7374612458093524,1.1321775653002684,106.38,42.35593220338983,6.21,Mid
ALTO,0.6162610635782636,5.71999979019165,87.8543300965099,6.379018365624202,1.0308134348565225,-0.045091060312067104,3.321679443293759,1.923079327446757,0,2.800264431022567,42.288552659406776,-2.3550745446840953,6.568432690627719,-6.382984201910323,-2.7079277445363927,0.965103632352279,14.23,42.2406779661017,0.44,Small
SLN,0.5888082737631553,10.579999923706055,63.25639298598637,30.19935876942891,1.9257950291019528,0.8396113454237851,1.0869543661301975,2.9300606977585777,0,4.158450069871504,15.502184495560915,2.481752972787034,7.790980638608451,-4.339968152405187,10.790460215917541,1.5419153182947962,4.07,42.03954802259887,0.5,Small
ESE,0.5975178269030889,342.54998779296875,64.72024046547776,3.6697775803753947,0.9331032944277742,-0.756347732774717,0.2919281960685584,-0.9633594834496306,0,7.220256523662097,0.8092905633396864,-8.20660945413837,4.142669107090832,-5.389857088966645,-0.2540229626699487,1.3376939470120675,102.97,41.83728813559322,8.87,Mid
QTTB,0.6265082386729798,12.864999771118164,276.74323506016714,2.1416790729765585,0.44473224638479775,-0.1293671875157917,5.223474102128239,1.0493605229159577,0,6.777944206754443,0.11672676421784407,9.2857156474429,10.319805747165265,-14.347540751159807,17.293234266201292,1.2152518585378738,10.79,41.73898305084746,0.22,Micro
GEO,0.5987251314818337,29.719999313354492,73.61046596202978,2.9192761172007566,1.0133980818006088,0.6624692623245627,0.4374194855800183,1.8506031283617903,0,4.1717628775431255,124.13272095862804,-13.79722176221621,4.138627576079343,-7.844963369200181,-0.21153313510313257,1.258071160461956,60.93,41.668926553672314,3.97,Mid
AMLX,0.5982312757296073,17.969999313354492,38.0015075635668,12.760010817701243,1.3944661654554211,-0.009860696000197738,3.338900413816067,2.281579649725419,0,3.4750786081695955,8.580061278965664,2.7952519947399943,5.986962735585958,-6.1618816115920385,10.958904258096311,1.2530539775193887,25.29,41.659887005649715,2.0,Mid
LIND,0.617115753982882,25.479999542236328,65.94225917932836,1.334286887500523,1.0795882185855425,-0.2848452962390437,1.2362583687431847,0.4317060634804009,0,15.119027978514998,-13.83158672526286,-4.236136115562035,5.480488783440278,-15.06666819204335,3.60065384682588,1.1631720975325812,22.68,41.29604519774011,1.67,Small
DK,0.644945288297881,52.970001220703125,70.02643716163645,12.105822689062576,1.0480217288990317,-1.2241120698795127,3.096090903952045,1.1515963682886043,0,1.0685647334641368,100.97562952094603,1.258650088431044,4.8234849420747095,-3.0031118316954157,-18.361645426251147,1.1356412162409721,65.53,41.25988700564972,3.25,Mid
CMI,0.5934543820469081,678.239990234375,22.97965197992575,-1.0743076098475635,0.7550872352826052,-1.1787440377915683,0.19388453354835275,0.07372021809366933,0,20.690969610542545,-1.112456433015081,3.3048184561773555,4.202209914721402,-8.067666821637285,0.04223103623883706,1.0122439280817899,699.32,41.21694915254237,93.59,Large
MGNX,0.6246451727405701,4.570000171661377,173.09417397966047,5.6159030103557654,0.752371935294728,-0.17877562465013544,3.5010906207238097,0.10941169041589142,0,13.932118839854615,33.23615400537279,5.64705343674573,7.916537327635634,-10.039365346529763,14.035087959801555,1.3898434330983969,5.65,41.21016949152542,0.29,Micro
SILC,0.6311614637708943,43.56999969482422,185.63779375537737,-0.45693440999134677,1.50099953825922,0.33188824696466707,7.275416591568653,1.4229950337690427,0,34.97114718781257,124.93545588973359,-10.888786307379714,11.790534657736263,-17.71482706852631,8.341483638511802,1.1374444448236152,7.75,41.14350282485876,0.25,Micro
MEC,0.630400619240446,34.40999984741211,73.05734265376442,-1.53379517662693,1.090198709710673,0.04822604856611988,1.24963762589387,0.02905644166593773,0,20.809538488868455,43.67431628737922,-7.833541460546539,5.490721204574564,-11.222906765690476,-2.009347256171679,0.9939017863679348,18.8,41.13898305084746,0.88,Small
RAL,0.5942610153607092,69.26000213623047,25.553060378888894,1.6906879894787896,0.8379015325287296,-0.5318939613616311,2.959854691170033,0.05775471309990243,0,5.817970000897257,80.76409571116885,-5.116985332032291,3.973125654512631,-8.15541868072802,3.5809069380804055,1.2682171016187869,120.18,41.09265536723164,7.75,Mid
PBYI,0.5816786277448526,8.220000267028809,27.394503583203324,8.343222685848309,1.1992523145126612,0.45515665772758573,2.1897730612194914,1.7031671381724491,0,0.5111864308509225,44.21053581835915,-3.1383706558788345,4.292663810008326,-2.606627064766213,-0.6729500926423846,1.1917094574601763,2.36,41.08700564971752,0.42,Small
CCCC,0.6281712672523154,4.139999866485596,105.99715766172267,1.669938007860923,1.245827463703347,-0.2674442772358216,2.657008140949826,0.845406969381531,0,19.639889314421005,-2.8169097633961586,7.1942490449435095,8.969980204017531,-19.92263432126421,16.612377895345006,1.170250246287858,13.0,41.0,0.46,Small
XMAX,0.5970622613400598,8.960000038146973,38.576568131623,4.758565603013205,0.8245567982397282,-0.2879644817599093,1.1160756811698294,1.0044553406290218,0,2.301466447396554,1.9340168033262117,-1.410104375058851,3.866391354030043,-3.7594024238136647,-9.536781943021722,1.1552136129670507,14.0,40.92203389830509,0.57,Small
ANAB,0.6569487561043232,62.310001373291016,82.03408181610206,6.282996998591848,1.3056191040559941,-0.468245163779072,2.9208789194075466,0.8505899250594764,0,16.85490877497828,49.86771353116123,-4.973879621726731,5.358460972898124,-13.888887717178847,-16.41456776955446,0.869657140290095,39.78,40.88248587570622,1.84,Small
ACRS,0.5925986109498,5.489999771118164,71.63525371441453,16.079918266741963,1.3344240876072102,-0.22627667465836343,1.0018184084077455,0.5464432462010257,0,0.8167989251163252,23.92776486715562,7.218686831464825,5.275824933281259,-3.514943480771154,-1.8223217795192148,1.2051652663580232,8.71,40.664406779661014,0.77,Small
STK,0.5993824223672425,52.15999984741211,34.030771793055536,-0.24670561960744644,0.787011055814618,-0.44230458503416026,1.0448657692225232,0.46433846778312454,0,19.967574392378545,4.991947518019714,9.802877504961122,3.9281608042842877,-10.776598247717217,-0.29579288314858837,1.1110845036757102,3.66,40.65988700564972,0.92,Small
AYA,0.6219671539343447,19.950000762939453,28.074138280939742,6.425546243070731,0.7791095637297829,-0.5811154653712192,1.854640727143189,1.7042613512198785,0,14.445493080922175,1.063834823939085,10.312982310842736,7.286072181608757,-9.31817834985166,5.144148218699562,1.0114636392563916,8.91,40.5774011299435,2.86,Mid
ASML,0.626522008797475,1825.0699462890625,60.43094306661951,-0.20420728434564017,1.211545650995757,0.0010263096090831463,2.134436334008664,0.6432624819799173,0,10.456711074422035,28.71199530638691,-8.080366215801066,5.513213564284889,-8.744675796727886,3.2234137535009477,1.2520700434219,3510.31,40.49491525423729,703.41,Mega
ILPT,0.6073145616129881,8.710000038146973,49.14345734289072,-0.6104854203246304,0.8347781351965957,-0.09973403980197361,2.2950703356805957,0.8760007694083886,0,27.567852748739092,-2.8985531896641956,-1.9230777527186735,4.641874023048887,-7.043755127028921,-2.455665852997939,1.0493055451735027,4.95,40.47231638418079,0.58,Small
EWTX,0.6185483064793045,40.099998474121094,50.83903352219414,7.204914720927036,0.7003149073090872,-0.7912544353620721,1.2468828404325523,0.29924921807469784,0,8.608486952258106,18.114867666553817,8.863817559890535,6.459386219943086,-8.718419768634186,5.346588448403333,1.1850330613486117,62.64,40.337853107344635,4.31,Mid
GRC,0.5636018809404845,85.30999755859375,68.86098619375281,-0.11825378502862509,1.2232332668146897,0.1351394006689092,0.5978222375099753,0.41015039503167666,0,14.102758530526865,25.290958905702855,-6.206714708224245,3.781996774745138,-8.051305581919758,-10.225039801836768,1.1702791664430279,14.51,40.29830508474576,2.25,Mid
CGON,0.6183758846305484,69.26000213623047,56.054412805641405,8.299977597948537,0.9518873707553439,-0.8194913483468577,2.237948316384203,0.41149819999236226,0,16.144265339112966,27.785980001887367,-2.7634145708972664,5.63590581290699,-10.051945277492223,7.341152625894871,1.3557266750669077,72.12,40.26440677966102,6.11,Mid
DFTX,0.6091716251546594,44.33000183105469,220.31120051368697,32.587601257483506,1.100962366292853,-0.11119144553426527,0.9474354874526874,1.127904307097172,0,10.568840836811447,20.889021119143404,1.952011139643251,8.667301371815778,-9.898371659079675,11.221837786123288,2.0423033101847805,133.25,40.21694915254238,5.88,Mid
SYRE,0.6251012519821619,88.73999786376953,160.12236239933756,4.0987236457238785,1.0843624996175432,0.22388705132373068,3.5384262623416642,0.7437413213831812,0,8.007997506251353,40.256041127431274,-2.9179321969299017,6.752472445017123,-13.05114639753597,1.5205487812826808,1.1412758322625811,121.29,40.08700564971752,7.71,Mid
CMPR,0.6166451667092042,94.16999816894531,30.660869464825137,2.886546515285351,1.1001793934424928,0.26413462716466046,2.1556746508940217,0.132738666697664,0,23.0743449421228,12.200640803543576,6.661853153639877,4.893506293593792,-11.269197582095279,1.9036166638983751,1.0911232790354786,20.95,40.033898305084755,2.28,Mid
AZZ,0.5747441648619224,152.5500030517578,32.01085784782591,1.157796696975041,1.2647391197636424,-0.1610103865514936,0.6686360223199601,-0.30809650035902003,0,11.360222467011253,-2.6110804097301354,-8.427208643060542,4.028656029577858,-5.9494414784139495,-2.434859042238382,1.1086912106562583,41.22,39.91751412429379,4.58,Mid
VIRT,0.6341781223145939,62.970001220703125,79.32175988934043,6.518486930527422,0.7902513182903328,-1.4424499332570753,1.4848301420573826,0.13498345692164385,0,2.8760429577775874,28.667762540660547,-7.713225785453933,4.502824290022707,-2.9438904339423098,-5.326424237867264,1.4706287474967878,84.81,39.89830508474576,5.48,Mid
STTK,0.6220913419047048,7.239999771118164,87.59938709267105,33.789149060374726,1.3916044532740708,0.1982313573497123,4.9723776912368765,1.795581747689539,0,4.649017104724181,12.422355693561375,12.916673700634865,8.278412692976511,-13.085236043700855,8.516127062283202,1.2116540020793802,8.25,39.864406779661024,0.69,Small
BAND,0.6394832182355699,60.66999816894531,281.9293113012418,3.225475314374946,0.6948393993037668,-0.1827531265192584,6.16449940873662,0.716989569334187,0,18.33822886889416,17.16879026469044,12.153305063024805,7.584591895735642,-20.150045421641398,-2.934923553001961,0.9013414196466657,85.54,39.842937853107344,1.94,Small
ETN,0.5687654142837066,413.4200134277344,19.805910708811236,1.6485776273551147,0.820997926884593,-1.5552245768331874,1.6508590459493129,0.13303366433748068,0,12.433602569630525,0.9011648108191075,5.964972546484945,4.378546377592362,-5.33955610386689,0.7490285277213576,1.0905709944308524,1119.88,39.80225988700565,160.53,Mega
KPTI,0.6085839546033119,9.619999885559082,19.9497519756461,2.8299602900355,0.865332711285321,-0.27466888663420513,1.559257525711288,4.158010155108885,0,9.02898032041293,76.83823131623258,0.7717717439003471,7.171813635495051,-12.46587728813969,12.041890566660602,0.9933433495612296,4.46,39.72655367231638,0.22,Micro
NEOG,0.6075037458345922,9.510000228881836,25.294744037743257,3.425775971970863,0.7792163628220224,-0.6001071028401178,0.5257643483304579,1.7875927674510432,0,45.08389737150922,-1.1434475880913049,-1.4254398690564698,4.431425890195572,-16.79790047998987,5.357145003205891,1.146001266237494,22.93,39.65084745762712,2.07,Mid
MTRN,0.6194210028294057,261.79998779296875,100.15927623919826,0.277309713976341,1.1087522635013227,0.6219593105778556,2.928953256335781,0.011458663367273886,0,17.982131799024824,-8.786844883968667,-8.160392788992176,5.715049985983495,-12.40338874083345,3.7755843913224263,1.4585512838584085,95.68,39.552542372881355,5.45,Mid
PBF,0.6420034552687045,49.2599983215332,73.55347200414433,16.251898069980673,0.9920098647550142,-1.141842729157078,2.151850201761243,1.2982129234342903,1,3.741901926166101,14.375474858645616,3.8119675335885375,4.893784816705626,-4.957441530152341,-6.599112071462372,1.1312818361846415,142.15,39.532203389830514,5.83,Mid
VSAT,0.6136600922409996,83.80000305175781,132.42374860865283,20.866841277611307,1.6941481788960453,0.17139056349108914,5.883055042458662,0.8054928725155918,0,5.254996411661725,0.9395404001707517,0.30166079772317655,8.34299395951229,-9.92152622654222,6.024101048498711,1.3289126247867338,226.64,39.37062146892655,11.44,Large
ELDN,0.6136600922409996,3.9700000286102295,152.15714500248387,6.634434624935919,1.1122369376670824,0.48887895821750155,1.7632224866675976,1.2594446333339984,0,5.458983408648613,5.026456576938497,0.8333325604490288,8.346526499993235,-13.69564975970808,16.290729164183443,1.4631317264260908,5.73,39.346892655367235,0.31,Small
RELL,0.6350494893002788,16.920000076293945,46.25749074668435,-3.6748170550827552,0.6719532076123649,-0.2123526011940235,2.7777737068997714,0.0,0,35.83362990557448,-0.2358432213181703,-0.871089035142213,6.2183365675110025,-14.803627611054424,0.36231808634685103,0.9819928855426564,3.99,39.27909604519775,0.25,Micro
SIF,0.5965558552866403,25.360000610351562,343.7235380530537,16.335615155564945,1.9807601903903584,0.24581784826690797,2.4447906819341467,0.946371314402635,0,0.0,186.55366684034504,-4.418828480955578,7.058359838373052,-4.120983444635433,-2.8649391585050896,1.1637468820532932,2.49,39.15593220338983,0.16,Micro
ANET,0.5550932915354482,173.27999877929688,21.487758617677287,6.262743505398978,0.90596447840945,-0.06703363876258482,2.2391533414840277,0.8339146666609148,0,4.060692669439096,17.82945849028583,5.788808462310958,5.565063295368599,-3.626253705094658,5.0919953126992645,1.2642975273175179,1766.38,39.12090395480226,218.19,Mega
HLIO,0.6265082386729798,82.5,43.9725050864711,-4.403798051451786,1.1116020714004007,-0.8761629816085011,1.696971546499317,0.3030303030266299,0,19.412768863093206,6.355550244305563,2.6879277662766645,4.390478092870671,-13.20357985132509,1.0803660799464343,1.1849492254294953,31.64,39.058757062146896,2.73,Mid
ADPT,0.5698923569032789,21.5,21.63239858993751,14.237134505609362,1.1989494438462025,0.13382975814488335,1.8720937328798588,0.5116307457974242,0,1.2063634293772447,28.128719427464937,-3.595130648435781,5.615447922006398,-5.701751230282627,4.718310459480459,1.148207672858591,57.76,38.98079096045198,3.44,Mid
XPER,0.5876936869503151,8.079999923706055,27.127188763379053,2.4990483366291527,0.9047620057777906,-0.7660697754044112,3.032176829729302,0.0,0,6.293357958322717,4.663214290823641,3.092786608834634,4.402404163064955,-7.657143728198558,2.36336555153991,1.2379226287160923,4.04,38.90508474576271,0.39,Small
IPSC,0.6136600922409996,2.4000000953674316,130.44927274198733,4.826385010801195,1.6237114404555153,-0.23656784847570023,1.916666748652281,3.7500062072544145,0,24.422683539114512,3.4482829479365593,-1.818180043994079,7.815475664205043,-21.052627444276624,10.020445486635854,1.3176289773005847,3.09,38.77627118644068,0.43,Small
MTH,0.5572466775811574,79.9000015258789,12.398423427129647,4.281764104766481,0.7564602222568795,-1.3025515250147446,-0.13141846674216884,0.688364256880255,0,6.20414038454787,36.87811875882687,-7.919044481494099,3.9205072215838936,-6.418360159007268,2.4596220778815434,1.1418365203428615,75.1,38.72316384180791,5.34,Mid
DXPE,0.6603211668867245,162.5800018310547,37.32593793818495,-1.494127745444032,0.9812481195335396,-1.0595074674263936,0.4551639099675303,0.41210367904745215,0,28.354001678024026,26.442681222239557,-3.806571155265369,4.572254808715355,-11.598065035182906,-0.7754710756136176,1.0433221337691085,30.4,38.69491525423729,2.52,Mid
SXI,0.6230359284421023,319.7799987792969,36.80017430398108,0.7480960411513239,1.3602260472921948,0.6652327678541983,2.6549472345854883,0.5816453057279524,0,9.944204662422745,28.779864499325097,-2.133308481277364,5.2714819880289605,-12.121798920928102,8.639296823017103,1.3588837091119128,68.43,38.57514124293785,3.87,Mid
TECX,0.6275146451535282,35.220001220703125,58.083120021501244,13.276730335358977,1.3965492816619829,-0.12924636390010477,3.2021577191144464,0.5678613174385965,0,4.682012928225857,67.31592634940228,-0.7209097077383968,6.519794199457012,-10.898153016098776,5.0175449302652835,1.2414817668321214,7.08,38.55819209039548,0.66,Small
SB,0.6435268547108717,6.679999828338623,30.22690522725997,1.6717215214121568,0.9707877727685229,-1.06876788063192,1.0479067881698967,-0.7485058684472111,0,17.823532595296367,5.533946674442634,-5.468752819714374,4.552954155549285,-8.623051727984844,0.0,1.101254759632948,4.71,38.40847457627119,0.68,Small
MRX,0.6182987055101686,66.33999633789062,63.42385380231556,6.1295600280629,1.090018133055983,-0.16628631952782588,0.16581341034394453,0.19596182588123476,0,0.8356963991239934,54.539684862975,-16.28120228753925,5.444678080540307,-1.4996320105390362,-7.090076209755539,1.4030597000605218,65.19,38.355932203389834,4.77,Mid
VSXY,0.6022830079328413,77.87000274658203,32.99439786703782,-2.0527746781151506,0.7812790574306264,-0.8261239093097688,0.9888231872321536,2.4014417369981373,0,15.480063781071083,47.73288578759186,-7.799667221330074,5.41836965937328,-12.08083660944921,3.306723487373777,1.152500775352451,189.14,38.35028248587571,6.19,Mid
JBLU,0.5756103693530625,6.059999942779541,22.430040508569824,11.591932761411774,1.1853052489480982,1.1468220648082474,3.4653471962905407,0.0,0,2.2713199021183317,27.578946157973718,-2.8925591331193212,6.070247803685444,-6.769231648504102,4.7244050132943896,1.119145711478471,163.54,38.31412429378531,2.25,Mid
BWEN,0.6451369614681869,4.769999980926514,57.79447478162003,7.046677770632637,0.28635709827371497,-0.12050739899505238,5.031451758169413,0.2285119631166732,0,6.801024780729746,8.163268614261474,1.1961654530884571,10.377358632027162,-11.66666857774165,-0.8264454664347671,0.8492132001443881,5.0,38.275706214689265,0.11,Micro
DELL,0.6196890889680674,411.79998779296875,218.8280011038933,1.1459331530127248,0.7826353446021932,-0.29914760997343276,4.356484451957286,0.4711030837564934,0,14.854677852929157,-2.1643619276942054,7.250320215830791,7.62141811482245,-12.284067837701992,4.188208940116984,1.3998695520818276,3735.81,38.22372881355932,266.08,Mega
EZPW,0.6192963874167472,35.27000045776367,70.86012561050359,8.861385779725135,1.402783370076087,-0.08344189605145957,3.0053908690200575,0.7368844230897047,0,2.469350147806421,53.7489086142913,4.354592408676683,4.676151072022005,-5.009427839469449,-6.2191491528296154,1.1994329478203682,32.75,38.17401129943503,2.17,Mid
ESP,0.6169856772744565,65.11000061035156,28.597879661357716,4.743589250998316,0.8771008014682282,0.7741964574274336,4.269695520187413,0.5068373951100125,0,38.43161229366975,-2.994639532107108,-8.337827335175975,5.485221921352605,-12.55069060693822,6.7226952073619906,1.182259567444413,2.82,38.09717514124294,0.2,Micro
MYE,0.6194210028294057,30.600000381469727,54.5917884717722,7.257505518656994,2.256302048038119,0.17542852723829477,0.0,0.0,0,14.554762389295162,-13.338999740879679,-11.274724588296623,5.221808249101913,-14.405593338143266,5.460588249062213,1.6155375434479609,12.15,38.07796610169491,1.15,Small
ECO,0.6140464510602531,53.349998474121094,57.84855183017965,3.694918648759725,0.9488471175643812,0.7766723903253098,4.142461035309159,0.6841572149992509,0,9.160953080575169,9.547014124285608,-4.75789120312763,4.6545717725632585,-5.85847856368022,-7.31803394721553,1.1236947895032465,24.75,37.91751412429379,2.08,Mid
PKOH,0.6140464510602531,37.150001525878906,68.3185295811662,3.9960850617050445,0.971508520192141,0.8609549884897156,1.6150698505004926,7.1641962693106285,0,11.138951441530018,-4.889912391731907,-2.927852021442039,4.609017383606264,-5.542843131522665,-11.206900079398016,1.1677382903408193,3.34,37.64293785310734,0.53,Small
RFIL,0.6154896222088999,18.389999389648438,207.40930201907187,-1.9173886566866198,0.9516147039102228,0.1896242485997207,4.513322192539717,2.610111789782953,0,17.36990053956783,155.06240347849138,-0.923913477223676,12.12615528464642,-17.533632201828567,12.15139990882838,1.4163090057816432,5.5,37.625988700564974,0.2,Micro
TWIN,0.6085597141877537,22.34000015258789,23.781260420213314,3.945654408559972,1.585743299456508,0.5189706690322721,1.4771706420649036,3.7600722775867275,0,27.824100393742228,-7.6477897501018814,-7.449085749948282,5.854329597208417,-8.816325907444678,9.494727998888209,1.200840056038814,2.82,37.60677966101695,0.32,Small
PRLD,0.6290156110471162,4.989999771118164,61.31218612872831,13.421975474621329,0.9780974695025753,-0.4526401831306585,2.805618230786538,1.6032049571035587,0,5.881459270364817,13.926932433786929,-0.7352992735780746,8.514170841983884,-12.302289612299568,0.9280733729650684,1.041101573023792,2.47,37.605649717514126,0.4,Small
SNDA,0.5722444598914141,41.18000030517578,15.523514856840158,10.505838073255108,0.9088267788940696,-0.10328994526109585,1.7727040719007714,0.9470601912306182,0,2.3332217260150374,5.508587222821719,-5.818511943496328,3.8732410488736746,-3.762562691906162,-10.035205355325301,1.0329126736140766,31.44,37.58531073446328,1.95,Small
ANRO,0.6030149758309045,26.219999313354492,36.54660740514748,13.518775927764167,1.1964724087892133,0.8643762088404146,2.479029530420522,1.6971766074021126,0,16.176364311470955,-3.032550201104659,-6.989513581963042,7.3779560020570765,-7.809151128653033,10.530193764042934,1.25571527270546,11.23,37.31525423728813,0.92,Small
HLIT,0.6195181538554003,13.949999809265137,30.29479457709765,-4.878798613366726,0.7036826598214736,-0.12518109741803018,2.5806427352948034,0.5734761633988452,0,47.608932215283815,-17.4556205661449,0.684458796293418,5.99078437101125,-21.097287507442644,3.0075247945765318,1.0737143626396775,47.89,37.27909604519774,1.51,Small
ORKA,0.6204175521790352,83.12999725341797,163.5091487720613,7.216094207693831,1.1331192561500643,0.32388682772878563,2.466020834192755,0.27666995685704693,0,14.745604883204821,22.070483283179176,-9.938989342698159,7.111067014605142,-14.982615778914235,2.2675112286339223,1.2537913577519348,162.54,37.273446327683615,5.01,Mid
BOLD,0.6103364318875045,2.5,97.57655921741757,30.99292814943787,0.24592117771286295,-0.05806552161380272,0.6000041959269905,1.9999980918513678,0,76.7298565044825,-3.8461503177723704,5.442179680537574,8.419999735695976,-10.394264004092534,6.451606944801175,2.013278471593912,3.77,37.1909604519774,0.06,Micro
PLOW,0.6073709845180717,46.90999984741211,34.8628196884315,-4.2533815779965005,1.0006175851125034,1.5510584286881715,0.4796386161760133,0.852699908700695,0,15.466714587231284,-12.952309558659175,-4.603358735356284,4.469743638363033,-14.709091186256002,3.3683316106330685,1.387453944682609,12.22,37.097175141242936,1.08,Small
VBNK,0.6204425143201052,22.600000381469727,40.27384852876541,12.176904554246502,3.2842151377829687,0.8867149107441605,1.0176970723183403,0.0,0,10.962323842392866,-2.628172025154164,-3.580833666855454,4.688054281742612,-9.780434850745758,1.771869901823401,1.3427252629774593,2.09,37.09152542372882,0.73,Small
ALXO,0.6196890889680674,2.190000057220459,83.04854977859675,26.006908231981278,0.9806108831266519,0.2291634710159194,3.5981717307107046,1.5525077163233016,0,13.426305778445288,7.352945985236689,2.564100211190785,7.905413597746841,-17.669173431126488,7.058823607757292,1.30982939026484,3.08,37.03954802259887,0.29,Micro
KNSA,0.6014986996522864,62.77000045776367,41.41293224193387,11.964825357319294,1.1653598914417176,-0.1744873577121341,1.1687060640373008,0.07169345756519768,0,3.040439489180593,6.0304048120871245,-4.773516779650721,4.076515660630524,-3.673211356342549,-23.118031020112404,1.259815665685707,51.83,36.9728813559322,4.83,Mid
AGL,0.6311614637708943,107.5999984741211,513.9166512375785,-1.3825703879842206,0.7847591489973668,-0.2733866885879424,5.613383830041496,2.611521931613659,0,8.456287388348459,77.3821278338459,-21.978367706769703,9.665890960898452,-14.406173528040695,1.5183626758272344,1.1889225605483698,45.97,36.914124293785314,1.8,Small
RAPP,0.6038246831896507,38.56999969482422,16.36913891150311,1.0439722623469694,1.0430952295806195,-0.3705365312989331,2.0871151452535135,0.1814874134722829,0,20.997010125131798,-2.8708119262221046,6.0816284125239015,6.108188144109003,-11.860143568690482,10.27732165483874,1.06337051405625,13.42,36.89491525423729,1.84,Small
NPCE,0.6187459648294312,17.329999923706055,1.4841693612617224,9.096631299956094,0.8332649297182348,-0.1796433916259821,0.7501394191079696,0.28852362738846227,1,5.913877397517863,5.221618980894709,2.941173720482024,4.420492342484975,-11.581634762588903,2.5912758453768614,0.874655456092224,3.37,36.83050847457628,0.59,Small
GLUE,0.6175871550777232,23.25,37.521292501099126,16.77695498394814,1.3880437637043395,-0.17682129046689174,1.0967705838951993,1.3333310362539763,0,15.660214845436377,4.306859780166481,1.4976971182352603,6.633179601619503,-9.778814175017558,10.772165291159073,1.3754648727066052,26.56,36.804519774011304,1.96,Small
CMPS,0.6219675824724502,12.84000015258789,75.33019032368853,1.6627104282412732,0.9712675001616865,-0.09005920127990036,3.5046713698005134,0.07788340157489458,0,10.575506969808371,35.72938795405861,12.567052254615582,7.813749721314467,-16.623373566164197,4.228570120191958,1.2144348491318673,50.52,36.7909604519774,1.73,Small
ASTE,0.6270569352784205,58.72999954223633,25.474725416843526,5.508995516405875,0.8078728170910542,0.02618819860778062,0.7151404510626255,1.1144203286997196,0,28.223775056524183,18.14388372353483,2.4820608626075296,3.924679645829886,-10.362450165453376,-5.814360308218915,1.041824603453185,13.4,36.70960451977401,1.35,Small
ASTH,0.61943487552892,46.90999984741211,78.32022270419228,12.44546725021509,1.7860973236892088,0.2502433307983497,2.046470022542863,0.149221264230271,0,4.149470783830796,78.2294847665009,-5.28401606492694,4.161464494313298,-9.089144894006662,-3.916912952229601,1.3342986580634808,28.25,36.68474576271187,2.33,Mid
CAT,0.5867816447761771,969.9199829101562,59.27136324170475,0.5176029050265998,1.0280658790336266,-0.36836932216497453,1.2279335774466864,0.6804659871145321,0,13.469875958563938,-2.7619866865286093,4.556181574916123,4.6458170752393535,-9.645443872617406,-0.1458816228693013,1.3097022169897703,3077.98,36.683615819209045,446.74,Mega
PDFS,0.625518027965314,56.75,88.15665384063487,-8.860961832217548,1.0737273505717526,0.47519101947575104,2.8340074984013284,1.215856610919517,0,22.433951559602978,23.235615504844247,-13.229294493856303,9.065865480052066,-20.83972929615762,8.634076940628098,1.3240384030778023,51.19,36.62033898305085,2.38,Mid
ATRO,0.6265082386729798,71.79000091552734,55.08554712798583,-6.6872816243724476,1.3576552923317757,0.055185875154720024,1.8526282408063004,0.934252771527379,0,14.496220054586498,12.314736633093476,-8.55375144071823,7.201560499846867,-19.082506844053423,7.816153040790308,1.2361694156908312,56.78,36.494915254237284,3.54,Mid
GHRS,0.6162499954457659,26.170000076293945,95.30622998398648,12.03870139149144,0.7500393040368049,-0.35705755995174776,0.40122102379139685,0.8024493358847701,0,3.755773125792819,21.720930586403423,11.139785602049432,6.468420063450083,-9.63397477998634,-1.1081745435718928,1.128811679799261,6.37,36.4632768361582,1.8,Small
NPO,0.6265082386729798,341.2900085449219,48.82663658487046,-3.554566934107059,1.1780448647201571,-0.30834244875566663,1.3976351180025988,-0.1031440284969577,0,16.682579084717712,-10.011601603888504,-5.544880722220655,4.779344527203651,-12.583884840160861,1.042985053694576,1.2674035194866302,91.84,36.43728813559322,7.21,Mid
ACMR,0.6301763075095644,98.5199966430664,138.9770611276488,-0.016240801890586038,1.1989571325983066,-0.08670768286935722,4.455947563121273,1.2789226042993613,0,10.816437359357197,72.72088895692887,-1.65733062116767,11.525506582178382,-22.541084399555775,10.783050403336093,1.4260071746696579,177.95,36.41581920903955,6.81,Mid
RRX,0.6136600922409996,217.91000366210938,45.09197490551098,-0.3852692197429198,1.348197480534055,-0.562356005604596,1.6405841348014303,0.6378777322207694,0,20.896867701224174,9.343483531224804,1.2251005290433683,5.742074297241739,-12.062146497748314,3.466894723891816,1.2884033827334829,245.69,36.41468926553672,14.51,Large
SMG,0.5770676528573649,67.08000183105469,6.607508639727255,4.349451522971755,0.8127093954531596,-1.140265213684661,0.0745310390546092,3.115540739531663,0,14.01916060014993,9.047862907014558,-8.886150051489388,4.298695597142762,-6.2410397700900795,2.101629150527691,1.0549994608278352,64.24,36.2768361581921,3.9,Mid
ALGN,0.5771713012823871,188.38999938964844,9.89005244835106,7.133818717800132,1.1402888794701556,-0.39669028458438466,0.11147444904000148,2.4098989116230327,1,12.984223901755223,16.794789724232096,-4.884426613933209,4.33219820876976,-9.562670252178636,9.002809936464908,1.1544353461902948,204.15,36.26327683615819,13.49,Large
PHIN,0.5893855086887314,79.68000030517578,17.373174724704544,-1.9452049989279048,1.0233984540571803,-0.806321258382967,0.10667555741220071,-0.4329834580540092,0,18.7470705774971,-6.059890837162412,0.16280455092801766,4.033095097592876,-8.345312540492895,0.3317205968384424,1.1361184780987215,31.93,36.12542372881356,2.95,Mid
CXW,0.6023029620595896,30.420000076293945,48.42690294698579,6.982715186422548,1.1825193447609368,1.965076976528053,0.9204555992198691,2.7613417174672605,0,3.42835022124769,56.32066550302762,-16.435390299815452,4.416738316148311,-6.629839267337205,-0.6369479131835878,1.3903796996713997,38.04,36.10960451977402,3.01,Mid
CRDO,0.625518027965314,265.54998779296875,73.79392491195205,4.74921203200526,0.9827241479074018,-0.09271753209898961,5.6298297473959815,1.6418756583541398,0,5.5124661026448205,11.575625123047477,-21.728740122026537,11.060333165251466,-13.969619256430027,7.2404880589470855,1.2868175952690917,2305.17,36.0271186440678,49.52,Large
AVR,0.6020812260231545,10.569999694824219,101.06688505729797,8.633090707277134,1.4662149528661472,0.6461179422757217,4.588463806135838,0.7568583349880269,1,0.0,74.422438842992,3.5233078996755873,6.078524867506419,-4.387160532963722,-3.6906860456632393,1.2812379280103363,13.47,36.005649717514125,1.03,Small
TPR,0.6001956379847868,145.49000549316406,3.743241938076114,-0.28818682792465405,0.9413257189051351,-0.7427051034956288,0.5154993275672701,2.1479138648636256,0,38.83406359920045,2.1696017233648575,-3.7981063936204693,3.868946330036105,-9.676691602784366,3.1264999943776983,1.065566417267317,390.92,35.987570621468926,29.4,Large
MKSI,0.6183758846305484,368.05999755859375,119.7909349870186,-1.4139966295824924,1.3719731158646173,-0.20010311643646034,2.7658514218549315,0.7933442725417251,0,11.52817051204168,57.73225592364305,-4.569541179123685,7.87391057509269,-17.774004384586775,4.672296353108135,1.4160814967172533,499.54,35.96271186440678,24.86,Large
NWPX,0.6130436075510587,143.17999267578125,118.36787623323846,5.070038945868926,1.2294202908668639,0.2117825006722751,0.9777966384129237,0.0,0,10.823064677790224,-3.2632943789474824,-5.391077870804276,4.904416910099472,-5.821223557532902,-5.572604452493754,1.3505625722022259,26.66,35.93333333333334,1.38,Small
SMC,0.5738809427888579,30.149999618530273,2.2492284416048003,3.1174639370619577,0.8365645769661579,-0.5430501043797988,1.1940318901973213,0.14925398627466516,0,42.9644263769107,-6.1624692925647775,0.39919805060785507,3.2847666303112124,-10.000001138417096,-5.837907989487526,0.8206673942077067,2.06,35.86440677966102,0.42,Small
BFLY,0.6241095490928739,8.229999542236328,105.82217220222294,19.483152683721528,1.3196367704727587,0.8061688550674304,11.786152136861116,0.4860262949334009,0,12.321751808463329,76.23125068565828,-9.44122862469051,12.14979946517425,-15.067080507949306,11.03074340435219,1.8740120581081041,64.05,35.86101694915254,2.15,Mid
PLPC,0.6350494893002788,367.7799987792969,67.56991247453593,-3.4920809774927757,0.9243915488595175,-0.6804908764791616,2.78155718643071,1.6395668060510966,0,15.186733976290936,25.973369743113377,-0.0451790695301271,6.050997393469791,-11.239292056984292,-2.5041860775785327,1.0735743196169127,40.94,35.75706214689266,1.8,Small
ABX,0.5696291773176282,12.0,29.594108224517935,21.54976013508061,1.4209678778161003,0.4499102080006351,3.6666631695552843,0.3333330154141168,1,0.0,21.089810136806143,-5.97519436019737,4.526190530686152,-3.5369742378590483,-1.2958950602597699,1.3843258376081005,6.97,35.68022598870056,1.15,Small
LFST,0.617762237760194,10.989999771118164,45.35118630268609,18.570463716689567,0.8659831809958297,0.23562755661540594,2.1838014203334923,0.22747606049727082,0,2.4490096839366955,45.17832921335881,-12.696332552567014,3.955543751189304,-5.421687784779091,-7.525325504109926,1.4503792529000596,58.43,35.48926553672317,4.2,Mid
INNV,0.6125314333086409,12.109999656677246,122.5765583082264,24.77460993348345,1.6600899123792947,0.4103527078859756,2.725020091118237,2.9884421124687126,0,0.0,55.65551837458119,-27.083331397939702,5.554381853479643,-4.193043292784064,-5.4901907734121735,1.6229925443669722,4.44,35.398870056497174,1.64,Small
ATEX,0.5935086681301577,106.04000091552734,374.99679021439823,27.161150009566448,1.4957969558937885,0.4703039846731017,2.565070913988635,1.8996645411769664,0,1.0707035648415333,207.89780819332552,-19.85284194087739,6.782575670949731,-5.236819062012222,-1.5418963724995876,1.5236695732899912,49.3,35.26101694915255,2.07,Mid
LRCX,0.6301763075095644,350.20001220703125,94.21262857656203,-5.3416793522631485,1.3786307087276397,-0.13367952233932937,0.03711432344473067,0.5225372568012174,0,17.146825257623657,53.46238575739785,-7.761360738622937,8.834224446748248,-20.136827318761092,6.3264935999955725,1.4877669134876639,4038.78,35.232768361581925,437.94,Mega
ASX,0.5926332360913452,43.31999969482422,158.31154887312826,9.752853174996837,1.2372202462467239,-0.24551232950175506,4.501386834329598,0.369344064024849,0,2.2970289132749455,27.29944533793574,4.16667246145395,6.714154683132177,-4.833042049137109,-2.1368927323000695,1.4129152506569735,471.14,35.087005649717504,95.04,Large
DYN,0.5956932922155513,22.84000015258789,6.012154286234828,15.481848331509285,1.2372387305223131,0.9917696709352801,1.1112059403234884,1.860767225055314,0,0.9032160616992496,15.470168652995264,2.498637089952675,5.394295772603005,-8.639999389302838,11.489579156080767,1.0495003513697432,41.07,35.07344632768362,3.78,Mid
AMAT,0.6194210028294057,592.7899780273438,120.48458844856664,0.4764542865209701,1.4333366938857373,0.011994557055296418,0.2100229699105965,0.18724765814266633,0,14.509806904638985,-5.4320157247906,-10.153478413766482,8.820757340305446,-19.8575051409724,5.1774591044942415,1.7234194651590398,5799.8,35.0090395480226,470.65,Mega
ICHR,0.623501575879504,95.66999816894531,408.34251026006535,6.229769266200704,1.2639241359380586,-0.03583585570151229,2.986827870393954,0.3188045479356944,0,7.618506080416691,111.3320017681265,-18.266259221368596,9.973233947619853,-15.768624206039405,2.73198594706,1.5406247023517117,117.76,34.74350282485876,3.34,Mid
BKD,0.6072968301094813,15.569999694824219,33.54350987956338,9.64016496355671,0.841477543089789,-0.5336614567825095,0.5459218998557152,1.5093106054476777,0,18.67509893860405,-0.8911543155562952,-8.830943706085773,3.8581521296679293,-8.894092709791824,-4.992548974925539,1.2251923440673642,64.42,34.645197740113,3.72,Mid
MRVL,0.6234872239432152,249.27000427246094,182.92907696534556,-10.55572894092659,0.7253658954723436,-0.18350082931311615,2.2345215910210934,0.07020622167030811,0,39.61820909107754,-19.740480697503575,11.288437268078273,11.085226424924697,-24.436158426377897,0.4767352943542441,1.1198979561295168,11454.26,34.6090395480226,218.25,Mega
STM,0.6448238164038126,71.38999938964844,165.55103531790976,-3.536464031576556,0.8926474207050809,-0.8928976486798801,2.3252607876150555,0.25213658315195325,0,19.031114859118304,43.77489004061266,0.30627042915288377,6.232235449570173,-12.219975233449185,-17.409712736175916,1.0804643662388103,918.43,34.59887005649717,63.45,Large
LSCC,0.6202935791750309,137.30999755859375,75.85643631200934,-4.262552349774169,0.8906877321369069,-0.06296106894516564,1.726028998688138,0.7646952664915037,0,22.129431154172703,29.819421306842507,5.963663551693033,7.199299121547638,-12.54697002569414,-0.06921172557193915,1.1421233465845984,327.02,34.53785310734464,18.81,Large
SLS,0.6119122634253196,13.9399995803833,259.00449811236524,39.55350517461525,1.9074697424545097,0.17293914336935587,6.154948546638341,1.4347189043838569,0,7.432541666124684,-9.773464384631101,14.269911141082602,10.43759016989467,-12.216627959412026,2.3012579218234404,2.037216086433198,137.35,34.48587570621469,2.74,Mid
KLIC,0.6194210028294057,119.61000061035156,153.06170307854214,0.9969432772759749,1.2220571256539337,0.30355968932829763,1.334751754762331,2.0148847502644807,0,17.670327678561097,-4.480115441317563,-3.999263864557043,8.094316560720587,-11.921945565138532,1.760562843296096,1.5717443404152804,129.03,34.45875706214689,6.26,Mid
TDC,0.5993207163536469,36.439998626708984,8.954134252466716,10.454362549773952,0.8753652731665313,-0.30297702475999927,0.054886000320712204,0.3155918847355542,1,6.12273533338634,10.9284636810768,5.9633078190941955,4.262389717102382,-12.78123577903548,4.403199070541739,1.1026967359813822,104.12,34.37966101694915,3.43,Mid
FLR,0.6172385735805422,51.459999084472656,19.094351239249384,0.2522855540228196,0.6675863264955152,-1.0415290355866715,0.12631644493091418,0.0,0,21.633719780346755,18.81781910083132,0.5157673523408927,4.231441527124307,-10.50434941812574,-8.126173963576516,0.9882314776840487,153.24,34.30282485875706,7.19,Mid
INSW,0.6130436075510587,85.26000213623047,80.85738791216612,4.95954067248309,0.9574975387669779,-0.9053599563958385,1.753454233769812,0.8679308529437586,0,3.914911151753257,7.231794548408859,-5.185372411271297,4.897538865175594,-6.049584422819874,-6.490103663713997,1.375684445840568,52.05,34.28587570621468,4.22,Mid
VPG,0.619792759579772,123.0,208.7237536430263,-7.995421906660459,1.3164150398624206,0.9012590576837118,4.056908832299969,0.634145349016694,0,28.62119909586826,23.493977795314876,-10.495937990029688,9.982578485823398,-18.961654375130298,1.8146935798083634,1.2900864006256252,74.22,34.23276836158192,1.64,Small
RCUS,0.5518816024999353,29.979999542236328,15.05103793178948,12.679231378989769,1.006740330566879,-0.8867434521201691,2.70179946058446,0.7338202692005223,0,7.258817273018056,-3.290324057196028,5.629814770653372,5.618747323272549,-5.530174993875605,9.35387528126376,1.335153244929116,38.76,34.13672316384181,3.77,Mid
NEWT,0.5615557103408587,14.3100004196167,19.192338352428216,2.4370565883531934,1.4497163291843285,-0.2905253395735271,1.1180981321397758,0.48917293110406795,0,9.752710738020287,-2.5867880979940674,-3.3962204407240044,4.189765375238027,-6.7144701607469255,0.47169678683250843,1.2691713248365615,3.16,34.135593220338976,0.41,Small
BBCP,0.6025798926639014,11.199999809265137,56.15828253198665,0.44842878260674507,0.9588460641250681,0.5116695900901939,2.8571486957101997,0.26785476320897567,0,8.32392590437397,7.382545364197407,-39.59900145739809,4.827806618249286,-8.121409393894503,-2.4934391082551075,1.2444364729165,3.83,34.079096045197744,0.56,Small
PDEX,0.6136600922409996,61.83000183105469,49.924114013321194,-1.4912508837272012,1.4194389906283682,3.299246399044794,1.4879478274062667,0.8005804904054556,0,38.61350331140796,-0.7862610175884898,6.089554971632525,6.705020586020545,-10.378310268612388,1.8124472012382047,1.2980315917078022,3.34,33.994350282485875,0.2,Micro
MYRG,0.6265082386729798,442.7200012207031,91.86108369143271,-2.8379169063527816,1.1870035277515096,-0.534342995459783,3.0222273323748317,0.4336650410421713,0,28.85958152351595,-7.3710660291800565,5.830750482951088,5.998793611101944,-12.083723259597765,-1.4172475076826387,1.2106734834215986,140.81,33.93333333333333,6.89,Mid
PHVS,0.5816767057813252,33.220001220703125,8.954950273148675,1.4304724542858576,1.6358970957635104,2.4342108110298932,2.573749279930021,0.6622553058769755,0,13.707284357580782,-3.932910752742877,-1.802091739736283,4.850779297969742,-7.4780605759751815,0.6990711897939762,0.991863583074133,13.64,33.92203389830509,2.32,Mid
TEX,0.5615557103408587,69.58000183105469,20.2987850357911,3.871678405037296,1.018817876032552,-0.7711275396849951,0.7042222633914835,1.5663942613747044,0,6.193307001409516,18.592055883650026,-0.45817630447664326,4.788927948385909,-6.841612589706238,0.5895820662102581,1.1822830497912171,93.78,33.90847457627119,7.95,Mid
ULCC,0.6317989180452477,7.809999942779541,55.060641371110194,12.103921731767993,0.5761922735265923,-1.2055443665290895,2.1766975354378317,0.34699214349857593,0,2.455904745246317,95.24999854567604,-3.760688385943139,6.500000492798604,-7.079117299513882,-0.5361925152515051,1.2018014139936533,40.14,33.69378531073446,1.79,Small
MCS,0.6039745820924337,22.350000381469727,34.08184680980793,-1.693423135107894,1.2697994329547033,0.17046760632785213,-0.40268523958721025,0.1342312578618071,0,23.68944169932413,-10.204897831910067,-10.989552547428419,4.186641759420763,-10.204897831910067,-1.824035212997198,1.2319659131088105,4.84,33.68813559322034,0.69,Small
BEAM,0.564998900220947,35.31999969482422,16.66026363482831,8.586711167568296,1.0118957036208531,0.3393664661456579,5.605606956846888,3.0860706737683192,0,1.9559889628286549,4.838234296556513,10.444580661188095,7.417671876846191,-5.3080580836370554,7.289369940955148,1.1980658686029053,79.95,33.568361581920904,3.63,Mid
MSGE,0.6194859916061929,75.87000274658203,30.0300287549663,0.056711594523231504,1.0790112563682386,-0.2987729396322413,1.173058333224855,1.2653210092354337,0,12.112405840418441,-5.516812125480533,-4.209344943542614,4.026530651442298,-8.358495098849401,-4.961902511421778,1.2214296565972314,39.03,33.43954802259888,3.59,Mid
KYMR,0.6183421799165564,114.76000213623047,36.73071101252472,19.894170030943215,1.2179814512749654,-0.28673229604650424,2.021955716387234,0.6796782544184248,0,4.282573263178621,6.14132373373153,-11.191527148775657,7.061408523611609,-11.757016960103108,8.178432782808056,1.9120555707236255,96.22,33.39661016949153,9.44,Mid
TSM,0.6030135641848892,451.7900085449219,38.68021047588215,3.1920118769349615,1.132802691690819,-0.3380438961864586,1.8227462307249012,0.48141564705446005,0,4.146905495881155,32.92472822451583,5.13888651121143,5.128251978907415,-5.680582767227833,-1.6492851871096792,1.2606394463247055,6324.99,33.35819209039548,2343.2,Mega
TXN,0.6303763255717587,303.5,66.21780895126473,1.0969105799551637,1.0339949780594406,-0.39236547279263156,0.8303093949468112,0.07742515702198542,0,15.873739439198662,6.330801873607267,2.708186510096101,5.356555345283449,-9.139897281913747,-13.9266327978993,1.1485257624261433,2884.56,33.273446327683615,276.21,Mega
ONTO,0.6182663674967054,303.8599853515625,81.7302379485926,-4.215215727796797,1.3007766058284926,-0.3565298531114589,0.6285199265130943,1.5566315726836821,0,19.51504754755143,22.48467555166731,-10.470952100383336,9.695953645165064,-21.37349478074065,4.372099334118295,1.4399029092227167,398.17,33.24067796610169,15.12,Large
COKE,0.5713941316409208,187.8800048828125,12.16453716044028,1.1981904096992129,0.913869556619965,-0.07554913040885347,0.0,0.7345139700554689,0,38.79661628103631,5.782334461522744,-9.414458434823324,3.780908572479269,-14.352782425144033,-7.956413289626431,0.9458852999852702,110.33,33.04406779661018,12.51,Large
NNBR,0.6196890889680674,3.700000047683716,178.30574434884767,21.550592658115278,7.496956762577166,0.18224223506854698,2.9729700986073753,4.5945901523932156,0,5.134729220567478,2.2099492992160377,2.9315933582099443,11.91119644470956,-16.666666662912913,2.5423705686936513,1.8115940286253456,12.5,32.89265536723164,0.29,Micro
SPXC,0.5682099475870299,232.19000244140625,5.303418744585597,-1.0738755383410117,0.7305295780395851,-0.3681370207610977,1.115464193396123,0.5383522058879591,0,17.415247442651985,0.138011528423778,1.1222130529866172,4.65043964366161,-7.523498188550995,4.197259863900959,1.1125241817398055,176.83,32.80225988700565,11.62,Large
SNEX,0.6244795024973908,122.27999877929688,82.0530769719526,-4.700670363557986,1.4463577277847568,-0.43487576984892135,2.20805087059894,0.1472033913732627,0,17.85079639558224,75.45436184085335,-13.757125840801853,6.35601989325693,-13.881263434895274,0.30778079355972987,1.3902645832844145,103.23,32.800000000000004,9.69,Mid
FLXS,0.6119919465218566,72.58999633789062,74.56281958257695,10.226337723073065,1.1085915149962733,0.2869886964297498,1.2811686900134567,2.424568942832426,0,5.745078670711916,27.163702224587816,-8.32905366434477,5.141067746758756,-5.959328874160648,-14.512877108937627,1.3973504950518405,4.04,32.44519774011299,0.3,Small
LION,0.6397089485390235,14.390000343322754,46.855503198101815,-3.0094677363021587,0.6276642160964117,-0.8699984703449076,2.988181662352157,0.4864534178149086,0,18.647522437001104,-12.041565974404076,-3.111111676020994,5.385684090604341,-13.832337209257592,-8.637580645433117,1.062432268577829,54.99,32.40112994350282,4.18,Mid
CMBT,0.6265082386729798,15.210000038146973,48.87731025694298,2.742502310448956,0.8128082802422356,-0.5930522006035313,1.5779077613442536,0.7889538806721268,0,14.433489664243945,-8.428660569993026,-3.4626039784974965,4.344414655047886,-14.164782010878731,-3.6237417397210514,1.2291014906452755,24.26,32.38531073446327,4.41,Mid
AMD,0.6127122887391688,552.0499877929688,147.01778513046662,6.5161919950753004,0.7906163620885652,-0.5895458612081316,3.704376896873227,1.4781332053453313,0,0.7613076262258904,175.76301566447657,6.641819416889261,6.972712569129599,-5.588903214698753,-11.088774416364792,1.2374413924811576,20554.57,32.30847457627119,900.17,Mega
BBAR,0.5721674518079382,20.760000228881836,5.736616307054998,6.030440839754169,0.6952857260642117,-0.06188232171655473,1.1074198341120656,0.0,0,4.856758365164159,19.17904111527884,-13.74646731064556,5.333777298004434,-7.241193877086939,8.376290910604972,1.1471763987544668,14.85,32.2542372881356,4.24,Mid
MAMA,0.6108361618159458,18.649999618530273,27.49378964776019,9.477266112237489,2.0134963096929925,-0.12858531437473258,1.662195561750851,1.1260107029781175,0,9.04682112050945,4.481788346885509,3.1434216207581405,6.391803356457372,-11.190478006465817,2.2206333721159632,1.2349722231025955,10.6,31.948022598870057,0.87,Small
AXGN,0.5800261275761743,45.970001220703125,29.695424396671854,4.625891370921906,1.2766887150989354,0.814201327119727,1.8272789433629903,4.502935914317403,0,0.927051660263188,2.3147137957717576,0.07076852967233815,5.663631529108063,-2.087325934590888,-12.891893128742577,1.329883950259044,55.95,31.80903954802259,2.44,Mid
EVC,0.6126854305353082,12.579999923706055,328.20338026197317,17.697515581129153,0.7275548022017984,0.10030444044441247,4.928456989426961,0.0,0,5.496310458031195,64.48105262354193,-10.033071120087811,6.811257687057077,-8.442502668493738,-4.469278455182099,1.3113711505426326,42.29,31.7728813559322,1.16,Small
FTK,0.6272929624017581,23.229999542236328,24.066218256569293,-0.0817254058406167,0.7884978943418786,-0.8929156737828783,2.883774891679187,-0.38743071182752203,0,14.699421718929825,26.525047765378385,2.5785632453336116,6.543232865092001,-9.044640917754144,-1.1343315465449186,1.0253817047200677,6.95,31.7683615819209,0.84,Small
CTNM,0.5851424133699927,15.529999732971191,25.113744384092975,19.521298422993276,1.4193929052978722,0.24787507506637838,1.094656015492889,1.8673532956904382,0,5.597403907589872,9.443271262290352,3.889793273390544,8.046637490893445,-8.16085231704188,7.098765999344084,1.3636457432353466,4.81,31.720903954802253,0.58,Small
BB,0.6136600922409996,11.380000114440918,189.5070924470052,14.222625817104634,1.079646320479895,-0.0016728680223288474,6.107202880263688,1.0544889105104285,0,9.422547595149581,10.058026560977916,10.154740571938214,8.828145459634563,-16.261957418473695,0.9208050730969373,1.562186806812688,410.73,31.694915254237287,6.67,Mid
NAT,0.6136600922409996,5.829999923706055,71.5351052162825,2.8241180912202424,0.9398522712337929,-0.5402103827910928,6.174959488229415,0.7718709584068166,0,12.050088662840968,16.126676743397127,-2.132257194714661,5.813527200843627,-12.985073286511836,-0.3629713930948948,1.494832916963082,24.18,31.594350282485873,1.23,Small
ORN,0.6201203097676368,14.890000343322754,39.04203669674769,-1.8392758645198484,1.1552338648982108,-1.04377488121281,2.7535247678381265,0.33579710932597334,0,22.764719855539507,-9.262641792385123,0.9866060167620511,6.221814832392085,-14.425283506272162,1.0708411099980921,1.2323406915681843,6.51,31.56271186440678,0.6,Small
JCI,0.5583283277158398,142.72000122070312,9.123053121934932,-0.6168428789606142,1.4131094947411265,-1.0914973968960169,1.4714168200247197,0.490468709536236,0,26.190883839312672,10.862679261515236,2.299864533090698,3.8622083584085227,-5.595972922928604,-1.1014954628227702,1.1559119670557045,607.57,31.307344632768363,87.08,Large
MCFT,0.5910891397562213,24.309999465942383,17.79955178336219,2.659386583794677,1.0472147100767357,-0.4909138389623229,0.411354930738319,1.4808667663381438,0,25.611042964502463,-1.2190212797914426,-1.3857820934223462,4.613620554316525,-14.521803763766586,1.5975774365565611,1.215147274444912,4.23,31.230508474576276,0.59,Small
OVID,0.6251556559043538,2.609999895095825,49.36592758159086,7.1648488187300075,0.7067713771315313,-0.355235227118164,0.0,0.5747075510628674,0,26.7441736508945,13.478258655290997,10.887095916979595,6.773398373541534,-15.942032875283072,-1.1278184364841353,1.1041864807165953,6.63,31.153672316384178,0.49,Small
APH,0.5615557103408587,166.80999755859375,13.10874134319966,4.434486347903391,0.8463095441041857,-0.5752445958747285,0.8093076693639589,1.2709041113858424,0,1.8414663491239647,14.683366229861438,-3.8768234284861314,4.237536169757007,-6.559492736696073,-0.16877769460284206,1.1855580155439787,1755.98,31.08926553672316,205.22,Mega
CTRN,0.5976113085765502,55.279998779296875,22.255738860890094,1.629788536130566,1.058729199590958,0.03325520225227799,1.736618886308822,1.2843688497433852,0,24.32363209899842,-1.6720071522221387,-3.7413483551073203,7.494313344618907,-16.721902580950054,2.3298577202431585,1.1081366799973955,9.51,30.331073446327682,0.46,Small
AAL,0.564998900220947,17.75,5.029275182322435,10.340969291963031,1.4696693118403403,1.5365975807141214,1.971833134929624,0.4225395094942407,0,7.892115810621425,1.7775198189886905,-10.150371491230144,4.15694277051469,-5.534863569977678,1.6521702640589484,1.2606990721982714,1731.06,30.27231638418079,11.74,Large
SPHR,0.6382263637544666,151.50999450683594,48.59324635124267,-2.633231649404707,0.9803868285758027,-0.17201432972998887,1.277141857789239,0.9702338287835514,0,11.803272791521678,41.03136374944806,-6.0416458286134676,5.31695377890384,-13.224519352455232,-7.489356035362753,1.1581195821406378,113.52,30.117514124293788,5.42,Mid
ABSI,0.6077892268275479,11.539999961853027,219.90225795388002,33.77771285478895,0.9332404492242069,0.1740629713576956,3.2928952830513767,1.8197577021053513,0,1.917946113767593,14.540944716398336,11.307900631314558,10.243252887004623,-4.2720890107229526,-27.989129141986947,1.62620879590071,73.55,29.85084745762712,1.95,Small
SIMO,0.6310908763791356,318.8599853515625,235.23391830630365,6.536134766403655,0.7103289689513848,-0.3774777808564723,6.297784809985682,0.9032192859283009,0,7.063823843398617,46.902154687620474,6.899248706472314,9.046988010253596,-10.18028581643259,-53.222963844565285,1.1684912304246076,365.05,29.720903954802264,10.81,Large
PVLA,0.604945355949228,140.30999755859375,23.293105198257425,13.483149294778919,1.3032391496735747,-0.5225142661987757,2.095362050132989,0.8837504496772156,0,10.838326452221315,-5.413239165081221,7.350637923502099,7.095361118000372,-13.05614492909971,6.27678887514536,1.400792958255403,38.16,29.68135593220339,2.01,Mid
MEI,0.6136600922409996,15.319999694824219,123.18824620950292,8.764330300840832,0.8472855754446038,-0.09772201195933744,3.9164454289052784,2.631854814240194,0,11.587419862447893,10.45421644646356,10.220127070298572,11.965310531801677,-24.828261403636713,1.0335907759873426,1.6648170240080675,16.02,29.265536723163844,0.54,Small
FRO,0.6394872543817695,36.869998931884766,71.1713743043638,-1.387018347070601,0.8892098930216746,-1.1859125601199616,3.119071220946543,1.328449996441039,0,10.995310069436453,0.19364397849113374,-8.694376354614434,5.589095531837825,-14.454755829823322,-4.6739732923593005,1.3045359760250859,110.61,29.26101694915254,8.21,Mid
COHU,0.6194210028294057,58.70000076293945,141.4993562433085,-6.203061747613171,0.8982463803055556,0.02295757288782639,3.86712168351142,0.3577497133554771,0,15.599853194107617,1.9274190091878456,-4.813884350828586,9.711608240603805,-21.313670289797994,0.2231695732009819,1.4594190599774082,95.28,29.177401129943497,2.77,Mid
TSHA,0.6038246831896507,6.380000114440918,5.2432362432507595,3.4119470297371257,1.309415039838105,-0.6641208985425812,1.8025116908226682,2.1159910100175,0,20.73042552206325,2.7375213401334713,5.2631570416635345,6.776757039727496,-12.60274044013833,6.696425941187995,1.0389479323662392,18.82,29.16610169491526,1.83,Small
LXFR,0.6100605724436617,17.350000381469727,19.877771343866524,-3.8195007663279865,0.8364589671711937,-0.43715589930168813,0.6628228736776209,1.354470346807628,0,16.009897276876778,52.29496451922989,-1.7673856883911612,4.31865103136047,-10.79691670430756,-11.076443915645907,1.1158873753823082,2.71,28.961581920903956,0.47,Small
GRDN,0.5758809476339358,41.380001068115234,26.76400803513952,-0.347985419652776,1.2886572292427259,-0.7288591440818528,2.247463221720178,0.24166816393100102,0,13.815676106334626,20.32568130945523,-5.588241756306764,5.085618458667171,-5.954543026875501,-3.6128004244195897,1.3447054771641969,18.26,28.569491525423725,2.62,Mid
PRG,0.6154736630406441,43.25,37.20635316363652,7.041207973259612,1.2944332942797472,-0.7627431856445658,1.075144861450033,0.855488859829389,0,10.297854736717687,-6.2025603392585404,-8.726206175688805,4.554087026959898,-9.138652549316133,-11.028494796146315,1.3634496250047394,24.02,28.55593220338984,1.73,Small
IQMX,0.5844389873590407,13.90999984741211,25.34890426006804,25.241973979140926,2.524273440933531,4.317691649996449,4.241553982872558,2.875626332777676,1,0.0,3.6512650394631687,5.928511676422511,5.127862879006946,-7.819750120381657,-0.27598650675504166,1.988864121566371,7.16,28.53672316384181,2.93,Mid
OSW,0.597047492190186,27.68000030517578,23.309841902147888,3.976109877173843,0.9702010804162612,-0.2161464657609278,0.6683506643643603,0.3432124987438275,0,5.032912243354528,25.53234261081723,-3.374997774619303,4.348935469915533,-5.361046667841974,-7.396186955671315,1.4789882772082896,22.97,28.51299435028249,2.81,Mid
INTC,0.6330095368388273,122.19999694824219,220.40852385101869,-1.1690703306637735,0.772724707733934,-0.8040271853513704,3.870706608035579,0.54828002100819,0,13.278793484416344,171.13378694023854,-4.634103025315871,8.85959805237625,-14.155256966043952,-45.166240037816166,1.1684928154778391,17310.13,28.418079096045197,614.18,Mega
DSGN,0.6347477631118913,14.850000381469727,47.55880132979824,17.89457269604207,1.212232144505133,0.42224607575179757,1.7508368249905637,3.367003280284389,0,8.665032364993424,38.785052764423895,2.1375510315688007,7.031264865323485,-13.913041266035611,-18.100225107157865,1.058971429397999,15.75,28.40225988700565,0.93,Small
ACHV,0.5944820760902537,6.449999809265137,19.02190783557782,13.65638382433091,1.224832748055716,-0.004921719835276195,3.255814640688188,0.4651121527700979,0,1.5395092982184044,34.09563171838496,-4.347826478044844,7.375415331513784,-9.282704806788924,1.8912511424684313,1.1978131535742622,12.1,28.381920903954803,0.66,Small
BRUN,0.6413468473154215,32.310001373291016,144.860326691774,-3.1547349328130525,1.0118998238524601,0.9626481836544916,1.4856066908689844,1.9498580438560127,0,36.460618339433886,9.155408637853455,15.883173492304481,13.5517515180823,-23.07142530113874,-18.479773989871536,1.07776603979739,55.83,28.290395480225992,1.98,Small
LB,0.619792759579772,74.9000015258789,42.62066707399057,10.626169321557146,1.4362735101629023,-0.23308717933531137,3.7516655558215755,0.0,0,8.743218495394885,22.968316718574922,9.209635986212323,5.983120077718252,-12.07475160541768,-1.2676916048022155,1.307068024282891,28.77,28.245197740112992,2.09,Mid
BHE,0.6245318400471306,85.56999969482422,90.35699730408882,-5.231379349947292,0.9843236487340444,-0.2884635827085695,5.317278764213106,0.6661209499245031,0,29.050236337198704,-6.8732883058371055,-0.5195943667399427,6.080730856201954,-14.779407853699114,-9.896785197579748,1.2789911771267746,45.09,28.220338983050848,3.07,Mid
ALAB,0.6194210028294057,432.739990234375,149.3658529691385,10.272315388838221,0.94246712856473,-0.6316270285007379,4.8666419746426755,1.4604629724147253,0,2.625803314452432,3.757158902566989,-2.6309213095560544,10.336475553819332,-13.361206782227358,-1.4377041018281438,1.5228877567328682,2717.66,27.37853107344633,74.18,Large
PENG,0.6117872507473051,67.70999908447266,235.40888310523007,4.5835412043367745,0.9914624940276308,0.5152980558908319,4.282973807484674,1.358738732932529,0,10.210887240574824,40.27345854971823,9.598090893010285,12.097812696003546,-12.519382752261542,-3.3720098176747664,1.517976817616418,225.03,26.55367231638418,3.56,Mid
KLAC,0.6301763075095644,233.30999755859375,81.75015641888696,-4.687612910186232,1.460340251048107,0.10771788663511789,0.0,0.9215181170859202,0,18.4929816169061,63.81033394747835,-13.164094023749845,9.668008447014273,-24.09473882774953,-0.22903148617902316,1.6521916522519862,3014.26,26.4090395480226,304.77,Mega
CEVA,0.638874969831776,44.63999938964844,96.67817115175706,-0.7713354827391468,0.7198688354545242,0.6601745185804175,4.321016350119763,0.7392514237440134,0,21.82487995619924,22.435547203387262,8.148448499885662,9.378024638198275,-13.488370717352668,-10.724409647740044,1.2275945152951897,43.68,26.04406779661017,1.24,Small
FLEX,0.6245318400471306,138.64999389648438,118.7202253878189,-7.414522631438163,0.6902251630733383,-0.0933915694078884,5.301122558252764,0.23801070723355797,0,42.44040842210657,-6.070053977886198,4.714431241048319,8.303539218540552,-16.90639255094672,-6.064154081190725,1.3309934341635523,1080.86,25.52542372881356,50.8,Large
SEPN,0.6007069794698183,33.470001220703125,9.293457362667091,-2.399902399387464,1.8223117776641458,0.6078348113941013,2.479826668841655,1.4042462012172252,0,19.99752694898241,-10.364217771736964,-8.47943216071551,7.324894183632996,-11.897868538938985,9.319411409272012,1.2600424139681607,13.08,25.26666666666667,1.51,Small
MU,0.6273293730414139,984.75,234.41812420772098,-5.558502460258899,0.9300625813011895,-0.6961399979675008,1.218583396799981,0.39604208317426143,0,17.181994004079506,-13.033299637215427,0.013052699077547135,10.767347540364442,-21.53386454181551,-6.355134628716795,1.3583612645463143,53244.91,24.810169491525425,1112.17,Mega
SWBI,0.6247685844297819,15.359999656677246,47.69879749681214,2.4814905718804767,0.9920699307937911,-0.018457096288071226,1.4973990952902496,0.13021131646754452,0,14.239124461830027,-3.644755264105765,3.4278211509188625,6.7371791887879064,-11.7658100721987,-3.7012122941809675,1.581205660334429,11.34,24.160451977401127,0.69,Small
KNF,0.581359022406961,85.05000305175781,10.138763510733085,2.854658224184161,0.7932880624739774,-1.466924901993245,0.7701337516596787,0.9523870181237062,0,31.788837439942103,5.1297916533414085,0.9265289180624661,4.905517894200555,-11.66389267740333,-1.036150646974556,1.136592618801201,49.36,24.126553672316383,4.83,Mid
BNED,0.5695032603068729,11.470000267028809,14.052818392655508,-1.1760628838511307,1.3179007291101006,1.5681982395782899,0.9154275482364305,0.5231073950707995,0,12.388809326905621,-16.521102923856972,-10.406815639779937,7.827872990728882,-22.237286323720802,12.94642708775913,1.5198283313072665,3.67,24.040677966101697,0.39,Small
ALNT,0.619792759579772,88.16999816894531,53.46435525702835,-6.040198993322724,1.0555157034147933,0.358301726896891,5.188845040938437,0.0,0,19.17953334600923,-9.689643911205344,-1.5924279026311958,7.326350024845381,-15.747733508346654,-2.9383170090136965,1.3717370578913637,23.74,24.020338983050845,1.5,Small
FRD,0.6136600922409996,33.52000045776367,53.48964152170657,3.8961058922011085,2.0035407986727005,1.0950592996211357,4.415273036935142,4.176604093141105,0,36.74241623507028,-3.4562232739477694,-8.247838540139965,7.765086543016654,-11.719780404947407,-3.211524581460644,1.6339447763718307,2.01,23.862146892655367,0.24,Micro
BE,0.6228029636268985,295.04998779296875,228.81049145969035,3.931644563965062,1.2111562395652775,-0.5084815108564296,3.5112748001111425,1.4370516615353668,0,9.98528693509297,17.07403491423522,14.582829716951437,12.177693299206325,-16.007176947611068,-25.3405881264199,1.387362222321866,3557.08,23.73446327683616,83.93,Large
PRM,0.5998942697433218,33.880001068115234,12.30898143126744,-2.605894165777677,0.8823397912481872,-0.6471300021944827,1.4167636572889377,0.26564388945646794,0,22.747832110421264,-1.5116291705898983,-14.9180302849553,5.58842194056938,-11.239186027019464,0.6851519969965814,1.2749898990461175,55.64,23.34689265536723,5.53,Mid
STX,0.6244083973033484,868.260009765625,205.3021940626251,-8.372211609186405,1.0174022806366614,-0.41117305187397457,2.145671189880087,1.5686539704677112,0,19.095875465307717,96.5084240013569,6.252762916524965,10.670490116265652,-24.11536121857307,-10.936735206535591,1.466445930918842,3911.65,23.221468926553673,194.69,Mega
ALGM,0.6146874478734002,56.560001373291016,103.64809834995275,2.1685547262543996,1.5757021415565196,1.1912955218914836,8.839994159094498,0.9724240424219879,0,12.315712612504063,-2.297457298941119,10.55576270058609,10.42936732940992,-21.192693299412156,-4.258337396557469,1.5849512882248427,175.23,23.22033898305085,10.54,Large
PGEN,0.582583302667337,5.599999904632568,23.214529248859385,13.751774836580772,1.1752934171908958,0.20921364488410008,3.3928582218252172,2.946427939883852,0,4.823723072356119,43.95886254946331,-17.357521573774974,6.345662035308648,-7.284769204081626,-4.0404001472327025,1.3402607088318002,26.72,23.019209039548024,2.0,Mid
FCEL,0.6228029636268985,29.729999542236328,295.94637745872745,32.29502611538354,1.3605526563401873,0.4744028707126767,5.348133794201893,5.3478001846141705,0,8.159188246188446,23.874998091656575,17.336444628189625,16.1164537220171,-21.51531493098046,-15.593221378730924,1.5875803259455776,368.36,22.70056497175141,2.01,Mid
ATLC,0.6015450050144159,95.83000183105469,32.37991257809969,-1.4454570315416433,1.7045495607289272,1.2886668821842104,2.3583450829847616,1.8574546021781186,0,22.685952224413757,-13.205326824861082,-10.897590551370046,6.9654598762732665,-14.900984537962412,-2.280911106584892,1.4265889939815832,12.89,21.823728813559324,1.45,Small
NUTX,0.5698923569032789,193.5399932861328,6.810965317132411,25.06037415444461,1.2552777252630902,0.029029243191882177,4.133512595575701,2.304428856965678,0,1.2127655657424794,114.37748770702451,-8.81568309782795,5.0465024334288024,-5.127454271478389,-3.349014921879549,1.2447499186239441,29.18,21.631638418079095,1.33,Small
CPIX,0.6291951149403547,6.159999847412109,44.01709893364591,2.7780066532267846,0.05231179170242368,-0.11107155282522478,7.30519188861888,1.9480501381832815,0,0.5208079126053315,57.94871015899985,2.910960133956559,7.548701198170608,-16.304351415361328,-38.0327902815019,1.285517809872559,7.45,20.68248587570621,0.09,Micro
JRSH,0.6194410403490008,4.610000133514404,45.1444890408355,8.912648939027475,0.11792145576777248,-0.08899010589670502,3.7960891277964945,1.7353562119685602,0,2.756739540240953,22.93333688760189,-3.17002576821825,10.392005792027161,-15.722114981834276,-4.776121968550102,1.3681230609479142,4.47,20.27005649717514,0.06,Micro
TPC,0.5969513334411689,79.91000366210938,8.668762785337814,3.310971685053752,0.9153652619550688,-0.7689417479814818,1.238891025388059,-0.7633499599483009,0,37.58704090190953,6.194763122123388,-1.699369167713689,4.8322228882425575,-20.0276736847633,-2.197408535453247,1.1616891673936396,45.05,19.918644067796613,4.22,Mid
INTG,0.6212439818431849,45.189998626708984,48.41899886219243,13.020204605175248,1.6825916139918147,0.7220721410209535,0.2766098778399923,2.3013877681164323,0,13.405682178621593,12.637088309263495,2.1791031110881707,10.416337926932597,-13.096156486846258,-21.805600727849537,1.6095561546120871,2.88,18.831638418079095,0.1,Micro
