Ticker,Win_Prob,Price,RS_Rating,Bias,Vol_Dry_Up,Vol_Z,Up_Shadow,Dn_Shadow,Turtle,Ov_Supply,POC_Dist,MA20_DP,ATR_Pct,Dist_52W_High,MA50_DP,VCP_Ratio,Resonance_Score
VVX,0.5798939439375783,90.80999755859375,50.26454840451742,13.324095919602415,1.0226349198542635,-0.4673901888956684,0.9184006785615791,1.23334740301808,0,0.0,29.58047258220409,-1.1980354334951155,3.2461012036985384,-0.9100428389534297,4.0904565098101235,0.9817128175656736,71.17782656421517
KFRC,0.5599621227222805,50.0,57.50428123211591,10.733386325256951,0.591543340112889,-0.7409387403614993,1.4000015258509062,1.0600051879670813,1,0.0,9.003708664040074,-4.15400052842554,3.4557162693568637,-1.3806720954476417,-3.230242342621712,0.8296300158996068,68.37102085620197
FRO,0.5610140565081708,39.06999969482422,68.37883763766233,7.829879722849907,1.0417580795703794,0.5988205860984477,0.03839106671413829,0.47351260489205604,0,0.6175841939829366,1.7399354909394225,-3.6957079663507266,3.5604583004027606,-1.6859636520568155,0.028717013219515832,0.9856605057823121,67.91108671789242
HUN,0.5889012632882428,15.739999771118164,41.426191596494924,8.1081066912948,0.7174868305877751,-1.1065912610475133,1.2071190394435973,0.8958116246636344,1,0.0,51.200768504517,-0.48916626671351326,3.621347164617502,-1.1927214714739038,-3.8402456404174203,0.8687521474902756,64.13721185510428
MUSA,0.5540771447433246,622.530029296875,53.240821395838324,12.846481042536851,1.0668768426184538,-0.5360655375710823,0.26181593429931005,1.5951124031939763,0,0.0,57.075284170938225,5.392025030680885,3.3102226090933806,-2.1256125706385793,-0.28495684000706495,1.0950368993280706,64.09879253567507
EC,0.6179216247493564,16.579999923706055,68.91106507855334,10.393501013951353,0.7636422234747816,-1.1851402534944797,0.18094503487182428,0.06030350771174919,0,0.0,2.0307687611430585,-4.841145058039138,4.23918589114193,-1.3682305147518448,4.002761182160445,1.0820663598534705,63.29747530186609
ECO,0.5961125876718533,52.7400016784668,49.190106776580336,4.8461151927274,0.7201275104080945,0.130239336636475,0.06636300018499208,0.04740524285694148,0,11.312470774689363,8.294468116801237,-2.5462524564934492,3.586323622301988,-6.268312713244509,0.21829830341999693,0.8635365895222318,62.69264544456641
ARKO,0.5981854125716165,8.630000114440918,65.04306420098027,12.876856570532876,0.9433875110287276,-0.20406805500114747,0.9849366976819547,2.8968713401601986,0,1.4647241092937884,72.99795948291775,-5.783597025619129,3.806489711802341,-1.4277555494207412,2.4475426404699454,1.1498862450550926,62.659714599341385
DHT,0.5982780401359317,17.56999969482422,41.063556918766174,4.129863189973408,0.6158394762144292,-0.7259501471215697,0.1138330000564843,0.2845825001412108,0,34.08243848907213,-7.348510488324673,-3.0974560998157075,3.126270699904997,-11.406238386541965,1.7117679296922022,0.8792032569443023,62.30954994511525
FLXS,0.579055077668139,63.08000183105469,43.56818615800078,9.909834760308645,0.8403446700333204,0.3563950518679403,0.9194702191019186,3.4797137694534324,0,1.229821742789381,10.08946342896177,-0.39292266370218565,4.232155353653942,-1.1749960496215412,-3.4093297755860896,0.8618105306895589,62.133918770581786
STNG,0.6132121065611514,79.05000305175781,38.594784096728006,1.8810849351295116,0.5014568307048699,-1.1387535643672995,0.05692367768193609,0.5566128076081076,0,19.455653640759593,-5.781614685834553,2.5507767836633946,3.0436482687323676,-8.994460875782154,-2.5776042879131875,0.7814688741657283,61.50603732162458
DINO,0.584357980646358,71.26000213623047,35.71593418844539,0.9469996722505949,0.8359267391081815,-0.48274650092008115,0.09823139590904775,0.6876197713633342,0,8.801167694008017,40.54683488224146,0.4657250750740822,3.467181315059373,-4.194669578321584,7.370320088652341,1.0163733157268753,61.144895718990135
ROIV,0.5856366627866209,30.040000915527344,39.92479206526125,2.1273737072814147,0.8530248816901677,-0.29640476369273405,1.9141106459636248,0.4327535179770215,0,3.717511455740906,16.343924362577013,-4.677963256677362,3.096822775244059,-8.395079478712619,-2.298848369675592,0.9290400985445161,60.496158068057085
CALY,0.5861376208145967,17.3799991607666,42.63624101643613,11.567589446935047,0.9121834556866184,-0.6447675354954192,0.05753871901118928,0.40276005868980486,1,2.32123562049291,38.04605996619992,-4.336398395461974,3.370048150129635,-3.4444491066608554,-4.920407526356508,0.9178821993264755,60.1503841931943
NAT,0.5954714283903572,5.559999942779541,63.35709058876717,8.08962098915694,0.9052148965800733,-0.026757291679880852,0.08993011675318513,0.35971189080477245,1,14.830177303836267,10.748597684955714,0.181494723890093,3.585096694660278,-8.519823875461555,-3.664923283258239,0.8469603769008854,59.827661909989025
AXSM,0.5597425344636686,255.1699981689453,62.46253841418279,8.495027775909566,0.9132579109936549,-0.6080295191952303,1.0796683167229526,0.0,0,0.0,39.71200121620816,-0.5898286872955618,3.47177454603588,-1.068135990850228,-4.144833605624732,1.1885394740755724,59.67069154774972
AROC,0.5734956322158185,36.61000061035156,33.64038718704367,2.238297887192192,0.9292719158643118,0.034423889885605116,1.8574168091243775,0.191203752131362,0,21.22407451291509,3.6609226153885377,0.8597519729194036,2.9129441352800263,-8.198593521532313,-5.098142354868196,0.8130565758719881,58.63007683863886
TK,0.5753881115924552,12.329999923706055,36.545970955026185,3.0321401510214234,0.8809859108088818,-1.288122423261593,0.8110331068968807,-0.008113579594640636,0,13.68848246911401,-5.800778937131442,-2.2744532327993507,3.33043658395029,-7.307444355859259,-3.459634959237464,0.8733273198323667,58.62458836443469
COCO,0.5736790184742799,80.9000015258789,40.98845049109106,5.53573679119412,0.8634510735710009,0.23729665365754282,1.7676146825543206,2.039556853816246,1,0.0,47.87059564832012,-3.1266343711189486,3.765055608827491,-1.7369127576273407,-0.49393224471738373,1.1228562806190063,58.43029637760703
LNTH,0.5955241883921873,104.5199966430664,63.35717355701909,5.676627296520111,0.8653237266042698,-0.657534152791077,0.04784065572456289,1.7144093879640887,1,0.0,58.55582455358723,2.2757804798698817,3.4178628090623624,-0.04781777938535202,-7.569357447630591,1.1797309098602446,57.99780461031834
YPF,0.5861397293651743,55.88999938964844,46.45452399037906,8.049064706709064,0.7611399387955878,-0.6619109282941096,1.6639833875743248,1.4134924389702668,0,1.1562490363563478,34.38326324657855,-8.535206280196094,3.841731121202166,-2.783096611718866,3.6560656653961847,1.1510446129089509,57.93413830954995
CMBT,0.5957588613903596,15.5,55.01980750602247,2.217821141779527,0.7187741728297865,-1.2175424726229864,0.0,0.37419719078356994,0,7.373847822516116,-2.7038430264850986,-15.167782080766049,3.3340338076654255,-8.798565099094205,-1.7557890958710436,1.0635595615509408,57.87705817782657
WTTR,0.613596209510878,18.90999984741211,55.584574029520326,0.18543066754330367,0.6787216023465883,-0.3362134515975645,1.3410950621453608,0.47593946752700805,0,9.219812469837835,49.160937507406004,-5.591392402114665,3.8428644425687475,-7.666014305858336,-0.2652562341007625,1.0051585948589186,57.864983534577384
BG,0.5653951912708821,127.16999816894531,32.128487438579235,1.967039079385603,0.9615122032711028,-1.3371006755461912,0.691990953429514,1.1668648257398182,0,9.308862594044328,8.281567755869537,2.1922754850911277,3.198411518537246,-5.709199397163638,4.177064747497402,1.1024252191655692,57.81119648737651
ESE,0.578098564446766,313.739990234375,46.49898550696867,5.285409200621921,0.7750494678158902,-0.6190923256017734,0.8446465158924397,0.18486217578782535,0,15.07729201022168,4.642779857935585,1.1360657592834351,3.0928705828313166,-9.376089205089645,-5.708526990339479,0.880057605654367,57.5543358946213
TNK,0.5867538075924867,75.4000015258789,35.29928569252105,2.803381142358145,0.6660841262506708,-0.9819885740869879,1.1059687463837569,0.1989410117258858,0,23.63244960077639,-0.13459781173286275,-0.46547716070954326,3.4590652130073285,-8.750103999229529,-2.6178783997536685,0.8615283246760387,57.43139407244786
MPC,0.5640596159876534,263.5799865722656,30.508389516301083,2.1379711851919394,0.9493749925075913,-1.0833658852886212,1.6029312993159393,0.7170554460560855,0,2.1187912234923063,57.979979116710275,-0.22430741898636905,3.4021930063160406,-3.259195904454104,6.147126527238857,1.160931422939636,56.904500548847416
VIRT,0.5515186279132206,57.619998931884766,54.30118098769052,9.47661677527672,0.837261062162462,-0.8807306126528613,0.2603289285958277,0.0,1,0.0,18.302160177507414,4.073471983526649,3.402122296062436,-0.25965297678330057,-11.872048098308897,1.0822343057809671,56.88693743139408
CVEO,0.6101052270500834,34.529998779296875,47.608876231454154,0.369149547819083,0.825664694633913,0.11181803122047293,3.359397302017907,1.5638491743538818,0,12.656200343227608,20.27168192342143,3.8245235033506177,3.9292953546388647,-5.397263618216856,-2.923533621985469,0.97085500156954,56.84083424807904
DHC,0.5960297586685394,9.029999732971191,74.87166008145616,4.368930125429384,1.3773437474311896,-0.28484019494535145,0.11074450915225066,0.9966688988372161,0,1.2750234369284197,34.75809832925837,-3.0092507505322277,3.7968648299159296,-1.2035077265603016,-7.522114139072011,1.0576427660252767,56.794731064764
SENEA,0.6103913144988714,175.3699951171875,50.58600086415333,20.763263508295402,1.7472556673705681,6.50815187556969,0.41056123666873173,1.1404459460993517,1,0.0,18.63752295205617,-2.5631622931452474,4.376461193882474,-0.4088825235236308,-5.128040722293924,1.0972797972010686,56.38309549945115
PSX,0.5500625391317482,179.4499969482422,18.22774299547689,0.0925877511957266,0.7678372020127742,-0.9143920796316148,1.3485640624612627,0.5043180800682074,0,11.580095214497556,3.827224822100854,-2.217721844758186,3.1351737535947555,-5.171397090127967,8.295375382233688,1.07130046486107,56.381997804610315
JBHT,0.5540816042877441,289.3599853515625,38.11608379049607,5.480720663816909,1.0029722368997391,-0.9656193953010213,0.09849449700590784,0.8103990951851331,0,0.0,32.54326205003042,-1.7945524458031616,3.067855059154554,-1.4240045893796605,-5.5191106383103685,1.2027592915742988,56.19758507135016
AAMI,0.5803219265923166,78.54000091552734,55.14923081670322,6.8346145314557445,0.8810038697806686,-0.8349535104499969,0.7766750741445416,1.0567886699375226,0,0.0,62.19391386388037,-1.8955327870869283,3.4795717197839906,-0.7706893222793049,-10.071173968815726,1.0671202180560007,55.80241492864984
LSTR,0.5502047510716913,224.27000427246094,45.07152616938674,8.843391774577153,0.9321395664805479,-0.6767307262248222,0.5752033354174813,0.664380195644551,0,1.5930539584855992,64.09248546089718,-14.044512069002593,3.2814409714724926,-1.8340200990345077,-5.471308342934191,1.175840321846923,55.762897914379806
SHIP,0.5977056208355878,16.540000915527344,58.61992100691411,6.699358329598355,0.7451887243687012,0.047837614840894445,0.7255074077103497,0.18138261779375164,0,2.2024042767577248,24.804360921030717,3.0567729492995546,5.03541164363626,-1.6061782211593958,-2.952026663248776,1.0754437863513406,55.63117453347969
RVMD,0.6245734313852929,153.8699951171875,89.07900375197299,1.4244346008480897,0.7463954901721083,-0.5506456061874226,0.5589137828275073,1.1065820549343675,0,5.91571343337204,29.69487180418512,-2.8500665498204225,4.307486064803382,-7.585588518160147,2.4533639333890145,1.125260898138175,55.61800219538968
CLMT,0.6330236870413397,34.41999816894531,63.950702047167574,-0.14650681881486766,0.7698307834221916,-0.8319627907284254,3.5735026369360274,0.43578651701560783,0,17.92863401608766,-1.76941418483124,-4.91541337976291,4.252094157132351,-11.174198273401151,3.2957484376599218,1.0361862950858756,55.36663007683864
INSW,0.5920740444478113,82.01000213623047,62.939358604719416,0.5924448022209803,0.9251032585571083,-0.3768710148443612,0.12193448544698544,2.1086377004947443,0,18.15567577391587,11.603778276464622,0.46778331877125323,3.7588877752601335,-11.49363382781624,-3.7657392563444136,0.9701425782586709,54.99341383095499
BWLP,0.5676186965525056,21.540000915527344,80.19463988333477,5.078922913352964,1.1068134773801728,-0.33651233232629,0.2553314553712434,0.20427401921134783,0,3.412244575469369,-1.7015918487150778,-7.833648664808927,3.4965988152274377,-3.1474769009143366,-5.099651937750107,1.215774194220569,54.95718990120747
LPG,0.6126128255346562,45.189998626708984,86.19317622670846,5.320805593834694,0.9362708047515863,-1.0661091023478626,0.08851718686005124,1.2613403676332802,0,5.150228560439072,-5.301765568361914,-14.976719579179457,4.048619381149312,-6.088945075128517,-3.896499957602146,1.086592053327385,54.5323819978046
PHIN,0.565283277912378,85.16000366210938,40.23934039982877,9.423089943167648,1.2200276300836543,1.8495694191444962,1.7437681036647465,-0.34052756418378977,1,0.0,41.828838702984235,7.203017045395931,3.1901254080977166,-1.7138819764253819,-6.334376757786442,1.1661737345462109,54.518111964873775
TH,0.6169421369148027,18.399999618530273,103.73187416143577,4.825383959855392,0.8029334849370939,0.1373082087424968,0.13586749482178329,1.3586956802686183,0,1.243053657647809,45.33965118363022,0.6543120950297399,3.8121106511606917,-2.7997922771961012,-17.693521310737754,0.9515665313104854,54.37211855104282
RLYB,0.6170058898356064,15.920000076293945,149.94737961340005,3.524515896334974,0.09073431452515048,-0.13689773198817662,0.0,0.12563101549350947,0,3.3204279110692547,12.747876807338326,-8.233638797119811,4.933597088520641,-9.411627316075332,2.261899868918393,1.0997966683264149,54.323819978046096
CRS,0.5859222501626135,561.489990234375,76.03465575366161,18.62172174337317,1.1871834767064822,-0.015542442664761342,0.14070403323999023,0.6081123092973404,0,0.8345604659243204,80.98270017065977,-2.0345502642410693,3.7056318292499535,-2.2152228716873257,-6.650671285692145,1.1228745325534635,54.297475301866086
TDAY,0.6330588545621634,7.739999771118164,29.967344119033925,-0.43095350812499156,0.8771294609068715,-1.2156283036136035,1.2919884699841784,0.5167953879936713,0,9.142600291041456,18.34862104099532,-3.98899535865169,3.885198079991979,-6.5217388792600435,5.211266063053802,1.0503062840740798,53.95499451152579
KNX,0.5587425861176849,81.54000091552734,50.73112025213285,8.124399707047395,1.205467961934226,-0.32423213226419695,0.024533078533339622,0.4537683865870982,0,0.9467863678140571,20.16477159625022,-3.2632758909047066,3.4961896733462368,-1.5930481355118198,-6.49530447662449,1.163172449560811,53.940724478594944
DCO,0.5609006921539155,164.5399932861328,69.44459488116692,9.688211212289685,0.9521290292880847,-0.6261235127650654,0.6989237888606195,0.057728191193192724,0,1.5190728029706313,19.111042430098315,5.719373559164744,3.635025960993548,-1.989523171024009,-11.199870282704701,1.0384001035338815,53.79912184412734
WERN,0.573232071827638,43.959999084472656,39.79691775098901,5.797692623505068,0.9301122522912562,-0.8046159129846321,1.5923584565559752,0.6028193702488296,0,0.7739394190969793,27.016722579028297,-7.187074183599981,3.2196475756180196,-2.893751623626098,-6.601544496832483,1.085890770977455,53.70032930845225
ALKS,0.5869085676684284,44.279998779296875,46.222785861559366,9.026442265361547,0.9014358834250531,-0.5844552851715944,1.2646824496756708,0.13549584518156518,0,1.8359866245326169,25.22623872942395,3.675703401826484,4.056975451543695,-3.234264852469509,0.37090177158710785,1.2186043770618957,53.64105378704721
HTLD,0.5819753438568642,16.110000610351562,66.20925826682907,7.121487954671876,1.302976125441071,0.36407687324488297,0.9931709580406157,0.1241493296380075,0,2.230524204648236,45.689959925557645,-8.675794214426972,3.2632815021185992,-3.185088934526828,-5.899142454786157,1.269773642667247,53.61141602634467
TIGO,0.5917777917670156,93.7699966430664,86.13210322182512,9.579592521167204,0.8944712190284887,-0.14044092968927652,0.47990252078695605,1.109089605794095,1,0.0,9.852385159890034,-6.306629519306438,4.376437587188289,-0.4776104561682625,-10.376935932929927,1.0929568870921067,53.507135016465426
CAKE,0.5779626815407244,75.27999877929688,46.950570549728624,15.74326599646006,1.4219053980028418,1.1638130842319232,1.401435072089703,1.447922895259014,1,0.0,21.50333579701496,-3.9293084479293783,3.608905569301734,-1.6140634126470403,-6.274867027385149,1.143415114999248,53.47530186608124
SB,0.5597787835135305,6.900000095367432,25.993148001993617,3.5958271699777824,1.0550811427690696,-0.8794740152482644,0.07246542566789708,2.173914395253423,0,7.074131339368687,4.229610492544691,6.172836921236746,3.6697727786069883,-6.5040651973595365,-0.4658343586953494,1.0205515655398052,53.429198682766184
ALTO,0.6181675789484075,5.699999809265137,119.50580590211463,8.612801695935472,1.1998779588402955,-0.04711667880895494,2.631580708078205,0.26315556113848326,0,3.08077496948049,41.7910406938239,2.1459207700756306,6.817042906334766,-5.000003178081054,-1.6701445579637333,1.031422607675918,53.3073545554336
TVTX,0.6235619330435781,52.040000915527344,42.872885371976245,13.634379827813842,0.8829706140624886,0.08642113842439701,1.3066877271322654,0.23058979587115125,1,0.0,78.77018146208535,-1.4512544818040287,5.067393472528243,-1.2898336293965167,-0.06365518050436116,1.1907395058620454,53.20746432491767
KRO,0.65248149099208,7.039999961853027,38.751857377747626,2.8879882918552675,0.7507499968105538,-1.237163812500741,2.9829551030546897,0.1420419332023013,0,13.846737189455913,14.72722933573026,6.976740671144863,4.539384253226244,-10.137608004183447,-1.2422311613628974,0.8749558675539573,53.095499451152584
ESEA,0.5532619168910808,71.5199966430664,15.611277642705733,7.2029856557430705,1.0700175373198566,2.4653351439847873,1.873607424723402,1.468114473758708,0,2.6177000257267813,7.44464335499902,-7.104057764881509,3.7597148663192947,-8.093625471211407,1.0687306204732814,0.8016018661695623,53.081229418221746
FTNT,0.5876342847586838,146.3000030517578,70.7950363103011,6.463106290446621,1.0126958552423957,-0.653522332787078,0.05468341037958676,1.0213271558288486,0,3.6142777137277267,82.3280246085261,-6.236670002779948,4.386886864253951,-2.512163715892217,0.603817442452212,1.4842893126442507,52.849615806805694
AMN,0.6141728308488433,30.799999237060547,84.3674210585254,6.130040769571046,0.8218890270132803,-0.7500506195754891,2.207793253239705,0.8506465478260881,0,2.8601398259543287,57.54475927599092,15.346533780401217,4.698978621859189,-5.289056569615176,0.3771535389798729,1.2181479824624692,52.61361141602634
BAP,0.5683322218571437,369.54998779296875,31.223222263127525,9.701003508793066,1.8583400533635748,-0.7460963311563974,0.6223752858709436,0.2543640840086618,0,0.0,15.524077298553019,-9.939140476233021,4.304462155287967,-1.916288831704685,-3.255575421430912,1.077414171502015,52.602634467618
NHC,0.5669972077375666,197.72000122070312,39.21670014031551,3.4265413893502954,1.1220953414801562,-0.1160357010360344,2.5768769923231534,0.3312759332640434,0,1.2067310039546273,24.993590085996257,0.9901023678435686,3.4137383960208516,-3.579438420581032,-11.92631271265841,0.8858772907712955,52.544456641053785
TRMD,0.6222994129947313,30.399999618530273,45.217717085369166,2.974636657758119,0.838686122338189,-0.12119368289518212,0.01645088216389803,0.2615138136817063,0,20.68201737924239,10.021440518075398,-2.9467774017827986,3.349778329491378,-11.95109245415636,-6.354872144828628,0.9348920556361804,52.39517014270033
LIND,0.6322655962695016,23.450000762939453,75.5717568928354,9.275616104197704,0.6595254392768803,-1.0810518922227543,0.8950955032228669,0.7675918947200168,0,0.0,38.83955956163694,-2.685942840880607,4.852238990183319,-1.387720412798392,-7.457625072612874,1.0472363621714456,52.3655323819978
VCTR,0.5574738013641741,84.83999633789062,26.93960939189386,-0.975725198887612,0.9458684031069596,0.584675975880907,0.0,1.9684090535253662,0,12.110003624231343,19.61684823883518,2.354146852204654,3.0879136846842945,-5.931928105814217,-5.163394132536828,1.0645042855411033,52.09220636663008
OII,0.6089014420780142,39.38999938964844,35.84439201516354,2.0307714829992642,0.6460969479387335,-1.2472706037704715,0.8631636401309768,1.2566614357508297,0,0.9715126096192603,8.872302535400262,0.6198390260697421,4.280454809650851,-2.0392929954591166,-6.051794866553135,0.9968855147445529,52.06915477497256
DXPE,0.6031050448331625,168.91000366210938,53.374530476434856,10.720001033745813,0.6739413786540464,-0.636989285320253,2.5398100722851176,0.32857300559189,1,6.767789595238481,31.36568770914461,5.568658303152979,3.78498411917788,-8.156163178310491,-6.101316353456864,0.9747621975843187,51.903402854006586
ATI,0.6275442410613217,198.47999572753906,81.02170140090337,14.741918442880081,1.201318220836763,1.03684507800655,1.574465975036628,2.005237713216449,0,1.147179180651984,54.651707488317925,1.3286606168309518,3.98187123677674,-2.512343359351008,-5.54049909603775,1.2482703766665568,51.89023051591658
SNDR,0.5679552406646411,38.439998626708984,35.35090906170875,8.09290491302278,1.1116878968957427,-0.06390591623033383,1.1966777200619738,0.884495745904647,0,1.0855372142425601,30.79278470465077,-0.39145158595352664,3.3438003121876445,-2.113577339848135,-6.0377372883371665,1.175640468676785,51.71350164654226
AIR,0.573478062946508,129.00999450683594,48.35687068267747,14.201992596471378,0.9023503642730959,-0.6716702862224171,0.7673038708489361,1.6975447908210177,1,0.0,41.24151486626043,0.18409144823633247,3.6021499235438443,-0.761461149970204,-10.478582994556566,1.1554453148231738,51.24149286498354
MGM,0.5696852224454145,48.970001220703125,23.14559905938889,12.579891655046932,0.6244237255760318,-0.2032682889210318,0.7964046965871685,0.40841486205806826,0,4.68145638395251,-3.393169170585944,-2.309150889395927,4.1205985145126975,-5.078501500455132,-0.40783450476692895,1.0251410647929329,51.23271130625686
ELA,0.6144890348547856,27.299999237060547,109.20915739201777,9.691414854630075,0.8812109844174261,-0.08898964092177558,0.695609367138583,4.212452932698221,0,1.0333793265419955,79.25147772039513,-0.2090269101127999,6.439012041688115,-5.536333572781314,-3.077820602488075,1.0565730244786096,51.13172338090012
PKOH,0.6117835558772878,34.72999954223633,43.92178604652743,7.795209264632767,0.9452330341893429,0.5603225965643,2.303481853101109,0.0,0,0.0,12.613486933448929,1.7185495590337996,4.1010251761706495,-2.2516162806743063,-9.61060304292816,0.9505242664469201,51.11635565312843
KNSA,0.5732623597864317,51.88999938964844,19.487073201148554,1.7540751583847949,0.7092350785594863,-0.8263573003946801,1.0792086719352294,0.5396080117214309,0,18.978576484284652,-3.6397384214935187,8.353261552935619,3.7951165699159253,-13.328878711325912,1.6621633477874618,0.9181000227599487,51.03512623490669
BFH,0.5509992863431227,101.70999908447266,30.02928847093067,12.47869636155773,1.2121472414069858,-0.7443480017771529,0.06882282514366561,0.4866805142393645,0,0.0,42.479628678829926,1.2092702999871556,3.2023612198758165,-1.3673425373744348,-8.400154087656288,1.1185151361436156,51.03512623490669
GH,0.55754639649817,131.6199951171875,19.765403859352304,7.69941697979529,0.8153283157433245,-0.6596047328329069,0.2583166315918239,2.370155374850643,0,1.9998044649822724,67.45546777567507,-19.61280940166474,4.9878218184627015,-1.9809381041636425,4.366432572971427,1.0685287925168876,51.0
SEPN,0.6000540538013364,35.95000076293945,31.716428269095466,19.714618635434206,1.0567428428992467,1.0947698312210905,0.8623019527295833,0.48678507188262493,1,0.0,44.493577070469755,1.4124280467038752,5.642759118858158,-0.8549298757168087,-1.8875628584847055,1.1194854888851111,50.9648737650933
MPTI,0.6176527554797611,98.61000061035156,78.26718102247074,12.443983799863629,1.6928751749238748,0.7077062857395207,1.0749392069993837,2.7583421598620395,0,0.0,27.965226750873285,-0.556190668696713,5.25634796414084,-3.3235288133482372,5.33906315556878,1.4117037010825615,50.68386388583974
LION,0.6301436497000268,14.319999694824219,73.92619402569834,5.16652332564926,0.686015578480702,-0.7561743959871748,1.1522343949570202,2.382680741099633,0,5.040328747041534,-4.214047641715288,-1.9747235623494612,4.010974542527444,-4.565147713073314,-11.764704113307705,0.964524073966727,50.66410537870472
PRLB,0.5939769283781465,78.94000244140625,42.01105908564138,6.390293564640938,1.2766103637469235,-0.01383001253304852,0.6840649845701771,1.3807908590905784,1,0.0,17.522710425987974,3.885902861573921,3.9596084197983292,-0.6794173285266244,-5.934974538943293,1.273241896931688,50.57628979143798
LINC,0.6470896794600861,46.150001525878906,97.90116355897635,-3.9352186660697184,1.1200296613896061,0.01796331123764792,1.018412547033441,0.4550441868297902,0,23.922061186963383,2.3508568855187053,8.13885347948532,4.87850227987934,-13.73831490464245,4.076279030589637,1.1606622204257808,50.5290889132821
ECPG,0.588776807674764,81.33999633789062,38.51465800300433,1.012731319172091,1.0382929979423605,-0.7187727096393255,0.7376519922816218,1.9300474346649374,0,23.033989395380658,-1.0703051200882374,0.19577102108835695,2.9909638475111513,-12.197758124012351,-7.7465749272273605,0.9698479251074916,50.49615806805707
ODFL,0.5811660915932634,245.75,48.132524133411714,8.607633355976906,0.980356563032179,-1.1762955240304656,0.423197780230984,1.5462881187150965,0,2.0905059194808664,18.15725569191023,-4.466576467706998,4.010413775603188,-2.4917663808630035,-4.944142949940725,1.2031975546147782,50.29527991218441
PTEN,0.6494439631020884,11.489999771118164,73.10446476096,-3.1896904048233523,0.8016287626353635,-0.788541158526699,3.0026133496189646,0.3916455803867228,0,16.03846208611532,43.589632960867384,-0.7425743949282124,5.448293752605384,-11.36528951977218,2.0289887947472094,1.100930114525897,49.86498353457738
TWST,0.6317709792964399,76.16999816894531,123.87311373120473,17.36065327174386,1.272710264154875,2.249331537935695,2.7635596790183103,0.01312131689124954,0,0.0,32.677231094004405,-11.123700292105953,6.524408840316263,-5.378884262112917,1.4130011101915858,1.236621509052595,49.83754116355652
NWPX,0.5972037581426878,128.85000610351562,104.34030998832714,9.176415525888741,0.9494665631829483,0.9874624788228817,2.7473871767226976,1.5133141661834015,0,0.9685365580562086,82.14590047179868,3.9725202014299494,4.355557225506164,-3.6995492042630125,-4.775596695579716,1.3601901474992464,49.40834248079034
MIRM,0.6450421943320076,99.34500122070312,45.12418995572378,2.6742124820733992,0.6447796767628874,-0.47262363955985615,2.1541087758131994,0.3271473890381487,0,32.157420569616114,-8.991390721914414,9.623845299709288,4.4225402557619775,-13.605528249044083,-4.5761932740704845,0.9144998234943177,49.38748627881449
LBTYA,0.5554263202168319,12.460000038146973,3.0546045166658153,3.7166522193444678,0.7545323887273924,-0.6858222000096253,0.16050966313419576,0.6821832895659595,0,23.505801323022972,-4.374518084894068,-6.15784956226042,3.0067644287441113,-7.840239524027577,-1.7298190460528176,0.9528178437654502,49.19099890230516
IMVT,0.6077233574686226,33.619998931884766,34.205302894761516,5.558952705388944,0.6709417771930195,-0.31924530512354166,1.0113032819145213,0.8622895377753139,0,14.203257672527883,-5.455574708747967,-17.852217358100788,4.694251858562744,-7.344635322201796,-2.191231986771904,1.013868470592155,49.14489571899012
HLIO,0.5545401390461446,84.58000183105469,42.1652024053849,3.5453717009759704,0.9123889301056187,-1.3427751980931235,0.49656911781496177,0.792147262275646,0,1.7925927307660023,9.037001629133478,0.2558487308741962,3.6584116050915374,-2.4901960870259043,-5.941746604139406,1.2392922443487007,49.130625686059275
SPHR,0.6264128684926865,153.25,68.55064292428126,10.519351848317305,0.8759537975052609,-0.4690226598753623,0.8156606851496532,1.6443747291644333,1,0.0,42.65102817112268,3.4188673505784903,4.692099328308888,-0.8090614886679026,-7.695519078962569,1.2063329189645846,48.81997804610319
ITRN,0.5830324902370654,66.31999969482422,52.42161633063158,5.937413890555142,0.7486533444060944,-0.32179700063700256,1.1987421622227488,1.1911955958242948,0,1.776695829942906,1.1746706440984842,0.9518975962123595,4.329119368126258,-2.8989798952192656,-4.574131780248241,1.260003394936235,48.677277716794734
ALMS,0.6450035000103339,24.149999618530273,90.92778135307202,14.334408672527676,1.46152112287474,0.02715127882356547,0.5797155246489126,0.10351809078314052,0,36.277904652150085,48.79852310035657,9.987816354826913,5.356403696070506,-21.078433602355638,-0.9238935153598724,1.0738575213164894,48.62678375411635
AXGN,0.6161181364706408,43.0,34.79138391486589,4.017997686076984,1.2574434619449197,0.7410539139366913,1.2558160825925246,2.232564881738596,0,3.600516104513709,34.37499999892579,-0.8791223532004886,4.910297964102407,-6.174998293531185,1.6676633196501243,1.1049461993620182,48.588364434687165
ARW,0.5704047684176566,226.77999877929688,86.45122332239698,3.997230230628538,0.5659857033512142,-1.0249807502585324,0.5335126152442985,1.2875906978790441,0,1.8957810411442892,42.98864442089075,0.6534769974656176,3.838519379361973,-2.7946867497410715,-7.365469162690477,1.3065542555729939,48.567508232711305
CTOS,0.6175050689318141,10.65999984741211,59.910236531422065,8.476644969187596,0.9848056090241893,-0.47777715395284787,1.0319006746322605,0.09381077883716434,0,0.8123360848753292,72.21324310418044,8.42418601121107,3.942642022965378,-2.4702694437356367,-9.969793588505937,1.1125305166018622,48.5290889132821
DK,0.6317454744110778,47.220001220703125,29.775142512346942,3.3667559418828583,0.8089495389810377,-1.289303039746005,2.488350712961221,-1.1859329608326343,0,4.4101814552065886,79.15932136364212,3.6392771859220976,4.9260292203910305,-6.17921815447031,7.389049676481883,1.1003073569440451,48.46981339187706
CASY,0.5524196215666356,895.1400146484375,59.66610843744482,10.223375213166982,1.4689043723470205,-0.023133871575209648,0.8155135144782502,1.0836307223769963,0,4.699573663611849,18.11663156152728,6.003554935530215,4.1692594027508845,-3.525350196491453,-2.930172574856691,1.502623121542105,48.44785949506038
WTI,0.6833624055064622,4.059999942779541,126.1432643653057,-2.071707928189219,0.7471726502234728,-0.2890120482777638,3.940882995755958,1.477831123408484,0,16.19851284356228,32.12594459151754,1.1276169935800016,7.811400213543187,-19.899947253437492,7.973421555018054,1.0369267165398472,48.129527991218445
GPRK,0.6219111894202916,11.199999809265137,45.410377914289526,6.716549530265187,0.7936593766772504,-0.5806174328939446,1.160715327171425,1.0714275677853005,0,2.888555133453093,27.99757040769212,-0.020659025870281105,4.9298467307891825,-5.644482583800321,6.643750686962966,1.2867163615058477,47.85839736553238
CDNA,0.581423741755323,22.969999313354492,8.999420742555575,3.9366489250535674,0.9061580345467584,-0.18756012093406285,0.9360041750350944,0.8271599145858476,0,3.793864146353896,2.4531634039446923,-5.27086352229085,4.647054193720506,-4.807293359753203,6.60324706039784,0.9273587144703143,47.85071350164654
PHVS,0.618512130123841,30.719999313354492,21.235538689662814,1.4263051430695692,1.0519716666663679,-0.3747755993329771,3.124997089515164,0.26041642412626365,0,13.598204189100239,2.983571545071694,0.5211721284386641,4.628209855434873,-7.830790201727683,8.081497474966,1.0494248536634285,47.834248079034026
LTH,0.5570950004591197,34.310001373291016,25.111736294585853,4.09745611319289,0.7988416128970653,-0.40483585747115763,0.0,0.40805362500104586,0,0.5943621784541017,32.675949586908445,2.399281987088,3.5177171373421365,-2.8870659634051647,-7.353504524466413,1.0644508745173658,47.7563117453348
NPO,0.5673786235661558,334.6000061035156,44.16979557859726,6.260270511158436,0.8705782456288804,-0.42607028280895454,0.815902850125884,0.9190114019516006,0,0.6970690139526172,35.07782282955984,6.322300504753427,3.6556935292826824,-2.1494387603776777,-9.681355281183187,1.1516279243768663,47.66959385290889
JBL,0.6082470197056435,384.82000732421875,58.93108958219062,6.350727519006657,0.8437114333056683,-0.86858040662404,0.47295028573725556,1.20186058727745,1,0.0,48.80229780190082,-0.6069058149385314,4.550830345158113,-0.4707239952566554,-7.743783007305318,1.3215765417272547,47.60592755214051
JAZZ,0.5695586543814756,230.55999755859375,31.264555031511843,-1.6122021060007237,0.9393014885902616,-0.5915171601683208,0.43155583263324754,0.22119817498007965,0,12.421410061047105,17.13661302321137,-3.613932367194097,3.2208849477535475,-5.244126821256469,-5.242468206911707,1.2570345500379976,47.585071350164654
CAVA,0.6507508874286027,90.98999786376953,62.894017717329234,15.98691910651172,1.0750081219483894,-0.12367561628304703,1.4287318191719194,0.04396188203762089,1,7.357348292989379,6.209874878566972,-6.807728419521836,4.5132901233746425,-7.895539001308875,-7.499378814484715,0.9788801142633656,47.45225027442371
ATRO,0.6140903752729161,96.0,77.37221655939639,13.140837279277113,1.6098120749508662,0.6029305571218208,3.1354188918740777,1.4608303705699066,1,0.0,75.21445226339047,3.409502751789449,5.1720534052167615,-3.8942831248156096,-4.341062841896661,1.2508515673258822,47.31833150384193
VSTS,0.6019576247401613,13.1899995803833,75.46675411773288,5.279958065159857,0.7929236823449762,-0.4070202644918361,-0.14404893107486427,2.312353003649436,0,0.9836666901561928,9.91666316903445,4.601482465571339,4.613883823128724,-2.4408348090436958,-9.846546853265094,1.1064259936069445,47.206366630076836
SYRE,0.6351003947279721,80.79000091552734,124.59871968038073,9.611901480497224,0.9249764320519521,-0.21161351123331024,4.134057120022881,0.08664400795903296,0,0.0,27.690849266205337,1.7580988819704515,5.6009324176872815,-4.311150622066563,-5.8691182868516085,1.1639222334270536,47.18660812294182
ATEN,0.5772208604619335,31.760000228881836,64.15184617102223,5.0664113160226165,0.9955269026675047,-0.1778419284823628,1.3538932221856455,0.0,0,2.371425224216706,48.31375517092424,-1.2870955279816774,4.549747117162071,-4.967079685708412,-2.5747608912527067,1.4573895893218134,47.120746432491764
FSTR,0.6024614844172854,42.369998931884766,49.19095535710794,4.7815695115292245,0.6939975947207148,1.838122346413514,2.6669839428251745,5.593577983419137,0,0.9139064394664622,2.9897898892918318,5.10839567018667,4.2364883680541014,-2.5977036048028905,-7.035711833157625,1.162042591866539,46.981339187705814
ESLT,0.6210864195794836,854.0599975585938,62.48470112736078,3.591108005551787,0.8843634531695571,-0.5086797733038028,0.1844147028934405,0.4976231192356539,0,39.949873826240704,-15.709476055415731,2.0155783226539215,5.067057743379245,-15.85299214745269,-3.562622232371524,1.026641613515721,46.971459934138316
XPO,0.5964003730854152,228.3300018310547,43.29070547335068,6.306306856693627,1.0918486126939506,-0.02939759864913773,0.7927112267642653,1.1365134672980235,0,0.4454754014784603,6.571762814930675,0.9632671846912423,4.325977073581548,-1.6031032845353435,-6.702617317242927,1.2140703899470193,46.90120746432492
KALU,0.6238961125978009,190.6300048828125,72.52173669854973,6.30449570572586,0.8226999362627206,-0.8590277521482289,0.9914490590294941,0.8445122790661117,0,0.0,78.92811797918098,4.757080313337854,4.492246800458163,-1.9544246958265423,-8.41919945135962,1.199087994218586,46.73545554335895
BWA,0.5804613394839664,74.51000213623047,63.62894051877217,6.422631863220257,1.0624923307209622,-0.4792874452982853,0.7180293205790277,0.6240826116589351,0,4.056917504812613,66.35129302193926,5.740136890328257,4.821905423538737,-5.4681522141925205,-0.7330077062722188,1.4805577898793305,46.72667398463227
HWM,0.5622411462892251,264.6700134277344,29.214770672058243,3.2912997501157233,1.0319334784807743,-1.2895662252316533,0.011334408045795689,1.3522536850323306,0,6.923491930327169,2.485968413440277,4.581995334447414,3.2112514416943703,-5.68262305034149,-6.283471935642957,1.1827281185514698,46.678375411635564
BHE,0.6303552504240061,89.93000030517578,75.7021257470403,5.022831762142017,1.0701726354433616,-0.3057053931116576,1.412205758637356,0.9785358060957735,1,0.0,103.43512909243695,5.274039299343039,4.606757015280422,-1.3925402253831534,-8.5529719546017,1.2494499065782212,46.65971459934138
PLXS,0.5953468632699013,295.0199890136719,71.54974610490774,8.385926489553016,1.0171542698856402,-0.7434751436454882,1.3490648547648723,1.4609171307302184,1,0.0,49.30160926140274,2.212216017611629,4.216421171971452,-1.3311073532825466,-7.793646270277558,1.4014984748921817,46.65642151481889
CPIX,0.6415627625549216,5.599999904632568,115.5058097168119,-1.5124887179354292,0.03857264346733584,-0.12022168791806492,2.3214306541355794,1.2482149470725479,0,2.041329878576544,43.58973762202118,-11.991872831684939,7.3085465021518425,-15.279882122968132,-0.32258034734411695,1.0732174901105767,46.62239297475302
ATEX,0.6255645606361414,82.5,273.2735028877097,26.430000322087672,1.948096581826121,2.843530662220843,5.284849224604502,2.351518110766951,1,0.0,139.5470478753851,-5.969624040653483,6.721125350886094,-6.377669735985387,3.9631787594773504,1.6969719969587223,46.59824368825466
SNX,0.5777974585336506,280.6499938964844,72.14359499790348,9.563638031535511,0.8637019363694606,-0.4053198368193293,0.22448063299891885,0.7589541881802238,0,0.0,66.74150054889094,1.5402998188958108,3.999898375709228,-1.9563340099549562,-7.069628640970219,1.4933880909802404,46.515916575192094
KN,0.60816235438429,39.779998779296875,58.5083294380923,6.447595797095859,1.0380423382130912,-0.5872429804329199,0.7290118763678342,2.086470693328734,0,0.0,79.91857838245969,1.9209316867012383,4.510522789166008,-1.290323740930912,-6.559882782916349,1.3802944821845555,46.50493962678375
MOG-A,0.6024973888222167,395.1000061035156,56.992822270917706,11.877539785625476,1.0409662118372462,-0.2640374490620341,0.35813161363744617,0.2606931823292379,0,0.7739021388263162,35.698286675812376,-0.4176755188772593,4.0323428061996776,-3.4115184564663883,-5.536227269836632,1.387053993110126,46.298572996706916
HP,0.5702868795253773,39.25,22.263786183811373,-0.12849687964075282,0.827208949499555,-1.6815911524433511,1.85681968732829,0.025473430657193354,0,9.763020990165058,15.269996006780662,-1.1990256223124534,4.1581081845089995,-6.145384298223314,-1.9687352001122034,1.1135752600742603,46.16904500548848
CMP,0.6676577547505763,31.459999084472656,73.77695297117964,2.4255227702484667,0.7318902932299503,-0.7028118232316432,1.4303902607144412,0.06039735420352335,0,7.8158155524077735,46.32557713492744,0.995352498758271,4.61356918101451,-8.811596856345588,-7.5278027886329895,1.0177498944713335,46.07574094401757
ZGN,0.5642849747049903,14.699999809265137,32.85197072822008,4.063428321172964,1.9345515305036012,1.1724194338632334,-0.06802876878170223,0.47618840631098075,0,10.63352150127057,2.0833347129258417,-5.2839121460243375,3.8775503848900765,-4.792744761537525,-6.353596278153066,1.0978020526780206,46.04061470911087
LAR,0.6457933363347278,9.640000343322754,78.32753113596792,0.9107120500548112,0.7508945143561911,-0.7278880865517918,2.2821504719556933,0.1556052156324662,0,16.22157102319839,54.240005484485664,6.3787992662707795,7.328096854074734,-19.999998415478338,-0.14164630257039856,1.02216939777395,45.961580680570805
MITK,0.644027932354264,16.450000762939453,69.72901590182907,3.2156898261270093,0.9351438945716855,-0.6046837016893373,2.3756866743186076,2.249245118848192,0,5.649211398203939,11.828692863099288,-13.190862210585374,5.623447805055098,-8.458534270509736,-2.909088134554055,1.1589592420608394,45.91218441273326
SKYT,0.6260022148516856,36.61000061035156,80.50942232949652,-0.33484760879163716,0.557404471035511,-0.578435367488979,0.2458348841436089,2.3764073533292214,0,5.541851068899264,13.168477085112206,-3.2942499028366603,4.881179483475679,-8.314549635279443,-4.714551398095574,1.1711970026494938,45.83095499451153
ARCB,0.606844004613244,173.0399932861328,127.04253826775351,21.5232494092442,1.7230676582713855,0.2028209222429439,1.20532445693876,0.7454885206752583,0,2.0713750343924633,67.15070833026802,-4.634148078614499,4.436449820522656,-2.0633849755921463,-9.592617920043816,1.3496360180546387,45.819978046103174
ESOA,0.6855646494737977,16.700000762939453,82.86203246492609,1.8758632864054159,0.5821120273910868,-0.6528168399980003,2.095799150362019,0.4790414374040009,0,13.427285523137607,32.0037091111147,-1.3203188359116051,5.491873618334825,-16.248744654854654,-7.24085226737215,0.8083623122068623,45.80241492864984
SNEX,0.6014185655069133,130.69000244140625,93.52044059907281,13.333045487298175,1.1824404584026738,0.9030880213414917,1.6298147088574517,1.6221613795717045,0,0.0,87.52151787890526,2.5654352183296796,4.100214663502035,-1.6036777332778183,-15.502719553909808,1.3498318921262074,45.607025246981344
FCFS,0.5742678858166919,224.88999938964844,33.78255752897608,0.7675514010493648,1.5584963967570773,0.16532355849088728,0.6314189927488435,0.0,0,12.032153685444214,2.971614319829346,0.369863209735133,3.8980960869958112,-4.5192655874613985,-4.728307091095505,1.248689295131004,45.60592755214051
MG,0.6344049274089962,18.649999618530273,41.909040888549896,5.144465218916163,0.7534842117742176,-0.7648684302531162,2.6809652021461714,0.0,0,7.443894468739488,45.70311984505153,-1.5348301102102158,4.009955498070977,-4.652351084927512,-10.419397959604112,1.0288801986051581,45.56860592755214
PSIG,0.5955652346218495,10.300000190734863,136.16139779293823,20.348193358111484,1.9748904555489661,2.9163667483232896,1.3592173499256697,4.466019704699572,1,0.0,16.38417792769058,-7.83216692632004,4.726074848141917,-1.3409903760732484,-8.373590622359202,1.4817231654651715,45.55104281009879
TNGX,0.6095258696001444,30.940000534057617,228.91039670095682,32.655908014600655,2.9435574289846578,2.281234567945334,2.4563678595308747,0.24013851763962085,0,1.7134868421841039,0.03233180983783953,13.067952915957761,8.415896965905779,-5.641965019089889,2.450511626846663,1.3678603028360303,45.51042810098792
ESI,0.6347662677910857,43.70000076293945,50.61604184608306,5.409182756750728,0.7686383974447696,-1.0752536751693984,1.189932376826794,0.8695676463896204,0,5.611682829516715,2.872533868811104,7.346196254207997,4.133483115695304,-3.81688791135082,-7.336795787613093,1.1616285892861433,45.473106476399565
ENLT,0.6441118033506027,95.7300033569336,133.67633291708134,0.3737974160140973,1.0888982688095334,-0.6292759323947635,1.2116335630419794,0.50140573561286,0,14.604253269530801,36.69856493681316,0.294049928077581,6.103243302625205,-11.891392533251862,-1.042691068100524,1.265465045451722,45.43139407244786
TBN,0.6521850518071598,40.369998931884766,48.709857348238494,15.448407448806304,0.8511759547651725,1.7174026215287164,0.0,1.362150283545588,1,10.771938057250118,12.92307393498052,3.8134413182882168,4.704677101911546,-22.67764864964794,21.444447834809914,1.1914525084274417,45.42480790340285
AVT,0.6034535666448548,90.58999633789062,72.81517061062628,4.351553276409389,1.0223532151120398,0.11073868224214006,0.24285376928388025,0.5188224303982577,0,2.2491207077222093,52.492170428317884,3.772930201485388,4.008375445287055,-4.542862101726802,-6.405986304787076,1.371165574564306,45.421514818880354
PDS,0.6168779041177475,95.87000274658203,26.686305948050016,1.0972346794773031,1.0317844036837036,-0.9953773019060547,1.637633931186902,1.262124804208555,0,21.259401831906846,-2.372702926726656,-2.425022856917212,4.230430877572704,-7.639691784156545,0.6863264232081225,1.2266871906622303,45.29857299670692
UVE,0.5513194470497221,37.95000076293945,11.900416933705804,0.3437352892115883,0.8823108898350102,-1.4155886714141885,1.1857727374989917,0.3689048401323528,0,22.97142713479403,-3.494406460387931,-1.7166333706902615,2.9380771901427303,-9.198263614688353,-8.60049962312735,0.8226920948484828,45.28979143798024
MRNA,0.6446533107193896,49.90999984741211,63.43140315222142,4.502768913249595,0.7589433145766392,-0.7617894386053254,3.526351716241216,0.5810477187099614,0,37.33971332070322,-3.7786757755841163,5.536679043163541,5.821478958909638,-16.188076428197782,-2.498500960372365,1.0787501039842022,45.11964873765093
MOV,0.6227676774874557,38.68000030517578,79.68160112104117,15.658865346896214,1.7932411516688236,1.3265000475123205,1.9547561916823795,-0.2854218011648415,1,0.0,14.037745474056521,-0.10920809251358404,4.722909418600002,-1.9172780797075277,-9.765133655511796,1.2260459782481985,44.98353457738749
NBR,0.6571254306565022,101.62999725341797,69.61656503420635,1.1565851756771943,0.8592698758036134,-0.9408039973856177,2.16471970586527,1.958088701097111,0,10.847738524302654,41.3294285598198,-0.8584927224455714,5.2164009219104885,-9.982288857434432,-4.512228379445808,1.1217624139714304,44.92864983534578
PBF,0.677849692809527,41.88999938964844,25.38448578209651,1.3132750760178122,0.6830538775464235,-1.375284783954675,2.625930543851774,0.21484877989275492,0,36.11911744532232,44.08975407111201,3.886843226832222,5.40190307382672,-19.177165002736317,12.019967604209022,1.0003984662964067,44.821075740944025
LXFR,0.5766713718399289,18.079999923706055,27.939298025379955,7.347483164437596,0.9350962563530091,-0.3481434741973377,1.5680346934035063,-0.5530994573350495,0,0.0,58.70276001969952,-1.7263395022070063,3.6123180360988334,-1.7925036742165845,-7.528635789251944,1.2537363556794052,44.72777167947311
DFTX,0.6157348874470381,24.75,91.42503623918772,8.007854846682653,1.2609665215305803,-0.2030615445521361,1.373737990198599,1.6969700051594976,0,0.0,94.88189268314089,-6.08898929167216,6.112554751089297,-5.714285714068027,-3.98058096893059,1.308015813058748,44.17892425905598
XMAX,0.6241579956261452,8.100000381469727,26.957324495295133,-3.2489210152934023,1.0338628586954368,2.1865860276542737,1.4814799986774017,0.0,0,26.846084522318904,-5.813953229806849,-3.990325337362656,4.488536498863613,-8.2672655544856,0.13831575178521638,1.201854749351556,44.088913282107576
BIOA,0.6352125653733638,18.040000915527344,33.77711070303755,9.300214950861848,0.9682768834986479,-0.3111417688899255,0.27715761929224786,2.1951213321972194,0,57.09649511817435,-4.550257779445942,10.553034278715169,5.857222214200256,-24.833329517601346,-0.33841722976188715,0.9914058391466278,43.822173435784855
SM,0.6623333614412448,31.149999618530273,47.99205700221454,-3.801273090237794,0.8271265489726372,-0.29758233322954414,2.9855609113437223,0.43531023437805044,0,12.89614088768561,67.63215414973267,-5.992979311182654,5.286420443959786,-12.585780299355246,3.966100328772061,1.251592489614108,43.762897914379806
FTK,0.6206418852311159,24.639999389648438,39.139118511745984,12.79468716426812,1.0634751303958765,-0.6799297855421752,2.3944811979655,0.8928543782269248,0,1.5067864800937285,34.204785240661145,-0.14634481289777737,6.235505786671189,-3.5238899513762383,6.172845101959983,1.4496378155424792,43.73984632272228
INNV,0.6567265065394015,9.109999656677246,68.3990074728441,20.438917635945778,1.4249202804218222,0.3771292325457491,3.6212930878083673,0.6037250666098037,0,8.827706112290375,17.09510810836737,0.8075362605342331,4.171162547579594,-14.780168246756848,-5.8603402302915235,1.1730434991235614,43.455543358946215
BFLY,0.6081597976748878,5.539999961853027,73.14515938283431,18.718525847029852,1.2048586406596695,-0.029896778426470528,4.693136349964545,4.602890183226576,0,1.0745141498089954,18.62954756230342,-9.268295687491964,6.909488511113958,-7.202677443524538,-1.4669912109149184,1.293597117363548,43.06805708013172
PWR,0.6022092022911204,707.739990234375,44.69670249049032,-0.5023106764761872,1.0006279909839206,-0.183804417596429,0.31932769050868276,0.5680079671509097,0,22.44316212986748,-2.752247105445294,8.097892852183659,4.187675845458979,-10.270682696104252,-3.9374274402983835,1.282646493807898,43.00219538968167
ASML,0.6099091782546575,1863.550048828125,58.579034979285716,12.463129740662568,1.4492105895795293,1.0718687204413755,1.569584890858063,0.4596035084558841,0,1.3995835606508233,31.42578213273024,-0.4727007206144545,4.6677808740042686,-2.098762866921671,-6.536446602148314,1.5202695631023433,42.969264544456635
PDEX,0.627547107848174,62.20000076293945,37.89319481151825,-2.734230061502285,1.9719954351855178,4.158215480230005,2.8938894131076913,0.0,0,21.874573029102333,-4.30769113387303,-6.751916421788693,5.562699424489756,-9.842002190142784,0.235345641556147,1.1852535714797916,42.95938529088914
MTRN,0.6047141674071332,247.25999450683594,85.81575578687388,11.817978201327213,1.2893215121739552,1.9474915656806935,2.6207276268958934,1.104099242974199,1,0.0,34.60723626710702,0.4595167002269725,4.238975373075025,-3.842272528089854,-10.181860412232012,1.3199862082932612,42.841931942919864
DOCN,0.6278605399704472,170.44000244140625,228.144167957187,4.145281505756154,0.6147242803093791,-0.5631857865153597,2.308728879491441,0.7803343182326645,0,4.278087881582989,90.69143844036263,0.03155795132233517,8.245506965291538,-7.600565847388613,0.581663018304696,1.4746694903097226,42.770581778265644
KB,0.5743223004253856,107.80000305175781,17.059042375489717,3.867075279481251,1.3619231983544926,-0.5943450667707861,0.8441521400231199,-0.055656360755747765,0,22.032448702418968,12.104824195336406,0.8129318488522731,3.215609736724829,-9.949040283770392,-6.575421137511313,1.0740992397755178,42.51042810098792
OPY,0.6131642909290452,103.41000366210938,37.69760645711151,7.666602359157899,1.3392720155327762,0.5125436338756003,1.4988834420825272,1.0202110703068696,1,16.780763642551406,41.265746951976055,-1.3746120156340813,3.6032011141084697,-12.749828096696515,-16.50853872112182,0.9760898559473207,42.41053787047201
KEYS,0.6299226739564282,350.6700134277344,56.309843722082654,2.860516532012285,0.979171496847565,-0.14605196208783078,0.43630727484710125,1.0380083815176624,0,7.968067841216462,16.3161737590204,6.63808624263501,4.09461034420404,-5.269122714495884,-11.42009609495509,1.1673584231251726,42.403951701427
MRCY,0.618055215729586,120.30000305175781,51.50049253887412,13.74811197540297,1.0268538840257928,-0.4629222339646113,0.8885231965858073,4.09808826273572,1,0.0,55.990662301330914,-1.9143283978360022,6.116191716559729,-0.8806979906470431,-5.993315527590181,1.5759056550659662,42.38419319429199
ABX,0.6100999413125248,9.59000015258789,12.134749162569847,6.066473562459515,0.6909189966223664,-0.6914184994444076,3.128260541504003,0.7299238133800225,0,13.123216491332682,7.995495821136249,2.1810229834169905,4.417546368346321,-8.97009690006454,-3.8659817248411534,0.92865532831002,42.36443468715697
BLBD,0.620250887743779,71.54000091552734,32.02830642081902,2.7497109849598624,0.7359195186758569,-0.8683902056473972,1.8031882848764749,0.5311675266280027,0,6.638287055216935,0.9881488054967918,10.531397618640998,3.797074866590338,-12.231629197994135,-8.306384796650503,0.9861049666647552,42.352360043907794
MUR,0.6136247176288077,38.84000015258789,10.215114474265219,0.9854150338530314,0.9412506736463757,-0.9295178674899324,1.2615903103222117,0.10298896850969405,0,16.48803115159585,27.379511493870822,2.187141333758257,3.968662264892167,-9.60450899308283,4.399482220307983,1.1078512047458509,42.27332601536773
KLAC,0.61816750347577,254.5399932861328,97.49013299617697,26.675381886204345,1.3842319585726464,-0.33400731127188704,0.14929083555991024,0.5562977934919735,1,0.0,78.71622193431189,2.557337878794285,6.015795173877947,-0.1490682902638205,-13.64750094635755,1.863648389500402,42.12623490669593
SHG,0.5533908752709261,67.30000305175781,17.4178847964763,4.381548275775097,1.114370383582327,-0.9814683314491958,0.5646318516807217,-0.3268849648285103,0,16.380070680835274,10.563502928532605,1.9733836030396363,3.1267244479507377,-8.310624451264198,-6.623999023331516,1.1443186571962707,42.07025246981339
RES,0.6194154967711131,7.190000057220459,15.58550748875458,2.6849480027444885,0.6997737765376463,-1.2041000107216457,1.4603618668046863,0.0,0,11.422676692494814,33.15316745107623,-0.8474568279325523,4.3860524573356985,-11.365871834536094,0.8941881521678037,1.103708231830981,42.014270032930845
PLSE,0.6574882961946513,24.3700008392334,63.12554005666442,-3.7101393789646644,0.9994309981555394,0.29079351771964945,4.534261403930855,0.40706277789208334,0,22.725996815228143,17.445787176187665,5.682660124697008,7.650564730702094,-14.581141770576735,16.413376351626844,1.205578445838787,41.967069154774975
IBKR,0.5583629346045718,90.80999755859375,27.99841974356849,6.001582696761107,0.8666699488047221,-0.381164213563067,2.5217497820375323,0.5506001689647406,0,0.0,20.052254482941212,5.040777456902277,4.22113320431974,-2.4597217540656517,-5.919596207464779,1.3379118124707075,41.91437980241493
ETON,0.674639243755149,31.59000015258789,84.01038663526637,1.8161885137414124,0.7311285441974855,-0.7203572183653082,2.088954295900039,1.0288089944897976,0,8.749144603047624,78.98017470001854,-16.822433475878164,5.5137025570857725,-11.41334748212415,-6.861197670237086,1.081527452147333,41.870472008781555
TECX,0.6387026286517532,30.280000686645508,41.704230772729915,4.60677653905279,0.6659786627161891,-0.6146979190315129,0.33024594402302626,1.1228538469836082,0,15.439498331359673,43.84798947116433,4.295298026927669,6.666351594804292,-15.958918366091574,-1.0071457407952904,1.0809249228017537,41.8430296377607
TECK,0.6187362083449909,64.83999633789062,40.00878954672935,1.512347353146363,0.8125560951621227,-1.1229440578832701,1.4343003665747784,0.43953739791299906,0,9.004326675432413,42.94531628084701,3.6697270181140955,4.481360578572649,-8.99649636774654,-2.7830002514393675,1.3467890881198032,41.82436882546652
MKSI,0.6213723192548728,355.69000244140625,103.74201032587351,10.95781659460847,0.9605953566958612,-0.5501477854641426,1.028986937214241,1.0767765599163224,1,0.0,52.54618398602785,0.20713043329249828,5.973945389568433,-1.018506636965209,-11.56551866239712,1.3998874357689368,41.80351262349067
CSTM,0.6294629545293495,35.599998474121094,87.75718989283459,4.93581129891074,0.7230028567953115,-0.7106414536710803,1.1376477846682351,0.5334254289723876,0,2.745597748364282,36.97575524149273,4.358206222176341,5.76344295853237,-3.757780863030607,-7.869691224260499,1.2111279129394985,41.79582875960483
PRE,0.6511460866068921,21.6299991607666,42.76454690398093,15.478553281437332,1.4230644149237164,0.9256175490514329,2.7276938301078655,1.6181248036680034,0,3.0077330650098157,38.565020090366396,9.494031050098142,8.583647394172537,-8.463817481788173,10.730712386867424,1.1420876065831755,41.73765093304062
AMAT,0.61816750347577,567.25,98.17983867999358,21.255984636423392,1.4562235057933013,0.023689740439793387,0.47068892201878243,0.802113317401627,1,0.0,121.778981986322,2.8756002942297108,5.913365539462396,-0.46848382057389076,-12.439239815274046,1.8356397874608246,41.65203073545554
GCO,0.6422778763746584,42.5,70.07724782727354,13.381709482887395,0.731051776568079,-0.4949349748303749,1.5764662798342304,0.7058805577729131,0,0.6837805152435594,45.29914529759661,-11.461580625745611,5.472268497242648,-2.5229323683320124,-10.384612844882838,1.209027339254108,41.54555433589462
PLPC,0.6313912113030464,375.4200134277344,51.54159136239327,3.1258921888057034,0.6939999237612708,-0.7330709073405192,2.3626857386150735,0.2077669680348412,0,5.1233866411026385,28.524479829831368,3.660299292380411,5.602486175587771,-5.516681711412897,-9.381646790904604,1.0417586075524028,41.35016465422613
COHU,0.5997164402497975,61.33000183105469,133.43875596998552,18.088786397924487,0.998113466999438,0.20236473423413648,0.7663417446046952,1.0027683766480782,1,0.0,6.494185915076427,6.760616054782338,6.681068730800116,-0.7605136113276904,-11.250791531354087,1.486026380562239,41.23819978046103
BJRI,0.576461026229573,52.619998931884766,28.608464567127868,15.90691120203668,1.2940469478390904,0.43151511697809564,1.7293802087924537,1.8814098894837379,1,0.0,27.162874754391254,-6.423778108092722,3.9406536078027776,-1.699981072570207,-8.361390553273267,1.3439607679064205,41.0450054884742
LQDA,0.6246016576177977,71.2300033569336,109.46787807179727,15.3914744303903,1.5469725701986858,0.032471889789692766,2.0707544638305966,0.0,0,1.6522053111288613,98.63358099158978,-4.502532913910882,6.138784128785263,-2.028744153707986,-7.606080547631092,1.6039542181968984,41.02524698133919
CADL,0.6336415740408742,8.5600004196167,39.092022809411645,3.0704431262038865,0.8065134113278194,-0.06849537550861498,1.8107444550805825,0.8177534040258339,0,12.688106750235415,67.67875390710533,10.998878066739097,6.667222048236086,-10.55380676394612,3.614454369740483,1.210520073554402,40.968166849615805
SSSS,0.6165726374503576,13.699999809265137,34.362952126737945,-0.7821565987639149,0.6938624315712136,-0.20199785932865233,0.9489059579658642,0.3649649009294083,0,17.17090689193442,41.52891918324239,-4.47761491422161,3.8112620028093716,-8.54472477970888,-12.609453333073176,1.0407001020182092,40.922063666300765
SYNA,0.6128903191660067,138.44000244140625,61.80966502889864,2.295820128183112,1.1005104620574475,-0.7814241355767563,0.3601532668375066,1.6397025660305833,0,5.573346268711936,51.35017010315567,-1.964865985300774,7.039594453300844,-7.155789769430809,-1.9564592630227455,1.3312964440880652,40.8331503841932
BKD,0.5624950813503842,13.430000305175781,19.899697433969976,4.3552611754841,1.312590974686893,-0.5763683794434488,0.0,1.116899591292609,0,58.779668703442134,-10.167220892174702,-1.2869044344448235,3.8719287954573254,-21.416031682385476,0.6493448855442244,1.2296570279820886,40.78594950603732
CAT,0.5815088907732592,910.5700073242188,40.110375208296254,2.0038498118143058,1.158267733005712,-0.7063345950353938,0.9230447076121227,0.6567293476221641,0,6.674525809710446,31.870071538251317,5.897498448612019,3.905443123538652,-3.82962190795711,-7.770564521317877,1.3585320611026968,40.76180021953897
UTI,0.6505198099018592,39.13999938964844,49.96734462739134,-2.419567823334267,1.5695426438158468,-0.14721742439464708,2.120344051727468,0.6131779956717961,0,31.403618682679767,-2.0765619356649125,11.807232592194781,6.679300687647995,-14.429387945958855,4.150837639502616,1.2639270034076422,40.60482985729968
CTS,0.6062669413251853,66.12999725341797,39.57042168380005,4.107299860513413,1.2624701891102033,1.5139154512085977,-0.07560173058973049,0.173896671017703,0,5.39929563181089,51.13872909862043,2.2515925068996143,3.9635119094522304,-3.2196758651404886,-10.218829279875164,1.2722306344330299,40.58836443468716
NBN,0.5519074865521372,129.9199981689453,24.492494382277208,5.911890413590054,1.261856500487263,0.16142009043849084,0.7389214342594319,4.983835102623154,1,0.0,6.535466519134384,-5.028733065870838,3.754784373881679,-4.195155904593963,-8.24060619330475,1.1769583874344829,40.387486278814485
FNKO,0.6689363402201592,5.380000114440918,55.530208695188236,2.8779071731367436,0.921834483621693,-0.3935643632999187,1.6728652538423723,1.2081794763146005,0,6.137121139671374,2.6717623933437995,-0.9784679565856113,5.261551000062726,-11.658456818407139,-17.187498248399105,0.9099826771850118,40.366630076838646
CROX,0.5625715460383217,124.70999908447266,34.58749531749466,8.374211790575362,1.0322220628168275,-0.90865703851436,0.3127250360904446,0.7537506601712018,0,1.7300646502947996,26.660573069082094,-12.114034787274662,3.969781210546514,-3.6616438590014817,-22.008137777329353,1.121309821713447,40.32272228320527
BC,0.5522701225119816,82.55999755859375,3.5249733317042953,2.25351254119829,0.7610942897722563,-1.3157044458767022,0.6056201729403979,0.4239322728521844,0,34.6116621953804,12.386431461664538,0.1647764388824805,3.2876517073569484,-7.542307936233588,-6.73326549112231,0.9714084017646804,40.09989023051592
ODC,0.592294533890889,94.44999694824219,90.8249430238574,15.84621327322937,2.205247894010694,0.7704180694912349,2.2551586259580696,0.0,0,6.4227510532895025,-4.199208381566131,3.896264013651169,4.3235260347399125,-4.624863059137924,-10.456824266583698,1.67100577049136,39.81668496158068
XMTR,0.6490345253009226,86.98999786376953,33.530299839704305,-0.6697025750028484,0.7459837844672492,-0.634434550836165,1.5519008015378233,0.8966534066473063,0,7.015440264680286,95.74707594732014,3.4341007467996594,6.2457915261158705,-12.888045932095697,2.7880840487106417,1.1970854676193838,39.79582875960483
INTT,0.6728204221613189,17.399999618530273,114.29710349325657,2.1696338327842652,0.59608626900003,0.25890229938685677,0.9189693608023181,2.241375851587322,0,35.96365921947317,-7.936508096275189,7.4074055381651265,7.9720448768136984,-13.000001906698632,-8.577402573657437,0.9438332173163901,39.780461031833156
MLAB,0.6323451841151542,105.4800033569336,25.168992732241424,1.0904912889300094,1.82454117720374,4.005316301043085,2.6971948522308615,0.27493449591887176,0,14.500867371077113,-3.255980429309893,-8.567159462742932,7.049220320863049,-7.46556247586885,-4.940087949500398,0.9555013606149407,39.70801317233809
DNLI,0.5983653582369501,21.65999984741211,14.784130114478277,9.344236086401482,1.2201316297790525,0.6604571873587073,2.262233492832115,0.46168228148467677,0,7.335846203388526,-3.6048041417826457,0.4641575833741213,5.112450417678156,-8.876737777148987,1.9817041848624963,1.115022425373375,39.6761800219539
ROG,0.5914691280330631,151.05999755859375,56.238640778881745,6.752032049280576,0.9855731805233062,1.2116481012564562,1.3736243755886421,-0.321600247597132,0,1.5205849862327085,13.57894553267516,7.302392915204425,5.032766237748971,-2.961393116558538,-8.96831578086892,1.289430587468507,39.58836443468715
CVGI,0.6572618229215682,5.400000095367432,218.77855131304446,5.078810747099386,0.7386349033280847,-0.09846708160243636,1.6666606323076736,0.0,0,2.3892102638306696,166.00986058193914,12.862319573761635,6.931215875316521,-8.163265470233636,-13.352273608620763,1.065573596716966,39.52140504939627
WCC,0.5861246223978861,346.7699890136719,17.151573477690164,-2.778267550639166,0.9513751411356873,-1.0109637077335865,0.5190813413991013,1.1808983909878847,0,23.106493506493507,21.568980508269217,4.784300060997691,3.8701029748124083,-8.237630427498065,-6.039792563417443,1.0979235964618053,39.48957189901208
ONTO,0.6200251176945901,323.8800048828125,83.86788175951392,19.938232640752457,1.25208310553619,1.6636136771835928,0.9509653346369832,1.3894034618204705,1,0.0,30.554660791671928,5.709025765254902,6.412318297274341,-0.9420071729722235,-16.644627474880092,1.3777326516234283,39.402854006586175
LFUS,0.6090575033731593,472.1400146484375,69.22654801006342,2.457054983733957,0.9749544482001996,-0.5300503519111195,0.608929535899362,0.402428168574795,0,7.446918511384418,6.015081181839573,3.3314209235544157,4.6383789267772055,-5.679523794822644,-8.925682278321306,1.3028908682179596,39.31613611416027
BAND,0.6394034902684931,65.33999633789062,319.1235980848685,4.332408347559967,0.9164715592181009,0.16281412396417966,2.494651016443836,2.877107424732748,0,10.420811300033881,77.50609589633332,-12.360849577532127,9.324514975118811,-14.003693799431732,2.3424432187504265,1.8611529655730281,39.25356750823271
STRZ,0.6395172177035282,28.05500030517578,128.25686333777242,13.506025125663518,0.657932795729731,-0.4531981146754619,3.3683824078098294,0.0,0,0.632280768700777,155.0454573056848,1.0031975268197773,6.158565805153925,-3.258619637212526,-20.000001601133356,1.2401376439341611,39.0735455543359
WEST,0.627410370397328,9.5,118.7785501377175,15.165474920688935,1.2421621218940797,0.744304121997539,2.842110081423692,1.7894644484393079,0,0.0,15.151515149678604,-2.6315822492501604,5.572180640428587,-3.1106608429545246,-15.222484733458206,1.3477058283881926,39.026344676180024
EVC,0.614678343839929,9.65999984741211,199.51619392155143,7.464676943401876,0.7550181582519703,0.17681196027561963,0.4140782865498953,2.236020772888417,0,3.349722530103695,25.617682383314932,-7.466061492592116,7.383910247539556,-4.545454973353542,-7.718121393429205,1.2699059107437656,38.979143798024154
PKE,0.6418328106996839,35.65999984741211,72.83151033317972,5.081698797612765,1.334075445910645,-0.407155397337936,1.4862556969990428,0.4206436525982925,0,2.593426469341422,11.892058074231777,4.070944274463517,6.335630016847659,-6.649216923380504,-12.346776780341802,1.067997890152469,38.96926454445664
NIC,0.564573723203851,148.5500030517578,5.799636841554512,5.485333265176692,1.9245980673195417,0.8252477822344677,1.2655704100825989,0.6260571628800428,0,35.68397111753925,3.116760772751414,-0.9147587676792234,3.151346901279385,-8.500481566863483,-5.9696554742363785,1.0996735793352865,38.950603732162456
UCTT,0.6117634378343999,108.9000015258789,278.63700718530646,23.683942020769702,1.1580121798149774,-0.21688610994262006,1.2396680029319234,2.2497746035678468,1,0.0,79.4660530280114,6.714512163366196,7.542962483146,-1.2244884118901123,-14.614171305749188,1.459629735167982,38.81997804610318
NVMI,0.5878586585563224,583.0499877929688,65.63895906061497,14.158668688777468,1.3303404646827932,-0.19145083620761105,0.9175948431687958,0.7683698760890948,1,0.0,22.551281281495854,10.719099984110333,6.558860145870341,-0.9092515973996268,-10.842397436266339,1.4422892009868618,38.76619099890231
ARM,0.6405810734035027,380.80999755859375,160.59144528816208,17.48191706612659,1.0188838430007225,1.509513110145099,1.2919864129786751,0.9190935170897865,0,5.890081653742646,142.44603030489063,-30.516416186443312,10.623126917759507,-11.023620587442805,3.4016953028257015,1.9435046989235742,38.73984632272228
WT,0.6593060634642383,17.969999313354492,45.890699520638975,-3.1762747513050984,1.104353746632031,-0.5188128107277366,0.05564957853864648,1.0573207640906483,0,17.09854025352561,29.39499943375612,3.180207863296021,4.5830341491839635,-9.471037944037185,-9.536973731331484,1.09953992975554,38.73326015367728
ECG,0.6320149412653642,148.8300018310547,46.13438686247506,-0.2536700768509622,1.0095254686073252,-0.459440860764199,0.8499626245223796,0.4703332255764467,0,18.526171701888305,14.396614026668342,6.472627972708396,5.417829391182951,-13.257601291935606,-3.939389754275923,1.2466961820175109,38.7211855104281
KLIC,0.6251698907600609,113.12999725341797,121.65848422088492,8.546095682355105,0.837943542202582,-0.18211792361677157,1.7855602594227515,1.440817902392651,1,0.0,70.90954084113584,2.882121342605067,6.29238209402997,-1.7542372954197638,-15.87206467418981,1.4563313297367526,38.683863885839735
ABSI,0.6432131700772736,6.800000190734863,62.790451862237994,14.540786260592581,0.8637138016076885,0.17979932559989806,4.264705201119128,3.499998667146213,0,2.7864035073491484,40.206192248326715,8.122740293907741,11.056722903864483,-7.98375759581003,6.34920766873484,1.3945822341461127,38.62239297475302
ICHR,0.6117634378343999,86.80000305175781,359.682721651629,21.792942998923134,1.1942840078779149,0.2827750550900795,1.5022962894426137,2.741932223172141,1,0.0,91.73846294042723,12.333917833582069,7.911288201121682,-1.4800613822161084,-15.477928254486223,1.3709496588233907,38.59495060373216
ZD,0.6178564260635535,46.2599983215332,19.33117986736843,3.6441202603107334,0.8878052100209293,-0.26882686249203025,0.626893484745512,1.8374455677494568,0,7.474182706996639,11.523623027802794,-2.708031309000921,4.329566106619721,-8.486648823324371,-4.951433778417689,1.1343141954138278,38.55982436882547
VECO,0.6152054938631729,77.4800033569336,131.9775715125375,26.350468619338013,1.596186684786175,0.9205492469816619,1.445527966762559,1.0712465088835068,1,0.0,24.947597893707567,2.9742844781701243,6.759346658495972,-1.4249302021831551,-12.373813504398322,1.7002439745819011,38.54884742041712
DGII,0.6314726190917946,68.68000030517578,37.633473755287405,3.670271547873644,0.9874150662348538,-0.6272402715573586,2.067557021862192,0.40040990776492147,0,1.7679181608369818,56.58914580224713,0.26471218578529343,4.471044808568866,-2.980647807646716,-10.900566981289213,1.2556222479355585,38.413830954994516
CGNX,0.6569869108278795,63.61000061035156,59.77241919494103,-0.41443530532883094,0.8852665828227068,-0.6269507993154414,0.5816678640602579,0.5345073877066049,0,16.950667366376678,8.726557173037817,2.6232095997616174,4.571383936549592,-11.411071023202094,-9.262260510048433,1.1486291382214566,38.35345773874863
QTTB,0.6391394876575831,12.640000343322754,269.94894730824865,25.07421591894682,0.6507355878176347,-0.07661734404074495,7.99050792222072,1.0284818900286457,0,41.92648829909422,-1.6342414933579277,11.99999999808,16.670433543587546,-14.882154755738963,19.47626892016484,1.8051507865049903,38.307354555433584
AIP,0.6104529094108699,41.0,100.58280855392267,13.898382447983442,1.0177507171025693,1.7622058825271487,1.2682937993926562,1.8536637468583712,1,0.0,15.330522868491578,3.8564505109425378,7.0773513474946235,-1.252409566517514,-11.452993254397208,1.4851879076081684,38.142700329308454
ORKA,0.6503862104760723,69.88999938964844,114.08543212616615,15.088839850220074,0.6685649364057302,-0.23548208525097483,1.716979480189768,0.9147195463233943,0,7.672052597864049,2.628488921598556,8.153368974456733,5.740582197522021,-23.197802868263278,-26.115403706100082,1.0027134305013004,38.052689352360034
IESC,0.6330731860642288,749.8300170898438,50.75949268406366,7.906211213912642,0.8672109924973619,0.16070503362545638,2.244502843455587,0.10134946763229943,0,0.0,97.17320998200722,7.081079382283022,6.008504647950518,-2.3658831914235146,-10.720257093146556,1.249760688963764,38.00548847420417
CSCO,0.5943621621109493,121.0999984741211,44.03880001883324,0.24004521734364553,0.9200353219421593,-0.7107428960814671,0.36333810647953435,0.30552858946857225,0,6.543495760642958,56.80127481320352,-2.311086468565486,3.9406624260360705,-7.110529255341806,-7.302278256545384,1.6001802492970483,37.94291986827661
MRX,0.5980673173256331,61.959999084472656,51.27100581207602,11.104135464739684,1.0592268071139885,-0.11243379588730744,0.12104706915181032,0.24208798159393385,0,1.1785968770202866,44.33643746172216,4.802295777493779,4.6983074167225425,-2.746821574510178,-16.09756244907264,1.3396365933829752,37.851811196487375
CECO,0.6266094477567692,96.73999786376953,57.4690942731978,15.533207629099726,1.2611380002437558,0.1138676351378308,3.1321054849850585,1.0853787942305353,0,0.0,61.233329771928666,6.273235839858033,7.12808799209683,-4.444883539024602,-5.723571777250684,1.3200861538699433,37.845225027442375
STAK,0.6513306697888049,7.71999979019165,1562.501394272965,153.9473649043957,0.4866381242696101,-0.1666167157887724,4.9222814082778825,1.3989611989234454,0,0.19626447527359658,628.3019057213513,-25.00000335821847,20.942820914173623,-17.521366735739537,13.93443214491213,3.569025766864586,37.66410537870472
AVR,0.6328823941233441,9.149999618530273,63.17560245278359,2.5324923523881986,1.1090409269089518,-0.2058452899231228,2.2950824795526414,1.0928899667051981,0,8.804835355086814,50.99009413230359,-24.13793103115339,6.782199984544668,-9.763320425790402,-3.5714295310898416,1.3733958138193882,37.659714599341385
NVCR,0.6253844435314142,17.780000686645508,25.999008142023005,3.0396154947836123,0.7727163238543773,-0.4146372328127574,1.51855196835087,2.103490072282628,0,7.487901589337283,41.89944984149181,0.8310228524219636,6.34139490257343,-6.025366728283266,-1.4760133315971553,1.3280013404097284,37.65422612513721
SAIA,0.6040758576158175,482.8699951171875,30.269529800303417,2.9403444366253066,1.162507256295901,-0.6478675065819469,0.4286883312582084,1.1410959101478995,0,0.8403207833251128,26.524991243839217,0.22643831251946128,4.563930403427672,-2.3933206408550607,-13.184740729543467,1.2106643171856222,37.643249176728865
LRCX,0.6246016576177977,366.80999755859375,109.76891419230196,15.508880330797231,1.3509762842915978,-0.40875800245233096,1.9110738017673903,1.2267931708346929,1,0.0,113.18247873342497,-1.032925422338312,6.223540753156058,-1.875236645513834,-16.553315692051854,1.647555462849343,37.63885839736554
BELFB,0.612660708325297,293.8699951171875,61.66166036083305,8.0694434461781,1.0967444050270272,-0.17609444355004564,2.5147224184848858,0.43216015066836466,0,3.959642185158019,9.355108511510776,3.099771796696183,5.4137151065226075,-4.671227952649979,-15.740742063165428,1.1904864641819115,37.51152579582876
SILC,0.6402523244199382,46.45000076293945,204.08994432634023,6.085349742359048,1.0405627807057836,0.22128283730419865,3.993540391233795,0.0,0,12.79366109077429,139.8038138824353,16.123972723325963,10.332923049538515,-11.658426881944616,-3.2863886759612444,1.3323821390174861,37.46542261251372
POWI,0.6442361904205426,78.37999725341797,101.6900726614787,0.7742113941864195,0.930793066034865,-0.007301541577466491,3.6297541724432296,2.270986018944449,0,10.615330956899049,115.75773040211179,1.660382206962909,8.337105719008985,-11.932587355576073,-4.143602494951382,1.2689253952074475,37.41273326015368
CERS,0.6364764847335196,2.559999942779541,26.955546978904966,-4.67324697926291,1.0006732470189275,0.11326603111112554,4.101563335132971,0.7812492720990468,0,41.18369443507154,-5.882356032680491,-9.163347404611066,6.542968976074402,-18.730163001209952,-2.1390353866117557,1.0836013824399036,37.37211855104281
WHD,0.5728811917889725,59.099998474121094,17.935983159856406,-0.5378963486137601,0.6270968372914085,-1.509618802681948,0.5076193900142022,0.18612624905205147,0,6.546954879267217,30.11366871582434,-7.383705321886769,3.496760370104518,-7.864857094203505,-14.860544528618464,1.0809913719601019,37.33260153677278
CHRN,0.6428061129995754,18.360000610351562,270.8446571580882,4.7227951318749355,1.41958089063146,-0.0886092894439087,4.738556116097651,0.0,0,1.9225953042867516,73.53497865796686,11.272323934435535,16.11344529958195,-23.499997455889325,24.694828682844587,1.7097026454124795,37.274423710208566
ILMN,0.5712094696679054,160.97000122070312,10.822392622161804,3.5200164566820367,0.992703568189596,-0.5071479405603672,0.14151609628201275,1.0126140712190856,0,8.517823217959238,19.431668406599584,-1.1100225334432883,4.555320439442938,-9.169393910381011,2.3375180831170597,1.2293421556977469,37.06586169045005
HYLN,0.6200582363386835,7.400000095367432,272.9491061657272,18.999760424325085,1.691137527365274,0.8714401432784353,2.8378383163813616,4.459458370386341,0,5.816046239852474,23.5392383621188,-13.821131273657228,13.787643151829137,-7.151815680775496,-3.4285681568717337,2.1736566185836064,37.036223929747536
STX,0.6291761910201304,931.0399780273438,204.33566162583867,9.400389770853607,0.7637105504521148,-0.3504536444553209,1.6325842676723938,1.2942503090454738,0,0.5851992950105727,215.53212084056534,-0.7082872083423002,6.094336539394178,-3.6988012222902182,-18.351766589237855,1.4720312379434475,36.89681668496158
ACLS,0.6128279762087979,180.1199951171875,90.8859357572183,14.738170076527817,1.1680698059944241,-0.1472328584206318,1.9431490644353178,0.7744860705473547,0,0.0,119.63174054889771,5.648357409818643,6.725476897076437,-1.9061104961620414,-13.328442511443333,1.4903268024017529,36.78814489571899
ROKU,0.594972507184746,143.66000366210938,27.8573727853868,14.231192307889595,1.936807272972925,5.901321115853023,3.63358004148762,3.5082839948594344,1,0.0,59.51588669325454,0.6118368314629932,4.872616912452803,-3.506180178309954,-5.4162268777125515,1.5321770028754564,36.7661909989023
DDOG,0.6463898140642758,229.89999389648438,43.5560771139762,-0.6493042448142363,0.8065335467594935,0.03714519570342878,1.446279702697535,1.1593693281422932,0,9.162553069301078,21.81423149511561,-7.49358963842965,6.596605659384792,-17.51134533897242,8.165496723219663,1.5426517527852999,36.67288693743139
NVT,0.6157145752232831,165.83999633789062,44.34636378330921,-0.09036918763689089,0.9016255607132199,-1.3765803191187769,2.4662395604024456,0.5065101039764315,0,11.843916364216263,4.354391044949062,5.972636806503684,4.9935830223754305,-6.831462731483742,-6.077851034944988,1.40970826960724,36.647639956092206
GNRC,0.600912404619199,262.3599853515625,49.01315207709387,-1.0156557303942968,1.108535342958423,-1.0192305669903938,-0.40211645627420595,2.5436395808121066,0,12.253770137607148,22.033573025646678,10.380121509574353,5.755682489284815,-10.816509659506226,-4.1647792810812305,1.3992928944159646,36.62897914379803
PDFS,0.6285026709054865,64.13999938964844,92.8240751790273,24.41806248013426,1.3024521647221483,0.0632468861965081,2.1203626804989484,1.2316821375625475,0,0.0,39.283388603482145,3.192176830246068,6.596062622005657,-2.0763368096653423,-13.502988369338093,1.5053730777430647,36.62678375411635
INDV,0.5540520945139099,38.47999954223633,0.05305955149945696,4.020380662701122,0.7600151643528122,-0.7541344372661859,0.0,1.5852406902088518,0,6.680956745928116,9.28713587815129,0.9780669539077712,3.6057712563548963,-6.146342579761485,-5.415992741817146,1.0883733140477054,36.572996706915475
TEO,0.5776320465652381,15.260000228881836,18.25000188060306,14.32852855346656,1.7177976033648608,0.6162145505681702,1.8342044099047574,1.1140240742660965,0,4.778420130518015,-4.505627871930935,4.351329318687475,6.216016871517966,-6.608968819155385,2.278484802102593,1.3310841379409692,36.5159165751921
RCKY,0.6349863062199234,40.099998474121094,25.821876415399192,7.632886640014834,0.625895712572844,-0.4901595319140418,1.0473865327031282,0.4862930596929294,1,34.05192140771719,-12.139777000374831,-7.998782417114712,3.9209521349380534,-17.010882336878204,-13.007508918137706,1.0134537803703547,36.496158068057085
ENS,0.6256857442515905,224.25999450683594,40.645074854399724,-2.3627831620026645,1.396473871066921,0.38367065422523366,1.6320359189081715,0.20511525298465674,0,18.64014282264857,40.9928486224311,0.30046371740977357,4.652762909417299,-8.203032457840017,-6.572586529419004,1.3219094601631398,36.46103183315038
TTMI,0.6281620328365058,194.0500030517578,141.24842701065654,8.70174250688629,0.8626774263070667,-0.2529474621457752,1.685134872980083,1.9943366735863406,0,1.1867354580426182,101.12976399145303,-1.5593227501562377,8.221740065389417,-3.3037621417008007,-10.764314741485428,1.2808820288586398,36.41383095499451
CMPS,0.6342233643018272,12.079999923706055,72.07382280481573,1.8528271121848479,0.6522209280077522,-0.17697734066125878,2.4006619508326192,0.27565766815820003,0,8.131706733724881,27.695558929356334,-9.133712593127834,8.355013183735487,-18.157183356610535,0.7117431078369263,1.4037432922965736,36.33809001097695
ELVN,0.6455783545286841,46.130001068115234,120.21181697041048,17.76268999332258,2.8301779741919186,3.845227947759202,2.6663765743110557,1.6583554561428717,1,1.399173517354122,98.40860674034903,1.9266522649892397,6.393732413907556,-4.945390009274093,-20.6403785337016,1.2616543744677733,36.31833150384193
TEX,0.607091814090132,63.79999923706055,14.721516915375933,6.59146734591409,0.9686456807836862,-0.774169748841711,1.4576867256735693,1.7241355599654589,0,23.13079123788377,8.740627706210532,10.328641785924496,4.176187794535029,-10.285178912061923,-6.81818571229836,1.0381003318475766,36.12623490669594
TBLA,0.593864351115404,4.739999771118164,7.967719457751232,-1.8125368165278364,1.0612577847419435,0.5729295862711186,1.265831698339657,0.0,0,29.79961048877653,-9.021118301292013,0.40404003420441376,4.005425136706259,-9.885939829613914,-3.715166712486642,1.124488647630795,35.97694840834248
ASTI,0.6301685629086288,7.679999828338623,166.7746283467544,17.66508176058432,1.4889268841525276,-0.09910830468261146,3.3854073044935187,4.296874102072385,0,9.684555843863965,51.77865444010433,5.399999617450273,23.446801598280846,-22.188450682788663,3.350518313738373,1.7586488520476231,35.92425905598244
STRL,0.6251684705930082,858.989990234375,150.5420392723296,3.543792487543774,0.9942223157815601,-0.3211182272671694,1.6232130133282303,1.3737049240510233,0,11.070380573777111,6.574440475720751,17.46397811649219,8.164431905998795,-14.586151013203205,-3.4085748677320504,1.705602081850441,35.77497255762898
NOVT,0.5685498471158802,160.52999877929688,25.31426326552011,0.7610579326131343,1.2125254700326817,0.04881926332798184,1.0589901957009433,2.672393520667838,0,8.133642403650567,0.8417591037951179,0.5330433467738326,5.3167635066783525,-6.587143975621482,-4.266279720489774,1.3521146180953436,35.73655323819978
ALMU,0.6585680693771861,25.200000762939453,34.85052839102447,6.012645442628703,0.5109618201473728,-0.17508745025566116,3.293249242341609,3.3333262689470766,0,19.390809266524915,64.16938199375419,12.532833772125812,12.271229811434372,-20.729789124233108,16.49806051465612,1.1238063721723894,35.70911086717892
SVCO,0.6325879560043566,12.170000076293945,181.26773326891265,13.637425650120466,1.2912767850723037,0.08133188111028387,0.6573535184713247,7.641744447569232,0,7.025217066495911,141.94830153572016,11.152769685447062,10.117384556879525,-13.932109045667518,-2.2284168252411476,1.8701064969022323,35.67837541163556
TWLO,0.6288456079454465,204.0800018310547,42.709784773491144,0.02352700787041536,0.7351096006016755,-1.0328930813569333,0.06370290162947276,2.8714232446812615,0,9.78188167515603,11.3123191378425,7.442936141188356,7.004220552220203,-14.424687400465139,4.315502524170042,1.700339949443987,35.654226125137214
SNDK,0.6213723192548728,1980.0999755859375,741.8450604592248,21.94543477885673,0.8451688352160707,-0.8005672240880712,2.0983813615678075,1.14994292267998,1,0.0,243.6182170209981,-11.53668298072077,7.827357839675221,-2.055254288642118,-22.929573041974752,1.5539830704269426,35.578485181119646
URGN,0.6503245216631429,29.719999313354492,25.440011810322606,4.741931400707806,0.7905516867310759,-0.49759547317798225,5.265816184934216,0.538357507077165,0,5.0525295214949795,13.219045002751626,-0.6738505846619036,5.345366670592788,-8.1865916153557,-8.394931930676705,1.0341362458063807,35.566410537870475
TXN,0.6327829295345613,301.1199951171875,59.186493070671496,-0.32753291314639077,0.9882802792864848,-0.6710270272667559,0.6342998449371361,0.7156611365017633,0,11.414224387779665,7.2352347913529,3.1735724934699205,4.717981980521126,-9.167148427835206,-9.516041845056636,1.2831704367829602,35.5609220636663
MEC,0.6150239552381026,35.47999954223633,78.14442013358416,20.758311072436065,1.8202740061999252,0.7325009775933854,2.874860402747999,0.7609934082288989,0,0.0,48.14195578923374,8.90114329705038,6.029554488787169,-2.79452180201569,-14.397320940724315,1.6233810881804152,35.427003293084525
AMKR,0.6117634378343999,82.77999877929688,68.73515841209732,16.910899813040693,1.2375637833151476,1.5247795187155455,0.6280471956968002,1.340895140507334,1,0.0,74.87774228981408,8.58648112583908,8.213594724868178,-0.6241273811817126,-18.606142025255647,1.4538140531529662,35.38968166849615
ORN,0.6295813026394609,14.510000228881836,18.230708471163215,2.6965821067577,0.7552215583128987,-1.0118384151449291,3.3080601973239045,1.1026867324413017,0,13.743709140468061,22.758042328951525,11.369504697282213,5.124544023594411,-8.454259433772288,-5.16014177460036,1.1307901921708507,35.24917672886937
RFIL,0.6358257957392994,18.75,191.9865937838477,5.437776566851982,0.8986329511040955,-0.11594449946277992,1.984008788956686,3.893330891719439,0,2.680045371259052,160.05547710396883,1.8681326281125739,8.708568754650297,-5.159334517422961,-7.6994428959999155,1.37897301051369,35.199780461031835
MYRG,0.6446812173722495,445.7200012207031,88.29168603513085,-0.36381065437868054,0.9922510393045413,-0.6547776971249163,0.9591209469547618,0.419544806618933,0,15.532929420095995,10.105976608467246,7.210352662600994,5.747762970388813,-8.043983190288346,-8.890118363574757,1.3833761833483076,35.05817782656422
RELL,0.6683365796912535,17.549999237060547,48.313113484379635,3.5673140098650995,0.7964861401669597,0.11980128781014535,1.5384642135945168,1.8957307339853993,0,7.131459673235245,3.4787746721829964,-5.25714329280785,6.293323093321224,-11.631426496385236,-29.64959264685537,0.9817113842389952,35.01975850713502
TSM,0.5944272152719398,423.92999267578125,29.27276583789158,1.4848929265056838,1.0480654919846806,-0.6408045666357639,0.7100251969951875,0.6699210687968321,0,5.110749716903708,24.727811586949695,2.530406523372265,4.4410026042395145,-5.60628211687607,-7.028028090772829,1.3964343754012774,35.019758507135016
MRVI,0.6031195952705701,4.980000019073486,25.01787770330757,6.194691253989334,1.060332105454969,-0.11568534235477569,0.969884860867057,1.3534132202011666,0,8.32777940472414,2.6804147828939495,-4.428905801064415,5.110011844465348,-6.037738869526916,-8.362370000804615,1.1124176694603753,34.881448957189896
ATLC,0.6034043040983389,92.37999725341797,36.78022307978217,9.640738795330073,1.4219290398178337,1.739457881902592,2.8361147699176104,1.5479544789739568,0,0.0,9.002946611596387,-1.6693709023397723,5.748770658819698,-2.757897627952055,-17.085794287626545,1.2164887112338074,34.63336992316136
ELMD,0.5786799032645673,37.13999938964844,18.915761647045404,-0.8238013227937921,0.9335443793743474,-0.45388586054740404,3.2226694499189197,0.4038710652736545,0,11.37849118898388,47.0308751094662,-5.69863515341836,5.713305261652904,-7.150001525700158,-3.213531674876749,1.28894565327656,34.567508232711305
TWN,0.6455072249860054,94.79000091552734,71.20842366599342,-0.7257824822647315,1.807976184105844,2.177521422370814,3.3389607394502114,1.8250905582932162,0,14.833445115135252,-5.474668857742559,4.80008757016953,5.593189069750956,-8.371190225325842,-10.487574685316769,1.2997272341786656,34.45993413830954
AYA,0.6429261306524182,18.709999084472656,24.38933047650016,1.5247673709640226,1.0508656647126542,0.25147635913972105,1.1223997973593913,1.7103137919054305,0,26.49798280544407,-0.7953421050719506,20.261438547745218,7.490266361242324,-14.95454961535363,0.06123838902599349,1.1735855784958795,34.451152579582875
ADI,0.6040650248262663,417.7900085449219,40.75684067092777,1.7523114693232689,1.0896643008037645,-0.7769714958614151,1.0627354294228464,1.3284229390413578,0,8.449848643359864,5.246672483220333,9.976809822235387,4.827474009006128,-4.98294361014102,-9.60134859729702,1.3934281898921486,34.37650933040615
NVEC,0.6034900665714534,116.91999816894531,57.09056182330512,17.512850733825825,2.3110670578971573,1.110701460586206,2.121111354559606,2.0868991443702063,1,0.0,11.172387757403067,4.439134889431347,6.999291425704765,-2.0770547112390982,-11.35998100676267,1.421590290502455,34.26564215148189
RRX,0.6370169172406589,212.30999755859375,30.577176377986937,4.0255947282059985,0.8863220423740777,-0.7178653173948313,1.340022256796718,1.1092250739996516,0,23.723840958684388,6.363917469393346,5.299452808539264,4.717832165864888,-10.17135939243057,-8.501404848196888,1.1285858276478575,34.09989023051592
BELFA,0.6232195306112899,261.32000732421875,63.50945851831149,7.279287107764394,2.1011115159368527,2.96475884425789,2.734191341415268,0.7959654950013533,0,4.662729599856289,-0.04972456559269822,2.518575937886959,5.754440759273799,-5.390820242368794,-19.085848266038255,1.3107136030344764,34.05159165751921
WDC,0.6379378349794409,562.9249877929688,201.11903547569864,8.670659061778448,0.8903136144896637,-0.5994199627308155,1.6636302238199094,1.582788524682802,0,1.8388622783947501,211.1007556599673,0.5499339159436016,6.7820759695894335,-6.550309548188308,-13.48536941807177,1.3950484218153476,34.0417124039517
MTSI,0.6527003105478096,379.8699951171875,95.48476634905121,1.5251338320589463,1.1087804962856873,-0.33797257316716073,1.0687860612235454,1.9164448029205035,0,9.585531310823075,92.29055390940147,0.8108210896208751,6.7872848721254595,-9.317259333464808,-8.000525834759454,1.3121169838838327,34.031833150384195
FCX,0.6004893179894294,68.41000366210938,39.47453569703276,5.701488223407514,0.9688975190293196,-0.7694631134127821,0.730887258042392,0.5554703012285982,0,5.755062152446228,5.267374370998041,5.790743954707303,5.022240224762107,-5.104720297781444,-8.578417592502783,1.3974641913876307,33.834248079034026
NKTX,0.6593732909276476,2.859999895095825,43.633467911819636,0.9886962482372733,0.819965888739038,-0.1991136730632664,3.146858596419863,1.7482501445031142,0,23.482494381413986,-17.57925441813103,-7.829182669460211,7.8021976739468135,-21.643840531890223,-6.849308354390583,1.0141987586570682,33.73655323819978
INTC,0.6500321242399933,124.56999969482422,196.97418877350577,9.580486148236371,1.0787585127920196,0.6974538502949633,2.432366369668094,1.6737569957163196,0,2.9114935362520695,176.39227986807765,-2.216854729609891,7.944472034724153,-6.161958798579406,-28.503024753401075,1.2328143248377261,33.73545554335895
EWTX,0.6196379763995371,34.83000183105469,38.22022872467399,1.5259553543538813,0.9125671979917792,-0.43356535147726827,1.1053640576581372,0.0,0,16.714686586590204,-8.366210552009786,3.881210702529373,7.009555142579642,-14.559052244105391,-1.1466538174483625,1.4438200776571368,33.70801317233809
TSEM,0.6769951356789528,262.9200134277344,99.331288978591,0.8484635966882913,0.8735627363021943,-0.904564036193623,2.517874174299736,1.087783532738476,0,8.660357635397608,58.309254894281224,0.5985224486668211,8.66722123523491,-13.187602805082879,-8.953867185604128,1.098197938547295,33.65093304061471
STM,0.6403282344869676,77.30000305175781,187.04132194200034,9.64072843319291,1.341840030060811,0.3646718740046164,1.8822692680453224,0.23804104791445121,0,5.789724311290812,55.501920086230925,-1.9882051309089919,6.876178019499496,-5.060175890188511,-13.38354249851082,1.7142420533803826,33.64983534577387
FIX,0.6532061652207577,1877.6099853515625,75.50768879446285,1.4659952604454334,1.1260006518549366,-0.15206924752422632,1.8736614092053665,0.21463612402542018,0,8.92967394566106,99.77057020274927,10.10158833836821,5.605188692559065,-9.433228022748347,-10.21546519821898,1.3662281559472866,33.264544456641055
HCC,0.6200667838998443,98.11000061035156,13.92444774251973,2.832587094167861,0.6260792601238362,-1.2836223489498029,0.8765677351876994,-0.09173003499116501,0,14.76530027691401,13.816710073809437,0.48911818434950555,7.129898936768331,-11.124194987845213,6.746464749795071,1.1748138238404597,33.195389681668495
SMTC,0.6096521111978516,166.7100067138672,101.36231100182329,7.851957022825262,0.9159748456530675,-0.4714790360387941,2.3933717675383988,1.919499021864542,0,0.9669556806897304,1.368113771210615,-3.8041902648312904,9.085921596132792,-3.2780191903249905,-10.769618500594119,1.396268041459967,33.14709110867179
AGL,0.6213723192548728,112.91000366210938,561.5948408663613,22.388370005892725,0.5559902989966383,-0.2061682442845662,1.815607993313352,3.6932119945562385,0,0.5137499221959417,86.13584560710316,-2.6500215156564586,7.887635529692541,-4.5158531398270325,-103.48718104156941,1.3993705021791583,33.111964873765096
INVX,0.6280684514394949,29.450000762939453,19.660736723789984,2.586435183538965,0.7693494939489758,-0.6273547613030849,0.6451566104596893,0.27097303014659524,0,6.395233000654642,10.548053444315856,-11.626218809835516,4.5839919615087705,-8.682168176662715,-8.99711244849906,1.0986527037952385,33.09879253567509
CMI,0.5626537880125447,659.5800170898438,18.07168950102436,-0.3582165487796152,1.040738977089984,-1.1798344501729707,0.4158215394921906,0.5912890495476231,0,17.488758959984818,22.792192747593578,10.840951616285716,3.863093039805072,-7.8582333604202015,-11.070908347585014,1.193555870536838,33.042810098792536
AEIS,0.6551431466068569,354.3699951171875,51.61170516700064,11.618321115554506,0.925808837450146,0.041756996956827115,0.7421635350180694,0.5333363876445121,1,16.190355236640606,38.85750915093982,6.038881627215466,5.995750921227127,-10.80930653237281,-12.667515831456,1.1534515532212122,32.85949506037322
PPLI,0.576121760063765,42.63999938964844,4.220583094764141,0.4629675566687994,0.6669019283260891,-0.9808011632902944,0.4807735318580876,1.3602205080814889,0,21.503122948444762,3.0947745657082266,-2.8735574662638754,4.021877381150477,-7.964606724563565,-2.2516829714104567,1.3695487884273991,32.61251372118551
STGW,0.6053651590685971,6.630000114440918,5.2279439123670945,0.2570706042898495,0.8625696909537285,-0.27348096537773586,3.3182471547667487,0.754143484571869,0,17.943350822246916,7.629874652512575,-2.7777790759000553,5.095883412792835,-11.83510463596558,-4.340835851937965,1.0322795325276113,32.52360043907794
CYRX,0.6404423914568247,14.619999885559082,36.83383814123502,-0.9552203809161979,1.141104353813155,-0.09382762894280007,0.3419985712915841,1.0259891907945622,0,19.53166949628632,-4.131148291144961,-7.482998934029488,4.856361448048134,-12.612072410547587,-14.688601248338118,1.1176670753619447,32.47200878155873
BBCP,0.6197575256823573,11.119999885559082,54.555661121911925,29.535789512189847,2.024860818937738,0.11233142779008212,1.7086379136322998,1.9784196877081481,0,2.6030604527731107,6.615527901516362,-2.33837794658283,6.470323778192062,-7.178628459654533,-6.601127451084103,2.036541265891918,32.461031833150386
GHRS,0.6426051579966132,21.1200008392334,40.13354599130097,-5.023156997697805,0.970436161985679,-0.2350422662522171,4.450750896365005,0.804924571641573,0,19.395640910878733,36.610613109666744,1.9810834976431098,8.224432404794065,-18.58133999769986,-3.7364142711969883,1.1965548373353418,32.43798024149286
ST,0.6037022917428493,50.400001525878906,31.804278835294554,1.5381857083069301,0.9678434773715614,-0.7102724744992599,0.4563482842627827,1.6269834721868084,0,4.818037026465657,40.88320543386257,3.0042943214892777,4.377833707446853,-6.476151239992689,-9.977251087880791,1.4012849352608205,32.42261251372119
SCCO,0.6469241532109721,189.7899932861328,27.06024001875422,3.728234708217832,1.071157482165348,-1.1055911504592357,0.34248863389232553,0.42373109605063797,0,28.183201725506663,-6.1360728731834255,4.976129911279967,5.214032913379041,-13.934197822229477,-5.675755605288076,1.2523311465715232,32.386388583973655
FORM,0.6578309828470349,139.2100067138672,126.53874918871423,11.050401493852078,0.7876245640814731,-0.5020251935037704,1.1062374914520754,0.6249515661395247,0,11.53829605673596,2.41301715206096,-0.007814779590071336,7.932516702311008,-12.496065171612328,-19.978193737877074,1.1211545984613949,32.32711306256861
VPG,0.6313352267069784,139.52000427246094,255.40775332595524,16.27539126567477,1.3114776936283559,0.8432096147664487,2.5874430187630417,4.54587659998297,0,1.9597811702751742,40.0803277203979,-3.687467323738221,9.060268199644963,-3.79921020007931,-11.962697692482491,1.8617802878191494,32.321624588364436
RAPP,0.6550061205481315,38.400001525878906,25.44373269332423,3.936883613770074,1.253616602835327,-0.3547788917344152,1.9531249223389262,0.026037294624075957,0,11.527393350894245,24.473261104720795,3.2938075753288656,5.965402911062352,-9.15327873602118,-8.051787616626573,1.0950585921519123,32.293084522502745
FEIM,0.6390076683266387,75.27999877929688,107.45531858384909,10.534389343931835,0.9224679664437713,-0.32791527682540367,3.440494167440185,0.37194312411460795,0,2.622185671413009,61.33733181496943,0.8115297611636445,8.20175996131444,-5.533948458963323,-12.093316702562527,1.3516655757455711,32.2821075740944
NXPI,0.6539085117038459,304.8599853515625,24.2912118926091,-1.3969299293986952,1.1554847969940047,-0.8373763640584595,0.7741310708295578,1.3547218661826868,0,10.22403791002436,5.3967105796053705,-1.7710817613095353,5.265415795121935,-10.32211372123603,-5.1590122933708455,1.3279469990356911,32.2436882546652
RLAY,0.6616286359792511,14.8100004196167,86.63097982767943,7.031873822059922,0.5978813220381151,-0.5790505743623173,1.6542868237736355,0.06752348816894578,0,13.357208909509785,22.70091792744967,-6.885760037238055,7.654576026280529,-15.22609615417766,-39.27576009334642,1.0685111650589763,32.22612513721186
CRWD,0.6144791146458984,682.7999877929688,22.92976869767589,0.967604384794251,0.885418988512757,-0.6633251025565139,1.9127120375014615,0.7029859224920081,0,6.893579974816179,94.9019535760387,-11.773423023435743,6.204493316952918,-13.092175860728151,-0.3483245088322273,1.472292551693144,32.206366630076836
NN,0.6255089778917992,21.5,19.78743469133415,-0.94334173847734,0.6587071804816718,-0.045885010520887524,1.023252620205859,0.13953807741447644,0,21.044646266993286,22.367674292617128,3.606858130594471,9.28704334651909,-11.957412231988492,5.087942309573039,1.2174428799279424,32.188803512623494
AMD,0.6403282344869676,511.57000732421875,122.54637515859692,6.140691477808595,0.7958819260504311,-0.42678905706926495,1.9782229161753706,1.1112843750004375,0,3.2503058141252428,155.54223541827227,0.02446427977629933,6.852854124156623,-6.381303521215531,-12.573137258699294,1.5252073061389637,32.18660812294182
ASX,0.6270597192152939,38.119998931884766,123.52041014643554,5.58825337165354,1.4794830604139333,-0.1070549424812102,1.14113689787057,0.9181492232917209,0,8.219832468013053,12.018807814227639,7.4042570504326815,7.023871579593931,-7.2506074277355514,-9.030252348275889,1.6785182404489876,32.17892425905598
LSCC,0.6352285527212824,144.52999877929688,75.83178219504478,2.5086331830878352,0.8770833539758709,-0.8223031482202645,2.027266283330065,2.6914823375607364,0,6.07690912343723,36.64555485112126,-11.613942976766598,6.404997081146305,-7.245544868546955,-11.251831585591257,1.4374321859061203,31.96706915477498
MBX,0.605402916430841,35.5099983215332,14.718855507739438,12.533666319962727,2.067879310973627,2.8959908729264865,3.740358650207229,0.0,0,37.25224153381159,16.73240707529954,10.096152808544206,6.948545368250284,-22.551800428518078,-1.7652514049092813,1.0902218034721036,31.65751920965971
QUIK,0.6633164194986818,21.809999465942383,233.89199654206294,4.674599739193163,0.6377135848476839,-0.012079365529300546,2.613487464943813,3.094907168996723,0,9.557309245327017,38.91719573577538,2.1823508467633967,10.239404679334607,-10.357585144111411,-8.216439739761993,1.297828967076314,31.613611416026345
ALNT,0.6235496056460376,91.37000274658203,52.378901089310936,18.23131075939598,0.9243336397792554,-0.19649413113163972,2.495238621658357,0.9850076598610187,0,0.0,38.94790321845872,1.0236072439680584,6.458818346518121,-4.474546750442012,-11.323200071935474,1.499470196446473,31.57628979143798
CLYM,0.6559337144439003,11.4399995803833,441.50581353150915,4.778692028155708,1.7869054366721822,-0.10622674102278114,2.8846231595794176,0.6993000579846286,0,7.950059420547216,2.739105031026133,3.706973337026229,8.802448204008378,-8.333333332665598,-15.827344050355627,1.2753914335225327,31.559824368825467
STK,0.6265943923955308,51.970001220703125,32.88383063556661,-1.7902419489127341,1.8665244355127089,0.8323675673237096,1.2314784964468468,0.8658856116238244,0,10.62229853750962,4.6095026195937265,-2.4221601061885494,4.795349292837627,-11.101604456545912,-6.078479025205093,1.6483925952213567,31.50933040614709
TER,0.6218581136742495,403.20001220703125,89.30051410298093,9.405575132733004,1.034163877866772,-0.20377455391420343,1.190473126893705,0.4811513845900641,0,2.5566779811626783,31.672485364950752,0.834804704057134,7.66599398389389,-4.4437935609279355,-16.659179441833174,1.4377303685899583,31.45993413830955
VICR,0.6646969491053646,303.7699890136719,192.7752606179552,2.4942803449573105,0.8257184266841227,-0.6847358472885133,2.0871042457009823,2.3800939025543175,0,9.822868683013047,84.61772299004159,7.658153557355332,9.87048338169779,-16.06013520186967,-16.91957124876931,1.1019639209062662,31.40614709110868
ADEA,0.618794254219827,31.920000076293945,128.56087421328596,9.399188639629175,1.1685727984845018,-0.09974300938753676,0.9113445594536875,0.7362174491933301,0,9.181014409896768,0.4382239978784531,16.26429696492394,8.385002571685392,-6.873819034150228,-7.9377750497001935,1.828838842753464,31.338090010976945
TGB,0.659459481825775,7.5,34.909254691126065,6.731179401191511,1.080754940932701,-0.2350673737397627,0.3333346048546439,0.19999821978127627,0,40.10602154351156,-1.5748016712014632,13.648293665823843,6.623810359409878,-18.918918916873633,-5.022158840407235,1.2519894002206349,31.106476399560922
FLEX,0.6428867807081808,149.7100067138672,99.20559559417643,3.475211540641369,0.899175279350435,0.13740440253032327,1.876889066221164,0.8750233784230127,0,8.257277650328465,11.11854186985252,8.725625519944083,6.541689535483997,-10.278073734657324,-9.920874097735146,1.5833267386779897,30.980241492864984
DRTS,0.6522448600978076,9.850000381469727,86.16985489232702,-1.9534615190860842,0.826654518700597,0.5808587750214914,3.5532935452298275,0.7106664546238691,0,33.28794039570451,-4.738875859185924,-5.283383273235663,9.603334709187711,-15.23235388441547,-6.21387028230748,1.321448147428971,30.82985729967069
IMUX,0.6767257437150244,13.859999656677246,94.43406845829128,5.303141756859528,0.8361288627567338,-0.19378826515881428,3.2467588315573406,0.07214484454897366,0,6.81549350203049,51.807223246764444,2.8052117716238607,9.771180478484819,-12.111609039459502,-12.173909725291603,1.1391882517030572,30.735455543358945
TXG,0.6292673887340174,28.84000015258789,56.02377715348681,5.356408718161685,1.0341226772669043,-0.7288985904593792,1.2305837663571229,1.5603355081240178,0,9.51473771034542,72.79807806482091,-14.684013847802918,8.100332829878202,-19.09103722147016,-4.308393631595483,1.474594070078708,30.64654226125137
WS,0.6136081163963951,43.45000076293945,12.587709475651089,5.240214083791084,1.042409494917594,-0.7979689227841401,2.3014959319170645,0.023019875844904114,0,12.291788843470727,37.71791382968803,4.082636137729689,4.072825460489388,-11.198336423140068,-10.778637032128016,1.09476950052649,30.33040614709111
POWL,0.6538884819720453,294.75,137.4428193383602,3.4292631754710126,0.9613703714037272,-0.6972359705666562,3.1077196478637146,1.268868612167027,0,8.282428615011284,67.83230198615607,8.800871866635282,7.321214693236551,-10.106264941555665,-24.976083214326977,1.3332296360989002,30.14818880351262
VSXY,0.6222404258611536,78.87999725341797,43.16895484862786,25.353586660128176,0.8067228851594107,-0.8472056087731311,1.3057891031223594,1.1092799574748873,0,5.860280330189018,49.649020343386795,-8.05900076113629,7.686722342438649,-2.952757827133102,-8.918007708853645,1.5747178088061866,30.027442371020857
ENTG,0.63825889356605,150.52000427246094,50.641550336620746,10.926465360327194,1.0508982046690432,-0.8497442275003384,1.4217375291596066,1.7074191145713933,1,2.9273117645929214,12.877761402961713,5.651296443749801,6.876638246320821,-5.357149228973899,-11.726065121947508,1.4045410710321409,29.941822173435785
PUBM,0.5918468530479608,11.350000381469727,15.211537188400515,2.9665270913508,0.6939269165567126,-0.4043871244654052,0.881052197582839,2.9074882166149116,0,7.5658364784103425,60.537483808818905,-7.247894402653301,5.254877344763373,-18.227663630612458,-2.923261510034052,1.3180090283501755,29.907793633369923
VIAV,0.6643702824194253,53.459999084472656,169.94329769902603,6.897549373524756,0.8295473389391507,-0.20427116479009147,3.984103857878877,1.9341571537914548,0,5.267128178876462,2.022896045241559,7.77631523361817,8.476284584698197,-11.534008249857331,-21.0764946232192,1.2334272705187537,29.77277716794731
SIMO,0.6599809798512535,280.489990234375,186.25920347276593,3.0516086954893464,0.6825833411443731,-0.08786712969625286,2.0517683636350625,4.189097796374092,0,8.002300237329386,29.224693679661414,0.12885970438672134,8.42798174295147,-10.768596582606644,-8.565569203740239,1.4897060952612333,29.714599341383103
CAMT,0.6476417060959466,193.27000427246094,51.07483589756501,13.226009619403087,0.9037950892793297,-0.03419952934793802,1.9221794669359118,0.87442562427589,1,4.599563396474323,10.6739958016094,6.2850164764457235,6.928686070529014,-10.519005807107593,-11.222430939485156,1.226394877489361,29.60043907793633
ASYS,0.6317376007055101,23.989999771118164,148.35805527875482,14.156553441140593,1.717251543101623,3.149185297565819,7.159235943977099,2.7928306905306344,0,0.0,115.73741022349517,6.723056024120163,10.03915295092778,-6.6809322415474774,-16.820085864396678,1.3820219066461819,29.32491767288694
HBM,0.6424910783022794,27.81999969482422,44.032496591707,3.68715867265229,1.1115205935400148,-0.28754039241035734,1.0064726445253553,0.6470107828727482,0,8.359613187287437,3.441550211961477,9.344089031077006,6.758981128651474,-13.444916273045978,-6.681811606492483,1.365018428877099,29.31503841931943
IMOS,0.646932142498699,61.95000076293945,103.95437693037827,6.777207981358371,1.0132734406031239,0.7910201271337529,0.8393811729685914,1.7271988404026883,0,13.331110626675043,-11.82749945987773,8.468570907954867,7.765477921743807,-12.734184212895139,-9.136486461821145,1.397509653407053,29.18880351262349
GFS,0.6586836206990536,81.37999725341797,92.8417881480103,3.3226239801148525,0.6138460436941942,-0.5149091693472645,1.6281698480455364,1.683463741463393,0,6.605934384984156,122.1676081877975,-10.170642617265464,7.344381995919373,-12.069157676820842,-10.08137186970923,1.4076463774941819,29.06805708013172
MAMA,0.6235942501271987,14.90999984741211,5.409554353577861,1.708788626722432,1.7138723115139023,-0.45674834451541385,1.5425922082429746,1.475521591318046,0,52.27522663672449,10.362691300579781,-4.031115141047893,5.506850629107072,-16.470590874300242,-3.0718971316268684,1.1161173061777456,29.007683863885838
CCCC,0.6399659201276273,3.9000000953674316,42.66861239567561,3.972276958510452,0.7374295198699167,0.1703150536922027,8.846148247867808,1.025646135467118,0,5.825013674297195,37.809194350862576,3.030306612016268,10.445053942071203,-15.180512104037627,-4.814810136233718,1.281266186769743,28.888035126234907
OCC,0.6486100290413193,22.90999984741211,124.8052082299344,50.111386869937625,6.5171444691351805,0.14846279198689244,4.190305939871902,6.844176358934849,0,8.249122326719919,20.57894656424379,17.44097442284087,14.24144071199944,-18.120084980665418,-5.629130811594429,1.9110670998218804,28.88254665203074
SITM,0.6646969491053646,729.8900146484375,85.43982433412896,3.6013291705163923,0.9566452490671523,-0.006518699901138904,1.783824718077171,1.597505644091837,0,10.514036563910349,124.36062898516249,13.218570980688988,7.029336745573323,-19.063880792560784,-14.777190148515423,1.2383311304270117,28.801317233808998
ACMR,0.6400750401890782,93.94999694824219,129.47440025282611,15.89715175209151,1.041723383080578,1.1941507438877152,5.8541779442222355,0.9153812009341415,0,0.0,64.70896816206077,-13.293239268244294,9.967991344914791,-5.53041746477591,-16.089971041467262,1.7194598207425298,28.7596048298573
TLYS,0.6563400520443192,5.449999809265137,178.347912355384,16.55260500879262,0.7737347189472731,-0.15435525643108874,0.9174347243221432,0.3669721398676653,0,0.0,127.08331630961571,-4.6683058761694785,8.5845359066892,-7.627123368681898,-19.7619151913918,1.4789123108422548,28.744237102085624
OSS,0.6513810032058187,16.649999618530273,106.90037468865043,-3.242679461763888,0.6032164644134589,-0.591541655234923,3.2432488160175597,2.5999969068459903,0,7.89435269779486,8.610565566258664,4.234336147828371,9.562376806836474,-20.25861931058832,-7.851235217295524,1.2980028917908613,28.73216245883644
DELL,0.6390835524206261,395.57000732421875,174.89476996490276,14.11633476931757,0.9604158255097036,-0.5568722485519245,3.2370989808773842,0.9833947408553945,0,11.170387154833664,-6.020288450585844,-1.9807187358017329,8.985677472720175,-15.741153578327522,-7.1318939473818554,2.0566330571083515,28.72886937431394
GHM,0.6292238157693085,103.88999938964844,53.02633573699727,4.277389909029174,1.5309381670964022,0.12083273173825528,2.358260624326004,0.8374268473240012,0,3.9460825968728757,8.967907887647081,6.255060844356198,7.492815477716047,-5.563133013076136,-12.131949285489696,1.4514814480084068,28.615806805708015
MOD,0.6552270862099582,274.5,60.262725999194686,0.018035305265022554,1.052046998703015,-0.04181212040737925,0.8487110798010976,3.023674970105105,0,13.485371982112685,111.2025832274613,14.392799330686554,9.483728103578137,-15.081206496473069,-8.31950618922642,1.1851102776126303,28.58397365532382
APGE,0.5666519987646328,88.33000183105469,7.637820718346866,6.9215144740676475,1.1253763377629948,0.02036752648603611,2.0151689600111826,1.064193843438964,0,6.033197811583197,26.149680185024536,1.7637984654078498,6.155085569868786,-7.3283328241765755,-2.706551326077853,1.31488749935499,28.57628979143798
GLW,0.6569869108278795,179.1999969482422,82.38652084027922,-3.134475656676848,0.8703991390980412,-0.8516308022161496,0.8761201735195617,2.561330838892997,0,21.765470318336696,-1.1540284398020944,7.869212228343657,7.863900913365056,-15.25820156888933,-19.25831973133275,1.1925601092056373,28.49506037321624
AMR,0.6200667838998443,200.82000732421875,3.727110401551581,2.700742982109108,0.9323094785050525,-0.1953254629225084,0.7270149396587443,-1.259834024007209,0,42.66310931291792,23.467577534489372,5.326217541179437,7.109457987043479,-20.880938645664475,6.620281733235172,1.105596043598648,28.330406147091107
PNTG,0.6072248056873246,32.849998474121094,4.508905444062172,-0.9572658986724668,0.8970765048746664,0.40335881897541753,0.898027389151928,1.5829542828061123,0,28.14572957134494,5.4236156448348165,6.260166064243525,4.6690590296849654,-12.49334663532582,-4.34925758876318,1.1995480116655237,28.32272228320527
XPRO,0.6194186679663521,16.459999084472656,4.0143504810433495,3.2395583898815166,1.0702863354854888,-1.2143095318000279,1.876073318093439,-0.45565472118189637,0,41.88808707997833,26.90824013355445,-2.557703242820823,5.061534841311962,-12.119596973420117,-2.7076955940340937,1.2269638092659214,28.31394072447859
LITE,0.667647165967252,921.5599975585938,143.2981625912342,1.7376509800057698,0.9271601741190759,-0.5354632452868093,1.3780993359805627,2.8674191439456385,0,13.194103855271713,30.467902514448124,3.7242588564179635,9.579385067762022,-15.116797586104457,-16.93323433394236,1.2400547932748671,28.21734357848518
FLR,0.5857346998631858,50.7599983215332,8.491291834242265,7.794728076774811,1.0294122423195486,-0.7459667781955341,1.7041010777236538,1.2411368970348577,0,14.840867739015156,17.201562484051397,1.9784600849666434,4.759794253267671,-11.721742049303616,-3.1966361348477474,1.3933649849069407,28.19758507135017
MEI,0.661005252598122,12.020000457763672,62.683673093206124,5.3785162116344125,0.495252583449814,-0.18592676651437098,1.9134736560566232,0.4991715251803794,0,21.36255937475436,-13.338135853830671,2.177864925600974,7.505348011318234,-22.700962633090235,-17.482521882817696,1.1313251833832816,28.14050493962678
MCHP,0.6583568764143792,95.23999786376953,33.30493497264375,1.923365226124684,1.1391622511730983,-0.7862374377149218,0.4829893897370778,1.1077281907059335,0,15.224006424148802,26.669654658264335,6.110879463249192,5.822883054967655,-9.623260140351487,-8.93241000510388,1.3302121830368026,28.13391877058178
ALGM,0.63819168288714,50.404998779296875,63.71284459059916,6.326761822780655,0.7533407488765199,-0.6161837702658335,0.10911676719905143,0.9721215665638893,0,4.802765027098481,32.71458500918612,0.6004012684646449,8.180168642198458,-7.343754842742258,-11.171175092554703,1.4318978760138317,28.07025246981339
ON,0.6530265360136915,116.79000091552734,103.46589365815436,-1.6194576890929564,1.0340464714196325,-0.7289566834164051,1.5369450765123644,1.661103199059667,0,12.541164570022561,111.53777006176074,7.400525414289906,7.579845355842571,-13.437590794050719,-10.112535407679148,1.51000747036257,28.047200878155877
NOK,0.6458384458981496,14.800000190734863,129.44794681056584,-0.8209070001055419,1.0189177254043515,0.8675756947486664,1.8243209499425417,0.7094628010159256,0,14.442381133700932,-10.085048517426,1.9363743583206048,7.509652615389642,-15.186249032612276,-15.477625900428857,1.3883368991662086,28.029637760702524
MPWR,0.6442189725536522,1577.3199462890625,53.213099104307425,0.423669916833611,1.202360559941664,-0.3331391859492958,0.3937110554151638,1.2128170272497507,0,17.461144890809976,68.9392539841122,3.266477794510942,6.822422064119851,-7.979162252765196,-19.17802871781662,1.3654955800553237,27.997804610318326
MU,0.6412177981963902,981.6099853515625,264.0435046393125,9.907039334302898,1.1485185883013918,-0.17615740921493314,3.159078159643876,1.182749312334325,0,4.76047136910048,13.610950597401303,1.7925070559168126,8.930516064975096,-9.88534273236481,-14.587468471283154,1.6342403705188473,27.818880351262347
AEHR,0.6551974726954884,108.47000122070312,311.2813575724398,10.128537567717224,0.554200824978917,-0.45122480994024783,3.7153118225378394,1.8438277657176163,0,3.691420737833447,71.73844439841326,14.143308072159854,12.38262052702899,-10.944172000784583,-73.88889712865323,1.2995426007094002,27.709110867178925
AAON,0.6588518431147792,127.19000244140625,45.77152437227383,-6.048289231214017,0.8361308413390505,-0.06090145352619631,2.3035624394877914,1.2265155735763726,0,27.820266441892592,-1.5252525479137888,5.435716675027812,6.94094065295315,-15.407022469768068,-8.51164614807578,1.2591120080130875,27.64434687156971
SEI,0.6585551696434315,74.01000213623047,27.52311491428634,2.392094905191131,0.8186055493467314,-1.156135470930288,1.4322355465255714,0.33779218048993725,0,10.519334516523319,17.327905964579443,6.183710026739304,7.1241309527542835,-8.740144061818237,-9.98737300740334,1.1478443510515306,27.586169045005487
WULF,0.6330777506744277,26.059999465942383,56.86113769060866,6.300094208318159,0.9027010049907159,-0.8474938066202317,2.072144768123827,0.8442030616062199,0,3.7168686304159824,56.516516891533605,5.171700438570909,8.381757582800988,-6.191508920545328,-31.4226608282906,1.3126014126763694,27.295279912184412
DIOD,0.6538884819720453,108.75,97.58881344931642,4.3470755759269935,0.6342613563410732,-0.3355148832339257,2.3724154768100814,0.7793066967421156,0,13.904506274913924,39.4230769225715,7.091170637575981,7.701641514970752,-10.83141946829202,-19.39930804062678,1.4093071878195393,27.287596048298575
OPTX,0.6607342921768907,13.25,751.8954452336259,19.801084575962953,0.7076392653149292,-0.11450269791726742,6.188676941602505,1.4339590971242353,0,0.48460826993758077,432.1285118446179,-43.19371428187956,13.670618514809005,-11.193029943983987,-13.814951762452896,1.4285400829047756,27.130625686059272
APLD,0.6323144400414185,42.70000076293945,29.292199715140853,-2.1769614210669492,1.0129674126728447,-0.2425082106709166,5.269320748818688,1.0772812089997192,0,10.894952210909079,33.68816546221271,-2.8045416376350154,10.20508394101434,-15.82059724480353,-4.409962979810369,1.2597251153990336,26.903402854006586
ACHV,0.6308970884748472,5.519999980926514,11.24550596224183,8.458590373358248,0.9920225544373268,0.12388814315511407,8.152170484393444,0.45290027987837883,0,11.168275173333988,14.760915726520315,20.55267814948457,7.472825619157442,-10.38960847784065,-5.732478416168442,1.0898282693514212,26.84742041712404
SLS,0.6479547510114678,7.829999923706055,290.995597782162,-3.755147872233522,0.7935401916951651,-0.7060776475270487,3.7675616747214704,0.8761136856627706,0,11.716946342063432,19.908111361864382,-1.8867906337900375,9.7077177847821,-17.66561792392991,-19.952497500643513,1.3289058543488612,26.74533479692645
LODE,0.6261388540434134,4.099999904632568,14.260304848682615,3.7186913855325714,1.031819225827451,-0.6060609227997685,1.4634132722079642,1.0975628616996878,0,5.85986289142695,52.41635007044869,-13.85542311017805,7.412888619593113,-14.5833387112698,-2.9220829476637062,1.2516379637835866,26.720087815587267
SANM,0.6509629208517489,255.1999969482422,42.34214739622604,1.5137547578479658,0.8282392402614878,-0.47160810339608505,0.48393441423010564,0.893416460247981,0,7.290701266604881,78.22473119370783,3.1730263133293226,6.84882862783245,-11.597615552465644,-8.956832322966509,1.357327660011568,26.69374313940725
KPTI,0.6526713436898425,9.5,38.11075137159137,9.421793498770207,0.7200796722333658,-0.08274039954789064,7.473684611286692,0.6315833643198251,0,4.538807564254064,74.6323510905927,9.438193649697121,8.197743552071707,-13.557777998306436,-40.206178802924235,1.0719467659871533,26.688254665203072
IRDM,0.6577269813965354,47.31999969482422,145.96811026497753,-0.820557084345345,1.1604141375101151,0.6989516858910518,1.3736215455618443,2.7895175471455107,0,10.549218203829692,179.38526319377124,-5.22680276712058,8.271947194749877,-12.093631645306564,-21.49369203895506,1.4633451969286513,26.63995609220636
CORZ,0.6420549673589694,27.600000381469727,50.7672128562439,4.723962669125313,0.7074068732251368,-1.0665453186558271,2.391303761833683,0.7608731482289116,0,4.920054800781187,12.05847065278625,0.40128563868201067,6.747152894712985,-9.389359123017684,-17.516335411219234,1.3979715711297653,26.549945115257955
PACS,0.633321115841676,36.279998779296875,8.086783328779212,-1.3218772611826164,1.062319674481346,0.012745550158402355,1.7640557088331867,1.9156552320549216,0,54.70919534315074,-11.533771606221697,4.7414905314461935,4.630254942433458,-15.784593227890978,-13.577521736389572,1.0099829463748533,26.43468715697036
FROG,0.6261590349705225,77.73999786376953,4.615073049575202,0.04568240406952269,0.8730215759567794,-0.47084495156066863,1.660664267648504,1.4921482693280785,0,7.661586614878248,105.93376917274225,-9.772588247253228,6.480027362521827,-12.808440252526546,8.254230448797347,1.4413746448636529,26.116355653128426
TTI,0.6127773836343607,10.399999618530273,10.49894729448333,1.2608892093204476,0.8482605984352807,-0.8622005967113336,2.644236367933738,0.480771082346651,0,32.0446777070444,14.790277447055159,4.1821542718505915,6.164149494742543,-17.065393537974728,-3.703708767242777,1.2445047655771537,26.114160263446763
CTRN,0.598710610750534,50.63999938964844,1.8807006516430969,15.028165626078563,1.1004959642661407,1.198058017292544,1.757502765319526,0.0,0,4.255202069035995,21.93595202962932,10.865003295915544,8.314995746453228,-10.813665941428424,-2.7217073231100937,1.0730171740389136,25.951701427003293
NRC,0.5931413803054533,18.790000915527344,4.509460001176135,-2.7835230578631616,2.346938775510184,-0.28223283171064295,3.9382636243901072,1.596599945587571,0,31.76413072092061,-11.701126365864164,-0.5810914346138472,6.202005597363929,-16.791661439513057,1.6724389443983856,1.3684100679969582,25.602634467618003
VSH,0.6411745400615779,59.380001068115234,269.4885146206785,14.62103559611414,1.7775545937624473,1.3664595616804727,1.5409179595080658,3.856518818283452,0,7.9623752206014435,1.3656524616610566,-11.002885774384582,10.974713869489578,-10.907727368665991,-15.860945683526445,2.411097850551148,25.598243688254662
GKOS,0.6283403095921658,126.80999755859375,8.144882823982469,3.0983980076123,0.976695238195522,-0.6280663664402192,1.151334076148897,1.7979645321145918,0,14.656904448184285,5.472838740651972,2.1948612389231448,5.826827171567396,-14.381205160919649,-6.045807524355444,1.1253611051282058,25.46761800219539
AVBP,0.6077290570046833,30.540000915527344,16.926759885038535,5.172535309385051,0.83272023435916,-0.1632575184739391,2.6850021945495723,0.0,0,8.090489387521771,30.34571283585292,4.996481606023813,6.232108012209457,-9.150404897101708,-12.510325237085015,1.1272443319542216,25.3556531284303
BWEN,0.6091993555130755,4.179999828338623,9.252289150791349,7.662583982697874,0.5460911700246986,0.02920416640512191,8.610048143665272,4.066976229606333,0,39.65038957929964,-5.215420112912283,9.16230132611103,10.013500065552888,-14.693882711605944,-2.926826543702068,1.1052425088864255,25.187705817782657
MRVL,0.6320172670204826,279.70001220703125,194.35148151270735,19.703848493318407,1.737833430839102,0.737822726855693,2.9603140571686843,0.9195533981185231,0,14.79330554461338,-7.27663919559462,-4.44188877696009,12.00699633256007,-13.726094486216564,-12.388718065621331,2.342266955279513,24.902305159165753
F,0.592618331394761,14.84000015258789,4.77805363371635,-0.7789242521278387,0.7206130867417098,-0.858627843370411,1.0781660765241028,0.9433985301469543,0,13.34338767993514,9.35888346522571,5.593919140147605,4.899885955682457,-16.535435435053085,-4.794520604159269,1.2660824286431969,24.67837541163556
HLIT,0.6451326246292034,14.930000305175781,31.957367101045687,3.6733579710443656,0.8913476818645174,0.09004527841493895,1.205621887542817,1.4735449599274668,0,29.73145857328498,-11.656800933166219,4.797603717797718,8.104487698687468,-15.55429837317028,-6.718057948629262,1.3078469281102345,24.588364434687158
SKM,0.6479547510114678,38.31999969482422,79.90305742213275,-2.4328139707464884,1.3359179308159328,0.07180442839115976,2.974946238772191,0.8089706708101327,0,20.487866430167454,-13.751970669021741,-1.0341301000844116,7.586490624397286,-18.779144876757883,-21.16366570147755,1.4056224639346446,24.512623490669593
COHR,0.6509242943356066,385.0299987792969,86.50708207051312,1.587142416807456,1.0219229636291816,-0.2117049862021991,2.459548931434517,5.2151507890659445,0,4.886176400791308,51.807748044904436,6.652838020180006,9.918705467976302,-12.493182095585952,-14.677163005616755,1.513879091210403,24.177826564215145
APH,0.6021760224708298,153.8000030517578,2.8420925072067726,9.730954391511213,1.0577510135814132,-1.1024654380176748,0.9232757742262284,1.297145862404318,0,6.143677295389109,5.579596273715554,3.351653958660641,4.686744904502107,-7.744257590066884,-7.81518869691585,1.2135720667192993,24.039517014270032
HUT,0.6479547510114678,118.86000061035156,149.67262119172602,3.867278210261567,0.7328591998955629,-0.8317580194680544,4.57681508785615,1.5732817911524046,0,4.4668313109514335,9.10592798470861,3.757886538447972,9.79916276010406,-15.582387759739838,-33.91046738023982,1.5514164730639977,24.0384193194292
PENG,0.6546740031206372,64.12999725341797,177.6726930052886,11.160217604872221,0.8793380133269026,-0.32091180496420013,3.6020546662889688,3.305783599949737,0,7.400041455576901,32.856839952183655,1.274266324645249,11.323094122660295,-12.438559360927732,-25.20548154091875,2.109998880171177,23.886937431394077
BB,0.6412177981963902,9.1899995803833,101.32315006727207,8.238615030960993,1.0551895523327477,0.265938758966676,2.3939094347128753,1.5233884224765597,0,20.049334188516426,-11.121862235229752,-7.6051825243999644,9.575627362588133,-15.919493833951016,-13.690477749165195,1.777131867434736,23.751920965971458
VELO,0.6617545959419852,25.5,188.0174282861365,18.85618450252172,2.6398634121970304,2.792604847291606,8.862745995267485,6.49803759979496,0,6.6299241794791035,-16.693892545877784,-2.469756891758652,15.264144598268995,-19.68503936945874,-13.943810617281239,1.6419717904244753,23.470911086717894
CRDO,0.6211363932580051,250.80999755859375,50.266418887616624,16.72666237550751,1.5138206875522378,0.5422281435312319,0.0844066989007581,3.863440741663595,0,1.4958133971291867,157.76977357708824,-4.795711729405757,10.755284470512793,-7.180186072340325,-12.520853174905056,1.722803716211973,23.127332601536775
NBIS,0.6621781054159537,232.36000061035156,139.78021218780958,3.5802410399249767,0.9555876639673133,0.12278773391224691,3.8474790918766684,3.813048970149952,0,3.333035402546697,99.74211033436505,0.551662335233283,10.895132506154216,-16.669056210662546,-33.722418746053776,1.5862576817680039,22.961580680570805
SHLS,0.6035040889988957,10.430000305175781,12.784881467937659,-3.731220535703267,0.9560541133691169,0.19152146673023052,5.129432710518012,0.5273279344317433,0,11.276073336182472,52.59693118417999,-2.9094877748248655,10.25544442083952,-20.86494640452646,-1.0144883166171366,1.3552215920649857,22.588364434687154
PGEN,0.6372098727257459,4.449999809265137,18.286435222559838,8.127804939312831,1.3539730480787338,-0.019176174534728484,3.14606454954555,0.9011151130072208,0,21.39747811450019,14.395878897561056,6.956515247584859,6.709631048648995,-18.647166725107034,-8.651397157948267,1.2095162028716577,22.043907793633373
LPTH,0.657735185448928,14.260000228881836,53.18382625581726,-6.736427599379384,1.0159078055794761,0.8194296685156318,3.8569437718685142,2.31346271097196,0,24.405289239809193,1.9299532677747306,-17.530865688399626,14.155429115315274,-24.7096102057293,-18.982382871869337,1.222116976021617,21.864983534577387
VSAT,0.6449382577835528,70.16999816894531,79.67957713076648,-3.602046706194705,1.6127374360240918,1.9677320048742535,0.27077447108674774,1.824139678893585,0,20.358027809353562,107.54213344487556,4.764469407913366,10.258761424560014,-21.850988468996267,-22.462966946749464,1.4591136432055558,21.380900109769485
DY,0.6322916419271828,469.0,23.310331896560044,1.7958607616241022,0.8454707665552171,-0.3258853550663517,2.2318760723399906,0.9019213190445855,0,10.259530907089294,36.18676849697822,8.104576127560092,7.208306332604753,-17.20655564177027,-12.712615155618426,1.2418774552435432,20.349066959385294
BRKR,0.6152352130405764,54.22999954223633,7.259065859672265,3.828222794316398,0.8822568793285974,-0.10778567245047554,1.5212995941143224,2.4525134198038216,0,14.646577111713588,44.79186219787176,-1.856883373276787,6.3934039310425,-15.974591302881185,-5.266068776896843,1.4910916278838326,19.081229418221735
KZIA,0.6299326594409612,14.279999732971191,3.068309782935841,15.83857048875858,0.7189421462221837,-0.3533005582555914,0.9103649640248672,0.21008216757752446,0,1.8337679735979557,23.85082448785832,4.772233195989241,8.008203068520633,-17.931034217133558,-26.74095541459034,0.9546262275366861,17.403951701427005
LTRX,0.5909036071399891,6.710000038146973,6.60015531464786,-3.8199663007727076,1.1841122193874187,0.09520883667569223,2.3845055635738572,0.14903470675847036,0,37.96800550563731,-6.2849136702835855,0.15503491998190738,9.357036312413308,-23.31428527565582,-4.3643267526047875,1.3236814456894301,17.154774972557625
RMBS,0.6706490097084424,146.55999755859375,28.682903181610996,0.44651083890094656,1.1157307076227265,-0.23345837386958287,2.940773492331175,2.988540499280178,0,9.559629726672366,48.86744753801832,-8.707649874018426,9.980798305731808,-15.818499471153993,-17.376326195577686,1.5331426289250156,15.409440175631175
CIFR,0.6451326246292034,24.5,24.081574391269278,7.0675507234515,0.8684708198521089,-0.16723424156915442,3.5102065727202465,1.714286025619602,0,4.550548833232434,10.859726592738038,3.4544657967812844,10.829446753677056,-14.39553011277899,-29.430381057700238,1.3973206998829806,14.623490669593853
DUOT,0.6257142674068275,11.680000305175781,7.034999503949946,-2.788179748444401,0.7488407510895959,-0.40546007849370497,2.225171971452702,0.6849308356931708,0,19.2392299455553,54.70198688156474,-26.193247494416106,12.010087741767398,-23.5602060894787,-6.307689959215884,1.4909281329711899,11.195389681668495
CLS,0.620870850649299,393.1199951171875,4.257488799133147,3.06829451193258,0.7495103106401518,-1.112223140516442,1.3634554170996036,1.915445378715234,0,12.8230017080956,31.039998372292366,7.028488058266564,8.35332044127258,-17.068540782291183,-13.715226709729,1.368586480809926,8.654226125137212
