Ticker,Win_Prob,Price,RS_Rating,Bias,Vol_Dry_Up,Vol_Z,Up_Shadow,Dn_Shadow,Turtle,Ov_Supply,POC_Dist,MA20_DP,ATR_Pct,Dist_52W_High,MA50_DP,VCP_Ratio,Dollar_Vol_M,Resonance_Score,MktCap_B,Cap_Tier
APGE,0.5930811183394672,132.72999572753906,62.909382367164234,29.605846365523835,1.9371594446798637,0.6579382962902484,0.07534551852179568,0.05274416218767143,0,5.506419900451049,0.13579228339180724,-4.678434983166919,4.1631248377097965,-0.3229257455250746,7.147501687574394,0.37427988636848036,365.52,71.29448491155048,9.98,Mid
ZVRA,0.625367157563585,14.34000015258789,52.91471888478505,13.34624528028682,0.9201014411396258,0.07947950433656464,1.673638553330948,0.7670893247796805,1,0.0,29.656415987625255,-5.221935538464483,4.42717644950799,-1.6460889736458806,5.529523414375856,0.8777976714325799,25.05,63.63787721123828,0.85,Small
TRNS,0.6127043356975548,92.7699966430664,48.8306748145019,2.0566418248339327,1.1174942867293831,0.9005654890219158,0.23574887522301194,0.9593694634459101,0,1.8783767141258427,15.500494267169989,-1.9071408502648355,3.8950945349324106,-2.1000479614617955,2.7711911169159964,0.7931762283726279,16.01,63.59729448491156,0.87,Small
ATI,0.6210845536753489,197.10000610351562,59.779740386861334,2.4183439496057204,1.2189014817051804,-1.264588194179205,0.7762550643887689,1.2328806998015818,0,9.367883317026672,-0.15196950468222534,-0.6481191696242777,3.818221809324488,-3.998826921565315,6.316050603613261,0.8993452015639039,371.93,63.463059313215396,26.9,Large
NTCT,0.5550169972137298,43.54999923706055,47.619593622166256,5.8644775178909,1.2602794918236198,-0.1403532382075388,0.5625693138259545,0.4822022689936753,0,0.0,44.925125931122324,5.177241523676416,3.133508888244785,-0.5707762656369169,0.8643842685944219,1.0552274255496847,28.22,63.21540062434964,3.11,Mid
GTX,0.5543725239022314,36.22999954223633,100.4369751333265,7.7391993904210965,1.349537412902869,0.31188954779208633,0.0552041347386815,0.24841334176801694,1,0.0,3.189971268535535,-3.3322683306691725,3.4598406653532447,-0.05517367658791763,-5.524867130810671,0.9978042071204167,112.18,62.61602497398543,6.78,Mid
MITK,0.6018596689394319,20.1299991607666,82.23287941555438,18.17194038790889,1.553191385235318,-0.035896919450521717,0.17387857038375776,0.8435162034681299,1,0.0,4.354578565725011,13.82205430646675,4.504576696162058,-0.17357675759912594,5.6765655331673885,1.104721833255187,24.43,62.45161290322581,0.91,Small
VSTS,0.5905187545302418,14.520000457763672,112.92555926560843,9.095010545408996,1.1421856595094508,-0.8066879171106996,0.8953175642804838,1.559920826536388,0,0.9168975203644496,21.000003812947266,3.335921595728814,3.880607541938493,-2.2222216512237685,1.0111261677268868,0.9684570365052574,23.8,62.42976066597294,1.92,Small
TH,0.5984575816244083,20.360000610351562,131.34052919999118,9.289033509726172,1.0945713011604146,0.2568202880095576,0.7858538438496052,1.031429657008816,0,2.360564852038373,60.821491746741465,2.6790972029732623,3.804728136715834,-2.3501187632118525,3.9757422269651754,1.0697553501941004,32.53,62.413111342351726,2.03,Mid
RLYB,0.5590157437250551,16.0,181.94383396542185,0.29461590047518094,0.16602185372293157,-0.16335006457597046,0.06250143050756828,0.812500715204956,0,3.193185031292072,13.314448509525146,5.69058058095513,2.740178789411272,-8.9564097992296,-4.987832530940162,0.7124288655750409,4.71,62.10405827263268,0.09,Micro
CGNX,0.6075057074934856,72.41999816894531,89.94598623548559,11.672228723823862,1.2933105261044031,1.3805933607603804,0.6351824027849234,1.8641238721838995,1,0.0,23.785206662782166,3.4808168644963056,4.370339554870404,-0.6311733010456051,2.2342373369264643,1.0341750855486527,175.77,62.00832466181061,12.05,Large
TDAY,0.5718746161609696,8.550000190734863,48.9952482084717,7.14957274192688,1.1557947400682178,-1.0993262397934438,1.2865456632805794,0.9941524706530499,0,1.1000343594618274,30.73394862841846,3.799018977186198,3.245613357176519,-2.2857121056260525,0.27359755239851535,0.9341019132610142,14.11,61.83975026014568,1.26,Small
ETON,0.6164335423059392,36.20000076293945,106.33827237244616,12.851689160978655,1.4548080878334122,0.37564156935285575,2.099453370695901,0.24861920079721125,0,1.5010609357385711,105.0991588911029,-4.428174491651584,4.731649375856679,-3.4409198659328815,8.067094184610815,0.9585462594334588,14.8,61.354838709677416,0.99,Small
ALOT,0.608665955981118,28.469999313354492,238.44129107251192,32.181905243884685,0.9824592379632537,0.3543027219866568,0.035125497445283926,0.035125497445283926,0,13.94171472871859,0.4232766499677622,-0.7064907675050502,4.521049950417452,-0.7322210236380949,-5.9925034767118746,0.36646395309608953,3.83,61.318418314255986,0.22,Micro
IMUX,0.6188960475223924,15.369999885559082,165.2212054220429,9.484630554583418,0.8022466165095137,-0.30471740374968564,0.3903673805154141,0.6506143691182372,0,0.9433397970554622,68.3461083485081,20.290810782553343,6.79524112346505,-2.9671733741893282,11.999998091451367,0.8526521380467527,4.24,61.11342351716962,0.21,Micro
IRDM,0.6024608015858626,54.849998474121094,212.910566915191,17.320415884430606,1.8793262522811798,2.574335439443368,1.020787979449207,1.4038294971200944,0,0.0,0.4762746305215296,0.6902297665434116,6.930972855032751,-1.0104731905841668,6.905618624645298,1.014005151270486,155.96,60.72944849115503,5.8,Mid
DNTH,0.6014219846403873,97.4800033569336,124.28465636599815,14.449418723280724,2.426970690094167,0.10786705987356442,1.1899835789454096,1.3130885670950274,1,0.0,2.23388035330516,9.200666303218679,6.077437099565396,-1.175989497040505,6.294233982478817,1.0170343120491314,89.36,60.543184183142564,5.33,Mid
IMVT,0.60539328401911,38.529998779296875,38.532098333654275,11.501784579878064,1.051687248324704,-0.1798057572999959,1.3366192731669466,1.1419637701467744,0,1.8511068802625603,8.352073372396134,6.269024147794397,3.8997427487229093,-1.9093686947266542,2.457335604361439,0.9252971762542819,77.67,60.31217481789803,7.91,Mid
DRTS,0.6106729209262012,12.579999923706055,137.9128392023878,25.467509902513612,1.1590635988726137,2.7548452661680445,0.23847164666729823,1.4308374608807537,1,0.0,21.663440404697706,3.983447805086045,5.627411680021754,-0.23790431233617765,-0.7472032578390428,0.9102547374144022,11.48,60.24141519250781,1.14,Small
SPHR,0.589225189387308,173.02999877929688,76.44364155241357,13.328157741134818,1.093746035493296,-0.656417029844704,0.9073613450187047,0.23117907767042475,1,0.0,61.063016184642024,5.679790676755014,4.1817700598572465,-0.8992023306568175,3.1620795636475254,1.0962908866861858,125.48,60.05202913631634,6.19,Mid
CALY,0.5725612786824412,18.790000915527344,51.297287663220814,10.19558911293866,0.9176666338542829,-1.177947248467265,0.8249104794304294,0.2394894842946179,0,2.0933545858178846,49.24543834237032,-2.624675709880243,3.6360511873009016,-2.944213206739284,0.3255158735342564,0.9243307903543079,52.39,58.64828303850157,3.38,Mid
ATEN,0.6086737943990577,37.36000061035156,99.05392459483772,13.051110781714367,1.2313470773419213,-0.34942061142340336,0.8297579055701609,0.0,1,0.0,74.46479671760981,1.7755274477419818,3.9155703593709656,-0.8229295823037202,-0.03630002050069803,1.0905585375428073,42.88,58.63163371488034,2.69,Mid
CCSI,0.604389118039169,38.150001525878906,54.62947092929282,9.625653457191357,1.3441677737321225,-0.4516856235516106,0.5766642128463831,4.901700804827602,0,0.6696599805961057,66.59389589833296,5.435079080963567,4.570304974927848,-1.57377921066543,3.0830627161685045,0.9801965372523975,6.31,58.576482830385025,0.7,Small
OII,0.5537681872823754,40.52000045776367,58.96140416117812,5.900034921087875,1.8232276763606248,0.26267939205950736,1.5547903775479295,0.2591301605319178,0,0.0,1.224086168865886,-4.67414547046709,3.7741495894163806,-1.5309867429864419,0.26702880314665156,1.0240814031773084,45.5,58.08220603537981,4.04,Mid
KOP,0.552815651230342,44.900001525878906,58.61112462940661,3.720304190856333,0.9605294712923081,-0.8627120873886567,0.957684388759689,0.5567928541168092,0,2.057798412922974,28.19967503071033,-0.07283951200221099,3.062360697710655,-3.021379927910385,-6.871849156767539,0.8912837335410072,8.2,58.05202913631634,0.86,Small
RVMD,0.5989540603645104,187.27999877929688,123.17186450185895,15.598158526524596,1.7433897599713595,0.19504258034659772,1.4283442274558797,1.4416899646660215,0,1.2975816564510647,57.855697692340726,9.28029561475656,4.140973561868782,-3.011472282873715,8.968580631801135,1.1797776059531262,600.13,57.93340270551509,39.82,Large
GRC,0.565826407285797,91.73999786376953,78.13971867436851,9.235090331144054,1.4573174016152588,-0.4837361493218114,0.8834762562645158,0.741225551561647,1,0.0,34.734411338539516,-5.6980119790348605,3.230441211229674,-0.8757393074167137,-12.481685510966283,1.0465593544509637,15.12,57.635796045785646,2.42,Mid
SN,0.5846643818452559,152.27000427246094,24.81634860550759,13.83736978853458,0.7269985458014695,-0.2135471618828371,0.12477995407751193,0.5450755559020385,1,0.0,44.15413067436415,3.5708501157739723,3.9865738006274185,-0.12462444774884157,3.2274253006403764,1.0544092733473485,319.6,57.57023933402705,21.55,Large
WTTR,0.5579537906734913,19.979999542236328,80.1923068388203,6.864919796165298,1.4999280906651877,-0.48245014199238745,0.40040002770238514,0.6005952684087419,1,0.9315118191690425,57.60103052126294,-0.652888164886426,3.2564698819061233,-2.441406304450474,-12.57565548251546,0.947487865912701,39.39,57.383975026014575,2.48,Mid
WLFC,0.5929888822152157,228.8000030517578,59.21544066017621,15.498099673197107,1.6438973140455182,0.8197752545087974,0.7517487752421572,2.014860379738966,1,0.9853811991117688,20.52254923368108,-8.225966717591055,4.117132964653582,-4.271778744981687,9.105213754849197,1.0372285062778328,31.0,57.37252861602498,1.82,Small
LTH,0.556049558662667,40.84000015258789,43.862013228099286,14.25693848317349,1.538285250115701,-0.15326423020632754,1.934380295191895,0.4162634255711261,0,3.790993738967413,57.92729771112486,-5.775371296811565,3.5308520445492264,-2.2732728932861583,4.551818141892017,1.1184735231252714,128.31,57.30489073881373,9.09,Mid
PKE,0.5872734337526169,38.15999984741211,71.66412183878575,13.478552098755822,1.4337174982963679,0.03733120742867446,0.9433978296164554,0.3930857612022449,1,0.0,17.271047245208653,4.433796890900429,5.158729365350304,-0.9345810126273218,3.9408776057989288,1.094013182393937,12.29,56.5567117585848,0.8,Small
UTI,0.6013315833288433,42.77000045776367,47.91284214088021,4.868272823603754,0.8010744012138246,-0.47438680481593404,1.3210161810816976,0.5611359859603535,0,3.7885381789090045,7.005251817556084,-3.793186078613331,4.675339629289001,-6.493224992679422,7.21568188617267,0.8688490903189179,48.92,56.33610822060354,2.35,Mid
KNSA,0.5994952666647386,63.95000076293945,43.50807599756561,18.97010526121234,2.675694099533242,0.8960981892326981,1.344795598719113,1.2666166749254593,1,0.0,8.023648545108419,-1.2595511180985384,3.903496196206176,-1.3269508224614839,4.699333048103425,1.1868369428519023,54.09,55.51196670135277,4.92,Mid
KALU,0.6093077133335171,195.6300048828125,59.43703644351386,6.589445568002768,1.87079550009063,0.37910422535311644,0.16868671615618494,0.9762801221214777,1,0.0,4.519958752249241,2.8624392863779065,4.321933977506387,-0.16840264326733706,-20.454815311164705,0.9242616289265314,57.18,54.84079084287201,3.2,Mid
TXG,0.5941836591546942,38.34000015258789,123.75072178268339,17.532552091912827,1.274256324298018,0.020224247296706598,0.8737586936115512,2.4517538801268985,1,0.0,4.326531027332314,1.3856027214734417,6.482972652936021,-0.8661902807304506,15.337423357163157,1.2812846271197393,122.94,54.57648283038502,4.87,Mid
MRCY,0.5984538654071886,122.33000183105469,56.066972193433685,8.60986068301077,1.6944450483326414,0.7357771265034444,0.2534108999845694,0.9850419463812478,1,0.0,11.839463249861852,0.3055322983619806,5.699454587083517,-0.2527703523597603,7.20999996178994,1.197635150483336,85.75,54.539021852237255,7.35,Mid
BCAX,0.5688546247719798,29.690000534057617,67.97237109992129,28.8125322714753,2.7789442058401677,1.223896479016868,0.42101716991349125,1.7514329686510486,1,0.0,10.494974345522662,2.521825589594816,5.088774490393173,-0.4192520468112024,5.664309026781945,1.3961207940672986,20.1,54.17585848074922,1.95,Small
ESOA,0.6125982967015758,19.34000015258789,133.2493215105941,14.81492456580121,1.3196247703780992,-0.5216281923036861,1.6028927791134104,1.1892525737249895,0,0.0,52.871355550818556,-2.250166514167588,4.520608536913705,-3.0090289135892085,-1.490599725680316,0.9756891063091033,2.87,54.120707596253894,0.36,Small
RCKY,0.5651981840825858,41.2400016784668,29.7027997566069,3.9969793329648757,1.3637599819013901,1.080795134004878,1.3336547397241958,1.8065051315285585,0,36.02101175514381,-9.641997958905721,3.237319583356033,3.331544208498119,-14.651583991256615,2.57461737349264,0.9056599258467635,2.74,53.98647242455775,0.31,Small
AVT,0.5559008592507229,88.81999969482422,73.161381707189,-0.5848274570832555,1.04710381984508,-0.4354783956553201,0.04503593297042575,0.8781792186085154,0,10.045088876862875,49.5126954237896,-0.49350053862515797,3.2513591247216542,-6.407955605038225,-6.499671789699496,0.9157862038594626,131.68,53.982310093652444,7.29,Mid
ELVN,0.6077309030169465,50.75,202.59587724373807,18.994583758225883,2.2898618860899567,0.442628943314274,1.7733945047564665,0.7881803465438906,0,0.968537016524239,118.27956988738582,10.343901431440898,7.156510591339176,-3.1303672623084164,8.023281150075052,1.0499414109685956,70.48,53.82310093652446,3.63,Mid
CVEO,0.5596522747802759,35.0,41.58980759642426,2.8217211086733505,3.621095356696124,-0.15032453499707057,0.3857094900838458,0.6857081821790691,0,5.724807499163038,3.4890606617050826,1.4968348665078508,3.405102321079799,-4.109589040983299,-4.241215262794238,0.818985103280311,3.66,53.668054110301775,0.38,Small
DCO,0.5836638265823237,185.2100067138672,83.25322775600783,13.882531431371369,1.604425868448209,0.21886370967733965,0.966409162419029,1.233736612097403,1,0.0,4.249692050032053,-0.9554556692160321,3.952075891167118,-0.9571590892812879,-1.0217417841298244,1.1768862977359493,45.01,53.619146722164416,2.79,Mid
MYRG,0.6014219846403873,500.3999938964844,113.5967524499684,9.770061138531295,1.3336407772941463,0.574034464816337,0.6324957201279027,2.4160664439111628,0,1.1516423330505574,4.697140101689464,2.883183515549347,4.768114626213375,-0.6285203557774774,-3.021289470346389,1.056075986425271,153.47,53.617065556711765,7.79,Mid
VAC,0.6201843518687779,101.87999725341797,69.10837298413031,8.176404234565537,0.9800784750777376,-1.0629529319126942,0.9521017342401443,0.13741597312652706,0,0.7158046326067963,53.91415298301505,1.2793603795388093,4.007515674861932,-3.8595866001061303,3.3075525699564414,1.117886954271764,53.36,53.60978147762747,3.5,Mid
CLMT,0.6039715410902309,36.02000045776367,74.18166703611504,4.177814771870201,1.1922140693363332,-0.9167806097711542,0.8051002141492805,2.13770252070147,0,1.914510569052926,2.796802273410019,0.893354822840837,4.069165692252638,-7.045160108815166,5.029490772681882,1.0777356979491777,32.93,53.52757544224767,3.14,Mid
XMTR,0.6077309030169465,96.5199966430664,45.136467194206475,9.85783704034787,1.0407270578713759,0.6914276643590422,3.035640703532809,0.37298033865368313,0,0.0,117.19171832711261,13.700790605376174,4.54864949131402,-3.344686507948491,3.421057467957177,0.9924766028504399,88.43,53.50676378772113,5.33,Mid
STGW,0.5894368236706136,7.429999828338623,40.442952549290844,9.846242115860896,1.2676031267713601,-0.16250396378648024,0.47106763194075485,0.8075362605342331,0,0.0,20.6168833145976,12.855207392424061,4.427032925042691,-1.1968105426089897,5.906597427529955,1.1874401559577736,11.14,53.49115504682622,1.84,Small
BLBD,0.5649561488172654,78.95999908447266,46.86303278629498,7.205043841969047,1.195553933266919,-0.34845841896286883,1.1398195748516564,1.1081560412036346,0,0.8587411272505053,11.462455062443603,-1.341991723243902,3.495892774926578,-3.1284541588707357,-5.2623120190589425,0.9250509745915895,36.93,53.261186264308016,2.5,Mid
LINC,0.6073145616129881,49.900001525878906,92.21274887626376,3.9843315372657075,1.1146787057519323,0.050239984492733696,3.4068074072632544,3.026056292637783,0,5.7077859704176195,10.667556790656333,5.952619281193285,4.7695383425771025,-6.728969110380943,6.769964483598239,1.0527251371241226,25.81,53.17585848074921,1.58,Small
LQDA,0.5949545861302374,79.7300033569336,122.95207965014315,15.071264944383644,1.1595679882921472,-0.12979326263163507,1.2040625160429406,1.7432586842870463,1,0.0,12.185174756118933,-8.765960043899995,5.878759847719419,-1.1897373347557778,5.4725102116906035,1.3111586703316884,160.6,53.10926118626431,7.09,Mid
CARR,0.5766764555416747,73.3499984741211,29.195440966082597,3.8569351861718184,0.8612229450199931,-1.122426681176773,0.8861643345492014,0.3135592806004933,0,2.814845870426743,16.65810510065466,-3.440328433016479,3.2912661878347906,-8.482821694454962,0.5707715448465509,0.9056298905282506,472.16,53.0114464099896,60.92,Large
AXSM,0.5563977328243497,244.77000427246094,52.2261098069996,0.8090852441876566,2.5542304805867215,0.39477380121605604,1.5729014084688626,1.1847832029469003,0,6.885634751536821,1.2827434629827998,-2.123778236537329,3.586894282150081,-5.926437612589888,1.6032587391984814,1.0468068623520075,235.57,52.94484911550469,12.6,Large
MGTX,0.5770575412706297,13.510000228881836,60.75684174698501,28.912215687067366,2.017852269608877,1.5530032978223376,0.8882300778475383,1.4803834630792303,1,0.0,11.560698693472272,7.244898206693643,5.321453686431689,-0.8804100113186253,8.794469894261672,1.3358435911930713,12.47,52.81373569198752,1.25,Small
TECX,0.6192100165794114,34.375,55.87740208982939,14.406956087693871,0.9327945902368825,-0.2655326809662134,2.400002219390409,0.5818204012614835,1,4.52073960991747,63.30166862356219,-0.7268985678458181,5.2031178660206985,-4.593391161039719,3.287018996266461,0.9418020670729463,6.88,52.77107180020811,0.65,Small
MPC,0.600764777202379,255.6699981689453,48.81959389075223,-0.2263415838545146,1.1850789511884017,-1.1915883896374233,0.5710452792774147,0.3441955994490819,0,11.06164630917317,0.6337088191043975,-2.903429080363882,3.276264159635672,-6.16237018741867,-4.890258812462858,0.8853316605868674,611.24,52.70343392299688,74.64,Large
KNX,0.5594306196832,77.87000274658203,38.22587200151328,0.22310261233704068,0.8136864732594005,-0.45188324235450994,0.8732506500353194,0.9374641468806951,0,9.788146444497013,14.756328049856013,-3.8449286957867375,3.4829096683722383,-6.022203508270209,-1.2108050602002332,0.8923937732152618,343.25,52.635796045785646,12.65,Large
XMAX,0.5957466664836398,9.09000015258789,42.74617196226986,7.161805752499435,2.0602255752873893,0.5044904147328916,0.5500570944999141,0.44004357730664134,1,0.0,3.412971467607268,-0.35046415300327866,4.133270580375335,-0.5470480180662197,0.0,1.1094229335267438,14.07,52.57336108220604,0.58,Small
RLAY,0.613746545153665,18.709999084472656,109.82091436419124,17.532502176821428,1.564511865795091,0.9573600186484353,0.7482699296643689,0.24050331985452228,0,1.032608096605696,55.012423835815305,4.207576239812574,5.673053952352195,-6.1214310183682175,9.725537542265355,1.0629818026843405,82.12,52.407908428720084,4.08,Mid
ASML,0.5981331419136694,1989.43994140625,77.34872382425849,9.526954916053642,1.2260196719346224,1.2485902386320575,0.5287930191955712,0.07338552459479034,1,0.0,40.304093506809444,-7.39729313118374,4.885761826771523,-0.5260115070660406,0.1438661537755309,1.1483065265303902,3738.58,52.35171696149844,766.77,Mega
EE,0.557027868843421,37.9900016784668,28.26212123679035,10.058523741059938,1.2864451362914135,-0.9638991236493276,1.1581958601144235,0.5264563150771101,0,16.571548109197753,6.5892378469992545,2.391167396730186,3.3373442664936226,-11.617968906910288,3.2664835356504676,0.9871246066278818,14.76,52.23204994797086,1.21,Small
MYE,0.5959989361841438,35.310001373291016,76.40746858210923,29.769444299445297,3.0654947056246393,5.7995378881856245,1.2036228278653824,0.5947405579055673,1,0.0,9.863105301006737,-8.4618750435055,4.057439404097746,-1.1893080447451898,0.7390254546966086,1.3921621193303455,13.14,52.194588969823094,1.33,Small
LIND,0.5951666160668525,28.239999771118164,86.81404055316611,15.014152353855186,2.339577927954417,0.2902632065931696,0.9206739505355943,1.6997151066206448,0,7.6697269943952495,-4.497801614431105,6.837978037279606,4.755159217443254,-5.8666674294105645,12.309160478419336,1.146368094007664,24.78,51.814776274713836,1.85,Small
PLPC,0.6246285356675585,410.55999755859375,84.55610469453778,7.516124955237472,1.0320593609212656,-0.6972758528747044,0.381187268781364,5.631331657885539,1,0.0,40.554600814589584,0.8132883876639515,5.276503964369258,-0.3797397492029002,-10.222852071614296,0.98277393477964,47.98,51.700312174817896,2.01,Mid
BJRI,0.5845663143602904,60.73500061035156,38.589689098237365,18.39931482768248,1.6538448161575579,0.076208670773381,0.05762714589578483,1.7864478036571658,0,0.0,1.4617440545666638,5.45805433449613,4.34028371595844,-0.05759395614265136,2.6027060308251415,1.351828935003725,27.35,51.69927159209158,1.28,Small
CAT,0.5889188926104355,1064.9000244140625,74.68075596245637,11.216015845903186,1.8453106409144049,0.21970193423102893,0.80382536643657,0.7315277381817115,1,0.0,6.760108644006384,-5.810302087909699,4.001917887455737,-0.7974155380656914,-4.746950435421832,1.1280375461545726,3280.85,51.67845993756504,490.48,Mega
HZO,0.5844253369294428,36.619998931884766,40.898805134168455,5.27828575140234,0.9310599094451452,-0.871127863835297,0.7782732671066293,1.3380608357405308,0,3.0389010439326016,22.066663105546997,4.863305400461443,4.097097932585514,-3.9853185161202744,2.6850084399607566,1.0414276253521593,12.74,51.659729448491156,0.81,Small
FSTR,0.6126040107776067,45.16999816894531,49.904403554596556,5.628695515794367,1.1944433901392852,0.011413489002981538,0.8412687259484439,1.5275595631263224,0,0.0,9.795816332007377,-0.9915353386501152,4.024479236314442,-1.3970818274301096,-6.766662597430695,0.9900809790054746,5.76,51.543184183142564,0.47,Small
PTGX,0.581267755475132,122.58000183105469,29.317811136303852,10.916570043425338,1.7678510571394626,-0.6349017268206895,1.7417151859412325,2.2352731463681716,0,1.154992753742981,0.5743391806741648,-3.276444026877665,3.9397016076855245,-3.1677025221652513,5.642577059312703,1.1178662093889842,83.72,51.453694068678466,7.88,Mid
TVTX,0.5930042248501552,56.810001373291016,34.5610085917301,9.071711862445923,1.1575448315450043,-0.07139672825976431,0.2112285319166888,0.31684615529201376,0,4.224326993487971,95.15630429817897,-4.52930922294624,3.998918163507876,-5.474204965565849,0.6622527709725209,0.9277906777223257,132.31,51.371488033298654,5.28,Mid
OSUR,0.5882925508071062,4.460000038146973,75.54368584637497,5.275582429837311,1.0203814141740368,-0.0968724769771076,0.0,3.3632308083145426,0,2.4508893178327336,42.4920087748527,-1.4669912109149184,4.916720284117965,-2.6200848806080197,5.063293716272015,1.205788031250062,3.19,51.23100936524453,0.31,Small
STRZ,0.5932094317162603,28.860000610351562,135.40861743501162,4.369527488638898,1.4098522346334825,-0.5912276114871569,0.9875254378893181,1.8710983948015303,0,3.904796747548552,162.36364189752658,-1.2731478500076716,6.274131707924638,-3.1706079017499924,7.068193456635422,1.1550771581712738,4.58,51.204994797086364,0.48,Small
VSAT,0.6006615756229701,89.80999755859375,149.24672677476968,32.86190376387845,1.5704216406061142,4.1155051536919505,0.1557735344850666,0.2616641985716868,1,0.0,44.97174568538723,10.12901069378823,7.3810513683857755,-0.15553125794733297,1.368332245854744,1.160518135031448,227.96,51.176899063475545,12.27,Large
CNC,0.5610738997953113,64.19000244140625,49.7008845537126,1.4580979677814476,0.8936539979475357,-0.5726689335369631,0.6932538991932422,0.7322031513004353,0,5.344379898857044,76.34615315882978,-4.887094805238716,3.513565016436825,-3.54620661471745,-9.562488081943066,0.9498813990130438,393.2,50.99895941727368,31.7,Large
ACHV,0.6070567797539991,6.53000020980835,36.68047994655639,19.280302610079712,2.5028217355001843,0.6484503912721438,0.30627841165165703,2.142422710614476,1,0.0,35.75884172832835,-3.3962230533373474,7.1536863845553755,-0.3053432113139585,21.176469484112648,1.1269494908073587,11.98,50.82414151925079,0.67,Small
BRKR,0.5670962585300419,60.18000030517578,16.89304571461725,4.686840951128358,0.8451042323782959,-0.4511802449807791,0.3157235633758407,2.4759083929647145,0,3.259033584789946,60.818622298891356,3.7303177577758535,4.074083841427993,-6.673963793331561,10.1965592858765,0.9365958939855633,155.88,50.76170655567118,9.16,Mid
CSCO,0.5719971882395081,117.45999908447266,43.15048925050527,-2.897533223382775,1.1706861857711517,0.2421144000790458,1.3962194810294963,0.4256768294678452,0,23.181688202302627,52.08817364224508,-2.324239390293317,2.9900750968597305,-9.902582278239121,-3.2000024767518473,0.9643827918929894,2995.96,50.67117585848075,462.96,Mega
AMN,0.6049509124093506,32.369998931884766,92.30205864222789,3.6735706988631005,0.9180845170497629,-0.924685794701165,0.834107095040333,0.9885687530842959,0,3.1104263824117253,65.57544856506104,-5.794140265986215,4.486077987539463,-3.3154140546450703,-0.792470743793632,1.0386970354070522,36.07,50.63787721123829,1.26,Small
RRX,0.6072344764379858,238.19000244140625,55.971346759652185,9.31211372003956,1.41457725116809,2.168977569593071,0.3274691512232873,1.0705751818338374,1,0.0,19.329386524567276,-4.0526510909882925,4.723719581580109,-0.32640029096088735,-3.334959253667008,1.0561634270734723,263.49,50.60249739854318,15.86,Large
SIF,0.5965558552866403,23.399999618530273,322.1854025367534,10.871572794091493,1.0239183015318343,0.8517979894513679,0.42735206451141794,2.67094021436803,1,0.0,164.4067639350785,-2.6315824363510254,6.744505394856513,-0.4255335381509414,-1.3013669548353846,1.1365087369517204,2.01,50.24037460978148,0.15,Micro
DINO,0.5728352953977167,69.6500015258789,45.65426845029534,0.7427349843788804,1.0707339569198686,0.3270107934944205,0.9619499702189538,0.2153647129799682,0,17.317569959658055,37.37141412505955,-2.231325922197578,3.469387475665706,-6.359230844497126,-5.4418138755787755,0.9141252866573079,165.05,49.96357960457856,12.56,Large
PRG,0.5901180892919002,46.61000061035156,45.52498523873319,19.540408372179684,2.02073757220987,-0.11834629377944333,2.1240031126033148,1.1049117847962713,0,0.0,1.0843634642609565,2.950731437684118,4.120053631881239,-2.079827511521812,2.7837928140974895,1.3100455279069925,25.06,49.45265348595213,1.87,Small
ARW,0.5883206847680748,213.41000366210938,79.45501041997174,-4.7206585532472625,1.059868609342317,0.04215384023422879,0.365493072446682,2.3850786048088595,0,22.287919890575317,34.55863521371783,-0.9746726263193336,3.548166597083667,-10.078792392152835,-6.886896592341762,0.949038407983673,154.08,49.43392299687825,10.91,Large
NBN,0.5632622403880807,132.52999877929688,16.28315475823847,4.854245407224614,1.146835149127077,0.07922926339796518,0.07923563517283976,1.2299139046357794,0,2.6823302995068357,-0.18828136940538767,0.9781377655564638,4.060266666219286,-6.8723202494620255,3.5279975072343817,0.8329625735758053,18.4,49.37877211238294,1.13,Small
BBCP,0.584318583945971,12.050000190734863,61.926060189657896,13.433118595848322,1.1970478890216045,0.5085154119629107,0.8298707568818141,0.7053944962197966,1,0.0,15.532117334645257,-39.53489030632472,4.269117639393915,-0.8230405837599212,-2.1108159498868866,1.1805011899315014,3.95,49.283038501560874,0.61,Small
TNGX,0.6200814601240344,31.260000228881836,251.79980210427382,8.914168915910249,1.570885668154802,0.3147461169423357,3.614834437326043,0.5598245141466565,0,8.16752392811846,1.066925057999963,-33.89610300460486,6.845580708900692,-9.10148071016754,3.265761831023785,0.9979837299988155,140.42,49.21436004162331,5.09,Mid
MTRN,0.569515494444026,297.3900146484375,122.3219541116252,16.699046024288684,1.8016973769944036,0.21714627666167488,0.4808475756884176,0.4808475756884176,1,0.0,3.612997711541105,-1.0983085434117918,4.768629174963335,-0.47854649646163994,-2.1654282704650973,1.3286913082734728,104.39,49.11446409989594,6.19,Mid
GH,0.601119430705721,150.02999877929688,36.934646685239954,12.184543276146911,2.3541420929794223,0.4587543360272589,0.5298928050446122,1.1597717171964503,0,0.9916453074725157,0.5428210373690446,3.291002028847586,4.352462425771027,-2.546280121225172,1.6046889535545557,1.0784640730519597,394.8,48.9302809573361,19.89,Large
OPY,0.6032421819010916,105.54000091552734,34.156195851628254,2.166958077463928,1.224902771379451,0.9451922606532399,1.099105573849953,0.28424807632942,0,23.45030344534441,-1.9782644094188624,-1.957905010305264,4.231975374853461,-10.952684494229166,9.201749188349199,1.0392544094053955,9.79,48.728407908428714,1.13,Small
MKSI,0.6055597551461416,444.79998779296875,162.6180255298528,21.553299613739835,1.5909978742000972,1.4028844396187836,0.6339944697851424,1.6423095495148532,1,0.0,90.76313730799467,1.666887822208765,5.83938279451125,-0.6300003027063544,-0.8578867457037025,1.277325634825798,591.29,48.60561914672216,30.04,Large
GKOS,0.5555156862376665,139.75999450683594,11.511203071917976,8.28777734578768,1.081837128600957,0.08233122092128661,0.21823693943635036,2.5615354691889083,0,11.190942921341621,16.24385810899474,-18.26997268804125,3.8416882948010893,-5.637705805853368,2.6524541503992967,0.8439438643655349,147.2,48.559833506763795,8.21,Mid
RELL,0.6181331080724554,19.010000228881836,71.63436897505974,8.47051562799159,0.9132398066141483,0.2028696985277539,0.7627588427681633,1.131506218388583,0,0.0,12.087271550416174,0.9529585826481012,4.794504938258422,-4.279961507070065,-5.787550849189901,0.8416928838803639,4.41,48.51925078043705,0.28,Micro
ELMD,0.6092713179281467,42.29999923706055,39.66721937373676,10.611367680862553,1.9255880597300732,0.643852857106622,0.47281505092675546,1.7966863716852612,0,0.0,67.45842776367394,-1.2285032754718468,4.567713563820498,-1.7421603095800389,-1.2663082519424684,1.0293159642657996,2.82,48.483870967741936,0.35,Small
IBKR,0.5692641295474378,87.04000091552734,23.08071794227684,-3.5327354339212325,0.909179315356896,0.3384724322598062,2.3954492905764115,0.4365777222157796,0,15.062349940238901,15.068259234001498,1.5108850269288598,3.7663310620499497,-11.038425824296938,6.22934397195262,1.0338913266100016,436.24,48.45785639958377,38.77,Large
CVLG,0.6365872196586553,44.18000030517578,89.0140764182801,0.7234125863838413,1.0897865252434749,-1.4083652827583428,0.5658669041816492,0.7016780695849872,0,8.902550832825277,-1.8440303205741353,-8.547671942206643,3.935198919204476,-6.159731123681529,-11.741560748126934,0.9641184051925937,9.08,48.39542143600417,1.11,Small
CMPR,0.5953094896751087,101.69999694824219,38.21148940940977,11.447166448848257,1.3884924784219959,1.4527431335716863,0.13274546733550782,1.08161111811055,1,5.647250012696156,21.17240149915601,5.730165077067985,3.982652305985906,-4.174126467332373,-0.9731472192015306,0.9910601124035495,21.69,48.37460978147763,2.46,Mid
ALKS,0.5930782114386552,52.39500045776367,75.15280640998623,13.241802667260918,1.7321382548287667,0.3684164581445116,1.087889473868455,1.0210894984783314,0,4.875567287110911,48.17590371291847,-0.42583464211546396,4.038006767781392,-5.218882751787408,3.533152183897559,1.46543695344881,122.75,48.36940686784599,8.73,Mid
YOU,0.6372671619411859,55.72999954223633,48.328330313120446,4.489574594886792,1.3186153517252506,0.12763809301262227,1.3457742798259609,1.7046487901052745,0,19.82050021076296,21.079235941397286,4.266065673045075,3.825331434280127,-10.907686078507782,-3.3565947566625587,0.7788674503082844,87.52,48.340270551508844,5.62,Mid
DHC,0.5937716932521239,9.300000190734863,85.60279101747639,4.318566802984327,1.4082023771879204,0.15564584848084217,0.1075293405985452,0.2150586811970904,0,4.717632392968547,38.78741718952155,-1.096225970264937,3.8863267702132323,-3.7267045789490574,-1.0843820718731845,1.1722180322459896,17.14,48.163371488033306,2.25,Mid
AGX,0.6133198587097747,798.5499877929688,137.35740311456252,13.85825424070851,1.2106589437902304,-0.47885759170373043,0.9016357544405726,0.04507987691001989,1,0.0,68.66081811699468,4.1599087279575,5.825291662796363,-0.8935789273375506,-9.30637788808426,1.0605902575794328,267.75,48.158168574401664,11.2,Large
DNLI,0.5970169157536437,25.719999313354492,43.706145909117296,14.619306892084191,1.4039233399258177,0.16888658266639514,1.3802470905907087,0.38879656604533414,0,1.00162796754372,0.5866234662285489,4.262611162892543,4.8389242235602925,-2.409410889346043,3.4030085850362095,1.1573693462831032,48.91,48.042663891779405,4.08,Mid
CMP,0.622283074013478,31.1299991607666,46.4306160270195,2.186184424613438,0.8567104370884493,-0.9110884311769971,0.4818552197814893,0.546097272314536,0,9.776952290266506,44.790693768924164,11.041477292772116,4.481208991751642,-9.768118374306429,0.039495375205257914,0.8706535497008459,21.18,47.82934443288241,1.31,Small
NWPX,0.5936448866199595,149.94000244140625,125.34452273263011,12.607725930383898,1.7600623513113898,0.8466666798636812,0.44017850564120825,1.44050741323389,0,0.0,1.303971357466765,-2.391618175643484,4.376507844498581,-1.3747262741947015,-3.833431959444096,1.2507083088035953,26.73,47.77107180020812,1.44,Small
SXI,0.5980412522825702,357.6700134277344,47.53987107339934,14.808749055699021,1.7507032529070339,1.0065765180350905,1.7390334630170103,3.2264315134271344,1,0.0,44.03870173403169,-4.079460468165963,4.32062332994157,-1.7093080244851782,1.8211270893631737,1.3390351782181125,74.65,47.76690946930281,4.33,Mid
CYTK,0.5887288853325853,85.19000244140625,26.232703435164062,13.019312490130353,1.2916398367313668,0.0939771294492115,0.6338782721510285,0.3521575808858947,0,1.3479905474169849,10.507207793742372,7.844732295437303,4.069895425623302,-3.53300328774446,2.0836447439723256,1.0662878968636769,237.64,47.727367325702396,11.57,Large
ITRN,0.5596570176688004,61.0099983215332,39.04175333275464,-4.086861603345538,0.8259901702576715,0.5530972080269685,0.6474356148568913,0.27863985185937307,0,24.178781526810464,-6.187926522269721,3.457689879708828,3.249526370485135,-9.965124260575934,-3.05520554634328,0.9797348199323198,8.6,47.68470343392299,1.21,Small
BELFB,0.6170565053920127,333.0400085449219,80.11505850166989,13.678722580054187,1.5989589140155376,2.1444818262820027,0.6740917185864006,0.6755945058444095,1,0.0,23.931081356457156,-3.435121927817141,5.084868535895769,-0.6695781477430007,-8.810223754728131,1.094079169268062,100.55,47.6264308012487,4.74,Mid
GEO,0.5929959105289203,29.549999237060547,72.4233625807027,5.65457315705036,1.223761880018344,-0.4085787442987721,1.3028772886936446,1.9614192739018321,0,4.159264057447847,122.85066912343392,-14.31019764614036,3.8710658109523766,-3.368216772994019,-1.2365566532627594,1.179155701024396,60.24,47.581685744016646,3.95,Mid
ACRS,0.6015870949995321,5.289999961853027,65.8336285545476,15.050019674815088,2.1159233240031607,0.37051740924601984,1.0396943048173535,0.756142951491712,1,0.0,19.41309631252961,-0.46082903729806624,5.394272865050139,-1.0289958931197827,-1.1764750758376126,1.1184621174779783,8.34,47.57023933402705,0.74,Small
MIRM,0.6087091759410074,117.06999969482422,38.94992483111361,12.644479863925634,1.5405817692234993,0.2695368490062211,1.1189865567587223,0.6662670037785068,0,5.5867364089876155,7.24624016789771,2.8495823672543588,4.731235214609202,-6.635297659507542,6.595200904212621,1.0785798848301638,126.4,47.44120707596254,7.14,Mid
CLYM,0.6095507053116515,13.039999961853027,155.74922045164556,12.164806536880299,1.9499960033964425,0.9895498331403035,1.1503038263617829,1.8404890475601996,0,7.327435916522039,-0.30581010767036576,8.728811154534045,6.644937909146578,-4.747988593178572,0.21833520109525323,1.0041763208108658,15.78,47.38293444328824,0.75,Small
MPTI,0.6038593711454546,99.1500015258789,84.89851326372579,5.143161745310156,1.8076950703049104,0.3956423547957373,2.37014466760651,0.9480532501624747,0,1.350783454403554,28.665980621400905,0.26086724322491583,6.2356445944583605,-2.7941161510717185,5.032954617713785,1.2573120042960535,11.13,47.37460978147763,0.43,Small
CRI,0.5675183266245399,41.15999984741211,22.999623340950293,0.20205906356654024,0.9787349951822971,-0.9198357757505757,-0.012150311306250671,0.8746370546098309,0,13.33028681835401,24.409831859123308,-2.0057318832655135,4.3020264460522135,-7.046068242605872,3.401707485498526,0.9716863506119812,42.83,47.210197710718,1.52,Small
RXO,0.6155706001108652,27.59000015258789,108.31934069987041,1.8795476686184098,0.8549712566318461,-0.8965113428198506,0.7249030874450517,1.7941313391729972,0,6.1615008726003495,112.3941542540076,-4.465942754248149,4.959613549619734,-7.602144712953253,-3.6363549200406338,0.909971616013955,68.89,47.2060353798127,4.55,Mid
TSAT,0.6493575848199785,50.619998931884766,64.72114680940959,9.520870985650378,0.9006786277091983,0.2160127924364502,0.15804392086368682,1.3305019265767386,0,18.784070575506636,84.81197538897199,9.937635722372521,8.060550014677338,-14.377537471963622,7.934364229356398,0.8811551253398815,13.68,47.16545265348595,0.77,Small
SRRK,0.5520689608052507,55.0,11.675340001849044,14.780612236648839,2.1834402545784393,0.32437613550684147,1.3272718949510098,0.709089799347903,0,0.0,0.4382791925105639,7.575438275477827,4.216233290635146,-2.7237369836638656,6.965571669212142,1.051861840383865,81.61,46.83870967741935,6.59,Mid
HLIT,0.6158483232188867,16.329999923706055,55.201991318353926,10.952574328961074,0.8554344422408777,0.3550085660533784,0.9797908643590483,0.48989543217952414,0,13.757120401482487,-3.3727793352462907,10.879191785383373,4.706499990881236,-7.635748631735936,-0.5714325677236657,0.9345208807415047,54.76,46.83038501560874,1.77,Small
PBI,0.5503059795679257,17.520000457763672,56.79020183543548,1.810154597215444,1.0418526091440237,0.11698544350280277,0.6849362790591302,0.8561621838042942,0,3.2730407258521645,20.51913284059231,-0.1182060146117363,3.4042727345484316,-3.9999974914867296,-21.339561160071362,1.0514068553216267,62.8,46.801248699271596,2.37,Mid
HLIO,0.5886218252420367,89.25,52.57291784800866,3.1052888219972767,1.3329714690074506,-0.735701008314113,0.8851550874156775,0.4313749425503137,0,8.118185062610419,15.05736799146145,-0.7224544877378782,3.823530144479667,-6.102054566519585,0.829331684818582,1.1586739366635792,32.75,46.74193548387097,2.95,Mid
PLXS,0.60337703085001,300.6700134277344,86.20791954741627,4.053548682185546,1.4788982862043099,-0.6522933860467766,0.13303418319738183,1.0709419220039176,0,0.6194325245493556,4.602703476868706,-4.012533122071836,4.2410048880989075,-2.08102135792508,-11.126663098848297,1.1025649718844546,100.92,46.518210197710715,8.04,Mid
IFRX,0.633480336768405,2.240000009536743,94.8825295087794,20.26845726188549,1.0171353532039937,0.18766732672395087,8.035717228147288,3.571425148649231,0,44.99296822019516,-10.399999614370273,24.999997374796248,8.485332779496709,-24.042044774441816,6.918239743818912,0.9353092878790502,4.81,46.41831425598335,0.33,Small
MEC,0.6125982967015758,37.459999084472656,87.26918296201187,8.061326131722376,1.3689247736613723,0.835269405364917,2.8296785490441385,0.7608111435396031,0,1.6906122292986676,56.40917699624737,-8.808288170947232,4.832011330678224,-3.353971345000781,-4.471924862956316,1.0242479400809472,19.29,46.32882414151926,0.96,Small
PUBM,0.597878392754583,13.119999885559082,37.34862548108768,12.079273748200855,1.1970777425625925,-0.6261648219090249,0.9908545393670156,0.38109901804257246,0,0.0,85.57283686204337,8.019643816822331,4.040177829940035,-5.4755059262309915,1.9368045454749627,1.1132570758949691,9.01,46.32466181061395,0.61,Small
GNRC,0.5941688686994605,292.80999755859375,99.56290436823592,6.806880986961886,1.0785721606820677,-0.9488834926548562,0.8777047729375064,0.8059784062127823,0,2.128848253143474,36.197027804412116,1.2515765412429296,5.461610924109978,-1.224532739476601,-4.163124148103282,1.1172692065432193,265.68,46.321540062434956,17.24,Large
ETN,0.5769755359328271,426.1199951171875,24.29082057271097,4.345397576646698,1.0490263161340752,-0.25359496089666156,0.4024679333376408,0.25110469738036484,0,1.7581025958924565,4.000779981633258,-0.7648540739019196,4.1231680030120215,-2.4316516358998865,-4.3598217448340115,0.9548596096001495,1160.41,46.23517169614985,165.46,Mega
TSM,0.6128920384144066,477.57000732421875,49.75801707773033,9.142460040511521,1.0273708207804224,-0.1817359452276818,0.29943100568445963,0.5276754177600397,1,0.0,40.509666506784356,2.0269534405098146,4.138552214054814,-0.2985370930643559,-8.626177007433371,1.2068668337121495,6554.43,46.20499479708637,2476.9,Mega
OOMA,0.633480336768405,19.219999313354492,57.365441850515,8.916779556219161,1.2179764970697946,-0.15407603592665756,1.300728454310022,1.0665969355833957,0,5.268545939819385,10.269644157977899,7.7728770384578665,4.154154859447157,-12.477230807039398,-2.2278766831525387,0.9347759454601857,6.49,46.146722164412076,0.53,Small
CROX,0.5678010489940306,120.63999938964844,22.906109401454945,-1.8800103494004832,1.0135435742780647,-1.0119183703059123,0.8454879378468172,0.3909116101974322,0,12.715767530918736,22.52691500222484,-1.1485603291340187,4.011438689266254,-7.049845419316693,3.353171776354649,1.0440568895999691,147.68,46.13319458896983,5.99,Mid
SENEA,0.5862221875397347,173.94000244140625,49.50292189468277,10.528976575778508,1.0597423351243012,-0.182922763761967,0.28745544036976567,0.8580502787306982,0,4.1619597344516475,-0.8154146750232455,0.669659081687043,5.796435515444489,-4.128308734332845,4.947602644879436,1.1210850762249487,25.23,46.09053069719043,1.18,Small
CXW,0.5926332360913452,30.3799991607666,49.31068682865713,12.030973920753036,1.1436804513079237,-0.834883164220124,1.5470745018802508,1.7445711035848763,0,1.8885576840048497,56.11511094286731,-16.54879952958573,4.022854532517815,-2.15781028256088,-0.2933959105184142,1.2851923768013926,36.18,45.99375650364203,3.0,Mid
VIR,0.6201957812681453,10.1899995803833,61.07949575886003,11.068719809328082,1.5361386721210044,-0.24437021610914408,1.2492666111953927,0.49066966746390617,0,6.906019515599245,7.3761836256493085,6.423033674343019,4.701597861127552,-12.607206570667298,3.5348847851680847,1.0870634309388398,19.71,45.91467221644121,1.72,Small
HTLD,0.5743152406955282,15.220000267028809,57.24015073945148,-1.019194868145545,1.2047826784918483,-0.621343015058322,1.0840995988654936,1.609723267047043,0,16.094469958339996,-1.8697611705659964,-4.252583861038219,3.532984545156799,-8.40895016093983,-12.037826841645478,0.9805915472752054,9.35,45.86680541103018,1.18,Small
WSC,0.5790962667201626,28.860000610351562,38.34055276984063,3.960665545493611,0.8120456898619414,-0.6757870020319479,1.0048475469007616,0.2772000069694668,0,1.2827888159170893,2.9868948742457353,-7.164247102477858,3.713741871628434,-8.331260842526047,-12.01186392353781,0.8135263479144642,76.62,45.790842872008334,5.22,Mid
CERS,0.5942235032226483,2.9200000762939453,35.08853973675301,9.097705614387577,1.3307635112726792,0.03251993675531842,0.3424654177586234,4.753429469912447,0,2.2216507815809257,7.352942849503403,8.45070481357515,5.770060146800521,-7.301587683718533,4.807687896753185,0.9901152869800816,8.22,45.7627471383975,0.59,Small
GEV,0.6209721006716433,1174.8599853515625,68.65506523438223,16.681115337474225,1.0512849056213507,-0.1432883742328918,0.28428628619181484,1.16184265225156,1,0.0,65.28773937484456,1.7558484703586767,4.853199357830175,-0.5490662071900004,-14.6038291016796,1.1332433651828395,3390.99,45.579604578563995,315.71,Mega
ESE,0.591604529262888,350.0400085449219,65.94889588240041,8.143681095020177,1.4730881563733662,-0.3540222619859228,1.788361071653221,1.3684174459998826,0,1.7729476538745994,2.9892913722837444,-2.6729239190458336,3.924448881594458,-3.3439142774058794,-1.5813477252619759,1.21096221300214,106.89,45.57752341311134,9.07,Mid
ULCC,0.5982953611485473,7.909999847412109,59.186716836290664,18.47081116578648,0.8032932590038729,-0.5316021518668884,0.25411020372865517,1.0745836022598365,0,0.8809407830463112,97.74999616086524,-1.0118034486728282,6.923514629402187,-5.889350401266516,13.406595776028269,1.099105113058311,43.82,45.55046826222685,1.82,Small
FTAI,0.6257434871219949,270.5299987792969,47.079403211257784,5.993555811806966,0.931690443442384,-0.7341105756442389,1.0313120753708722,1.3510511942393408,0,36.33806830231731,-11.234165474787861,7.005084374632317,6.065341485256278,-16.093503049868723,10.141628599085067,1.005826786072885,344.6,45.526534859521334,27.75,Large
URGN,0.6279046109982451,36.79999923706055,51.037737547053766,17.424631763333593,0.8905494141107567,-0.34454598452537244,2.934787645152154,1.005442266964382,1,0.0,40.19047328250912,-0.8139079088334851,4.7651415533338,-2.8511135178801443,-6.965393216435162,0.9733376091436825,29.65,45.40998959417274,1.79,Small
CYRX,0.5959546991124303,15.699999809265137,53.77204992907571,2.4235885835543414,1.4132017799326384,0.8694343267050251,0.0,2.356687197646747,0,12.511942989734418,2.950818421217236,3.1894949102571326,4.240218293016499,-6.156603473355168,-2.3188382826020253,1.0075327389194926,13.15,45.2955254942768,0.79,Small
CLDX,0.5812347844745642,37.209999084472656,32.193137684830276,16.293967775489122,2.328806797563476,2.0115962192425467,4.6745574139913995,0.6718624190926245,0,1.372784520802952,19.800385460649505,5.2422029052737225,4.032979931092041,-4.978119707216046,3.646883789638928,1.2248212706302135,35.69,45.25806451612903,2.92,Mid
ORKA,0.6063233894627948,95.16999816894531,191.4669766066536,30.03320135009748,1.231173552452851,0.36092566706862966,2.7423573378263058,2.3536806838743036,0,0.0,39.75036754914712,-16.451553377622055,6.0860953924109,-2.6691594478499097,-0.15960622935641872,1.187290192533212,177.46,45.187304890738815,5.74,Mid
LGND,0.5890690187249855,316.0899963378906,52.65657302552034,19.68277695027504,2.323593253256629,1.9259067681580428,1.5501894881959277,0.9649112051299329,1,0.0,13.115514448951556,-3.468535670210185,4.461657132799692,-1.52652545111806,0.23725435008990267,1.518251369587851,103.24,45.16857440166493,6.33,Mid
GHM,0.6005062849766666,123.79000091552734,64.30642809113519,12.929049651338598,1.3997877004250663,1.1685360943159055,1.1794160058671832,0.32183484132614865,0,0.0,29.84057653674519,4.094162734377921,5.639735331777496,-1.1656679317053888,-2.117848952199851,1.1431038296587628,31.43,45.08220603537981,1.44,Small
FIX,0.5882127230758554,1981.949951171875,97.0663473755558,4.004917939187055,1.3097149245141395,-0.8688442804655259,0.8506828041695783,1.2104236143893665,0,6.245092393864838,6.8880328787893115,-3.5880497706126184,5.433934756706421,-4.400375637918236,-4.583542539837466,0.98409005398825,932.7,45.07700312174818,69.73,Large
MCS,0.5692020858493942,23.459999084472656,45.01457036376706,5.317496675397894,2.475064771582321,0.12948616371002036,0.4688858254034594,1.6624015552069664,0,15.798730777458228,-5.745280595358531,-1.3951205325815974,4.174278871895808,-5.745280595358531,5.24722716065056,1.4378178640777035,4.93,45.066597294484914,0.72,Small
ANAB,0.6402970855328872,67.5,93.34196856962586,18.88616859888576,1.1447482783134257,-0.12870571305775957,2.622217248948421,1.0518617983061762,1,2.5458925966473145,131.16437751727437,3.3496401951598793,4.908360476216311,-6.716418697195456,-30.82506118646965,0.8575221764999053,42.65,45.01456815816857,1.96,Small
VICR,0.6033253669765775,379.7799987792969,233.32868631949844,18.59211970825195,1.4868850192284566,-0.17650894623157526,0.7267391054002474,3.167623049642549,1,0.0,16.165542252883995,16.384370954120726,7.751856431672651,-0.7214957139035238,-25.443703256502832,1.0501653263870232,360.91,44.76170655567118,17.31,Large
LRCX,0.6028471780280564,433.3299865722656,135.0574523143327,18.393099097326584,1.440362276347817,1.5853890017694439,1.1930892363619638,0.5261576281223691,1,0.0,89.89106579542677,-2.3114340586708373,6.661870140535264,-1.1790224464589705,-0.06726357094444214,1.3874594187224978,4780.92,44.70343392299688,541.9,Mega
VLO,0.6192858369353612,260.44000244140625,51.77161995364019,2.996687645723198,1.3132286472798607,-0.7748270367598481,1.0328683828057934,0.3916055334713954,0,2.2619695317793345,9.095883045507117,-2.3245724206545493,3.8733890966399898,-4.309810194942559,-5.454956008814925,1.0578379570370173,805.43,44.65140478668054,77.33,Large
VSXY,0.5999609898790846,83.4800033569336,46.384621800538014,5.016201324161963,1.1161378470861107,-0.5003649113093024,0.7786314084007914,1.269771376797079,0,2.8496894198218827,58.376028849033744,-40.441994856930826,4.805256500649006,-5.746862769979891,3.5453260199066,1.16290211461802,201.35,44.4630593132154,6.64,Mid
RAPP,0.5918535278234739,41.66999816894531,29.226292320597015,10.254132750769717,2.0887468097352992,0.8930856613502115,4.991605285346278,0.8519399388638363,0,0.0,4.935782245307818,1.1587181301318779,6.168020100234382,-4.7542898994449025,7.932505121446913,1.0546825257428158,14.64,44.44953173777315,1.99,Small
FNKO,0.6024608015858626,5.880000114440918,58.291628120908534,8.487086408074585,1.000128316877073,-0.27948034427646484,1.0204071700947894,2.896258563316116,0,0.0,12.213747541138664,6.2611873319016285,5.185009106593237,-3.4482764014915874,-0.22883819545611184,1.0690895065579888,4.25,44.377731529656614,0.33,Small
KN,0.5826632971103777,41.47999954223633,80.65256332217206,4.086419847997628,1.6693084269428977,-0.11426038409724792,1.8081003092062329,0.27169142372070176,0,1.1665172492658602,3.5705376588791924,-1.0843687715147496,4.54435867214533,-3.377593180987843,-3.0986866275317833,1.1275827813129826,48.27,44.33818938605619,3.55,Mid
MXL,0.6030832592131735,128.02999877929688,613.355600241764,43.24874576989644,0.8814322536863664,0.8486539316093125,0.21089141219494387,4.1044271821845575,1,0.0,112.25132530821287,8.071444326607267,8.052236439877143,-0.2104475962872035,-129.61552585622994,1.1003164415498952,756.36,44.20811654526535,11.46,Large
TWST,0.5959989361841438,102.87999725341797,202.5320987030752,25.529238222881762,1.4612190719686764,0.7207459701585617,0.330485980131143,2.2842131967690906,0,0.0,3.044872823521102,-3.2124967367169646,6.105587449993146,-1.2952183248806042,-1.8893115322744194,1.3825808560654604,187.41,44.19771071800208,6.41,Mid
CECO,0.6489227174027957,90.73999786376953,39.0071172928313,-0.19852721691811276,1.0599682745430583,0.047572116246679556,1.0012130182553716,3.2620665132524733,0,14.966463312679448,51.23332977209534,-1.8980134419209531,5.406222748032832,-10.371394924390739,0.5821928496337891,0.8906524238270296,85.15,44.17065556711759,5.3,Mid
AVR,0.5999609898790846,9.850000381469727,67.45368485023666,2.7433023177253753,1.8483745312110231,0.32810604229818024,0.609131610280597,3.0456870973201235,0,3.121994729709485,62.54126194473878,-2.6373600113303346,6.021028441789728,-6.723484941921138,8.072491499460417,1.205729419685665,11.65,44.166493236212276,0.96,Small
ALNT,0.5925986109498,102.93000030517578,76.71304861762121,10.375962192473171,1.6108976158130413,0.7487318899010493,0.7615830152244836,1.340714319744512,0,0.0,5.42866250210611,-4.935000461855063,5.784367268892673,-1.6435749599691598,-0.3628919717567348,1.2565662639860362,27.01,44.029136316337144,1.75,Small
TRVI,0.5879613901153532,18.649999618530273,36.38234891236547,19.532125203812956,2.258873858945092,1.56364538168776,3.2707808192809296,0.4069658214149574,0,0.0,22.455680754191317,3.225805128212284,5.082688276681182,-3.167189008674819,5.384108466295931,1.3013672988711231,33.6,43.99895941727367,2.65,Mid
BELFA,0.6149939177914988,291.2300109863281,76.39659331607214,12.773632180459726,2.0832735297605134,3.7109471423867166,0.7828859297732477,0.9889107489467539,1,0.0,15.26101757100874,-3.352277557888416,5.611422628419336,-0.7768044371330785,-7.787061909730926,1.1572310310143226,40.62,43.941727367325704,3.71,Mid
BHE,0.613966866121982,98.66999816894531,113.20610348439911,9.229787823338562,1.6068967090154522,1.141708442867673,1.763351286014916,0.851326627004053,1,0.0,7.1917380745694235,-1.2936592848405226,4.915366397732962,-1.7327960053702056,-6.871627027724,1.2037418146012746,51.14,43.890738813735695,3.54,Mid
ASX,0.5958228560986784,45.119998931884766,178.26905851233786,15.870568045538624,1.2627099050786763,0.8924410294110297,0.44326411274289007,0.5762374283739374,1,0.0,32.58889377042506,6.942619434727202,5.919137522822933,-0.4413079529607349,-11.927246691477098,1.297680866789396,468.72,43.76795005202914,98.99,Large
TSEM,0.6229759653935084,260.6400146484375,105.57066028362696,-1.3554858292387009,0.6745328967794311,-0.9451459951643074,1.0972932745607764,1.0857894689965615,0,14.3553961806205,56.93642327449206,4.1539641008316215,8.88335365295965,-18.53472130408063,11.441821157505688,1.041027034958875,587.01,43.749219562955254,30.91,Large
DSGN,0.6336558639802051,14.470000267028809,41.50577580616157,21.52515582346595,1.3905499688459013,0.7541396721274659,5.805114976009055,2.4188001035704594,0,8.357829183562025,35.23364976274943,-0.19157527361722188,6.0114519062729,-16.115940480058157,4.496952421412155,0.9833405548881105,14.58,43.749219562955254,0.9,Small
CGEM,0.5951666160668525,18.209999084472656,66.84886262486631,18.817690745896048,1.2209699184884681,-0.6703230643845184,1.0752272582900302,0.10982180900268829,0,4.4503575792535806,21.157680690532207,18.075259202989837,7.192201767240071,-6.2789562608259475,12.217796156691897,1.1480204253401254,21.11,43.698231009365244,1.12,Small
FLXS,0.6020812260231545,74.4800033569336,76.14680058849493,17.248837834984222,1.2151218492246316,0.4121458894465146,1.718580453260049,1.4097682264019875,0,0.0,30.47463075322306,2.7213312841732145,4.662019517361881,-1.6895442755905754,-3.3447729030402615,1.3130836002300248,4.3,43.68574401664932,0.3,Small
FORM,0.6170565053920127,159.92999267578125,166.70257467742834,17.106061843005754,1.7333513599484887,0.10172798792079968,0.21260027027378875,0.0,1,0.0,22.32674465041243,-7.977752958583621,8.441193408523398,-0.2121492404152821,-13.023827886199808,1.0854103708929073,332.64,43.67013527575442,12.47,Large
ENS,0.6183569121882678,233.82000732421875,46.53885063304097,2.5962544146671913,1.957499940163231,-0.12656616963281506,0.22238858839338996,-0.35283419827059737,0,8.617953789045911,5.371795293172159,-0.2325686311736456,4.3038064312044035,-4.179120902250861,-5.175878984196934,1.01266906919553,117.23,43.64828303850157,8.54,Mid
LFUS,0.630160314120696,455.3299865722656,65.63422324522567,-2.61425160844665,1.0237747082597721,-0.19312499421292842,1.0607728970792412,0.1328730819776076,0,24.56449958550533,2.2405303370280407,-0.1898772060232728,4.604979840872288,-9.037701038800119,-4.531573571061207,0.9581071091038182,153.51,43.62018730489075,11.51,Large
AMD,0.6099904593061599,580.9099731445312,161.44941529188765,12.339207614562596,0.8754015550019829,-0.3000523422268358,0.6575902464772714,0.10414358449969985,1,0.0,190.17931268203887,3.8813671262204106,6.158319096969574,-0.6532942472267114,-24.936233074872796,1.1775324231272797,22040.88,43.469302809573364,947.23,Mega
NPO,0.591604529262888,376.92999267578125,59.974500339853634,7.843877884716398,2.1176256536745317,-0.07465383501595027,1.8272656304475392,0.148568054936915,0,8.469820687964368,-0.6143587591208232,-5.762591004822948,4.102267610010394,-3.4552585133844675,-4.551418579306984,1.1348914519367084,98.86,43.43912591050989,7.96,Mid
TIGO,0.5947550133264463,90.76000213623047,63.634468062670926,2.9824776358345892,1.2572004548359188,0.2381715728938784,1.4033764861339841,2.242181152698101,0,2.493068569814905,6.326149820997997,2.505245319854644,4.250196027712095,-4.1908593687077484,-3.2931929166786604,1.1124696917533192,164.86,43.2799167533819,15.21,Large
LXRX,0.6128595291510278,2.4000000953674316,86.36812536636371,16.026109794496136,3.260789233619795,0.5505353608625986,0.41666625257192785,1.2500086918228472,0,14.67012021350027,-5.882347439017682,9.178741258302072,6.309523927786989,-10.447759862338087,10.160430836062437,1.2042254099646985,8.17,43.276795005202914,1.07,Small
VIRT,0.6089368936971782,59.56999969482422,67.68994320699908,3.814851515728716,1.0276178345214233,0.5071564925154769,4.283532994914363,1.2254482893467267,0,7.74783271065327,22.30579271613744,-2.8516027981195187,4.5497133117630355,-8.184336903978782,4.18558970396838,1.49163504808758,81.57,43.26118626430801,5.18,Mid
ALMS,0.6072742226727501,28.139999389648438,147.7639333632779,23.38587489908269,1.9376755741227547,0.031498037104395346,1.812367590353682,1.563612450552644,1,3.8230846230146334,73.3826258940067,6.5912452412725,5.969643564966941,-8.03921882703827,0.24009390351946064,1.0843951855153595,35.67,43.236212278876174,3.59,Mid
KVHI,0.6358423571478596,9.90999984741211,37.19609435415436,12.928035787259498,2.1987973845319453,0.25222453064912115,0.5045428001986788,0.0,0,28.989770191555337,6.216505127403072,12.925169000009404,6.7320169355624095,-23.769231941155372,4.863813355439151,0.918367168273842,2.89,43.2060353798127,0.19,Micro
CTS,0.5899043729423874,65.19000244140625,38.113901411409756,-1.1086700493474366,1.5315477441645544,-0.636940596360494,1.2578611199603316,0.5827551112989956,0,16.519587304912537,0.2923114483128106,-2.066057391273861,4.058786338055883,-6.212727398618443,-2.9747881169393815,1.0221292513403777,21.47,43.115504682622266,1.86,Small
ECG,0.6186756644292815,165.9499969482422,75.45085772418814,7.700293417595988,1.3096666870349003,-0.3843296844260778,0.06930129272568672,0.3193725754987399,0,4.194954736991679,27.5557180342686,-5.236677867413377,5.344122183384652,-3.279576538492705,-5.62844510314178,1.0406923126428145,106.73,43.06763787721124,8.47,Mid
ELA,0.6038593711454546,28.8799991607666,122.28616270527115,10.195357024846938,1.7090856367541045,0.5871324648705716,2.770087145529693,2.1121905403623584,0,0.0,89.62573885691457,2.0425167810449723,5.881478469598739,-2.6954216177778014,-3.2942499027446934,1.1303020546310278,3.51,43.0582726326743,0.75,Small
MBX,0.5959734133092894,55.20000076293945,69.88695079260098,38.2280785127706,1.7724897855112605,0.7220084671914311,3.876810434840495,1.2409444996575199,1,0.0,5.5247549488094565,5.383359344249024,7.097050171847469,-3.732123097168379,5.359790786799653,1.2557274643414817,45.15,43.009365244536944,2.63,Mid
LION,0.6055987151551026,15.3100004196167,55.69299787854056,4.391111316814716,0.9607000457297514,-0.21931088519694109,1.0450675572591817,0.3919034485191892,0,11.30875126774617,-6.418093835560796,2.4530967338461944,4.9342166295399315,-8.323354968487195,8.19276722597503,1.3480720616338098,62.76,42.982310093652444,4.45,Mid
TWN,0.6395482378851606,96.16999816894531,70.96958781858372,-0.25514546842788394,1.4025345198439656,-0.31020499783964345,1.7729040901526483,0.7277714250097705,0,17.26440213006293,-4.0985247909268026,7.278636342387661,4.7144857225408145,-8.487961251973411,-14.71218087268508,0.915815667047898,5.16,42.94068678459937,0.55,Small
INNV,0.6033409972645727,11.850000381469727,105.14509474523383,31.81313119341171,2.2001683144817425,2.525306465471132,6.666666129578461,1.1814374582625595,1,0.0,52.31362546760779,-0.9588999039133332,5.630499593570348,-6.249999527949817,3.519417110110918,1.4895314594182971,4.19,42.916753381893855,1.61,Small
CGON,0.5989374647650799,71.05000305175781,69.58452980978862,15.100808945029327,1.9563135666196052,0.16790180484686204,2.153411278759245,0.7107739072685348,0,8.402302838640843,31.08856467033312,8.154648072944273,5.689453328555815,-7.24542497760736,6.468745717273958,1.3301137398298808,74.35,42.91155046826223,6.27,Mid
ARKO,0.6220965750790969,8.029999732971191,65.94225866366865,2.862996229168541,1.3902250400246083,0.13662751652700653,0.3113396392632998,2.054794113566272,0,4.303302464060115,4.150449976646476,2.185090895727394,5.13253969620696,-8.28098654380445,0.14859186752968692,1.0539021658496868,7.68,42.725286160249745,0.9,Small
MGNX,0.6199731042851838,4.619999885559082,178.20268150048145,8.52712804719311,2.243685190578984,-0.18592648964720168,2.056272565461144,0.9740276493266498,0,10.565996039754658,34.693871582923705,6.280187448474171,7.111936080699841,-9.055118995372618,7.803467568546021,1.30361516607177,5.67,42.57752341311134,0.29,Micro
ADEA,0.6092977465066247,32.93000030517578,86.4288942913524,4.832550035186936,1.1798224854680484,0.862940472290793,2.9122369416109883,2.3458824090195343,0,4.5346429012514085,3.616251221584596,-10.276122208618492,6.163473636058324,-3.9271566324384355,-4.770130844371291,1.0035054468372513,74.97,42.51821019771072,3.63,Mid
TPL,0.6250907649837397,437.6400146484375,43.85497056333818,14.300193993870824,1.0562712378211792,-0.1668384512288478,0.5392526443115394,0.5403962515332211,1,37.86953958777444,15.9640160783481,-7.579502710079174,3.827835670735,-19.807867665777497,-3.8643609557581082,0.9749221267479852,183.87,42.498439125910515,30.19,Large
SLDB,0.5941836591546942,9.989999771118164,62.307804866036,28.62108693640088,1.832163898123438,0.5941907196055225,4.20420506380946,1.2012000830470355,1,0.0,19.92796953681469,10.848403386541856,6.736021211201049,-4.034582924206383,8.227115048082451,1.4378055896561721,17.25,42.473465140478666,0.98,Small
SLS,0.589863078516247,14.760000228881836,405.5319121869139,61.17936442741709,2.028407131936933,1.8843412225662581,4.447830978632405,9.620596573021283,0,3.4151605115960644,-4.466016756355285,12.017637401383405,7.944492528139069,-7.0324057041951145,14.559382805476718,1.735743587483624,138.55,42.471383975026015,2.9,Mid
AXGN,0.5805997867065239,46.189998626708984,32.06933923957891,6.754488945445472,1.6066074846479312,0.23320223625752695,0.1515472979083973,2.771160028848788,1,0.0,2.8043585865723046,-7.076440540589969,5.172733421389255,-0.15131797959906532,-1.9480519480013496,1.2227712329663114,54.03,42.458896982310094,2.46,Mid
BIOA,0.5921928670763015,24.510000228881836,67.83118402141734,25.65042381699229,2.5673573752992516,0.3914796081497964,4.324763182376736,0.5303923278144673,0,1.0321983045045409,3.1565656260253747,9.825584063930837,6.84122992001976,-4.999996303394013,7.787996494348548,1.3223861771993555,12.76,42.39542143600416,1.09,Small
SYRE,0.6251012519821619,88.77999877929688,160.76651696193008,6.846708293249665,2.0735081844342065,0.44576388566098263,1.5881910926853573,0.2027487132785691,0,5.726492511822731,40.31926368984205,-2.0697463361254114,6.93769608437949,-13.011952867765416,4.574721092333685,1.1595572121950557,120.24,42.375650364203956,7.71,Mid
MRNA,0.5980412522825702,70.02999877929688,115.70128822311338,25.568738412843732,1.3062566445197081,-0.0887841271983081,4.640868280172519,0.8781920241051933,1,0.0,35.0106038577513,-3.343458651500709,7.187124082553659,-4.435043741941003,5.5659002428667534,1.634182324826264,533.08,42.348595213319456,27.79,Large
NOVT,0.611688721478249,162.24000549316406,23.449562410788527,2.2019695323816557,1.3613790813136715,-0.07564720620041766,0.9532134355906852,0.4684384129062886,0,5.546497972448461,1.9159513819727976,-0.5383516382441209,4.551304377992416,-5.592086278138948,-4.07450504561211,0.8488485807199148,85.3,42.10926118626431,5.78,Mid
FATE,0.6001163513410495,2.700000047683716,161.24617418750992,28.23557570573013,1.8915401934085367,2.4223085964618782,0.7407400209590336,1.1481532137088115,0,3.9762062036616164,28.571436667298972,30.291972252684555,8.944445343595037,-6.250002067435499,4.3165426873282,1.1744487824550547,11.41,42.048907388137366,0.31,Small
PWR,0.6136917934594488,720.0399780273438,57.74006847618709,2.0629730075176127,1.70883059075725,-0.26123394854626486,0.17916214402878872,1.471442006892003,0,16.60045629206049,4.676753331075142,-0.9207565703249272,4.304276904035236,-8.711254766728258,-3.814717516174752,1.0223702479971744,944.86,41.97918834547347,108.05,Mega
IPGP,0.6397379753655508,117.31999969482422,47.2983099067559,3.504707795238043,0.894131924243006,-0.34262995420126996,2.15649402135732,0.0,0,45.74990243118529,29.1501589873985,3.3779149837671483,5.857606460567292,-24.708000140854494,0.3759347335823978,0.9037059663172416,67.63,41.91259105098855,4.98,Mid
ROG,0.596896991677475,163.72999572753906,64.94656409015289,6.218514569797201,1.1201411167803832,1.4699505285739332,1.2062579582486184,0.14047256674970582,0,3.309748714395128,1.607295735189715,4.149099392059233,4.74801695714541,-3.1183457233312155,-7.454643329163976,1.0903832608613269,52.18,41.86472424557752,2.92,Mid
PVLA,0.5982312757296073,152.82000732421875,39.08403656021453,28.292421107678273,1.9138849097017872,0.968100051180025,4.502031509638035,3.5021625103662792,0,0.9476721434036762,3.0200964654827827,6.51922602057609,5.4313200188444775,-5.304249163182654,4.938080486233979,1.2272019978083317,40.39,41.634755463059314,2.19,Mid
PDFS,0.6227436300927839,70.79000091552734,132.7678419042705,15.147820939664742,1.2059882786488008,1.077880668349279,1.2642981091662218,0.0,1,0.0,53.72421734595615,-9.789392701180189,6.584364238711286,-1.2485131806308152,-5.731181232080172,1.2098401777861316,60.91,41.555671175858485,2.96,Mid
MTZ,0.6010098123162226,416.05999755859375,76.65615554887151,9.821103167411128,1.35424035211821,0.37494994461735304,0.0,0.8628554436734613,0,8.775244925970838,9.961149913494967,0.10770364682883354,4.684248446086055,-5.747229580696757,-1.4101162776499494,1.175424493107257,477.79,41.55567117585848,32.88,Large
AVBP,0.5991130324640774,34.7400016784668,49.370897522111214,9.495784730554819,1.7874234376267273,0.35041009264682765,2.389170916039406,0.5613117023522599,0,0.0,2.17647552483833,0.5867024230099104,4.90480387197244,-3.042143725520943,-2.6315813180873473,1.107936154907076,19.75,41.55150884495317,1.62,Small
ESI,0.5809683241733086,47.75,77.5302426837122,8.056120921110844,1.3841732867439778,0.18432779095075053,0.6911033110948199,0.24084121144374548,0,1.298207472117085,12.40648527384105,3.6939245658946342,4.976813830630317,-3.0456852791259763,-3.382874092688617,1.1825676646065564,160.68,41.438085327783554,11.63,Large
DK,0.6279046109982451,50.810001373291016,64.89159998025814,9.559801710058794,1.011996952302298,-0.8961170356519021,2.538872034315791,0.4526658846986451,0,0.8605295907644112,92.78028651383785,-5.483029825734289,4.947001643418344,-4.68955155796645,-6.527000668674282,1.0347835092060889,63.33,41.428720083246624,3.11,Mid
CMI,0.579679184280233,713.2100219726562,29.52930111873964,3.9441259114391864,1.48163172677429,-0.314721935373515,-0.00841232690866003,0.5812635486164869,0,6.812474176495893,3.98618208262013,-4.534575396384756,3.948947481712297,-3.32763872641113,-5.352532287645008,1.0853188246131147,739.86,41.38085327783559,98.42,Large
UCTT,0.5792977706279231,142.58999633789062,438.8267812649156,32.60053514389844,1.5367499132020952,0.8441729891337636,1.1431411211614748,0.0,1,0.0,134.98680886522402,0.9090869785129259,7.395330464626493,-1.1302210990185506,-4.4019618990314795,1.3177989191683572,176.48,41.21956295525494,6.39,Mid
OSS,0.6239952143163469,18.18000030517578,144.09735384880696,4.898737009120556,0.8870861954239753,-0.5034879934128378,0.27502330153185994,0.19251840936559203,0,3.2001641006462473,18.59100062275032,13.0274231671616,8.207214166141544,-12.931029520991515,2.1169358519224737,1.0452535315889153,32.98,41.17793964620187,0.45,Small
FLR,0.6015339760873389,52.38999938964844,19.590117928014106,2.19846608728112,0.8728059257828434,-0.4032143712760006,0.4771903090432652,0.6489791115526914,0,15.465157362003659,20.965129827373648,-6.38023903182961,4.218362664884526,-8.886957583065554,0.6795754153940355,1.002236988239011,155.27,41.038501560874096,7.32,Mid
KLIC,0.6105147920017445,133.75999450683594,178.76484226884358,15.43244176880782,1.8025557223803383,0.44127400308252684,0.7775183818962771,1.690792764610604,1,0.0,6.819991377425942,0.8128452415977326,6.591640170698547,-0.771519674606267,-7.120183704434682,1.481980208736906,137.03,41.005202913631635,7.0,Mid
NVAX,0.6205395643278632,9.420000076293945,29.167109119274095,2.3857411377022584,0.9457067931367964,-0.2999637931250256,3.7155029575145195,0.3715482709652342,0,41.04557864591596,-15.817690529980782,17.982876327149263,6.0319986800707905,-21.30325926178773,7.01357324419777,1.0216532419041402,48.37,40.96566077003122,1.55,Small
PHVS,0.5826074870131076,34.58000183105469,25.485305769315715,7.266388633040472,1.6224840785882657,3.7829389067330976,3.4557537059367296,1.9520040948410353,0,2.3897282857528714,15.923573313235398,-8.55670013192913,4.720937795191459,-3.690285456768457,-0.17494484671892846,1.0651309506023583,13.41,40.74089490114464,2.42,Mid
CTOS,0.5960591571714171,11.8100004196167,89.06862896126124,9.09931103487951,1.271691503982276,-0.8036800503308449,0.8467432507043442,1.0160951309020545,0,4.983801865596131,-1.0887702288473664,-8.245240272129276,4.29418118756985,-3.434171204461778,-14.848878024045728,1.197705791398366,13.4,40.716961498439126,2.69,Mid
ALTO,0.6295650982684682,5.699999809265137,79.36497678172445,6.542052508405917,1.6904519034629104,0.1798408682084166,0.1754426178019605,0.43859817894044373,0,2.870847416118826,41.7910406938239,1.401049442339514,6.077694916994599,-5.000003178081054,-7.692309918267608,0.9982861893026166,13.58,40.57648283038502,0.44,Small
KFRC,0.6151113173236867,46.91999816894531,44.02838909964058,-1.0789828056309232,0.7312025552208523,-0.4456986696693447,-0.7139793212678353,0.7672566276545455,0,8.407875932885196,3.1156534169391525,0.6431517972301384,4.328893431067667,-7.455626305794221,-6.05366644067671,0.9991106769027439,12.14,40.32049947970864,0.84,Small
KEYS,0.6029650064956162,350.07000732421875,61.15008066517878,1.0965354542595285,1.3656295748997047,-0.6085029319139352,1.405428287829735,0.1685366713928486,0,15.113749015444583,16.117153564762532,-0.48485033439720504,4.430827858017976,-6.638789568093993,-3.7745992867678733,1.1021065187391161,563.07,40.26638917793965,59.83,Large
ST,0.6311426298662055,47.7400016784668,34.27127067294962,-4.264382720141051,0.8409450454830677,-0.6358366751320643,0.5236698600861722,0.8588182509186051,0,25.673957723556317,33.44770357664248,-1.7853463928885798,4.496080826192762,-11.412131714087296,-2.508000826072606,0.9595137409235953,112.21,40.26430801248699,6.94,Mid
PSNL,0.5888082737631553,13.399999618530273,55.86532240876074,23.33179573433151,1.747456921909684,1.013008852547376,0.5761189410824186,4.477607797248898,0,1.4956894332703676,2.91858024099244,10.834815649391967,7.369935849438043,-4.761905407096719,9.361071509091005,1.339265378958892,40.98,40.203954214360046,1.4,Small
AMLX,0.5999398128854174,17.959999084472656,36.90715235184854,17.6393456935656,1.92049949021665,0.789262208646967,2.004447223464074,0.6681455344940938,0,2.58394391643054,8.519636932486915,7.533756139717444,5.996261705723218,-6.214102128983784,7.18954058208524,1.2214100300181305,24.1,40.19979188345473,2.0,Mid
SEZL,0.6005040609431184,171.6300048828125,134.69298485575183,20.94796785889896,0.9145203497509531,-0.35351117208214206,1.4216642614780828,2.1324875017034444,0,0.0,102.63283478825211,1.1261606357894554,6.3609844100016355,-8.091464156470627,2.490400395249487,1.3613993338944328,117.23,40.09157127991676,5.77,Mid
AAON,0.6540121441307107,126.86000061035156,59.00156473677989,-4.191414235474037,0.8581636684278143,-0.15440627542173627,1.7893774724275187,1.481946432569814,0,34.62406309039197,-1.7807509860599118,4.700714555005579,5.61867892483427,-15.626503851506268,-5.96934645649886,0.8362082688987905,146.31,40.07908428720083,10.39,Large
OSW,0.5687491653442188,28.239999771118164,23.992766205205783,8.726199770115416,1.8209315791779606,-0.213853658061938,1.115440993624308,1.4341384203741103,0,0.0,28.072011832022746,-2.0168128779489662,4.298107613540867,-3.446387609419562,2.267214755117306,1.4318765654149344,23.36,40.056191467221645,2.87,Mid
TER,0.613966866121982,483.8399963378906,134.69771391410455,16.706063428616456,1.400636060852415,0.52881706765869,0.8411886894460128,1.5500992180784614,1,0.0,10.485929279783674,-1.412834926636121,7.103883453933399,-0.8341717311926641,-9.911139904622452,1.2738213743858284,2200.08,40.02289281997919,75.74,Large
PLSE,0.6370492857614747,27.729999542236328,83.8156157860166,6.516601442471165,1.7430768682544797,-0.16203547149857503,0.0,0.3606216484562396,0,5.574419713248506,33.63855200915635,-0.689096375197874,7.440111600384326,-10.548388573090929,1.623928063868189,1.053912799412579,9.96,39.97606659729448,1.92,Small
SLGL,0.641914743390715,74.13999938964844,68.40268577001613,0.1397933121591763,0.8729354609510386,-0.1969481045292332,1.9692461511630541,2.940249718051433,0,54.05584791162944,-0.48322229576742315,-13.63636117316814,6.941972881058329,-24.32377414911746,-1.2995790561332823,0.8783269402668802,2.31,39.97086368366285,0.24,Micro
ICHR,0.6031808173861813,112.27999877929688,483.752735428798,31.015933778367604,1.335018566744696,0.30703559144372616,1.1127582123253554,0.5967208552044312,1,0.0,148.02296806374554,4.6564805552217505,7.826823012372635,-1.1005121727454898,-7.878327460223571,1.2709449506240857,130.1,39.97086368366285,3.91,Mid
CPIX,0.6331055032911616,6.480000019073486,48.52772764894284,10.363620468652988,0.045642772415835434,-0.11367169484701486,0.9259250400258576,0.0,0,0.20293949617569898,66.1538425629563,-2.8070233258801656,5.136683594420774,-6.493503901111687,-25.696591905506278,0.910714243205686,7.83,39.888657648283036,0.1,Micro
ATRO,0.6014890226262948,81.26000213623047,75.00142076835155,6.592454640196761,1.2829263681965035,2.090977361249332,0.32611294939533864,6.682254691558698,0,4.486793165769351,27.13045859213138,0.9165675599001735,6.683063475576341,-8.408474956882388,4.859036419608475,1.2840116269977482,61.95,39.826222684703424,4.01,Mid
IPSC,0.6229864190130333,2.450000047683716,117.05261748783803,8.864698871991827,4.053029380461909,1.3503238543158425,3.877552111122165,0.4081628679407341,0,10.476627759922025,38.418083259925936,10.169492377257216,7.60932968722055,-19.40789215061697,14.61538037748069,1.2516088572887145,3.1,39.79188345473465,0.44,Small
AGL,0.6173918016228112,107.18000030517578,481.76959948990367,1.2804157040480586,1.0439764742650326,0.3281070769681971,2.9203183844716003,0.5877936663727252,0,8.164591196942308,76.68974707223218,-3.0149134297545253,10.489829173905257,-14.740274372842824,12.77870299485481,1.303392723187969,47.53,39.789802289282,1.79,Small
COHU,0.6007409358968698,73.91000366210938,205.8907176621081,19.774748056106535,1.04336927238828,0.4184976519107125,0.9335607871930267,0.9200382512160382,1,0.0,28.338259187354314,3.6513792264775837,6.786245233269201,-0.9249260403695989,-13.74212848803253,1.392572881449695,119.73,39.7627471383975,3.49,Mid
IMOS,0.6189970144570172,64.25,106.2837383493461,5.6964415063986475,0.9343514052559901,0.6714756760174255,0.37353753115298965,0.0,0,11.820652173913041,-7.355721862527339,15.156977367027647,7.068038041910545,-10.72298783738103,3.1429159049884268,1.185402180016415,7.03,39.66077003121748,2.23,Mid
NBIS,0.5989374647650799,276.1700134277344,206.54474799467573,9.380976836046665,0.8058999611326315,-0.4424231000736998,5.2250396401218655,0.8907580817067933,0,3.8503879811777204,137.4022256334529,17.583459244759926,9.779869923287174,-7.900344521118573,6.351021869822524,1.3675035090402914,4800.72,39.63163371488033,70.12,Large
CDNA,0.6035574477975572,28.5,37.550074294529146,15.553033045622955,1.3702679923931054,-0.3295569416506669,2.4912248577113822,2.2105233710333203,0,2.3572072171065646,27.118643634009747,3.7280636075731635,5.160652007674215,-3.651115370030843,0.8870239653221352,1.2048971814456055,22.87,39.621227887617074,1.47,Small
EVC,0.606100343694359,13.039999961853027,328.35528549267764,29.561972337728065,0.8403701943817667,0.31556501265228315,-0.23006661603505058,2.4539853967469325,0,1.7201791197967105,70.49546366759061,2.047413648134781,6.109031195696077,-3.90567240126235,-6.232288921440957,1.1649681064384967,42.34,39.61394380853278,1.2,Small
ATEX,0.6086365094236308,102.94000244140625,359.58104014376596,32.80953016802494,1.5487581296088806,2.2142517217629916,0.9422976468703986,0.0,1,0.0,198.89665082502364,-1.3463850140557265,7.344222734354268,-0.9335012862168722,-7.063284283396881,1.5141093850683258,46.61,39.57544224765869,2.01,Mid
BAND,0.6345495260202785,63.29999923706055,307.6935380465783,5.845319838008321,1.0300168306683959,0.40576887075783497,2.037910136426097,0.0868883188591116,0,12.548912840940618,22.247973598151606,2.8918085334731174,7.915369076269453,-16.688606948513698,-4.823992174107261,0.9156035448573192,88.79,39.56711758584808,2.03,Mid
DXPE,0.6466302315969648,168.74000549316406,36.97551060488158,2.754911285646209,1.510503295564995,1.169283174110559,0.3940934363403299,0.515583198329094,0,10.765746055442587,31.233475727092102,-10.687122261576903,4.274327486766374,-8.248598698705955,-6.362552362587887,0.9865277257372881,32.73,39.4901144640999,2.62,Mid
IMMX,0.6204175521790352,10.3100004196167,74.04759962628266,15.405069942314,1.9454166683953393,1.2349482626642052,3.10377964858587,0.3879724560732338,0,6.650953362545048,18.233946143528236,14.642086141265917,7.433835493869613,-11.197237514136422,4.830917695876351,1.1432695191481375,15.51,39.47034339229968,0.73,Small
GFS,0.6279246329319448,82.41000366210938,121.70906904605863,0.8067912158007442,0.6101089759743816,-0.38333118438365954,0.4732427767419451,0.5096446429759396,0,10.66775589263656,1.749188555954217,3.277873201616551,6.0485093842919895,-10.827917121876533,-12.858454631550359,0.9580943026395241,422.48,39.460978147762745,45.22,Large
LSCC,0.6209721006716433,152.9600067138672,92.03378572408978,5.264611433786791,1.0663897825312585,0.3480061093975649,1.333677560524409,0.4837901808827108,0,2.6874263069566235,44.61568645936806,1.2712529548396883,6.287824453932765,-2.579445853535538,-4.90347310168181,1.1658445065279277,359.55,39.40374609781478,20.96,Large
VCEL,0.5680280641614658,44.4900016784668,9.382127620752701,13.40666482385839,1.5117919086032874,0.2468518071200276,0.26972112239804213,2.157794702023997,0,4.156958937307907,-3.763785163229796,-8.988424102011159,3.917410870268708,-4.568848782009546,0.112110188296215,1.021579095149911,30.23,39.38189386056192,2.27,Mid
ACMR,0.6175436478622811,126.88999938964844,203.62923866153025,31.61122317335917,1.29586497119404,0.6127507262340902,0.23642765639411153,2.1457183698023137,1,0.0,122.45791962089898,1.8037822082492279,8.100869558405597,-0.23586999449399246,-10.847654213499759,1.392647882458607,222.47,39.34443288241415,8.77,Mid
RELY,0.6374791582972327,22.40999984741211,48.73036174744145,10.819897173076967,0.9189158523896145,-0.3727243158959679,0.5845627830653928,0.24542751248469272,0,19.00005767039654,-5.6421059053956615,12.268187538489844,4.008095538093,-10.072232026872435,-5.347324750283311,1.0703596478046977,113.2,39.325702393340265,4.72,Mid
MTSI,0.6243652284335642,380.3699951171875,108.58803963005946,1.4878855855585098,1.4327674266720871,1.1369220034830056,1.899467938124481,1.725951711666003,0,13.07668981849162,3.031042489673363,-2.2810075501589933,5.833982671965356,-9.197899102554334,-3.852407618395274,1.0493167219941293,616.47,39.30905306971905,29.02,Large
BB,0.5987497627616942,12.649999618530273,209.8859560026824,30.144030526407988,1.397675486052479,0.8588417240734398,2.213444229778601,0.9486157246504164,1,0.0,22.340420035108348,4.423871330437568,6.691135907673209,-2.1655118330644627,-4.732510549538641,1.3400488554203878,456.88,39.22476586888658,7.41,Mid
MCFT,0.6115016265450781,25.81999969482422,23.792372199285072,10.016296567353832,1.5764986004248778,0.5287324187534986,0.6971351947958856,2.4593347651531245,0,3.737194030500378,4.916696685958367,4.82342362168972,3.940742305398411,-9.212379711469264,-0.5555601291836431,1.069267478265697,4.36,39.174817898022894,0.63,Small
POWI,0.631997408453617,83.76000213623047,117.36291603835696,3.3550945224857283,0.9251732106332834,-0.47497843684877417,0.29847181664394623,0.13132832801429495,0,13.192556731386059,-0.14586214285566385,6.385060582397559,6.290080523864258,-8.137747470968963,-25.387889413909264,0.9598953162347748,113.2,39.11446409989595,4.67,Mid
CADL,0.6243652284335642,10.300000190734863,62.62719767995064,16.06287751984727,1.0732913663716954,1.0971220465800486,8.834959069385718,0.2427239974679934,0,0.7741197995245548,23.947047778494372,0.1175114995499218,6.033286526575483,-9.251102690327718,-2.0408181594354917,1.007214461844825,23.21,39.09677419354839,0.75,Small
INTT,0.6554245494446249,18.170000076293945,132.86851147206056,6.263525363435857,1.3125494349814262,-0.3129676305185824,0.8255344958293079,-0.1651110980621185,0,22.949285137188884,9.326108054750133,4.520468459437963,7.48093427421201,-9.149999618072775,-15.544368870396536,0.8630910033099082,7.13,39.08116545265349,0.23,Micro
SLN,0.5867282933624487,10.979999542236328,68.34294167755148,45.739309188848424,3.437298680658127,0.7883394681091297,0.6375287013709896,3.5519158428653475,0,0.0,19.86899263038434,4.594183477028191,7.269711280113887,-0.6334900206689044,-2.2576307396748074,1.4664687408570005,4.04,39.01456815816857,0.52,Small
TITN,0.6180690005119107,21.1200008392334,28.211154728719467,-0.4689046646135962,1.1085223538538835,-0.27271593906223607,0.7343743494505469,1.9853222664032308,0,14.729260147943299,41.93548841654414,-8.257711520599068,4.672078286543538,-15.519996642445607,-4.570025983768135,0.8452321339616174,4.11,38.92611862643081,0.49,Small
PRLD,0.626136086123875,5.329999923706055,108.79718247912398,26.273393358903935,2.2110407920098054,0.9723378891961494,6.566602431084847,0.0,1,1.9614174349553468,21.68949279056135,-0.5235597191306779,7.511390222524862,-6.161970337124504,-5.855850194490425,0.9823538775743901,2.7,38.92299687825182,0.42,Small
VPG,0.6159908730750269,149.91000366210938,268.94838370248414,12.028639871554011,1.2505319068027172,1.8667219363370433,1.2474118280924824,2.728301139316904,1,0.0,50.512054174935685,4.974650574712555,7.926184742711931,-1.232043175790466,-13.904542542858719,1.2107585112808603,86.92,38.867845993756504,1.99,Small
POWL,0.646521241907713,286.3599853515625,143.4872365448694,-2.0338396357866464,1.6500987464571069,-0.41375596026993805,0.7717635443846322,2.007962108574869,0,20.20633315755756,2.355505092272434,-1.9019891292446438,7.233401114315201,-12.665076659759391,-4.875316011097858,0.9539183865956196,207.93,38.75234131113424,10.43,Large
COKE,0.5728717291118578,190.9199981689453,10.456389147762678,4.374352521121706,1.0883980248756782,0.008764431573684823,2.36224311233306,0.5971084226774819,0,31.83812547425431,7.493946012487694,-3.8807834115209814,3.6047262513685148,-12.966967225892082,-2.978293409790526,0.8716438254394433,109.15,38.657648283038505,12.71,Large
NAT,0.6194210028294057,5.539999961853027,64.97537087372251,-0.42010846082183984,1.695206334903731,-0.5044863851019252,0.7220295840866007,0.7220209769176223,0,29.04397988988453,10.35022181018339,-0.759012261724613,5.969572747755331,-17.31343104868245,8.126040025884814,1.481291224712716,23.7,38.63267429760666,1.17,Small
NVT,0.6278634531871254,169.61000061035156,54.59823744893848,0.5504458786894589,1.0640155960648998,-0.1531464148286279,0.26236192667044034,0.46577046358429197,0,10.848534731080685,6.7266565344247065,4.511807260524345,5.051083662932403,-8.140164010452281,-5.708980878236121,1.0122510884553877,369.57,38.61810613943809,27.43,Large
EQ,0.6395482378851606,3.200000047683716,104.57950593138605,9.984535853567428,1.5949219478149266,4.58090899631895,9.687498064478344,4.656247723789568,0,0.0,3.8961080165972266,10.064933453176184,7.76562455645763,-9.604517450200536,-5.365860293628647,0.9230023254898765,2.36,38.57648283038502,0.2,Micro
ANRO,0.5799252587696727,26.389999389648438,34.43661408905629,18.98106116665821,2.935452604845053,0.07987906752574034,0.7294470350895463,0.795752517323178,0,15.287856797290761,-2.4038517154103105,7.878785484716959,7.194418953013947,-7.2114222288985435,11.54400770108871,1.1473179605663506,11.01,38.50884495317377,0.93,Small
SEI,0.6536297428495269,80.45999908447266,72.20216512638815,5.773085766305766,0.880109364236427,-1.131112898314034,0.8754649725243417,2.933135268674977,0,2.706337714324178,27.553073017162138,-5.2930959312791765,6.642554869986498,-6.6481067346093745,-10.347450163027771,0.9624320330692776,189.77,38.342351716961495,4.7,Mid
DFTX,0.5980412522825702,47.040000915527344,251.42993208480547,54.78521465945685,2.7387485624537184,0.8712213043246684,4.591836320847522,0.9566342563172591,0,0.0,28.279256242454014,4.322522989277843,7.785320188383575,-4.390243524132738,0.8818375671934747,1.8127959040400652,144.11,38.33506763787721,6.24,Mid
ACLS,0.6247900301971476,189.4499969482422,120.57675354759661,10.393089733656263,1.2286696842450655,0.08858390537167331,0.9263120082072307,0.01583466866189094,0,1.1116540299536082,131.00840386789437,-2.8852522209096656,7.10760078478376,-2.2344936826859723,-20.550830317355068,1.1151032397889749,134.5,38.246618106139444,5.82,Mid
VCYT,0.5808767156238255,58.72999954223633,29.46692070708119,12.803472315061496,1.4414550580145855,0.5375484281604648,0.8513536589284425,0.7832438073390591,0,3.8505327899304818,9.509599799463945,1.8887501901810166,4.4405383281968245,-3.57905156887406,-1.5680550471650023,1.1786231285022308,73.01,38.183142559833506,4.69,Mid
EWTX,0.5939687398694753,40.630001068115234,45.43971962753881,9.813781705320356,1.01555129570432,-0.2824211070563408,2.608912983998842,0.3691890768689382,0,4.824600830220182,19.675994565134307,13.46248980321438,6.415561206789863,-7.511949041795535,8.27766586153215,1.3841846758717717,62.98,38.16441207075962,4.37,Mid
COHR,0.6205685212774917,394.4700012207031,96.9993504691423,0.6014876388816763,0.9127159592951994,-0.46279226149126496,1.262456199686835,1.7300411658851518,0,7.001835250585531,55.529706117542844,-10.755028778072248,9.07491649909273,-10.347726995271227,2.588253712859954,1.1105887674336234,2466.46,38.157127991675345,77.17,Large
ORN,0.5959734133092894,16.81999969482422,52.66651079793174,11.972836429291236,1.8072599990810534,0.01072596756144395,1.9025065871570501,1.426871435543171,0,1.345115513108068,2.498475631928677,-0.4338425158594097,5.16391891172977,-3.3333329677492958,-2.50626720148158,1.2029673461491075,7.04,38.10926118626431,0.68,Small
PBYI,0.5738830913053606,8.109999656677246,22.90201126277662,9.542779758408237,1.8733261139882147,0.6839624211537313,1.72626817795515,0.16152491939695193,0,0.8283315345286371,42.28070048479541,3.7921346239936233,4.247929244048695,-3.5671842585289255,-0.9370839841778654,1.1513214917776609,2.28,38.10613943808532,0.41,Small
NVEC,0.6196656558201088,104.55000305175781,66.9186189221696,-0.7937411143012838,1.357913484788452,1.7848520730422606,0.2199863422509921,0.009559547148835654,0,27.356381218368348,-0.5895170942055579,-5.864295173100829,7.76047060743656,-13.737619072265561,0.23070227939414317,0.9889036822052194,19.59,38.029136316337144,0.51,Small
OVID,0.6204175521790352,2.690000057220459,42.36977056842306,12.083335155760448,2.462524200919086,0.06851295553325273,5.018586897450279,1.8587342466215826,0,18.910469087880433,16.956526644352675,7.812502034216419,7.063195837523173,-13.36553813752328,10.652926871069084,1.1465846559468849,6.99,38.00208116545266,0.5,Small
CCCC,0.6220913419047048,4.670000076293945,111.52920377705682,15.12387731490451,2.2762606539717116,1.3723176734383309,10.706637938424349,0.5353339390503409,1,0.0,9.624409044303784,18.036533777398773,7.66901280560827,-9.67117973935713,1.3698616710344935,1.1428053133082576,14.45,37.97814776274714,0.52,Small
DY,0.6347569594793036,505.5899963378906,36.68528262466475,6.5693407415063065,2.2276602532918504,-0.27555724999501907,1.451774542340593,0.7456613146959693,0,7.243645334153327,3.5514585433395003,7.092678178913836,4.212617583320599,-10.74725537340669,-2.821376560079445,1.0593666862881739,291.84,37.830385015608734,15.18,Large
STK,0.6005438925226572,53.869998931884766,38.53838354126229,1.6146662913643324,0.9671097012056786,0.07814334882885673,1.5776857412806988,0.18563632968129373,0,10.714030856180512,8.433974639464969,8.37621567654482,4.0030093914552705,-7.851522792323322,-3.634784315304871,1.1376524617811503,3.76,37.8210197710718,0.95,Small
AMAT,0.6105147920017445,723.0,167.99364772295488,26.339407235296687,1.8303032032361521,2.0334844020407004,2.30566845230058,0.20608440309445908,1,0.0,15.340432809749332,-7.420826113337184,6.537541191796025,-2.2537054761296873,-5.06373751228441,1.6084514054443082,6693.35,37.80853277835588,574.03,Mega
AEIS,0.6145044196330877,372.8699951171875,62.501946121481076,8.466538414070673,1.8489045940907616,-0.05237374249528296,1.0110814977362361,0.27087450823305326,0,10.05995009751514,46.1066015091478,-3.8893574384614866,6.208598953776559,-6.153077585560326,-3.099035587197713,1.0547128221364235,378.46,37.5952133194589,14.92,Large
TWLO,0.6303800609033832,206.3300018310547,38.14207712856348,1.471941814086192,0.7255461533681309,-0.9928864971892253,0.29564319533524813,0.2762526343084322,0,8.916883320907102,12.539547263145307,6.592247711404076,4.841965395740442,-13.481212039722024,-2.626502504977579,0.9937587546943963,583.3,37.539021852237255,31.32,Large
TGTX,0.5961532022966812,54.939998626708984,69.79669853636136,12.859487463892686,1.347288968383718,0.20744884795297258,1.2286116744096733,0.8008712007631379,0,3.3561494086052397,85.98509452642091,-9.462712990835795,5.165894550350012,-4.24734705766854,-3.6512794620340836,1.2277082807299005,136.87,37.348595213319456,8.41,Mid
STM,0.6092216385186173,74.88999938964844,177.7864994753212,-0.6103000480830025,0.7185352008133826,-0.484697897218545,0.46628039863346155,1.50888622246885,0,10.488187690703016,50.82366605178127,-8.678655216553326,5.725728033403152,-7.916430068786069,-14.133878437037732,1.0905091862355,961.8,37.3111342351717,66.56,Large
INTC,0.6120946536665848,139.6300048828125,276.96440682249715,14.65005153234024,0.7793064696998171,-0.12191373003751284,1.940837470666234,0.4761882905838962,0,0.8642895710164241,209.80697986725164,-0.8597775507730027,7.663103290481773,-1.9038861351563012,-20.496351701200556,1.2132090107871953,19647.5,37.261186264308016,701.78,Mega
WHWK,0.6312155070889889,4.579999923706055,62.7817421844866,7.840828160226277,2.702331101502979,0.5721061521212885,3.8209649260222385,2.2925768733549763,0,23.10640156139991,-7.099389792058513,10.46770187184057,6.843419837485089,-16.651501014424802,1.9464700994591733,1.108293956837238,2.02,37.10613943808533,0.23,Micro
ESTA,0.5758156350135015,85.80999755859375,3.4894669783108068,4.650806242950713,2.536658139550381,0.11099652218304525,0.0,1.1415907550202653,0,12.42636594548828,-2.907897459451153,-9.929486376207867,5.05681839543389,-5.182323139618151,1.1926103606269207,0.9158860397889841,53.55,37.02809573361082,2.53,Mid
TPR,0.5893887297336232,146.3800048828125,3.3494265645062526,0.8801512316773994,1.1588313682132856,-1.0533499615647057,1.496107643352342,0.648993657976878,0,30.715608821731255,2.7945991784516684,-1.7955281729953587,3.854450909368163,-9.12416093876034,6.390761986982355,1.1269437967758988,386.37,37.013527575442254,29.58,Large
STRO,0.6478416567747816,33.20000076293945,180.19309217184917,15.931910127560489,2.4688771337097624,0.36762175505813444,0.5120426657639053,2.891563440912236,0,18.95620671574202,8.781127997677444,10.053097884911008,7.928139394418793,-24.287338840442754,-5.641846709925821,0.9426503258519028,11.44,37.0114464099896,0.55,Small
KLAC,0.6182987055101686,301.7099914550781,127.63849654539254,25.954381393636304,1.3025953864118702,1.9614527340253387,1.877401080848723,0.49716616700722177,1,0.0,111.83493925575301,-8.66064727703337,6.772925945224993,-1.8428042538686664,-8.013669452166496,1.5042489629685059,3653.33,36.68262226847035,394.12,Mega
MRVI,0.6108423613216885,6.239999771118164,82.0718516061498,16.821114501749932,1.5688136296246575,0.9895241253839413,0.0,3.0448651814422347,0,1.2339474185889325,28.65979161919804,-6.105262353515257,5.201463925062505,-4.732830695300958,-4.719759363235609,1.2547816840076818,18.18,36.63371488033299,0.92,Small
CTNM,0.5743057860199782,16.389999389648438,23.317076680803517,30.493627296663806,3.7741586290990443,0.949268847957794,3.172669170813795,2.1354508510197054,1,0.0,15.503875082219498,11.917497336232746,7.190796049179772,-3.07510622368516,8.277900277758178,1.4137115119495995,4.93,36.630593132154004,0.61,Small
BOLD,0.6194210028294057,2.5,99.57949447404913,42.73480077905328,0.6132031279917318,-0.00554392836728294,0.7999992367405472,0.3999996183702736,0,77.24181479846438,-3.8461503177723704,0.6944520325161962,7.67714262008667,-10.394264004092534,5.063293714669706,1.8273043279081642,3.75,36.61810613943809,0.06,Micro
ONTO,0.6182987055101686,378.45001220703125,126.96713174451881,21.793843821296523,1.5115448870131,2.7585852306615593,2.1165223912435356,0.5443248757147309,1,0.0,52.55160005369337,-5.1933765483475325,7.2494932744750304,-2.0726542009866042,-5.881130489596073,1.32449735985747,484.21,36.55463059313215,18.83,Large
EPC,0.571630725095492,26.860000610351562,47.13570179734445,17.33423616494897,1.3643240064542612,-0.39021642346497254,1.4892089232114827,0.5212259635537871,0,3.2400600909381545,2.4408898311705634,-13.86862550019982,5.847783985965355,-3.5893753699077444,-0.04273550939681142,1.3158872500249765,26.13,36.488033298647245,1.24,Small
AIP,0.6209721006716433,48.59000015258789,196.45973675411582,20.16668629445396,1.2975720884088893,1.882789069582467,3.4369173979555954,0.8024289077734054,1,0.0,36.68073472577309,2.082754887357739,6.688458095287668,-3.322718314132131,-20.741076938303323,1.1877168460697576,53.45,36.308012486992716,2.24,Mid
TEX,0.5741638304148419,72.38999938964844,23.146668895751365,9.729632703076339,1.7845863582297679,-0.23045992608265,0.4558666028906171,0.5111241189343473,0,1.8291833020182398,23.381411714740977,-7.998820165230935,4.634618953498137,-3.0793988171728253,-2.910230988097112,1.1460418166893485,96.01,36.164412070759624,8.27,Mid
QUIK,0.6464780008924867,19.969999313354492,202.3053450583155,-3.26721721084227,1.3047385963215834,-0.2481805599319778,1.7776738195969037,0.0,0,27.78539688317203,7.771174167678653,-0.6295451356438888,8.696975204753453,-17.92026561382835,-9.547741903611357,0.93010917660952,13.0,36.159209157128,0.35,Small
SILC,0.6336849647028601,47.939998626708984,231.48746187862716,9.360918093906903,1.3476758744342858,3.0464124603219402,2.9203203294831037,2.8994564652428414,0,4.057850897186191,147.49611021251422,-12.548708250470339,10.058704939228283,-9.461760271857129,-6.515675547417943,0.990875849897847,8.25,36.03225806451613,0.28,Micro
GHRS,0.6113765117427991,26.8799991607666,104.57948963314286,16.84162005643542,0.7475499986355275,-0.17518930829211193,0.0,0.4092213780995534,0,1.6069233072360918,49.74929257812075,18.968985496396108,6.2537200319266,-7.182320405353379,-10.41439384632967,1.0703073745837277,7.6,35.95837669094693,1.84,Small
RCUS,0.6026670687546021,30.829999923706055,24.767172970325756,19.514653562295873,1.6317951471627492,0.07600130712087483,1.9299423358944363,0.6649365040762621,0,3.868999167711114,-0.5483873428660047,9.154656698066736,5.235625168139176,-2.851743088739032,-5.15463917504517,1.0760134091043607,43.68,35.78147762747138,3.88,Mid
ILPT,0.6064420417398568,8.869999885559082,54.970284502564716,1.3540529898548295,1.4150173221162579,0.17637865844436357,0.6200710922119007,0.1127421534355318,0,19.54347856984774,-1.1148314212001915,2.517154680670829,4.561927800202632,-5.3361793602285035,-15.79694801962953,1.1506942985350157,5.1,35.75026014568158,0.59,Small
FLEX,0.6047051009632206,162.07000732421875,147.15964271505356,6.383192360602793,0.9290419751362775,-0.10399075059545297,2.3045506156285103,0.6725466086413987,0,0.0,9.79608878394326,-1.905281689656068,6.56175781715493,-2.8706659886029917,-11.707199824724897,1.3198393685045546,1245.34,35.7117585848075,59.38,Large
ESP,0.6142980532410456,67.3499984741211,41.05296924723139,10.756406893177852,2.1202145571048336,-0.06568882378372717,0.994653306583021,2.093546687503232,0,19.050916948307382,0.34266346561993843,3.4716181668926946,5.0959432720542015,-9.542147151412165,-0.13135170825795828,1.142053003743516,2.86,35.653485952133195,0.2,Micro
PBF,0.6420821482930917,45.52000045776367,67.88058577505873,9.575852027605643,1.2500064163229552,-0.6160134229765251,0.676622702377995,1.340071626106768,0,15.538972428792574,5.6916736770429255,-1.2909325297142917,5.493346577346595,-12.173417529928654,-9.634024854064013,1.0311156068931013,132.84,35.65036420395422,5.39,Mid
LXFR,0.5745219509083777,18.040000915527344,21.86289099764398,0.011092187070970488,1.4643780379120745,-0.42554276629253074,2.0510023305731777,0.1663009153066211,0,9.574811278146978,58.35165642332518,-0.057296969028590106,3.8881846675881793,-7.249356257230935,-1.6241301869627176,1.1614178204373087,2.79,35.61186264308013,0.49,Small
VBNK,0.6151113173236867,23.209999084472656,46.14645479269499,18.44706890467061,2.407510435199059,7.681109030776734,0.3446869203228938,0.0,0,0.0,15.645238850211584,-9.837899881661444,5.192651493874202,-7.3453102137912465,-13.005601693514507,1.0198055394699148,2.08,35.57648283038502,0.75,Small
BCRX,0.5767362535537052,10.0,22.307766404877594,11.495149888563324,2.0830884766776347,0.7773628859155058,1.7319965360816831,1.2000083922139835,0,0.0,7.526879514338544,1.633598536959727,5.1951428822108685,-8.592318248191772,5.89474125850265,1.299618958557218,50.6,35.473465140478666,2.54,Mid
SMG,0.5625116413950829,68.11000061035156,11.276515443819202,8.854083605511546,1.0616613733461868,-1.199908022827425,0.15415611011103614,1.3067088263982567,0,10.976165280838387,10.72226216199406,2.0432500804908518,4.144032012316359,-4.801391410706702,-1.7565093372118672,1.045451901843318,65.72,35.457856399583775,3.96,Mid
ELVA,0.6170664788469276,10.5,22.82511647306451,3.027031887090049,0.796674946713979,-0.5562192747132866,1.5238080704463932,0.47619229266763197,0,27.742057224326626,-1.9607846627393541,8.649598841561804,6.102040997978781,-17.840373868792845,-1.1422601802555603,0.872883823506536,4.42,35.00936524453694,0.52,Small
LPTH,0.661454084849996,16.350000381469727,72.51002254230528,10.577575502994414,1.1351407235629656,0.42963272034681566,0.5504596359788939,1.1620769170563203,0,7.966546459384288,24.523992678736377,9.178741262181974,8.125819112059489,-13.6747628269273,-13.629945803934524,0.8110378313433205,65.0,34.964620187304895,1.03,Small
ERAS,0.6363548310223308,18.31999969482422,417.6829393735744,27.292937910933894,1.1368655513663948,-0.20122803966444866,0.7641888208128538,3.438870516241516,0,8.637975877076178,85.05050908975136,6.87409428490931,6.3884121756666925,-24.546955613777808,-13.045762820865276,1.057836890736416,135.24,34.85535900104059,5.7,Mid
AZZ,0.5689937722035314,155.0500030517578,32.019180187043304,4.21813117207131,1.5987378267593342,1.5049532688619978,1.4962273247462858,1.7832952823016779,0,7.115491794014366,-1.0150640603140537,-2.4061349786517128,4.186894385408226,-4.408134421064045,-4.5925391948535506,1.2789283972077676,41.5,34.82830385015609,4.65,Mid
NRC,0.5583151512502252,21.56999969482422,8.822300144999318,10.401695263999923,0.8863752247457168,0.03258073077670297,2.3180343395961938,0.0,0,2.2418463460155844,2.158557123192282,4.543203852393891,5.914096302609838,-3.73100360499019,4.437057948135635,1.1100955079722583,2.87,34.81997918834547,0.49,Small
LB,0.6057808219799905,79.23999786376953,44.23593901557859,16.846929733718703,1.8419708711986271,0.6603427540749152,2.145386955383234,2.183245082724518,1,0.0,30.093577511041936,0.8381401158851889,5.136114368847014,-6.980030324994359,-1.5766688114383327,1.1797315677196174,28.52,34.80124869927159,2.21,Mid
EZPW,0.5964090614389762,34.56999969482422,65.49011815376058,8.60140588319924,1.5523498260115784,1.416203491449147,0.1446318701199942,0.22765698576681168,1,1.3572701523472197,50.697466824350236,-0.8720945275814431,5.107380993945005,-6.894697817341101,-4.322199263949184,1.2042317462156165,30.77,34.78355879292404,2.13,Mid
WULF,0.6265082386729798,24.700000762939453,101.45894186968687,-6.4128038452089084,1.1564435517283465,-0.5986239029204022,2.914984609046184,2.692311315626378,0,18.67059950540687,-4.374754796982296,-0.7794262046803151,8.804222285072429,-17.225198938313063,3.052321605455286,1.2363027290426565,710.99,34.69510926118627,12.24,Large
DCTH,0.6003600857966583,12.59000015258789,13.47917834580754,7.876531135066589,1.2741374875219293,-0.1579426330353821,0.07942993454996963,0.9531364900331993,0,3.660713329501683,-2.704787010186246,-3.2075394966576103,4.6879590227155195,-8.26289584911486,0.18415750202365103,1.032270692414721,6.36,34.44953173777316,0.43,Small
GRDN,0.5732632279417448,41.869998931884766,27.45306351034722,1.6459480581504524,1.4589695507808274,0.5072702934047503,3.1765031405580046,1.0508776035832936,0,9.172490686101217,21.750507923156118,-3.1839023265636897,4.951040248538811,-4.8409115183336935,-0.07991150390107676,1.302993224717898,17.67,34.2258064516129,2.65,Mid
PENG,0.6115417468005951,76.01000213623047,265.86420148665906,16.03871761599427,0.9923167654581659,1.1990249607857832,1.7889680021903034,1.2893084191265642,0,0.0,57.46840980903794,-8.239822884442717,9.495911290191563,-1.7958648090797886,-14.771880316387003,1.4246370179108363,245.63,34.221644120707595,4.0,Mid
AOSL,0.6464780008924867,47.33000183105469,126.25115087599666,3.675636523730418,0.6591146378847936,-0.21613243980785643,1.172610329591492,0.8453426843876448,0,18.655786719820604,-1.4779331201644363,-0.7292609093609373,9.265491244239037,-12.900254511814454,-31.19834522218996,0.9308130431688213,53.58,34.14880332986473,1.42,Small
FROG,0.5765056983060154,90.87999725341797,27.029819260822418,10.082181977956452,2.5105296962483385,-0.06841956577044309,2.4647948512731372,0.10122715893165404,1,0.0,3.767978252262913,2.9894683077835,5.334743592863278,-2.4055041098269587,-2.5611992190529955,1.2820552206213573,276.53,34.08116545265349,11.01,Large
SMTC,0.6212388924678298,161.85000610351562,104.01073725510726,0.4596285224853319,1.609709480531773,-0.07406677142061255,2.026566979045275,1.2851416451053537,0,12.199867478776135,8.08013763167601,-6.157234484740087,8.102740596663008,-8.739779795026093,-1.9311130338086009,1.107028378063691,613.48,33.85952133194589,15.08,Large
ALGM,0.6105147920017445,69.62000274658203,150.34553887255697,27.859839824694323,2.019497767530608,1.1204526500609249,3.08818415919848,1.8659797508464082,1,0.0,20.262572949393505,-2.249093007741044,6.9965622482500684,-2.9956722823145427,-10.325002670029962,1.4859164042795514,204.59,33.85952133194589,12.97,Large
KZIA,0.6454156091515442,14.079999923706055,77.24352218559063,7.386645306921276,0.6938757333303373,-0.5974624996565115,1.1363625587196133,0.21306628644614645,0,6.747324336900884,22.116220724808166,9.23567485859582,7.766841819818835,-19.0804584334459,-10.450448715696457,0.9487979073954664,3.11,33.37460978147762,0.16,Micro
SVCO,0.6188479891460821,13.789999961853027,215.71675675685663,12.36046617097664,1.1167241427802812,0.04207147758928321,0.36258296497136966,1.7403968487236057,0,0.0,174.1550573541009,-7.685095490947566,9.471667983892477,-2.47525016228343,-16.41266841579151,1.272189592890971,7.6,33.34339229968782,0.46,Small
BSTZ,0.6063402241946265,30.030000686645508,27.92287304598635,-0.15338184028792506,1.9992607731232044,0.8939165056359298,0.19979841681144844,0.46619842305243087,0,9.22970159611381,36.9162715383836,3.0451904088273714,4.102975836971014,-5.803006658606756,-7.008407153651127,1.2064973854132992,7.42,33.334027055150884,2.06,Mid
JBLU,0.58392144990192,5.730000019073486,13.421008420513235,8.987160966279378,1.2074992866991954,1.191416272769375,0.0,4.101223956215456,0,12.662066951162975,20.63157934457201,7.572812799764475,6.351282497578634,-11.84615355089311,10.221463649538169,1.1018103842091211,154.62,33.19042663891779,2.13,Mid
VRT,0.631901018645846,334.82000732421875,91.13241076130103,6.498546349319334,1.4463489953961783,-0.18119392823565747,0.7197908157765734,-0.002989596023536692,0,7.452734580596259,30.877621338093665,7.056502155785263,6.572045000590763,-11.856058039745188,-5.2450028414275405,1.1073999825592222,2157.35,33.130072840790845,128.61,Mega
SNX,0.6352277667219945,267.3399963378906,64.78331979718726,-3.6286167154892657,1.6155422396111578,-0.012962188142201176,1.3706541074310414,0.22443559202979632,0,18.615114285309414,58.83368293449729,-0.4731973306070769,4.259806355626804,-9.825616339856523,-6.247666541616834,1.464836678280928,220.53,33.12903225806452,21.21,Large
BEAM,0.5660641535457563,34.31999969482422,13.90521250817609,7.53564039861029,1.311032385452374,-0.4281371546576625,3.5839147818698396,2.036128028829224,0,5.94480116014665,1.8699943418729559,4.367369073909959,6.878288338462099,-6.94143519273068,13.63491195406634,1.1606663461666218,76.17,32.87200832466181,3.53,Mid
TDC,0.5887785329140958,34.650001525878906,4.223024455605273,4.885584095652183,2.117653246926677,0.01098891012174427,0.7359227768580638,1.7748965407396133,0,7.516447638117345,5.479461599126231,8.498509129562585,4.236239999886762,-17.065575542286567,2.472324969882106,1.0473835297275649,97.77,32.837669094693034,3.26,Mid
OPTX,0.6432609062034587,12.449999809265137,379.481465186741,4.105693143074462,0.6975406854946152,0.0217494157861321,2.4498016853326035,1.1245007667174611,0,5.6048596803391355,168.89847731849386,-9.870845753356042,12.655190526567972,-16.55496148949615,-5.274720022660669,1.048760716404496,15.01,32.61914672216441,0.5,Small
TWIN,0.5889085994972353,23.200000762939453,28.41409056114037,11.468796635579912,3.868769331394677,0.5914552477901951,3.01724456848936,1.2931083384940298,0,22.47308744374834,-4.09259921132865,-15.45293489943317,5.754310320021849,-5.306119334724432,-2.380954961162019,1.139873978381525,2.74,32.61706555671176,0.33,Small
CMPS,0.6222044765207151,14.149999618530273,103.07251645737634,12.337248558176189,0.8250364634940114,-0.020372364543175037,2.1194350741727876,0.0706662577836272,0,4.105970091847392,49.57716237817487,17.336153000133926,6.7066620964756405,-8.116883317417427,-43.84384598732593,1.0936821500073806,67.96,32.61394380853278,1.91,Small
STTK,0.6290156110471162,6.940000057220459,98.41035612921667,36.27884331560845,3.4743670665102133,0.8057088854569978,6.772331213959195,3.02593712370689,1,7.498332870523326,7.763975085089722,30.973450799144796,8.07019302040167,-16.68667321788296,-2.7888387175393037,1.0596833637582186,7.6,32.57856399583767,0.66,Small
SANM,0.634749232589337,253.0800018310547,55.221812697628756,0.2866982170902095,1.770442534852085,-0.2738434464510732,0.6835766220229038,0.1778081812014558,0,8.576569558461793,4.799368948695773,4.8814586590792155,6.074024437197361,-12.331991044694902,-10.379693092211308,1.0367753868624474,317.09,32.53798126951093,13.56,Large
RSI,0.5975178269030889,29.739999771118164,43.83724238153657,3.6182768688307845,1.087940677541922,0.10702325483894397,1.0087398767965092,1.546735332876211,0,6.672376661523483,2.2344435032603602,-2.953918936588228,4.761984318750228,-6.624805604438576,-3.320228261746172,1.3296485777312201,78.36,32.47970863683663,3.06,Mid
DAVE,0.6125314333086409,372.5899963378906,53.79306513228536,24.148248651858868,1.0857542061279375,-0.4071014030594465,1.869239560323655,2.03977728285625,0,0.0,31.862259186319875,4.342436692966086,7.222043561835613,-1.8349401334411177,-9.512979221388314,1.2958735604269895,222.38,32.43392299687825,4.74,Mid
SNDK,0.6029861797347241,2273.72998046875,800.5562884828486,17.188018582006944,1.0013851290799558,-0.899168443715014,0.3109458211882456,1.7231567502369156,0,0.744464167776909,294.5735324018749,6.780289314313526,9.628326458246212,-3.4259369004092948,-7.482169720658565,1.3970688819844168,29426.65,32.25702393340271,336.72,Mega
CIFR,0.6428268378230011,24.5,52.53649645535392,-3.300606910694909,0.9983629322724438,-1.2365835883321912,1.0408129010456875,2.8979632318053445,0,12.19639504642276,10.859726592738038,-1.1661836066833133,10.516325725410839,-18.712672540392834,6.040268588237436,1.243336072805935,621.42,32.20811654526535,10.02,Large
TTI,0.610448363144802,11.329999923706055,12.552376470610206,10.144363985180398,1.7484710722361545,-0.7718237869450439,1.5004419896177166,0.7060893577907963,0,13.942989668289002,4.231831121873052,4.2471003370858265,4.167193646583423,-9.649123139803267,-9.988639259395196,0.9670609815635649,19.18,31.989594172736734,1.67,Small
TTMI,0.6502146745850352,187.02000427246094,152.01025348119305,-3.4222050013983507,1.963000358682709,0.2876220573781071,3.4327868796099383,1.7270856880187844,0,17.68952192867694,93.84328126485516,-3.4446777761964884,8.133584532884074,-16.445515461422914,-18.037069889258095,1.029812384342374,521.01,31.77211238293445,19.42,Large
SIMO,0.618760457280676,333.3299865722656,262.839192045965,12.007738045822492,0.8433983758817651,-0.4600318435628455,1.7185994085399312,1.5990120262084788,0,1.0014478995867253,53.56863670261347,1.8056319933917666,8.083796220976462,-6.104229134555869,-9.841807456930603,1.212288820331697,377.17,31.7471383975026,11.3,Large
GCTS,0.6305514386551517,2.9700000286102295,134.68878900608402,7.823562648730414,0.4122854905762293,0.02620421640249994,4.377100159133652,0.6734000244821003,0,18.429139490593172,135.71428966131373,25.588238215262738,10.355941389213786,-24.42748146553676,-3.846159486238761,1.0454575435734064,21.59,31.719042663891777,0.27,Micro
JHX,0.5881042840954471,26.18000030517578,15.675823249881105,7.259916484666886,1.0279390984276,-1.160816446858858,0.21008519683938603,0.6684535613542275,0,2.0399668767759818,27.14910204414841,1.9188858621127494,4.228965304489899,-12.236002774868396,-1.0114910958362173,1.1044779453578888,202.34,31.52237252861603,15.19,Large
BFLY,0.6241095490928739,8.420000076293945,109.94747551949584,31.48032557225744,1.4371340758528026,0.05175523135903064,1.068874086548685,1.306409212202742,0,11.516436927789602,80.29978453818262,-3.913050192791874,10.727856642072958,-13.106290598085412,2.201832839205992,1.9562899205279667,62.94,31.507804370447452,2.2,Mid
GLUE,0.5758809476339358,24.200000762939453,31.211464280439127,27.568168450862494,2.4212352241470403,0.20486001174391696,2.272724048340129,3.0491804311081734,1,6.814073079881167,3.9518902453563127,13.573970848002478,5.959533697185782,-6.092354159389644,-0.05055727267027869,1.3347503001912204,27.23,31.190426638917796,2.04,Mid
TEO,0.6066793346863221,13.0,5.281260954308098,-5.509520697529712,0.8573226865539233,0.15073687798782473,1.0000008802378304,1.8846145041556608,0,37.5156866583554,-18.64830805641442,7.920113883402098,6.392855696625762,-20.440637216606774,5.108875025660386,0.9873730475644553,7.54,31.136316337148806,5.6,Mid
GLW,0.6072473709471516,255.42999267578125,177.38989408435253,28.765400742690655,1.7683637903605416,1.0099763250052713,6.4009734848189,0.7790805896793009,0,1.5700041653633086,15.55303738938108,-6.134689601044227,7.167186156702796,-6.015897482114841,-7.002068179024495,1.4679188392589724,3855.23,30.93548387096774,219.83,Mega
ASYS,0.6472926247521338,23.079999923706055,72.12390852344686,9.430562516284336,1.743165966569946,0.753192953896041,2.296363467827255,0.9527652712059258,0,2.665600730927364,18.056270200630966,4.552060781485862,9.677488076149066,-10.229479791201832,-15.792729905736266,0.9872736319253987,10.02,30.901144640998957,0.4,Small
SYNA,0.6480224257817415,124.2300033569336,60.35861824190489,-6.987014677563937,2.474883217505341,1.6875212282748366,0.7775067055760715,0.31393333261431594,0,23.664527742560278,2.6694242619065287,-0.7930092509394147,6.9902534643223975,-16.68566638817644,-17.00324006721431,1.0043004408853542,139.91,30.890738813735695,4.85,Mid
ALAB,0.6105147920017445,483.0199890136719,180.03010154699143,26.18241913396966,0.8788860845079223,0.15767685671923995,3.406941254948926,0.09316637349713922,1,0.0,15.812688644865153,-8.197691441313834,8.104607563751683,-3.294692999911042,-22.286694976026425,1.4328047865613902,3071.78,30.875130072840797,82.79,Large
STRL,0.6426163513907994,839.3599853515625,156.40491771153253,-3.3381833260665954,2.051156632553561,0.07914386795844866,0.6719422830322896,1.6679375052790344,0,23.805984220982758,4.2994153742767685,-5.4968677057766,7.464957129894942,-16.538064646342516,-7.231747917743,1.1151728962828509,642.0,30.855359001040583,25.76,Large
MRX,0.6198066270456873,60.95000076293945,46.38149223636654,0.2904231600064657,1.506235548975436,0.11869126539730145,3.2321532097033074,2.72354360394731,0,11.648279251491573,41.98363627185576,-8.575176641178837,5.214812695058415,-9.502595183496227,-2.484469144035761,1.2966441503940003,59.83,30.777315296566076,4.38,Mid
PRAX,0.5990598035347348,334.7900085449219,15.726553635372763,18.564928040557422,1.9248480118272513,0.8998432469029625,2.6135785945355643,3.0377290743846657,0,18.14889786286098,2.135513535342958,24.439074700703944,6.004831403905312,-8.657094133951816,-0.6773744012297741,1.0211731986644048,173.23,30.742976066597294,9.33,Mid
PACK,0.5597439534368145,7.309999942779541,17.935943542945942,1.9170442813213142,1.0699384737446194,-0.5179045259589599,0.8891936760652223,0.13679551465916281,0,4.774014479187649,43.61492579969363,0.8708264721844925,5.271643563764838,-6.4020487016550724,-2.1844697831546895,1.0941663754110624,4.92,30.496357960457853,0.63,Small
SNEX,0.6244795024973908,118.5,68.65908055660725,-6.337067655606335,1.9295449878173412,1.0529259351525786,2.3966213821659568,2.8986484189332127,0,21.68231020486986,70.03060259816351,-1.852011538823895,6.460511044898329,-16.543421779168487,-0.1037448001668783,1.5374617876841226,98.23,30.291363163371486,9.39,Mid
CTRN,0.6125258146971507,57.84000015258789,35.234227146516915,9.2175949926289,2.6537985736808967,0.4396527928407479,2.44640544911819,1.6943283880256657,0,11.137968365936526,2.8815348571344086,1.5356827549831795,7.336122700366602,-12.865317044377688,1.9926461726480544,1.1973400570090533,9.7,30.277835587929243,0.48,Small
ENTG,0.6185670953921807,179.86000061035156,100.04874059852172,15.933247369252172,1.0811039280208161,0.2994965175333156,1.378847836711584,1.4288932033154615,0,1.0520957577180163,34.88037243249194,2.2249975014453507,8.190498167307963,-3.787312366830606,-6.791719974102432,1.3842827586523732,609.49,30.11238293444329,27.39,Large
DOCN,0.6464513137058981,157.02999877929688,208.35036434585294,-5.446334788054464,1.510722607233992,-0.6261620848651357,0.7189695036003748,0.897919934446496,0,16.907300478507313,75.68807742666945,2.3810837109625456,8.57697732299695,-16.250667317621666,-11.187670370455862,1.0991017020315883,574.98,30.06867845993757,16.39,Large
DELL,0.5909351820972837,431.4599914550781,227.5881419352702,5.36572357579468,0.9392127229517685,-0.580933891809918,0.4658623755221613,0.3662024570369911,0,4.076732813701706,2.506471146124818,13.99047206557242,6.949163448298656,-8.096366043988208,-10.281661579928727,1.4199169025740523,3918.82,30.045785639958382,278.78,Mega
IESC,0.6326246267034349,734.6599731445312,73.46254584913419,1.4418278727203484,2.6392268597010293,4.964406306861252,2.4092795107982554,0.4178813922683388,0,5.328903205967172,2.764015674308658,-8.485006729865168,6.8254117005769155,-8.624381449674441,-11.574085480303609,1.139714395910299,189.11,30.031217481789803,14.64,Large
RFIL,0.6096288728569316,21.209999084472656,245.92842722553274,13.310355106820968,1.6119970411308384,0.01165103246758739,2.970293200993612,3.347473432749722,0,7.4909991983091615,194.1747430001685,5.2302448451445285,10.197346615479269,-4.887893227940258,-6.10632454561715,1.47681862329745,6.29,30.017689906347556,0.23,Micro
AYA,0.611045162532132,18.940000534057617,12.968534607379013,0.5094495440524662,0.9855007833962767,-0.20893073617994243,1.3199577240626486,2.9039029647465306,0,30.97970278496671,-4.052681085592051,15.164725063823115,7.670839369326229,-13.909088480924053,5.512679347252468,1.0555175685505755,8.23,29.795005202913632,2.72,Mid
ABSI,0.6057409704701873,11.59000015258789,215.89603970807562,46.81572157347958,2.4597089006425037,0.2790415742370068,1.6393406200644702,3.01552802262405,0,0.0,15.03722453452716,-0.4601259185814479,10.214161829489852,-3.857321781648324,-10.05586986273367,1.6241100500808234,74.26,29.65556711758585,1.96,Small
NVMI,0.6228429046749017,542.9400024414062,55.31602932804118,1.2199006437524358,1.189278998560765,0.7416459862958642,1.723944691762767,0.0,0,9.477532405869635,14.120563161400455,-5.42525917011483,7.196268806176996,-11.85895695562451,-2.6836376010487615,1.1310352992123078,236.09,29.53069719042664,17.27,Large
KYMR,0.6066080638341482,114.66999816894531,32.256989142793266,28.05172319611447,3.0011069486971955,0.6538629920804461,3.322582409342772,0.632247741947827,0,4.289094853086176,6.0580792230046105,5.760168474689409,7.073466520569273,-11.826224161312203,3.192333202095589,1.8455324385989595,93.82,29.314255983350673,9.43,Mid
BRUN,0.6174237904197385,38.810001373291016,192.80018432506063,14.068222345967996,0.8187938689724479,0.5710793346024289,0.33495812629391736,2.035560132833867,0,3.8824560360348066,31.114867813568715,24.41326891752617,10.869619796704038,-7.595234825316743,-18.943659269901598,1.1461677293243753,64.01,28.992715920915717,2.38,Mid
WEST,0.6232272462432038,8.109999656677246,86.66784340247847,-6.432077233113414,1.535206303830996,0.8068417107533817,0.6165251892154042,4.685580854721154,0,47.60925255036304,-1.6969738582519291,11.294118094518018,8.67976082109195,-20.41216888277529,-0.5454583600526368,1.2344736986897458,6.99,28.858480749219567,0.79,Small
HUT,0.6265082386729798,115.44499969482422,123.81063580569167,-3.5730469151284354,1.1045456470595376,-0.7588417022382719,1.7367553888871394,2.1809514349476653,0,14.599570582118934,5.971174139505818,9.654030772931444,9.068066219649658,-18.007814493749027,-2.6301751409125975,1.1881610139205832,538.39,28.77315296566077,13.0,Large
FTK,0.6176332558887955,23.520000457763672,25.186950587046187,0.6720050603272729,1.040981029158461,-0.6637754826424852,0.4251716816292234,1.87075053348339,0,7.100099906809615,28.104573396483445,-15.72480980564218,6.149782379912746,-7.909163607180989,-8.89884989383925,1.0476924259320213,7.06,28.759625390218524,0.85,Small
TXN,0.6396124908859435,298.07000732421875,61.72331180975752,-1.1578036991796488,1.494765148363277,0.5914190790941194,0.7246632029477003,0.0,0,20.670795923175078,4.428411509911278,0.784453688533603,5.328806276825137,-10.765497585960912,-20.59003254037299,1.2342659398097164,2825.58,28.748178980228932,271.27,Mega
PGEN,0.5869559239738362,5.699999809265137,28.265400629231884,21.925128983458166,1.4313827393094214,-0.1708084669817455,0.8771879923164302,1.4035074801578542,0,3.2157238173885716,46.529554115275616,13.34951377330328,6.303257424121761,-5.629141633757389,-3.7688465982636368,1.1827560025300496,25.97,28.683662851196672,2.03,Mid
KOD,0.600471497669871,38.959999084472656,21.590765872911977,13.31016062942143,1.854189588391318,0.4757299714302149,1.1036969077756449,4.106772360571484,1,34.46768361808094,-2.0120706006347167,19.77783599848646,7.157525585762081,-18.561875082789385,0.13363334354253073,1.0474236181499248,28.27,28.301768990634756,2.44,Mid
CHRN,0.619792759579772,22.219999313354492,290.8864489520609,6.591189241209097,0.949291323398184,-0.09644670066026788,2.7002632431832914,4.933389151530569,0,12.019669827889006,21.487141612310662,-11.314084583785846,13.510094508673957,-21.20567832477453,-1.665118820515236,1.328023561970363,7.23,28.23621227887617,3.18,Mid
DIOD,0.6305545065339155,109.44000244140625,108.4321264880094,-0.4819478168104239,1.5032150304295877,0.6523600287456499,0.5116936641960087,1.407164547842351,0,18.145789964201413,5.089305821749162,-2.648101806447954,7.639541590994828,-13.135959760970154,-10.080140823527268,1.1691805133170234,80.9,28.199791883454733,5.03,Mid
JBL,0.6186128206159759,385.4800109863281,54.59726072971327,3.5959490218703047,1.5179484816797801,0.8733663098852451,0.2334735578582207,0.28795679088457704,0,0.8077340754516613,7.495818300398523,-1.1056507411229701,5.440342629800274,-10.129853922850929,-6.204725452448636,1.4049256180961647,537.15,28.02393340270552,40.67,Large
TPC,0.600471497669871,82.97000122070312,11.582001854797674,8.47595190879911,1.512065346807527,-0.7165585565435142,1.2414110692184128,0.6508387460238959,0,21.327504341656535,10.261284220772211,2.868307058322337,4.411232726966438,-16.965289601897087,-3.0159159136203963,1.0512015428014259,46.11,27.9375650364204,4.38,Mid
MU,0.6074673871510262,1154.2900390625,296.8929119033576,9.925789074146387,1.272862393522665,-0.3423640165476336,1.2466550140303059,1.7387264560773368,0,2.451108888939781,1.9393713723080654,8.32640953192098,8.886725867122008,-8.02469808266293,-9.152436597896669,1.4413325667734627,61378.49,27.88865764828304,1303.65,Mega
DYN,0.5972249555136409,22.209999084472656,2.074503100819758,16.435119125908894,1.550210458351939,0.5316731796481051,3.0616854262752438,0.4502493722979747,1,0.0,12.285127974464196,9.769188280798806,5.452821293485453,-11.160003661662975,10.53405014453022,1.2296125886649025,39.84,27.65556711758585,3.67,Mid
FCEL,0.6059062024364651,36.0099983215332,315.89239896406025,68.44024916539992,1.7795333900002779,3.15327252723587,5.193009813088161,0.08025589511424881,1,0.0,50.04165967096994,27.264193389377017,11.571964788618892,-4.9366491388689635,-54.20690075356844,1.5764437935789393,450.23,27.519250780437044,2.43,Mid
FEIM,0.6164299491788873,66.3499984741211,9.11790044591605,-4.168354276839474,1.5508390787347968,0.35485469165988964,2.47173990556063,0.0,0,18.302775201540985,42.1988827489871,3.59652834682559,9.15276282238094,-17.06250190713535,9.737298961603798,1.0551085016527832,12.03,27.468262226847035,0.65,Small
SITM,0.6441951732604999,745.5599975585938,88.94976426390015,6.694295326656861,1.8854755226948179,0.11982870070183409,1.6417176718761175,0.6652746913583957,0,9.618835234582725,129.1774193937804,0.10976984677361103,7.137780352752124,-17.32626611180085,-13.229951400172046,1.1666590890541007,451.19,27.324661810613946,19.68,Large
KPTI,0.6053993754645,9.770000457763672,22.56337886300073,5.260328018498836,2.136421387900234,-0.08393009199729605,3.7871020285080217,0.5117726549338409,0,6.3464265511549875,79.59559474636566,13.441952502152574,7.540573757438701,-11.100994892189656,-0.5807223312753538,1.0643933714869183,4.67,27.247658688865766,0.22,Micro
TSHA,0.5745490105605864,6.809999942779541,8.05577545512801,12.59920492162942,2.482203547878974,2.1473061123166257,4.405289180786154,1.6152736332234734,0,4.031810987234223,9.661834152177985,9.045225808043787,6.548142573211184,-6.712331987471804,0.46655884552763854,1.0672938744515075,20.23,27.09573361082206,1.96,Small
ARWR,0.5766980701680812,81.51000213623047,7.423475407864766,6.069973566864702,2.676887435079123,0.07958369886638589,2.5236156945251933,3.2450057699763035,0,1.7809957522427742,26.332929908369035,1.7819100960803012,4.917625821057121,-3.5943669769861066,-6.33002645747612,1.087578731944433,168.96,26.97190426638918,11.48,Large
CEVA,0.6396260557793545,47.15999984741211,108.87422517075387,2.698110567637365,0.8819235635765761,0.8717561739898012,2.120441058554563,0.021208940336342103,0,11.286830577639709,29.347232669577405,-2.1248060442213945,8.110686355813982,-8.604648755657864,-23.2707119767404,1.2040323562744535,45.43,26.94484911550468,1.31,Small
QTTB,0.626961088279618,12.739999771118164,289.37115633405637,1.0389392659901509,0.5442057824194776,0.028401615774231448,2.682108006327158,3.3744126927961706,0,43.01998849439517,-0.8560358527430703,-3.1732409122584135,11.029155978110447,-15.179764427471792,-6.324784470557584,1.2638217301353962,11.01,26.781477627471382,0.22,Micro
MRVL,0.6235539675642396,297.8900146484375,236.6869791326285,4.230052973677448,0.7957899379361421,0.15636632698912228,0.7083101976565311,0.9522950930483152,0,15.23183388281354,-4.085894929625341,-31.63651995832199,9.063671815201843,-9.697462641193496,-17.62473669319195,1.2943094828769925,13698.31,26.78043704474506,260.59,Mega
JBIO,0.6315706316324726,22.219999313354492,26.322146822217785,22.195332679756987,1.3121206628233975,0.31559787702752284,3.915395436899781,2.6102607632906856,0,17.274001358199854,32.10463564913674,19.419045618753415,7.263405222213787,-20.642859594425282,-9.321659190871234,0.9712987444785617,23.35,26.689906347554633,1.35,Small
MEI,0.6180307718224258,18.969999313354492,175.78641734117699,39.948353766097775,1.8932546311817902,0.19371230595782615,4.217181159596521,1.5287243998963684,0,5.357433425216451,36.770003385058686,2.2355995382720493,8.45319665193153,-6.918547131529353,-16.6898508537606,1.6043583710522258,19.51,26.54526534859521,0.67,Small
CORZ,0.6372321676840698,25.59000015258789,58.610461220526844,-7.329614974848499,0.9273074066385651,-0.015230287304123336,1.756154534673218,3.5951546337327986,0,20.368806780188287,3.8976899086196815,4.9036765530414,6.913805475143615,-15.98817819468492,-5.1889106269564875,1.2082282732346419,372.63,26.4318418314256,8.13,Mid
MAMA,0.5815811316617944,17.850000381469727,22.68947193572899,8.313109298393357,2.473134481026438,6.6480534413209895,2.3529415534714633,2.4089545580595324,0,9.941375003131677,-10.481444816981552,-6.666665327708563,6.758303534096363,-14.999998182763207,1.5656878746804561,1.3960768731463973,9.64,25.74089490114464,0.73,Small
ALXO,0.6196890889680674,2.069999933242798,46.88525712212688,23.766812843554717,2.698700264288458,-0.022041453099865733,0.0,0.9661826841472644,0,21.73121443801017,1.4705868596102454,12.777772546074209,7.939959256254453,-22.180456140167212,0.0,1.3104218649739399,3.0,25.629552549427682,0.28,Micro
STX,0.6291951149403547,965.0,229.22835682821932,0.8381451387713507,1.2920674516374042,-0.03174054556621108,3.205180588160539,2.6455988908651342,0,10.150548868951361,118.40304405183389,4.829250404866569,8.923145894112098,-15.660429363969417,-7.0287475097279675,1.5631562481768986,4276.18,25.40062434963579,218.33,Mega
RXT,0.61980556973564,6.53000020980835,554.1903435281155,9.11065959901751,0.4460388645605014,-0.2135220929778175,3.2159196712157314,2.2817716110161776,0,6.483132671301288,376.6423491469962,23.817564679097533,15.803982108603055,-24.06976836746279,-7.482994019685921,1.2996853135723978,173.97,25.353798126951094,1.63,Small
BNED,0.5874988448655535,12.5600004196167,21.401619327121125,10.670547579879036,2.0571872693193876,0.979411819015205,0.3184710231965369,1.1146523776619417,0,7.412279812114065,-8.588059469229202,0.27985714454673544,7.043334202364325,-14.847454781253058,2.254283106742057,1.4394666117294375,3.89,25.312174817898025,0.43,Small
BE,0.6228029636268985,302.70001220703125,226.90819113423265,6.138467688272168,1.877253202216459,-0.035199736539159886,2.0218020714784513,0.09911407282689065,0,7.045838147710611,20.109517925243203,7.290410489334649,10.799942398415673,-13.82942004695499,-11.214277634001293,1.3187066040596602,3551.43,25.024973985431842,86.1,Large
VECO,0.6124730210150303,75.80000305175781,150.03756813013797,7.093915920504713,1.2998626468034113,0.42391117728060035,0.7914238361898872,0.0,0,5.356527079807941,22.238356883189265,-6.620088935303308,8.842808683406684,-12.501436621144354,-20.386311548692106,1.3067173517777146,133.49,25.01248699271592,4.63,Mid
AMKR,0.6237399921770418,86.2300033569336,104.33425330341662,7.707665063489339,0.9761206593540991,-0.15766855756693005,1.1712796793519002,0.46386858507245265,0,7.228287900363147,-0.369728115005563,6.02496374970173,8.9088980355558,-10.808850760393158,-15.926958842999065,1.2559391968490503,494.58,24.80853277835588,21.37,Large
BWEN,0.6397089485390235,4.829999923706055,46.55163844254591,10.551611748105397,0.30660791470505705,-0.07491738224788382,1.966879265212207,1.7184303188269716,0,4.108145643379022,9.523811581199329,1.3440847289864948,10.467317628612193,-10.55555854609734,-10.256411035783215,1.0764544018329623,5.05,24.772112382934438,0.11,Micro
VSH,0.6118579317694949,53.779998779296875,252.1980815342176,-9.54246517937529,1.3053126126260668,4.493314463911273,0.883232241709131,1.1156535658771944,0,35.88458795465165,-8.041501950623255,-2.1968231462216234,11.617905984566377,-22.585291730935705,-8.757715400685518,1.3837752577949691,382.58,24.308012486992713,7.32,Mid
WDC,0.6245318400471306,638.719970703125,243.34063560333777,4.165606263693059,1.558611644547077,0.036833704997314524,3.954786279467411,0.5010039381583068,0,10.559041509711252,8.912943543012842,3.5028582899734304,10.178055480640683,-20.147027066598646,-8.450555342343586,1.5902250438129983,5558.34,24.16024973985432,220.16,Mega
TBLA,0.5584440716335164,5.0,2.6047497059882962,5.741778383561226,1.8833977106698379,0.2508334691151954,1.0999965665524616,0.6000041960469913,0,12.620139171972694,5.042011754779304,8.484840718292688,4.769999640328543,-4.942969914806957,-1.333332061412023,1.240928466783457,16.29,23.9105098855359,1.37,Small
ARM,0.6245318400471306,354.57000732421875,212.7932974851058,-4.598029218968389,0.6413305605712802,-0.4610073233102931,2.0813612714092375,2.0640527432366658,0,16.27404907594267,-19.316885673617392,15.276994135377677,10.32865546905595,-21.676607518560964,-40.83248580051483,1.2816992609869116,4355.64,23.788761706555672,377.28,Mega
INTG,0.6090792072333113,48.02000045776367,67.27255962839924,24.988613843640035,1.5058957030379736,2.338019495261931,3.0195767369569597,5.268635475065159,0,3.591500036180322,19.690931545373473,9.178605645835617,8.563396644362442,-7.653845273384212,-9.84985786499728,1.643880955046145,2.95,23.30489073881374,0.1,Micro
CRDO,0.638874969831776,271.95001220703125,79.01804594252819,9.552238841711807,1.6494178897777314,0.055484488043931544,1.2796397545619338,1.9959583708534303,0,2.1064757690417544,14.264711011297731,1.6939414982962246,10.632390110192235,-11.896199702981846,-21.37655754721774,1.1952782244614226,2359.88,23.292403746097815,50.71,Large
PRM,0.573081911021805,35.650001525878906,18.20486465681892,4.183412729055323,2.1395245047059492,1.0708137600934782,0.6732057601416397,1.290319957282,0,8.08905730033278,3.6337207689461746,1.9248993374952412,5.095572416892112,-6.602035011493994,-10.971227438860756,1.312956808842133,58.77,23.253902185223723,5.82,Mid
ATLC,0.6245121486876898,102.25,37.02603952146186,8.174730885334162,2.2123609288129678,2.026232554241812,0.0,1.9364336008941119,0,10.817845563724369,-7.390637977884451,-3.9704621172054146,6.51274963229676,-9.199893929586953,-11.231681684639128,1.3324039580244398,12.95,22.828303850156086,1.55,Small
SEPN,0.5937718860219595,33.4900016784668,8.2622445289525,-0.8643597408129259,2.234255660624442,2.023355261719604,0.10450834773641797,2.314128059163613,0,16.305510703424503,-10.31065468207064,-1.4342905661344214,7.845198395083732,-11.845221903299372,5.587444053993411,1.3448007989368047,13.02,22.048907388137355,1.51,Small
DUOT,0.5972249555136409,12.0,15.598505941071172,-0.9860144146789604,1.6910981873325486,-0.12152410637393654,3.4583330151537,0.1666704813500431,0,19.879628311746405,4.712041535849963,14.1151703725263,9.157141049702961,-21.465967212544818,0.9313145782964873,1.139160331914782,8.77,21.54006243496358,0.38,Small
JRSH,0.6074477016357284,4.809999942779541,54.98472179893747,18.480200666283462,0.13976353677250627,-0.10473526920532025,1.1434475879724433,4.3659052100104905,0,0.34102083603911165,28.266665133249987,-1.453486961338878,9.220374848393185,-12.065811199388127,-6.211181569871774,1.714731362532889,4.71,20.501560874089492,0.06,Micro
TE,0.6264699355719204,9.479999542236328,30.657923482807604,1.8807044285391823,0.7325712593172873,0.2427211221656796,2.951481313505875,2.3206780340593123,0,14.82815621100782,8.965514367608021,12.295866970319278,11.162447275575389,-24.099281695754378,-5.168980937336666,1.1133847830958994,323.58,20.315296566077002,2.65,Mid
GLAS,0.6033677979881673,13.0,30.61152002275549,3.8824047244316624,1.2456085302515572,1.9049546664212345,1.6153849086986063,7.076923663255201,0,6.849211708737791,29.22464669442899,-16.28318691475526,7.261537195562006,-6.676240378569635,-16.407847473508774,1.4942782661462308,4.12,20.057232049947974,,NA
VNCE,0.6302283212157994,7.150000095367432,54.11633599824004,20.512389611061536,0.8854541320421047,-0.053476725638616614,0.8391600275645321,0.6993033574959804,0,5.525093290686162,2.877702036867611,-3.777779472359278,12.587412324248234,-12.804874856012402,-41.17647222608009,1.8967371531595147,2.14,17.266389177939647,0.09,Micro
