Ticker,Win_Prob,Price,RS_Rating,Bias,Vol_Dry_Up,Vol_Z,Up_Shadow,Dn_Shadow,Turtle,Ov_Supply,POC_Dist,MA20_DP,ATR_Pct,Dist_52W_High,MA50_DP,VCP_Ratio,Resonance_Score
WFRD,0.5804746424184469,110.0199966430664,41.74233338732294,1.7286566990954186,0.7634993033023956,-0.4538020380090982,0.05454025615216872,0.7362275798046343,0,3.6224550319783897,21.274632669993114,-7.208784728207783,3.1233548610292377,-2.7662437830979294,6.699758208647023,0.8349314237158256,71.35036496350364
ARKO,0.6480957369524242,7.510000228881836,66.4838025818187,10.563681043991608,0.7532311791338027,0.6401849992204254,0.0,0.6657814807503674,1,0.0,50.546314960208115,-0.9174305879083315,4.016685046023842,0.0,10.090099945185326,1.1145794624917467,67.55596107055962
OII,0.5731738466679371,38.47999954223633,50.58429979006149,2.127206133487915,0.5309056924684732,-1.3211195517316747,0.1299356487891001,2.715691739474028,0,3.154314972965744,6.357101209498736,1.2365099361954828,3.505531360668231,-4.087735377042085,4.159595965802177,0.8272511296368619,67.24452554744526
TFII,0.5783399596378926,145.77999877929688,62.80164751245654,4.074674289410642,0.7594909215280525,-1.0262648317781946,1.0975484407342968,1.4405310200890566,0,0.9639804295258892,68.72403157236123,-3.851452634086057,3.4043468783360753,-2.2201339056108935,9.38062872314731,1.1493258854106059,66.75547445255474
TEN,0.5521136189451005,44.470001220703125,61.026851692468064,4.780758314720349,0.7347206631656648,-0.29635019334728463,3.10320938948946,0.6746103638830919,0,0.0,19.8975493058911,-5.5252947087279765,3.3714544479890938,-3.0098087226039416,3.740579642945919,1.0247471295796085,66.52189781021897
WT,0.6195389447671821,19.18000030517578,60.230067969992994,5.101279367921529,0.7370656865844916,-0.9494912699458837,0.5213784143555377,0.10426772729820925,0,4.115810014305882,38.10774754869305,-0.5322260560660733,3.985310975035568,-3.3753151807777657,8.998086785201796,0.9751260723158364,66.15450121654501
RVMD,0.5811261337228726,153.72999572753906,104.64918696701713,6.126081064349884,0.7260586703188529,-0.44235015226504526,0.6374884626020918,0.0,1,0.0,29.57686827218285,-7.168351945153027,3.8478612859181736,-1.2652545018002412,1.486088745804194,0.9809442121232819,66.0596107055961
MRTN,0.5755154401116802,16.59000015258789,61.60585331059525,8.473912632539662,1.1522745177415126,0.17224160421215706,0.12055730909288997,1.205544348484428,1,0.0,32.76334337707181,-1.6857720921731916,3.2076116365576697,-0.12041214345292206,3.3978666531798707,1.271117187590261,65.28710462287106
DHC,0.637385956553058,8.899999618530273,81.77118051365105,8.470440578661917,0.8575658563616728,-0.45358767926765375,0.0,0.7303323950785893,0,1.3876593374962785,32.818057496395596,-6.197183986881441,3.8884437813252557,-2.6258283999032366,4.933330675735787,1.0690424327405388,65.1800486618005
WHD,0.5788176238630544,62.099998474121094,40.77053138897364,8.959791449983967,1.0151677644591999,-0.8553552057154654,-0.354269285193724,1.070848819902135,0,0.9073160159643539,36.38863896405367,-0.6321153974422234,3.180929314333642,-1.0358590053682035,4.736414717186348,1.1909233312139695,63.44282238442822
NWPX,0.6109529219674592,109.0199966430664,83.66214813801281,3.9146692292065124,0.8687701276950601,0.2379024902652491,0.5136719915857385,2.3940567700371655,0,12.066068344961629,54.113655548131376,-17.127200345463194,3.9422663541341425,-4.594381862417436,3.979163775919561,1.0397458549748557,62.42457420924574
AVT,0.5526347126579062,83.4000015258789,73.81098262548021,1.3827709012121687,0.8771193079021778,-0.5045047088373062,0.443639221119504,0.7793783141231931,0,5.295659899027107,39.860346984973596,-5.633083461068957,3.18602294424707,-4.642119370051682,2.11198571845876,1.0883989343407912,61.934306569343065
SKYT,0.590213936277297,37.0,122.35839816354634,9.736927002908043,0.9857189315065406,0.3058704824204622,0.027022490629548382,0.0,1,0.0,14.374039397420715,4.548170657238329,4.323359161730439,-0.027015190452239872,2.80639083075019,1.2393044827263746,61.661800486618
WERN,0.5802700650815311,39.81999969482422,55.933809091953094,10.031913771911931,1.0285355712103894,0.6700677605603546,0.5524892576184418,1.933702821811973,0,0.8879027396836298,15.054730657010762,-8.72898583811484,3.953506621553042,-0.6734857987759523,8.243248271683703,1.3291083992137036,61.482968369829685
RIO,0.5867093006263273,104.76000213623047,41.25537682122364,1.5229432607491367,0.8776213878996967,-1.1386794873491863,0.7541054786276934,0.11454287393991484,0,4.197546479991561,32.73703136215913,-1.64896804042212,3.097556276849302,-6.946171227186501,4.735013600785756,1.0404924051752673,60.76520681265206
HTLD,0.5589084327100912,14.279999732971191,83.81580957155454,8.177718423616202,1.6530876083801773,0.13743505634587486,0.1400592306461469,0.0,1,0.0,29.140441342583866,-11.314472585445559,3.846539908566139,-0.13986333912940624,2.3613894036982224,1.34993579482429,60.71289537712896
RMR,0.5624436072605375,20.079999923706055,26.346081657381237,6.027404496098668,0.8182255644872437,-0.44986721981128724,0.14940581054781546,0.6469122466373558,0,1.0850384486023508,34.79744888909724,-6.4554689371924185,3.086192143311251,-1.6698477604110518,5.731340657817084,1.2302468441599959,60.55474452554744
ARW,0.5676936960482392,212.83999633789062,88.96686701176823,7.920634041833813,1.1737590659376598,-0.5130696769586406,0.2254765002159504,1.0335886931777685,0,1.8706187189996468,34.1992359058495,-0.17600097656156133,3.6861992716280594,-1.3167639254080712,1.3933926117299476,1.2137482586391213,60.10948905109489
BHP,0.5736195516922726,84.94000244140625,48.099496070917816,2.559770552884911,0.8855432035722896,-1.3076397047158002,0.6098395653454898,0.35319407008638853,0,3.045630436772325,20.01203434395059,0.676344327272693,3.21386278577059,-7.1186382985329155,6.884792811653762,1.126925524927253,60.04866180048663
GTX,0.5916268925375338,33.220001220703125,88.36242317637308,21.830020958559704,1.1945336405380331,1.5547897637085437,0.4515283132610028,0.12041214345654677,1,0.0,29.714956769577157,-24.68354171661543,4.061451630874066,-0.44949869936562703,4.307016346297604,1.6628354950034459,59.871046228710455
KALU,0.6487745795625393,169.3800048828125,77.59010684968433,-2.5305315833498354,0.7981689980296511,-0.4070604384825289,0.9859476448184428,0.035421866137567884,0,14.843348926041738,58.9825563695329,-3.8763947814274813,4.2149536900668565,-7.44262028257545,9.306159683679358,1.0307727935126285,59.64233576642336
SAIA,0.6188580899349522,458.25,62.092022885626385,3.1865671214795657,0.6716054579232206,-0.878357039732011,0.805237848641178,2.7452234745746154,0,2.460794894503945,20.073887016783086,-1.7778575315324014,4.591380212899911,-2.8575690908692755,5.500717195688347,1.0551208195184976,59.473236009732354
CVLG,0.5594873026342752,37.369998931884766,89.98853322252185,9.8374595929719,1.1531443560372507,-0.6603448441230427,0.05352009187795807,1.8552270795856591,1,0.0,9.557309478465092,-11.76659189912119,4.024102153101294,-0.05349146319770779,1.9775114802535965,1.3627505085465477,59.27372262773722
LNTH,0.551267299466982,94.47000122070312,63.41906242095272,4.9078029645592425,1.0848830246060919,-0.8227133298016492,0.4058430807883017,0.9526849944320144,0,3.365399582827434,43.31007864738461,-2.173391763304448,3.588590065203754,-3.866892797530921,2.9041645009383807,1.1944563809030815,58.69099756690998
FRO,0.5541870433360355,38.439998626708984,40.73708422774806,2.7642594171273207,0.817121200465348,0.47069277299873585,2.497406174405834,0.052030329026221143,0,1.9236023680700869,0.09938600211724932,-4.555874163396015,3.6531894537822005,-3.2712707519323265,0.9547316342070509,0.9632114571760586,58.43187347931873
AXSM,0.5705436911524215,233.63999938964844,45.2611059412708,8.223784461943637,0.7336951420197992,-0.4103997516080085,0.4922076268976417,2.568053422208729,0,1.0047347586480495,27.92378458725034,-13.69855440671038,3.8371906198360133,-0.9643278134999557,1.021946634985756,1.0350795506484909,58.355231143552324
KNX,0.6102713574920289,70.25,55.52797017435711,8.012946773425531,1.1937660716781682,0.6961810431577088,1.1957243243824451,1.3380709067592,0,1.3242818225725714,3.2632680589523853,1.322784189720631,4.120994765684577,-1.926563320275506,5.078051389829744,1.2399992884959825,58.14476885644769
ODC,0.5753564322314035,75.2300033569336,24.115815501196856,0.30421669724869055,1.6309389595210313,0.057431369243557254,0.42536179787432143,1.9672945121342804,0,4.569203231580475,63.774874523041014,-1.942419932184362,3.174179099376522,-5.012618363928586,7.5050078262521875,1.1151223024880315,58.024330900243314
AAMI,0.5620290026952516,72.56999969482422,58.492601211312945,5.630112732323937,1.187593190681939,0.4196683736345789,0.05374323412873625,0.8819062868003069,0,0.0,49.86519152547481,-0.6124828469607475,3.504400092125251,-0.7250325449421933,0.808281846217181,1.2277533669010467,58.01581508515816
DVA,0.5955177307107478,198.66000366210938,57.275454640480405,10.667622947125006,1.0593931577347104,-0.803522038859173,0.3674598379535925,1.1149684370523063,0,3.5379586789490505,47.450463862093336,-0.07095440315874062,4.264105184540579,-1.9882573046206296,3.862796861835152,1.155956972263727,57.795620437956195
FLXS,0.6005387218959181,56.209999084472656,47.742675881059384,2.515933747024226,1.0795915059166583,-0.04369853720510827,0.0,3.4335533474053825,0,10.48021370441697,-1.900309782211175,-14.540183585564925,3.9952223744490305,-5.8275725547004695,1.8252931987115644,0.8480301857021953,57.737226277372265
MT,0.6235395415170931,64.11000061035156,50.74649484063043,6.3497003998065304,1.5368835503233946,2.9676645405279953,1.8249854278400182,0.21837371441804143,0,9.00587716594957,6.984324546770651,3.913343184933909,4.292307084846182,-4.93272171872058,9.233756015433215,1.0733656100091524,57.63138686131387
DNTH,0.646703147786909,89.62999725341797,106.41335416351765,3.1860672292527967,0.7356024353451229,-0.5259146325050313,1.5508194044711106,0.3458721382176554,0,7.160119170245471,13.126332772574575,2.248938599317672,5.363318841321831,-7.119173830581181,8.131402638907977,1.010098753988495,57.4756690997567
ATEN,0.556904264808044,28.329999923706055,57.55142198282017,2.810500752346019,0.7451224663833678,-0.38682433044421044,0.5471188835468492,1.0522397409620137,0,0.9310364206044089,32.296241889567156,-0.2253948394764972,3.1796168391518456,-2.746307106354309,-2.480914551112861,1.0471934712196707,57.40754257907542
AA,0.6670855143205694,66.2699966430664,68.74044738513025,3.131570592316436,0.7520421010588298,-1.1684374760013325,0.3168956156662048,0.21880832926512708,0,12.13944238015252,8.017475018591131,2.4170178273303087,3.9166773807621693,-12.316974766125957,3.2097614462643933,0.9482231583382598,56.92700729927007
SNDR,0.5743904904078743,33.34000015258789,46.830178752676346,7.292270964131116,1.0888817655263117,-0.6821822416770112,0.3899252175055683,2.2495500796189667,0,0.8471246533923955,13.439948434283732,-3.186196543408738,3.9954131771686265,-0.9359638630960182,4.849965748646485,1.3985760550873299,56.867396593673966
ARCB,0.6624701740040714,124.41000366210938,85.51750334963862,2.395355367134537,0.7095887459365543,-1.1836529961236266,0.7153760657852501,1.776383746806347,0,5.558387989046556,56.77864897957758,-6.405878383666175,4.308651438363016,-7.821825589662411,5.255141335304414,1.0864480281600628,56.4367396593674
CLDT,0.5535626276723904,10.6899995803833,55.36141726473873,12.87682199878318,1.559865826271655,0.5215455427982931,1.3564121930948534,1.091676117813423,1,0.0,7.329312644248234,-2.1176506488777025,3.6627677745343057,-1.3382598730021564,1.277133992618071,1.2473146550416125,56.43187347931874
STM,0.5923382596221957,65.66000366210938,182.59576245672633,13.23228235112825,0.9647376250769613,-0.37603659050894483,0.5025802364454652,1.020405317646588,1,0.0,32.086109175363035,-10.923356276549711,4.886643358078097,-0.500066998541808,2.4368760910334797,1.5372705053035531,56.1581508515815
SSSS,0.6070775620568796,14.0,39.24001525756453,4.715957829216913,0.90457525410937,1.046781916949569,0.0,0.28571401321550144,0,0.0,44.62809460933679,-1.9040365407613309,4.382651679369869,-3.314914070287647,2.9211312301243857,0.9795763964510465,56.085158150851576
AVR,0.6268803402340566,9.0,143.24987799385661,34.078212285425955,1.5986986913032197,0.7361472867542314,3.11110814377867,0.6655587089646775,1,0.0,48.514852879467526,-11.211570740038965,5.379285509624179,-3.0172385883396045,11.958149234271657,1.433503611206269,55.99026763990268
ST,0.6141222607976727,47.459999084472656,52.394874894436306,6.50968072110794,1.0877077734300944,-0.6720091534061611,1.1378022038197557,0.6529755523256413,0,6.8301879416682505,32.665011874725515,0.525559626963982,4.15058484830665,-3.8492737081570327,3.8722546257409647,1.136564862201232,55.7639902676399
TKR,0.5997586873714491,118.93000030517578,48.58613413278072,5.549159640969827,1.601648395380171,1.0335951744392828,1.0720604747301072,1.7867653195403659,0,2.293665041520564,20.92085096696681,-2.0147194481277864,4.083704626190604,-3.5246841938070443,4.9356397705132595,1.2169317137985796,55.59975669099757
ILPT,0.6000989929089294,8.680000305175781,50.320379211157196,10.862767092055464,1.2662276738172424,1.0359561541143552,2.4193551928513015,0.46084002438206456,1,0.0,18.417467876356955,-3.770949534117549,4.137591058942595,-2.362205062017583,2.4077050383850693,1.1348914469063798,55.447688564476884
GFS,0.6106181610665684,81.3499984741211,134.48041922123502,17.3306003635223,1.0753835169248234,1.3515544568727058,0.13521894580637697,3.5525500231352467,1,0.0,122.0857114408106,-4.972371649367248,6.172270726909619,-0.13503635107599662,3.674300127560639,1.322972146365857,55.29805352798054
CSTM,0.6125621253417248,32.040000915527344,104.05996607694405,-1.140095649176947,0.8263410283744185,-0.7041546200403476,1.154803125158175,1.3732850233179916,0,9.971111947069849,23.27818852426296,-3.302509832531174,4.603619407385742,-8.299936534289994,2.6450851886519318,0.99094860576391,55.07420924574209
RLYB,0.6197093271985226,15.380000114440918,193.94825568631046,20.807478761648746,0.20558197387208174,-0.1120803688519125,2.4057209543686326,3.315996261728345,1,0.0,8.923514440543574,-5.647053437410089,7.053687797698236,-2.3492056224481903,6.2124239873264315,1.200217660032296,54.852798053527984
MTRN,0.5999540671129928,210.1199951171875,71.5833943950843,7.500254231796062,1.131827320921142,0.4689148180901488,0.837621267140729,0.44260801264877486,0,2.4094736924412197,14.313692349657794,-0.3055921192855084,4.343437168570222,-2.5507838440425217,1.3810391260087909,1.110213154321329,54.708029197080286
TSM,0.5515725683655316,407.1499938964844,34.15331252868277,1.1589227120562038,0.8243826879624279,-0.931489750896664,1.05857733591885,0.0,0,4.292323184333878,19.510957410424336,-3.501801538757528,3.831249874117197,-3.5120997419985587,3.9579042077726916,1.1733108961248528,54.53771289537713
BFH,0.5750016019070392,85.77999877929688,28.94337103440845,-0.11527955742287992,0.8596144386965799,-0.9881061692577232,0.7694143990370091,1.4455559354173726,0,11.904670698005308,19.851786313621396,7.967872067261545,3.3657528181849923,-13.467163163394638,3.8061814471219932,0.9560639822013064,54.312652068126525
MGA,0.5698073736293383,63.09000015258789,21.32331630929962,2.850777001261689,0.589908295281189,-0.835665230291857,0.25360571726517944,0.3645578406663678,0,14.692476741525223,-6.7634589691844145,-2.363339741415345,3.188281629030164,-8.376500509747133,6.3634809127040555,1.0721560415323712,54.187347931873475
HZO,0.6072522437686697,34.20000076293945,37.966452664419556,8.428581309711005,1.0105522027694145,-0.3970178856275496,1.3157916751099457,2.309932991764879,0,1.7335275855490229,14.000002542664843,2.9709690855913564,5.36967506954373,-1.2987034433183962,6.176471536732641,1.0913880156463913,53.95133819951338
OOMA,0.5531619378840981,18.8700008392334,58.2292707230192,3.9526289931723246,0.8622694302642238,-0.6709009257045716,0.5829390856042057,1.9077932926425334,0,5.423951741187326,51.56627411893543,-2.641509977006862,3.7977895752261577,-3.675341029656015,1.3475214815869183,1.1950021110850328,53.92335766423357
CMBT,0.5586286007604763,17.15999984741211,62.037677673933736,16.425808147041003,1.9001423776546458,-0.0365143595692318,1.2820472919459245,0.20396181655763865,0,1.681459477608306,3.311253563017137,-6.99301150068008,3.67715566045091,-3.160267988773241,0.7764020801232941,1.2522921183359261,53.91727493917274
TECK,0.6320641590712641,63.0,48.333821495587046,3.1332870711946654,0.9341048018760032,-0.5787630058256625,0.4285721551736289,0.11111062670334547,0,3.2265635587825825,38.88888701918126,3.8189295387424353,4.294785134105726,-6.901135355755672,8.059194916102754,1.127721985019217,53.77858880778589
ASC,0.5913733180606962,19.290000915527344,30.538852555128205,3.9976324339555758,1.345228455050614,-0.969970141000058,2.0217696792035538,0.31104909507602707,0,1.8339686935860595,0.10379064497933628,-9.38270665886939,4.091684971732029,-3.694457043002477,5.678850540683877,1.1414393326362513,53.76277372262774
WCC,0.5962596902049155,354.25,29.607469321637648,2.337809197789406,0.8690237475094558,-0.652147318738669,0.2738182697813371,0.48835878230719587,0,8.615830034867091,24.191287335865216,-9.72060480793381,3.984070901056369,-5.2807486630874845,4.953736965719637,1.0769421521316422,53.756690997566906
SMTC,0.6224837633376603,146.52999877929688,120.50251503227113,20.01211994934422,0.9882700483829345,0.7405348017896941,2.0405415396523656,1.1806426956523568,0,0.0,99.08967638067031,0.27529266775353917,6.708036842096651,-1.9997360939714566,14.507104395676166,1.4271513629736334,53.591240875912405
ATI,0.6535796549257864,160.41000366210938,50.22320528650268,2.50757486261943,0.8217755208056209,-0.6244491143023709,0.635863718209271,1.0254998035632181,0,12.669091973019775,24.988318715185002,-0.9152896034844532,4.395654832058472,-6.253285553160323,4.97237681482632,1.0898653190115342,53.57420924574209
SSL,0.6046129818291391,13.270000457763672,66.89390397810114,-0.5247342707479837,0.5705935241719827,-0.3656931626077499,0.2637516669337795,0.6782226787976742,0,8.278380713064545,-2.4264699590113357,-7.298133322657366,3.59295836641437,-7.654832543348103,-19.701487606584156,0.8315122280022186,53.50121654501216
UGP,0.5590739870667595,5.789999961853027,24.6967690963251,-1.656051603064328,1.4072882992157754,1.230320836697515,1.1226262113554513,0.6908456322911154,0,23.082696994092437,-2.1959478503983654,-4.537517471794761,3.4357276331546887,-6.612900967082064,4.206496928245886,1.1292477500398872,53.43309002433091
STNG,0.5658710366848626,80.61000061035156,17.015369681097404,-2.0766648325604447,0.789433305786722,-0.6930197815852351,0.8559762264895496,1.1164886726873036,0,14.460986127656358,-4.501839695356593,-5.349747468938262,3.7145343081269417,-7.758323408367479,6.4155124768255956,0.9866262795429653,53.41727493917274
KN,0.6056365273599355,35.22999954223633,53.49052230316615,4.8761604972590185,1.1407057736082908,-0.6059060917385523,0.9934779828447515,1.1637804505473623,0,8.019234350328304,59.339658838131314,0.2558360170526766,3.9231994743912946,-4.989218439625538,3.3070872644502223,1.2507178987765208,53.271289537712896
HLIO,0.5724230794483763,77.97000122070312,40.695157362168,8.679594089249054,1.2297900038090648,0.7461499272779051,1.2697163630336883,1.3851504606031306,0,2.1865128216334866,0.515665241004815,-0.11709869937188726,4.307517168408953,-2.5374984740893747,5.736252045362483,1.315466573702946,53.125304136253035
PRAX,0.6137746854239703,350.55999755859375,77.22684092838952,5.060470991257902,0.7469729693648092,-0.7098658568087459,0.619013419340717,0.0,0,0.0,41.36053461551436,3.267602952602751,6.051175195140409,-2.2856539145389685,2.7544845075696625,1.082870520213507,53.06204379562044
CODI,0.6446190466809377,11.699999809265137,90.31787843936534,-1.253325721218721,0.6746932129151274,-0.9330575988646495,1.7948721500211187,0.5982879996528176,0,9.75940809488733,56.208279923036486,-3.234273188571732,5.689866760750113,-7.436712883317425,6.148861619700512,1.0678214501456211,52.9647201946472
EFXT,0.601796181620111,27.190000534057617,95.71609263443122,0.31881260518441956,0.8808989790153889,-0.8577813075274378,0.3310046002825498,1.9860276016952991,0,9.282842066561162,25.20718123958509,-7.797425764600614,4.317311163250993,-6.620789341233653,1.6559304416228913,1.1047175097144615,52.76642335766423
ASML,0.5734737690615139,1592.0,45.951790658448346,6.692712947022672,0.9069066043302431,-0.5139219903892203,0.6149522024179555,0.1724319841393389,0,1.1169195025283585,12.274873050443592,-1.716246142455129,4.5275050791064695,-0.7165613944798241,2.272330871177479,1.2123188242385288,52.701946472019465
NBN,0.5768064144792928,124.2699966430664,36.58705112927103,1.3109747614367966,1.29862729193857,1.8225619472971772,0.08047485814461076,1.508811499665818,0,9.409883568173798,1.9024188215353912,-1.9345857879698498,3.4638292935774353,-8.36154693715522,1.6047233882654628,1.0032829907132,52.57542579075426
CYD,0.5911412063929068,55.65999984741211,44.874822244882374,21.403798937771448,1.7979451276621028,-0.4261074908565741,0.610851874800338,2.9105262958979,1,1.4489533965244865,15.982491978588595,1.5763072945620367,4.948410972781583,-1.573827412272413,8.13793313895624,1.3699561798330788,52.50121654501216
NXPI,0.5767149488216646,299.3800048828125,47.122644625604714,4.299054319732595,1.0195272117373326,0.2067572537071318,0.4542672621340566,0.6346428837897009,0,3.6333873514919763,3.5021624486698286,-21.740749659725417,3.946249885030838,-3.7487150661481206,3.592327004739493,1.389317525724571,52.43552311435524
LBRT,0.62067492158086,32.880001068115234,88.8030203448628,-0.6646499134297901,0.6800067767646663,-0.586134401571517,0.5322361051409051,1.4294440554158179,0,9.721076945854797,10.11386602790487,-4.548271146466164,4.363703759994292,-4.634838282395469,-5.713327988572769,0.952984965317349,52.344282238442815
BAND,0.6087591201656946,58.540000915527344,301.7226991287095,30.36410286840916,1.38624880500367,0.8951585849435293,1.879054419028094,2.2890333645512024,1,0.0,59.03286805474851,-60.39215751194791,6.452241765302379,-1.8443971920857762,4.525175634736224,1.803742594543792,52.33211678832116
TDAY,0.5922136434052016,7.559999942779541,51.18744913722912,2.9201538564613787,0.713961168958447,-0.9034746895577122,1.0582000568912648,1.1904719103177408,0,1.2143393885716314,15.59633007217245,0.413226017333582,4.487904956009564,-1.8181801290300947,2.0000017603218145,1.168830766959877,52.305352798053526
DFTX,0.6594404586315673,22.649999618530273,85.34969907652166,4.727775556275451,0.9074948663865336,0.33486989517058285,0.13245336489824622,0.44149437439667194,0,8.159565445014207,78.34645636154077,5.932936605659892,5.018920646127202,-13.71428716698127,5.314008672366933,1.0099423018211773,52.2007299270073
SCHL,0.5560172619065089,40.13999938964844,29.68744512200725,0.7222118744803928,0.4803844045472622,-0.6156421406615935,0.336328197010189,1.3963559851625906,0,4.336313299503119,8.296773705950274,3.5624216795412083,3.289469789926907,-7.028001312248657,1.9958826782144612,1.0890327870144179,52.195863746958636
INVX,0.5899639613487104,30.81999969482422,25.793630223133036,9.514079711192881,1.4316532036882952,-0.36238285272839493,1.012324368555535,1.0058386404993522,0,3.0667241016735294,15.69069219514737,-1.7961867989984097,4.033095531556161,-4.434109473275784,5.478928292032717,1.1530559338629869,52.12287104622872
ODFL,0.6078963982156234,207.69000244140625,46.33183017002849,1.8437717278467665,0.7716449305438301,-1.1339833571947349,1.3144569769534804,1.7622435452203904,0,15.44330357026435,-0.2685044795063125,4.645841709390925,3.7445909454800383,-11.163861411583795,3.2895388786951654,1.059973306188337,52.115571776155726
LQDA,0.6098388813278592,61.970001220703125,92.03829524176751,29.45883209756706,1.216532408049521,-0.3848585206176607,0.5163783903753555,1.8234646536032109,0,0.0,72.81093186062687,-4.671649873794756,6.1435245807588075,-0.5137256222761005,5.0051873350361555,1.8645979536465707,52.01824817518248
INDV,0.5887431439793296,37.459999084472656,2.958656948590055,0.230104102882236,0.6667743015595062,-0.5114836608079405,0.9343259014035228,1.8419611413620467,0,9.924843485089799,6.390230214258458,-10.916764018194385,3.375031012055124,-8.634148574246348,7.005790484493655,0.8198599295010006,52.015815085158145
PLPC,0.6523536504608405,341.1099853515625,64.81532828016616,-0.888955986611119,0.6140452103447794,-0.836545040408272,1.2268852440207336,0.0,0,9.357130817006599,16.77849305847352,-1.0492738245456026,6.08507193359144,-8.254438797457135,4.131276814165788,0.9012521179581229,51.8698296836983
ROG,0.638298206779658,132.39999389648438,53.92694732036427,-2.474960464575705,1.40085738570078,0.07151265159520992,2.107245781516477,0.7477267975869674,0,19.549203298903034,-0.4511324086549727,-5.7078351779405025,4.179434872248466,-8.348340202687842,4.066283387825054,1.1126279233681733,51.7749391727494
OBT,0.5832958298427277,33.9900016784668,23.196802013411855,-0.3693232100101778,0.6177379917958148,-0.146374040234185,0.35304185335553084,1.0297213048677023,0,40.9877598847244,-0.672120204631837,4.320990297018422,3.253056563509945,-10.48195789880938,0.8378995266518128,0.7992135700326795,51.68613138686131
MATX,0.6087329496017116,182.75,62.821840321916824,1.8699180176855204,0.9822612721925759,0.2555566775613437,1.5485646134277438,0.2517136601174667,0,3.7908089118767805,47.18821108406207,-2.389050472500265,4.11392079403036,-3.815789473664127,-1.3966348672472833,1.032798326634318,51.68613138686131
FEIM,0.660318921902787,59.88999938964844,101.34534877372457,6.283106500803617,0.6756668590922753,-0.5470521782863587,1.7198176486502101,4.591751591217082,0,4.58573981301254,28.934334565485877,4.238261121403646,7.469645571917422,-7.847359042437752,23.174258433323754,1.0391245164890264,51.529197080291965
ROIV,0.5972649647245708,30.8799991607666,37.326942874697735,7.285547966488751,1.8557018757666266,0.8786704849823072,1.7810856605900316,0.32382926436379145,0,2.2111214077238985,19.597209626461456,-1.3859321444288184,3.9237138704847596,-5.8335624965068025,6.017581782205485,1.2803827442168525,51.46715328467154
MRCY,0.6229347376916862,96.36000061035156,28.670644065733164,11.010628569827622,0.7711399318561094,-0.6044420697176689,0.30095570121154663,1.6859726662278485,0,13.880247685663596,24.948129121238612,0.0,4.834890660162958,-7.2033859700143505,8.174417185133873,0.9930914735015295,51.15815085158151
PSIG,0.6493869316331888,7.710000038146973,84.02631830125739,12.818262331022229,3.344097475033477,-0.04260669591011467,2.3346281118636423,0.0,0,0.0,14.391695843098951,1.2698475890233707,5.294608672548442,-7.108435409139056,6.818179732911263,1.223902261081787,51.008515815085154
SHEN,0.6087772115213103,16.1299991607666,47.177578023724976,0.7117839672592674,0.8331043041524986,-0.5640012463739915,0.9299537115566575,1.0539372915585845,0,11.984389455438702,-0.9822083840302871,8.01170063503549,4.180321485647458,-7.031707168927803,-0.13764940213254603,0.8850366585528536,50.7530413625304
GNRC,0.6303337655731557,247.7899932861328,60.776151568007194,-2.685870839726105,0.8792223933846118,-0.8654947876996765,0.5952645964223523,0.8918808325392069,0,10.647713752309464,15.256517491395252,-18.705927827618456,4.273058814468426,-10.480489807112644,5.80848044788152,1.1728461888684156,50.68491484184915
TXG,0.6393747905785213,24.68000030517578,45.4514437636254,12.580969164567335,1.0239498451967324,-0.08780059344532647,0.7698562872791884,2.025931903553838,1,3.0430598748021183,47.87297492492609,-2.9411725419853094,5.551921835891266,-6.674227301757687,15.20038534708998,1.0838844374751548,50.619221411192214
PDS,0.5567891907854674,96.30000305175781,51.370639270992925,1.4218033469790865,0.8042753547228069,-1.0051612841117386,0.4465215903889496,1.6407079760829144,0,15.432251672033686,-1.9348207286263435,-1.3905472426364318,3.5551115594909746,-7.22543331351158,-2.901187215714587,0.9989847827488151,50.60340632603406
AZZ,0.5620172425090525,137.07000732421875,26.16960537578037,-4.037464339988839,0.7425623170314399,-0.5472883182931458,0.6529541290075285,2.1156359442438455,0,23.489654921308222,-6.4942965082442,2.421722587093066,3.405190332109119,-9.62615614221038,3.0331857526324777,1.074865511845013,50.58515815085157
R,0.556572465072354,238.4499969482422,31.642892296178292,0.12709082950776027,0.898434431901607,-0.8639455481664953,0.689873891175223,1.9291281871959127,0,10.594333532781313,5.399301117634818,-4.6086054927645534,3.2481881363551404,-7.570102187954689,0.5550991407036658,1.0434165562992808,50.327250608272514
CRS,0.6417689628170178,438.32000732421875,22.885942412297556,2.517800512816868,0.7715947000154435,-0.3350218167583297,0.44031589786620445,0.7962196970364495,0,4.669103186220553,41.28183911397467,-0.407821003575045,4.366346300266889,-7.855955543592078,5.06444307612438,0.9707227194262714,50.236009732360095
LRCX,0.6219967438021754,302.239990234375,98.44273055826586,8.637553442951514,0.9090274898675017,-0.38923420381923035,0.31101193481187106,0.27957955532127454,1,0.0,75.65570927568686,0.2707349217351029,5.075200932975222,-0.31004764961795556,-2.6682559176401237,1.168222382680957,50.21289537712895
TX,0.5618260932364246,44.81999969482422,14.925255694039796,3.173492973583067,1.3422412719904553,0.935766151591438,0.8701458998108225,1.026325496640986,0,5.359136858763413,-4.716129454911372,-3.5840571864620507,3.8479075843894885,-7.151439629023663,5.108944229411104,1.0263711781852536,50.20802919708029
FLOC,0.5971683758764031,27.399999618530273,51.28189217546477,6.522504069059893,0.8014667027185782,0.24829509214811593,0.1094845974942728,0.6751805420118262,0,2.8980055070640267,26.749717170825555,-5.16729742435897,4.03216176819923,-3.0431726941113277,-1.808785976868935,1.0829409662514482,50.16423357664234
NEWT,0.5848585278985863,13.289999961853027,27.486296398107534,1.2764333892073587,0.6209807301351389,-1.2653498106793923,0.8276874114725878,1.1286653043607104,0,23.887383632068918,12.24134913344668,-3.511576563443116,3.654735657275918,-9.363806967609078,3.338893811946178,1.0749327385777403,50.15085158150852
SHIP,0.6500368781928711,15.539999961853027,55.24200853028063,-0.3814226529229635,0.8744183576529369,-0.27883151293592545,2.445303187575766,0.19304847517955642,0,9.572016960716724,17.258745864925412,-5.229687241624433,5.102041880890882,-7.555024059262265,5.239858728113438,1.1073872696856657,50.10462287104623
BTE,0.5558330124891252,5.110000133514404,50.22877372374093,1.985832382982153,0.8899794244542373,0.7179730342891436,0.39138904892444276,1.565556195697771,0,6.122240710716827,14.31768172750042,-9.761383864092611,3.7880905330443406,-4.664178987425512,-1.134234638010614,1.0867810471355774,50.03406326034063
PHIN,0.5639399484914994,73.81999969482422,28.6944306531868,-2.3377043319485047,0.8786001521081849,-1.1984452038997893,0.7315103193611772,1.3410970845960766,0,23.178028527774334,22.484464642662157,0.9880625683481479,3.4931506495372187,-8.779738138905717,2.343154321074226,1.0709308369295851,49.94647201946473
INSW,0.6131942431812275,85.11000061035156,50.0327862683857,-0.20870358732924116,0.9443743411719996,-0.8836258061438347,0.9517156411349462,0.09399815589240783,0,10.851143059500428,15.822428847699358,-7.993750273048325,4.075568309018996,-8.148071177730468,1.5336607504754132,1.0417984510481844,49.800486618004875
CMPS,0.6098199588635872,11.59000015258789,101.8674583578192,18.677043968054225,1.1894777095074396,0.6229111946382172,3.7963725155524792,0.08628325064120201,0,0.0,22.51585735334716,0.983597843233511,6.963513946919521,-3.65751945231385,14.658922662842697,1.4829386967554268,49.73479318734794
MKSI,0.5970948374102341,313.1600036621094,110.47680812101295,5.745675806083671,1.1104344374078965,0.11429400306582443,0.279409883051766,1.3220125814314514,0,3.16742905259325,34.20484206475275,-1.1370125709844512,5.391242678044274,-4.185532012305151,-4.0665246994275455,0.9673820159859646,49.495133819951334
ELVN,0.6668169624969682,42.25,73.86927876481835,0.9956124028655444,0.5431524684972026,-0.10984355184194577,1.520714392992853,1.8698246520914688,0,16.433456174050217,81.72043010401202,6.060605797089328,5.584532349974245,-12.940447016550404,11.237787221790107,1.064478075239362,49.45377128953771
WTTR,0.6132987715024766,19.639999389648438,89.6622528004692,10.556006248961664,1.138618290667239,0.5486003258488908,0.05091766391091405,2.2912366066828227,0,2.4900133004163214,54.919129838068095,-0.173958606703573,4.139874808668564,-4.1015633365348725,-2.909865702271965,1.1382591497767895,49.428223844282236
ESI,0.6281446078782906,40.36000061035156,52.80062743885521,-4.389642228909829,1.07148375691492,-0.49641333276146765,1.2140680286107717,1.7096195018693372,0,16.10146702738568,-5.169174558035601,-12.137969104248016,4.385530620708972,-11.335676176204187,2.9763709996414445,1.0372076811972073,49.09610705596107
KRYS,0.5533820671295334,304.2300109863281,35.43296015812687,4.629092170988924,0.8026726762884715,-1.021291172401361,0.6064494474807003,1.1175734719432373,0,6.135784817479112,5.694140792421561,2.1563940438043296,4.545293461824683,-4.77338158117344,1.635293399579984,1.0073967092902776,48.93430656934307
SYNA,0.6203040661583485,132.3300018310547,107.94238647559176,18.461160878721586,1.183035409700654,-0.40742881579385176,0.1360180407234377,2.3501798064690185,0,0.0,44.670383803008725,-10.17068828714715,7.3226022689803045,-1.8614614172249153,5.621491667497224,2.0132692674234427,48.916058394160586
KGS,0.5705307849107728,72.38999938964844,105.60800423588239,2.2241287602616127,1.9363174181122393,0.13563162858998032,0.9443312407084243,0.46967307743139275,0,13.837009198508968,-1.8241928819798285,-4.5973553454675615,4.403171037496819,-6.8099908530854805,2.0803919166675056,1.4028506789571416,48.748175182481745
MRVL,0.6082953848102336,190.69000244140625,129.49688085166275,12.416252509023794,0.9991038054779492,0.06795424911592321,1.096017783376904,1.3057871211240424,0,0.0,113.00151820463853,0.24764657414409127,6.611702500999664,-1.9991773836069557,3.118088361078959,1.6039873312939097,48.69099756690997
TRMD,0.6283913543977059,32.4900016784668,34.763833222440276,-0.5996401584665437,1.0692677989828432,-0.10864194190209785,1.2927114864017173,0.338567573608595,0,12.264738777065713,14.910424928318603,-6.616437946011794,4.031129508101665,-8.038494212618968,5.39845515245198,1.2138750241747076,48.64841849148418
ARCO,0.5629955362287552,9.149999618530273,14.5162372098115,4.613269906876095,1.687984906670627,2.8694710918396944,1.2021925128474433,0.8743265651029397,0,6.295781984637226,9.751040689489123,3.9827759638166067,3.661202010860721,-6.153850065725005,3.870168519166646,1.1348892820041852,48.5316301703163
BHE,0.6109398322036137,82.44000244140625,82.19509103664873,1.2851101807102903,0.8438188615620066,-0.02111865439366725,0.8733639002571937,1.7466074922587251,0,14.900803217574355,86.49163218228078,-21.375746898803214,4.420522594736537,-6.029865169324604,0.6934281312083388,1.1551120071296272,48.487834549878336
CHRD,0.619617545591308,142.85000610351562,47.212607534701,0.46743484717614925,1.0136472184242153,-0.16616276802635005,0.021000194620171397,1.2880724662576848,0,9.899816507596361,6.7974681594366535,-6.15339847049038,3.9215013962719403,-5.164976156344377,-5.732797491386498,1.0008775129045493,48.48053527980535
LYG,0.557991179970711,5.409999847412109,4.268160111758101,2.297435430733256,1.0410370913222438,0.5790419433686691,0.5545325443429537,0.3678432997792074,0,41.155953808897046,-4.765857104533284,-2.0637924027826458,2.996962545957433,-12.57686477289663,4.485973797661483,0.960811897661317,48.40632603406326
NBR,0.622205802566743,104.55999755859375,110.01998580487025,3.1799659081409,0.8063156598825336,-1.1969983410053735,2.0275466680015364,1.65454836258298,0,3.3664776618182812,45.40396639311282,-15.891122147252922,4.676741716427849,-7.3870716160261445,-0.0762164096323828,1.06564795893293,48.38564476885645
MSGE,0.5667122287652839,69.37000274658203,32.91247895135776,4.225673242275018,1.014428270257498,-0.45365651240392774,0.8858213916560463,1.0811589596284714,0,0.9902519841882953,4.756873252437386,-8.460287425242118,4.212863539833728,-2.0336038153366944,1.4731408623300781,1.21145885459338,48.381995133819956
CLMT,0.6265915749154218,32.869998931884766,59.114249101392936,1.124456380372982,0.5799220038904367,-0.677066334652102,0.15211207387818068,3.468206348214773,0,16.296312155435423,-6.19292787352369,0.18303099702923978,4.437394638444394,-11.017866394210639,-0.1031660478789051,0.8704648888946644,48.27858880778588
CX,0.5951929066168737,12.59000015258789,10.414242692986498,-0.7371774236095401,0.8475334410658888,-1.0341700955703874,1.9857029146163683,1.032566424583169,0,20.575327016599672,15.434298684941583,1.6786573484256142,3.914671785191296,-7.9005114674428505,3.2045165870251053,0.916415244400342,48.15206812652068
CVE,0.5528286025380269,30.299999237060547,51.471994958794085,3.0542115779051944,0.7950030874116656,-0.7364285989768615,0.9455413552539691,1.0231005733920453,0,3.328305264951603,21.735636721006635,-10.548200104335912,3.629538858124211,-5.519178280485424,-1.6033311334896196,1.1708672571120702,48.14355231143553
JBL,0.6096784442321765,356.4100036621094,66.14500775129248,3.010546855311075,0.999959164895318,-0.36848618904531205,0.04208464828225031,1.8321592301514769,0,2.437822346405734,64.86479218348764,0.30721036827463327,4.755819169887742,-4.264439836156949,-1.2565563951348475,1.040080452453374,48.066909975669105
HPE,0.6084204403659436,33.970001220703125,51.40739225737639,10.595631341365682,0.7962065653169536,-0.836782269072726,0.05887682379856309,0.8242530739680586,0,1.53538938149007,31.76881425756708,-3.007519310345846,4.128433869107457,-2.0896338967495436,-0.46663643122922627,1.2622911351944484,48.00486618004866
APLD,0.6175153919879831,48.02000045776367,97.08480537447188,21.51655386794549,1.0906561835151403,1.3414726272635504,1.1453545018868732,0.20825132832773416,1,0.0,50.34439465978252,5.777162482024281,9.529660451205348,-1.1323846829421182,6.556805081182183,1.558880062083772,47.982968369829685
TNK,0.6075510881918933,77.69999694824219,10.509263440491722,-1.5421297006648402,0.7112365795199415,-1.2202998380116363,1.5701432028370548,0.3732217471285767,0,12.309027569326402,1.2455809478333624,-6.436314096903684,4.082551033974471,-7.488988064572566,5.053987992830628,0.974215403973121,47.81630170316301
TIGO,0.5510930912947778,86.80999755859375,47.8456773842856,5.382632482055861,0.9687698123676918,0.24002284203432686,0.1382360902609762,1.4514393989827845,1,0.0,18.762355465582214,-0.7716892681604675,4.078036227164046,-0.1380452618881515,-2.2356563849430167,1.39201920218754,47.7956204379562
CNC,0.5624542954125253,57.77000045776367,43.270706671856104,5.652027264571348,0.5777759901700319,-1.2364419133371702,1.5232838170797327,0.4500642793244545,0,4.997602693728897,58.70878581173818,-30.66439140186007,3.3989462704247826,-6.26318439622084,-0.83658458434488,1.1909934643962155,47.689781021897815
LSCC,0.6251744657062985,139.35000610351562,102.21831126768805,12.131713319178203,1.3850743488591755,0.342813106282488,1.5500454314298866,1.5931116781136518,1,0.0,31.74814269253645,-3.618334518883364,5.326259238375516,-1.5263857587109906,-3.7004410764163636,1.1555529850832718,47.66423357664233
VVX,0.6197448468235011,71.80000305175781,24.413878294578552,2.8196690676651475,0.7114328020956114,-0.7916014322053796,0.1183831209731285,2.270201690123594,0,10.586235721224782,2.454339577252114,-6.485548419536418,4.403898550612439,-8.371614991594884,2.8006734345241844,0.9661466516717673,47.59367396593674
FTNT,0.5790408820914769,129.4600067138672,48.36177216482555,22.778987970800745,0.930261258203125,-0.7725782004919187,0.18537789427400017,0.9191987874932342,0,0.7878105255753908,61.340989730644516,-1.8728798723242168,4.310763015688979,-0.6903911416566877,0.1078150019942502,1.4707159363401856,47.57299270072993
SNEX,0.6484083309253673,112.41999816894531,84.94817277772422,1.2318543519526723,0.806271337024422,-0.7235755055316652,1.3253918496881856,0.9962664693241882,0,7.342058412820286,61.30666694311336,-1.0772137626026874,4.646478667022383,-10.365173169899807,2.391403536270934,1.1439580661556366,47.56082725060827
ACMR,0.5867031076540686,71.58999633789062,119.5012889819884,21.136741521262387,1.3219528955154571,-0.6528962311630276,1.5365360521998748,2.472418442490405,0,0.9649294017668045,25.508406712082326,4.2600536769987505,7.31387225354419,-1.5132838995117408,2.6733553997762964,1.5306126831121598,47.49513381995133
FANG,0.5535650659586111,200.97000122070312,22.742296733626134,0.32028444202981543,0.5670119868868038,-0.8222486045821286,0.4328980006462515,1.104643084643313,0,8.026911865066987,14.39953138012458,-5.133184061061437,3.3578449634885583,-5.796772161864654,-7.382238343917888,0.962448081594257,47.42822384428224
KEYS,0.5755767165371399,337.54998779296875,80.02338786836796,-3.7081858251061792,1.9845239797562,1.0067524281433666,0.14220441525274488,1.717130293377747,0,18.533438836897158,11.964301277724422,-0.9753859390844409,3.750897665129118,-8.813399358618568,0.049255837482187814,1.2420430121455412,47.33090024330901
BAP,0.5847244326880218,344.0,24.1649701883254,7.05180703043539,1.4168740431409246,0.19051083495103832,0.5145316900193981,0.7296540016330534,1,28.466213800500533,9.195548051635544,-0.21021186095244662,3.789353531375607,-9.102324233101665,4.01942060210335,1.1629817198166914,47.1654501216545
NVTS,0.6162652401210752,24.3799991607666,200.20721090357645,29.182669145018895,1.0413735027129885,0.8842981726327953,3.3634193206158964,0.9844203721022855,1,0.0,59.03456804637967,10.85899623943261,11.956522273649506,-3.2539745131526048,16.420661510618483,1.8696342610758263,47.16423357664234
VPG,0.6028531628362632,104.04000091552734,230.31930979705325,36.18870838216381,1.9757550595668714,0.682226729140161,2.273162094324663,1.7973882450100696,0,2.373506133920455,4.457833844761865,-4.550955548896378,8.653608562261523,-3.6666658189222123,6.335466103602341,2.289565391418349,47.06812652068127
KZIA,0.670599578384782,13.170000076293945,115.48544645924036,-0.09861193473856864,1.0155449341575598,-0.11815238692488067,3.2649985015348144,3.720575309357514,0,11.742165649981281,14.223767399497596,-15.397637016365634,7.940123280637145,-24.310342728332312,7.398266992865123,0.9825455336179229,46.94647201946472
SKM,0.5687818380491383,39.08000183105469,84.01420430157884,3.6426137961155987,1.2076457481625944,0.07495105293340995,1.15147627212516,0.1663219643343783,0,2.6158650986372978,24.063497875600167,1.4488915972367142,4.336342550539158,-3.482340797548412,-0.8258767223694523,1.3593305402123554,46.899026763990264
ATEX,0.6215056323711097,60.0,163.4647869665143,13.526707927854833,1.1340536641044556,0.31818175106122426,4.716663360517092,0.16666412353237853,0,0.950610673913263,74.21603481925376,-9.321264390669569,5.519285202026367,-5.377700450345454,1.7023467619354162,1.365339730242426,46.777372262773724
PTEN,0.6452109584491206,12.210000038146973,103.20719409074293,1.407749389242016,0.8020856069909644,-0.28273868665341256,1.3104000565039102,2.702702069189424,0,5.094946654461249,51.22624109975757,-9.694792552286158,4.627353965733624,-6.651375310146521,-9.368636505000698,1.0147170169806694,46.76642335766424
RIOT,0.629413164818251,24.469999313354492,62.37764133127064,13.039758467548367,0.7985508578018844,-0.825759254338252,1.2259957205360206,1.1033938100900775,0,2.9435720808095427,27.18295012568261,5.3267400443107435,6.399966042089125,-5.375101562785394,4.794058190292798,1.2125429724363201,46.67031630170316
CPIX,0.6716748317893991,5.510000228881836,166.53505991537128,17.709894879549235,0.1358080335957661,-0.10048078114425336,2.901991015203929,1.2704204853159893,0,0.12653345693464244,41.2820536854346,-7.435896274031925,6.676042609286448,-12.121208201521574,9.090908384242665,1.2103687377621564,46.62408759124087
ECO,0.5665933274574844,55.97999954223633,32.303385842371625,1.1976308155879318,1.1644993356947693,-0.02223341694876892,1.752232616639117,0.1607719780675931,0,3.1228778407541107,10.654278263065342,-9.23472812286412,4.028978810517883,-4.225836079418813,-0.042150595240604535,1.1074206147471275,46.593673965936745
CIEN,0.6384534822155624,587.22998046875,200.86634841032387,7.976460204299009,0.8251050111562127,-0.488969421795169,0.4759709208097016,0.21967169086153301,0,0.3123905352267038,116.434455482623,-2.2739249896367117,6.202670620960028,-1.9387559057573605,-13.3284294547595,1.10042477172063,46.470802919708035
HSHP,0.6398546957655542,15.119999885559082,74.67086447092284,1.864935081547792,1.050120285488212,0.10367389109964792,0.727517269688259,0.0,0,10.424842908919342,54.46398325272688,-2.0194482509459473,4.84456687389784,-8.534628785773972,2.496016324506235,1.2110206293681667,46.45498783454988
DD,0.5802185240912543,47.150001525878906,10.274488646305047,-1.4270393718493293,1.061290782634282,-0.9262687661979604,1.0286251960730346,1.940616937214153,0,27.84032724097183,15.189197344593175,1.5311576533062345,3.685122720293589,-9.747323765641292,4.327030413989872,1.0300105492244405,46.380778588807786
FCEL,0.6146955338762756,26.3799991607666,272.5121146336691,67.64107179569268,2.360367450958253,3.831464373019758,1.9711920935817375,0.6444279063523701,1,0.0,177.9768155450503,-6.820048631344043,11.932742842306316,-1.9330872309237308,4.50070556409676,2.6605113521545585,46.31995133819951
REX,0.606365014342834,48.529998779296875,38.40113895533326,-1.005653191754449,0.7081338171186362,-0.3119002454337211,1.5145283923847366,1.2260404305788437,0,7.92440455930332,43.11412266953865,-4.189045746202891,3.813546360784781,-9.051727465736152,-2.975290745552097,0.9386278439616599,46.243309002433094
AMAT,0.6062042067145975,427.3599853515625,77.28548543712652,2.862187427498038,1.2479940899566186,-0.508160021861754,0.8447248204958735,0.6027678907294318,0,7.974310281990517,66.87843059746797,2.33220602171353,4.766490104209364,-4.702871285838054,0.45575129465088043,1.243527440118147,46.09124087591241
IESC,0.6154122569387565,647.8400268554688,67.65909980362399,-0.3224135815716692,0.88590525838911,0.1942136428471667,2.2042241293266063,0.8042048532846034,0,11.077843054091622,70.3542066049939,-9.879392645130505,5.312377905432632,-7.477861245167504,0.13118403008685653,1.003271100162131,46.0316301703163
SATL,0.6284440588000431,9.640000343322754,595.6631680872762,24.26283743084395,0.9164759621081356,-0.17756988083945144,2.0746867439991514,3.609953945269849,0,3.0185807321395566,54.98393356820173,5.139499376241094,10.338617826068946,-5.397441213494967,4.8231466868264725,1.3021427604870706,45.947688564476884
IRDM,0.6156911786237576,45.70000076293945,173.82787501159734,11.345282528695341,0.8701820957077312,-0.2138297782200995,3.4135613402980485,1.6192596632311456,1,0.0,169.820516134016,4.544345459169015,5.464207330545849,-3.3008836520630074,-3.5278931905210857,1.1995662291312954,45.93065693430657
HUN,0.6684147904090049,14.380000114440918,63.389126271571584,1.1074004404898299,0.9555176917401512,-0.9435066294867405,1.2169693277467504,2.5730172641777975,0,5.65571376584492,38.13641042112381,-6.051658178753359,4.805782843774364,-9.559745537492411,-2.4918636000310794,0.8754480007188068,45.845498783454985
VSH,0.5844547317724454,42.16999816894531,230.77187365536113,25.764212209527926,1.6055307044941962,1.5938052564195702,1.4702460836811446,0.6402667049582706,1,0.0,9.532462776233736,-6.0007295798266505,5.850468306156484,-1.4489430551579154,-0.5172422675623037,1.7811795334173774,45.74209245742093
TWST,0.6647042955933009,58.834999084472656,113.1280789041307,4.604387300744615,1.3078688114413703,1.3233143581640592,0.8243403040543554,1.3852340512868093,0,9.582203346466764,2.482144645224138,0.6796902660086561,6.647526783649916,-10.937025039401963,5.121642113887467,1.1791315337819865,45.688564476885645
BB,0.6044531069971003,6.650000095367432,41.49077903562019,12.960763293648753,1.3706409192765296,1.3890124054694117,1.2030063540864415,1.0526341450673753,1,0.0,20.90909263924256,-2.466795348894761,6.799141553815293,-1.1887061436469528,5.7142870750449415,1.4477403534287046,45.67761557177616
CVEO,0.585376108924844,34.20000076293945,49.001785493374975,5.756299270322564,0.9828262882450431,0.05763562055111231,0.0,0.9064255896760449,0,3.6029782079028676,19.122263508690786,-2.3748388148848916,5.060569471826175,-6.301367772595983,4.548563386017115,1.3928058073511644,45.67761557177616
TFIN,0.5538747518576355,66.66000366210938,17.828036020744676,1.253138335948715,0.8256783683042481,-0.9876281112310641,0.43503340863645806,1.0351071159453107,0,24.066223217350093,-0.980386268117857,-0.5347602673472575,3.452915608391123,-14.362786744114315,2.819609174518253,1.0579979093635612,45.65815085158151
PL,0.6168005146403205,42.47999954223633,257.84398988143477,8.95520243553304,0.6475285460314602,-0.6398777307810464,2.6836144112669804,2.41525656213398,0,1.0492791561464125,25.569013428150555,3.447374414280725,9.243005416508412,-7.208386467849415,2.4764192408214014,1.1014234077394602,45.61678832116789
FCX,0.663549957491378,62.310001373291016,43.34663899492308,2.434696081613872,0.7920058181429369,-1.2037320255303672,1.2840609878714788,1.187613002961865,0,29.103677032669157,-4.119136230042335,6.018218592108799,4.596843478672534,-12.202338591427022,9.896000452596908,1.204165013661818,45.615571776155726
GHM,0.6595716815411009,92.62000274658203,54.17477048026835,-3.588620413132937,1.3429768482436344,1.7465353036275375,1.9704134032643736,0.7125930064028262,0,24.50440564180357,-5.797393171151803,2.4590179952622466,5.591587957917667,-10.538004598905838,5.5080329036992195,1.1371054419612363,45.49391727493918
NOVT,0.5855354447862388,154.8800048828125,42.419731519659784,9.975399107937694,0.9708418695207405,-1.0992585966178334,0.3938536874460789,1.7723366675038095,0,5.5732575332103105,-2.707454923341103,2.6236696594817057,5.206564780774828,-6.450829205851467,5.526083336551299,1.3178178460479306,45.48905109489051
CRGY,0.6109123066388926,13.100000381469727,35.58310255970445,0.7557558585084336,1.058551835271656,-0.08009759911676574,0.1435097805376713,0.38168083416068427,0,14.796961791305332,16.048339301317387,-5.9055130040964166,3.9723292896165274,-7.476049257488017,-4.351474498050583,0.953174877081238,45.4367396593674
KLAC,0.6141350303543417,1842.1800537109375,51.2902115730582,1.8709998504678071,0.9606480627390892,-0.529563363816393,1.775061511260711,0.5352346168169027,0,5.334841558539424,29.342139591182807,3.5848337102013037,4.399439525845162,-4.8896904379646635,-1.1849842591112094,1.0956829505406578,45.34428223844283
AESI,0.6151468319782957,19.469999313354492,101.97773031246535,6.405067551224378,0.6450764683789126,-0.14195658533021738,0.6676896011534942,2.259880031863124,0,0.7243729319262215,73.22063798125322,-7.883292999505922,5.567170057539122,-3.2786879031056455,-2.4999994579501914,1.1534523113307649,45.326034063260344
NPO,0.5842439457754708,302.8599853515625,36.76073722724,0.4209301931401798,0.8781237673073838,-0.714614593986904,0.974051492341291,2.3938454568569694,0,7.726335296051648,22.14065863485219,-0.9592039010219943,4.462929350224098,-7.376605549046966,1.5324802825558792,1.0462954045657697,45.27493917274939
OPLN,0.6038239689864967,35.04999923706055,25.04939373194017,1.9102704129622547,0.7855805294807583,0.008261739015795641,0.2567764751622594,1.6547841473984046,0,10.888888475912426,-0.8767007011631568,0.6948809678074781,4.332588185937507,-9.008310434517835,4.159260971056736,1.1094093823141018,45.14355231143553
TH,0.5876342847586838,18.219999313354492,167.5792195913417,11.62505394601063,0.6911899259439042,-0.14233055648672652,0.7683935360347205,0.6037355350771024,0,4.434674330122587,43.917847808187375,-3.8571425843889706,4.943547174181539,-3.750665506273955,-1.211449973451482,1.4813765150656317,45.09489051094891
IIPR,0.5868624865231447,56.38999938964844,14.846325385611813,1.4153896850230303,0.6659531591202212,-0.6876219315595571,1.719989446807947,0.7588264343032599,0,5.910764972202022,14.591890373257549,-2.3391845268927387,3.983458015908988,-8.152131331079431,0.3350729288894511,0.8052394343104775,45.08759124087591
TTMI,0.6219572916242202,174.5500030517578,162.41588017215363,9.88976511784628,1.006416123574161,-0.3044412557594976,2.366025780040118,1.5067343665514459,0,0.0,80.91832190883157,-18.98030252962872,6.753279415740933,-3.0277760823399498,0.13621634480882594,1.2571060492973039,44.95133819951338
EZPW,0.6302904999268162,33.439998626708984,73.7596866643375,1.5734119933120023,0.8616179197843239,-0.5508827330868796,0.10466461976199927,1.3755954047542718,0,2.214781381529205,58.935347771022165,-3.3091687745843923,4.49098446099106,-9.938061769881276,1.2605038955183234,1.1530364540477618,44.907542579075425
YOU,0.6250049612880537,61.099998474121094,63.67192539402726,6.767782041383239,0.7424762952720194,-0.5741473637598976,1.1783980992999494,1.7184930659009576,0,0.6224991118282369,32.3717639588521,0.669768577385795,5.83937318163045,-1.8000686669728965,-8.372404383265517,1.0492260411382577,44.87469586374696
FTK,0.5989683609426082,20.530000686645508,28.425832518966175,14.917440109358814,0.8527505936175162,-0.9175554594099542,2.045786956776343,1.5099827353095683,0,0.0,11.81917213527915,0.17720428885381687,6.363510947332693,-2.004773560757466,4.684796589667865,1.2214301179182188,44.791970802919714
ATS,0.5512031053142977,32.9900016784668,19.649610725152144,0.24156832001973796,0.6216702371303077,-1.4045384967753558,0.0606142529506214,1.2731190126128131,0,10.06190881682815,17.947810111443182,4.558821285338114,3.4794095146933235,-7.591033687623964,-6.917392271239911,0.9217196818569567,44.7749391727494
SCCO,0.6557883815153781,179.1199951171875,35.21945571354315,1.7735411159440932,0.7797758866438331,-0.48066805566080856,1.5129560002941396,1.161233747065622,0,49.31018760488011,-11.413105203639015,5.794230743696986,4.9346279798325465,-18.772819373031126,13.175712690256342,1.0749519339465412,44.682481751824824
DCO,0.6154702753504754,142.9199981689453,48.00335304424961,0.21105197619970933,0.7980229910590287,-0.24251852889371747,0.15393312588873873,1.9801300498825571,0,11.153167038991699,3.4602568411625922,0.8591861936680603,4.806385923185806,-8.57216512752277,3.3898341112836796,1.210407885509277,44.67153284671533
TALO,0.6278593553511687,15.880000114440918,35.66811199183719,1.5182994933499239,0.990008952761483,0.06293106433372621,0.0,2.833751926913271,0,13.806656768683522,2.5839831008222607,-4.530535487534191,4.13952860846624,-6.862165248710694,-6.180192887444534,0.9528565971959954,44.62287104622872
MTSI,0.5882006116956567,380.45001220703125,127.29595338078059,14.969104197243393,1.253061611019048,-0.6098273623628269,0.08410482228231883,0.7596305837039193,0,2.165506473566271,92.58415911359317,0.9810156838215579,5.894898915044928,-5.183797580789261,1.644575875939994,1.4453080307311883,44.46350364963504
XMAX,0.5560590278197735,8.600000381469727,38.78309462044529,6.442234327975667,1.4419967899123451,4.43637922586174,2.69999602973965,4.767434329546025,0,0.0,3.3653929913728153,-11.46408770484293,3.9137873386844912,-2.629012788820158,-0.1605096631213138,1.749322141642968,44.394160583941606
ENS,0.5959206831161075,238.91000366210938,64.25307843335399,7.623420536038172,1.6831268468277223,1.817230918764213,2.256079405217773,2.540791760664929,0,0.5689034872661323,50.203347925616114,-2.627522317067484,4.428744913273251,-2.206303447521628,-1.282446366960882,1.5527338432607103,44.338199513382
ASX,0.6123431834095251,32.63999938964844,117.18541632735541,-0.3282707329148459,1.3014007749372227,0.022677070197332158,0.9191153267806081,0.03063795670505149,0,8.34444916966033,56.24700977856406,-5.367327776184757,4.532123564938844,-8.597031009371097,1.0958893848753033,1.4218740830557925,44.21897810218978
CRUS,0.5786094274594982,166.6199951171875,31.08686531228868,0.3052120684215114,0.9294519761031153,-0.6644697085974918,1.2243479802498187,0.005998383824731336,0,11.689911770145454,23.504551622623005,5.630458807328934,4.04941930411526,-6.91620384510801,1.0119739448616136,1.1414368648186548,44.17396593673966
VOXR,0.6347115381793198,6.03000020980835,34.05567894900936,4.510597267518798,1.0571881529315534,-0.6750139200841337,1.9900477838125232,1.8242144223682915,0,9.695425940556298,17.090763060938315,3.3834642731925797,5.23927887719121,-9.999994304929292,10.855256039254543,1.1603118233218135,44.15936739659367
CENX,0.6700281672052281,60.459999084472656,109.03734642442761,0.6065337270273615,0.8380569041010931,-0.6512573101336518,1.819388530362496,1.1081676795894955,0,15.789103516513203,31.32058619001646,0.7182233386337931,6.567505928320141,-11.981370016450521,4.701221898633213,1.2027262691194969,44.14841849148418
CMI,0.6092024393478918,638.780029296875,25.292460700408338,-5.48445188747965,1.2188839286648354,1.7124123837509795,0.5322684270201261,1.206991705913355,0,17.9759432046788,18.547584877286656,-2.1433055647942254,3.9090147523619985,-11.043335826867407,2.3105758051223417,1.1273763682516602,44.08029197080292
JXN,0.5890186192073903,108.19999694824219,7.144324022012261,-3.1359968523472235,0.800001579670057,-0.8001631712786332,0.5961222649234603,0.5683899086041875,0,59.001257639032936,1.3448243285935477,-2.0899427559758417,3.953658830671859,-11.70759493161913,2.9714765697756755,0.8737000807006655,43.91970802919708
SDRL,0.5633130538726073,51.630001068115234,51.161711729536165,2.5697084366256537,1.1597850529237894,-0.8403173424924478,0.38737315281423157,0.21305560347424482,0,3.5951976703763973,28.43283603971674,-4.1282425724454965,3.661216870564541,-6.922661020395754,-2.887754350477854,1.2618647638299119,43.88807785888078
TK,0.5557271930832315,13.489999771118164,15.438286906538789,-0.08517731763815709,1.4865160539251119,1.2813960441736212,0.7412856151568972,0.07413068236298219,0,6.8191195012103325,-4.6643100011194125,-6.200315879488504,4.198877708208375,-6.1891539372596505,3.1355921995513443,1.1338741978130231,43.838199513381994
VISN,0.5749636825257806,11.899999618530273,33.13165900241633,4.152274372933882,0.9642494403788394,-0.24897077003687018,0.37815191372015855,0.8403393669492727,0,13.221107337337143,-6.994923426002497,-37.42673884775829,3.707083309167096,-9.984876109956057,0.563073212327788,1.1332673742571617,43.75912408759124
MGNX,0.641860286474569,4.239999771118164,162.16428816914828,21.83907404337681,1.2325998271124945,-0.2208849323162562,2.122633976128059,0.11791598755822837,0,3.786464481973486,23.61515126413983,3.1446585195099006,8.237870839716065,-8.522123800924643,10.77844024668414,1.4435060603519112,43.72506082725061
ETON,0.6254928311551794,35.0,90.32798395382933,19.86096123725413,1.1576148824220458,1.4324064172676065,1.871425083651888,1.600003923642902,1,0.0,98.30028756641678,-5.006537049220734,5.388774871826172,-1.8370461413641404,-5.140963500717987,1.2861810741444561,43.68734793187348
RILY,0.6344815716223909,10.15999984741211,88.42692097247505,16.307021292778415,1.0269039154237751,-0.1411694616234084,0.2952729667203688,1.6732197357876712,1,0.0,77.62238145633692,-11.55844630198904,7.480313302936261,-7.3837775736194,11.111107002550915,1.4938813518530139,43.65693430656935
TSAT,0.6397918049934801,52.15999984741211,100.87326081786918,3.539313570609104,1.0752680491167366,-0.22110566441913349,0.07668887201609433,0.8339750279049478,0,8.430565634190124,90.43446881645681,-1.4471796121201723,6.775171185219402,-6.573530115013275,-15.560648122747805,0.8895302554851782,43.64476885644769
TWN,0.6570194351246323,90.23999786376953,75.97515909697177,-2.765433458509332,1.8285679839396098,1.977982530861616,3.0362353130222144,0.5319186262093111,0,12.995245641838348,43.831679071030024,-9.082505808999205,4.032887802593374,-9.551968627698306,-5.83265669704176,1.119563260554989,43.62165450121655
KOS,0.6576742422403707,3.119999885559082,114.576838018295,2.953304030908242,0.6448964167832208,-0.16688511245215998,1.9230828006308622,4.967947981585138,0,2.9523397906887014,55.22387561244505,-7.317074789112525,6.559065104824051,-6.586827371194026,-32.338313339704996,0.952506510280305,43.58759124087591
TER,0.6517295103115056,353.44000244140625,102.97386254905454,-0.5735913770018202,1.1029218344260008,0.07803374397546434,1.706088370763713,0.5771866599209575,0,18.892454610419243,15.37884566774961,14.344494978517675,5.834896804952382,-16.268267819535335,0.6357770032906687,0.9831954059220569,43.57177615571777
DY,0.6393825051638496,414.42999267578125,26.755210217192026,-2.7271532952296593,0.9246937417983735,-0.2893338045331387,1.9508776187832169,1.6914748864506144,0,20.06607636903421,20.340898658330158,0.06033546429752918,4.879939672814393,-10.840758541871741,4.022348896191685,1.057864561945449,43.504866180048666
THR,0.6343375638374269,65.04000091552734,79.9512608103171,2.4090692800949536,1.2164342006723539,-0.3315779797694502,1.2146385368924497,0.4612592981707332,0,11.497242503953913,28.843109162115415,-11.873501053743098,4.923344845963502,-8.702971833338987,-1.4060499929851027,1.0494713777151488,43.44525547445255
BSAC,0.5778227811622939,31.510000228881836,0.11436559849722361,2.1023230748978117,1.1141807660117766,-1.1163021840868304,1.2059636877001272,0.047601997902282304,0,43.847431364659755,-0.01141494404976766,-0.3875283236831041,3.2608682963110223,-12.311170480970562,3.9270277139281933,1.025431532515419,43.36496350364964
AVGO,0.596720418581017,414.57000732421875,9.08177492703568,-1.1801538753084546,0.8034845109323164,-0.6547322710191791,1.850105597277171,0.7356990952256993,0,9.8213523998425,22.292455902783225,0.5977067559714656,4.049290579553089,-6.282208822571291,7.5065161709691814,1.2309127058179303,43.284671532846716
FN,0.6401228058702492,703.27001953125,58.6832420307889,3.6290142633677727,1.130870826662385,-0.5230934194875366,0.0184857706431119,0.8943988635664507,0,4.73081040757043,56.79442209989889,0.8688032777279907,7.747584228411621,-6.091681585385092,4.558202589023557,1.2077936932375408,43.20559610705597
CYRX,0.611537354919308,14.220000267028809,56.32710223543498,16.849502371367624,1.512416324722154,2.2376305713156337,0.5625873572303691,0.8087184876973667,0,0.0,16.653000462327718,-0.8849572458591175,5.814245324445046,-0.9749261349988266,-1.3732790701663788,1.2365166067693225,43.19586374695864
RLAY,0.6600238167417283,13.65999984741211,96.67064035155215,4.887317413484075,2.2205409344233136,3.4557627663206496,4.39238238985161,0.9882886557830298,0,13.270469071451416,13.173158182746041,14.115308765815197,7.761451382616334,-21.13163921298752,8.055554352905332,1.1008782370959482,43.14598540145985
BW,0.6294721431468425,20.540000915527344,195.71181067585857,19.04486449448299,1.2896514845251421,-0.5437424718777049,0.29211033722060226,0.0,0,3.6417443419260747,74.06780154897189,0.0,9.958616254048106,-6.763503062229864,3.997290944436618,1.356039868026253,42.91727493917274
SYRE,0.6051549361505922,74.31999969482422,195.2213574779707,2.614020772420467,1.0412980117209223,-0.26962636574044674,0.14800943326395496,0.0,0,7.307198984628907,17.464831921824313,-7.524551191708789,5.865562688306866,-5.685283227634094,-3.759039453622712,1.1538782210451308,42.88199513381995
CLYM,0.636250672515108,10.90999984741211,458.043811361906,4.954303678509006,0.8915146314644606,-0.17620379571481135,1.1906505998403065,1.1915684348963467,0,6.2558409958929015,186.35170628347382,1.5521101574527312,8.36709426208484,-12.580126220237704,2.864939158309664,1.118731462998286,42.805352798053526
GRDN,0.6109265618034416,38.369998931884766,24.317224404158356,4.385437019981737,0.8036759397616479,0.44523897554995134,0.02606759580046921,2.7453691989066242,0,7.419929153905761,11.573130598305847,-0.3516290211579822,4.385569056227054,-7.229210914581488,-1.1936781435465855,0.9340374027511071,42.779805352798064
PPIH,0.5934970937757367,31.350000381469727,20.69957084142302,-3.415128925183062,1.2911600940216885,-0.14864065944155297,0.5103663332061009,1.7862821662213535,0,57.53334653394055,-3.8048473926799,-4.735998535004698,5.167462817762041,-14.624184805471884,3.544652045273304,0.900427041095305,42.69221411192214
BE,0.603981403788995,307.8800048828125,180.14247056060205,12.220184402807194,1.0242732337192602,0.33779056573643473,3.4461430373065274,0.5326798175985503,0,0.0,152.69206675570047,-19.274309304818974,8.681281641404897,-3.3313402859918324,1.651909284522948,1.479370796894454,42.681265206812654
GKOS,0.5844936267923957,139.02999877929688,38.552846230971085,3.124594387309349,1.2191287237793849,1.0475255549242637,-0.11148585244671756,3.6479185026961547,0,8.774657957880239,-3.229623058921352,-18.863237283097842,4.249427213328757,-6.130579834970828,-0.34999086934852014,1.1431326250424092,42.6800486618005
SB,0.5590052190748453,6.840000152587891,30.733871675363655,-0.9198215329845242,1.1377519681257178,-0.580838525139344,0.877192126202926,0.6842125075335461,0,7.855124596395859,28.352602521373306,-4.01234184011205,3.5263147778484645,-7.3170725393784775,-2.791462594525399,1.139647509191699,42.63260340632604
KLIC,0.6097747913756224,101.08999633789062,173.292367181789,6.4951582063374245,1.2692950287756068,0.23143541421856384,2.1663888819073267,2.186169912464861,0,6.574047388331514,52.72028000723024,-0.9921997419622763,5.795401524408349,-5.532198560979357,-0.2287226332791631,1.362531376659643,42.557177615571774
NKTX,0.6589707087435881,3.0299999713897705,54.24293951558663,3.0086677888683515,0.7986358545775781,-0.5015950717366835,1.485151046336598,0.0,0,15.158781525533428,-12.680116814577733,7.046981098402613,7.192363002080896,-16.986304318038243,7.81893217788351,1.0436356991354614,42.537712895377126
ARWR,0.611577368213327,75.54000091552734,73.49640032108238,0.15977476404815677,0.8358321888839215,-0.4472515961575358,0.22505400619163654,1.8400838930150456,0,5.29077345196478,17.079982711800703,1.2365566533126207,5.760807446697582,-8.16922081948462,2.392425862530181,1.2570357885064878,42.52919708029197
GEV,0.645717217182355,1043.8199462890625,75.19133771571491,-2.3625541868603417,0.945287537159035,-1.104411901113447,0.293147925972588,0.3144437480971375,0,13.909051822251447,44.56710586672529,5.747572196937747,4.45446216638571,-11.686620465252615,-1.337706207820674,1.0666948707053445,42.52919708029197
TVTX,0.6254324530743403,44.7400016784668,11.117403327113728,4.138546126610504,0.6657265109746183,-0.3352552603404878,0.4246728197960335,0.3352738494593055,0,3.1844919169809227,53.69289158317727,-3.184711530494042,5.1212558570515885,-7.9613225328391195,5.30382952317283,0.9935820259659008,42.52189781021898
AMD,0.6015447523841604,449.5899963378906,82.0673812956403,12.422513076446792,0.8163438304760428,-0.7416532164689361,0.340309791533617,2.306544896824358,0,2.936267840171421,124.58164286612445,-16.100614359511383,6.754568271921628,-4.183539668322337,2.6216838691387094,1.7219140742788357,42.51094890510949
KNSA,0.6011809136608904,53.650001525878906,16.805713697923963,-2.2180879126886603,0.7565030994340192,0.43287903543167877,3.028890873723214,0.8014916923354589,0,14.30720700155255,-0.3713963860826976,-24.92450576572816,4.155237726990226,-10.389172401654086,2.504858158039449,1.034035795732001,42.48783454987834
HBM,0.6532828329539137,24.739999771118164,50.62321325195151,1.5703569480054518,0.8869269110524314,-0.9252388954570342,1.9805973145981635,0.5254614469039319,0,34.996429952762476,-8.035301541086143,3.7885088677427436,5.915810679070858,-13.891091119996688,11.683700760801994,1.1892362045016098,42.468369829683695
ACA,0.6150020384419365,119.1500015258789,7.947846098550393,-4.223336301471789,0.7479340802019565,-0.7273780914583592,0.06714379356230221,1.8631986506540812,0,27.184466019417474,10.906374505427136,-5.225059199334139,4.101732314813521,-12.118306596224944,5.864759442170427,1.0177448294567786,42.44647201946472
GLSI,0.6267867180254967,27.190000534057617,216.8153646892602,11.261154102352453,0.783799474499961,-0.400987071351068,1.2504602644251848,2.9422553193004255,0,17.979221060512245,15.407475170823236,0.21123462989976888,6.521831936122571,-20.263924484058027,-0.5269077578139378,0.9575689132309693,42.416058394160586
IPGP,0.6509834505055164,120.5199966430664,45.85795468717897,8.997835171042299,1.1692900105030788,0.25257328199102974,1.9415898045499675,0.87952006978913,0,36.62555603894549,32.67283300458381,3.7552601823341227,7.108483085888507,-22.654350546574005,3.2523008451121935,0.8357255110512586,42.26642335766423
WATT,0.6733075092330518,28.84000015258789,317.2873966123292,3.4340535281887545,0.6265042150818969,-0.022281387360557722,0.6588090604915612,2.6113017944440946,0,6.16854704795079,455.6840044328731,-50.91841973869601,12.49259494666746,-22.011896944810132,6.900372002850778,1.1205792934593646,42.23114355231144
CGNX,0.6038127004725774,64.2699966430664,66.08015905130355,5.867425797276906,0.8468855034650509,0.0026700879068092486,0.2489554542775085,0.29563163424218347,0,7.984128910516652,9.707316818893998,-2.6062844494543276,5.167929784400446,-10.611967622782483,2.1965144335993347,1.2406191011306589,42.21897810218979
ENLT,0.6410257729737063,91.55000305175781,131.16841744211516,2.407216155408444,1.1858824265002454,-0.4239846432749116,1.2124528381630952,0.0,0,3.9040103076179737,30.72969391299725,-3.211113305160154,5.55824320187457,-4.635413487703993,-11.40949438216794,1.195938202876045,42.11313868613139
SATS,0.6310766163632182,128.44000244140625,71.00940347324487,0.7597798805160243,0.9806239787372448,0.5525938420212031,1.5727220757152562,0.26471218578735445,0,15.111243834318017,16.93372789828653,-1.3331161877226179,5.795924256477721,-12.774191890299496,3.949010780072086,1.237003891739693,41.86496350364964
EC,0.6259418685104065,13.859999656677246,23.95899249474047,3.022712715506502,0.9529650277705738,-0.5313257479674725,0.4689724530209249,2.308800163981003,0,17.179165254869382,34.458089947334244,-3.002527710285793,3.9759830358025687,-6.8606566754230105,-8.185842471242015,0.9937843514743967,41.839416058394164
NVCR,0.6498105787820887,17.899999618530273,43.17149788875931,10.114880156441702,0.8948423591710145,-0.3747002314082913,1.4988883566181697,0.9497211168008193,0,3.1946343680796048,42.85714285372249,-20.810165636196885,5.268673959598762,-10.767696434746437,4.437396758923981,1.229027671909006,41.82116788321168
ATRO,0.6029096183952481,79.88999938964844,47.94064759357828,4.776518514917439,1.0590861031539418,0.18126261419396789,0.31918544919630776,0.8887208535337221,0,8.953238858794537,45.81127587926305,1.9634769589507204,5.910806711444299,-7.395383681003981,5.383252233809756,1.419322617163607,41.784671532846716
MPWR,0.605925089850197,1561.25,69.69731275635647,-1.1333014756016309,1.1185539545125818,-0.43249481340554197,0.07942291333061366,1.2678971302033513,0,12.594214660482999,67.21807829998771,-1.3968351131171592,4.895276153958881,-6.814413159126022,-0.3921382330948028,1.2381613584855533,41.71897810218979
EE,0.5800441254559887,35.290000915527344,17.207153825084198,1.2633572721803352,0.5443484483406659,-1.212679590143729,0.45338578423549075,0.0,0,37.46417693444554,-0.9862139398126799,-4.74189737151802,4.120326189163376,-17.899399305226343,2.4571426073980893,0.9971191076796327,41.716545012165454
CORZ,0.6030994497804649,24.81999969482422,47.69509207249059,10.687446773068826,0.7843768108106856,0.31511063715554166,0.9669612170001044,0.0,0,1.19235307377674,0.7714191657487223,3.8923569759293035,7.023424445917081,-1.3905458100711914,1.1487335158957703,1.2442248128133033,41.71289537712895
PUMP,0.6356312169793413,17.440000534057617,62.82348367792396,3.1433916819574215,1.549256320976651,1.8081214982536633,0.11467058372411337,3.1823411017684795,0,4.595033227835294,4.996989121955952,-1.7825266690593078,5.245742131003631,-5.729726842622084,-13.903740821006544,1.0472448760349073,41.693430656934304
MLAB,0.61615142731789,109.11000061035156,41.93185681100522,7.136019532138837,1.2389390633657573,0.13505323297014887,0.9348333217407094,0.39409797705660077,0,0.0,48.99630698914996,-3.1991727815001023,4.551109071642428,-4.6906650933893355,0.3349834344596749,1.2614403049915481,41.676399026763995
EWTX,0.6572752823065784,32.689998626708984,34.35766624705299,-1.0398570793411388,0.8423007782025154,-0.7564476605709421,0.7953568282198809,1.4071554107767623,0,18.230635171804423,-13.996316573553754,0.8645547925476915,6.470960363705053,-18.193194755118654,4.194899150112811,0.9394084503249459,41.675182481751825
ORN,0.6409547438685912,13.720000267028809,38.27449540770949,-3.5466959674507983,1.0899253886231286,0.4058737879921363,0.4373208341439752,2.1865902687621825,0,25.541158294750353,16.074455339248647,-8.785937599750161,5.716368326848054,-13.438486202162627,8.571431081959927,1.1436518488172647,41.51581508515816
AP,0.6559130909303312,10.149999618530273,274.244203401418,-5.250878284595711,0.8450553256978152,-0.6006491218432896,0.0,-0.4926127350650799,0,9.212626773814456,53.091997628951226,-6.32910992691934,10.161858604334565,-17.479679176341065,33.29832353330349,1.287779125655019,41.5
MXL,0.6105782648317888,99.66999816894531,647.6792794103811,21.21838443504962,1.0553191940683027,0.17286110570636137,2.7983352043581022,1.8560242058377099,0,4.350550651982614,65.23540893990618,-106.56934306258192,11.135962070178271,-4.411622347916189,2.6035535145760362,2.3751987308779356,41.416058394160586
VIK,0.6250400548813284,83.9000015258789,30.824520263568544,1.8846859472481874,1.5062268441460127,1.206918353635064,1.048864406916662,1.4779473673457266,0,8.960067634280898,0.9384008102905954,-1.148432040765863,4.567852745855156,-8.804346167427228,1.7638125736006138,1.0996608706807012,41.33211678832117
CDNA,0.615477307991062,21.56999969482422,23.705099196344428,2.2686854715586366,1.142701819949338,-0.17324442382074925,3.1061663687628704,2.688919480227615,0,5.92889371240264,-3.7912594939309217,-3.7387837484041455,4.708256501672691,-7.185886801502909,-1.3411052322963704,0.9108380090336843,41.20559610705597
CTNM,0.6416718702009729,14.369999885559082,11.687575707126197,5.899259134932614,0.5605521588704837,-0.47754763610557965,0.41753945783131396,1.32219611609751,0,18.76734103585911,23.55975704144939,-3.2206088248062628,6.231733152386453,-12.002449768426764,18.424561811510177,0.8622289473606763,41.167883211678834
MYRG,0.6223890688138735,438.9599914550781,84.81904946276124,2.8603142278537432,0.8859746747710745,-0.2095702503914548,1.707443790566376,0.596864217282466,0,10.691624664004843,8.436054964639803,-19.7485615075109,5.3005973856357285,-8.550001780174245,0.8476777220287652,1.262349327382999,41.14476885644768
NEXA,0.6574882961946513,14.1899995803833,117.57131780303236,-3.397102639286878,0.6918350463394849,-0.47266728886171216,0.8456719011523766,0.6342505654895659,0,37.7564570514826,-3.13993208254924,-2.163622012359289,8.816570499303005,-15.985789855978668,13.71037164415115,1.2567228052547306,41.12895377128954
ARM,0.6218903613279808,298.2300109863281,106.0619273443103,34.909689472382404,1.4090450817973852,2.7427640038932255,0.15424049831714293,0.46605742027826413,1,0.0,89.87075640089125,-2.790678215535083,6.786588138809052,-0.154002963379004,-6.877603864367693,1.5110366719430497,41.079075425790755
MRX,0.6210356706414356,54.45000076293945,51.723680707867345,0.5450540337760437,0.6452452151344197,-1.004834445922888,1.7263519072923803,0.8448100606406224,0,7.842668992282539,26.841821272682125,-2.320671313037067,4.438695459288857,-6.8485078163492945,-2.2824507279716175,1.1543396664217447,41.04744525547445
ENPH,0.5844547317724454,62.34000015258789,112.70918353534805,54.00958593105587,1.922004806312609,2.2112855954911588,1.4902163172977152,0.1283253387236601,1,0.0,20.6502851975113,8.849559669121444,7.735116253375307,-1.4683349502761154,0.1384434081180972,1.9544962005765427,40.94403892944039
ELA,0.6236461529940799,23.969999313354492,117.76446721719773,13.02871284072557,0.6979297256086914,-0.2847288097651158,1.251147532374124,1.7521906062067647,0,7.801021854198104,57.38673692212692,4.913605965822193,8.218577248832478,-11.090503978278395,7.5637000885769705,1.4465776417001037,40.84549878345499
MPTI,0.6208849527052722,79.55000305175781,55.62808099493275,9.309519537167105,0.654298443615944,-0.28186664080606566,1.9609029749883407,0.867382042648871,0,2.3157339404961887,3.2312556086423907,-8.992979076671588,6.11743559296485,-8.80431045458315,4.87421155416182,1.3913734673601432,40.838199513381994
RELL,0.6234486883545898,18.420000076293945,73.93836244280425,19.876834657849997,3.3193807291638517,3.9059374265561337,0.9229102908826902,3.2025025406278163,0,0.0,8.608496878233177,-1.838748685367415,7.108712636033175,-7.250757752920426,5.497385479427465,1.8890566718668804,40.652068126520675
STX,0.6293975164045971,810.4600219726562,207.49028791420452,9.921426772080762,0.8263872086614366,-0.2528837046991852,0.1295545448881968,0.0,0,1.7358710787910434,174.66722764299368,-14.638715538253402,5.913396120253376,-3.6668975378189606,-5.38901571832805,1.4963098608524783,40.57420924574209
HUT,0.6154266266374042,105.26000213623047,159.04031165593253,14.627348304953717,0.9770574429211724,-0.35154051125904984,0.16150310231200737,0.7885181311112546,0,5.155048534256401,162.10159993661543,3.7958588182760344,9.943134390505232,-6.235524556148645,3.4428762877008223,1.602282668187218,40.5632603406326
INTC,0.6457689364683595,118.5,232.01874608233,10.54877875087008,1.0920571192369204,-0.1773726151099085,0.7679355798326545,2.877640221165062,0,6.433960955544508,162.92434169237225,-41.47949248811528,8.546113421789057,-10.734463276755298,6.148396813303661,1.963267305657054,40.5316301703163
APGE,0.6272164804623159,82.43000030517578,15.817872337375638,-0.48892367064901404,0.8045645568890802,-0.9339067205595273,0.9826489816633711,6.563148904542766,0,17.2820133788985,17.7235136488128,6.1162096158366435,4.976083849426923,-13.51833584016974,10.59186345698936,1.083559795896334,40.31508515815085
MGTX,0.6516806989094606,9.489999771118164,9.291230836839981,-0.3569940260900413,1.330043967612949,-0.4019664269970915,3.2666009173939874,0.0,0,20.92734699596372,0.10548765151545579,1.0729552688742514,5.118166897517205,-19.915616322197124,4.865558478570516,0.770643168671459,40.31386861313868
CIVB,0.6172495099617917,25.649999618530273,9.725031227551728,3.302321776716899,0.8412070959144842,-0.5074182712391805,0.1559489907239082,0.6237810907813162,0,0.0,18.255176943738167,-1.3860601617655015,3.904889675411585,-8.72922082347047,1.2646686751823428,1.028751916811942,40.19829683698297
OCC,0.6540368678458844,10.84000015258789,48.87250668471488,0.9498988733990771,0.9145954334893087,0.36432393799954665,0.0,1.5968677956087314,0,25.36768455622871,35.83960058045297,20.0310551287424,11.434568089354004,-22.29390465216169,13.523580304498905,0.9839890177383428,40.138686131386855
ECG,0.6326620092300942,150.7100067138672,63.005607254792515,-1.1659893032298214,0.9065413354589951,-0.7569468311714183,0.8161340805100811,0.9289424012316296,0,12.115865102677597,15.841659987159842,-8.14200153712363,6.1381856078862675,-12.161880462058502,1.0851027533455861,1.0376159893536714,40.1021897810219
BELFA,0.6386222916529178,236.10000610351562,84.51723265065635,-3.9843814932959276,1.485882863027426,1.7690290541357665,0.41613644368581043,0.2541321846683973,0,8.931467964314677,0.6865966875469377,0.9600913851274125,5.267820039174103,-14.52155482867123,-5.304940070984465,0.9977281117455032,40.026763990267646
LCUT,0.6364194973973679,8.460000038146973,144.25149200127342,21.438284686779483,0.5511260306666473,0.0841742924155106,0.0,5.023642893241834,1,0.0,144.66203477187221,-2.1180034537544734,11.233535771990095,0.0,-35.43046593214723,1.2297854155185317,40.01338199513382
MITK,0.6200582363386835,15.359999656677246,62.98640054649927,5.487258726315456,1.113655251038329,0.9695827379148495,2.408207758294394,2.148437051176065,0,3.416729803606976,4.418760141403553,0.0,6.082544150522877,-6.796115998794121,2.255638558456082,1.4723057602469956,40.00851581508516
CELC,0.6027919095478685,142.52999877929688,42.44005882750803,9.057102646618057,0.9122581908760361,-0.3975707260171869,0.08418937642205884,1.5505447793378013,0,4.099153122556272,-1.6898862052869477,-6.859810745803623,7.081365695202707,-5.62177542902906,2.807532774703312,1.1912152224783206,39.93187347931874
ESOA,0.6552754734790447,17.649999618530273,74.74253506571822,2.3069781148701565,1.1284127934289456,-0.5182117369630632,0.566574411475188,1.4164306254339363,0,3.1831389228113025,39.512892754991405,-8.073747581955612,6.519628069015486,-11.484457643324365,5.93406761116465,1.5803433178247452,39.92579075425791
IMVT,0.6214562400152085,34.130001068115234,30.90884966996974,19.368013246207227,2.9510949390063685,1.5843698139552005,0.410194507069984,3.9554709830935146,0,9.849230750644816,-4.021373031244131,6.105151846776577,6.344020504935227,-5.939089949841026,7.668228189940261,1.4420724284292485,39.92457420924573
PKE,0.6228935444732707,32.9900016784668,65.56220157875472,-2.0137767358206156,0.8914136018851093,-0.13630249694024107,0.030006483480897087,3.061540117650558,0,15.587009934836022,42.40016887351779,-3.2002413687287943,4.925734407650789,-8.00334323189125,-1.8021316962920093,1.1601729351961776,39.91362530413626
MCHP,0.6128361800073319,91.11000061035156,68.62276395154971,-3.534729593910984,0.9348167082483861,-0.24850887969583732,0.3018346219225503,2.1073407486138205,0,15.449491965885079,44.07555938685609,-2.504417793161569,4.639604209834247,-13.97413137557369,1.641589627616765,1.3279257043791934,39.757907542579076
ASYS,0.6514277317783288,20.950000762939453,180.25700400589068,8.746436065632727,0.8869583123854137,-0.4035026327869716,1.0023822282341908,2.004773560757466,0,7.178680768160311,88.39928936745805,-0.9860793418853887,10.051141002833281,-12.343091642479278,19.563633310455742,1.618227806796107,39.75425790754258
VSTS,0.6172430897092582,11.609999656677246,99.47697575071082,11.484536376869817,1.0562938252549638,-0.8147027990754402,0.6037966095494487,1.5934575802882611,0,7.69777638305771,-3.250002860752116,-2.315792284270007,6.469792702505506,-7.857148370962433,2.133331298543681,1.5760550698410696,39.743309002433094
LIND,0.6372516169074566,19.8799991607666,58.071315535024404,3.633421610120428,0.769363730258692,-0.39512296322696006,1.106646026053328,1.3078482889570275,0,22.69643305551902,17.702781995206294,-0.651824227167219,6.690142799645532,-11.011642680880659,0.33994032428188575,0.9761415628643465,39.71289537712895
TSEM,0.6213723192548728,279.010009765625,175.46071848746107,20.46726173584011,0.7442625255600644,-0.6277867832133021,0.23296436462192008,0.24371622951808175,0,1.1749368886900804,67.99735470184345,-9.82759395802578,7.653848467613152,-1.5698799913858905,-18.854658248454108,1.3440267884464847,39.631386861313864
LAR,0.6678625536254588,9.539999961853027,86.00454860777198,-7.275113996325361,0.7519593130279453,-1.0666712979873831,1.4675088455753567,0.6289252219707494,0,13.651092538515758,52.63999938122603,-12.25165127091341,8.2734360501603,-20.829877086669708,14.958448129370405,1.2543136626850109,39.63017031630171
ELVA,0.6483702883973405,10.3100004196167,111.45835894522243,3.664977910187982,1.664286880803537,-0.79128594173209,1.745871427333056,1.4548943977763786,0,22.044157169375637,48.559082624278375,8.768467221771436,8.576970110087998,-13.215485518250345,11.228070369811078,1.4613448771117152,39.62287104622871
CXDO,0.5736104986497513,9.600000381469727,41.92847860465307,11.352766370732457,1.3999902879619237,0.43040919900496444,1.6145804874573941,3.5406250337796776,0,14.426847397314793,-1.4373654304305157,0.7587282180508136,7.571352078804148,-3.030295440302057,3.5346063686474714,1.5893743752642258,39.613138686131386
CABA,0.6595912114323623,3.690000057220459,44.53193680867431,7.470512685192339,0.9716355625333523,0.15899567345514154,1.3550122365146295,1.3550122365146295,0,17.092276579252008,25.510203576457226,1.9672112687838799,10.160664490568731,-12.765956484407914,9.17431051909486,1.0223576024204875,39.613138686131386
FIX,0.6405731595347246,1835.3299560546875,86.2992301125213,-3.134634457082882,1.1603241907170185,-0.3126053298098736,2.0432293319393833,0.8352697564874466,0,9.946518006405482,95.2721356893433,-3.7397584044619965,4.9958617359196795,-11.472610962971999,-1.1141810629040445,1.1606324352401776,39.577858880778585
SRRK,0.6088513794112462,47.720001220703125,6.7240596630740335,0.07077823884290357,0.6708148800821815,-0.436111394159986,0.9325223877442658,2.9756956146027074,0,26.438120431569285,-2.9292079559587245,1.8323482313695592,5.080378606524151,-7.564162284205779,7.850855409011162,1.072112387613449,39.463503649635044
AGRO,0.6869489605913113,13.619999885559082,61.866421917729994,0.5066988103327886,0.3780590445006309,-0.5036351448526292,1.2481650345805813,0.7342171975229757,0,29.65536809826048,92.70130045979268,-6.1793483973272645,5.669707391331117,-13.533018336390448,-31.818177585919273,0.7695857723442829,39.37591240875913
TRVI,0.6352849372769203,14.15999984741211,12.038553884775038,-0.5338593234888059,0.7310837235459658,-0.7908300912581331,2.2598848746464024,0.8474568279924007,0,19.802477154962432,-7.025605560831469,3.0302985495898564,5.945824120671284,-12.158814451978097,10.469012092336959,0.9722052322811581,39.278588807785894
DGII,0.6202386987143165,64.05000305175781,53.07373737014351,6.3803335892575195,1.0524809458271245,-0.07449576483095376,0.39032004384773517,0.6088983154726723,0,3.561027449304911,46.032836662069734,0.4087427410008263,5.268206004499122,-8.250959329885209,1.6831652952559648,1.381791306744012,39.237226277372265
RLMD,0.6415385598258135,7.210000038146973,55.692081550933416,-1.0634643134462072,1.0767538190468124,-0.16324407410624964,1.8030528950773557,1.6643534661239672,0,13.380162713951577,0.5578795177380789,-3.7241376674382383,7.047751419452661,-9.874999521928467,1.7405083941332045,1.0698997635744,39.20316301703163
AEHR,0.645888946553961,91.30000305175781,349.35230634977177,-0.9224062139815374,0.789835000349423,-0.014314925818445439,1.4238722660415217,2.0591425964483374,0,14.86049237212503,44.553520063146685,5.182708058706212,12.777341494051472,-16.045974205132623,14.464073684691808,1.5050154465599594,39.03649635036497
HP,0.600095830802774,39.61000061035156,38.07381122659077,0.4343486574186362,0.9176883921554781,-1.3132961911433816,0.6059118272217761,1.9187127606674788,0,5.32914422839238,16.32725126580247,-7.450775720886371,4.560068964583355,-5.284550694756049,-4.116288609183369,1.1284095839900206,39.026763990267646
PWR,0.5852250599251775,716.9099731445312,50.11165508579993,-1.3644276811305998,1.1591528275129608,-0.3999640748480785,0.9840920025121953,1.3000247832131648,0,14.102576945809467,-1.4922360217172292,-14.891705090636496,4.121308054121618,-9.108085813677041,-0.7556615202425863,1.322583443863475,38.997566909975674
SSRM,0.6518476412653559,30.25,29.12560242189164,-3.2015488105652348,0.7837560791128783,-0.8082025852221643,1.8842965117533084,1.1570260544071282,0,34.242378279993936,13.764572494439237,3.4840901246289904,6.852419964678876,-17.168675736582763,14.940629369203995,1.0575304133256826,38.9257907542579
AYA,0.6473905829101982,17.079999923706055,59.88926751049108,-6.994473679101265,1.558299472306805,0.20516956733418573,2.1071400612445683,4.2740131897133145,0,42.25216042295565,-9.437967279673105,-0.29019817605745524,8.305411345594424,-22.363636709410496,19.036700382117086,1.1701871368683252,38.873479318734795
DELL,0.6075260415523567,252.8000030517578,94.42913309075995,9.698179951827646,0.6384153166944749,-0.618120291004137,0.6250007167622348,1.0640832313775181,0,1.3564692225704902,71.24676318523309,1.503725111044227,6.002202746207772,-4.238792225659818,-1.2485655491375611,1.5145434985368347,38.78710462287105
SLS,0.6343192006833797,7.559999942779541,362.311305419868,29.607404791203734,1.8615330420054645,2.838782221452427,0.1322781607963403,7.933863946081164,0,2.796744764649467,15.773349153440341,-6.681033440363635,9.816516538198607,-16.923081032577183,9.671536639907572,1.8177453256063392,38.756690997566906
TLYS,0.6639492722689909,4.260000228881836,222.27271481296134,3.8771081460005226,0.11481380886252496,-0.1574440958003112,0.0,1.7910831004268057,0,8.687059456989948,77.50000245123509,4.683836302381012,7.052817355899403,-23.10468847570187,-119.01840138013651,0.878883937366334,38.70559610705596
SVM,0.6528958908753763,12.229999542236328,74.12904124355124,-6.333770272284066,0.8975793720383963,-1.1512387876662697,1.8806255478385843,2.2076820455702784,0,28.195336144510534,-4.228667941485916,1.2355895218300987,7.840205752150185,-22.447690631233318,15.105484422608628,1.3010096904627038,38.6301703163017
VAL,0.620062656858076,101.4800033569336,65.78514195063612,0.9078559981826168,1.0150636539157403,-0.40183098743962686,0.8080406658363715,0.25621021642402425,0,7.931076513085725,21.06896173490343,-12.897156304213384,5.462441058831817,-11.076059485913614,0.8995463296084893,1.2107783264655223,38.58880778588808
SIMO,0.5744562226885421,263.510009765625,200.3695300517373,13.270858615146352,1.2842660408011812,-0.11736225384953312,0.6090776096784464,2.402186481136254,0,1.9871489058962515,21.401837780527373,-54.07042401499631,7.213184228456239,-3.793349529882849,-1.4234885126718724,1.6099195016430508,38.48783454987835
AAOI,0.6584066722436024,176.80999755859375,733.2254644700922,2.162154937267487,0.8109385729502603,0.20766137302252372,3.0371558120617843,1.968212078259959,0,9.586139746375586,72.48072761026543,-19.33493480628526,14.380851943622606,-24.333462171295945,27.068738134234454,1.5135093160785327,38.310218978102185
PHVS,0.6128560032348961,30.540000915527344,14.24888993314164,2.01252882912898,1.1064860881972,0.07735365161260224,0.5566410080011311,0.0,0,5.434899225994329,4.001366094083317,-13.631363827113653,5.2437074538054596,-8.370839370444012,4.593511537796632,1.137266853594838,38.277372262773724
NPKI,0.5820370995232497,15.270000457763672,15.918239282894731,-1.3183379458890463,0.9647223631965781,-0.40929333369937315,1.3097564063945653,0.7570437620462229,0,14.995442634157458,5.821206755126579,-11.148880618343336,4.451118826156767,-7.45454267976838,-1.7595290693526766,0.9559797764265259,38.21897810218978
LFUS,0.5921316731380172,443.9100036621094,75.7015887225811,2.636965233024231,1.562024238928041,0.15084640848396827,1.14212504390112,0.0,0,9.538498629188547,-0.49314782490566106,-0.6199016125646972,5.102868869561296,-8.273583538563944,-0.6650689659956016,1.3604314647020286,38.161800486618006
ATNI,0.6452674563473771,27.25,31.142587820622648,-0.007339078867362111,0.8290056907042312,-0.2668867535444376,0.899085648529936,1.908258560530603,0,27.72570784479484,9.832981671976409,4.512819469330224,4.62778423904279,-9.608722722523677,-9.686846399713867,0.9480185531791102,38.11800486618005
INTT,0.6387631770809652,17.5,130.57221724340076,-1.1857714958744903,1.339154615119971,0.38345605638771935,0.39999825611553586,3.0857195171227803,0,31.80414257483715,-7.4074055381651265,-8.662788982207566,9.783673578379105,-12.499999999375,2.9972787798411136,1.2132019368357234,38.04014598540146
PLAB,0.6382546722938514,51.060001373291016,134.7037006333582,1.0288904216914743,0.9893035278814079,-0.08596330573949203,0.29376754239016784,0.8421470693345667,0,4.673921666695411,36.706836570026056,1.9809825852781473,5.662805446463705,-8.821426118965661,-2.9659798657659686,1.2333662954137072,37.912408759124084
NVT,0.6238994829863523,163.57000732421875,44.17821697954665,2.008111347638626,0.9087471192954035,-0.8259435206506613,1.7056875717964584,0.2689901344458469,0,6.880738017535981,2.9260062980247628,-0.24552145719494003,4.415760677633651,-6.531424386123392,-8.263570447858973,1.194134058311481,37.90267639902677
FTAI,0.6446037018878802,246.4600067138672,45.29058252084845,-0.2130009072655504,0.8303673111216161,-0.7557770701129142,0.5538384310579749,0.6327574357160862,0,53.977017123735074,-19.13196957169422,-5.998978861844142,7.49162830411393,-23.558955032766352,7.3154917404230355,1.1100815689153538,37.8734793187348
ACRS,0.6326620092300942,4.539999961853027,69.16893592567313,-1.475695618607468,0.7357772771703266,-0.40506397220361756,0.8810564356897166,1.1013257961227418,0,6.11568749828937,2.4830730869537474,4.615385259289451,5.860604052755775,-11.844662565048683,-1.66667174363654,1.0344828401803456,37.86253041362531
RKLB,0.610318962622957,125.44999694824219,180.0841288997544,22.914878056971066,1.078773161552723,0.7081537663763999,3.8700705261060757,1.315260212522741,0,3.9055202297836336,18.94377121086794,2.4704448883710612,9.393782709243371,-9.343841218553713,3.44635319490954,1.8351431838329306,37.82846715328467
OCS,0.6284762996526445,31.0,47.54464177185089,6.732771886989368,1.2819357619678566,2.5594821447654694,0.16128786148043225,1.5806444229108312,0,6.605763443710072,8.202444721387593,-2.65221917185371,5.942396084833804,-10.079763967586045,3.5923805897438315,1.39249469348043,37.77980535279805
PTGX,0.5820370995232497,102.01000213623047,7.718875388668778,1.323535415687121,0.5971262593231267,-1.0857165537111393,1.3920185660177116,2.479167998850845,0,15.847228326193893,18.906633695557357,3.556812929402215,4.448584285084442,-5.406152076766781,-0.6322480925855722,0.9651476062439168,37.75669099756691
ESEA,0.5872648090546126,74.93000030517578,24.33907400276787,5.704935592125226,0.8815237792979536,1.3032272966205163,5.111439764319627,2.228744377580991,1,0.0,11.221607911935383,-1.8623580921870024,5.050429045256574,-4.862876748506608,-1.2848955225708936,1.1021859756871697,37.565693430656935
RAPP,0.6382989579428232,36.70000076293945,31.784333388016694,1.5762310255912095,0.8328116820972207,-0.1596542045002483,0.19073485931095344,0.8446903728558383,0,15.20762391222096,18.962723853948294,8.883386930493959,6.844100572286248,-13.175140437021598,13.294044700220894,1.1783011961916798,37.399026763990264
VMD,0.5900223285389709,9.630000114440918,39.45452107342366,1.0837916618171042,0.7947874115204553,-0.7112583525694233,0.31152370313152217,1.7653174896785733,0,19.005976273303006,13.094535831247184,-4.952584597627496,5.367897512027707,-5.402752202288257,-2.6431693073602482,1.116959117099214,37.37834549878345
SPIR,0.6396410029959955,19.209999084472656,131.86511464449737,7.303444924815963,0.8292311459808224,-0.10787198775399165,0.057260177454917585,4.47682844323139,0,23.88483236789652,7.198655148518897,-1.6533579990036078,10.413847085071298,-18.567193894015567,2.6291928272659812,1.1367694351912785,37.326034063260344
POWL,0.6528218767092325,270.75,139.77694517732579,-4.399173484360876,1.068508214933456,-0.6320635645226639,2.13296173461239,2.293625652836635,0,11.024944184254622,54.16656747333476,-9.949239709322734,8.064331784062375,-17.425856600233676,2.5174733557620224,1.2450666265936636,37.17031630170317
CHRN,0.6510897172146113,15.899999618530273,267.67791770462566,12.930144278094923,1.7293395186652125,-0.07296161516107258,2.2012603134896582,12.704405698742702,0,1.1777888672775845,50.283551348626546,-10.895663096764135,14.508086207293362,-21.828911015393576,15.893001192305611,1.8153232643801078,37.12408759124088
VIST,0.6374259208336748,75.54000091552734,38.10114069627581,5.023879347589954,0.8467172269728667,-0.3724951560371543,0.509666576064648,1.6812341237118968,0,3.413122836646034,34.892858777104315,-5.718344905404246,4.470101489933674,-7.244598905864893,-16.3566322030598,1.0886296676732135,37.083941605839414
BWA,0.5895067597405073,63.54999923706055,33.77612602759974,5.898132965886339,1.139387333483711,-0.32295082186438917,0.6294280577100975,0.5507450484932142,0,10.530919494085747,41.54610986775455,-1.4784500179259812,4.3273005319558315,-9.614562019865701,1.7368358739354353,1.5576376008239456,37.065693430656935
VSAT,0.632468428906756,70.76000213623047,87.46338390889521,4.908118885901704,1.4368690357778453,1.4913757918680568,4.932172679129685,1.4132277696383062,0,6.4826948391803585,109.28719095242654,-5.321191648398125,5.899217121437786,-9.00205736574754,-4.74240308652158,1.1281564235898571,37.02676399026764
HYLN,0.6479349797109977,4.199999809265137,136.83961733903257,47.316724622155455,3.2239496202188507,1.4564358721269328,3.928570697783228,0.7142907419906708,0,7.033018774081025,-10.064245380080434,-1.058200056471344,10.204082096051682,-13.223147169702502,7.729467232081174,2.8122939301964816,36.789537712895374
RIG,0.6272654966464591,6.820000171661377,51.972792380426,1.1719350073391506,1.0742550897029466,-0.5282051482641096,0.5865096897412264,0.4398857631794251,0,7.661987090582549,19.439581889744247,-12.541258018689582,5.561374409261052,-10.966053425247278,0.9508707339797924,1.223958199998742,36.57420924574209
TWLO,0.611547548144619,183.3000030517578,38.72891703229482,1.1913331977619617,1.1895100441907651,-0.07631960817343633,-1.0364988063874532,0.8892552404068147,0,16.078208628274897,-0.021813726917986748,-4.569532726886585,4.619282278471695,-10.019146330242505,0.10261860838630835,1.1981966099258512,36.543795620437955
VECO,0.626524041247587,57.7400016784668,97.64649553143292,4.7285688900723,0.7759528250095276,-0.15042825881935787,1.8877729838645139,0.7620343157444944,0,11.865667512469665,-6.885980904009756,0.6378307883134762,7.363055906718961,-11.75301633917789,2.022754114962457,1.3245873221293274,36.50973236009732
OPTX,0.6463557904207099,10.9399995803833,621.0677759447702,38.026742961590195,1.7127071823204407,0.3635595669966984,2.1023812130855886,1.3711117392136758,0,4.483306892080178,339.3574110477646,25.678291634083507,10.084877764614216,-10.327870889159078,-1.2894004631670917,1.0862135565490099,36.47566909975669
GLW,0.6145979732046346,191.88999938964844,126.789878115443,7.096114628756295,1.0864725148859584,-0.08692041020789394,0.9693056523310447,1.3028297503459345,0,5.573234834273358,5.683753730837855,3.1032415969350478,7.840800515997282,-9.396097326234436,1.442011214087733,1.383102727602951,36.462287104622874
ON,0.6266809653741792,109.61000061035156,127.4234604532919,4.363640740618826,0.9789768095566098,-0.6862791352734375,0.22808137816405522,1.77903196548312,0,4.642601582124349,98.5328788751839,-3.0987919994814255,5.788704005645396,-7.968092346996886,-2.0594148741030898,1.474571109745244,36.428223844282236
AIP,0.6081597976748878,35.900001525878906,159.84344269153533,14.586662606444339,1.7641294235996585,0.9400601416899537,0.5292440630308313,0.9749366961901299,0,2.272803952608643,0.9845352920391623,-19.127929742876017,7.657381681772897,-6.680529277899621,0.4481414553943312,1.7934578953218763,36.263990267639905
WDC,0.6330559478057338,486.4599914550781,205.48684473389426,6.451163542032674,0.7920170030256571,-0.9856613490774497,0.17062391654436626,0.0,0,2.7755810123953504,168.77225988817847,-7.789242477857856,6.499580977249902,-7.3674247662997265,-13.425838572052987,1.2727765390931303,36.2323600973236
EVC,0.6053933474814372,9.5,248.98887358730892,47.58427946549774,1.6833837463973165,0.9193431399941433,1.1578911227964968,0.7894716763920211,1,0.0,23.537060196048852,-3.571425061539852,12.214285986764091,-1.1446374671758646,-5.848006004335293,2.7362659477785143,36.09732360097323
BC,0.5919699993460544,78.73999786376953,16.84104552777319,0.5642721028847936,0.8187827857774959,-1.1751314754585958,0.7239010798592521,1.6790675821339536,0,48.12441231148265,7.1863812366624,0.6626751064322073,4.254511084617327,-11.820267794611727,0.6753948260156536,1.084107349646218,35.81873479318735
IFRX,0.6312900903733242,2.4700000286102295,81.32781503699972,10.218653237300307,0.6067967197351515,-0.2808387410643469,3.036439141077701,0.0,0,33.470733213872904,-1.1999988551108207,-32.692308259168115,13.123193098486851,-16.242789833154912,8.523910189617895,1.3370220347274566,35.75790754257908
VRT,0.6248839190236894,323.3999938964844,83.12596612916343,-4.57967618166117,0.877662311479381,-0.2522177550913064,2.136674023654991,1.0204044079279804,0,9.252326921377591,26.387364282070692,-2.094791059628299,6.079270051008357,-14.880177931816277,1.2998603135137006,1.324198490860624,35.7396593673966
UCTT,0.642526072751373,80.58000183105469,248.18493294029426,-0.21361359859461046,0.9566867069198488,-0.6436331734158893,1.8366786968107525,1.2285900239030654,0,8.250468287710675,32.794992461220474,0.11502599737563285,7.868841911066035,-8.949150473283412,-3.3786180829620496,1.1639342616995216,35.68734793187348
TBBB,0.5753077441689537,37.20000076293945,14.324200646651942,1.2961556652055555,0.7211032479891563,-1.0172194851644907,1.0618291657310215,-0.24193588908507238,0,20.047655673541577,17.128465033634722,2.144770116360313,4.639593958006015,-7.2087786943792125,1.9100726843339904,1.2136950135531568,35.67761557177616
SNDK,0.6279848871250685,1542.239990234375,516.5052544771227,17.401714977195738,0.7616990553784588,-0.4899675218216045,0.24963531034815928,0.005841366531498829,0,1.8752069410427625,617.1875178474799,-17.597033383579785,8.313390784367979,-3.6100006103493065,-14.991686505576338,1.6743072935939303,35.490267639902676
ICHR,0.6463031622766886,65.31999969482422,336.0830862665499,-6.183461251797855,1.197950194480704,-0.504556323581216,1.51561216837057,1.6227764291638747,0,19.195602675394905,44.28981452148215,3.566733388032312,8.353272254237643,-16.256410647452842,-4.416684053803839,1.031515027473228,35.48783454987835
ECPG,0.6320149412653642,81.56999969482422,54.26572443998347,-0.9964688712693989,1.0680794177065323,-0.37905231108575893,0.43521313995023503,1.5937175765734755,0,19.895004162698626,-0.7905637511804477,1.5814528598928994,4.597714687740982,-11.949481614463052,-1.8149378139392633,1.2244708415416714,35.48418491484185
FNKO,0.6369998777044505,5.159999847412109,58.26818778928073,8.780432752471693,0.6912430655814409,-0.5150712013435647,0.484497986470386,0.7751930819404299,0,13.29566012047968,-1.5267161676557923,-0.9153309586129791,8.131228256515374,-15.27094058655937,22.13570435305958,1.6453627744174442,35.47931873479319
DOCN,0.61953281774229,158.35000610351562,246.6442383436804,16.074935379351015,0.735505237020715,0.11278492586218229,4.562681291434186,1.2356197843243746,0,5.483826121902523,77.16492612298501,-0.5946168278625281,8.885587815831594,-4.602686388800106,-20.075703050221456,1.3139075155320035,35.38321167883212
RES,0.6509103543022166,7.139999866485596,23.051060629665287,-2.8542663637448324,0.6738100895991376,-0.6297913423319004,0.5602235657619645,2.941177059446161,0,12.607138701795664,32.22720309563883,-2.337663405242742,4.430243369142347,-11.982245030364465,-9.37499648540134,0.9597746280248135,35.0985401459854
FATE,0.6470276376973588,2.0999999046325684,92.72196832825269,13.452182905457095,1.5671692555389174,2.3545708020322924,2.3809615705578837,0.23809502172917021,0,15.564061273393087,-11.016949233488432,5.3030340619321965,13.82653184025124,-14.979761924782157,13.8211441885821,1.7678193953954355,35.01459854014598
SEI,0.6649164797305185,73.43000030517578,57.32386056382954,-0.9623228345332293,1.0910797795382243,-1.5230307669922232,1.4026947773419083,0.0,0,7.906266293113967,16.20509875114403,-6.275176698676978,6.5806084246558285,-9.613488138680303,-23.866304333161516,0.9978200014567252,34.97931873479319
POWI,0.6364962624590176,70.4800033569336,110.64613076148764,-1.8377522303897542,1.0572700979297054,-0.02355288092874274,1.14925868331783,0.8229310491220337,0,17.522673115054758,93.53222542774866,-0.11014984727928116,6.901653481286095,-13.616856820057668,1.6435361112664713,1.4883284032475759,34.97445255474453
BKSY,0.6139616513111582,44.650001525878906,215.8742747558521,16.262420248191525,1.157499556933615,-0.7807582333234271,4.031353136633071,2.2396415807466634,0,2.3329843175240303,38.492553352799185,7.700310068010717,11.447768185535736,-3.875132847054636,-7.405840296564651,1.2924131213734353,34.82481751824818
RFIL,0.6379378349794409,17.860000610351562,169.43455957751678,13.245834455007902,0.8651318350389601,-0.2225888165356228,0.3913695574134142,2.2950764347828523,0,3.3560827810914406,147.7115189234397,-0.9027785963591474,7.902655287953795,-5.999996787307566,-6.27272345745976,1.3056931799781695,34.82116788321168
CHRW,0.5973161550328703,178.1300048828125,5.143145581497177,2.6685907105393745,1.2036688589491482,-0.25452255549507485,0.0,1.4820632780931038,0,35.08783420137653,6.531952893091499,1.0504015874929389,4.191560152552888,-12.098301703291876,2.9241093556228757,1.1042899927942762,34.811435523114355
BLDP,0.6150374922662162,5.429999828338623,74.72888148329304,34.53914415622559,2.6481901734632327,3.5728175836554823,0.0,0.8287307128594579,1,0.0,22.022473277703277,-0.5917153918175145,9.556694164778795,0.0,-21.39533856326769,1.7583003831254727,34.77372262773722
MYE,0.5985245231135361,21.989999771118164,18.541891850312986,1.7278466403532748,1.0407751475435125,-0.7892998998759377,1.7735306670759061,2.0918557946321763,0,20.54345210428637,-2.845469672382984,3.4208038284085647,5.2978631660666755,-9.319588572324289,2.9529895674842823,1.2487799391135108,34.660583941605836
FLYW,0.60759874303263,16.15999984741211,6.277907408337957,4.741225091819994,0.9096633773363542,-0.29985223898412855,0.9282154699092555,1.1757399886483924,0,10.104771308099078,-7.709882145894391,-1.6553819988241754,5.361120012933281,-10.470911187980283,6.851419594007531,1.1265311893605905,34.64598540145985
NN,0.6488989560161607,21.3799991607666,54.921371766958885,7.692885101363688,1.0216217293586285,0.038207400776797566,2.89990157246356,0.070156175100608,0,16.990660677720562,21.684687147990605,-3.404021248440068,6.487705929396058,-11.60906481041985,-8.551071976984597,0.982967911848239,34.63868613138686
RNG,0.6479243430141909,42.220001220703125,48.643342364335275,-0.9803431122155519,1.003817944758624,-0.15601104675071314,0.8763593585463192,2.794884583208406,0,9.635106432763903,50.46422064403811,-4.115972323539745,7.350949427705074,-13.073910878914482,4.6308188486666335,1.400280118219716,34.517031630170315
MOD,0.6373229395871834,250.11000061035156,78.3920345965351,-4.5297866107009215,1.2921936165837506,-0.13831891052158368,-1.8791780398795994,0.2878738230951197,0,12.39157992147758,92.4367148267648,-1.620304681287819,7.029190377075209,-14.945928488398136,0.10467363243539031,1.131117864159739,34.50486618004866
JBIO,0.645277388814204,23.459999084472656,72.29416469661669,-3.7548361207808507,0.8992229126759704,-0.1854235909928706,1.9181618946358403,3.7084354893411007,0,18.222741383292988,67.571422027121,3.2130087081563903,7.485689193544348,-16.214288983447144,1.7118453419340651,1.2079795176309804,34.23844282238443
GPRK,0.5968349454856396,9.710000038146973,12.380222961114917,1.041315202319144,0.5643729348524468,-0.462121906388903,0.0,0.30895708393660204,0,16.099592372022922,10.96932452894263,-6.256865152875456,4.339337241852917,-7.40237892521293,-14.039131201677224,0.989254806026718,34.201946472019465
SANM,0.6205179788028826,234.36000061035156,36.638281917189545,3.6867281158375627,0.9379358526013843,0.02468013334513029,0.6997778568741828,0.5504323616520463,0,8.135800756580972,63.670645026782246,-20.997668122670078,5.856984299748573,-8.173340847307266,1.45806944684236,1.3283509500698434,34.169099756691
GNK,0.6470659651556314,24.139999389648438,28.782969884562103,-1.3633499746326512,1.2936734627501512,0.23824424458107638,0.9527815053469342,2.1955289976139105,0,8.44208104649063,16.1474360637281,-3.6783624834080952,4.12638156974807,-10.135848754904664,-8.222430828498133,1.154830837120753,34.09124087591241
TOYO,0.5981690391195548,14.350000381469727,107.60885752492399,17.004365765611258,1.9626346320105525,1.1854004335054567,1.045293481061619,1.32404549821285,0,5.22931739540736,-3.0405392124011015,5.627008302417469,8.864112018344876,-3.0405392124011015,-9.937890331434321,1.496378188019937,34.09124087591241
CVGI,0.6315646891450382,4.809999942779541,174.86357695794695,1.1035197057276525,0.4509419029435298,-0.11588159047611526,0.20790496878837972,2.702705113521646,0,8.34016598340166,136.94581326112433,2.7907059778019523,9.340660811336665,-16.92573446219144,-65.51723851209431,0.9798730377492707,33.996350364963504
LUNR,0.631357658961036,34.2400016784668,258.20622269615797,16.822196376955194,0.9403141600157399,-0.19701760814727529,2.2196211572879756,4.731310630177008,0,2.4419081595567764,129.18341793083573,8.018864757684419,11.37996372377143,-11.180279231597169,1.842819178915273,1.5939162879127204,33.96350364963504
REPX,0.6333398844704673,37.52000045776367,34.30301157654696,3.559788464512449,1.1378726494471816,0.2432009861238332,0.0,1.4792118827017446,0,11.701327987972938,14.947222397066342,-1.0743674262531244,5.232448235173121,-9.655666841569163,-0.5705740599766501,1.1544208666218492,33.95133819951338
NOK,0.6392264905029307,14.180000305175781,100.39384664447988,8.438804480265244,0.9092417823300157,0.053701794847212665,0.2820871719981998,0.24682543481233898,0,4.116613174265171,37.2700910893693,-24.975798088202502,6.367114777651118,-6.649106669136211,-5.822779186057617,1.545842018729715,33.82725060827251
CECO,0.6440697164366364,80.68000030517578,53.018820831361666,2.6384761414289195,0.9128330188845962,-0.2794304379614407,1.2394645466101384,1.7972198100390875,0,11.708005190656191,34.46666717471852,-14.413573916480123,6.005204539600504,-10.603877778081085,-2.5323363182351404,1.1068137242368274,33.74330900243309
COHU,0.662227325739565,45.650001525878906,99.75939881959894,-2.8888663237287786,1.0915134472640655,-0.19292283211153208,1.8619900234189726,0.3504925346342011,0,19.339507377218425,-2.7274638204688713,-3.906075907786289,6.022530552733678,-12.93152534751798,-6.354747672999207,1.1671937140355941,33.64720194647202
DGXX,0.6501970735277726,7.699999809265137,79.82207178569752,31.030372801656604,1.4589495467374707,0.2921173649576152,3.766233363621884,3.89610027649306,0,8.929174314110751,50.6849238272448,2.03488867664696,15.85806892977657,-16.304348162337313,16.608996591137213,2.446183884703363,33.63503649635037
COHR,0.6268379173374702,378.0,160.4552681545169,8.336927201228336,0.7594554706329814,-0.48231002513117,1.1587314504764321,0.8597883597860851,0,3.7185642221786845,49.03599444953731,5.321606731348029,7.7902490409683836,-8.474576271165922,-2.3069836953428324,1.2825468975089607,33.57542579075426
CMP,0.6290918399869311,29.84000015258789,61.444652403380815,7.37675529283037,1.116820746360017,-0.200157712095265,2.278821386312961,0.33043025156079536,0,3.391704272496233,38.79069838232551,-5.19889612644259,6.965386882127664,-7.872798039621998,0.8703170564234659,1.4884284028339076,33.48661800486618
PNTG,0.5678539262519066,34.59000015258789,19.41915308427422,3.3215851564599252,0.932526932036444,-0.5046205807567584,2.2116200816757936,0.9974016165690572,0,8.906833758072098,11.007703215218633,-4.018595350066127,5.366330829520435,-7.85828633701681,2.2627108003585845,1.3528471143695857,33.45863746958637
PACS,0.6086715789426095,37.77000045776367,148.5859802699994,6.455841105439967,1.039348535018188,-0.22107980568639468,0.06618403727300055,2.0121745096692547,0,33.71010936728557,-7.900507184340201,4.279600663646123,6.451832655484766,-12.325907956066949,-1.045297981115252,1.444876735510763,33.21532846715329
ACLS,0.6418790840856196,152.50999450683594,83.12018780693265,1.7136761788716253,0.697673524900684,-0.7141560827567178,1.67858691861095,0.6163546490442978,0,8.401827118789367,85.96511466081313,0.536250533906495,7.1644031420897525,-11.129891052661769,0.5567192648250255,1.338978391187943,33.17274939172749
OSS,0.6111246977347821,16.510000228881836,233.6883485131488,23.43002586163776,0.7378679878653486,-0.38687156319318894,2.119929597797659,1.2113916423663462,0,0.9171777852916461,7.697327534060032,2.9652348644315576,11.25724631970592,-4.731677428660619,-13.420786519176003,1.3692324824018511,33.15206812652068
PNRG,0.6070853705039788,247.97000122070312,58.44515806388537,4.006191746063624,0.8886086853353543,-0.5684234154580147,1.3983541405061657,2.322865563272363,0,3.339989874557012,7.742779837811471,5.372166344693287,6.067770018784119,-11.089994031032582,-3.6355903534867076,1.1292728778813228,33.1021897810219
BAK,0.6176795631832841,4.789999961853027,41.855805188044215,14.82680022918428,0.6303615987415729,-0.6730390856809219,0.6262992318129981,0.4175361394909333,0,14.49208127701789,-2.4439895980422466,-16.717323967363644,7.3426772274887,-11.214087508809321,2.9473656096025693,1.292198375723507,33.08515815085158
KOPN,0.6421276616494906,4.849999904632568,87.25283376830923,4.021446206820356,1.0845430811711696,-0.054998165717251093,0.30927560365878654,1.855673285341069,0,21.050691882191366,21.24999761050171,-26.345611162359372,13.46833462013824,-24.806200801528362,8.444446983822868,1.7759850229446368,33.05596107055961
IMNM,0.6164236352605004,22.959999084472656,15.395042498533073,2.37203056070822,1.1573841967992509,-0.03929809885937955,1.4372902621912018,0.6533167763661446,0,21.029714058744283,1.4134262519300076,0.21748254700369768,5.700287611855582,-16.962027481348994,3.6448541736656153,1.1156477324338638,33.03771289537713
CMPR,0.5908401797099657,95.16999816894531,31.783259115607354,4.415465794827092,1.9371717416176326,0.6646272557249023,2.3956074824092632,1.3449603907853163,0,5.559128659713095,-7.494167272775239,-8.433436012396186,5.0120762006336,-9.2841532295066,0.42723304833137704,1.3607462601248002,32.93187347931873
AAON,0.6214381440418307,132.38999938964844,33.66159580861663,14.029533661596188,0.9540515068925699,0.04034431634303887,0.7553440626955971,3.361278773868263,0,8.746469109914846,2.4293999146028193,5.47057195411689,8.508411170204875,-11.147651416268515,14.054279577838683,1.4603484279858172,32.823600973236005
LINC,0.6051930288870866,46.84000015258789,112.35719007446015,3.6214416721073754,1.0261545172688074,0.027924327194047728,0.2668659256834463,2.1135817148176588,0,10.793765669828634,3.88112662239756,-3.91512814106437,5.744479971472375,-12.448597845397428,-4.829079624997887,1.384143704973786,32.750608272506085
DRTS,0.6091066914367078,10.960000038146973,184.66570347732525,21.8454694165428,1.8172380306725342,0.5854281635787567,3.010043251813938,1.7271859740777151,0,2.484078834822749,5.99613033220263,-4.511279857253548,9.028415268131836,-5.679861048669499,-3.835227022033869,1.7078283093444424,32.65206812652068
LB,0.6200168141364686,76.08000183105469,9.930913980480183,10.689995743278931,1.1772320838298311,-0.44730353098945896,0.4600500724070138,0.40747263475704487,0,2.3624571386047366,2.3680040536431974,1.3350563541073883,4.376971761356052,-10.830712767097372,-9.844422933800127,0.9076747422389795,32.648418491484186
WULF,0.6540208982354933,22.920000076293945,77.83962152271107,2.5411601964915325,0.7620384968044052,-1.066113344140398,0.5641324754900485,1.8433708940957612,0,5.983524336067622,37.657661267505546,-6.676478384413002,7.884350215219279,-11.024845214455645,-0.5256236681815495,1.171931935845922,32.626520681265205
LXRX,0.636477454126526,2.2300000190734863,38.54029950404205,15.007736300083408,0.728674909867141,-0.3751902943542109,1.1210804996588206,0.0,0,8.477742494864755,92.24138640677224,4.166662820632908,7.985266266508348,-11.857705754554306,9.302330411409715,1.7203683803680594,32.358880778588805
QUIK,0.6382439214583704,20.170000076293945,230.4512132127579,12.208284444609616,1.3951810205096766,0.20002346359336823,2.131880533108412,2.03272109985592,0,11.419007522948444,28.471339624515068,-34.42761037747762,10.69480864392187,-11.106215946844502,1.1752100502164262,1.777350581535781,32.327250608272514
GHRS,0.6447511349686892,21.770000457763672,45.166896943391244,2.653575245934853,1.3620378157341069,-0.011619214141230454,0.8957266454522291,0.6201204687044028,0,3.600934657431361,40.815009079164675,-9.144079050751381,6.653978753696199,-11.719381214167074,0.7270301112885384,1.173646154792892,32.21289537712895
FLEX,0.6228617938516332,131.07000732421875,114.51029661910555,10.638877977075206,1.3215598625290887,0.004246458692539919,2.807654284057704,0.9559822319505019,0,14.608384621317983,-2.7165356782869985,-5.350979797670799,7.33375788983577,-11.04247958324225,-0.09465432066223886,1.6235176341665072,31.945255474452555
SITM,0.6293793208694946,711.7899780273438,165.43759447630546,3.8865283311097656,1.6331561723899035,0.5904623039756804,1.6732340264701988,0.4228789191388615,0,10.422402234193635,118.7968652406845,-1.0824842174282094,9.377896664308125,-21.070959519795412,2.037441668050804,1.7116388970583585,31.909975669099754
LITE,0.6497409334684963,964.5,276.6468506288084,3.6503848595003023,1.0155455614351319,0.008057869386103688,1.3105251061093204,1.3530313937745173,0,7.0896782799379165,36.54704230711613,-6.545122945950189,9.356069292905975,-11.161672658222207,-4.2872020176414996,1.2175686193276636,31.81630170316302
CALY,0.6547587059588726,15.880000114440918,41.16420954884341,3.7061225502170876,0.9517433773917718,-0.07066606529810687,0.31486265976941397,1.5743072933413427,0,3.49676209313812,26.131850053357187,-1.0568021385290565,6.027348609801351,-11.777777141340579,2.08633071792003,1.5846108149385632,31.664233576642335
HIMX,0.6319049094026504,19.889999389648438,163.08961972794893,25.878104173987275,0.9818622116618204,0.41261217340022927,0.7038778345206682,0.25138836571653406,0,8.115828127349019,96.34747447169902,-7.502284280457834,11.039287423954008,-8.761467496188931,0.7650240189606945,1.884837792734788,31.65450121654501
MU,0.6324315521024083,762.0999755859375,220.63749336173092,16.167932649803298,1.0658999290657851,0.21038674640461716,0.36741227106962177,0.5419242901342102,0,5.1364391857926135,71.61188988836467,-7.356965007462396,8.003262149408236,-6.909989190401017,-10.279685395924488,1.7046162607986979,31.58150851581508
IMOS,0.638069323301822,49.06999969482422,53.17860290328147,-2.964266619483998,1.003450536383073,0.5783522138375413,1.4876697508894625,0.2056220568600647,0,23.491522673805466,-8.451490500320654,0.32772891495609585,6.758770910730353,-19.911866609419036,-0.5273708841707453,1.0899624543355435,31.538929440389296
CRDO,0.6431274806839483,193.38999938964844,25.410846720071632,5.079703354512398,1.0620185571263012,-0.054349786363842974,1.1841322164270855,0.0,0,4.031873402858472,98.7564165704999,6.2142929807341325,9.035885696719953,-9.546306534463872,12.242258642877168,1.5045359461529686,31.518248175182485
WTI,0.6607995565596689,4.389999866485596,116.2501671596784,3.794771451205466,0.819389117684018,0.0967805262155935,2.277902224399019,2.277902224399019,0,7.970647627747103,42.54634788609323,-10.7894760754636,7.7774167835729795,-13.582678493058928,-5.263162752303582,1.1664428843322137,31.09610705596107
MOVE,0.6274715650474757,24.459999084472656,185.55075043572685,41.62468266799858,1.0839078297414437,-0.12031797406695514,2.207689843488434,5.059285325747045,0,0.0,98.42699975102339,3.1668724440674247,10.806710304945423,-5.559847703517971,-7.708779145589882,1.603439251483185,30.92700729927007
AMKR,0.6604884668634027,65.9000015258789,102.42450533942569,-8.691613323434892,0.9183497890126356,0.43168723206299214,1.5781384856396796,1.4415850616471328,0,23.1515024621113,39.061251286326005,4.334115352278136,6.968350665686571,-16.824436786698563,-6.921253075200398,1.1602481035587593,30.87834549878346
GCO,0.5961996911567331,35.689998626708984,3.8943893179747224,5.35326314287036,0.8030805755108279,-0.9531854714639127,0.056039390677207625,0.7985426124136675,0,9.193329549073088,22.017089321329276,0.504615922941584,5.050434611806402,-8.36971007006663,1.5909966632254353,1.090406447819443,30.852798053527984
NBIS,0.6206884689786587,219.92999267578125,129.74882173945866,22.397524517072704,1.0535776326815742,0.8849385552865434,3.1282704096315124,1.3276943873847484,0,2.9406227915354677,89.05698376442355,12.000258392961758,9.83708991488872,-5.904249905427434,-5.861864057281303,1.551160640341136,30.790754257907544
PKX,0.6148389089208234,74.36000061035156,23.934013050032377,-7.251726925500564,1.30307835170525,-0.6967510542783659,0.6013945088388704,0.16944519855794496,0,17.467629787965897,34.685748674315455,-16.371094268232213,5.733419881493748,-19.52381019201559,3.5966376296007923,1.4390395831234388,30.734793187347933
PBT,0.6095258696001444,29.979999542236328,47.843110012845955,17.84168979448828,1.4394242916889746,1.8029430252172756,4.536359676691146,1.200796225776286,0,3.5817862359491097,6.842480801027478,-1.6188632809227759,6.437624836315294,-7.0387611091264635,-0.2888789429770144,2.032979974292711,30.628953771289535
DXYZ,0.6352890961201996,61.65999984741211,171.7749332091058,38.93802311635828,1.8502514230366374,3.088438331767261,0.5514112121695804,1.3864748008581735,0,4.9104041000289,101.63505559264583,-10.372886010804363,14.178328816317077,-13.447499022308417,1.6666687136317693,2.6080278768599854,30.318734793187353
SEDG,0.6034900665714534,63.0,67.87410761446704,34.4014328270412,1.794736043085049,1.6820053424394716,3.428577241389031,0.1428573850578763,0,0.0,2.0077747929834073,9.501689066535633,9.420634505429776,-3.314922560896464,-24.355779656746513,1.5182549368295795,30.23114355231143
CRI,0.6140567529418246,37.560001373291016,20.50577577975332,6.292365119049934,0.7294504718869168,-1.1514049812730616,0.9850876420308697,1.4510169427619348,0,17.172211315856714,12.766162622876505,5.14706618926695,5.654764715873909,-14.867126068735562,-0.9903352088977779,1.0111162183308156,30.186131386861316
DINO,0.6097619387417402,68.38999938964844,11.83667863592488,-0.6046367182537377,0.9090117741376571,-0.6927503423606032,0.3070611000785756,0.39478965561056173,0,11.498990324529354,34.88629895693169,-12.882092407236234,4.188097168873096,-7.904662776247198,-6.259973430865637,1.1580634657948838,30.08880778588808
NVEC,0.6394106867739257,87.55999755859375,41.58898584918729,2.320634764529286,1.6092334771550594,1.3921129969416681,1.2791260596138687,1.5989053961839805,0,18.214098683118106,-7.125331144188084,-5.7208614493831105,8.609232939316541,-19.52494149918561,6.258036843418312,1.7024450829119824,29.956204379562045
MEC,0.642155143161438,23.1299991607666,36.7423992621688,-3.5647308403135605,3.1667727921162077,0.8724363211243853,0.345442042683783,3.45870845677733,0,25.735827601861793,-3.4238061629104193,-6.638616721582329,7.980019594647582,-17.818444538115187,4.918944610062981,1.455633728904154,29.80778588807786
CERS,0.6193858662573367,2.740000009536743,70.73223779963801,12.295083285698409,1.2402901386728002,0.009594915649905639,1.6423385445582597,0.7299263083796793,0,0.0,0.7352934084114561,-6.842105094446965,7.155891851990394,-13.015875342464245,-0.5586586966917111,1.3432294838899006,29.408759124087595
RMBS,0.644726973626283,141.82000732421875,48.55001114830586,11.498537561081978,0.8410630303931846,-0.18968288136072925,0.28204334778175355,0.7967880584163247,0,1.685197677815156,44.05283059413076,16.888086201790294,6.398454019793233,-12.348575618397376,-0.8537781540483115,1.2459112953737426,29.391727493917273
LFST,0.5883161908102642,7.460000038146973,7.162205848929637,-2.4517819195489965,0.7815651946566344,-0.23102843787375102,0.0,0.3351219200568573,0,36.62844702073838,-1.4531060899002815,-8.297573954962472,5.6530067522953695,-16.08549212361948,3.4638557780661774,1.130761373253601,29.248175182481752
PANL,0.592059793756514,8.279999732971191,15.24117829140983,4.849939912892041,1.3129553671454375,0.05746077519519706,0.30193928753424315,2.053141084008358,0,28.165093162656017,0.1793192031599653,-5.6551703083525195,5.364907298196972,-11.821092328528774,3.118508339294184,1.5921679496485386,29.215328467153284
MRVI,0.5979020074790189,4.480000019073486,10.596531403558874,9.979135137905228,1.069463028487523,0.8034705758050152,0.44642814368080314,1.004465984203437,0,9.18921509690637,-7.628863768211233,-6.666667125446522,6.84789398012401,-10.310307871505579,14.084507227469615,1.4506110800102339,29.17396593673966
SILC,0.6272140495925732,42.7599983215332,177.52621647255066,4.479979435860411,1.762447333825545,0.8382977359107814,2.8999104937133597,0.0,0,22.592841242358922,120.75372466539329,-31.53428786122549,10.923093943907864,-18.676308800611057,0.779218797519383,1.605300328698794,29.01338199513382
LPTH,0.66250208252197,14.279999732971191,95.91721814146317,10.960020355365499,1.6512606300456893,0.7123320645626511,2.5910356614284544,2.3809534938509302,0,7.668169080284118,2.0729089819643347,12.380297400729862,9.543817190285173,-13.611620448122322,-7.1625317567398055,1.1249196934065888,28.956204379562045
LOCO,0.6116865296824724,14.140000343322754,24.121175076044388,4.11604704542494,1.019140877296153,0.18297599637709527,0.6364865397595915,0.9193784390048714,0,6.103379086656426,11.163522377142211,2.593657447284612,4.09122947722645,-11.06917809636724,-24.887686211669198,1.4066060764891901,28.916058394160594
AXTI,0.6430130866006477,121.0199966430664,1109.2638765055633,17.59389816854231,0.7634202618220377,0.007018329934504081,0.586597192224064,1.31383573903207,0,3.2930047820797967,61.42456272100504,-5.247780993422032,13.354929748174046,-9.686569669281141,-2.9560762101132236,1.5419817484156244,28.708029197080297
VELO,0.6282529844515297,20.329999923706055,347.8373675339302,29.620478481370743,1.0765565286436898,0.8111743006408616,3.246433103081539,1.7707851042049014,0,7.188165420165764,-3.23655543900775,16.487777386301854,12.35120559619388,-14.723155227637804,-0.35765516715666773,1.5252573741427626,28.641119221411188
PLSE,0.633504666571077,25.559999465942383,75.05758561109089,14.498172841629659,1.271737852705834,-0.03082441847074524,1.9953061014004971,2.1126722200331423,0,5.244873354626271,23.180720316677473,12.701030612697089,7.7559798744226445,-8.649035438883477,-12.493752979905704,1.3078467703958891,28.603406326034065
NVMI,0.6426124047069377,496.5,61.89162224522562,-2.404696405418433,1.2185916824978236,-0.23352822337317844,0.616313707671216,2.114803625373384,0,17.550002168301262,8.44399877058654,4.299015437308094,6.1821320848899886,-12.123893805288278,-5.05541899044249,1.3254911614133855,28.593673965936738
PRM,0.5986648739872791,31.399999618530273,8.923604000514729,-0.43441124748029164,0.9575466415683873,-0.5020213870461072,0.47771187164476214,0.254776830176444,0,11.561097924256886,14.556730365503117,1.9734733527761537,6.1389903882904555,-10.002865669449076,5.968232040775404,1.4568451152857664,28.54744525547445
LASR,0.629281035803943,76.43000030517578,154.07738062729405,4.74669856667498,0.7699121793145903,-0.3330405551703546,0.5364333783493584,0.6731595545575343,0,4.062838902165539,74.25900419708307,5.862531877321755,9.957851449224881,-12.098903981799499,-3.083175090375555,1.3605540704603023,27.979318734793186
STRL,0.6181384556387823,733.77001953125,106.61019977762687,3.5890631266040947,1.1050987858443122,-0.2354464336921349,1.8139278301714543,0.11856509451586592,0,14.845928579465456,-8.961536038295332,-4.024851443292214,9.52731398596127,-17.84286548208552,-0.14978717871343755,1.4522557046632076,27.829683698296837
CGNT,0.5997757133212529,9.920000076293945,4.934865253494269,-1.062183375368822,0.7030407610526334,-0.6555725392192654,0.8054414040350261,0.40322541876369467,0,15.446531096730434,3.6572663802951424,1.2698400843218134,5.349148761903041,-14.886312280387177,1.8757309777502242,1.0883990040194165,27.62652068126521
FORM,0.6295218783063767,128.0,149.78127905776986,-5.8124025374418515,0.9744698426101761,-0.07112614117431447,1.9531249999847413,1.0546863078988649,0,29.052544508186717,-5.833880013984437,8.384446216026955,8.735492399760656,-19.54239553294305,-4.7484215038064805,1.2786612443121441,27.563260340632606
FSTR,0.6009824440079854,38.08000183105469,31.740689517438113,2.6401310475116424,0.9214629341554231,1.2651782475732019,0.0,4.044119856714435,0,20.49945838334748,26.97566562657274,-2.0673585993482266,5.973326772481769,-10.463195569861536,-0.7499967302327011,1.3423659568937318,27.48661800486618
KOP,0.6116093855249031,39.630001068115234,29.45088357194845,-3.7546117978337854,0.8913948035427581,-0.48957093051322154,0.08831654420364307,0.11355534299404657,0,15.801438913823047,12.905990856965452,-5.640362791860987,5.354890252409852,-14.590517747810635,-0.18776742788203848,1.417846773597272,27.413625304136257
TGTX,0.6065243154726655,39.2400016784668,12.568562987375609,1.397972337420614,0.6536362683012698,-0.7592150373547392,0.6791502402337547,1.0830862221400077,0,12.329752722789813,32.83683297894685,8.504874174681165,5.129788513875918,-12.116460610097263,-7.094480329848277,1.0225846550913802,27.107055961070557
CADL,0.6176637592129506,7.929999828338623,58.48464306811352,4.218685929740135,1.4158885877786132,0.30465057857902694,2.5220717579633964,0.7566197234653046,0,10.95017983961864,55.33790006183919,12.215911051878486,8.929923190216755,-14.455238005498039,1.1764694880342168,1.6132734868714553,26.97323600973236
PDFS,0.624291533882272,44.58000183105469,72.82211195115475,-2.815469700677633,1.6266030407272924,0.24069055327708563,0.6505093963938767,0.717809963377182,0,28.795018350511103,-3.192176830246068,2.3027864162160236,7.830222019136807,-21.04144074716206,-0.29904991902570144,1.427299481649413,26.885644768856444
VICR,0.6569373224657188,268.2900085449219,203.7425230125967,-0.7116575377081815,0.9175310700560346,-0.5490523598790169,1.0100636684276334,2.009582853639064,0,11.213666178238402,63.05458824088965,-3.5136216350519676,10.083169387933618,-15.317845356111103,-7.2750625586047155,1.3629714238062787,26.55231143552312
AKAM,0.6134312985923159,146.24000549316406,53.51389607921302,14.4498434791215,1.439458023419678,-0.14331724461751916,0.3897648003387376,0.08205355079276758,0,10.946115940109905,-0.9951940653152564,-7.070080089531025,6.885940079055991,-11.610753586759806,-2.244763184205969,1.4520920006538691,26.454987834549883
URGN,0.5789402356212859,29.8799991607666,13.718602325469199,10.871981650916956,0.8472003158106582,-0.9005138260462892,2.1084373687712867,3.078982938765089,0,3.045945828521313,13.828568230965013,1.9744942524126703,7.012574540004647,-7.692307238813552,1.9108312495581585,1.404409174279879,26.189781021897808
ZM,0.6105880511201849,96.75,5.828678696553435,-3.8322958448200266,1.4590473598071652,2.2045531366672413,1.1058403231878593,1.4366918755907705,0,16.886794176979116,28.077838002557048,-7.932451083339269,4.30637893310637,-13.275365617216387,-0.49966763729694397,1.204865629583306,25.84549878345499
SNDA,0.5585515137970816,37.9900016784668,5.632623458091435,1.7421273232783634,0.9243717355231765,1.403526381271005,0.13161156843952168,0.4474813409581784,0,5.5449454568996215,13.031838704090703,-7.99430280662995,5.031398702521004,-4.210787128916682,-6.676557712151757,1.2750590644305735,25.709245742092456
NPCE,0.6153037774158633,16.280000686645508,11.878024222297778,-2.4945318730549544,0.7845600552022574,-0.02270861257085137,0.736484918252174,2.5184323327305833,0,37.37220898143502,-4.009424731688879,0.0592781765486716,7.493814464962538,-16.938773622645602,7.186853262578924,1.493052986788156,24.704379562043798
MIRM,0.6301828557301192,100.66999816894531,26.291061203272736,-0.44132500893732957,1.055222737946769,0.05035742010846644,1.2714798873206041,1.192010499708584,0,27.18842200936866,-7.777578974223926,-5.829255887099556,7.535725659054479,-12.453256770788721,0.09808865165083827,1.2611061878993286,24.01094890510949
HLIT,0.6025262137804057,12.699999809265137,23.69307104536864,5.600130732965882,1.2659776560008251,0.7619878239098329,0.629920668513652,0.0,0,12.732985404878388,-1.9305019587863725,-9.587727427082461,5.8886391587584015,-17.47888547026535,0.0,1.8567696158557465,22.378345498783457
DTIL,0.6573516397325029,7.150000095367432,23.812808295905484,-3.5413140586462712,0.8246087626485684,-0.7177151058344562,0.0,2.8671317614415868,0,14.764394396407265,75.67567059074692,2.188780419188123,8.397602899147017,-18.934236474491485,-38.93281203393308,1.0217203517376066,21.560827250608273
BRUN,0.6306699563513236,25.520000457763672,105.89542598044967,23.065054512478735,2.8056283541266005,1.5569997132265212,5.877742841046438,0.1567433965840987,0,18.521428558615284,-13.783783347929921,-15.733337401294861,15.46154280627738,-18.984125530306308,-3.377116467831727,2.889578654441985,21.558394160583944
PLUG,0.638812586571289,3.7799999713897705,63.47512490990728,12.21611927233686,1.0305178090603722,0.5819633115516812,2.6455064492480913,0.1322781607788432,0,2.377509147224597,69.5067236934467,1.5723255110352325,9.353742558553769,-17.46724815432455,-4.035870554222941,1.705490966739909,21.27737226277372
CIFR,0.6369745891344825,21.520000457763672,34.43907610210732,9.91508863300897,0.8962700510730156,-0.2581262989382653,0.18586899315061114,0.3949771499100584,0,3.93550515158861,-2.6244339984994984,5.082935985782862,9.75172548320785,-15.67398090945717,-3.9688195124229018,1.251833150856516,19.335766423357665
ABSI,0.6468215448884781,5.090000152587891,66.06498378897936,-1.931503988020052,0.7439291267731826,-0.7279550952949908,2.3575615312014344,0.982312620608877,0,11.720387495504493,4.948458817011458,-25.31485814928341,11.602581253424047,-24.25594774184827,-16.73468731694048,1.5385875164670149,18.666666666666668
NXT,0.594537656041522,121.0199966430664,20.489529848159393,-3.5720284545743373,1.2797538436698412,1.4560944225886043,1.1403051493024725,1.3050728414180273,0,23.668019858781253,0.8752149801373281,4.205535004199895,9.563199634180995,-22.809033304269015,1.122637038794176,1.4525766802317983,18.170316301703163
