Ticker,Win_Prob,Price,MA_Conv,Vol_Z,Breakout,MA20_Slope,MA20_DP,Ov_Supply,POC_Dist,ATR_Pct,Resonance_Score
AMTB,0.5159436163650551,23.90999984741211,4.846390048018456,0.624859912477,3.8698420517784617,0.7502045268625197,7.219733925388177,1.0517791583846259,0.8206007948216333,2.7110601446503493,73.81826741996234
RL,0.5162832931766757,403.9800109863281,1.7825319611251191,0.0564493945726764,10.555119008759263,2.39445946281154,23.613112819066203,0.0,19.615115168739383,2.997497316063112,73.30979284369114
WFG,0.5157689244793637,69.04000091552734,1.8573846903641655,1.5513829345412422,5.458368571531327,1.5137657509296254,16.582234873756395,21.672121415382005,4.6765219239379565,3.1451747561196215,73.15442561205273
CR,0.5003629104250861,206.57000732421875,2.574799731498167,0.0983960312717433,10.209769868469607,1.8660451364256148,20.351808716760008,2.9641414883537105,11.57042175279456,2.8469863671795927,73.05084745762713
BSAC,0.5196919661056186,32.5099983215332,2.0232132344621423,0.07081462486583685,2.260182542016771,0.8593480512279122,7.720337948043793,24.733548843026117,3.16181240007565,2.7639844148730655,72.48587570621469
ESQ,0.5048000846167132,115.62000274658203,2.13079911877754,-0.10609719706352011,5.000274997383726,1.2214149823494538,9.665182976205825,4.534710671452332,5.950855504507609,2.808027464462217,71.6195856873823
TILE,0.5295644602817747,31.8700008392334,4.461451465109991,1.6949061051872274,7.8090491879941215,1.5972716250818535,13.733234463532787,8.934662058988991,24.523417719192945,2.9725539534481387,71.5677966101695
AMBP,0.5076495711627419,4.199999809265137,4.037997028315618,2.190171181722696,2.781255523358952,0.6194011923476577,9.020983290153382,28.43969804322067,-4.3840920469364715,2.9184308372529997,71.47363465160075
WSM,0.5422002878111922,223.5399932861328,3.9627027058556834,0.6515244345931185,12.444098895781144,3.329608632722627,32.55455057806928,0.0,17.94752907373339,3.1515610049433826,71.29001883239172
RRBI,0.5076976273203003,92.69999694824219,5.839991841276751,2.7836118021502085,1.152265497733318,0.5751096308412341,4.431740358489732,14.008792416540732,2.837369187878776,2.846648410072193,70.90395480225989
MTH,0.5005883709712204,74.44000244140625,3.0492076397249974,0.5297328021162621,9.212227444838938,2.5143655636484996,25.80700480774588,20.42140856884477,26.684827378322275,3.0158538192360065,70.74387947269304
PDM,0.5289992820362068,9.100000381469727,6.9261384399083425,1.1590421836295952,7.2544101534739465,1.7448140246770456,16.6666687022955,2.4495518317748264,16.36828876658103,2.7464666368058324,70.56026365348399
MRK,0.5381999666662992,119.05000305175781,2.5357332248753224,-0.0635237204883456,1.205887518904978,0.8431348261788463,6.886340444792574,27.17386814947317,18.638616552372106,2.71253967381183,70.38135593220338
WASH,0.5226239725040859,35.869998931884766,1.6373645160956012,-0.25162954824550005,8.887684092986511,1.7426291513358065,16.009051886212138,5.291220079704943,19.56666310563033,2.772911561811611,70.36723163841808
GOLF,0.5198042424640714,98.16000366210938,3.2338090158668926,0.1840851491771106,5.631038406964632,2.1273704404723164,15.27176428471708,23.765633055546814,2.811578095926005,2.8661356917681835,70.17419962335217
LAUR,0.5263503437652433,36.7599983215332,2.0667705571354382,-0.06889987738424437,8.66576538025444,1.9990656288560584,14.445826724165803,0.7241755684749199,10.423542536711452,3.1301470044625823,69.41619585687381
AMRX,0.5529451976895948,16.200000762939453,2.0265509848275105,0.03533382929243824,21.633041859957753,4.160556965911888,35.79212362260568,1.1853402559816604,14.812198135845014,3.2989413778275476,69.18079096045197
BWFG,0.5042330075763658,55.63999938964844,7.244489074547482,0.2928459254719261,5.107060369882503,1.3740207926559884,10.047464157982644,1.6363290416693088,9.018549240683587,2.6689438428524928,69.00188323917138
IPAR,0.5263503437652433,101.77999877929688,0.26030046723385536,-0.19650571793332547,9.725881914099492,1.8471844362679155,18.129055771936347,2.0873096576966135,13.139172760099541,3.1436851687249945,68.95951035781545
NIC,0.565808666681029,148.5500030517578,3.5084012706372967,0.8252477822344677,1.9099241899895911,0.6445416589360191,8.567020420572472,35.68397111753925,3.116760772751414,3.151346901279385,68.05084745762713
ACIW,0.5131348258907467,45.2400016784668,0.5000056975904343,0.05647859644608927,5.176285711095577,1.1130701961650806,8.593379366493544,14.15824547066728,13.668348104398964,3.4869419079616986,67.77777777777779
FOX,0.5126606551553251,58.91999816894531,2.1512653639742982,0.03147239605878456,0.06708154235066305,0.32116784382956104,1.8144103273239949,32.35035649192161,10.960451717434719,3.169066973707075,66.59133709981168
WDFC,0.5051580671347514,223.00999450683594,4.1190396242701155,0.026649889132244566,3.6377047822852804,1.560238734886807,10.746387204780708,27.76029611492626,18.552086299872606,2.8892053069547114,66.31826741996234
RUSHB,0.5193304826908953,70.91999816894531,7.262045909788855,0.48855575594210465,2.9904458014785766,1.2096615618018598,10.847137662167503,16.041033218720692,-0.08124100307909116,2.8311583626228383,66.31826741996232
FOR,0.5121674876291826,29.200000762939453,2.2926082973100765,-0.33133239041953144,6.934247889036403,1.2608238134303675,14.42006363253044,10.233479415383952,6.375227509279132,2.8498041375093814,66.20527306967985
ENVA,0.5356547099791493,189.3300018310547,7.342578165034793,1.5907181592700521,13.132799255881405,1.885172571508972,15.431043103983754,1.742514269529398,9.839303355690394,3.164128307474124,66.11111111111111
SKWD,0.5302040448708162,50.04999923706055,1.3735242468547157,-0.21704211098626927,7.725917063393773,1.6541044025232043,8.78070215783679,5.374253550154387,21.30392940594689,3.258169623186844,66.0969868173258
DORM,0.5046021358602585,127.86000061035156,5.645678587623671,0.2837448197856789,4.022259613218688,1.092629387071729,10.072311104754144,11.278129641566013,25.37752147603221,2.9747938451546436,66.09227871939737
CRBG,0.5133433005412463,28.739999771118164,2.770000337207669,-0.04882227860375662,4.732896260940836,0.7272795119874786,4.281568679241688,27.953895838152913,2.4598950188967126,3.0534833435835074,65.94161958568738
AVNT,0.5662748752209743,37.7599983215332,3.623091371335984,0.08821736652905547,4.57370394990952,0.7080722449505599,11.8152141236767,22.584233610145432,5.296639941030766,3.153371604712543,65.60263653483993
FOXA,0.5126606551553251,65.8499984741211,2.3301028635227166,-0.025819821591350517,0.15589650381941184,0.3204270006872466,1.5420200825195665,33.04367513719233,12.75684375592574,3.2053372097290067,65.24011299435028
PHIN,0.5422002878111922,85.16000366210938,9.226962437939386,1.8495694191444962,9.423089943167648,0.7354199174265736,12.397938186313299,0.0,41.828838702984235,3.1901254080977166,64.29378531073446
RSKD,0.5075391042740149,4.940000057220459,6.370246403055557,0.7756524704401505,2.309205749845005,0.7301557106796365,7.158349546139771,10.091786713580367,3.347276994890586,3.285134262546178,64.09604519774011
BOC,0.5126040085595274,13.609999656677246,4.694816769322405,1.0836920012429532,4.954691626058836,2.58692296605376,23.056050091165915,3.1239690271497604,1.7189801214642877,3.7740097925847897,64.06779661016948
BGC,0.5286715885316169,11.850000381469727,10.808897625216852,0.6384326627186909,7.09224529283381,0.2819207485620419,6.0949661344518775,0.0,32.03893873525552,2.91077717682705,63.89359698681732
CON,0.5166449353375829,28.1299991607666,13.020958951598097,0.618883884727741,9.428741963659224,0.8884565988341407,8.999282882622863,0.0,16.714060928546395,2.7423690142502126,63.24387947269303
DNUT,0.5340586412529417,4.309999942779541,1.6105084529986782,2.033031230721835,21.121851176686977,3.8091002526645794,33.436529937900225,4.748019828382222,12.827225601349943,5.180644552032662,62.862523540489654
LOMA,0.5381077143082178,12.550000190734863,1.2629079924314808,0.424271799692121,9.760365805728343,2.0619480806468187,20.78921824668047,7.664995316546366,2.3654156314467083,4.643199721989557,62.697740112994346
TKO,0.5275202028728557,203.36000061035156,3.5592274200077267,0.598659402021671,1.6492618316536158,1.63152421131436,6.992156981081717,29.705029373297798,0.8480073223986943,3.8002624389084882,62.45291902071563
BROS,0.5406735762639734,65.88999938964844,2.692771140027346,0.1419274885905169,16.487518002199646,3.8671999634870016,29.170753886384915,0.0,21.1435928090436,4.348698682301342,62.354048964218464
LLYVK,0.5537748021611908,100.80999755859375,5.507133751890972,0.3375552884900579,3.392748769914891,0.3153436767064993,1.306396738461031,5.38065315892964,19.37241113245341,3.5165161091836254,62.28342749529191
DNLI,0.5381077143082178,21.65999984741211,0.9073717550844292,0.6604571873587073,9.344236086401482,1.1850649271753666,16.32652454886036,7.335846203388526,-3.6048041417826457,5.112450417678156,62.14689265536724
NUVL,0.5377477627718209,123.25,1.126285210663134,1.281426153709954,18.38610777354028,2.859273612744184,20.47897978794578,9.51167483168664,0.0,5.312371951744059,61.95386064030131
KRT,0.5144001222003597,30.059999465942383,8.425670821574995,0.1969588616314203,7.180990198176182,1.7915191999818902,14.146925019011064,0.0,11.278705192262557,3.179355431632178,61.88323917137476
UHAL,0.5233176280667373,62.380001068115234,6.733661414391563,0.17023704396475858,12.513981257192622,3.3209097613113103,28.169310488357734,0.0,5.639291911977439,3.438224955505173,61.7467043314501
INCY,0.5371838237085254,108.52999877929688,1.3070091731735658,-0.3565055512170272,9.544379971751889,1.338407001082205,13.87052938747287,2.92145773429967,5.687015482511056,3.4980449444060757,61.54896421845575
NBN,0.5248513308694647,129.9199981689453,5.20951495912114,0.16142009043849084,5.892024981531168,1.1019444932736884,12.797358764183988,0.0,6.535466519134384,3.754784373881679,61.53483992467043
AMG,0.5233176280667373,354.6199951171875,5.1124055537221755,-0.2663647198141019,12.161355765962414,2.052544415589226,20.655979959316454,0.0,7.810923482086564,3.1186297748121015,61.53483992467043
BCS,0.5042543536765635,25.469999313354492,2.4772774670705178,-0.57842413007307,5.267505201141431,1.103148307931485,13.049261149473262,20.862565201968238,10.403119419913494,2.669807817155558,61.45951035781544
VVV,0.5048000846167132,37.61000061035156,2.0722270368359186,-0.493887439355983,8.642903604743353,2.134564774797897,16.116089283441703,10.782467706469424,4.8508551163395905,2.964446593166912,61.45009416195857
ASH,0.5544647319915268,64.9800033569336,3.325685933920358,-0.12378622450027951,11.765049421305324,2.398697085396779,20.100558314588575,1.9108986248328148,33.173558484107296,3.6325098950071055,61.36534839924671
NRIM,0.5081239395707869,25.799999237060547,1.1011743799693594,-0.5887082213246085,4.791347443624996,1.3358833946619038,10.812996580598558,20.896647323287425,9.261522308606718,2.8367433200731407,61.322975517890775
LGND,0.5162832931766757,255.5399932861328,10.872403475799302,0.2345748280050481,10.023009903402706,2.1138480253498413,19.85365847714405,0.0,35.36391298769504,2.9578830438073327,61.13935969868173
ORRF,0.5092803640170206,39.939998626708984,2.569268622779676,-0.5732622854587364,7.18406599616834,1.4000572673927862,13.498153410724486,0.0,15.854157419755625,2.970527430693785,60.83333333333333
SJM,0.5112388388457255,116.48999786376953,6.000930816577781,-0.288752125693182,11.086208763735272,2.5564054268629914,15.86432942395193,1.7856741600424986,1.5808774904133036,2.92391781406442,60.64971751412429
SPXC,0.5269158579881917,230.0500030517578,2.2135559137740772,1.1169702455324753,5.164753602275848,1.8837258706752353,14.45842915778095,11.103143210845738,13.230302271464423,5.080882477724476,60.569679849340865
LOB,0.5146535940336745,39.029998779296875,1.9765444938095862,-0.579415529172665,4.203372545602783,1.0054738502132377,9.877255970037247,22.313436711892383,-0.7023684639671011,2.813746776017639,60.40960451977402
CAKE,0.5406735762639734,75.27999877929688,8.842193632665476,1.1638130842319232,15.74326599646006,3.6345100652296436,26.54227039008482,0.0,21.503328316063257,3.608905569301734,60.38606403013183
HUBG,0.5269158579881917,46.380001068115234,2.2092429001793605,-0.224316406370816,9.351396890994273,3.046755180438074,24.533752766291027,10.885378274147177,11.250123755968515,3.7132129245624714,60.00000000000001
LILA,0.552664886121563,8.15999984741211,2.718870031469903,-0.3422321033115989,1.9770540673007955,0.9067358179848861,13.649025659708933,17.084379929409696,1.872654359867431,3.3044473413823536,59.858757062146886
IRMD,0.5432380938734892,93.5999984741211,5.713360813953287,1.4478559980689576,-2.1002935280596557,1.6299587938543414,8.283197397507534,53.99131927965553,7.6488123858871155,3.539225178381057,59.79755178907722
INNV,0.5649662050120707,9.109999656677246,4.289849611425719,0.3771292325457491,16.71406606463395,2.8625818267736793,27.949435432925,8.827706112290375,17.09510810836737,4.171162547579594,59.689265536723155
SMP,0.5235238042350369,39.400001525878906,1.8547134641385052,-0.37133519183951325,2.079154056397448,0.41840244056217024,6.486490610308221,21.57861481128061,5.080791394460062,3.3946724089430558,59.298493408662914
BIRK,0.5406735762639734,48.75,5.303307813195239,0.28823348871633847,17.58888488748597,4.244405101202433,56.30009350658687,0.0,18.497814105659412,4.194139753069196,59.27966101694915
PAYO,0.5236788631550632,6.75,4.199914276515733,0.9758970553502354,26.073964038232646,5.155652095558873,46.73913346682503,0.0,5.633805023161306,5.042328910222129,59.22316384180791
COFS,0.5245160758139397,32.56999969482422,6.9035437137214215,-0.16990224585609232,3.2493248297749604,0.929465757539747,7.598279491914109,0.0,2.0916213480090255,3.280845481083709,58.804143126177024
GCMG,0.5413501097256745,11.350000381469727,1.5677719417335978,-0.4508591336216299,5.313357283965436,0.5472583643569016,7.78612890440433,23.329593857392766,18.464639939400545,3.3278429794488398,58.65348399246704
SGRY,0.5021787991410298,15.3100004196167,2.9232990012145255,-0.3743042770854084,7.85741409083559,0.6164731851980059,9.74910845053061,30.041513656011254,9.985634594859647,3.174861533692106,58.60640301318267
SWK,0.5406919148364935,83.62000274658203,2.698526538515576,-0.47483255017526976,7.702329276386553,0.8294625133792947,12.475137486376015,13.307349962927468,0.9709674316713104,3.1712700653785286,58.587570621468934
RRR,0.5292036759352748,63.11000061035156,4.853114496938192,-0.4901572114973768,8.087896371678399,2.8775161236032956,22.686629655849842,6.3021630373777064,16.957008304216796,2.851258429559518,58.57344632768362
CAC,0.5422002878111922,52.68000030517578,5.002371139487715,-0.37249210734805194,5.483416013832178,1.3310205596475317,11.280101679896537,0.0,16.686866849777356,3.2188949332284187,58.47928436911488
GFF,0.5118056609911588,93.72000122070312,5.045422087283659,-0.3894904750616592,8.222800192269917,1.6628860177673903,14.788914875862194,5.753038395941964,-0.6787667999764418,3.013630280729428,58.44161958568739
SENEA,0.5467943776513013,175.3699951171875,7.802327079399489,6.50815187556969,20.763263508295402,2.040916587734279,26.329049030621178,0.0,18.63752295205617,4.376461193882474,58.37099811676083
VMD,0.5096422690883567,10.449999809265137,11.205200935854911,-0.25364055148452874,6.4534173253154155,1.3734707423273744,11.764699281272694,0.0,22.724596449752514,2.6814747411302196,58.323917137476464
MTUS,0.5583067673297032,20.479999542236328,5.357918872475903,-0.15575707314691745,5.575170645888107,1.8721770617126672,14.605476106787025,12.63102087642754,38.19163268273824,3.3562358420671656,58.27683615819209
CDW,0.5234437179230447,132.19000244140625,2.624036768966718,0.5050755691692376,5.3693155281186105,3.845561394613554,30.277074751988508,32.610817833142995,-4.9807744975493975,4.670227336543978,58.26741996233522
FTDR,0.5286384500511202,68.83000183105469,4.447372700590407,-0.5757260215534697,8.782580059051368,1.2027956268078208,11.918702164122767,1.4562172447357857,20.458527416994414,2.838254718368923,58.25800376647834
HGV,0.5368495915974366,50.779998779296875,8.128537571463939,0.7213746218607406,2.3996745775829296,1.7043006277127208,13.196607419232384,5.797161750789102,1.7227576960716555,3.747678299594092,58.206214689265536
CHRW,0.5292036759352748,193.74000549316406,2.275116044750919,-0.6414460718805967,7.728353291637345,2.3118195506625234,18.83580465195621,7.620414889752322,16.264436855732864,2.9518530381147174,58.196798493408664
HRMY,0.5331545319605046,34.459999084472656,4.40264706011125,-0.20868339700166944,6.515548980282435,2.1456478144901916,14.52309375067814,27.909503647908036,18.17558046849289,3.326609985891534,57.95197740112995
EE,0.5050519831045938,34.25,1.7040517417031609,-0.40500643351118165,-0.6327567159843174,-1.2499225893354833,-3.876230917516421,55.78827197084458,-3.9041630890913197,3.174140381241243,57.88135593220339
PPG,0.5147659484832543,119.33999633789062,1.598098584819751,-0.7631224530689877,7.624528723445338,1.500741494297453,16.270456983034364,13.4964770816676,9.606598875307943,2.791545387072007,57.862523540489654
LAD,0.5173463652029303,313.3800048828125,3.8594040719785525,-0.39058878373539824,7.124871054626573,1.9054145755576495,19.647216255614556,26.07427890867774,-1.7999611554205652,3.090383647878188,57.73069679849342
IIPR,0.537543836729345,60.4900016784668,12.471314086944394,0.5440651759820408,4.933562040822168,1.30840163442375,12.060026289952368,1.1761001374453552,4.006192979930521,3.1943892753451073,57.73069679849341
DBD,0.5502244026556327,81.72000122070312,5.198948364707761,-0.04959093946457856,2.3652245040873496,1.6223355823414873,17.245344043866023,32.53575034634982,-3.301385451389336,3.4177683746583747,57.725988700564976
DNOW,0.5413501097256745,14.029999732971191,2.8152105533310867,-0.46959201482048163,5.683400411339664,0.629145293494885,6.773206745256815,15.002200877270491,18.39661840624446,3.2496688431176777,57.575329566855
GGAL,0.5371838237085254,55.15999984741211,4.537644367734775,0.09575057156256904,16.040811153161595,3.749699943344213,35.22921943858627,2.9402193108147583,-0.4511820983287086,4.297369800213776,57.54237288135594
SPB,0.5213611887952279,83.30000305175781,8.324128318175315,-0.2558417160558584,4.299750378614223,0.6110455153028745,8.721728068554837,4.830412577492786,20.164488125397874,2.919309663204179,57.532956685499045
IDT,0.5197777256409316,54.630001068115234,6.622509360118607,0.27651421651632546,0.9484572144197604,0.7390250439393681,5.191356915089929,9.160247286476384,6.432214351181116,3.8389488097095312,57.51883239171375
TGS,0.5704742670857071,33.060001373291016,1.5461345596584508,-0.3709821184355176,6.827116116093547,1.3788401934807195,12.372540066056581,19.74831671145453,4.752857834867248,3.723749004930606,57.46704331450094
TPR,0.5502244026556327,147.4199981689453,1.8222810256199171,-0.4740166828206522,3.853347897709409,1.4622899454298006,14.321826741443944,24.976633717410397,3.5249290693487105,3.3438874560213057,57.27401129943503
ARCO,0.5196919661056186,8.829999923706055,5.273556457968623,-0.47450014286961795,1.4289644494194025,0.2865495753178928,8.610083632540924,18.4424745539369,5.912756428546184,2.839345822306265,57.175141242937855
TRIP,0.5343901397764073,12.40999984741211,5.135332407922905,2.377693428043464,7.740501200184107,3.389113060013628,31.183930201454253,21.097099142334468,20.251940059974686,4.684472012650023,57.03860640301318
ARGX,0.5438991731196369,893.52001953125,4.559062905962461,-0.5376191977733272,6.945242754967561,1.3157208597503258,11.785018683850378,0.8685171054614027,15.811437740847373,3.0358018183843667,56.666666666666664
VMI,0.5526128682820536,546.8099975585938,14.664401064856616,1.5264431950681412,4.429282602915487,0.42597124205158327,7.90527825525697,1.1129064468691563,19.19044633543069,3.2873139656507324,56.56308851224105
LSPD,0.5125794929831823,9.630000114440918,6.3928173631592475,0.6041951231425756,-1.8981961964468343,1.1677626817860558,9.060024887389734,22.74731293448476,3.4371609061970574,4.082482202712903,56.3512241054614
SLM,0.5125794929831823,22.3799991607666,5.303710844936553,-0.20319777854980814,-3.068189885891936,0.2951280557759453,6.355141084560644,43.86228461509433,-5.516642780331634,3.1799677416698633,56.341807909604526
CCL,0.5278811263806449,29.18000030517578,5.127549295662316,0.13633062220036535,3.7904434429690452,1.6380360846354767,19.150676103301468,26.806444431359573,-5.223535615397823,3.99735625010295,56.12994350282485
NWL,0.547786910503659,4.920000076293945,5.238402640959389,2.04986085508147,23.630181202817646,3.018591561097816,30.687501531557672,0.0,49.357154060605744,5.852462172286174,56.09227871939737
MCS,0.5248513308694647,22.440000534057617,14.044294252701661,1.0276409051785789,15.344418937321949,3.784833510510148,29.961581596138465,0.0,0.5376381759353206,3.4033224683611363,55.98870056497175
APOG,0.5302040448708162,40.13999938964844,2.614246290006202,-0.5678328007370531,8.281627480316422,1.6577318297329737,18.024114585309533,7.115803228633992,27.471113705368115,3.3311988967273,55.66854990583805
J,0.538707147351696,127.0,9.085533953211703,0.4485649442313906,-2.214399724695899,1.7931070012663506,15.28565399269539,60.27918205607962,0.6177365424137042,3.1811026539925917,55.66854990583804
JBLU,0.5239329828004013,5.010000228881836,1.5757998093600452,0.28482981959149695,-0.034913905372027695,0.29474584430719497,9.388653105783156,42.407162585831436,5.473689027938927,5.410605858632895,55.48964218455744
PFGC,0.5162832931766757,104.06999969482422,5.617944850864659,-0.6726959311885378,7.137341908014324,1.1043337328732172,8.440135845584756,0.0,15.813486521028999,2.7954396351555637,55.348399246704325
LFST,0.5257438813683087,8.5,8.38551403735519,-0.09469899276415397,9.939856348830018,0.6836825830332838,11.111109724510815,5.277437937058991,12.285334308145252,3.4016805536606736,55.207156308851225
MGNI,0.5412202373697141,16.25,6.051543875025135,1.4827113722268124,13.149739678337374,3.2236042485220593,26.75507321808295,8.13054922951939,41.304347822495274,4.925275530133928,55.19303201506591
URBN,0.5377477627718209,77.0,3.819258927444042,-0.40412239109848286,5.679229382697148,1.7355724665148449,11.675131846175212,9.243443544162158,7.662197446968473,3.5384961979287457,55.028248587570616
TBCH,0.5268215226654328,13.289999961853027,5.7459770926172595,0.3331775199431307,7.398278094939694,2.488819039275197,22.601473934981637,19.15091867338322,-2.9926996575934597,4.342685639349035,54.97645951035781
XPEL,0.5543599592148307,45.130001068115234,4.513092798721194,0.1303133901274825,-3.928641274194955,1.3598233536097941,8.773196534840961,53.123422577162096,16.494576955672418,3.987369851730107,54.9623352165725
LYTS,0.5533031454878176,25.579999923706055,12.089531931566611,2.355442788554427,7.418061190029508,0.8149524730825025,9.691253251973762,1.8546238936354775,18.564509876975873,3.8241376195183316,54.90583804143127
BDN,0.505300176140945,3.240000009536743,5.810365349606694,-0.637449618842757,4.871338776122091,0.8816329831791946,8.36120398391309,0.7263517887570706,18.347374666286285,2.821869942770606,54.77401129943503
UPBD,0.5081010432001548,18.940000534057617,2.469817770254512,-0.4008037457372867,1.1740763444214701,0.816732246181971,10.566266560776363,38.382379286415876,12.45950954063674,3.5412584975954218,54.736346516007536
VRSK,0.5319336960534787,183.8000030517578,9.509810861586407,0.2975627153854825,-4.47310431872273,1.8592789631478541,13.072900400440487,46.20287450114514,2.9414700521810286,3.2657787006687102,54.72222222222223
MAS,0.5118056609911588,74.02999877929688,2.605262424150393,-0.8985056330508009,7.201115144447055,1.0306461488346916,14.191708418719626,11.005035187529048,0.5739287188993876,2.704983391443406,54.66572504708098
KMX,0.5544647319915268,51.2599983215332,4.785307747941378,-0.1321366919691051,17.280981492318002,4.539692320180614,38.803135384651014,0.9919914770098381,23.04368341107184,4.303689779393186,54.66101694915254
UFPT,0.5402205347547513,234.94000244140625,6.1555777716385185,0.1783654990748272,4.492548760634781,1.0167315820659504,9.810706142773988,29.527565634452447,-2.173551441157378,3.9905335719891624,54.557438794726934
BRC,0.5392585250326398,82.62999725341797,2.5470900006641686,0.028668316378836586,-1.9945867132707458,1.349475580292123,16.44588263718631,55.079708871205604,9.763547546768581,4.510643395497889,54.43973634651601
RYZ,0.5406735762639734,30.40999984741211,5.220855504294773,-0.3923543659903544,11.377839882147393,2.3681467580037205,20.626657059253567,0.0,53.53582841494931,3.593007677559993,54.36911487758945
SW,0.5118131643790788,43.31999969482422,2.8093347464464657,-0.27601199690273764,5.26036725181533,0.664769893148223,15.581644140232607,20.34914728727541,-12.087594093097277,4.15595004341665,54.30320150659135
KINS,0.5213665168560585,16.229999542236328,2.5074313674088877,-0.5553046440525808,2.1846324136730733,1.3905247900882485,9.959344786312787,33.86525742445856,-1.5504780922339692,3.2721606770276948,54.26553672316384
LILAK,0.5535000849448506,8.199999809265137,3.3221280780573688,-0.5232171053800774,0.6703150053339132,0.6254387763038677,12.021852689162067,22.084453084796156,2.117062041418932,3.317074985768404,54.256120527306976
AAL,0.5395242414459085,14.979999542236328,8.505276537805766,3.0760063395902204,8.724048972958402,1.8292006135361236,21.68967531591578,17.03779613895217,2.2525592646850563,4.410595603915962,54.176082862523536
HAE,0.5564324686164159,78.19999694824219,9.280496865961602,0.5344348274710956,15.229608667969416,5.3314088707227825,38.92342454427254,13.945792097259647,31.782940254195402,3.8947753976686164,54.143126177024484
JOYY,0.5269158579881917,67.83000183105469,4.620762652330158,-0.07132151928054545,6.3783114531456215,2.3318890868084003,20.415408531827715,9.990900210417706,12.077890897554825,4.3754365960711885,54.12900188323917
HIFS,0.5279290441404599,294.1000061035156,2.0840179149200146,-0.5124120942024304,1.7928046168670302,1.4357604139067173,11.859117253633004,34.60639003887115,-0.5907673962312692,3.4541229733409016,54.114877589453855
STRT,0.5457953476661318,79.4800033569336,5.06486032480105,0.9301364977580188,0.7368141762663548,3.154981959154959,18.786428047611434,34.924955369933656,23.897118419601913,4.7329978745727646,54.10546139359699
THRM,0.5037210291427241,36.36000061035156,9.179630024961071,1.2202782365698825,5.420334111821033,2.219819104890382,20.517071654621024,18.869655189924842,13.76721417954895,4.030134968819062,54.086629001883246
SOLV,0.5112908893877145,78.87000274658203,7.268633662121379,-0.24806858226851242,1.6241602155829593,0.9823761874252579,6.207918768750378,20.120249187710666,5.23016138478906,3.3038086595621774,53.87476459510358
WOR,0.5162832931766757,59.68000030517578,4.417485468936477,-0.857854634655969,5.723750511103275,1.0291011853447847,11.802171432899465,0.0,20.54130948942885,2.7527753301293747,53.846516007532955
TX,0.5368495915974366,49.54999923706055,13.92884141826942,2.1781999602404634,4.322376799902755,1.3613463867703623,15.825153461392155,8.869043581357076,-3.2982091842582397,3.584402226701023,53.79943502824859
PRE,0.5548224426656349,21.6299991607666,3.032262201688387,0.9256175490514329,15.478553281437332,2.2993214164374214,38.565020090366396,3.0077330650098157,38.565020090366396,8.583647394172537,53.77589453860641
MYE,0.5406735762639734,27.100000381469727,9.764179946777386,-0.168260679718955,15.412462556478019,2.180156755659493,22.568971656003633,0.0,19.73114307965623,3.384289470163794,53.71468926553672
CWEN,0.5062993542314244,37.470001220703125,4.037400274404561,-0.298764656028768,-3.4377530165251065,0.05940045430746578,4.266697577569629,55.35329396280289,17.52930085313633,3.4066357455476823,53.70056497175142
CNK,0.5544647319915268,33.79999923706055,9.437034834450705,0.02744162120216278,15.499350716484253,3.9409729178838053,30.632869624647824,1.0908627553763581,55.127838470630174,3.711661836421042,53.441619585687384
PGEN,0.5067469106395847,4.449999809265137,0.038472356633290516,-0.019176174534728484,8.086221622658714,0.04862063982871917,0.6787269784293336,21.39747811450019,14.395878897561056,6.709631048648995,53.42749529190207
CTRN,0.5649662050120707,50.63999938964844,3.649372996743942,1.198058017292544,10.978158671246451,1.90386917797139,22.318834596589262,4.255202069035995,21.93595202962932,8.314995746453228,53.22504708097928
NRIX,0.5409875794615738,16.950000762939453,1.70957781429503,0.5713215742499619,1.6149018452848485,0.33342004883484666,6.9063465925500305,33.165549322995666,8.37596157785395,7.846608071976213,53.036723163841806
ROIV,0.5025196788650633,30.040000915527344,9.695143300678499,-0.29640476369273405,2.1273737072814147,0.011900683016637773,2.5606008075499944,3.717511455740906,16.343924362577013,3.096822775244059,52.96610169491526
ICUI,0.5152948958783359,142.1999969482422,7.32054386212672,-0.11748884505707392,3.7268457760395757,2.162374665594786,19.777624230049874,39.12731659304782,-2.0323782792066067,3.399639574334042,52.95668549905837
NEWT,0.5541326213278818,14.0,6.3084918851058225,-0.4921089772184514,4.329681378930187,0.8302964381519821,10.410091979109135,6.3814268313141405,18.23768941856035,3.1428580381432356,52.88606403013183
BBAR,0.5529451976895948,20.6200008392334,6.934497441416363,0.955819051783819,19.85585204868201,4.333060710244001,44.60028406608423,1.317816972001798,17.82857622317207,5.323646154838038,52.87193973634652
BJRI,0.5406735762639734,52.619998931884766,11.92050187762073,0.43151511697809564,15.90691120203668,3.2253295794059036,25.10698338932652,0.0,27.162874754391254,3.9406536078027776,52.83427495291902
MIDD,0.5405802058205554,158.5,3.598019665330105,-0.6549288772538613,3.973971073326734,0.8167615408383493,10.391418009868264,16.015438012696812,0.17064038409263405,3.1293376494549907,52.80131826741996
BMA,0.5529451976895948,98.70999908447266,6.44493627798905,0.2467376101419017,18.107535829150848,4.412760772999345,41.348342618224436,2.5754171385823437,23.411932293736758,4.755654670308881,52.7542372881356
OPY,0.5674105040018934,103.41000366210938,11.9044007274881,0.5125436338756003,2.5957056665676292,1.0769113138353235,9.59093153150011,16.780763642551406,41.26573222880983,3.6032011141084697,52.74482109227871
RHI,0.5362189036391078,32.4900016784668,10.393616749664716,1.6467900419114037,12.572193051713478,3.835515972291268,32.20904935592684,3.34018395606617,-1.5819804174787084,4.379368847526225,52.71186440677966
IFF,0.506384938367146,78.2699966430664,2.502310815837039,-0.6463156739387961,4.611761205227601,-0.13547595345434071,7.072501062643487,16.390190308731057,19.70845480339034,3.380241484014705,52.55178907721281
WYNN,0.5165829239119417,107.2699966430664,5.468304722937926,-0.374536473287104,-0.18226998055500718,1.6027496740255511,12.714089215925059,39.640174277242565,5.899744185210552,3.2721161334322,52.38229755178907
RELX,0.5125794929831823,33.7400016784668,3.1442341376655594,-0.5808740154593163,-2.689306398275313,0.7462576910981162,4.135802745182689,42.15002847154007,1.0000614353985733,3.194596406809904,52.26459510357816
GIII,0.5544647319915268,35.279998779296875,7.178594434807267,-0.15547701809841158,9.732197625991809,2.579563883231911,22.798466206737412,0.9882274158340688,35.215470029519004,4.0046970083603295,52.25047080979285
XERS,0.5012942213451748,6.789999961853027,4.771505278507612,-0.22642160407419057,4.528543286529582,1.0964202286746865,8.814105942637976,36.30855641973235,10.94771386786164,3.829161916102463,52.24105461393598
DD,0.5062725046054818,48.2599983215332,3.510469847488068,-0.6506053307430175,1.257851207475299,-1.1959621373181473,-2.1293916497541563,24.842547139469488,17.900960564231667,3.1333416510945775,52.20338983050847
JHX,0.5567898622893956,24.1299991607666,3.7655998837335245,-0.40615182607592154,9.34879800885305,2.353950160750339,25.220542746757868,13.581390778904964,17.19280709943002,3.9014862244899167,52.12806026365349
GS,0.5548224426656349,1062.75,10.761081644246126,-0.09048430226071674,5.042842774002291,1.2104190762450722,12.542702584460178,1.7385633203680422,24.835834827843936,3.490066174533873,52.07627118644068
IFS,0.5422002878111922,56.849998474121094,7.809847849252156,-0.2737744549624929,14.296625910739595,3.1330344905313585,26.755853752495813,0.0,29.205706976619155,3.7391635802238956,52.07627118644068
BBSI,0.5343901397764073,34.16999816894531,5.055611934974444,-0.3788163967784727,5.5326674279916706,2.4984505040609934,14.042439636340667,20.930878727860815,28.06717426615964,3.5620202123624973,52.04331450094162
PAM,0.5534134534572605,88.4800033569336,0.3603836325675091,-0.6832543237295202,5.978036164056843,1.078107053539664,11.491938856257415,8.240446147075586,2.1591071855239528,3.818876682807971,51.97269303201507
CLW,0.5456858807314683,17.68000030517578,6.626447896553961,0.41441474781898785,12.333019404760066,3.3208226505863214,33.43396456484107,19.929486060403654,37.16058831575381,4.722850042391347,51.911487758945384
SHC,0.5235238042350369,16.190000534057617,3.999884466192818,-0.6272810727162121,-0.3002046742532174,0.7219177162044478,6.024885714826184,28.606222947404508,3.582856145109515,3.1011214849428104,51.80790960451978
BNED,0.5552275780902151,11.119999885559082,9.103385894174888,2.473776341027312,9.278876014237051,2.271694200820349,23.968779869420718,2.3955940603013257,32.69689419299009,5.049461135412749,51.789077212806035
TREX,0.5281068090198366,45.630001068115234,2.678995394656652,-0.4741167766186153,11.481659939029624,2.39152493539167,21.875007322636247,0.9937635980491475,16.43277026514846,4.336903196084691,51.73258003766479
LEA,0.5541326213278818,145.16000366210938,10.980204172138878,-0.26039603575109294,3.2009193393787383,0.7091061557576123,9.947623163617784,1.7448304749096026,28.588724365856454,3.1828659806827497,51.680790960451986
DVN,0.5189990747120837,45.310001373291016,6.729840291226627,-0.0746963374248359,-3.8653285530870107,-0.4727041182887963,-8.446151067539864,49.71874105110389,-6.884501612324629,3.647097997136662,51.59604519774012
SXI,0.5544647319915268,303.1600036621094,7.831565826818075,-0.29664846542939116,9.389348378324247,2.4166760119486246,21.902770793256053,0.5229918608185498,22.08676071755497,3.6397947936936417,51.47834274952919
BAX,0.5131707551133703,20.860000610351562,5.031995391394164,-0.5582344421728314,9.119670401017087,2.3305504055969295,20.64071691695834,10.574136559468272,2.458723132172346,3.3159668141699026,51.44538606403013
M,0.5406735762639734,25.3700008392334,7.235270228198443,0.0009447416224861562,17.274537679315287,4.418969797405613,37.80554616583335,0.0,43.171567843582515,4.674588172361717,51.398305084745765
VNO,0.5292036759352748,38.27000045776367,12.077006538236287,-0.33969292718349225,12.020139716375935,3.4098133446995957,25.14715681161512,3.2029316047916883,50.60999876847774,2.9228421133288744,51.37476459510357
TBBB,0.5139903505747832,42.119998931884766,5.741441184656127,-0.017084046437574215,10.888792425378039,2.3041594347103143,15.207870212235658,0.0,11.369643764262955,5.192648103677895,51.37005649717514
FIZZ,0.5197777256409316,36.939998626708984,4.024039457637808,-0.6137652775366947,2.5214014611534075,0.9243301591336267,7.383712174679462,11.399288081502394,4.173715680784262,3.350995105966579,51.2241054613936
TFIN,0.5139903505747832,75.68000030517578,7.993160403014349,-0.46440461311645986,8.943030575198861,2.279168636186772,22.857146395452098,0.0,12.418301616347339,3.329808876438157,51.186440677966104
CNXN,0.5550250566230085,72.86000061035156,11.278073977866805,-0.164923606908544,5.4528353851438665,2.1179588605789825,13.400779159871679,3.225080480239532,29.89647896772788,3.3308016704188357,51.13465160075329
ACCO,0.5109029294931654,4.039999961853027,8.899393012231416,-0.5343674905286926,4.015868295398324,0.6714632129383254,9.58151149774475,1.9089982063759299,4.310504612775706,2.9349382163706963,51.12523540489643
SN,0.5529451976895948,133.8000030517578,2.76233742086509,-0.5258208070035718,12.730170644862554,3.467799828174783,26.668566250636378,0.9898478612924841,26.668566250636378,4.259661687923428,50.82391713747646
TIPT,0.5121696420031242,17.719999313354492,1.6557059501260585,-0.944095312742874,1.6550471840387322,0.7960745108160354,7.134222345001058,12.24967543420259,3.2768883743233745,3.107868949766964,50.64500941619586
TAC,0.5392585250326398,13.390000343322754,3.1600658884858785,-0.32309708589856007,0.2808491411649767,0.3306161754152914,4.773087817287568,23.345587637779662,-1.3264506671791196,4.539634110388802,50.29190207156309
CVSA,0.5209518208627532,128.39999389648438,11.26666903165307,-0.4075877279177242,2.7520540214226474,0.2708153906464452,4.449681589266043,4.8896950286721355,20.57469853698195,2.9556015224428647,50.032956685499066
TRS,0.5283034656162545,41.31999969482422,7.415782821138828,-0.6625336494607877,3.587454581496425,0.24754619853443022,8.65106763356478,7.121853525693668,17.85749803389152,2.895519313322834,49.929378531073446
LIVN,0.5263503437652433,79.38999938964844,12.395012204283914,-0.12832523507988639,6.798857776837989,1.4915998224453215,13.414284842163276,0.8062690897490338,12.946362719396982,3.4813682723993566,49.868173258003765
MBX,0.5131897526369589,35.5099983215332,5.099297891637976,2.8959908729264865,7.073661363551557,-0.9557592012807901,9.42988439616377,37.25224153381159,16.73240707529954,6.948545368250284,49.85404896421846
MHK,0.5118078154399006,107.63999938964844,6.936989302069165,-0.28569404813559235,-2.4404987257935833,1.1043567542993,11.474732923658644,53.246012434442704,-0.22246743592654541,3.372682883264735,49.783427495291896
SPOT,0.5165349091527097,482.0,3.651490697353838,-0.3113828193848612,-3.202015229372448,1.820755870568036,10.3126281198145,59.91246220011983,1.256252074352241,3.983654662145265,49.750470809792844
ADPT,0.5579496257243994,17.600000381469727,5.735572688038966,1.0127043633256645,14.246768933695975,4.580412119921046,37.17849170504151,15.266373632854046,41.36546707380966,6.884740395381287,49.609227871939744
WWD,0.5506940566923998,386.8500061035156,2.872807343772665,-0.8755543213474941,4.92932002682339,0.5707929022302694,10.87818052138479,15.820674772994533,4.403291211706309,3.1054840051526074,49.524482109227876
CRMD,0.5343901397764073,8.739999771118164,6.211028855163196,-0.44806122196350784,5.1428546903428085,2.1693708359576824,15.761583445865568,14.864975608914499,16.37815585334118,3.5264801600975733,49.515065913371
MATX,0.5162832931766757,201.94000244140625,14.622158335387217,-0.46789854716703766,7.85866538815391,1.3909496336594056,12.263729686266505,0.0,62.64398197344052,2.7723936365546,49.463276836158194
KTB,0.5375916328513438,79.01000213623047,5.882482627619902,-0.3089813383472264,11.035653582746582,2.936703109706512,28.90573138838821,2.0526327716671373,2.577157225723672,4.287445077775122,49.439736346516014
GLBE,0.5165829239119417,32.72999954223633,8.643066053831802,1.1762667737574477,-3.1795271445595312,2.1285323839701706,17.353891209516306,49.76811471110717,-5.975299479852582,4.510715992762615,49.420903954802256
ANGO,0.511906319218541,12.100000381469727,5.29659850542635,-0.6031151327951791,3.564860075037149,1.604487588652527,12.349116685726958,9.076079293660326,5.769237982844575,3.3618639952377087,49.312617702448215
TBN,0.5020012583574477,40.369998931884766,11.071081858460937,1.7174026215287164,12.07351094192723,-0.24533594247741694,10.63304213439177,10.771938057250118,12.92307393498052,4.704677101911546,49.28907721280603
KYMR,0.5143627934500414,86.20500183105469,5.1792938593550435,-0.24958753027858124,4.044215412546288,-0.39482055496827384,4.859509537797804,17.637420876627257,2.6372235070793617,4.414302582942599,49.25612052730696
FRSH,0.5165349091527097,9.444999694824219,6.44694279548898,0.19704814001222118,0.754723973783134,1.5903551511417444,5.412942573194676,20.38485979082715,0.585722571721925,5.155410044629334,49.25141242937853
HRL,0.5048000846167132,24.75,5.196287250578705,-0.8947353969811372,9.042666040044761,3.066038050906019,25.37994066219914,5.062421855131578,6.543265121183513,2.8340536450582836,49.19491525423729
RACE,0.5122176808946028,354.9100036621094,0.7669326295863559,-0.8926733880217598,2.3071691889774972,1.0646152118018262,10.495015620748237,33.092160752966436,-6.254944316520336,3.2821188947693085,49.058380414312616
HIW,0.5286384500511202,29.84000015258789,12.698294949358177,-0.5015241553168258,10.210339052216039,2.6554342698726856,19.503407981408248,3.0196037068441797,41.21795973878915,2.7898799632314906,48.888888888888886
ALGT,0.5406919148364935,91.58999633789062,6.140216026756297,0.3945110758712593,4.746606642993598,1.497659800578943,22.28303667793956,24.107898743755214,2.8985441407837182,5.702821808666729,48.83709981167609
DRVN,0.5295666083953027,13.430000305175781,4.381985343229847,-0.19815490440545963,-2.223568174959454,1.0264478067056373,3.307694654943879,36.53481795830933,15.77586089110485,4.585682132049308,48.79472693032016
SKYW,0.5377784439218845,91.74500274658203,11.453048555068593,-0.11942322842712885,-2.599648734953187,0.7705562936340864,12.916926457172753,53.260491168427706,4.386168373718033,3.1628814948112485,48.653483992467045
AXTA,0.5406919148364935,33.11000061035156,5.034883253237415,-0.52598335794214,7.874468594180219,2.3579037365139177,23.498699252781748,26.169595750387074,9.165844686933182,3.522889401136157,48.63935969868173
LEG,0.5346619197952126,10.600000381469727,8.989240114695649,-0.0641481553777011,-3.048088406999141,1.5590994047556594,15.594332531322861,63.88286085963919,-5.777774386422184,3.5074122212870846,48.60640301318268
CHA,0.5170088617297772,12.15999984741211,3.182952049547426,-0.06523432666533671,9.712634956871371,2.2698962387485144,23.577232302972,28.35621924906947,2.1848759428119955,6.337524436224083,48.53578154425612
MORN,0.5012942213451748,175.22000122070312,3.6760805080357173,-0.2567103027674882,-4.729521823985814,0.850602793130317,3.046346823728258,59.123057135330306,14.108038973776063,4.378578498515958,48.43220338983051
AIR,0.5426074403877581,129.00999450683594,4.978806036680853,-0.6716702862224171,12.87477138983228,2.0773937895875916,23.395495687106937,0.0,41.24151486626043,3.6021499235438443,48.3286252354049
NBIX,0.5025196788650633,159.75999450683594,14.797725184209295,-0.22606371777020373,0.2579206371550229,0.22516961187819107,0.845850494489428,7.811538854930931,29.78066327118919,3.119857729442935,48.2909604519774
AIN,0.5406735762639734,70.94999694824219,13.122601644278687,-0.14202356772393418,9.527962600211916,1.7169062563687463,17.461486116019103,0.0,30.643898519984823,3.6272155152066374,48.27683615819209
BURL,0.5267592891930274,338.45001220703125,3.094602976651862,-0.517823581365408,5.508516805978145,2.2584764855731816,15.275887319821763,2.688640000646988,12.621464321798431,4.586769993060879,48.102636534839924
LTM,0.5239329828004013,53.25,6.97671593184574,-0.14390616914387538,-0.7255789598235166,0.6200835162290369,13.51524232162729,49.250832448105136,-12.71093899029351,3.980254103560163,48.01318267419962
MGY,0.5027800341681877,27.6200008392334,6.042417723814179,-0.6678701488779003,-4.2395561827726,-0.5938261685558094,-6.562918341316375,53.088455231814336,29.16647117253633,2.858952638336907,47.886064030131834
NAT,0.5072851694481083,5.559999942779541,13.230145937982742,-0.026757291679880852,3.1686837758313184,-0.3385487626453852,6.030041358165056,14.830177303836267,10.748597684955714,3.585096694660278,47.871939736346526
H,0.5162832931766757,199.36000061035156,11.905745818173473,-0.5315235281606497,8.75336628847276,2.360518826347341,18.213870154485377,0.0,18.12080324533461,2.994436044584712,47.86252354048964
QFIN,0.5061372972268969,15.399999618530273,5.8215013422922635,1.016962967726003,7.201198564070621,1.7852068398207188,20.406565005923902,29.78677658046206,12.081388447458206,7.205426318527761,47.735404896421855
DXCM,0.5541326213278818,75.37000274658203,9.628014343136877,-0.25360373094008976,4.376129490216422,3.4275320384674095,22.294339510164885,2.069844366281081,15.79352740345632,3.9102254316159266,47.49058380414312
CPA,0.5541326213278818,141.69000244140625,9.043518068105874,-0.33200784721756477,4.367133878669813,1.7731892486486756,8.878762136352144,10.936810165600392,27.548113177495026,3.674670337171735,47.132768361581924
C,0.5162832931766757,139.8300018310547,8.123634878832652,-0.925370485384197,8.355452379667696,1.4113787958381692,13.296065390888545,0.0,22.952939793518325,2.719628792441795,47.123352165725045
EPC,0.5644085741149073,22.940000534057617,10.258798962031289,-0.1591003414544711,12.48514531794119,3.4688476858882855,45.0546220670857,2.044002103422692,17.598008712200258,4.11078586057899,47.005649717514125
SQM,0.5147245218462948,84.12000274658203,7.44546314021756,-0.18484855913028267,-0.7298541673250244,-2.08849101978825,-0.16615165689223077,21.812222502888844,2.8738262363441303,4.371307087278941,46.80320150659134
EXP,0.5235238042350369,215.25,2.1853952083418866,-0.7168322737920958,2.2786395191981628,1.0078975947943445,10.577414954499305,41.52748882377925,-0.9243978294468811,3.648748377256771,46.76553672316385
LEVI,0.5267113591440451,24.010000228881836,7.022662125033465,-0.7423743349033213,6.077006331792693,1.5387032170380743,14.442329612072557,1.2875989378000468,10.7508663187486,3.141248941677996,46.7467043314501
MEDP,0.568966694219672,467.3399963378906,10.647476970422973,-0.21980777309470048,-4.942682297066018,1.6640839573942232,12.53883225411193,39.087550386032675,18.789075386869307,3.426381731827468,46.61958568738229
COLM,0.5116006846962164,66.98999786376953,9.244491235593122,-0.7019660644762913,4.564970205625251,1.9288733406253051,16.578839335309347,0.6661529084735014,3.017787246158054,2.9599291554572527,46.516007532956685
DKNG,0.5340297998617058,29.0,8.21974259911617,0.07793437906285154,9.657933449252374,2.583589709094077,15.999999999360002,20.29476974868722,33.27205742018266,4.976600496639759,46.45951035781544
CRESY,0.5521933023328176,12.359999656677246,3.7990573479233007,-0.42882591414999605,4.274462892882061,2.0509384127904857,16.27468977844475,23.719420424903216,11.35134443055913,4.602983287783038,46.450094161958575
CPB,0.516173261762649,22.809999465942383,12.525678664910142,-0.16501863645561,-3.0145532131660877,1.8238836255258482,13.992999524703562,40.74641860412,1.1967764293661625,3.3099517574694404,46.440677966101696
HOV,0.5284020249667665,120.72000122070312,3.16803624564297,-0.4357796495255021,7.087574182923197,2.063338600597239,25.54076187916775,21.503327942274193,4.5556921686242156,4.860715339333444,46.43596986817325
SENS,0.5456858807314683,7.179999828338623,4.3093716832419195,-0.11061525132304445,6.916168169285799,3.721771607375092,24.436739199803814,19.559464038277614,40.78431298417967,6.571825657439248,46.28531073446328
ESTA,0.5248170988525488,82.13999938964844,5.970624918654478,-0.14508617585390035,12.43583412153647,2.717142490559051,24.908754137865703,1.079419196782172,10.195865817914134,5.895856892949289,46.24764595103578
ACA,0.5025196788650633,129.50999450683594,6.440489319989148,-0.7106258174642694,4.533325444454233,-0.28210687850969196,4.325757325234872,4.506482859857173,20.54959101147492,3.309115893534962,46.20056497175142
RCKY,0.5502244026556327,40.099998474121094,4.929870123989573,-0.4901595319140418,3.934148204807296,2.6924868313975976,19.445753062896028,34.05192140771719,-12.139777000374831,3.9209521349380534,46.16760828625237
CBT,0.5166449353375829,87.6500015258789,11.760632447568405,-0.6359951377744392,4.953165364489243,0.4791914096697939,8.796592060672028,0.0,34.056358354339416,2.9425276508405833,46.111111111111114
XPO,0.5371838237085254,228.3300018310547,12.457246618133267,-0.02939759864913773,6.306306856693627,1.7140580172725821,11.800424329220066,0.4454754014784603,6.571762814930675,4.325977073581548,45.960451977401135
SEPN,0.5406735762639734,35.95000076293945,12.575679214556526,1.0947698312210905,19.714618635434206,3.8992827535660495,33.39517530568119,0.0,44.493577070469755,5.642759118858158,45.951035781544256
CX,0.5025196788650633,12.979999542236328,4.830668847022354,-0.7192536982749328,2.2530285083247668,-0.820376733178323,3.3439419470895753,9.80507292411867,19.01009737298156,3.5163986435194667,45.93220338983051
DECK,0.5406919148364935,113.83000183105469,2.1133716921263463,-1.0708087020483945,5.810123323781129,2.652194845742117,21.665246687880472,20.595311097909057,-4.617056038102404,3.2523428256758304,45.80037664783428
SLGL,0.5562765801210124,73.44000244140625,3.505484170823272,0.39145022560866904,0.2611672957118392,0.9202307403793349,0.9901006719018621,60.86779335970272,-1.4228155148718413,9.250407559962753,45.76271186440678
SPNT,0.5159436163650551,23.3799991607666,5.459387964924479,-0.9015317070198848,2.382198905372242,0.5329987115835546,1.8292686978358352,11.371416422406483,5.791849579840741,3.0000919177514787,45.74387947269303
RGEN,0.5339657132366131,130.58999633789062,11.14093212053423,0.8430123101037114,-1.9104906997421673,3.039452162266633,26.946624721423127,36.72359556629629,26.946624721423127,4.682594961356185,45.729755178907716
YETI,0.5356547099791493,50.41999816894531,10.285996254420638,-0.3232436147701727,8.362523336033565,3.405820211575178,18.162644322442755,1.598916696293349,7.139814486894322,3.8873478590289134,45.69209039548022
WAT,0.5235238042350369,355.5299987792969,5.9297144260447405,-0.5204500987512561,-0.3425349054329304,0.8209763871652244,7.991615776975862,24.80578697118706,7.998173024254607,3.7509394997420538,45.66854990583804
RIVN,0.516066273228474,16.760000228881836,4.2455972120624,-0.035829543322217584,3.9465812294057203,1.4163004593285258,21.53734789723917,32.16482298099626,-5.470949454843778,6.983890561630438,45.56497175141242
CAVA,0.5477603930086049,90.98999786376953,9.501241130863933,-0.12367561628304703,8.405569453911053,2.296999216043721,18.368667376731228,7.357348292989379,6.209874878566972,4.5132901233746425,45.419020715630886
BAH,0.5283500249204195,77.41000366210938,4.0206945534417535,-0.5702304457849654,-4.630014797973543,0.8495997983222165,7.324791311593665,77.47331924151858,-7.825593388972038,3.533865679010273,45.25894538606403
BLFS,0.5390526846221009,26.100000381469727,12.148578916250663,0.8788867984582598,3.2395887685345466,3.2467535754002594,25.72254380277666,12.084808572064663,8.75000158909261,5.109469021187428,45.240112994350284
CXW,0.5406735762639734,27.100000381469727,13.884895866334656,-0.27396312049620314,19.686431968397862,4.367365931948876,30.66538418627002,0.0,39.26002906495771,3.663679844548575,45.21657250470809
SEB,0.5720710843139462,5317.39013671875,4.797284741719827,-0.46490941196986907,-0.027141537959322573,1.6197294429765328,14.219584488809945,27.63667671114936,2.653993267829797,4.3063845970040315,45.18361581920904
RNW,0.5406569159751293,6.429999828338623,11.684065497708978,-0.2829815320967229,6.536324696242541,2.028569111206506,20.18691481786781,2.14049905943616,20.18691481786781,3.815819804663298,45.17419962335217
MTRX,0.5553826781709104,13.710000038146973,7.127683268988435,-0.41358862767455373,4.568682208949686,1.4901112181969238,15.696199127797774,11.280831582384945,35.474310205832744,4.136708661361142,45.164783427495294
CWST,0.5118078154399006,89.37000274658203,7.963747789833649,-0.4119437579032905,-2.0904933015049756,0.8566343161690908,4.918997917757067,50.98144219080909,-9.259818575394423,3.4675267190086116,45.131826741996235
MOH,0.5529451976895948,200.27999877929688,12.049174974827874,-0.23350223898536568,7.330613303826379,0.5664238437267424,8.265307763675466,1.8714354927830796,43.662573357563794,3.9145184120175647,45.13182674199623
LGIH,0.5535058944554857,54.04999923706055,5.729972839689609,-0.2696022997162012,12.092741817697657,2.902324073657346,33.75401989808326,10.018050206314602,57.85629844309705,5.225345871351629,45.089453860640305
JOUT,0.5410918231319958,46.79999923706055,7.577497239470043,-0.5484051180339097,-2.090764110148387,1.980743665119321,14.481404144135066,48.59912378087359,-10.097906888052115,3.2616011484055485,44.91525423728814
JEF,0.5535058944554857,61.65999984741211,8.142550780127513,-0.6761438322117532,13.408128247446783,2.032958152259906,18.96584539628162,8.027379509688755,62.82982288697416,3.212315460528272,44.89642184557439
AMR,0.5895507092354672,200.82000732421875,2.702667168187869,-0.1953254629225084,0.8399598562989946,0.8988790186998915,11.759143299908983,42.66310931291792,23.467577534489372,7.109457987043479,44.88229755178908
CSW,0.5299507766023726,272.07000732421875,5.637518264291695,-0.11608520846773465,-4.793915704772228,0.48231841797611413,6.289801940333992,64.68340611353712,-0.6361602216941307,4.720817583729087,44.86817325800377
FUL,0.5004630548113903,63.630001068115234,0.6626174269511393,-1.015565593678383,4.201364851142241,0.7590671307868049,9.593523188049073,20.326195627844513,10.12461476688924,3.6713366653260144,44.84934086629003
CALY,0.5548224426656349,17.3799991607666,8.445393457872386,-0.6447675354954192,11.567589446935047,1.3466919293419153,14.116872508279835,2.32123562049291,38.04605996619992,3.370048150129635,44.576271186440685
LOCO,0.5548224426656349,15.640000343322754,14.51769237025713,-0.1869717007477359,9.608244736739826,2.2427634167527253,16.369053805528615,1.1100941642849522,22.95597495884685,3.7746629837602805,44.57627118644068
BMRN,0.5235717651009253,55.95000076293945,4.79227806635213,-0.695862646115339,-1.4319804976297674,0.7430136995648833,7.990733989254002,61.67854146666956,-8.503680512017251,3.256733583426434,44.48210922787194
GRDN,0.5422002878111922,43.09000015258789,12.861438684804618,-0.36382219060098175,9.439090490902966,2.7787210489948113,17.700080398870828,0.0,25.298054425977156,3.6413835527398684,44.46327683615819
LC,0.5161305907840641,18.049999237060547,1.6936866171427958,-0.6357889140482721,7.210734883098047,1.8265386623215463,15.779339706462483,21.02426996883134,6.994655240401417,4.857538260267915,44.35499058380415
ATRO,0.5406735762639734,96.0,14.934354187756618,0.6029305571218208,13.140837279277113,1.926819427537365,22.152951359146396,0.0,75.21445226339047,5.1720534052167615,44.227871939736346
LUV,0.5406919148364935,45.470001220703125,5.8145945652581,-0.5876701026444816,6.7361957757327655,1.627834314008071,18.619629434830244,27.060210313141162,-5.431274822843724,3.715131389671015,44.10546139359699
SBGI,0.5335772996297877,14.050000190734863,3.6235620954296466,-0.8053632750149725,-2.2326579577615298,0.4889405858860183,2.127638777906716,56.38712350683208,8.067086200535567,3.311693411291626,44.09604519774011
CASY,0.5550250566230085,895.1400146484375,14.495916186634272,-0.023133871575209648,10.223375213166982,0.5820430097314607,4.970977971080362,4.699573663611849,18.11663156152728,4.1692594027508845,43.983050847457626
HXL,0.5422002878111922,97.70999908447266,4.810271151406506,-1.0672869999681578,9.028826100349926,0.5125530264315442,10.219963229043753,0.0,16.019882478341604,3.275729993028948,43.9030131826742
APGE,0.5649662050120707,88.33000183105469,8.34471881787885,0.02036752648603611,4.593693469255405,0.5948356189339205,8.861230583438868,6.033197811583197,26.149680185024536,6.155085569868786,43.84651600753296
HOOD,0.5324993343675429,93.19000244140625,7.854801832377401,0.28935180899018975,7.67814139957701,2.2255145805727614,20.806330280712356,18.64770991570811,30.884840499137283,7.2720029426143435,43.771186440677965
CART,0.5130704858058225,41.244998931884766,3.3741617508390234,-0.6436109574166504,0.37453141656959266,0.8458306582741102,3.8655247614288353,26.00949314958287,13.622588976914873,4.305631467876758,43.76177024482109
TRNS,0.5263503437652433,91.26000213623047,12.601639125974499,2.14548259316043,10.340662351893698,2.523815832738459,21.404821549827187,1.0241159110423692,13.62052101946785,6.824301683560424,43.70998116760829
CACC,0.5353203288223836,548.1500244140625,12.483487558729346,-0.31070958850235364,-0.9237907849309023,0.5071132793883146,0.06207021722559199,9.13291265237339,7.211317814646044,3.684663451267874,43.58286252354049
CBRL,0.5233176280667373,46.689998626708984,13.942247387516419,0.5545793236815334,34.35197598121558,7.55470269338419,52.035167756796376,0.0,4.944924399176949,5.657374906714525,43.57815442561205
PSMT,0.5162832931766757,182.3000030517578,12.600569210463,-0.8427297294216128,7.0152849041302785,1.883671948163057,14.466915320525306,0.0,46.89828154660912,2.699630808098448,43.54990583804144
GE,0.5269158579881917,335.29998779296875,3.7625995701236836,-1.2261008919296361,6.686432120097717,1.667086811675133,19.099204080071562,6.085817548194853,13.82658521897251,3.161560618371372,43.54990583804144
ASIX,0.5027800341681877,22.809999465942383,12.429838386665368,-0.5661895825753164,-0.18146276923313914,-0.1025003654229865,6.283142914033436,19.137312945111344,39.90001934653333,2.9811470403370617,43.49340866290019
MAMA,0.548868378476,14.90999984741211,1.889655380799269,-0.45674834451541385,0.6664390034414942,0.7006697456245016,3.183391309252428,52.27522663672449,10.362691300579781,5.506850629107072,43.47928436911488
TEO,0.5365790197260034,15.260000228881836,11.56852041942147,0.6162145505681702,14.32852855346656,3.710178816982166,29.103220157212895,4.778420130518015,-4.505627871930935,6.216016871517966,43.309792843691156
WOOF,0.5125794929831823,2.75,0.70613598579582,-0.33224007791628957,-1.869825782731951,1.3290851514636772,9.999999996,65.69433327735601,-14.860681612706795,7.368830272129603,43.234463276836166
WPP,0.5343901397764073,19.06999969482422,3.653813203492753,-0.8878788357708332,4.932698154876459,1.5633832501863498,12.226986005608508,19.76434380529,24.799832835883585,3.5848071055451363,43.20621468926553
UNCY,0.5062725046054818,7.25,8.569139056542397,1.2793759375625775,-2.723735059669903,-1.7208417015194055,-12.227605336232353,25.41574922819813,21.44054027768824,8.359606512661639,43.20150659133709
IP,0.5343616064104264,36.150001525878906,14.828638233472496,0.22307008800036426,-3.2790236721627375,1.2312441770289806,21.246774036206823,51.03505893853858,-4.98634627626651,3.9211630320288933,43.04143126177025
RNGR,0.5010350286822384,15.850000381469727,3.6181916165777754,-0.6014183217313831,-4.199021935427736,-0.3805837644468868,-3.647418562952323,69.36483827401445,-7.766790399084897,3.9319505471528973,42.92843691148776
AGM,0.5249480381575018,182.11000061035156,6.3731743226292545,-0.9274392199853472,2.3219238473998884,0.5079679667769179,5.077608433253757,2.0754286366359507,29.85595655793801,3.213128560226001,42.89077212806027
VCEL,0.5331545319605046,37.459999084472656,1.3350281047709938,-0.8348057240289108,6.063391676688107,2.0993917099310875,13.412051071035386,13.780129879781972,19.147577760701225,4.545800648414175,42.791902071563094
FLS,0.5502244026556327,78.06999969482422,5.919225242580747,-0.6278571686680277,1.3413852263632031,1.7593811362499372,19.978484802166456,36.956931521556314,6.0157527727225215,3.6308974047954545,42.73069679849341
SCHL,0.5220100073045716,43.88999938964844,14.309846020133559,-0.7703940948541407,5.100573634981271,1.801515678372498,10.554152509021787,0.7617929969207314,18.414185453891836,2.7056277432532267,42.65065913370998
SAIC,0.5550250566230085,113.80999755859375,7.924795865545237,-0.3905043099831586,6.751582622335439,3.1897129563194513,22.468521666442264,6.837462995814699,38.96235051231069,4.568391082693533,42.61770244821092
SLDB,0.5148799117685734,7.139999866485596,8.61748309738896,0.47162700889343073,-3.160180867080905,-1.278326721978913,3.1791876840221214,38.94743721151002,-10.972575323439985,6.598638342717031,42.56591337099812
LRN,0.5411308516225627,97.70999908447266,10.434662135934252,-0.5650570214493763,3.650741172388995,1.7853479263608745,10.669382796644582,7.933827946166209,18.07854874234667,3.451174166807633,42.46704331450095
LTH,0.5025196788650633,34.310001373291016,14.596565455917984,-0.40483585747115763,4.09745611319289,0.215881231186579,1.6893884601407843,0.5943621784541017,32.675949586908445,3.5177171373421365,42.4482109227872
MS,0.5283034656162545,214.0399932861328,13.416843194063055,-0.7827892335605685,4.119488577821941,1.3089191153117146,11.183834290962237,1.6756320714891768,33.26948542447534,2.7422685976936343,42.438794726930325
VIK,0.5260151912151616,92.25,14.2232200135416,-0.4077462266877611,4.168430696044235,1.3980252353261842,10.215057781833316,3.2145975878559914,10.984115678080341,3.461942181677676,42.438794726930325
IMAX,0.5371838237085254,42.2400016784668,3.3961487774444175,-1.2173715842210082,9.691496513760145,3.3217067460264045,25.751716243904106,1.0220573589820292,1.1252123905699292,3.475041607459281,42.40583804143127
JCI,0.5025677451001909,144.9600067138672,5.596411416444439,-0.9123324393951024,2.98117308055143,-0.05477284432837038,1.3139536334499238,5.064221167511329,27.605855677426344,3.38714064227872,42.40112994350283
BC,0.5297566328676818,82.55999755859375,1.8942125208807712,-1.3157044458767022,2.25351254119829,0.5725735579301455,7.067821171097072,34.6116621953804,12.386431461664538,3.2876517073569484,42.39171374764595
MOG-A,0.5529451976895948,395.1000061035156,13.716334880678668,-0.2640374490620341,11.877539785625476,3.718583819629536,30.134061844412567,0.7739021388263162,35.698286675812376,4.0323428061996776,42.377589453860644
HQY,0.5235238042350369,88.33999633789062,4.240723334657551,-0.7094011300953565,1.1188978215543306,1.2786996053903563,7.508821110333266,14.734033499012734,0.3977707496470235,4.166126069217036,42.311676082862526
AS,0.5239329828004013,35.459999084472656,3.130714615704808,-0.835451708605274,-1.484039378324479,0.7432735543435797,7.978072227866666,54.42884226813764,-3.9544939242742627,3.58069560273371,42.236346516007536
LLY,0.5537748021611908,1133.0,9.083172486512451,-0.6134409792338353,4.3020202376728625,1.9865396040206391,12.745295075017642,3.6501697664133776,21.437021642805586,3.5905294739392892,42.22222222222223
ANDE,0.5295204750287479,71.8499984741211,8.918223046601533,-0.7172976433993877,-1.8860829517104079,0.17230576882714765,0.5457590185272221,26.795570996779507,34.17958520415195,3.101699732660974,42.090395480225986
ALOY,0.5283366232636899,15.220000267028809,10.224810963062634,2.5403030369886084,32.762953198818934,7.771847656090039,76.1574034893378,12.799019823527619,10.289855482352934,11.630842220709827,42.048022598870055
CLDX,0.5181555211517219,31.270000457763672,9.415028397226308,-0.44251972010784607,-2.1191335243416947,-1.042432425417562,-0.223355757757407,30.882952489147904,0.6761139582271927,3.7416046903993037,41.93973634651601
BKD,0.5148799117685734,13.430000305175781,5.170493704233712,-0.5763683794434488,-0.7751532773462624,0.16344360533002994,2.99080018737535,58.779668703442134,-10.167220892174702,3.8719287954573254,41.92090395480226
PRG,0.5538637555350501,38.52000045776367,9.025202939130587,-0.48704757467911863,8.800935815283884,1.3694885287525962,16.402210512351168,3.3273127319299856,29.757241027899912,4.144414443057106,41.836158192090394
ALTG,0.5462815413697949,7.050000190734863,6.076374965903099,-0.1913802107685831,6.415097370856553,0.6040592789955864,10.328643786169145,16.990199219337416,9.642307602673952,6.6909817215906084,41.78436911487759
IMMR,0.5235238042350369,6.539999961853027,3.061022202815063,-0.7707941966005966,1.8850288921457667,0.5324979105614206,6.34146114430069,19.359169141355277,0.6153840284134385,4.35779846136793,41.7090395480226
DAL,0.5425597215633942,83.05999755859375,12.02222109494001,-0.5891068917020759,6.4707958597373025,1.8556486278488902,18.268537075629805,0.0,37.4717045239347,3.471674451513413,41.666666666666664
ZD,0.5264241656564346,46.2599983215332,11.72300981864377,-0.26882686249203025,3.386774021268202,1.8018638041418895,14.194026754134995,7.474182706996639,11.523623027802794,4.329566106619721,41.65725047080979
BKR,0.5062725046054818,63.13999938964844,8.502204917359983,-0.6050072259736649,-2.2207092242212743,-0.4332744368244857,-1.52838944937592,30.498017311455417,42.22797450971233,3.4571706280149344,41.65254237288135
MC,0.5408788315514454,67.69999694824219,3.1732827997622337,-0.8337691959215463,1.255594560990491,0.8013084177371754,6.2294012779844685,30.830363525723183,26.682076537479116,3.9528379433134835,41.52071563088512
RDDT,0.5295666083953027,162.10000610351562,6.646387067563442,0.07212166031063239,-4.103879049773877,1.3828515400250763,2.484673439995698,39.034313364059756,15.9264850037038,7.586849293758936,41.50188323917138
DV,0.5233315121811223,10.199999809265137,3.6911348359151748,-0.5875971820227045,-1.0869145130329474,1.6611290756393635,12.58277413601753,49.65428718846366,8.742000903330199,4.464355253039252,41.4924670433145
CDNA,0.5368495915974366,22.969999313354492,11.835738196592912,-0.18756012093406285,3.9366489250535674,1.7471969447194653,15.022534316481382,3.793864146353896,2.4531634039446923,4.647054193720506,41.47834274952918
RM,0.5239329828004013,37.209999084472656,2.070132857925373,-1.7633335208576801,3.094015174854024,1.1307942105545064,9.770872031010885,28.919855637030246,-6.62008637625732,3.3122804667079455,41.46892655367232
EOG,0.5110830784735633,136.64999389648438,10.040628768515763,-0.7640711886108262,-1.5184863274979046,0.30396852493248083,-2.5737920659549736,23.845767585065463,-0.7345240025702148,2.9525379297094854,41.322975517890775
PII,0.5533031454878176,70.93000030517578,7.711724563815722,-0.771404888358714,5.760162719460082,1.071043475177111,10.781309635154038,1.279696066535157,49.58252725125098,3.5459652968418234,41.280602636534844
CPRI,0.5343016069172217,21.329999923706055,9.384349967735064,-0.20938907291872685,3.881134332367607,2.6353917041820574,23.580530942160262,21.346341468763562,6.225099624935872,4.7652559180662,41.2758945386064
RCL,0.5231625586282584,294.3800048828125,4.9759957290417205,-0.564986910607057,3.6009391229694425,1.2487531136702474,13.683326757115061,23.40369275876106,-14.017349052346537,4.592457995581356,41.26647834274953
LPX,0.5125794929831823,75.04000091552734,8.97977370759142,-0.3859560408524831,-4.855791885903825,0.45643136300820164,7.414830031269829,57.27722812947883,6.578815055328256,3.814628954246161,41.25706214689265
GO,0.5328598225241612,9.579999923706055,6.472044893108999,-0.435465226807494,13.208103689095307,2.9770454755882527,29.45945675607164,21.213630425210944,51.1040960982407,4.73232796396391,41.24293785310735
MLAB,0.5405802058205554,105.4800033569336,13.385228610193971,4.005316301043085,1.0904912889300094,0.7504119147462904,9.509640992502158,14.500867371077113,-3.255980429309893,7.049220320863049,41.228813559322035
EVR,0.5574814614807697,357.3800048828125,3.115450550722374,-1.138888177458963,4.254879522151573,0.5495795053438501,7.416722336587152,11.786402016837268,34.099027106920275,3.563466730542496,41.1346516007533
CRCT,0.5233315121811223,4.489999771118164,4.655769561601905,-0.8397760334830731,3.0506302076096112,1.4128236725456131,14.249356099389235,28.00003098685383,-2.8138553600212406,3.6271068602594267,41.101694915254235
ICFI,0.516173261762649,72.76000213623047,10.53052853059825,-0.6299328737439128,-4.384914444236756,2.38665494705591,19.28724835935575,34.33619289677197,8.060421291438596,3.1383955912231523,41.09227871939737
BAP,0.5422002878111922,369.54998779296875,5.572355985969941,-0.7460963311563974,9.701003508793066,2.4971225223107756,22.35377208352666,0.0,15.524077298553019,4.304462155287967,41.068738229755176
EDN,0.5566554347043983,27.559999465942383,6.684767932232647,-0.06657852695958351,-0.15608338475278014,2.181983575993078,22.871150649757812,48.79950576705073,7.0291241393090935,6.274621983454966,40.974576271186436
RVTY,0.5235238042350369,99.66000366210938,4.742028428274122,-0.6516233222377353,0.5909724521425856,0.5980575157457738,6.055126495084155,40.41511786153174,-1.5411949612378215,4.099294572484669,40.93220338983051
ALMS,0.5458621048997603,24.149999618530273,9.734403175254188,0.02715127882356547,4.191944699354613,-1.8334556283931795,5.596846227679509,36.277904652150085,48.79852310035657,5.356403696070506,40.92749529190207
ESE,0.5346272707250028,313.739990234375,12.907942106294923,-0.6190923256017734,2.28492749177969,0.6355786420403634,8.234724365816161,15.07729201022168,4.642779857935585,3.0928705828313166,40.87570621468927
FOXF,0.5121696420031242,18.09000015258789,2.5632293634109806,-0.8455835671715778,2.252254146107765,1.363477539920712,12.570009309263197,32.07771152944329,7.422802782657207,4.165678449310361,40.83804143126177
CNNE,0.5121696420031242,14.420000076293945,4.792693654946225,-0.8000349886325373,1.6996976419400383,1.2496429636607438,9.657798437328298,26.614221452851744,-9.269579014837214,3.752228932626812,40.80979284369114
MTN,0.516173261762649,133.30999755859375,2.7100816981187545,-0.9123666034343304,1.0305353795616987,1.5325045203903618,9.666008749498092,43.88432125260708,0.29537793796358924,3.774500693535252,40.772128060263654
FLR,0.5678763061635672,50.7599983215332,2.7827256009247976,-0.7459667781955341,5.434571396911819,1.3451129398495723,14.427406724480306,14.840867739015156,17.201562484051397,4.759794253267671,40.7391713747646
VSEC,0.510138290806094,196.1300048828125,10.172763185373876,-0.059605608362771775,0.6956879813549152,0.5891721834087246,15.567731497020104,36.41545263378633,10.651472348383539,4.977929321547782,40.68267419962335
DHT,0.5181555211517219,17.56999969482422,9.216996269018969,-0.7259501471215697,1.5112158358236871,-0.48957421846201166,3.2087257080470466,34.08243848907213,-7.348510488324673,3.126270699904997,40.58380414312618
EVTC,0.5277888145431885,26.280000686645508,14.697756168982757,0.9628987602652977,-4.825151036303422,0.9878983474165979,11.214564620749607,59.330794252204434,12.734768831341286,4.7021088239413675,40.40960451977401
AGYS,0.5340297998617058,90.63999938964844,13.725941991627232,0.13623200625052015,7.433461613859397,4.509588122169014,34.60054101354538,19.24976943152607,14.821379004616036,5.072658776433558,40.249529190207156
UA,0.56454414115546,5.880000114440918,9.762321461918845,-0.3787490224198523,-1.1709322254952907,2.254291956755856,17.835679037415368,46.78376254260607,36.11110834327787,3.937801923006834,40.225988700564976
DBX,0.5235238042350369,27.09000015258789,6.790475651268858,-0.7952669105705483,-0.7565063942334294,0.6470997236293067,1.0067131276131596,22.09846299851829,-6.262974013048798,3.48520762278822,40.131826741996235
BZH,0.5360148850801676,27.3700008392334,10.070166621079842,-0.6508739710573973,9.104683395521294,2.341710090389965,23.73417631364161,2.8627931210210464,8.783787778761717,3.601440764462202,40.12241054613936
HSTM,0.5007249447003309,26.1299991607666,12.592617486554033,-0.8385724771609814,5.219707860683701,1.9995229929087706,15.287880454981925,1.0888520267109012,13.814941413923682,2.9290357523862847,39.995291902071564
GTES,0.5381077143082178,27.139999389648438,3.7580804749829886,-1.2761128239660413,6.625805511430596,0.5093881270647176,11.229507433782953,10.86790977496258,5.767730128524975,3.4635225137823458,39.844632768361585
COKE,0.565808666681029,187.88999938964844,4.984659135291854,-0.8245598229404926,0.8545978052041393,1.8481055356980334,10.348267266669609,32.65890817945736,5.787961682288206,3.6864246269382503,39.825800376647834
CMC,0.5272768294510718,77.76000213623047,5.7550190448758185,-1.0623719359990922,4.700482679403805,1.111602853007059,9.136845103353123,9.721090562724857,12.531597953391916,3.320658417066352,39.8210922787194
IOT,0.5278811263806449,33.65999984741211,6.885962762746171,-0.12601155242283088,2.2199278637624347,2.3227626069746607,13.87009626321154,28.244638976081692,-4.807694382204578,7.429547947038946,39.750470809792844
BIO,0.5165349091527097,285.94000244140625,3.9807756137396373,-1.007161786218107,-2.7697717647261464,2.400845598648765,15.517312588928423,44.673056409937764,1.4619242814911464,3.402311686931165,39.74105461393597
AVPT,0.5165349091527097,10.869999885559082,7.512473496724334,-0.4992763353157845,-1.0224808419024833,1.4380902052731175,9.466259329304203,37.32995187706967,-20.249451250958796,4.215337657551003,39.73163841807909
CRI,0.5544647319915268,42.790000915527344,6.724871918502638,-0.788229621428193,11.470690160445457,3.210967089144237,28.748600563064407,1.0319322980462025,29.336657893167406,3.9411732507264325,39.62806026365349
AMLX,0.5091461512787837,14.59000015258789,11.601076650946535,0.23166584698603487,-4.236814162962889,-0.3430968454340272,9.823111178520348,38.23289538582231,21.381028259033513,5.617349431980639,39.623352165725045
GM,0.5405802058205554,81.5,2.359803114517225,-1.3526258364041113,1.7134386764743221,0.7701390418320221,9.105880432654613,33.414961215027546,-0.5828110977406691,3.5016253505644155,39.55743879472693
ENR,0.5170568734279065,20.25,4.105056299130229,-1.1200328487324411,6.039288521512987,2.5349886859273485,22.732635604897723,27.630905949012778,-4.241241208808752,3.3947091884713956,39.505649717514125
SFIX,0.5169445516553998,3.8450000286102295,12.156582757998132,1.7489218716337567,-1.804715490170677,3.2685052230358806,25.653598047492128,36.564082200343925,-8.452376111714559,7.4770577150918465,39.472693032015066
APH,0.5377477627718209,153.8000030517578,0.1465666159897037,-1.1024654380176748,9.717490049429909,2.7031188283453247,23.04000244122193,6.143677295389109,5.579596273715554,4.686744904502107,39.336158192090394
IBKR,0.5410331940249996,90.80999755859375,14.137834145595354,-0.381164213563067,6.001582696761107,0.42971143632997283,4.485027115242426,0.0,20.052254482941212,4.22113320431974,39.227871939736346
ELAN,0.5117007747766065,24.170000076293945,3.4684718616948573,-0.6706079194769818,2.1616542392418907,1.3788825447080453,21.701910036593237,37.341056923841556,8.385654274112138,4.7683078722001335,39.2231638418079
KPTI,0.5538637555350501,9.5,8.869752990906505,-0.08274039954789064,9.421793498770207,0.5472073332827071,23.85919042065639,4.538807564254064,74.6323510905927,8.197743552071707,39.20433145009416
SKY,0.5234605105097595,78.6500015258789,11.889182203861031,-0.21288384849919173,-3.2699415009915156,1.9851378394609591,18.663251318977505,51.93998075535242,12.759858818281444,4.177639767338601,39.06308851224106
CRTO,0.5347219132914284,17.850000381469727,6.1379930858337906,-0.4375227317556169,-3.810745229941633,1.3154079477472365,11.145709682069727,74.28214754606205,-9.574465103682392,4.434572501357699,38.97363465160076
RDWR,0.5541326213278818,28.229999542236328,12.279778021219952,-0.4692533270438015,-3.0729635797651222,0.8221545729888117,0.965666904846065,10.342513022679789,17.821371539002453,3.919336071630059,38.92655367231638
BFLY,0.5537085513763866,5.539999961853027,11.403411078191388,-0.029896778426470528,18.355836171239748,4.983126949642095,44.64752145597527,1.0745141498089954,18.62954756230342,6.909488511113958,38.898305084745765
NGS,0.5025196788650633,42.369998931884766,10.017846784635047,-0.4773640005570482,2.0027074468938295,0.04539220910541996,0.2758908469248338,5.958624605230474,23.13860941512252,4.389899421199837,38.89830508474576
SSYS,0.5121696420031242,8.920000076293945,5.5535406837301595,-0.22915627558256707,-4.228476440077325,0.2501218422237036,4.205603259202996,59.522570146357246,-23.2357989296389,6.518256982724169,38.88888888888889
SHEN,0.5368495915974366,16.459999084472656,13.752482726130689,-0.6379757558873533,2.068019690690328,0.3984432009391599,3.4569405550022005,4.54071124536592,1.0435737224105217,3.3067189595629487,38.88888888888889
TITN,0.5062725046054818,20.260000228881836,13.218579743467721,1.2299045123914811,-3.5674328129311177,-0.2871383453684029,2.7383414518390414,24.43546846683159,36.15591446708466,7.481314015522256,38.82768361581921
BBY,0.5422002878111922,78.52999877929688,7.2861026780573015,-0.7488662009632769,13.79180241647985,4.692915858850966,39.53447136141291,0.0,20.88810278367597,4.219342119149407,38.827683615819204
DXPE,0.5649662050120707,168.91000366210938,9.917076785500873,-0.636989285320253,8.256769096063058,1.803768139827885,15.029969949933527,6.767789595238481,31.36568770914461,3.78498411917788,38.8135593220339
NVMI,0.5406735762639734,583.0499877929688,10.666519693014983,-0.19145083620761105,14.158668688777468,0.9693911585875145,14.514385698168915,0.0,22.551281281495854,6.558860145870341,38.74293785310734
SHOE,0.5189704632785301,17.3700008392334,7.553586430190997,-0.4455454255672323,-3.9371299200869805,0.9335699438260153,10.707465287911635,63.96408992363671,-5.775877383216693,4.247880421874313,38.62523540489642
AEIS,0.5159920702221266,354.3699951171875,12.266919077223779,0.041756996956827115,2.1812884395019942,-0.3132675639703018,9.589903153682314,16.190355236640606,38.85750084857445,5.995750921227127,38.601694915254235
AI,0.5343901397764073,10.899999618530273,9.892169763219268,0.1895914932885234,4.754807676979126,3.3026781866547386,26.01156183775859,32.9291389987586,29.761906109940984,7.490824540343337,38.59227871939736
KSS,0.5564324686164159,18.059999465942383,12.121972799485361,0.0872771268383186,14.182890831936449,5.401628699105911,54.64535074113848,17.901338362687916,26.08253798982343,6.300850381714775,38.3804143126177
HIMS,0.53238735604365,26.81999969482422,2.99001864353307,-0.4841189152801247,3.6001216213325673,1.9814853890059807,7.065870305793714,33.10862224968427,21.02888032170282,8.077102400300852,38.34274952919021
BFH,0.5406735762639734,101.70999908447266,14.326270148432954,-0.7443480017771529,12.47869636155773,2.586769950126304,17.537048901694046,0.0,42.479628678829926,3.2023612198758165,38.27212806026365
OEC,0.5537085513763866,8.260000228881836,12.513535525802629,-0.24989623633085156,15.19092535266735,0.7493692209144674,19.71091596158791,0.7440185246514325,44.96960424483405,5.173923570430439,38.21563088512241
CAMT,0.5369610844579442,193.27000427246094,11.474338538425634,-0.03419952934793802,8.517323523261153,0.8639025196025265,14.802493178096112,4.599563396474323,10.6739958016094,6.928686070529014,38.10263653483993
MGA,0.5109029294931654,66.7300033569336,10.925855938482913,-1.0366917220731389,3.0253025085011283,0.7740226008467819,10.480135216946545,6.0279426088113,-1.3841388346451857,2.88101339901016,38.064971751412436
NEOG,0.5473350110301516,9.100000381469727,4.974441789336396,-0.7843814727727495,-2.9686915665051643,1.0119288379791251,11.11112146031057,70.97925487051432,-6.282179755076858,3.6335147130980983,37.98022598870057
EVER,0.5111074338716924,19.979999542236328,7.450890288366327,-0.34404850241304974,4.959024892879092,1.1396533651238565,14.302059870289552,24.095497197872564,-16.120907647455027,5.882669172049479,37.96139359698682
STGW,0.5405802058205554,6.630000114440918,10.806094471791827,-0.27348096537773586,0.2570706042898495,1.2013165870157418,9.586775294625854,17.943350822246916,7.629874652512575,5.095883412792835,37.83898305084745
BG,0.5525203918674307,127.16999816894531,6.282360473167669,-1.3371006755461912,1.967039079385603,0.3021426216833908,4.479117403396294,9.308862594044328,8.281567755869537,3.198411518537246,37.829566854990595
DSGX,0.5121696420031242,72.97000122070312,2.8948208140479434,-0.8144275323087096,-1.4076564535474307,1.358887910973585,7.784349349989045,37.91553487270766,7.482695355207849,4.607080138947315,37.78719397363465
LOVE,0.5545378804922437,16.350000381469727,9.985696391305117,-0.38336477622190007,2.678434235236327,0.9014735425196988,6.9326384708434565,9.821842755231254,18.82267521306671,4.924420749732817,37.76836158192091
SHOO,0.5410331940249996,46.150001525878906,9.17149218253127,-0.9970445850084921,7.850505231498698,2.426685184746801,19.544129499822148,0.0,34.99612071224731,3.3433901774280637,37.730696798493405
CNS,0.5286384500511202,77.05000305175781,9.692160739069237,-1.2372471077472755,6.14410152175361,0.8061436790987857,7.837657582398287,0.7639689493505495,25.06610519725981,2.9303805151707607,37.70244821092279
NVRI,0.5248513308694647,21.350000381469727,3.375513854796438,-0.658904486054039,9.08440862600247,1.053283750814864,10.108308681879453,0.0,7.828288909373744,8.225157186518771,37.66007532956686
CPAY,0.5435656700045369,356.1099853515625,8.564878284059558,-1.1686958815728745,1.373235850468121,0.820689179543292,8.49403571640825,4.390556768558953,14.944639668725564,3.0835184920295124,37.50470809792844
FANG,0.5046419194668633,192.1300048828125,11.423147898063574,-0.49470899431356996,-3.3755418574692913,-0.427054718537019,-5.6150485423517615,31.490130583162635,9.36747966937655,3.885204297198739,37.48116760828625
SD,0.5304879816112974,15.050000190734863,2.459512583310134,-1.161181162844316,-1.5740056506497897,0.37180166632823414,0.6522243272139114,59.606282665107265,-8.568736472566744,3.6193637180997413,37.43879472693032
CRVL,0.5012942213451748,60.34000015258789,4.1506313716604515,-0.8776834918990867,-0.013257065305247114,0.749595427555168,5.65575119534198,28.070041123457873,12.806128732560133,4.1905390432385605,37.35404896421846
ARQT,0.5646165821698875,24.3799991607666,13.58445065994632,-0.2864572532017463,-0.5527150581988591,1.9484195400427118,14.352718150093224,46.9589674673955,18.0058051338292,4.027276919302598,37.344632768361585
IQV,0.5121696420031242,181.4600067138672,8.477626591037234,-0.6705826258160291,-3.354571405201734,0.7545403721058106,7.296601202037653,29.839302967453808,7.468167103616308,3.885154089654314,37.21280602636535
CEPU,0.5566339993164525,15.949999809265137,4.9268362541855595,-0.7124478833840736,2.0342873063552127,1.46427848758454,15.999998611673721,36.020941402958776,-6.176471709841756,4.520375313940577,37.123352165725045
ACHV,0.5022476464089382,5.519999980926514,12.801286103151696,0.12388814315511407,8.458590373358248,-0.9246640128357438,4.347826478044844,11.168275173333988,14.760915726520315,7.472825619157442,36.982109227871945
WLDN,0.5121696420031242,96.30000305175781,14.103130353845023,-0.1361913047986297,-1.056135039760005,0.7920690147183709,4.537559900675858,37.59089623568549,3.6486914820717655,4.572020633250365,36.98210922787194
HEI-A,0.5278811263806449,247.08999633789062,5.988905134277712,-0.8422531502399735,4.0487854232985265,1.6561539880661815,14.208453601579723,35.79473936584684,3.8760673518835773,3.812808532775877,36.91619585687383
USNA,0.5169445516553998,19.90999984741211,4.466499571700616,-1.0100390552997938,3.0787279288771,1.654891968272909,10.734151024502134,35.213239470104206,-0.050201952023257376,3.7423392998206193,36.897363465160076
SMG,0.5489073147495909,61.66999816894531,5.804702595731088,-0.7575060577608334,-0.39065056960481914,0.6435772564751862,10.124921713429089,45.323369362586774,0.2531503017707398,3.9947650747660894,36.87853107344633
ZETA,0.5156565837548706,20.209999084472656,11.970291426099484,0.2976788615673803,-2.364795339105036,2.813787816045336,17.568344714451847,26.281744859156635,8.655906827401648,8.095003277560428,36.85969868173258
OXY,0.5089205521508016,56.540000915527344,10.084217334478776,-0.6957531053897467,-2.235622992348061,0.05175740089529777,-4.728013782892514,43.62914092960913,-2.754393599871164,3.397163267694853,36.77024482109228
CTEV,0.5324993343675429,30.889999389648438,6.030018560261907,-0.3560789959736964,25.940269075464006,2.7394387099701496,122.71088423427332,19.201790570874593,127.63448845289183,8.329556948211076,36.751412429378526
DIN,0.5283366232636899,34.040000915527344,6.612259230698267,-0.7575075777528453,10.19045686786693,1.9140824127223472,14.266531954492558,22.575969968400294,11.656087445252092,4.1484811636279995,36.74199623352166
CVCO,0.5331545319605046,592.760009765625,6.117497703868654,-0.8412658158957819,8.219460381364884,3.309882250740258,30.059679889455808,24.169352630643527,20.474782122916775,4.011738836752892,36.39359698681732
MAN,0.5550250566230085,34.0,3.7491699712455855,-1.0004841559655224,12.284843806206156,3.9179111809761213,33.96987679168313,7.323778811829245,19.109818448618338,4.5330444659942986,36.374764595103585
CWK,0.5189704632785301,13.5,8.901369031034989,-0.50828829927068,-4.303394083842461,0.27868101303303083,8.43373660029399,46.6024561977482,9.223304004014743,4.330689061886419,36.299435028248595
ICLR,0.5340297998617058,146.17999267578125,9.502562488541894,-0.31646542971016844,9.75339156825014,3.267286861796487,25.605770858730644,21.149892432316683,82.5424442214084,5.692101894943487,36.25706214689265
WINA,0.54295802638058,400.6199951171875,10.53313481612329,-0.5664575362764912,-3.3630004163985183,1.5057121481531806,14.078251458621619,78.5503888796955,-11.102999991578324,3.4830389846792036,36.06403013182674
BBBY,0.5339178672610296,5.880000114440918,7.190785075324116,-0.3119666285087842,2.243089317340445,2.935385885041891,28.665205542358912,25.573807062317606,24.050641310755207,7.599731659778594,36.04048964218456
BHVN,0.5170088617297772,11.279999732971191,5.463413130473007,-0.3401309945778111,6.9287194433454795,3.2340294407363657,28.767116871677846,34.06571955531075,1.1659203486716765,9.056485143122227,36.04048964218455
FDX,0.5286384500511202,338.30999755859375,11.558273533592907,-1.1370491177824382,4.553101646861508,1.3808729324574722,11.72566246813394,0.8728859451308909,16.996717451147568,2.959947497038474,35.9180790960452
ESLT,0.565808666681029,854.0599975585938,7.0108158665572,-0.5086797733038028,1.2394814297499286,1.384478022828948,13.87314654978341,39.949873826240704,-15.709476055415731,5.067057743379245,35.88983050847459
SLG,0.5529451976895948,51.150001525878906,8.619502682933659,-1.1477907586509566,11.605684738486547,2.593318256571542,20.49470107508209,2.183583341240918,34.97524251311977,3.306102294484136,35.885122410546145
HLX,0.5046419194668633,9.739999771118164,9.91939324806717,-0.6700725817919665,-0.4517516669607665,-0.5339164987038276,-3.0845812308704637,27.24490772143967,-7.677728956358447,3.8134349746705607,35.82862523540489
PSX,0.556229121057504,179.4499969482422,11.904662529330558,-0.9143920796316148,0.0925877511957266,0.6808799446958617,2.5838843015068425,11.580095214497556,3.827224822100854,3.1351737535947555,35.57909604519773
MEOH,0.5084860661947,59.38999938964844,12.4359774270298,-0.6123114301908023,-2.0196597371418403,-1.089369396245765,-6.295363854784005,36.757996293862796,-3.4465924072511935,3.5263281006351157,35.56026365348399
TLS,0.5012942213451748,4.570000171661377,4.631137247708734,-0.43241356370131406,-1.2407892127772733,0.9679909871397394,8.809532835976079,40.10985013822203,10.922337342055695,8.319787049511689,35.53201506591338
WS,0.5567898622893956,43.45000076293945,7.909475663706164,-0.7979689227841401,5.240214083791084,0.9709097086535174,11.610584182416838,12.291788843470727,37.71791382968803,4.072825460489388,35.47551789077213
EXEL,0.5283034656162545,53.130001068115234,12.843428487478201,-1.1024398548580294,4.193837355663279,0.7269355524903832,5.984440327188185,0.5663657787009329,29.490623077056817,2.96442620245146,34.981167608286256
DRS,0.5267113591440451,48.529998779296875,8.464731175538288,-0.9962226653691553,5.342806808046903,1.8087653875055003,17.185945145185357,1.801701506683416,11.192747439994216,3.67225006483784,34.95762711864407
CBZ,0.5056628768343249,35.2599983215332,11.274838293501698,-0.5570922579041152,2.0045512863128496,2.6278216526085316,21.92253882536121,21.82281530605306,10.880500526337995,4.20954421165874,34.94821092278719
PINS,0.5121696420031242,20.209999084472656,4.020748596350511,-0.6803347984507764,-3.076909116648832,1.1237621253762087,3.800718013238913,43.84463562711225,-22.507671994556414,5.568143056412059,34.90583804143126
QLYS,0.5170088617297772,111.23999786376953,12.018593263212418,-0.5096262989133175,5.195466836869253,3.368523486748641,23.572541670497632,21.400054683300276,0.39710722011642335,4.297657186590854,34.89642184557439
IMO,0.5084860661947,121.29000091552734,9.338218121308547,-0.8823123634804468,-4.5560439726361635,-1.2909143275198507,-9.526973416740049,42.99477258764757,2.3444682037590847,3.282226558356347,34.89642184557439
SLP,0.5263483775951011,16.31999969482422,5.997628779836898,-0.6079511557717753,3.721120887264605,2.5549940404179137,22.338826896001464,28.314834524352538,2.770778193858243,5.3702734100168525,34.85404896421846
DT,0.5012942213451748,40.75,7.289294662105779,-0.7803580717635162,-1.0586113799519197,1.3086047289172686,6.230446693322484,15.128255770118509,13.446553666854047,4.331463371631244,34.83521657250471
QNST,0.5189704632785301,12.34000015258789,5.364247486721146,-0.8610426667379788,-2.5847140003500866,0.9234001139815212,9.397167062197436,39.16835932210452,0.8169965958456978,4.161843276887621,34.83050847457627
DDS,0.5275202028728557,610.010009765625,4.1985571311170835,-1.171924094890376,0.730295864535717,1.7807382316500178,13.239526815210182,47.61726876332416,2.4266153317611177,3.6851836573460792,34.69868173258004
MANH,0.5121696420031242,142.9199981689453,5.850414677547303,-0.6377677769161697,-2.54729313433398,1.3731450858763532,8.833376635441976,44.812552398749055,5.367147457978231,4.872325233488348,34.67984934086629
SCSC,0.5410331940249996,50.0099983215332,14.788165076220992,-0.8083496492620604,8.534530655635601,2.216134459641772,18.76038374849143,0.0,21.767710477041852,3.3893091075984727,34.675141242937855
KYIV,0.5047354212247797,13.630000114440918,12.895778672952233,-0.780579493523103,-1.9212770019582257,-0.5581396849749757,2.558315677488544,14.681877707948916,20.08810269727119,3.3623311562417886,34.642184557438796
NEO,0.5567898622893956,11.149999618530273,10.402521385265171,-0.3238188286818087,10.950790954067319,4.432089688729852,35.31553310545868,37.78263111093261,24.441959495703276,5.301473262526913,34.62806026365349
NTRA,0.5231625586282584,212.07000732421875,2.9372322632570187,-0.8845401792821422,-0.29890307394214743,1.2401000841800425,13.795882501355358,37.523010168302946,9.179366416147673,5.028458937290427,34.58097928436912
SPRY,0.5283541123253683,9.760000228881836,9.114037063107677,-0.3103684499915591,5.926725411054167,2.3889268897246367,31.447811149502424,29.858802676218527,-25.267994521083143,6.583724409123258,34.345574387947266
NRC,0.5405802058205554,18.790000915527344,9.963400269103374,-0.28223283171064295,-2.7835230578631616,0.5383759220681931,0.9129971462010653,31.76413072092061,-11.701126365864164,6.202005597363929,34.218455743879474
BCAX,0.5295204750287479,21.690000534057617,13.647475760326241,-0.36908682254118985,-0.14409577974938018,-0.20245312128115578,7.2170095145129345,16.975898886203375,23.238636725608753,4.752684172608377,34.114877589453855
RIGL,0.5118078154399006,32.849998474121094,9.425375871339456,-0.7130177680278622,0.681678317981523,0.4055568307623066,13.236808737711957,43.466020307020834,-21.01467094539747,3.7899549950306906,34.10546139359699
SONO,0.5121696420031242,15.359999656677246,4.658254525503466,-0.7986795590098521,-0.5439028037311474,0.4651160669571946,3.5738350348083125,44.48214854355915,-1.2853519121661205,4.703776927341289,33.83709981167608
A,0.5278811263806449,129.83999633789062,4.910375665678548,-1.0134560766053735,3.0002041346089907,2.1105280669961264,16.2399282767138,34.68327141195613,-4.0921911250309755,4.124857267831209,33.69585687382298
LTRX,0.5405802058205554,6.710000038146973,11.74468431921855,0.09520883667569223,-3.8199663007727076,0.9769864713520621,7.017544792484433,37.96800550563731,-6.2849136702835855,9.357036312413308,33.62052730696799
LOGI,0.5249480381575018,110.80999755859375,14.914629246535203,-0.5698616368658365,-1.470257151763718,0.9573867252928546,7.592970052385308,11.32535217104859,27.897043327488895,3.9701165008482064,33.516949152542374
HEI,0.5156565837548706,331.6099853515625,7.6348843129297155,-0.8983487871095559,3.781360285094664,1.833969087433186,14.807502269696279,26.884768421913996,5.952448626499876,3.9073445231957367,33.48399246704331
PTGX,0.5548699317768834,109.77999877929688,8.020864308601752,-0.844212926878644,8.045756078029793,0.7969877763346274,7.43785325048756,0.6397722633035431,27.963629336140833,4.531075680107821,33.47928436911488
PPLI,0.5409875794615738,42.63999938964844,6.452117229763633,-0.9808011632902944,0.11034526587955722,0.7190225239233594,6.920757892533416,21.503122948444762,3.0947745657082266,4.021877381150477,33.46516007532957
BIOA,0.5114475799149449,18.040000915527344,9.060383344852983,-0.3111417688899255,0.21990717312125047,-1.8070941417851019,2.1517614460761276,57.09649511817435,-4.550257779445942,5.857222214200256,33.46516007532957
INVX,0.5260151912151616,29.450000762939453,10.820513267507561,-0.6273547613030849,2.586435183538965,0.7881894089802111,5.178574153170241,6.395233000654642,10.548053444315856,4.5839919615087705,33.34274952919021
SIG,0.5343016069172217,90.25,5.5393485867595045,-0.7733154677524322,2.124740290165578,1.8860118841720204,18.765630394683413,34.00771316750515,1.7431349766342765,4.8410051086933,33.21092278719397
DJCO,0.5410992735108734,556.2000122070312,4.406322674049064,-1.2218642937873145,4.852328592399678,2.113424059853688,20.230870456490965,22.020287904016243,5.737422827104194,4.14958671781973,33.173258003766485
FOSL,0.5473350110301516,4.389999866485596,9.912875114753577,-0.38629825179505356,-3.3380331506357357,0.44973823646084793,8.12807705112554,33.78914345292511,8.93299349493176,5.7110324992696535,33.163841807909606
WWW,0.5169445516553998,18.020000457763672,3.5777848289881944,-1.1432430152147324,4.445900292478393,2.1306600075840008,17.394136871443894,27.688222614520924,0.8403729088937529,4.435548281065218,33.15913370998116
INDP,0.5462815413697949,3.5799999237060547,9.471927258042422,-0.050986480283918015,55.930132717007886,11.630072787649127,125.15722310063843,45.70292304633128,-24.631580548371147,26.68794934672547,33.14971751412429
MAGN,0.5319842829593862,12.630000114440918,12.332294995563633,-0.6415389729812919,4.900333023680313,2.2491428918144467,27.062380758000625,42.716407944642185,34.7918918713989,3.6986765652040696,33.079096045197744
ALGN,0.5502244026556327,174.83999633789062,3.717658003583647,-1.366222731793571,0.8800148165017417,1.021077438651129,11.186007210034193,42.79942175960376,8.394292021001492,3.949734040901904,33.05084745762712
TWFG,0.5053008856486948,21.559999465942383,11.293115071641,-0.5690643317551236,1.1796838270364363,2.312138771851707,18.722465016031183,11.753178195912819,12.761498532858848,4.65809820730077,32.98022598870056
CAAP,0.5405802058205554,26.43000030517578,3.386208194471194,-1.5207543840561062,0.17688062041459407,0.8447207897558383,10.771163574914258,43.165925629937654,4.507707980759436,3.999784574041559,32.97080979284369
CAL,0.5533031454878176,14.640000343322754,8.644579002662958,-0.5715329063820901,9.19776962562218,3.7416355647829427,32.926539398023436,0.910736963874813,38.01605360915326,6.484334355837505,32.834274952919024
VERU,0.5395242414459085,3.0,7.8487266286637745,-0.029657678894190638,14.656985727636249,5.207077177912765,42.18010183559534,88.32008773146772,-29.078014497317138,21.595239071618945,32.77777777777778
LOAR,0.527993227090219,68.08999633789062,5.436177704448379,-0.9367947266453504,4.6829781612675765,1.4047221441279734,18.623683846081217,32.59097118784596,-1.3188458870959225,4.412437186307702,32.59416195856873
ARWR,0.5025196788650633,74.5199966430664,10.913512740014639,-0.508728801729738,-0.6221166793087498,-1.117572391315776,-2.8042279603466955,11.074410981865574,15.499070861962997,5.333659878376354,32.5
ILMN,0.5541326213278818,160.97000122070312,14.482200899629078,-0.5071479405603672,3.5200164566820367,1.8240338694621716,12.929710118229675,8.517823217959238,19.431668406599584,4.555320439442938,32.41525423728814
DCTH,0.5032177646188475,11.720000267028809,8.05976472663784,-0.7558471574948249,6.349677474431196,0.12037809811094305,5.871730714227395,1.4975519006321558,30.22222518585096,5.102267909312178,32.36817325800377
NEU,0.5286384500511202,833.3300170898438,14.19935571954633,-1.4439388254586862,8.07267507352215,2.84966945356502,22.038835498143346,0.6587256382952378,28.865851719004667,2.913185595510479,32.34463276836158
ANET,0.5286974803085287,163.24000549316406,9.174581798392929,-0.5856330235676409,4.7736757321635395,1.3122258998235274,14.982041339314552,13.859904388227157,11.002317559548183,5.391578387392502,32.26459510357815
DEI,0.5127595303130255,12.279999732971191,12.041533132724254,-1.36019268138798,3.7030755178029744,0.7315721584646335,5.136981267698781,3.7153318080690543,22.051758459835384,3.065320778780937,32.12806026365349
SUPV,0.5583067673297032,11.0,9.196613332168218,-0.47652907245229587,11.65812309845004,4.7070290554432415,46.66666666044444,32.24607002826257,19.305853375552523,5.738246286070192,32.1045197740113
CNR,0.5435086286118365,92.16999816894531,3.1450303787301093,-1.0165094800149612,-0.1894240080230405,1.2029105616690807,11.47543373642299,41.54532328624867,-13.90481237418449,4.891903239683031,32.07156308851224
NSP,0.527993227090219,36.599998474121094,7.391814941154877,-0.5853639413988808,8.999327040815379,3.576897116097043,23.273085717481166,32.03924244850245,-0.7622952430294636,5.777816477824252,32.057438794726934
CARR,0.5263503437652433,69.91000366210938,8.739193154999313,-1.233893717213282,6.114771829692645,0.7462517005195364,8.102683843277575,1.2065757849058207,11.187031008383421,3.678198307436599,31.972693032015066
ARES,0.528146536071597,134.89999389648438,7.079061568425906,-1.120675504612834,4.926493408454822,0.8217291282226894,9.310420462947992,20.583113710693205,27.42041220034384,3.8472942560731616,31.958568738229754
IRS,0.5414588406428236,16.690000534057617,4.1137222400810565,-1.0658974846825857,7.490181906198755,2.6853035295592043,24.831717850918952,14.411111614628178,8.095861318425802,4.920995640199189,31.949152542372882
IBM,0.5278811263806449,272.239990234375,8.421506649964265,-0.48730680358144857,1.1339646179538756,3.2055789193276625,24.14044069569904,38.02835614808393,-15.036521182867762,6.065028572197244,31.84086629001883
TECH,0.5121062456288898,54.0,13.349561854284776,-0.6306624097221901,-4.541974576745563,2.434605954877157,24.942152879634,53.56101553422493,14.110848722645303,3.6567460922967823,31.770244821092277
AMCX,0.5538637555350501,10.079999923706055,14.943221208616118,-0.47484819872546086,5.660376452546032,3.012633048619972,21.445779419905488,3.2206110650025286,23.0769284484326,4.846938920322268,31.770244821092277
ARE,0.5166472371147959,53.16999816894531,6.278161398451829,-1.0767219209178107,6.532820482743841,1.868596292705077,18.234371192955983,25.26578086594563,-0.05537104118821614,4.0705016631994555,31.709039548022606
KMT,0.514518189952835,34.97999954223633,6.835617228680937,-0.9861962499136078,-4.124714170852601,-0.46633021566550514,0.952375185615602,69.27428127614817,-9.262773897179072,3.604099882005489,31.671374764595107
BVN,0.5453834385056513,33.41999816894531,2.0765309610599942,-0.9508831038201602,-2.306151901324711,-2.4523010999777903,-2.5371907941906793,55.028191341920326,21.307014116688283,5.691630057376677,31.501883239171374
FRMM,0.529909115121236,5.349999904632568,13.758060717223156,-0.17998929130209618,15.16521178059035,2.6176279824973188,44.5945901415824,8.137184609466136,24.708623588765654,8.332443640488917,31.346516007532955
MUR,0.5899475980636526,38.84000015258789,9.158783982041388,-0.9295178674899324,0.14611297318454278,0.26851855801521013,-3.5989006019966303,16.48803115159585,27.379511493870822,3.968662264892167,31.308851224105467
LINE,0.5533031454878176,44.41999816894531,13.501053027724117,-1.0264795688066852,5.194601574229057,1.8352603309311388,15.526650942501034,1.7006796303947667,33.54083146940992,3.3406776543627483,31.29943502824859
EAT,0.5506940566923998,159.32000732421875,5.21187805713009,-1.1564949599082839,7.236252623840269,2.4307534289319603,16.10552828068349,18.24572655884078,7.794319373828988,4.4344714642159495,30.951035781544256
SLB,0.5025196788650633,56.18000030517578,12.000097275348233,-1.060940574603426,0.0657968838219317,0.15965278052428894,1.9764411899086576,7.9438757924538415,21.112064051418475,3.4004781038401535,30.951035781544256
WT,0.5062725046054818,17.969999313354492,14.773348949143678,-0.5188128107277366,-3.1762747513050984,-1.582881917036711,-7.418859069055689,17.09854025352561,29.39499943375612,4.5830341491839635,30.800376647834277
MG,0.5553826781709104,18.649999618530273,12.962717753692107,-0.7648684302531162,5.144465218916163,1.2790126416725809,9.705880108430675,7.443894468739488,45.70311984505153,4.009955498070977,30.77683615819209
NOV,0.5541326213278818,21.1299991607666,8.793213278589793,-1.4959944046484,2.055812174214313,0.47751611440145486,4.200810188897163,0.7191190456061315,16.931180127167767,3.739671212266097,30.668549905838045
UAA,0.56454414115546,6.050000190734863,9.960774087853528,-0.7247672514992327,-1.1505177198238732,2.3161764587223495,18.164068862915382,50.49190841663083,33.5540819026867,4.120424066415364,30.612052730696803
PR,0.5189990747120837,19.510000228881836,11.330316983776846,-0.9058408429060237,-4.272647192712645,-0.5267758367907133,-6.381957360384553,45.73774866781928,-2.79023156168207,3.4015531099663354,30.574387947269305
GEN,0.539351457165641,24.31999969482422,14.864189967486716,-0.5946305985718463,-3.6173247944252527,0.947190558530921,4.265804498592077,33.01948071303297,16.596721530144126,4.0002352590877255,30.532015065913377
IPSC,0.5130773784467721,2.25,8.400632533027713,-0.41518263599394106,-1.2508222479509745,-0.7548848861564739,-3.8461503176080045,40.256831267402845,27.118645422303445,8.003174312531002,30.489642184557443
PTON,0.5295666083953027,5.550000190734863,11.383198802164799,-0.4288405530690002,-3.3521959200409617,0.8429190551599004,4.914938198631128,38.527261245171125,26.423698388712392,5.592020129818023,30.484934086629007
IOTR,0.5395242414459085,3.2799999713897705,8.288242472268683,-0.17338920561514326,13.948235826363625,6.502635932092011,66.49745802484726,78.0426226750543,-35.68627386115721,26.319686825563444,30.47080979284369
BCRX,0.5157238402785986,8.699999809265137,8.30566906997871,-0.8532435170730243,-2.7954702310147983,-1.4782563758875928,-3.5476788494797495,48.08150028002218,-6.451616872040083,4.100986783592673,30.42843691148776
AAP,0.5248513308694647,60.79999923706055,9.449481818626554,-0.9745074237528591,7.177167126475601,2.640721065462354,28.89548780351593,0.0,3.7188678690897086,4.43491546918469,30.08474576271186
HRB,0.5121696420031242,36.52000045776367,10.439911669423536,-1.0793559613546182,-3.60057066726684,0.31514791534262754,-0.8806696733714768,34.11390260348612,1.741384182408607,3.3852760534806285,30.028248587570626
PDS,0.5558716358923669,95.87000274658203,7.8919825285855225,-0.9953773019060547,1.0972346794773031,0.43370061436205426,0.9157923648135509,21.259401831906846,-2.372702926726656,4.230430877572704,30.018832391713744
MRNA,0.5177939543289989,49.90999984741211,5.609789080805058,-0.7617894386053254,0.7489050296281696,-0.8491022693013837,1.7740597790069794,37.33971332070322,-3.7786757755841163,5.821478958909638,30.0
CRL,0.5330904302054369,187.50999450683594,5.073092182304574,-1.1909393994772728,3.342939550723883,2.1049638661268166,24.302278369097735,21.225703640734174,18.123968765220674,4.570641434256696,29.943502824858758
FTAI,0.5114475799149449,241.9600067138672,3.5047914524130364,-0.8271956818159091,-3.7090593058391774,-1.6755192714923897,1.6766842344328945,62.95821845862215,-20.608501775754345,6.133507896066362,29.764595103578163
TDUP,0.5328598225241612,5.050000190734863,6.248523104925428,-0.7791677618282179,8.662522322981989,2.362204992263858,23.170739218729913,20.919827868805317,31.51042456500161,6.0352170733972805,29.689265536723163
DCBO,0.5017043198335982,18.079999923706055,5.766183037026908,-0.7048321732558226,-3.8078286591865753,1.1641471681594477,4.9332582936915745,64.37836814422468,11.604932543900885,5.547169963165233,29.661016949152547
GOLD,0.5469761964821565,44.22999954223633,9.702984562711524,-0.8586401651249104,-2.1770819997470228,0.5961663664719308,14.779408103014887,48.99679501777482,-12.793507748136454,3.92621384066216,29.354990583804142
XPRO,0.5992774189074471,16.459999084472656,3.1718256511014404,-1.2143095318000279,0.06565042185948042,0.5518412686234141,3.848572165825276,41.88808707997833,26.90824013355445,5.061534841311962,29.256120527306972
ETSY,0.5533031454878176,69.4800033569336,12.845655468596833,-0.9187928163632078,6.377606638464265,2.6989849499849647,19.648706254306838,2.947051790716309,44.3290491013812,3.894747992887828,29.23728813559322
PK,0.5128159594654027,14.5,14.067147117338152,-1.2509187991022288,13.926536512837934,4.1317240155628205,34.758361442518634,0.0,12.403104098137852,3.3822660962936326,29.19020715630885
HRI,0.5391644484287844,144.6199951171875,8.933272069616688,-0.5936995476990409,6.340022849533394,0.5260998976870588,5.182170221710339,35.85225582261917,-2.7159986943513017,5.825338472738785,29.12900188323917
TGLS,0.5390669921735076,43.790000915527344,9.192488570844382,-0.9257284640021299,-4.863198002065199,1.4524673296306954,13.416213994186862,54.744508333440535,8.447161124317995,3.801421721077177,29.0819209039548
HCAI,0.5179091248048138,9.199999809265137,8.798065590319794,-0.16301808953534322,4.846886804335415,0.3349688194931187,66.06497963814529,93.89153284346385,-15.981735436739031,14.777174583696349,28.91713747645951
CLPT,0.5285074087633984,13.4399995803833,8.418322631848914,-0.5264960732471116,7.507095905787114,1.3909161986688392,15.463910513872717,32.37529455116706,37.14285018808821,7.855017616974398,28.865348399246706
SLN,0.5130773784467721,6.690000057220459,11.13797762729104,-0.3460076397023917,-0.8727338784181884,-1.1796454987065548,9.672133798610409,27.049100170158784,16.753927308619115,8.694213171297083,28.822975517890775
HUN,0.5425597215633942,15.739999771118164,13.672462275792716,-1.1065912610475133,8.1081066912948,0.6811418128861196,14.890510876682612,0.0,51.200768504517,3.621347164617502,28.70056497175141
FDS,0.5339178672610296,241.16000366210938,4.225780769498271,-1.1219516670780634,0.6779818121960924,2.3988301813330093,13.997875215861821,26.105696953480102,16.44860483769915,5.337389466669643,28.50282485875706
WHD,0.5541326213278818,59.099998474121094,11.172509716816469,-1.509618802681948,-0.5378963486137601,0.4252968899197734,4.007900263797475,6.546954879267217,30.11366871582434,3.496760370104518,28.30508474576271
ACVA,0.5280344392257097,6.010000228881836,12.77276182060226,-0.3259209408214539,-2.983665568650704,0.9974853812864877,1.5202728279191178,42.44458967465389,26.526320602454163,6.855240586382511,28.234463276836163
PUSA,0.5405802058205554,4.710000038146973,13.012072017851436,-0.10430790443958717,1.4758169127051535,2.4274520644396342,8.775984319831473,48.1750427248148,9.027774326345284,14.93024170364818,28.149717514124294
VLRS,0.530311496561813,8.039999961853027,12.482031483387287,-0.5893373034314469,-2.1451396509375975,0.9745641158133981,23.124038335333445,43.05832965400276,-15.279239663685443,4.806326673411636,27.62241054613936
HOG,0.5032177646188475,25.639999389648438,14.258293535143753,-1.7233526294075527,5.769972837023144,-0.03961201406673097,2.5738335064918556,0.6279208550806836,24.69467172545286,3.332475075880058,27.523540489642183
VOR,0.5178482093137627,14.359999656677246,5.52463297021929,-0.7462579443346592,-4.362943728043126,-2.064835524530204,-1.8455260125302784,51.501970527758736,19.269100514801547,6.818046687292358,27.48116760828625
BOX,0.5121696420031242,25.389999389648438,5.0913156748577935,-1.4162963779301199,-2.854303143618174,1.0692396760805984,2.918521731247068,43.08573175904672,-3.6432674682614565,4.423563127800282,27.47175141242938
OVV,0.5080760765118656,57.45000076293945,12.513441059469042,-1.2084975394017248,-0.9781520237381479,-0.1943903912395073,-4.249998728363412,25.33904946099032,0.8425478882620577,3.3830663356731883,27.325800376647834
PGY,0.514999168155323,15.420000076293945,10.842984534447076,-0.4463381002209673,0.13583133120315288,1.923283203274043,13.884786703092288,31.389410489212615,8.66807986044168,8.166110627598451,27.27401129943503
SDGR,0.5339178672610296,14.449999809265137,8.011816232114189,-0.7143946186726936,3.729226348631388,1.8795481675421288,20.92050242421328,24.544836876867908,20.617699175316933,6.589223974126207,27.208097928436914
TCMD,0.556229121057504,26.309999465942383,9.542994594146506,-1.0472356405718224,-2.234045982219367,1.7858226883024162,15.699207258574585,59.55178920189348,-20.393343196681066,3.6569472733825727,27.15630885122411
SIBN,0.5012942213451748,15.420000076293945,9.28481763008789,-1.0577583633300853,1.3745616175775945,1.1249872521937883,8.898306796402482,30.363038516519914,10.935255391143944,4.080971083948131,27.090395480225986
TECX,0.5390316887752583,30.280000686645508,10.454302768918854,-0.6146979190315129,4.4822491385037795,0.19036780522394808,8.569384543616884,15.439498331359673,43.84798947116433,6.666351594804292,26.939736346516007
TTI,0.5062725046054818,10.399999618530273,6.071716170058658,-0.8622005967113336,1.2608892093204476,-0.21374813368932177,-1.1406923384060492,32.0446777070444,14.790277447055159,6.164149494742543,26.878531073446325
NGVC,0.5299996995585909,31.579999923706055,10.991257588681789,-1.367753789906922,6.770347929661373,1.8673315549333942,11.827196103186694,0.0,26.78674422977686,4.050935078402892,26.784369114877588
SILO,0.5233315121811223,6.630000114440918,12.912888627494093,-0.14939593189913852,2.308501096401611,1.4934192184861923,10.500001905598634,68.47395399096132,-16.603770142482507,9.799611679277833,26.544256120527304
ALK,0.5448562174060827,47.31999969482422,10.40762852515078,-0.7166099037051757,4.338046931189807,2.423871605775636,28.09962494240353,34.84376954073057,18.566774932490834,5.091474999164484,26.52071563088512
IPGP,0.5899475980636526,114.6500015258789,5.603944535920584,-0.7519049117411454,-0.5040307314998301,0.6865837228896629,11.57064922378065,52.02469442975772,26.210927066929752,7.433175303007119,26.52071563088512
CRUS,0.5062725046054818,164.08999633789062,14.361983739367092,-0.6574246849271344,-2.12347281157821,-0.3231400274385573,2.7424641161296193,25.403596810178204,21.62922828810241,4.677740951525795,26.421845574387948
BOOT,0.533557480873544,170.61000061035156,7.4418588490539435,-0.8734466916740137,-1.1557699591010975,2.3489283147864373,18.60270654934363,48.380898930072604,18.60270654934363,5.0593687593572305,26.35593220338983
CMI,0.5062725046054818,659.5800170898438,11.14578394572515,-1.1798344501729707,-0.3582165487796152,-1.3275497597319232,-5.007455025907376,17.488758959984818,22.792192747593578,3.863093039805072,26.17702448210923
RES,0.5126037574435729,7.190000057220459,9.061805621823146,-1.2041000107216457,1.201202649369873,0.23620385193055785,3.901733784836845,11.422676692494814,33.15316745107623,4.3860524573356985,25.90395480225989
DUOL,0.533557480873544,122.62999725341797,12.619943012261484,-0.5542372660013186,2.286954681376804,2.190925814265753,9.43244683652886,21.098780901898213,21.415838864558225,6.751551700283326,25.475517890772124
NUTX,0.5564324686164159,144.39999389648438,6.561576566169699,-0.9369844148772885,11.615247673965976,1.1651276239469288,14.330950441201388,25.52540083772118,59.946827479354035,6.281361243453085,25.230696798493412
SVV,0.5268215226654328,9.989999771118164,7.518507780391606,-1.347929255362415,10.470150193684594,4.590854765948961,40.11219649889703,23.146237694386365,-2.441406304331265,4.5524100712919635,25.21186440677966
NE,0.5084860661947,46.93000030517578,13.617091454502175,-1.2358529820059867,-3.9449658302007062,-1.4257453306816639,-10.324295458599147,31.305422941413585,4.678222402503414,3.45172000676211,24.94350282485876
THRY,0.53238735604365,3.859999895095825,10.485708910483591,-0.6280145894949621,-0.8720802350499426,1.6346930450127413,13.196475008989635,34.24467729478623,66.37931058199158,6.8632504671685135,24.571563088512242
MAX,0.5124680617010288,9.449999809265137,10.858068398706214,-0.7029714492636727,-3.0545528896577188,1.8002892267139254,17.245649095662007,47.684526631895054,11.045823207884368,5.449736309406613,24.369114877589453
TNET,0.5339178672610296,47.380001068115234,8.76956304700649,-1.344306538586161,3.507718907326102,2.535524617412634,16.929912469603345,27.929480699710453,14.368293960935633,4.371945350983599,24.08662900188324
WEAV,0.5121696420031242,5.519999980926514,5.521249999060539,-1.0304604843743506,-3.8634583742999205,0.6789524515930903,4.545450029090452,56.033703251229106,-10.679609476344304,5.7673398951671535,23.70527306967985
AVTR,0.5165349091527097,9.390000343322754,11.195025498143833,-0.7828068578153705,0.8313157071468205,2.7594269805123974,23.2283528098967,41.21479084294556,-2.593360903220626,5.120189510880004,23.488700564971754
SBH,0.5390669921735076,13.850000381469727,13.861848580971154,-1.051556545494296,-4.119622881301828,1.5813919437139015,16.386561557019824,68.4393277730725,-9.88939177168492,3.4940702903299314,23.145009416195858
OII,0.5368495915974366,39.38999938964844,13.293813193503459,-1.2472706037704715,2.0307714829992642,0.3678714174042347,4.0961924703205375,0.9715126096192603,8.872302535400262,4.280454809650851,22.843691148775896
ESTC,0.5056628768343249,60.349998474121094,12.349145135587184,-0.6357603529758017,1.9287921556771468,2.8586319464089422,19.2687752842401,36.70956816187409,13.205771748910793,6.635103721932807,22.495291902071564
HP,0.5025196788650633,39.25,11.918318879053322,-1.6815911524433511,-0.12849687964075282,0.2230437621411886,0.0,9.763020990165058,15.269996006780662,4.1581081845089995,22.419962335216574
F,0.5390526846221009,14.84000015258789,14.308295776953894,-0.858627843370411,-0.7789242521278387,1.2901264396510115,10.74627294734278,13.34338767993514,9.35888346522571,4.899885955682457,22.283427495291907
HCC,0.5297566328676818,98.11000061035156,5.663549427708396,-1.2836223489498029,2.832587094167861,1.4962605285683965,15.233734218381635,14.76530027691401,13.816710073809437,7.129898936768331,22.217514124293785
REPX,0.5046419194668633,35.2599983215332,13.483154673707629,-0.840322861380552,-2.673312741850803,-0.43969998888143386,-4.418544578584182,36.186791747164605,8.02342269038348,4.713960363033946,22.076271186440678
VG,0.5089205521508016,13.079999923706055,14.829883685028635,-0.6664666046371052,-0.3048788476669194,-0.06093875694598516,-8.081515498550248,37.79122418553263,-8.467460051031335,5.50731765889661,21.80320150659134
CLF,0.5286974803085287,13.779999732971191,14.312928631132221,-0.6694881841492462,9.875212609786951,2.951075192006648,33.65663600183376,16.04918187472279,11.941504980719156,6.98730075747507,21.247645951035782
NTNX,0.5295666083953027,49.310001373291016,13.712216918471839,-0.8124166387175595,-1.0514882244989623,1.3978470536719296,6.409152375613818,20.61011788077243,28.814009784324764,5.480184854718413,21.21939736346516
ASTL,0.5062725046054818,5.010000228881836,12.603062545878501,-0.7506505875602784,-2.500725312120884,-0.8298751901174443,-3.8387679033085464,19.463813045224683,40.33614347795399,6.6566858549084795,21.049905838041433
TECK,0.5025196788650633,64.83999633789062,13.80852953632172,-1.1229440578832701,1.512347353146363,-0.7659207709652894,5.688668215998098,9.004326675432413,42.94531628084701,4.481360578572649,20.969868173258003
KRO,0.5066825379524942,7.039999961853027,13.350516794013668,-1.237163812500741,2.5913784686501584,-0.7310594327251991,5.039150052920456,13.846737189455913,14.72722933573026,4.539384253226244,19.66572504708098
ORN,0.5062725046054818,14.510000228881836,13.473032672117668,-1.0118384151449291,2.6965821067577,-1.3131243238970345,-3.5239344034589517,13.743709140468061,22.758042328951525,5.124544023594411,19.406779661016948
PBF,0.5907647317462387,41.88999938964844,8.472878102842927,-1.375284783954675,0.9758765462610027,0.2594665043488671,-0.9692667962111952,36.11911744532232,44.08975407111201,5.40190307382672,19.17608286252354
TALO,0.5080760765118656,14.960000038146973,11.39888230909834,-1.4234526460407215,-2.071809918168983,-0.30997153335553584,-8.724828582467017,32.12363904535693,-3.359170022175864,4.5359061703228996,19.044256120527304
VSXY,0.5535058944554857,78.87999725341797,13.621343494364973,-0.8472056087731311,25.353586660128176,8.013560108543418,71.6274996170548,5.860280330189018,49.649020343386795,7.686722342438649,18.253295668549907
LB,0.5046419194668633,69.29000091552734,10.810182088739497,-1.0173862976941745,-3.930928187413093,0.002817526689450616,-0.44513688934308376,33.51967237589839,-6.620558104276991,5.88871882436866,18.154425612052734
ERAS,0.5994240221044647,14.050000190734863,14.78367462429826,-0.6754242722922029,0.08619720200651435,4.3121454409634286,37.34116147663143,30.03056453793948,41.91919931004498,8.02994151382642,18.102636534839924
NAK,0.5047354212247797,2.0399999618530273,10.978203896973959,-0.7966829411721815,-2.2754517652085875,-1.810912726914201,0.0,43.255978623237766,65.85365280978999,8.044468405029763,17.97080979284369
DLTR,0.5275202028728557,114.0,12.020436499426822,-1.0761093008517044,0.5105614204680401,3.648393589862992,27.260546628172794,43.9065343790784,0.8849557522045579,4.942976203478667,17.919020715630886
NET,0.5541326213278818,228.47999572753906,14.471298834564028,-0.8413369870374018,-1.2778846437799227,2.1262561964392033,15.650940752627987,11.45916785689199,16.494156956703648,7.037096700869731,17.683615819209038
BBWI,0.5189704632785301,19.399999618530273,10.958072593889549,-1.2020477175769841,-2.8116700669818395,0.329558659038854,14.796449692714639,50.11501589966042,0.8674180626756085,5.619974436185627,15.258945386064033
GTLB,0.5165349091527097,27.790000915527344,14.621700976618609,-0.8278516068647626,-2.5100391404213336,3.067939613894939,17.4556259280467,42.442483819848945,-12.66498685675895,7.06420708089209,14.957627118644067
CENX,0.519458288155158,61.189998626708984,14.574757973983552,-0.9664109125063202,-2.269570640462916,-0.6253469831283474,7.690952050825025,22.637705833298554,32.90616292264914,6.896551202063386,14.453860640301318
BWAY,0.5163537261467588,14.630000114440918,14.882882635344604,-1.3568388899359305,-4.285246464039972,-1.9414918532893117,-2.6613414877592048,22.733346680510483,20.95907227148208,5.194804856175512,13.865348399246708
PD,0.5154732140252228,8.960000038146973,14.417591841175787,-1.0813554451748943,7.044721631534647,3.972603121553537,32.348597681934685,25.379713254189685,-9.949746633128665,7.86033322615141,11.379472693032014
