Ticker,Win_Prob,Price,MA_Conv,Vol_Z,Breakout,MA20_Slope,MA20_DP,Ov_Supply,POC_Dist,ATR_Pct,Dollar_Vol_M,Resonance_Score,MktCap_B,Cap_Tier
GRVY,0.5229739679674015,69.29000091552734,0.27337242519155003,0.9502285802604464,10.405421656230853,0.6092321634152875,11.398713931685881,1.7098816831587302,14.377680457355046,3.399532430416007,4.08,78.33708877872915,0.48,Small
FERG,0.5153155501606116,263.7799987792969,1.8832903282484916,0.06342158769863365,10.737038835302203,1.8945736433622666,12.399866631832701,0.6111529400659597,3.2366656687503137,3.1647050619999555,666.67,75.27264533573683,51.16,Large
CMC,0.5085017321859742,73.20999908447266,2.049490760622544,0.9063878873960532,4.630711400005489,2.6304902149156453,10.605826233613904,21.118353960043297,6.138685812386564,3.2684833053192857,96.63,74.59666516448851,8.1,Mid
JJSF,0.5188311802846239,89.98999786376953,3.4335788486168597,1.0200214004851726,12.736221532297423,2.9117518166084553,18.92427651797123,3.1605190572120563,18.7986770476324,3.5345203011261885,22.41,73.41144659756648,1.68,Small
ERO,0.5146909530833307,36.540000915527344,1.610199815155761,4.32949096707951,30.51320989434856,5.083809151595874,41.13558044240714,0.0,41.51820816030774,4.313862404896176,44.36,71.61333934204596,3.81,Mid
HP,0.5294388568748888,41.869998931884766,3.543940050188553,3.1309394055024202,16.343527822113792,2.3544473853928207,24.096019113021132,0.0,23.87573928030443,4.049951567569375,51.57,70.93285263632266,4.18,Mid
EMBJ,0.5222768557137544,73.80000305175781,7.578761465078229,1.211679433989274,8.507075440434205,1.6978549780753467,13.695884899018939,0.5268306155563484,23.21977515833727,3.229770977282275,87.34,70.58584948174854,13.13,Large
AVNT,0.5257482887901627,45.650001525878906,3.933004922850583,0.4258935791188466,19.92802138350821,3.5937845494759424,27.47835737211755,1.728396599895966,20.416781085244434,3.825692371410326,41.98,67.88643533123029,4.19,Mid
GMED,0.5066086501482127,86.1500015258789,6.70563477628859,1.54298890898858,1.9273335847622413,0.9610544719615893,13.624375985883328,31.709246227560072,10.519570107201186,3.258436477545866,153.45,66.98062190175756,11.69,Large
ABNB,0.5012116626915659,184.6999969482422,9.445941119895963,2.3295526026622198,22.297629585767574,2.4617276106545676,26.040675180964456,0.0,3.7232489196873755,3.5118719081227567,754.26,66.50292924740874,110.6,Mega
RL,0.5238484041269377,406.8900146484375,4.981906890079074,0.12103243753031709,5.087347252668932,0.5432583558734302,10.277261918903093,6.848862839903705,8.798240815306475,3.46299277567565,273.23,66.42181162685895,24.24,Large
TX,0.504731272560404,54.79999923706055,10.58308468250232,1.4143330663736324,13.397686761243591,2.9878420065060283,22.37606237312462,0.0,18.486484836487964,3.2527370130066755,33.41,66.36322667868409,10.76,Large
JCI,0.5147502432997602,150.6999969482422,3.4334588612874195,-0.3120719568659647,3.7628650852302394,1.0502665817108179,3.7592889345473863,3.320586565326179,4.074581334321323,3.2709266832455985,658.76,66.002703920685,91.29,Large
WFG,0.5182661406368185,71.23999786376953,4.295524208556036,-0.150951185705438,4.257215494294427,0.9156563593395178,0.07022815093134499,4.1417300856258565,19.363155770734448,3.3789124954716345,15.86,65.75033799008563,5.58,Mid
MLR,0.5217121322565622,53.380001068115234,7.3861503007914235,0.193481451979787,4.7467691060524935,1.624241064704991,8.894330007237063,3.0267521995590947,24.252621640853516,3.3098271310031597,4.18,65.11942316358721,0.61,Small
LECO,0.5188311802846239,277.3299865722656,0.2991568203193652,-0.39238254475549306,5.940991130719675,1.748059098612306,9.798869491523593,10.30963537308715,14.919186797587352,3.4172788818761015,107.39,65.10590356016223,15.12,Large
BZ,0.5059106372895059,17.459999084472656,9.97083193111197,0.3080465980455132,10.478355141880808,2.50356673746616,22.698521756253896,0.44824465900171656,30.298504337455366,3.1541476579436756,59.78,64.84452456061288,7.8,Mid
QRVO,0.5438986596395625,96.99500274658203,5.408424833918347,0.09672682053359255,4.204158934159363,2.0337613493752684,17.555448109503306,21.401722678244443,24.098001793419257,3.296708180389709,127.91,64.80847228481298,8.56,Mid
RWAY,0.5120994374442186,6.630000114440918,8.973710970581795,1.783443414140543,6.2658074793041125,3.2082192084672285,15.104164077037366,17.970111997897988,7.491325737335575,3.318251778769015,4.18,64.7228481297882,0.28,Micro
ATNI,0.5192426684742371,32.11000061035156,5.474093768311562,2.642834258723715,22.064494185589233,5.028109225447201,34.915973274494085,0.0,30.791336745599057,4.410062857900467,2.61,64.68679585398827,0.49,Small
CRON,0.5211268868427679,3.0,5.565194830924235,0.22154637795130802,5.671012301719783,1.5924134476407825,9.090909087603304,4.902398464619955,7.142858964938135,3.664285796029227,3.4,64.4389364578639,1.11,Small
ZLAB,0.5187909608639252,23.56999969482422,5.144778061304852,2.1738137387907535,19.05543509411658,1.9780045814451257,22.124355576880134,4.046385751025879,1.0720411803640206,4.35026472598247,21.36,64.17755745831455,2.65,Mid
APA,0.5309271662625987,41.02000045776367,2.1538582870438794,-0.03886763999413304,14.113660982140704,2.0573486507986147,19.63136953459703,9.781909695204435,6.328848195207024,4.001532229189677,229.34,63.51509689049123,14.37,Large
VREX,0.525412629242467,18.459999084472656,5.995236904181967,10.885822850657933,59.52987263254179,4.752635711400409,74.64521870105123,0.0,87.79246415939991,4.548445152107592,12.28,63.36638125281658,0.78,Small
CION,0.5107637829080013,7.480000019073486,6.266277890369193,0.22991213758584714,11.427417271476143,2.853057233901739,18.339963096526244,9.919633929600609,18.77446642344654,3.586897319975737,4.42,63.21766561514195,0.37,Small
ESP,0.534139785383508,61.91999816894531,2.8691765709314607,0.13308602946023576,2.124949582175056,0.8064102598300805,6.428322179593617,34.255227419702514,-7.747324738934172,3.803293506780258,3.28,63.13654799459216,0.19,Micro
AURA,0.5368489475610063,7.699999809265137,4.07213535983872,0.04034406386678512,7.602009358466109,1.828530200423678,9.999997273787669,24.729690612814796,-13.483144500723817,3.6771793780928617,4.26,62.550698512843624,0.8,Small
FIVE,0.5243342694741969,235.36000061035156,6.824892755883155,-0.0048313952232214045,9.896190700456499,3.5595436534304343,21.878721902668993,6.925043936302636,22.474893507159855,3.4278779887031874,309.57,62.48760703019378,13.01,Large
ALSN,0.5250599840101732,124.5199966430664,1.7593371381919063,-0.250725347067309,4.455886665593694,0.6702162301959765,8.221796701823306,17.958064712940555,7.0035178345423885,3.7159845684278956,146.15,62.47408742676881,10.28,Large
SAP,0.5037482639537042,208.5500030517578,3.2393222189898747,-0.22570820382931023,19.289697050656162,4.105220981827449,34.71352389400883,0.0,29.969600452306995,3.9449265851938518,655.52,62.32086525461919,240.71,Mega
NVST,0.5074700717576114,28.190000534057617,4.547376963651384,-0.24691381875766918,3.691172665261578,1.083844571165005,7.96629595941777,11.809145266590834,16.055987943074328,3.383672463870349,81.7,62.302839116719255,4.53,Mid
RDNT,0.5116602933688517,77.27999877929688,6.799778890852948,2.088099820512804,19.891555734473027,1.8144987966556165,23.096528005270905,0.0,27.23081436203094,4.426926065332643,69.93,62.08201892744479,6.08,Mid
ZIM,0.5041541380531815,25.209999084472656,3.387483961119441,0.15072420406095732,-2.7448912736381565,1.3221346989716745,3.319669994150501,85.06606645630707,-6.42498235528513,3.528078459940489,30.12,62.009914375844986,3.04,Mid
AVBC,0.5032648783687613,21.290000915527344,6.304268068672638,0.3882665520879781,0.36062497790117315,0.7767226660846107,4.4651707173174415,13.245381126230777,5.343898465740229,3.796081799515206,2.86,61.870211807120334,0.4,Small
NPK,0.530487435230264,137.5,4.7445772244291256,-0.22588560530763985,3.4437823925127904,1.6240437340161895,12.01629327892451,28.28689699092501,3.687504235807875,3.250647606787744,16.2,61.71248310049572,0.99,Small
CHRD,0.5154269106281971,138.52000427246094,3.308447065970907,0.13122654677429044,4.170350551550677,1.6877284745127108,13.550296498091207,20.585473582609424,3.5602738092731117,4.066456773608433,115.77,61.57278053177107,7.8,Mid
CAI,0.5131729830787609,23.399999618530273,6.0187915946967685,1.3572269359984284,30.29255311286957,4.381046051525,38.05308887839682,0.0,16.999998091801366,4.662088207004108,86.85,61.10860748084723,6.61,Mid
ACAD,0.508182205087932,29.389999389648438,14.108222306954513,0.8936893530600831,11.630201784410023,1.7232053394897016,15.300116333450214,0.0,32.566528137945596,3.2931520276953,49.36,60.815682739972964,5.06,Mid
URBN,0.5102433985091562,79.48999786376953,6.630894316992926,-0.3047680123275038,6.336155879754163,1.7788335361109169,13.249743693903282,0.0,21.432934578837337,3.417320433111812,86.86,60.47318611987382,6.81,Mid
CACI,0.5046909997071299,648.239990234375,6.057507482881587,0.4401321990240741,22.31204756922699,4.902660209158636,38.350230951328015,0.0,3.0932446264521265,4.419880111395806,190.65,60.36502929247409,14.33,Large
TEVA,0.5229739679674015,36.13999938964844,1.8781068503088023,-0.618182820656181,8.289833412194412,1.2395682799768666,13.576366235450147,1.49586186751058,2.1481014657080926,3.476558746730938,215.63,60.31996394772421,42.11,Large
TGB,0.5313718708965693,8.770000457763672,3.507386508584694,1.1720357897686,18.082677525718232,2.7745103062814866,10.037649793368535,1.1105723571983008,29.54210461117351,5.642286647112435,50.14,59.62145110410094,3.21,Mid
ATKR,0.5046909997071299,93.75,10.662458412982279,0.6694306466371306,17.58877105300673,4.358810293351029,27.41233713880987,0.0,0.21378614827986547,3.8013334728422623,67.81,59.50878774222623,3.17,Mid
SPB,0.5120923784800746,87.87999725341797,9.726197438904157,0.9432349678234162,-0.9562902289749708,0.8060756709056314,4.4697983642707575,12.497012153639657,26.77136253945064,3.7656866221509495,31.78,59.26543488057684,2.02,Mid
DNOW,0.5116602933688517,16.649999618530273,10.302866999404497,0.317720752199714,16.254710534554782,3.475182391254042,26.9054860022334,0.0,40.50632136823739,3.685114244130648,47.81,59.26092834610185,3.01,Mid
KRNT,0.527838246315948,16.790000915527344,1.88224745372308,-0.5688653106540846,5.996811722736363,1.0062084497451602,7.010843623279829,2.395868120731946,19.33192096308562,3.653536006384465,3.51,58.99053627760252,0.78,Small
MNTN,0.5082101480587132,11.550000190734863,2.1028549408794484,0.20598706113380214,19.887899412596507,1.0064998532787972,14.0177695963643,0.0,20.062373471254904,5.510203896273217,14.93,58.72465074357819,0.85,Small
INVX,0.5224653161368553,29.170000076293945,2.556132455156803,1.960622340982983,6.734481304390512,2.2332371630177397,13.41368917150004,10.789216628850518,9.496999791725317,5.891570962256963,15.07,58.679585398828294,2.04,Mid
SDRL,0.5168961333935145,46.7599983215332,6.043336992579689,0.7873218720412446,4.0525417648784225,1.2215932056221246,8.592654041231109,24.984062590553464,19.774583055241802,4.262648722298385,40.29,58.440739071653894,2.92,Mid
DXCM,0.5116602933688517,87.6500015258789,12.181510298225,0.852870162266393,12.440268748703511,2.034739369815316,18.254180083308558,0.0,34.65971187112958,3.792680698112157,459.97,58.23343848580442,33.08,Large
MSFT,0.508182205087932,506.05999755859375,6.370407625139143,-0.37228466136296784,17.800967350261708,4.1892624970582,31.46806099480099,0.0,35.68383406224096,3.567420060532047,21857.64,58.10274898602974,3757.77,Mega
TAL,0.5313718708965693,12.5,9.019102397576308,0.3155292758650795,12.087517472825786,2.9399547028617143,21.35922105157343,1.0009406574351976,28.733264166887995,3.9532568795340404,53.5,58.03515096890492,6.93,Mid
SKY,0.5257482887901627,92.98999786376953,5.313186876922373,-0.015754089605492023,10.63257518558828,2.1145020457874755,14.196239119646695,6.4816128715357,33.318993352596905,4.2055225997068995,70.89,57.87291572780533,5.05,Mid
PLTR,0.5046909997071299,175.22999572753906,4.117350504570792,0.43111469638504674,26.315293402201114,4.461969257783585,31.042472425657408,0.0,7.727770676474238,5.497062209388268,7980.94,57.4808472284813,421.09,Mega
DV,0.5054118440294186,13.220000267028809,9.961866212791442,0.9645038729833398,14.379651427496817,1.239434526535179,13.965515794355277,0.0,0.07570195951703945,4.2954380741632745,49.83,57.32762505633169,2.03,Mid
VTOL,0.5032648783687613,46.529998779296875,3.8077486225805757,-0.21050826883032112,3.1272841026812292,0.7649095728548576,7.33564110042774,26.108909298312323,9.870130946123556,3.9412982128041527,11.02,57.26002703920684,1.38,Small
ESQ,0.5057480797198475,129.02999877929688,11.899664527266737,0.3798433232577221,2.684290106319037,1.5570135959630735,8.174044349177628,7.075929614635093,11.21358603046972,3.543639704646361,17.26,57.070752591257325,1.12,Small
EMR,0.5153155501606116,158.7100067138672,4.813624659849433,-0.6667332224307683,7.432119082387979,2.1370369740767265,16.621361587554407,3.005833664178371,7.67715422753045,3.2143018181673844,454.18,56.99864803965751,88.53,Large
ZM,0.5243342694741969,107.19999694824219,4.475860224401687,-0.517340391142292,13.80646197916734,2.251386947477105,17.608332587499028,5.0505032993048875,41.91156426871048,3.5414442570330893,399.07,56.94006309148265,31.43,Large
BR,0.5020053151538059,173.39999389648438,5.459566852871304,-0.15492365049932724,10.390694533679621,1.9331385187075576,18.750848392489562,16.07528557843591,0.12330454054031434,3.9137437645191375,244.68,56.64713835060839,19.77,Large
SBLK,0.5238981007409835,28.420000076293945,8.765949929130873,-0.22121383130557778,3.3698882646695716,1.315571171761297,7.003014486753255,4.583958398180155,14.760750425859644,3.4834629738847886,36.49,56.629112212708435,3.17,Mid
TIC,0.5166214272154324,10.329999923706055,8.071601344128998,0.7328290518942197,25.348864127777226,4.745879314949088,45.49295861977497,0.0,34.3302970936065,4.706817023910967,21.93,56.57954033348355,2.25,Mid
SWIM,0.5195108211622816,7.309999942779541,3.122204392610441,-0.17527679724783282,20.776537481266047,3.373185137252621,20.62706289763415,1.3903219474951336,3.835227022033869,4.905218852741716,6.27,56.11536728255972,0.86,Small
AUTL,0.5195108211622816,2.069999933242798,3.1872513618241984,0.9582625158794535,27.87644279351187,4.519773088639405,42.7586113615587,1.045359895726031,13.736256782878817,7.232575093668969,3.28,56.10184767913475,0.55,Small
ARLO,0.5011044102346419,14.729999542236328,4.836304951108975,2.6208576062827547,4.735491724777235,2.261324548612421,11.675511832666183,21.805503790237918,-6.118547251499256,5.334110294440549,18.67,56.06579540333484,1.6,Small
FLR,0.5064523279716363,52.25,3.649580256404993,1.3574916043441572,2.789581813417854,0.7352210804254661,2.210487268590925,20.5796722359004,20.64188026559566,5.708817268835708,137.8,56.00270392068499,7.3,Mid
GRNT,0.5039474635763158,5.079999923706055,7.6031178823727465,0.055853476281273164,0.5720401702600942,0.8759744615740652,10.19522291708475,41.342111864002746,11.894272384832366,3.624859543563312,4.64,55.926092834610174,0.67,Small
AR,0.5080670475407673,37.06999969482422,6.452449462882583,-0.23172221506982574,0.265064729510755,0.6783199032134994,9.286561603266694,44.23530938424554,-14.387989958115705,3.3874141538750306,177.97,55.91707976566022,11.4,Large
MHK,0.5187909608639252,135.64999389648438,9.570916360794198,-0.13665251338858206,13.240303903526335,3.3166868482916785,23.40792954504819,2.761886635126072,13.457675364931895,3.6069188564059744,113.35,55.84497521406039,9.19,Mid
FOXF,0.5257482887901627,21.030000686645508,7.363722596870305,1.6625041149155597,11.387714825521755,2.7427078412846666,21.00116054037772,2.6302732820376757,24.881238098830455,5.097139963145325,12.79,55.76836412798558,0.88,Small
CENT,0.5120923784800746,43.900001525878906,9.916489489692282,0.7294896623960793,0.23632326646211402,0.7059178879662503,3.6355073024117406,16.465423725376883,24.751359019126454,4.004230353881496,4.09,55.52951780081118,2.75,Mid
STLD,0.5209160464354513,268.6000061035156,12.53416187834164,0.0020147049067857315,7.25448256135073,2.2158572930550813,15.106063457402186,6.616231565320881,7.722451709134927,3.322781407260902,340.12,55.49797205948626,38.5,Large
EGBN,0.5041541380531815,27.639999389648438,4.386070337937132,-0.5040646362868177,-0.1397203346088811,0.48074194353352767,2.9403814952968483,24.691994953035188,-5.08140280427373,3.47343844197599,8.49,55.19152771518703,0.84,Small
HLIO,0.5043059600239107,81.5199966430664,10.102104972580227,-0.21770229342772224,-1.7189694627926724,0.4637599988707477,0.5674797660023043,26.102796242676344,5.249632487734679,3.1512847469606995,28.54,55.05633168093736,2.69,Mid
FNV,0.5074400316725579,240.89999389648438,8.481474517170778,-0.1860758259445558,3.3024036276280713,2.296801746464727,18.699185769257976,30.266044209460603,15.806167170730248,3.368618239565872,210.48,55.01126633618747,46.46,Large
P,0.5116602933688517,97.9800033569336,7.370548363253074,0.683500018572292,26.762754587352333,2.63171919983007,27.197202271013687,0.0,34.14567651759555,5.108549452320708,292.82,55.01126633618747,32.57,Large
B,0.5195904369126642,40.880001068115234,8.475530386701607,3.4477481741121103,0.1459423402398952,2.2387045338458154,12.030691114269596,50.29004847096451,7.2422313417560575,4.214426532546522,441.84,54.84452456061288,68.66,Large
HGTY,0.5279325019238252,13.119999885559082,9.628489965541592,0.44780659868644346,8.376010573260686,1.3563294358505171,7.102039881535196,4.802631910910623,15.49296022814933,4.263392553732887,2.08,54.826498422712945,1.34,Small
IR,0.5009878367591979,86.62999725341797,6.095112532712856,-0.5168995195519323,2.4570503390189242,1.645758911516327,9.644342375731775,17.030883079965395,12.404304653334163,3.275505974086227,377.23,54.77242000901307,33.61,Large
PRAA,0.5238336220957331,18.959999084472656,3.7174961294809976,0.32434236044102727,6.868071958759598,0.5241085773761349,5.5679290140324795,15.16772499375461,26.907627956687946,5.372211803085502,12.34,54.754393871113116,0.72,Small
SBH,0.5313718708965693,16.75,8.18852085959058,0.35344393699043986,9.070782608608809,1.661591262248365,16.64345682658143,0.6248454245100442,21.113521997043737,4.643923794028601,25.29,54.59215863001352,1.57,Small
FSK,0.5024593709941791,12.1899995803833,5.745317858680486,-0.6013690668252949,10.082626252551986,1.9988017424998843,12.974973339667129,2.24469880470626,17.86293490235699,3.4688851086393564,34.05,54.55159981973863,3.37,Mid
TFPM,0.5112919591372299,32.0,11.176085548280312,1.4352731673156178,-1.5219361753438054,2.1904443409992855,14.777621818882208,43.36585488332019,7.0234127364270424,3.780803084373474,21.1,54.52456061288869,6.59,Mid
KRO,0.5187909608639252,8.489999771118164,4.0593814739494904,0.5657518189019239,26.114079164349175,5.533782308400662,32.44929754906802,1.981220813006589,3.1591767109575635,6.56234258877251,3.19,54.34429923388914,0.98,Small
APPF,0.5037482639537042,199.5399932861328,8.021732671170836,0.7879303401160742,10.364887778962501,1.7330609799480952,14.375779896223259,0.0,21.707835925674978,5.119183635203262,81.76,54.25416854438937,7.07,Mid
GFF,0.5187909608639252,104.80000305175781,8.591043638637935,-0.10072665262328538,12.257852341410356,2.5033903230573764,15.38038196512839,1.722994442326135,8.691148145473203,4.006951443169197,37.75,54.15502478593961,4.75,Mid
EGY,0.5265978201148761,5.809999942779541,4.620804444910986,-0.24093435355044282,4.218531959980463,0.4975121816232244,6.998160706889049,32.32658099350959,4.1218641967204395,4.001720764274651,7.71,54.05137449301487,0.62,Small
TALO,0.5159921704091477,15.59000015258789,1.6745916142970954,-0.27797718833247026,7.210397849189105,0.8985571367612126,10.09887231980543,18.821434277105645,0.7105982790524373,4.817649222982214,31.73,53.740423614240655,2.6,Mid
MTW,0.5046909997071299,18.889999389648438,9.328212170722258,2.0065018192769273,32.26438518945704,5.165494199771029,48.8573681149743,0.0,0.4253052949132215,5.187892886713037,5.47,53.686345200540785,0.68,Small
ZS,0.5074284242393615,176.67999267578125,7.423288206850924,-0.08978102742471902,15.512981153866257,2.6768027473077014,16.168056367822246,3.24895878728369,39.76741361992565,4.283246743152261,644.86,53.582694907616045,28.57,Large
ECO,0.5308082402245649,60.5099983215332,13.907005855419992,0.9296882915526341,3.5252620418606204,2.1656862493303213,6.6631390970063,4.857157060948531,24.24910647354986,3.938652746009772,28.55,53.57818837314105,2.36,Mid
WHD,0.5116602933688517,71.06999969482422,7.978122370850821,-0.24569124238103768,20.453543336633377,4.081992546154371,35.11407177975323,0.0,36.64680251495667,4.058673738585372,58.33,53.38440739071655,5.7,Mid
KIDS,0.5046909997071299,23.280000686645508,13.15038979250818,0.9257140790844839,14.309567072061993,1.9013552960990519,20.93506850096705,0.0,4.347831662391631,4.274974330793771,4.06,53.31230283911672,0.61,Small
GEHC,0.5047412757250568,72.94000244140625,5.1647529926528835,-0.6004036391519272,6.954908768465594,1.568211014009883,18.36070704469808,12.090821154119643,22.688426970690433,3.5132041654601402,382.44,53.27625056331681,32.95,Large
DHT,0.5041541380531815,18.329999923706055,3.8711151396609815,-0.7557929049875393,0.3503774171400637,0.9505915059813025,0.8250803960620301,21.243133492102608,-3.3408181460276207,3.2814654217135066,59.43,53.240198287516904,2.95,Mid
MATV,0.5257482887901627,12.800000190734863,8.548348342732833,1.8331440258204559,42.17483277108486,8.482950328332016,65.58861783305893,4.40712241435451,56.288166617621826,5.200894738081814,7.03,53.19062640829203,0.71,Small
SRTA,0.538831332204722,5.940000057220459,8.250712580587448,0.7424953427777266,8.409987321012375,1.9915332637036745,12.499996611005166,6.828882340696042,12.71347397707236,4.894179480059658,7.24,53.18161333934205,0.53,Small
VNT,0.5002669199896419,34.2400016784668,10.19321520025796,-0.1943623533718911,3.0049908867281165,2.7301167718343433,16.621256697891422,34.674172096723346,11.738163188947214,3.270192759501859,58.56,53.132041460117165,4.63,Mid
LQDT,0.5042869099591503,40.90999984741211,11.886199905098264,1.7276774777857085,4.355588263738471,1.0986030882792774,5.086050672139925,6.122246924025454,42.84218128080717,4.357996918003803,8.79,53.118521856692205,1.28,Small
REPX,0.5159921704091477,36.209999084472656,1.3709195519108854,-0.7919160623234698,5.662481079403537,0.7234083796410886,6.678011508651911,15.455731999129869,12.295856559749662,3.6368551281036656,8.6,53.091482649842284,0.79,Small
CENTA,0.5032648783687613,38.189998626708984,9.059674076649001,-0.12640663474166952,-0.5675936411665516,0.6617655689073749,2.8825423641817554,20.228315705510035,-2.8738582829522263,3.6845855844906814,13.53,53.07796304641731,2.39,Mid
AMZN,0.5259767906758384,278.0899963378906,5.233951514934702,-0.6307168107444581,9.859893071946763,1.7105012782331268,12.364131950955946,1.5423857906421454,19.510934470732774,3.6671053337668793,14941.32,52.915727805317715,2999.57,Mega
NEM,0.5421769916499947,117.26000213623047,10.614220322914985,-0.08390036421294844,9.586056319742022,2.7876512949342707,23.757258191021524,17.66249494403695,22.68663359717478,3.5671638643283203,980.0,52.89770166741776,123.56,Mega
WHWK,0.5440236544258178,4.550000190734863,4.044607724327858,0.715258933715644,10.420817527988952,3.0291267189652378,19.42257897309148,21.162437668843186,-7.707903666494407,5.956670490446384,2.26,52.89319513294277,0.26,Micro
DASH,0.522304750642958,209.86000061035156,12.298800132191207,0.8099826443308547,8.663966174416966,1.7287733589846834,11.752493803263247,2.5567205469197045,19.110050344628103,4.275298668031803,973.22,52.81658404686795,91.44,Large
EDU,0.5187909608639252,58.04999923706055,8.016866014542062,-0.1386309448260243,9.361162505609357,2.4541834958690956,17.059889208047455,9.868062935794084,2.598086529528974,4.037161244481468,40.44,52.75349256421812,9.68,Mid
SHOE,0.5117332786307848,16.110000610351562,10.908935722399878,0.3119410614051637,-4.207928681283897,0.5737220470358695,12.578617315353588,46.15670202968199,9.368642979686301,3.602465058159163,10.9,52.67237494366832,0.44,Small
BDC,0.5243883630438974,135.14999389648438,4.9189125112754,-0.4301293158581435,14.439066617687365,3.6821770070285345,29.009155345801258,6.826775309369576,13.077307306127608,4.0603090338390135,79.02,52.65434880576837,5.28,Mid
VSEC,0.5319818216755773,221.22999572753906,2.7729884961348863,-0.3038196735481267,8.532650350420397,0.8484893118402389,6.105513538358757,13.951920851654709,24.872102920759406,4.808828734083495,107.93,52.64984227129338,6.21,Mid
BWMN,0.5441855326474071,42.41999816894531,10.63803915543879,10.130731285342579,40.24376190524282,2.5699705308876446,56.013230361105705,0.0,56.76274577080957,5.1523880668803015,8.55,52.64984227129338,0.74,Small
VRSN,0.5355689599555391,293.3399963378906,5.711567334048713,-0.4605191737159521,4.1024904566086855,1.2582718224886391,9.109164842218565,14.379628403373227,4.764284406372494,3.73335284729596,250.39,52.6408292023434,26.52,Large
VRDN,0.5059137295615382,23.059999465942383,7.81528003022281,-0.03561162777450848,15.762080918912105,2.638637998859259,20.859536467202812,14.389630762919973,22.98666381713342,4.174203984713939,47.78,52.622803064443445,2.61,Mid
XFOR,0.5347193789773245,4.25,0.8221237641119868,0.05070752743641606,5.495705168416187,0.8073161319828704,5.721393535013473,19.509118925247833,5.721393535013473,6.344538776814436,3.35,52.496620099143755,0.42,Small
TCPC,0.5166056446747939,3.940000057220459,6.828964405485449,-0.10118939773463824,9.084246637813868,3.6480688299597315,24.683542720154446,21.05811484718313,17.814161612849713,4.151559835809651,3.34,52.487607030193786,0.33,Small
AVT,0.5082101480587132,97.4000015258789,14.450260882971119,0.7421330127948016,8.814659934000375,1.8298894842255422,13.19000356939248,0.0,19.91687622767477,4.116309502352552,130.36,52.46056782334385,7.99,Mid
TTEK,0.5059106372895059,35.040000915527344,7.885137635026885,-0.42725711597911503,7.115020618301503,1.8858813888103299,12.632594753925478,8.430183738461922,28.070175926784803,3.566331655134082,118.37,52.37043713384407,8.97,Mid
DCBO,0.5172975529736591,23.40999984741211,9.965638429152715,0.08292510994329762,15.809390084720864,2.4608753649700503,28.133548224312744,0.0,44.50616508933643,4.359553947424872,2.3,52.370437133844064,0.59,Small
TEO,0.5241643374113122,14.300000190734863,9.662036125036488,-0.08756599174493301,4.227406058115075,0.6824684977559456,3.2490960060529104,14.820362517129432,-10.513137669096736,3.8111878647964983,6.66,52.30283911671925,6.16,Mid
OXY,0.5126377885938537,58.650001525878906,2.811810695225861,-0.8882901261567177,4.755818592901171,0.9608239768040374,7.476638911117487,24.949188922466618,0.8746882100355738,3.2581532450310773,560.61,52.26228030644434,58.63,Large
BLTE,0.5023943769639949,167.25999450683594,5.057681491748013,-0.6714869012493865,6.1684545588242745,1.3421509391607476,14.030544626767224,22.45726888439625,16.007770150741234,3.3004590317556337,35.04,52.21270842721947,6.7,Mid
DPZ,0.5002669199896419,347.8500061035156,7.084325189794784,-0.31056909929100324,1.6048651355445809,2.2056685067180055,12.263998467433371,45.030112043628925,4.384280270982044,3.5658854754190403,332.39,52.158630013519605,11.51,Large
BWA,0.539803504952678,69.27999877929688,10.295615194102899,-0.19912678385223315,2.394928008037786,0.7951630951584447,8.182382555864706,21.346838460868344,3.8498112828059656,3.5064750428366853,194.14,52.15863001351959,14.11,Large
MSA,0.5188311802846239,193.1300048828125,5.115273408971569,-0.7671728560430825,7.34006573868589,2.107139168840929,15.07477970302068,10.918313024961552,17.48281866275071,3.2962577270819184,63.56,52.13159080666967,7.45,Mid
PRAX,0.5309271662625987,366.9599914550781,4.497745885257159,-0.026549401358022664,14.644186682628543,1.9948987954490418,11.987304582871525,2.746243526620577,11.949718383398716,5.558759782000662,197.04,51.910770617395215,10.23,Large
PCAR,0.5020923250621669,131.24000549316406,8.35195951475303,-0.5638108504254992,0.39895298315318256,0.9381986994341207,5.88994909464364,12.690982250825353,10.332079747901307,3.1855486311595493,471.7,51.87021180712033,69.08,Large
ITT,0.5228395844128567,211.9199981689453,1.9423004379829245,-0.9483368630431807,6.843595669534612,1.4567925717413293,8.715952460602436,16.044287798983873,-1.1613289728199767,3.429528692739566,211.84,51.82514646237044,19.04,Large
CSL,0.5240095977211355,385.25,0.35398617312884845,-0.7899526395914,8.861664314653066,2.346608815777292,13.861384084620665,11.883483725761119,7.350022020393069,3.8998782850233495,189.21,51.80712032447049,15.3,Large
BX,0.508182205087932,141.66000366210938,9.105019720920541,-0.5219944373348211,9.54127103862684,1.9177883994435145,14.888456598528371,0.0,30.789687486376245,3.4658279001628456,746.79,51.75304191077061,113.32,Mega
DOX,0.5169822641760085,58.59000015258789,10.92435182401683,0.23027605657186537,-2.856598625268878,1.8354464567048139,12.75981752272374,58.96150155462123,13.998865579040732,3.56289403156465,89.34,51.739522307345645,6.22,Mid
IMNM,0.5257482887901627,25.690000534057617,8.121312721786603,-0.07173547518182145,10.033196239353046,1.350031738027274,13.722887828211741,0.5644849017844837,28.38580829546209,4.534199710608667,37.37,51.73501577287066,2.91,Mid
SHW,0.5153155501606116,362.7099914550781,4.018174047138932,-1.0542333431677207,6.480384064615448,1.50286695199623,10.414000442914455,3.90847986178112,5.417497524926855,3.219907043005546,875.14,51.523208652546195,88.05,Large
TDW,0.5257482887901627,89.62999725341797,6.383734527009426,-0.04939678022579535,14.73386128133949,2.35838682391556,21.170739183549088,1.699617992179979,33.14022231045496,5.020639956419996,67.86,51.49616944569626,4.46,Mid
NEU,0.508182205087932,909.97998046875,14.29486206986184,-0.2888891485163721,11.723007316457501,2.5519753731254893,24.031240430337192,0.0,33.70633434488494,3.3079616967510486,107.84,51.433077963046415,8.37,Mid
BMY,0.5008039822909965,64.83999633789062,7.291792101659976,-0.8462599547244745,3.7025134516600473,1.5304671382977875,13.854250165255644,6.06186229666167,15.254073172374042,2.964991435000641,852.56,51.419558359621455,132.45,Mega
CGAU,0.5116602933688517,21.329999923706055,5.252249720745716,-0.3711701062595234,21.605761155691425,4.252363581089077,33.14606313283575,0.0,35.32763491168032,4.62628140685351,34.49,51.36097341144661,4.17,Mid
JBS,0.5058407965314178,13.40999984741211,11.366421879352954,0.55353276514784,-3.43450171367837,2.309441425694822,13.355874334422818,49.18795895837482,9.738130558775003,3.8271025933317695,91.17,51.279855790896804,44.11,Large
TILE,0.5257482887901627,37.4900016784668,13.404652810616346,-0.0984589347035784,9.996190730742253,1.804116291777097,13.813003161239873,1.7172971060309874,46.482052599509764,3.6619289639529513,20.09,51.17620549797206,2.18,Mid
FLOC,0.5102752736328694,22.329999923706055,11.505242676020663,0.6245032834024505,-1.6865215521712607,0.6796169183467062,8.76765307730236,53.83776357940987,3.29639467818246,3.8138961946704617,15.75,51.077061739522314,0.93,Small
AII,0.5189458396260404,20.549999237060547,5.957559408297219,-0.6547300824627731,4.935272719044897,1.3769896888914233,10.010700756072936,4.4483236019984345,9.424912063924678,3.594367804134209,2.64,51.027489860297436,0.4,Small
GDYN,0.5130680448194603,7.659999847412109,2.985134394977932,-0.207004865717834,18.78731270350502,4.1340330146748485,31.389364448376423,1.1909728074752188,40.8088192358928,5.9259610429903296,18.18,50.91031996394773,0.62,Small
MBIN,0.5182259178427604,54.0099983215332,9.77142199817603,-0.2169337252886519,4.896188672495868,1.8646199464863324,11.177431629686817,7.300571387821685,7.998400588223384,3.8658189906668103,9.42,50.90581342947274,2.48,Mid
IFF,0.5153155501606116,85.08999633789062,5.346964510640185,-0.8565732297870242,7.350794410431838,1.5612789391170996,13.95473205346798,2.1562507899999424,12.47851238794441,3.39220574370736,172.76,50.896800360522754,21.71,Large
MORN,0.5037482639537042,201.02999877929688,5.45622037746427,-0.6031213881288299,9.011048389287629,2.6289943896182963,17.919992853826436,0.0,30.38408904024538,3.9851912508424974,91.06,50.86525461919783,7.54,Mid
PDEX,0.5289323696721354,66.25499725341797,10.805746079556254,1.6291972164618802,7.718916510718637,0.9216097773222813,13.72296457618081,5.035753048585838,5.350608835066863,4.989326233390868,5.83,50.85173501577287,0.21,Micro
IMMR,0.5054118440294186,7.739999771118164,12.535145797490701,0.7072036213963476,8.754808603120955,2.1063084086829815,15.634023021805685,0.0,0.0,4.632705914889652,5.24,50.68949977467327,0.26,Micro
CFBK,0.5154705027943662,35.27000045776367,14.416287416627984,-0.2870192100752352,2.4680073373619718,1.8386532291488626,8.858020977263926,9.933135215453193,12.644247553029375,3.180568118720163,2.93,50.4821991888238,0.23,Micro
UVE,0.5154705027943662,43.40999984741211,11.211256478989407,-0.30899775293042525,4.053017880230213,0.7657894806609101,5.110892426389787,7.63162542436076,5.928677406709634,3.5576829787513824,9.46,50.47769265434881,1.21,Small
RPM,0.5153155501606116,115.93000030517578,3.8768828685735057,-0.9618630918224388,6.638090845101963,1.8554753061359965,13.17973246084824,1.9884848988208945,7.746916609111404,3.542778738279916,105.33,50.46417305092385,14.8,Large
TARS,0.5017904656250983,67.76000213623047,8.172826209602434,0.23526642769122613,4.640638652588622,1.3793866591551014,20.762789875147508,18.48590001716192,11.282645451359842,4.668524757884715,69.37,50.34700315457413,2.97,Mid
TECK,0.5343626146420615,66.87000274658203,4.604925932718004,-0.7688000127032181,8.893150258254161,1.8521650367767688,11.283079674928768,3.9049183548953272,47.623274351701994,3.6926653485673477,221.08,50.33799008562416,32.81,Large
DT,0.5257482887901627,50.56999969482422,12.705121360444597,0.3653544749967833,12.367788622844103,1.684422180333979,12.277972173103693,2.376530523072342,40.78508427691607,4.323426866534001,278.88,50.23433979269941,14.61,Large
SWKS,0.5425758824619848,68.79000091552734,7.155820585580829,0.10713264758909943,2.4639620920873804,2.2589092693761468,21.58006130985177,31.947265253628306,12.420334138358374,4.588500539672748,388.17,50.04957187922487,10.35,Large
INFU,0.5257482887901627,12.119999885559082,4.600712319109487,0.02377631784031847,21.870286825639567,4.059851071409781,31.88248573058967,5.701797260120935,20.597011495846438,6.0163833020798165,2.63,49.82875168995044,0.24,Micro
CODI,0.5493542319016524,11.079999923706055,6.485082005222623,-0.5595702182671478,6.680017286221222,1.3279106485488352,13.64102485712456,24.217592418787845,47.930577594298676,3.552088262730735,9.03,49.8017124831005,0.83,Small
HLX,0.5154269106281971,10.0,2.5008072224148856,-0.581165106168129,4.937299353654883,0.8412699176701988,4.931797273334839,17.195311133672664,-5.213271855347902,4.346429279872349,15.01,49.77467327625056,1.47,Small
AMTM,0.505119965236733,24.440000534057617,12.8024636057512,0.7938177906567433,-1.3810265700270825,2.3628366444242053,19.27770037515779,44.605650627544854,2.088554673454591,3.9303243374480505,46.2,49.67102298332583,5.97,Mid
DCH,0.5221007867118248,6.639999866485596,4.3913665622333555,-0.12343957688687567,11.914825352778138,2.9806123787218675,28.433264375521443,15.945739910808863,-6.741573409005465,5.308734984951059,25.05,49.58990536277603,1.58,Small
LE,0.5021604120965714,13.069999694824219,5.493876981138338,-0.6068801689613178,4.678633129463633,2.39986509935489,17.853918077681442,26.620282972000876,7.83828232802769,3.604219270421723,3.55,49.52230734565119,0.4,Small
MLAB,0.5208724888111906,101.62000274658203,3.8594398486047785,-0.5817140680086472,1.221191160725785,0.9800148790925808,7.37532058524432,34.17302492927032,11.230299986398702,3.874554455501826,20.11,49.49076160432628,0.57,Small
TBN,0.5424383208317519,35.77000045776367,3.8779970899210996,-0.5160374981582292,4.496181127521667,1.1215962104807269,12.448918761965416,27.691418968595737,0.05594533640031447,4.111186365349819,7.35,49.486255069851296,1.25,Small
SON,0.5273405471479141,57.869998931884766,7.305680957791799,-0.8173383774021112,1.835393526819054,0.7410162202170505,8.77819192083692,5.1613084765839075,22.910263348445884,3.228910721834547,72.83,49.43668319062641,5.72,Mid
OSK,0.523445053579111,155.38999938964844,4.106239388285656,-0.6113959979869624,4.169390056087682,0.9860267014589953,6.6140647612914565,16.094877216674366,1.8950815669701555,4.0019121427447075,123.84,49.41865705272646,9.59,Mid
DC,0.5371906291061666,6.130000114440918,10.871777496599853,0.6199006893801098,15.624019448183516,4.711927355114433,39.954336846491934,12.13860933582081,35.02203007924041,4.7063626611108935,9.9,49.41415051825147,0.82,Small
ALRM,0.5042554020410583,56.45000076293945,14.694599535969537,-0.46618640203911804,4.451929735655813,1.392067857929159,8.079650119869868,1.5344394201136915,21.817005992324738,3.061875431422078,30.02,49.26543488057684,2.79,Mid
DLR,0.5271162642112659,191.3000030517578,0.6895650234340672,-0.8367799282526279,2.6954208245214875,1.0853108596180332,10.507770999460938,32.025867727933985,6.526339849168622,3.8316788887198783,620.03,49.14375844975214,70.79,Large
PTEN,0.5232030185791576,10.989999771118164,3.845173954174851,-0.09726388718463536,5.672117261544178,1.233194966566852,11.460447806010531,27.390415508785605,7.346753155545306,5.410764259712312,106.77,49.10770617395224,4.17,Mid
APOG,0.5052427263774989,42.52000045776367,9.523641358370016,-0.6834526262635998,3.887220216993345,1.651320054344044,10.355571774653594,10.985822815098404,35.97053002328423,3.0926615768236307,11.57,48.97701667417756,0.89,Small
DXPE,0.5257482887901627,192.64999389648438,9.147099006607993,0.4147119328396473,13.52252435294618,2.8936605353691336,17.814327827015102,1.4922986995468648,49.82889341463456,5.470135463834729,30.22,48.90040558810275,2.99,Mid
NOV,0.5102021302417531,20.700000762939453,1.312014264076411,-1.0109996167827942,4.561302389883544,0.9690419762276128,7.253894202845535,7.594462218883543,10.932480879419405,3.8371292026859156,81.49,48.8823794502028,7.38,Mid
FANG,0.5154269106281971,198.97000122070312,3.0054789802796438,-0.8859218918070054,1.6221135339111754,0.5043335183234989,4.342125267840231,17.93099835547807,13.261057670768098,3.648072546290128,477.57,48.82379450202794,55.72,Large
JAKK,0.5295270712464718,25.459999084472656,13.636009853619676,1.1556134147339483,1.3454316827826522,1.8466338504623636,11.666666387302822,12.539247398525907,15.864908128466041,4.469196157939175,2.11,48.76520955385309,0.29,Micro
GITS,0.5313718708965693,2.7100000381469727,3.938149695780551,0.052831465209837905,25.987913717790722,1.8465914045050176,23.181817235340308,2.0419946416332633,24.311924537462872,8.418554882297135,2.27,48.74718341595313,0.01,Micro
ICFI,0.5257482887901627,91.51000213623047,13.038714536651735,-0.061211839019653345,11.951165975768768,2.4772772879312734,19.855931846612037,1.202956101427539,35.90721677933653,4.06356869449768,24.23,48.71113114015323,1.66,Small
NEXA,0.5433082348632006,14.859999656677246,3.072592008561189,-0.28472673961254136,11.246174299934236,0.6262119558826761,3.4004651407652653,16.828554004630693,2.482924761970488,5.462642911958897,11.42,48.60297431275349,1.97,Small
WTI,0.517387420693587,3.819999933242798,1.846600624021553,-0.12017346341442983,8.541226554545059,0.37265298904944905,6.40668591945187,22.25743471709297,24.315543507497903,6.628645143959575,17.52,48.56241550247859,0.58,Small
HZO,0.525412629242467,52.119998931884766,12.504431078259188,10.720974798949104,45.99439554590206,2.813696559345035,52.531465391553986,0.0,68.12902881033379,5.5202272068200315,22.73,48.50833708877873,1.15,Small
SLGL,0.5032648783687613,84.73999786376953,7.137881678593764,1.7369666380031734,2.2475986562748216,2.183555408400006,12.402173431083606,11.987958060832552,13.744963575345077,7.2343132870144515,3.54,48.39116719242902,0.28,Micro
SHOP,0.5046909997071299,155.17999267578125,7.292432725370334,-0.05719016313697511,21.512042847388084,3.3897209519209692,23.47230450249758,0.0,7.584572078416773,5.5066927210181476,1521.8,48.273997296079315,199.66,Mega
PR,0.5017172924506917,21.229999542236328,4.654992330930554,-0.8008008745679798,3.4650791247982546,0.9420735286447013,8.371614991274377,10.227273045409255,6.68290556977611,3.705673266872566,211.89,48.19287967552952,17.78,Large
TRNS,0.5095929223782036,90.8499984741211,9.697560729620786,0.4385248097853073,1.5476364740792925,0.5366939303825596,1.2481835230963179,18.127396977499647,13.110058290804902,4.933563442450533,15.31,48.09824245155475,0.85,Small
SVV,0.5082101480587132,12.289999961853027,14.035348525355829,1.1505036716170525,20.17796878400957,3.214573529213923,26.831790441610753,0.0,20.019533558161562,4.973845567702989,11.55,47.98557908968004,1.89,Small
IDCC,0.5240095977211355,348.25,10.037987815744415,-0.23103223296581002,13.93342204694008,4.1536793912251815,31.17255369675241,23.968466883630928,7.437117527683306,3.864936253533292,121.13,47.92699414150518,8.99,Mid
MTA,0.5279325019238252,8.970000267028809,4.430980824428212,-0.6560911596982784,16.50864057637075,3.328411977947101,22.373811189207082,2.0437847763860026,16.949154858333674,4.33428940231232,4.09,47.88643533123029,0.84,Small
ADSK,0.5074284242393615,256.07000732421875,6.553908722691354,-0.5879164387697245,11.126785364302586,2.68006761102884,24.354122766592464,3.0383973756984997,32.117427328102465,4.032659420882284,718.96,47.85038305543037,54.07,Large
NGVT,0.5042869099591503,77.04000091552734,4.120462585459522,-0.872435834916782,3.304705179417893,1.1076686882823266,5.621056123981448,6.745659744215573,21.09399907063794,3.8055375046886155,21.23,47.670121676430824,2.65,Mid
LYTS,0.5157960248038201,24.770000457763672,8.743231567267284,-0.6595094385955105,0.7017021281471137,0.522451046230443,3.5102387874650627,19.392956139627895,14.81012403011296,3.258550359184135,9.51,47.66561514195584,0.91,Small
PBYI,0.5104933431804676,8.6899995803833,12.11774018636887,0.39080979710253,6.527731562725562,1.0779996971260752,4.95168913750035,1.7137640357851387,52.456138081504314,4.866018393859046,2.87,47.58900405588103,0.44,Small
KREF,0.5099277608053532,7.650000095367432,10.134383974867234,-0.45608904081590035,4.16666754534357,0.6234159912720949,2.2727282866006617,0.7040111596182081,26.679773761127933,3.8552769056565266,8.89,47.503379900856245,0.49,Small
IBTA,0.530697574215647,36.189998626708984,4.580493095706666,0.2030018174851993,14.239713322551085,2.89057500644412,18.850567224179347,7.149543570607755,37.34344630896349,8.744720232459075,8.06,47.4402884182064,0.73,Small
BKR,0.5389325803921176,64.06999969482422,4.029827908612597,-1.154037544596412,4.753581118252095,1.4102430375938042,11.294054095836977,20.592485134355133,9.512433431464537,3.245632267339741,570.01,47.37719693555656,63.6,Large
OVID,0.5347193789773245,2.619999885559082,2.208752444895074,-0.328955424617283,6.54303940624624,0.7247130015139069,6.504058734388914,26.069868124413944,13.913040858170532,5.54253086038743,6.56,47.3591707976566,0.49,Small
EGHT,0.5247288031335713,2.240000009536743,5.051764372543433,0.7810881123147498,10.744891468258961,1.2471367008477006,3.2258032603431905,27.415276523381856,-0.8849549115955752,8.131376604085288,4.3,47.30058584948175,0.32,Small
CRGY,0.5362861556454095,12.210000038146973,8.235448569163447,-0.2187513059961188,4.441748597192009,2.8628802115006655,21.97801956784877,36.751216037125005,8.164136339123575,4.124313360352283,74.76,47.2825597115818,4.03,Mid
YPF,0.5214571064308935,50.939998626708984,10.920016500493523,-0.5256935953750076,0.8094015169676475,0.55620193659408,2.2891554359245303,16.24150651158863,22.481361961030164,3.290986854763405,75.96,47.26904010815682,19.97,Large
IMAX,0.522304750642958,51.209999084472656,13.531489217766607,0.37461734412301423,14.07123393295206,4.00083409708297,33.047536635446754,1.0197734820744273,16.49226603918627,4.731218088077996,65.78,47.1203244704822,2.81,Mid
KMTS,0.5116602933688517,28.350000381469727,7.912805369383201,-0.05743483972200505,18.966441904573212,0.5442750774863524,17.24565766539255,0.0,48.429318401950354,5.584530744426773,11.29,47.00766110860748,1.66,Small
NEWP,0.5230241872676591,6.25,6.3832156822566075,-0.08898168398401181,30.98606363926478,7.236767989569796,55.472637539784216,0.5499890664299323,17.26078966773499,5.977143423897879,4.91,46.967102298332584,1.16,Small
VEEV,0.5116602933688517,234.69000244140625,13.947874940773044,-0.3572299846229446,16.18259380233206,2.7030604095216,21.544361122936586,0.0,40.239016361812716,3.6984955153466172,549.36,46.85894547093285,38.12,Large
IT,0.5002968123295253,193.1699981689453,4.306123815693135,-0.36347225332539174,24.942999074204042,5.325671752224652,45.27336722203207,0.0,19.09371257904196,5.908193386057004,313.46,46.61108607480847,12.2,Large
SLM,0.5244625957625848,27.31999969482422,14.65920653102918,-0.5517133549879661,5.3423025919792915,1.4711353044263156,7.011355111498012,1.8142545239815697,15.338935977781013,3.159643127526783,82.36,46.606579540333485,5.14,Mid
HIPO,0.5230241872676591,32.43000030517578,10.58407158263125,-0.03217530948742535,7.003218099529793,1.8636773130899107,13.709676663804677,5.935422040275444,18.099058216401897,4.677327379531035,5.31,46.39026588553402,0.86,Small
TPC,0.5187909608639252,98.5199966430664,6.847020174478817,-0.36178033264906306,15.622263915883424,4.142680372714465,26.68124070387646,1.2690270874491163,12.388766286952968,4.9393743336490195,78.36,46.36322667868409,5.18,Mid
BHC,0.5247288031335713,6.349999904632568,4.389352741380322,-0.014598974022138528,18.65092810559961,3.9082243198146993,33.684208511488976,15.529249092594629,-7.837445170374037,7.148482105009197,23.83,46.23704371338441,2.37,Mid
TSAT,0.5373810933415087,56.7400016784668,5.410022796543842,-0.034425968590472124,27.723757098846235,6.0693391714796086,45.449895204666745,4.286160776832962,3.6347062619734243,7.0873534817688295,16.47,46.19197836863452,0.86,Small
FCX,0.5263838234201262,70.51000213623047,2.007349163742255,-1.1692215052460104,10.025127417570543,2.1479278590998776,14.093855997664356,1.0000146551645062,14.966073895159457,4.022011413902811,1041.53,46.13789995493466,98.71,Large
CNR,0.5197698144391807,94.16000366210938,5.942250545395374,-0.6007580811746487,5.514569207276372,1.6306319099164979,8.893260475028343,25.931084550613924,-12.045965680985459,3.9140822699461917,60.46,46.043262730959896,4.67,Mid
SOLV,0.5189458396260404,85.20999908447266,11.781378927032273,-0.47010245986938526,3.254809402271265,1.2931065462505698,11.706870015685421,6.060795445823767,13.689129491464517,3.5902890892954593,138.7,45.9576385759351,14.5,Large
CRI,0.5233093176232504,40.380001068115234,5.988023071437962,-0.40815370269978585,1.2806840418358392,0.36354256696890747,6.263160705401587,16.81917198313169,22.05221481976394,4.605356109591907,39.49,45.91257323118522,1.48,Small
SLB,0.5432434791013622,53.20000076293945,3.964179915600105,-0.7943076776292692,4.036659824094032,1.3298173513750342,11.905763017022583,26.56596186642527,14.687822444697634,3.869495070021154,778.41,45.86300135196035,78.96,Large
EQNR,0.5231847317004658,40.9900016784668,7.394871410486105,-0.6512615595726752,5.452726588873058,2.018293406602432,13.263341347801754,8.685137728224781,2.2201109655382236,3.832815358542508,156.79,45.799909869310504,97.37,Large
WF,0.5228395844128567,70.19000244140625,5.4916850088579565,-1.1551607035411997,5.756810863331253,1.8571818574570391,12.556128534786081,15.73795429743047,12.556128534786081,3.224918310061763,13.07,45.781883731410545,17.03,Large
DOCS,0.5020053151538059,25.6299991607666,6.410172542049057,0.8732765675600457,12.694837854236493,1.7743618685498108,17.56880760353088,18.78484740991726,-6.459855774968859,9.498356236667178,129.83,45.642181162685894,4.57,Mid
GCO,0.5157701411713231,37.709999084472656,12.409113434243254,-0.06928346085488442,0.7924926928557439,1.639500627787164,9.781661599738158,14.190698825258602,28.92307379208009,4.203128985384725,7.23,45.457413249211356,0.42,Small
T,0.5115339351408048,24.049999237060547,10.022609546804796,-0.5523923231496274,-2.8535948101607795,1.7867216342793726,13.016910060643053,49.09721197609323,4.383673096161634,3.2402727312628286,1707.59,45.40784136998648,164.8,Mega
ANF,0.5116602933688517,118.52999877929688,13.256336837871343,-0.2390468759820607,17.077650224393757,3.461297015591415,27.630015369395394,0.0,45.5784837195563,4.191302286010153,138.45,45.403334835511494,5.27,Mid
PBH,0.5018966560417482,53.0,11.419750885488417,-0.3108706099872795,-2.7011148663768036,1.6058433849089953,12.311933761912645,39.11996080246073,15.392988564543037,3.642856978341897,33.53,45.40333483551149,2.51,Mid
GIL,0.5197698144391807,57.4900016784668,6.816247806843875,-0.638203435605197,-0.0967055742196766,1.7076025664886387,11.587735185447993,44.97457982300025,14.20341975380249,3.5857153198903147,103.1,45.29968454258675,10.65,Large
BXC,0.5116602933688517,91.41000366210938,11.693860433301863,0.6246182895095829,44.29475183827788,9.17621768129416,63.934731730739,0.0,101.61006474076034,5.86301186406751,14.68,45.299684542586746,0.71,Small
PTC,0.5095934645284528,151.02000427246094,8.835892368551445,-0.35350531674263935,9.299283138896273,2.850028044732996,23.27157100552066,11.678749136445918,31.607846860256956,4.348997612308612,290.72,45.268138801261834,16.39,Large
SVRE,0.5280887680433227,3.7100000381469727,4.4237162855721035,-0.08958820712400972,2.7572752051293814,5.139121353798548,44.35798187053473,4.213077278613573,40.53029887573937,9.561031097824548,2.31,45.245606128886884,0.01,Micro
VZLA,0.5136255753347743,3.880000114440918,5.04144678359793,-0.3757503644872465,11.342280197869444,2.8522708216873864,21.250001762872238,18.596252886478577,0.0,5.069956011949019,22.04,45.21406038756196,1.36,Small
SAIL,0.5257482887901627,19.40999984741211,13.890817543706873,-0.015596241740111285,19.79817485546741,4.239782310485318,27.697369017753537,1.4454606636201621,55.653564003333734,4.471921531280756,92.01,45.078864353312305,11.01,Large
DGII,0.522304750642958,82.75,14.488778238524464,0.08004913251986688,19.04933236815547,3.052631035965204,22.35694715423681,1.9023031292778405,17.292695138679072,4.503850233055776,32.93,45.024785939612435,3.14,Mid
ADUS,0.5273405471479141,119.33999633789062,14.052565626424407,-0.659002626162869,3.748649428399554,1.3663499136333157,9.990780034830154,0.5383872763995928,23.09437864280763,3.20572668738507,29.44,44.957187922487606,2.23,Mid
MASS,0.5267173303137138,8.800000190734863,10.656038995088842,0.35706325568293545,7.3589715150594,1.1710364908294528,7.84314160799028,11.538035105737361,0.2277956534131428,5.297806628076607,2.69,44.867057232987825,0.36,Small
CRCT,0.5184563302936789,5.900000095367432,13.987349922778442,2.904294964716909,20.771712214780614,4.850566571410719,31.69643013239658,6.711855339334775,-2.800660155820213,5.495157337728825,3.76,44.84452456061289,1.24,Small
EXLS,0.5037482639537042,35.06999969482422,6.447341469638385,-0.5528737561286247,13.317283608122791,3.551711348440483,28.367496655516305,2.514388166859078,34.88461420952066,4.577925397642064,97.86,44.66876971608833,5.32,Mid
VIST,0.5232030185791576,68.36000061035156,1.9948912037675692,-0.7268246539751694,1.0036098685620947,0.4997954222852296,4.001212717267462,46.75102392811258,-6.3048225490411465,4.328660161815483,59.57,44.64623704371339,7.58,Mid
MDB,0.5166214272154324,416.6700134277344,12.508478788416133,-0.1612385609396312,21.38563030698723,2.155257411676549,20.889545708880494,0.0,64.8676534131254,4.570643567968272,767.42,44.63722397476341,33.51,Large
PKE,0.5015621944845403,36.84000015258789,8.247182229152548,-0.37920834487322813,6.038799550778506,1.2104347129191926,9.90453356022022,8.406724934587764,13.586574524081978,4.558322834952586,13.66,44.5606128886886,0.8,Small
EOLS,0.5370480520836658,7.570000171661377,14.159338535263755,0.4137682161709127,16.236221784290898,2.133267568912244,20.73365541438848,1.4154028160609493,35.42039292794368,5.048123432557603,6.3,44.524560612888685,0.5,Small
HVT,0.5187909608639252,28.950000762939453,13.26561413044316,-0.31378809200857183,10.166108338176866,2.280821115928323,14.926558749567869,0.9076285069142105,2.3691657001502255,4.093264178480164,3.22,44.51554754393871,0.45,Small
SSRM,0.5425758824619848,31.399999618530273,7.897878348167635,0.004710133520924056,6.902713918284145,1.1763178925488416,12.909026326502836,24.755217241350227,6.875427213736553,5.321725332057209,105.28,44.493014871563766,6.4,Mid
PRK,0.5273405471479141,200.94000244140625,13.089021001246092,-0.5038968118898897,1.844133219234796,1.4601822774020203,9.58172426895379,10.962172081578176,29.601124925579374,3.470830434888826,23.19,44.40739071653898,3.63,Mid
RYTM,0.5257482887901627,115.4800033569336,13.026832460931578,-0.19624724771402313,7.903051754192525,0.5562339748522063,5.020011202592136,0.6735766338588393,32.05260993314912,4.423617409414038,96.23,44.34880576836414,7.95,Mid
HRTG,0.5257482887901627,32.709999084472656,11.032066068449103,-0.1938577113847389,12.67653865074498,3.0327767391679776,18.94545121557528,3.09651491524994,45.96162118131548,4.725509891106942,13.35,44.23163587201442,0.99,Small
WAT,0.5012116626915659,411.7699890136719,11.725392532371998,-0.8220466096099793,7.894589055806667,1.2139863385824834,9.399817473422246,0.0,7.351977774827195,3.255719448119899,395.21,44.204596665164495,40.43,Large
TNK,0.5069451147500589,76.20999908447266,3.2755394532744577,-1.2074946331545868,0.9023072083519434,1.2134328974457176,5.451781685850868,21.896788178685757,0.9382235453282914,3.6328207641153276,26.46,44.1595313204146,2.64,Mid
FSM,0.5340018656882274,10.729999542236328,11.43306223499001,-0.13818991190557153,9.415358568239029,3.056385173859993,26.086947748358845,20.73257294258121,-12.550944237556408,4.346959072628823,57.03,44.078413699864804,3.18,Mid
EGO,0.5279077216567243,39.099998474121094,7.230676974255938,-0.2323834987833058,14.923024521397965,3.713102934612796,32.63228996247358,12.969894982497083,26.046944841086223,5.277677427681379,106.56,43.88463271744028,10.2,Large
ROAD,0.5206447404813868,118.16000366210938,10.392169826075728,0.1524379711494314,1.742896869836044,2.642080268290711,21.376482294765022,34.7991836509048,14.485035083912726,4.820581388771877,116.94,43.839567372690404,6.68,Mid
ARHS,0.5279325019238252,9.4399995803833,9.753813515246758,-0.03162606331468075,17.845323089116043,3.3746290062242776,20.561937064612255,3.406381905859905,14.702309906461522,5.497883609268936,12.71,43.808021631365484,1.34,Small
IPI,0.5285155876189388,37.75,8.463690410924698,-0.18351797229445901,0.3568989809296459,0.4169497880718488,5.712688232347913,56.0896111379497,-22.706797947815314,4.434247409383869,8.12,43.71338440739071,0.51,Small
FSS,0.5182259178427604,126.7699966430664,5.123161205072891,-1.0928171294203033,4.416510648774915,1.4095330441811187,7.132590789604289,9.92066548563506,1.1166896911561057,3.639324200648327,72.45,43.69085173501578,7.74,Mid
PATH,0.5116602933688517,15.59000015258789,12.073837490831794,0.2953769920552455,24.148916864222528,3.849652454520147,30.569520101957337,0.0,29.485051509033784,5.694584776341396,1044.88,43.66831906264083,8.08,Mid
AYA,0.5116602933688517,27.920000076293945,14.813208787503237,1.158433124080968,31.8536007094688,5.2200055008128725,39.32135129927977,0.0,40.513331135651775,5.771592152142634,16.47,43.560162235241094,4.0,Mid
SHIP,0.5120923784800746,16.079999923706055,10.862677296353212,0.2662051018566797,-0.23885641085199197,1.954521114831707,8.502026010411202,17.8831892741381,23.071680040954615,5.21943812281241,4.01,43.501577287066254,0.35,Small
OMER,0.5257482887901627,13.619999885559082,9.441525927461605,-0.061931799024254636,18.449373126087924,4.38734768973941,29.714284621542276,8.26764330908636,57.09342289660182,5.359763736038671,25.43,43.48355114916629,0.98,Small
RCL,0.523445053579111,308.0,7.000694108784645,-0.7086976502357881,0.8166804773485713,1.4358502785206144,8.799323177880611,19.221869574310993,-3.1842343467451877,3.861549391596127,768.87,43.42045966651645,82.38,Large
CLDX,0.5116602933688517,42.970001220703125,14.641411289353085,-0.4402870017962805,14.113479267935148,1.293898071791679,12.575329530765577,0.0,38.34514474939619,3.79833006587572,46.63,43.42045966651644,3.37,Mid
BTG,0.5440236544258178,5.059999942779541,14.609764408737194,0.18400651757631226,11.602162464585058,3.519561109744874,33.509234653672294,21.385181452906586,2.733333358595022,4.390175280467959,118.39,43.21766561514196,6.68,Mid
OMC,0.5273684139714888,84.6500015258789,5.803506427147702,-1.102439865657611,3.81344394080158,0.4366514115216428,4.829723251802612,1.1161466925294128,18.640509230557818,3.786600218639349,343.97,43.199639477242,23.22,Large
NVDA,0.5066814033293515,217.5500030517578,4.092431705597827,-1.2725316257803243,4.834281662005592,1.05256009467797,2.714825267763437,12.743677775474405,17.80807440627134,3.664769604312256,31829.21,43.16358720144209,5269.28,Mega
HSHP,0.5064771815930017,15.3100004196167,11.907644372942487,-0.4871360498764954,-0.8330164272395496,0.7552568115490397,-1.0049475020976095,10.771594792327628,16.784385603053845,3.7622486345892714,4.51,43.01937809824245,0.72,Small
WPM,0.5195844887638391,133.38999938964844,13.465743952143827,-0.21146257064704424,3.6604046104975563,2.920396623523043,22.95142595257143,38.138858981602326,16.734337801983383,3.8284615367896513,276.9,42.99684542586751,60.58,Large
SM,0.5259727427562148,31.760000228881836,7.141707313672398,-0.27764293108768945,2.1665370644654183,0.533609492324954,6.864067841825426,14.47121732317513,52.634326954031415,5.325656741301577,123.27,42.983325822442545,7.55,Mid
HOV,0.5032648783687613,131.6999969482422,11.82219864022693,0.013975164563967602,-0.4587846149746143,0.9830633050791389,2.2833197940431185,20.134371997539276,-3.5306234788594604,4.7293619742195485,17.43,42.942767012167636,0.77,Small
RRC,0.5011562157120593,40.290000915527344,6.3481089907845805,-1.0070197207315914,-0.22628634258110447,1.1437301105283664,10.504667929574186,52.83703347295271,-6.598135178357765,3.199128707636647,129.58,42.93375394321767,9.41,Mid
CNK,0.5222768557137544,37.75,14.880501193125633,-0.5039273696839395,10.454398700868772,3.8183476971400467,28.532512499240386,4.429340170169606,43.866683451488235,3.5581828742627275,99.55,42.85714285714285,4.38,Mid
ALLE,0.5153155501606116,165.52999877929688,8.166446088975956,-1.2116071714337646,8.08181297353703,3.2045790947156934,21.25851984471008,2.586819478233262,7.090632681421861,3.270663668505739,212.46,42.8391167192429,14.08,Large
AVGO,0.528058858653678,422.3999938964844,4.312356339527944,-1.1094761977815752,7.001224705003985,1.0988592496430352,8.55542386422149,10.373697746462197,0.9926996796509423,3.8389463483980193,11708.25,42.780531771068055,2009.6,Mega
LW,0.5308082402245649,51.810001373291016,13.267033999725328,-0.4161757421883376,3.2917720839251605,1.8366312013303565,12.238776540238339,6.050514074768615,31.64009361686655,3.873708995519872,86.85,42.70392068499324,7.12,Mid
PVH,0.5355689599555391,87.12999725341797,4.527460770222967,-0.9258287537748812,4.547631744912814,1.6353857601957396,12.877308585950937,30.372563849148477,11.47644980925497,3.824333107198895,99.12,42.66786840919333,4.02,Mid
BAH,0.5197698144391807,77.9000015258789,7.203019234389127,-0.42082416147248214,4.673430071828978,2.750005828137609,22.561359097748838,34.66275285306224,-0.4356139169390561,4.459929470705133,184.67,42.62730959891843,9.37,Mid
HRMY,0.5116602933688517,39.0,12.97526918008301,-0.5295682167937902,8.205590278383774,0.7787159817789677,12.036766622490038,0.0,33.744856665778485,3.8910254454001403,34.47,42.18566922036954,2.27,Mid
ADBE,0.5037482639537042,272.9599914550781,5.257595357797124,-0.7103146577811271,12.545274831702773,2.569377647141385,23.63438398589119,5.162902479985813,33.79079783285004,4.729893343239664,1903.25,42.122577737719695,108.5,Mega
KD,0.5027262169189033,13.630000114440918,5.860391986507209,-0.34218571711248236,5.4137671638105225,2.0843205007853616,17.398798598826172,15.347945280267048,0.2943337851432398,5.7095689197213035,60.28,42.10004506534475,2.97,Mid
SA,0.5247602866051568,31.25,11.227755082276,0.1499923627830312,5.149817511480896,2.7495239732190857,20.88974676453894,32.36775949032308,27.916494512282743,4.964753505161831,24.21,42.00991437584498,3.36,Mid
KEYS,0.5217472543867417,335.4100036621094,3.117816168600858,-1.011309379223369,0.9973580019643852,0.7542709253401975,2.9717841001017957,38.060289876331225,11.25447506939603,3.9424037211669773,488.53,41.92429022082019,57.32,Large
TRMB,0.505577070520986,58.439998626708984,12.206782309841802,-0.39361780460214846,-2.6467859558348494,1.7162489104042014,13.299721892198757,40.26364150287758,18.877133457917665,3.716265238962003,175.59,41.861198738170344,13.62,Large
BSY,0.5021604120965714,35.310001373291016,4.461039984316286,-0.6131505859118415,4.768125689758905,1.6359826293512463,13.354740948865132,27.614361948917697,-3.031557285258569,4.795888547628578,112.68,41.83415953132042,10.67,Large
PRGO,0.5037482639537042,12.640000343322754,2.029434125716119,-0.822443917096563,16.128441374460184,3.4304177278246217,27.676776061557927,8.90356734024581,27.035181762339523,5.1367550932625665,46.12,41.67192429022082,1.75,Small
MEOH,0.5154269106281971,55.22999954223633,4.0958855445421,-0.7248626929512553,-1.2409660624878422,1.4068943776339315,2.202069960263529,59.40635558556482,-9.9134390270422,4.187682850481222,52.14,41.644885083370895,4.27,Mid
GRMN,0.5046909997071299,313.1600036621094,9.828008458408316,-0.9048736675417222,15.735499030470956,3.7318672233654286,29.73197085779575,0.0,6.217148161518068,3.6469258585546775,299.28,41.57278053177107,60.39,Large
ASC,0.5154269106281971,16.389999389648438,2.2405063837460624,-1.029726653807486,-0.6034179838666319,0.7884844360647869,1.2978929573474804,36.814287592436465,-12.901690712479006,4.131435244572211,10.14,41.36998648039658,0.67,Small
ELE,0.5281361169059157,19.079999923706055,11.844879079526633,-0.18574259754355232,5.561035434229742,2.7886420840672934,17.560076781748478,22.335061565293426,17.126817918385868,4.524184276783764,7.74,41.3204146011717,1.23,Small
AXTA,0.5222768557137544,37.439998626708984,11.667915888763055,-0.9707919645209607,8.119031576147218,2.3709223588663617,16.562888765782468,1.9508987286277948,23.44213228042676,3.2341248553895925,78.29,41.31140153222172,8.01,Mid
NKTR,0.5239011863793004,74.86000061035156,8.297368839908732,-0.5901253767339026,3.801743277444708,0.9443960986020907,11.44856729331739,28.9851748642639,17.611938437642866,4.032289014892038,75.32,41.29788192879676,2.53,Mid
AXGN,0.5111735513383158,48.220001220703125,10.090405255894414,-0.28237999046737217,13.244594250412922,1.8596569315837104,24.37451805808104,0.0,7.3225036570389745,5.45268715432768,64.32,41.25732311852186,2.59,Mid
RCKY,0.5187909608639252,48.619998931884766,10.870627389462264,-0.29030306723897914,8.460206748192244,3.2047514552140624,22.252950394852007,11.443458375021114,6.527783314881871,4.726157152416864,2.99,41.140153222172145,0.36,Small
ARDT,0.5099277608053532,11.0600004196167,10.706799245362122,-0.15551338455167413,3.4224837634616834,1.8864334070099045,12.857144941124558,4.558683226610512,41.25160315415842,5.35714270316548,6.77,41.11311401532222,1.59,Small
HPK,0.5274606905922354,7.920000076293945,8.217895224478346,-0.157854823814755,8.777762157428427,0.4314693515655608,5.7409922330902505,5.254198428965445,39.19156408182738,6.407828238303118,4.67,41.02748986029743,1.0,Small
PHR,0.5093892810282726,12.4399995803833,6.716266736484965,-0.6916947837757261,13.61767788907677,1.7659634654672365,15.828676399774816,3.41969502547032,48.44868031041506,4.607258493443132,13.1,41.00495718792249,0.77,Small
SSL,0.5223284779425286,11.510000228881836,3.288922621246282,-1.1166389205016614,-1.6764529298571296,0.9665920367155153,6.870935372300916,56.49735394559795,-15.367647748612429,3.726573754935416,16.85,40.93285263632267,7.38,Mid
OPCH,0.510988468093634,24.5,14.181830562388786,-0.2873273774991615,-1.4015070524678235,1.5709043983431297,14.754096309603378,28.42607221371235,20.511559723255818,3.90962039068906,66.28,40.92834610184768,3.85,Mid
CSTL,0.5257482887901627,32.349998474121094,11.441503047074029,-0.1408941078081197,21.31780292024754,4.628030754995784,39.922133648134064,0.8813246229389612,68.13928720519743,5.485758973854642,13.08,40.88778729157278,0.99,Small
HCC,0.5432434791013622,95.37000274658203,6.068973563130598,-1.0127763215593821,9.034589287702845,2.2112326352726153,14.448578724134741,12.97967230290957,17.33514293642032,3.8212061231400627,73.89,40.8787742226228,5.04,Mid
GCT,0.5187909608639252,51.650001525878906,13.768580191273303,0.43331659310516,23.41696956043949,6.713925095231741,45.90395282232268,5.117893607048482,9.940404489243795,5.7915907551956645,37.94,40.84722848129789,1.84,Small
INFY,0.5058407965314178,12.5600004196167,7.397397235565968,-0.7427247599478768,0.9779720649019684,1.6737124144655078,13.665160205257553,40.486343788784104,-2.198799810614448,3.821656617490215,299.84,40.54979720594863,50.87,Large
GM,0.5154705027943662,87.95999908447266,6.747754719811833,-1.833872810467057,4.671294001111523,1.8952002804287265,14.426949318977957,5.07299040537802,10.9345416429906,3.399272481489097,704.75,40.42812077512393,79.56,Large
ROP,0.5037482639537042,403.8900146484375,7.7822555834425335,-1.0027836524313576,7.224780342057439,1.766780746433599,16.51233860078499,0.8713732678549444,22.60126483947997,3.8719882184750363,431.89,40.39657503379901,39.95,Large
RCEL,0.5240095977211355,7.599999904632568,10.979250354238832,0.9731543865130781,52.38095045832098,8.36501906572457,89.0547248706803,18.928431551737642,-2.1879031748954403,7.525846120434457,3.39,40.39657503379901,0.24,Micro
FOSL,0.5313718708965693,5.360000133514404,7.278034027859355,-0.09824745016360323,13.921362339339655,4.706799253514964,33.002477770076325,10.188721818169649,22.935779108900764,8.04903930722883,4.97,40.234339792699416,0.32,Small
GTE,0.5240095977211355,8.949999809265137,7.902862912459745,0.5485484458503558,15.364782095800466,5.907020538398836,36.225259894318526,37.95084647051034,-5.190675771686437,10.199522295163044,7.35,40.17124831004957,0.32,Small
FSLR,0.5043537841094873,239.3300018310547,10.914010877382866,0.41371281302170215,-1.214664035180915,1.3022609498699027,8.500317274580443,30.65561942276933,13.901583567731027,5.909652788161575,578.92,40.02253267237494,25.72,Large
RJET,0.5136030337466116,20.200000762939453,2.313433589436277,-0.48389219314297904,4.415252790824859,1.7503196088531303,12.222226460095726,33.37320004445315,6.036753658138132,6.6619527234927585,3.19,39.97296079315007,0.95,Small
OWL,0.5044691331778338,11.649999618530273,6.529921780431532,-1.2091192612262254,14.344600208229139,3.5732437259113174,21.101868574941214,1.3881216870125506,22.300075294453585,3.867566967995016,258.1,39.936908517350155,18.16,Large
CARG,0.5313718708965693,37.59000015258789,8.755274224978194,-0.5229227423889242,5.1534719159382245,1.4941160339588695,10.396478692341313,5.680664780720627,24.59396770727311,4.7809081774551405,49.03,39.9188823794502,3.35,Mid
WLDN,0.5206447404813868,82.30999755859375,13.405720177332508,0.6946961213029087,-1.5235311342983646,1.7308729015424467,13.343423912682734,47.27395813080785,-11.408896443434797,5.209400714133702,26.51,39.90986931050023,1.24,Small
GTN,0.5247288031335713,4.980000019073486,11.737301168555092,0.46558151074802745,11.127229564421901,3.9390561937545705,30.708663872926433,25.11830060775786,-7.262567499521768,5.92369321074305,6.78,39.833258224425414,0.51,Small
KAI,0.527680383577105,333.4800109863281,2.654549495264739,-1.594589690769121,5.567377365249937,2.104663739915274,11.267202929542695,14.672070930968967,1.9417157819633546,4.060212666342373,48.31,39.82875168995044,3.94,Mid
OBE,0.5154269106281971,10.470000267028809,3.731801020914443,-0.42962894961125314,3.683044317487807,2.0504567077529905,12.098502096992332,41.860011873295235,-10.512816770793219,6.017192266033305,8.28,39.702568724650746,0.7,Small
WGS,0.5037482639537042,77.87999725341797,4.4866344422788,-0.42809547142979115,18.49236724326126,1.9917056021675743,24.747712433879045,9.208529614389185,125.6737207766436,7.3418461346883745,75.06,39.61243803515097,2.32,Mid
SXT,0.5187909608639252,129.36000061035156,11.62375655865863,-0.8383238325507886,7.470082556648125,1.6496970233936807,14.312394939741358,1.0597047725825137,2.366344263436322,3.647014272550938,68.96,39.594411897251014,5.51,Mid
SHOO,0.5187909608639252,48.880001068115234,13.885783188738229,-0.6187287468540529,8.17629750964964,2.3825171734090174,15.147232484004938,0.8566617775241804,13.095788263351354,3.8567312074349402,55.18,39.45470932852636,3.58,Mid
USPH,0.5313718708965693,81.73999786376953,8.34460930805317,-0.6501613168155085,7.233047230648512,1.374463454328561,16.771425519431165,7.793600945244241,26.505868319400516,4.454787555864902,19.03,39.45020279405137,1.24,Small
ITRI,0.5187909608639252,102.62999725341797,7.5660020827146885,-0.6117833879311568,9.538596947211259,3.06467056841669,22.969085045535437,8.318900439950477,-4.102036560745711,4.790091924537203,87.0,39.4411897251014,4.49,Mid
CVE,0.5186357912331998,29.559999465942383,7.767973006634901,-0.9967450611620776,3.2735891230659826,1.0716996558395997,7.451832860523942,9.439726384606411,19.425800427293776,3.81065163896161,235.69,39.360072104551605,54.52,Large
PALI,0.5283990342649956,2.0999999046325684,2.6817944222453307,-0.8236243215431827,5.4746325085650245,1.2201313261396824,8.808288166668595,14.76175314477346,11.111106900318974,5.27210932624431,6.89,39.22487607030194,0.36,Small
FLS,0.5084887847106566,79.48999786376953,3.781095349293124,-1.3228345833638577,4.681536156554037,2.06092729902262,14.226184863795218,26.139018645514366,8.26166311200766,3.935355005706586,153.72,39.18431726002704,10.1,Large
FSLY,0.5279077216567243,27.75,10.338821809621644,0.24827446033273168,26.855210240767203,3.177530001629393,32.77512203908681,15.305045397902193,42.30769230552268,7.328675121567577,174.91,38.805768364127985,4.42,Mid
HMY,0.5294177075240274,19.899999618530273,3.4831048213233933,-1.4973169839302127,19.69942789919134,4.014738836363641,30.577427277509923,7.050605169054289,52.273522027891694,4.253409782825556,71.55,38.7607030193781,12.56,Large
MTUS,0.5172975529736591,21.719999313354492,10.486423918631882,-0.5925816190103673,6.238838541972777,1.886275216835298,12.538860993950642,0.0,46.5587028350241,4.624441173114788,8.59,38.74267688147815,0.9,Small
NE,0.5223284779425286,43.54999923706055,9.566514088651166,-0.562833825442464,-4.27007151436262,0.5265954836315547,4.486561703809982,63.07976324437586,13.618568109851928,3.8830571841587336,70.61,38.64803965750339,6.95,Mid
RERE,0.51432338941776,4.550000190734863,12.056565441033811,-0.35804357390295644,-0.4694225881249162,1.9389896542601168,15.482236662451143,59.24437335528556,-16.57124540914337,4.014131057362475,4.36,38.63001351960343,1.01,Small
SFM,0.512663562726316,85.33000183105469,2.5133313497137557,-1.0022681716923452,4.315405466795676,1.1074437820748375,13.244862055609424,21.774013050290105,26.45227858012914,4.778506793751456,183.84,38.63001351960343,7.96,Mid
LITE,0.5224184924483042,813.510009765625,6.066063858417827,0.10873775063470759,-0.4309005809990795,1.2208065854589472,-0.15831836606138183,55.77941358662281,15.170954609383752,10.448796501635865,4246.81,38.62100045065344,63.29,Large
NCT,0.5027262169189033,3.5399999618530273,6.430520821181742,0.11762932399485089,9.428127357503193,2.9435157252871824,21.23287223107388,49.65565738322567,-8.762890269895095,11.426957629188715,2.79,38.57142857142857,0.03,Micro
ACHR,0.5266276501641126,6.260000228881836,14.625511557349832,5.334544608093119,8.93113857289532,3.0312374586381634,29.072172199668657,33.745681382178184,17.89077770547217,6.255134269373418,251.19,38.54438936457864,4.78,Mid
ZJYL,0.5358258352893882,2.9200000762939453,10.57631132465517,7.9755369231629585,27.3890019317204,3.62418496809973,48.97959280474208,46.128514997173106,-10.153843803215883,13.395302857840848,3.12,38.53988283010365,0.02,Micro
NOVT,0.5289323696721354,163.86000061035156,8.79683159615396,-0.6254684948252573,6.265143053659754,1.2094218502615046,11.75829086562664,4.834577448589154,2.9336001616275387,4.737533916457233,89.71,38.32356917530419,6.2,Mid
BCC,0.5187909608639252,84.75,5.262877746160188,-1.333345224265489,6.759549529064934,2.0956989218239017,14.387912253835308,5.870734301347354,4.603805864520194,4.074335881943347,36.67,38.25597115817936,2.96,Mid
TSHA,0.5319275634461621,6.369999885559082,7.821711357944973,-0.3859398929565388,5.542206501952001,0.836498263252946,11.754387694668715,24.43557030245855,2.5764870596375635,5.404798502558057,20.47,38.21991888237945,1.83,Small
TNDM,0.5240095977211355,22.809999465942383,10.09161319171626,-0.06294979466548849,20.72242616584142,4.845903035159058,46.78249370313794,21.252478385497984,-7.163208183437446,5.968248348528354,51.56,38.18386660657954,1.59,Small
BIO,0.508182205087932,354.5400085449219,11.837917115754788,-1.093932771616903,10.250081995472945,2.526187773509061,18.837572198396252,0.0,25.803704254675093,3.451757276594267,116.7,38.00360522757999,9.48,Mid
HXL,0.5032648783687613,100.83000183105469,13.869571436148643,-0.5083539633587828,-3.9947428364359485,0.4370344323076368,-1.030619798448953,17.643942147597496,10.629839692804973,3.9288181535073368,106.77,37.97205948625507,7.63,Mid
PLPC,0.530697574215647,462.6300048828125,11.795268515763158,-0.023888841967285676,25.520445056966974,5.230024854451216,33.73901102114823,1.6246641934245871,58.46174575225174,6.855831747493456,47.76,37.877422262280305,2.26,Mid
FXNC,0.5189458396260404,31.239999771118164,8.082159098590568,-1.0489343332260022,2.2920750247650523,1.1593242773270536,6.876497640407729,3.204348178794515,2.292072149912745,3.9555509091964156,2.0,37.78729157278053,0.28,Micro
ROCK,0.5002968123295253,48.86000061035156,9.833168580481647,-0.2671649746621004,6.797816432098188,2.724731036221371,17.451928851805892,8.212539122497724,19.462099724474232,5.88142448347224,18.1,37.78278503830555,1.45,Small
FAF,0.5064492357819771,72.20999908447266,9.83617649718418,-1.3280047964480182,-2.0555995145813784,0.8170608110040747,3.5120368021529056,7.994110937528119,28.06946896372321,3.334520299114773,69.59,37.75123929698063,7.37,Mid
KALU,0.5373810933415087,187.10000610351562,10.912871146722694,-0.35333351252871753,7.601320745239947,1.9577057453213116,16.59290973028767,2.0232666413835423,0.3906313323445068,5.485354988787513,53.2,37.69716088328076,3.06,Mid
GRC,0.5076551729977181,81.79000091552734,11.377194158065693,-0.3043852937664909,-0.4859498434221604,0.7839059993731683,2.1991780120628657,22.628483279783847,20.12129805268776,4.918518139277405,16.21,37.66561514195583,2.16,Mid
ASM,0.5529834888889344,7.309999942779541,14.685264415645637,0.5286315582401937,8.097449171098912,2.2810061473379646,22.240801325109537,25.731083066307914,29.151945928591015,5.7260115100495454,27.2,37.62054979720595,1.28,Small
FRO,0.5020923250621669,38.45000076293945,9.060465465688955,-1.312358893266494,-0.2581084346288541,0.8027722018449568,0.18238585949531982,15.161627297483045,4.487285011500846,3.3550073991519285,103.78,37.534925642181165,8.56,Mid
NB,0.5221007867118248,5.449999809265137,12.78082682114849,0.7010479887371994,6.089604073253582,2.6825964953973362,12.371132294987385,36.31980366025792,5.009629077611728,6.344692332280742,19.04,37.43578188373141,0.79,Small
DOMO,0.5064065299939274,4.019999980926514,7.756322690903121,-0.19022732386575117,10.485089149497915,1.8474456649233422,21.450152574209874,19.203631960177127,1.7721501868366911,7.6226016713328875,10.5,37.43578188373141,0.19,Micro
ASTL,0.5311201229984063,4.429999828338623,10.050349719459964,0.4561336548083949,-0.7292216845737727,2.0832021930861733,21.03824383170171,50.67967181385495,24.08963335956566,7.2718495951289475,4.39,37.32311852185669,0.47,Small
ELVA,0.5232030185791576,9.279999732971191,6.530702819698961,-0.005631073433380911,-3.445982073590606,1.6105415391730695,17.617235612559828,71.76365446856792,-21.088439178844844,7.764855852548674,10.37,37.21496169445696,0.46,Small
BTE,0.5232030185791576,4.380000114440918,2.7965651184647378,-1.0971847512739852,0.75296402934032,0.4393770386844952,3.3018950671503067,37.70598647315534,-1.6743624235478833,4.476515552838237,82.42,37.20144209103199,3.06,Mid
ZURA,0.5032648783687613,5.630000114440918,13.148691869208696,0.2292570088886203,2.9579870377898683,1.4235369082940537,11.264825652065486,28.950882217390916,5.233648873779619,5.709210744136736,6.52,37.11131140153222,0.53,Small
AI,0.5160130226906771,10.399999618530273,5.5325684946129705,-0.9193773298233143,7.8793374727971255,1.8735361364146583,13.661202753844162,19.12242501260744,23.809524887952787,4.505492993964997,68.39,37.11131140153222,1.62,Small
WEX,0.5195108211622816,186.4499969482422,13.492805296072019,-0.6247058113237407,5.998326980039152,2.6197645375668537,20.22051798997153,5.974900998994558,5.847291177172678,4.046279253860577,133.74,36.931050022532666,6.35,Mid
WCC,0.5334902919799341,366.54998779296875,6.870226688836493,-1.0330118598192932,6.475034800005054,1.5916245500157085,7.764441702559009,6.954055798914754,42.728415658819095,4.214194786564867,245.73,36.90401081568274,17.86,Large
CTSH,0.5059137295615382,58.310001373291016,11.916848580649152,-0.19838055550614372,8.388772742426685,4.474268015134995,35.510116261008925,27.34859359597704,33.432495091413145,5.111227857440849,678.04,36.7598017124831,27.58,Large
YJ,0.5319275634461621,2.700000047683716,8.068822209467053,0.7861837173095617,66.77733948873484,11.753077704070353,103.00751575430573,97.93384055446597,-20.588236113040043,42.071163542060894,3.0,36.62460567823344,0.01,Micro
CRM,0.5037482639537042,197.50999450683594,3.798932693906518,-1.3305312176771493,10.31319278785363,2.297866342452011,17.874192757486934,7.944101657169822,30.129131700504036,4.6093139239585685,2980.54,36.507435781883736,161.76,Mega
ETN,0.5187909608639252,444.9599914550781,4.954237247489566,-1.882925047282644,7.764968972756052,1.5713525304667586,7.348571207257954,1.8409740464209667,8.866150651008455,4.30106861625158,1085.65,36.21901757548445,172.82,Mega
XPRO,0.5313718708965693,17.850000381469727,5.2732049729152335,-0.7626114992558894,9.721242709598862,1.8691881327431448,9.174311711994099,7.217751163187789,25.000005007043068,5.586235534546922,21.1,36.2009914375845,2.01,Mid
OPRT,0.5257482887901627,7.739999771118164,13.480250180058146,-0.14864121887895604,26.708680294799393,5.646834733248672,33.910025775512956,5.417518621293997,46.31379634157486,5.766889268129045,4.15,36.13789995493466,0.36,Small
BOOM,0.5419869159376853,7.460000038146973,4.281708191320447,-0.5818227452271224,13.556793940347633,2.525490031126702,14.94607551753775,11.748146014831882,23.305781863252896,7.884908713991741,2.51,36.01622352410996,0.15,Micro
HLNE,0.5059137295615382,100.36000061035156,8.867485120935006,-0.8105111321995313,9.724236949765135,3.283357542103272,21.76656495965335,21.828216292929053,29.047196788079965,4.15603749415377,92.92,35.86300135196034,5.53,Mid
SCL,0.5257482887901627,64.86000061035156,14.770950495369076,-0.6468763444580794,6.293019881893382,2.017956239846834,13.98945320012416,8.211118915464768,45.73686918990953,3.885292906269624,10.11,35.840468679585406,1.47,Small
BKNG,0.5257482887901627,212.8800048828125,9.524189234461305,-1.1395231412978872,11.655134249487018,2.831030643679927,21.75007003234799,0.6927952466575057,26.140803015802277,3.9267588995879628,1582.33,35.79089680036053,159.95,Mega
FET,0.5116602933688517,78.41999816894531,11.303986589556114,-0.3854957083885902,29.078979716644792,6.957563164156257,50.11484618839263,0.0,35.53404310638753,5.842167233985978,14.9,35.7593510590356,0.88,Small
OLED,0.5206447404813868,90.54000091552734,10.765921424183729,-0.7602465438965182,-0.7727419894377555,1.8452350394738266,15.117608593542098,55.16569534450052,-5.561191979972683,3.6420367042754234,68.83,35.700766110860755,4.16,Mid
DOCU,0.5257482887901627,59.63999938964844,12.325274098665624,-0.4784838709184371,10.62882382735138,2.7630313752640494,20.777638921418188,0.6884029216143044,32.32749011128603,5.035689642046013,239.93,35.68724650743578,11.39,Large
KWR,0.5187909608639252,171.8699951171875,10.502629872352443,-0.7084570510800974,9.184088206503608,2.179262323324687,14.988006250512889,3.2935765512940445,7.349816673646418,4.542470696945011,27.47,35.67372690401081,2.96,Mid
ARES,0.5037482639537042,137.66000366210938,8.874787892447406,-1.1872294006075352,7.044686702364034,1.9324287910580773,14.43059033235294,2.8568845993499283,31.33727310309829,3.9229676296489524,333.81,35.57007661108608,31.04,Large
NMAX,0.5310546823216342,8.770000457763672,13.674491342838472,-0.3349897535218366,6.321078505805122,0.7480692176904268,5.535499577180951,27.252838535504033,-5.086572780799433,4.631862237052943,9.87,35.51149166291122,1.13,Small
SKYW,0.5189458396260404,107.66999816894531,12.07207709641291,-0.7292490308865633,2.132380380044649,1.7095993575126787,10.78299769953128,9.725406958575656,8.418085606471703,4.05869846853535,48.98,35.506985128436234,4.27,Mid
NOW,0.5037482639537042,127.44000244140625,4.800865614453128,-0.8565264922324121,16.797956443818272,1.955736650964304,21.545068474793858,3.667154907822289,50.31847638103963,5.703524358061142,3398.48,35.50247859396124,131.76,Mega
ALKT,0.5093892810282726,19.6200008392334,6.717167965803111,-1.129065147962056,8.523706769092792,1.773249605810261,15.00587018335844,2.218195319606532,25.527835542692976,4.446992035368524,35.41,35.403334835511494,2.1,Mid
RZLV,0.5032491401420431,2.75,5.8041498203521025,-0.8520297443225913,6.456764316133865,0.846758210352588,9.561753400518146,27.134561466183026,9.126984949327408,4.753247174349698,37.48,35.39432176656152,1.1,Small
CMCO,0.5187909608639252,19.309999465942383,12.259843436111693,0.18656740859241028,12.796879973685355,6.419597080891354,47.005539276111854,10.451833883847742,1.0711100679093597,8.795026920857051,14.75,35.299684542586746,0.56,Small
EME,0.5217472543867417,809.3300170898438,4.145735576177088,-0.9365127671247298,0.7497403965296657,0.6903870849431966,4.518693702244679,42.86998250597846,8.757531484774923,4.767126672022599,379.76,35.23659305993691,35.7,Large
OPRA,0.5099277608053532,19.950000762939453,14.389498296182202,-0.8393267322285977,2.771486053387229,0.5672841727994403,-0.8941798575383141,3.3969470984155383,32.032625085129794,3.721338792880139,6.87,35.146462370437135,1.79,Small
EAF,0.5221007867118248,7.849999904632568,4.082860335303481,-0.5100188822167474,4.6201677527834075,4.546443370308132,18.58006102946946,28.7771586494975,9.027779340226061,8.738853258773299,2.83,35.14195583596214,0.2,Micro
KODK,0.5433082348632006,9.989999771118164,12.572185918268755,-0.32152079994483734,4.588162463877788,2.9608058020169867,24.099373095359013,35.808724329186035,-11.200002033509653,4.797655275788354,9.53,35.07435781883732,0.98,Small
NCNO,0.5029017076027293,18.969999313354492,9.54216545224995,-0.8639565800035928,4.575520138925747,1.6132646887071274,8.276248959031944,2.304815568792133,21.369156585059653,4.457039703174657,60.79,35.03830554303741,2.08,Mid
GTES,0.5099277608053532,28.399999618530273,6.022769973923067,-1.579847945823097,4.055983900523459,1.2295308432670684,8.231706807052873,7.565440718609969,30.634774228257566,4.133023062330206,59.51,34.93916178458766,7.19,Mid
UROY,0.5313718708965693,4.130000114440918,13.506216065402063,-0.011630315290492412,18.72507420204642,7.052091321215527,51.282054398290676,8.779249247425959,40.0000016028378,6.745070475408448,12.69,34.871563767462824,1.57,Small
MED,0.5432434791013622,12.09000015258789,4.098514789478049,-0.6688567057477073,9.174644535284585,2.111729509127922,13.949109742333846,24.054458796900963,15.033300562770954,6.510632944496854,2.91,34.78143307796305,0.14,Micro
BVN,0.5423735456174879,34.58000183105469,6.578019744586616,-0.8495552644617009,3.1234027284120245,1.9308656340901897,11.440544846080524,36.56754841699296,17.478476607750977,4.512538338446177,39.57,34.7228481297882,8.78,Mid
BBW,0.5136030337466116,37.2599983215332,11.352369046903023,-0.7870323820687714,0.2729655288800944,1.4132619834109306,13.217862334116601,42.06386860932467,-3.534947167001814,3.747794705743451,13.42,34.55610635421361,0.47,Small
WS,0.5247602866051568,38.119998931884766,3.4377019109179487,-1.061540003379293,1.6314809158503367,2.189688600472069,12.31585289977939,41.02447805196094,21.270135605491742,4.806737415455039,11.49,34.393871113114024,1.94,Small
HLLY,0.5115539988992963,3.1500000953674316,12.882377511046721,-0.015203682850298923,6.614021295654503,3.340214348549219,18.867923842168544,25.009993273758045,24.505934021494298,6.224489347966402,2.71,34.28120775123929,0.38,Small
CDRE,0.505119965236733,32.7599983215332,7.218907160404228,-0.5166453702976339,2.5566354978841828,2.331845766064875,15.81187818401627,19.499064996883323,-6.453461183964401,6.143057943750486,13.47,34.2000901306895,1.4,Small
SCM,0.51140431127049,8.470000267028809,13.29484412587486,-0.6582995901190993,-2.2148854896187817,0.6804808395471874,2.5784127058002664,57.23087839207622,19.962155908120117,3.6747655765112075,2.06,34.15502478593962,0.25,Micro
STOK,0.5017904656250983,32.22999954223633,7.969217945628092,-0.601593178352142,-0.2819377130069435,0.5373543474923869,10.641951495620042,54.31870820420812,-1.4975600860973672,4.800320437280202,27.12,34.07390716538981,2.08,Mid
SMCI,0.5102752736328694,31.459999084472656,11.612903266610514,0.2555194910001056,-0.6285756942896966,1.3868531892288272,13.779383429905117,36.614723625721695,-1.5952462928356912,8.104532616424748,1796.0,34.06489409643984,20.35,Large
GPK,0.5093892810282726,11.90999984741211,7.785336632102862,-1.2104911934061537,6.111902372025803,2.310742762698236,15.295255907284186,3.6631685746318836,35.05849181002549,4.285115450988323,69.0,34.046867958539885,3.52,Mid
TASK,0.5027262169189033,7.099999904632568,9.423817690286885,-0.3012449111658733,13.923842427554515,5.019289132599862,22.413787429701042,13.84576199363465,-9.207164336721124,7.586519105296517,5.45,33.8801261829653,0.65,Small
CXM,0.5172975529736591,6.929999828338623,10.298854252459297,-0.9817599317643106,12.436113508451275,3.0858003626625083,22.007042914745114,0.0,20.731709137007986,4.3805402033351255,24.78,33.39792699414151,1.62,Small
UHS,0.5018966560417482,172.74000549316406,11.793000408391029,-0.6690011707671311,1.12581955509439,1.664661989309657,19.767046113822822,32.88760803848938,18.38910058296755,4.151365193913046,184.52,33.325822442541686,10.46,Large
CAL,0.5342247033902034,14.470000267028809,5.191802671332104,-1.270388368328689,11.702375999799994,3.3313265660191065,27.93987382751843,3.7149690669881803,36.41339523196396,4.970875931813182,8.71,33.25822442541686,0.49,Small
HOVR,0.5011969423936333,2.0399999618530273,10.693649782899685,0.08680589976862477,2.8848072025723774,2.167403361727013,17.91907162904963,59.78728067348228,-31.31313324866369,7.247899896251185,3.26,33.086976115367285,0.14,Micro
SKE,0.5244656810631647,33.060001373291016,8.023177242083104,-0.7341679208971799,10.352659074979947,2.9119024298477165,22.671615722278833,18.047044931629365,15.19163935294995,5.0810217632079935,27.9,33.02839116719243,4.1,Mid
NX,0.5257482887901627,21.059999465942383,6.12573719855478,-1.294538769482953,11.00861584355371,3.460217213089324,22.58439517822266,5.876593621151259,23.884406917762927,4.643197902563361,8.49,32.99233889139253,0.97,Small
FDS,0.5257482887901627,284.1199951171875,14.67273431402779,-0.7937003512471342,7.3137001329882985,1.7711005956410626,12.473771596760756,0.8013994256495509,31.57577569968944,4.102642878410212,280.55,32.99233889139252,10.1,Large
RYZ,0.5157701411713231,28.0,10.905541151769494,-0.4074425718539484,-2.7879042694246126,0.7608749981476477,-0.4621370943490545,17.299988905062108,41.36807685635662,5.718111505313795,13.8,32.73997296079315,1.45,Small
NBR,0.525861954982406,89.80000305175781,5.415541080164427,-0.9157039012476473,2.9452544567139056,0.5144183634495132,7.480550295196788,28.905593145694038,24.878318006297366,5.099427174009006,26.16,32.54619197836864,1.33,Small
VG,0.5075108148423503,14.260000228881836,7.541419324617815,-0.568542359633027,5.880607339700275,1.1149071764274145,7.785341815616939,29.711248177548992,-0.07242274566905761,5.800440662111743,202.12,32.45155475439387,35.43,Large
SOUN,0.5221007867118248,7.460000038146973,14.341340042090877,0.4857316410622264,0.6102705324237817,2.1662932694010273,11.509715608751934,49.437040362381794,5.367233311894346,7.286481736032046,242.23,32.262280306444346,3.25,Mid
RLI,0.5273684139714888,63.58000183105469,11.061347835453436,-1.3495242539239307,2.6551840001638753,0.8089392161822769,5.719990815199707,5.5621308557984115,19.75890308555192,3.7730869918604135,61.9,32.18116268589455,5.83,Mid
LFUS,0.5415214227012226,455.17999267578125,8.665310212064167,-0.7985777144049877,2.896462679690606,1.6472948903639504,9.336791176057059,24.939492791749974,16.10253968837993,4.721678832506894,163.08,32.18116268589455,11.56,Large
FRPT,0.5240095977211355,67.7699966430664,9.3829678289753,-0.6149280547414339,9.957842860843142,3.10333995468484,24.96772490295699,22.696679629075682,-5.177003658023091,5.211430042659091,99.65,32.17214961694457,3.26,Mid
JBLU,0.5086423543010227,5.639999866485596,10.541833171037913,-0.265425280335078,-1.3554893795964762,0.5451506972175737,5.8161340930344805,27.23280481394601,18.736839290488998,6.8389048499569896,181.36,32.158630013519605,2.13,Mid
G,0.510988468093634,34.130001068115234,8.208799353022222,-0.8502522040211332,0.5079701458928051,2.343641113858269,15.616532990205226,45.79657870394162,20.814163072237495,4.407515628785946,85.13,32.122577737719695,5.73,Mid
GWRE,0.5037482639537042,172.94000244140625,9.832758671929012,-0.7492291647976144,13.849720184625133,3.1231859169042973,22.905262020809566,0.0,60.337475859614855,5.4593674654861575,294.41,32.086525461919784,14.4,Large
APPN,0.5116602933688517,35.58000183105469,13.27358083479146,-0.3431501177934975,30.715119657959466,4.607905618929713,41.30262668554514,0.0,71.13997240745572,6.8980382446279185,33.88,32.000901306895,2.55,Mid
AMBP,0.5092267577029683,4.96999979019165,13.296232036129851,-0.5893937153900177,3.283453394721015,1.3799636098966415,12.443432223522294,6.566267385731514,2.685942840464397,4.885023509141972,12.6,31.960342496620104,2.97,Mid
SKM,0.5217472543867417,33.290000915527344,5.680782462172104,-0.6151949819066342,-4.306079379691445,0.8718033068009723,6.0866851682006695,62.101208012823385,-25.073147226829924,5.812534096628539,94.97,31.93780982424515,12.78,Large
CCC,0.5172975529736591,6.96999979019165,14.035950845266557,-0.6856190583208163,12.68288353487791,2.3665698269685502,14.827011415646647,0.0,33.01526897536808,4.708957657494339,72.36,31.924290220820183,4.11,Mid
WDAY,0.5116602933688517,184.19000244140625,14.982724801790068,-0.3872016338331804,19.194071755978285,3.7570339900639635,31.74308394068572,0.0,38.33271564715121,5.776643571080869,912.98,31.829652996845425,45.49,Large
NEOG,0.5195108211622816,11.399999618530273,9.207786179984385,-0.851604304644313,8.669745953761044,2.5163689160250713,17.890377749825742,6.177637642754697,2.2421525428763376,4.953008114764836,24.82,31.762054979720595,2.49,Mid
GOLD,0.5017904656250983,43.470001220703125,8.359969629398655,-1.1323805713451915,-1.5394079924143036,1.2172853533352521,11.261841720334532,43.59543263638308,0.7151096262334551,3.8979268577044874,17.92,31.739522307345645,1.26,Small
TREX,0.5243883630438974,48.16999816894531,8.761147202807459,-1.0037912081551092,6.169602090859031,0.666770912927945,9.055920683106864,9.572086606288524,9.055920683106864,4.558260777643019,103.42,31.698963497070753,5.0,Mid
HBM,0.5289323696721354,27.90999984741211,5.9125771038497446,-1.4261517680990374,13.190679924476301,3.9608823353503344,24.044443765207397,11.033051149912293,4.435956558167722,4.6219986838640255,149.02,31.662911221270846,12.4,Large
STTK,0.5032648783687613,7.139999866485596,14.678024296574996,-0.015365746106404279,0.3795842972291611,1.044108090364186,13.513512077145135,16.999229563601553,10.869562157404157,7.217186211353638,10.58,31.586300135196034,0.68,Small
BRZE,0.5116602933688517,28.75,13.994771371063052,-0.4040853367463451,13.679049564930665,0.8835614329279668,9.774720937922849,0.0,33.10184949965611,6.086956521739131,71.69,31.3204146011717,3.24,Mid
VET,0.5362861556454095,11.460000038146973,9.949728898264807,-0.4985504188367922,0.08172898828177373,2.2240251290536506,16.70061501142546,53.56839449921623,-19.829600853910947,5.142109182584252,17.42,31.315908066696714,1.75,Small
FEIM,0.51261957790588,73.08999633789062,13.707628631925214,-0.16636283215770833,8.666235292660879,3.793794406714257,24.02850154275478,7.209898514799043,26.69439777692228,8.04780712195359,22.6,31.24831004957188,0.8,Small
ACCO,0.5189458396260404,4.349999904632568,13.149841525262984,-1.1565224692638296,4.0047797257985005,1.850723849006156,11.538456362713402,2.4280833223016685,3.3254124746745224,3.8423633008450886,3.49,31.018476791347453,0.4,Small
AMBA,0.5361318694110991,82.04000091552734,9.585877511661812,-0.36730143337841975,11.064481410190993,1.7164574862811661,12.537721808247749,23.061817638928353,-4.6046500981704765,7.594396053811703,165.38,30.9598918431726,3.6,Mid
MPWR,0.5217472543867417,1381.0999755859375,4.996118346033137,-0.6765233358495891,-2.444452868122242,0.45996466033854133,0.34073722871700096,47.78847124431936,5.321426663085481,6.604933089237318,1411.16,30.84272194682289,67.87,Large
CTS,0.5132716182399292,64.61000061035156,10.014645938401168,-1.0896119273405047,1.6100899264596311,1.3731969468411935,7.593674323314266,30.622553857411216,-0.5999990609883653,3.9655501303358403,19.92,30.509238395673727,1.85,Small
FC,0.5232030185791576,21.450000762939453,11.837966333343141,-0.4911095645729028,-4.592881861509692,0.5915336304239952,4.6341500628932275,54.80548195202415,-8.018863448868808,4.838496800494236,2.19,30.351509689049124,0.24,Micro
HCKT,0.5127498275540362,11.220000267028809,11.7941703673321,-0.30336195492690743,-4.769886488833694,1.566038632486281,14.373086513318118,50.4157250015389,11.17505041972701,5.863253670283031,4.31,30.00901306894998,0.28,Micro
SPHR,0.530697574215647,162.49000549316406,11.015513190461546,-0.7682028428021044,8.617476429394781,1.081143424419365,18.588527533447426,4.964243688026719,51.251982715318924,5.126777481578825,121.01,29.918882379450203,5.84,Mid
AU,0.5432434791013622,97.25,13.882737349331038,-0.5285076006153844,4.334105423007481,2.3311199491234795,21.048051322755235,29.356484212935648,19.1497141965987,4.792508823312121,318.13,29.905362776025235,49.19,Large
SABR,0.5361763935278929,2.069999933242798,9.556894641022637,-0.5929633066006449,10.938418313441005,2.3632863440388885,21.052624962243264,5.165296514604003,28.571423264894037,6.973776160290216,10.16,29.878323569175308,0.84,Small
ATRO,0.529416370952358,75.45999908447266,12.251529168516274,-0.7220175622561312,3.133469099284815,0.9139754805692223,4.154592495482435,18.693686574024902,18.056411971255137,4.649567311121967,53.16,29.85579089680036,3.72,Mid
WT,0.5104933431804676,22.190000534057617,14.709942082662227,-0.7723611475248113,9.41275325699952,1.7228842229188197,13.62007042372917,1.571006452391003,59.781592444204755,4.553210562037657,68.3,29.846777827850385,3.36,Mid
ORIC,0.5313718708965693,13.619999885559082,14.443517361370455,-0.3114548392900648,16.854702020579516,3.461897005237482,29.09952264483686,1.7828023314193537,82.20735864218712,7.488986707026276,25.75,29.693555655700766,1.41,Small
SITM,0.5466670851929272,689.9600219726562,14.975405994194812,0.03638413753954559,8.155595544733737,1.971234959887786,10.600644898621875,29.65567067603509,112.08656290355698,8.093996680278632,401.65,29.342045966651643,20.75,Large
TTAN,0.5116602933688517,86.88999938964844,14.693296100184327,-0.5335322041646945,9.52359903151437,1.3302590393314229,8.49045244425342,0.0,25.56358847007142,5.704092282170517,149.37,29.224876070301942,8.29,Mid
MH,0.5311201229984063,11.619999885559082,14.899145619369758,-0.3815356549211087,-3.853050121728495,2.205703707943194,15.27777751345505,47.58926667075711,22.444680353933272,5.056551515748329,9.32,28.837314105452915,2.22,Mid
GPN,0.5308082402245649,86.12999725341797,14.460593868617636,-1.5207176486984837,3.448272544227686,2.0012132181652533,13.493211155607622,5.758639471572795,27.428600130982144,3.5938193790929733,334.11,28.78323569175304,22.79,Large
SNAP,0.5221007867118248,5.349999904632568,6.606545549481776,-1.0494041624484125,4.041744057626153,1.965965700502354,14.316241468509405,38.57390252549884,-11.423842077219708,4.946595446929545,233.29,28.611987381703475,9.05,Mid
BILL,0.5138493933322352,49.2599983215332,14.364195471337082,-0.9765552780308907,8.380450382527084,2.193342217390377,19.071790169607,0.0,17.76236233579327,4.442608512691613,126.9,28.107255520504733,4.91,Mid
NAT,0.5099277608053532,6.28000020980835,14.1846976044923,-1.112630486375852,-1.0789915697193568,0.7778395275007896,-0.1589785708065733,11.454492670810888,25.09014817281952,3.895586983973076,25.53,27.967552951780085,1.33,Small
RGEN,0.522304750642958,163.1699981689453,14.397407668239588,-0.681249173873225,11.481568680164738,1.8598737335549655,10.901918543943149,0.7187906470250159,18.582842246393298,5.26094581568795,186.15,27.904461469130244,9.21,Mid
CSW,0.5257482887901627,347.70001220703125,9.433019558441528,-1.2241412632158422,12.891971735037341,3.5432426450415306,18.84349128488698,3.2437292511988196,34.527786256073455,4.8864025304965715,54.88,27.68364127985579,5.67,Mid
NUAI,0.5183552437899936,5.380000114440918,7.160570433993774,-0.6225378480413141,4.186841437986394,2.9057222142490695,29.326930564540483,27.478925964340412,22.551259176286763,9.945566241327763,45.61,27.634069400630917,0.54,Small
SW,0.5308082402245649,47.59000015258789,9.243239742197796,-1.456584825455301,2.5801308845237845,1.3578314490748569,10.90654933980142,11.125778378495314,25.380669131983485,4.45171665441535,271.32,27.498873366381254,24.96,Large
ARWR,0.5187909608639252,88.33000183105469,13.855700419513681,-0.7529997135341076,7.035855137868579,1.6818890754289815,22.834094468790788,3.4895738248699626,11.966031834606987,5.088062985721307,202.3,27.422262280306448,12.48,Large
APH,0.5257482887901627,167.6999969482422,9.092022203370922,-1.5896130974709493,5.669745129427577,0.960608105724748,5.891268623259062,4.441325774888014,37.1380716505054,4.614959028675306,1376.42,27.422262280306448,206.77,Mega
VVX,0.5032648783687613,82.91999816894531,10.072983283147503,-0.6080036785805144,1.111467562258631,1.644108888201045,11.093246043533954,27.70980905705801,-0.7777929020518892,6.058249253444722,59.19,27.300585849481752,2.6,Mid
KOS,0.5313473743199668,2.509999990463257,5.898685516510835,-0.7371150021057467,-3.689966400059177,1.5264026511986324,0.3999996183702736,54.8954864683595,24.87562199619741,6.915196573676681,38.36,27.102298332582244,1.49,Small
WFRD,0.5102752736328694,92.9000015258789,12.39498021546931,-0.76108914010124,-2.8516909181961196,1.262786720220114,13.635879203718737,51.34994491164077,1.7055486145691874,4.468018713542876,125.3,27.003154574132495,6.66,Mid
LYB,0.5147066473399903,62.650001525878906,9.509404813542414,-1.1943247520676428,-4.678779278736434,1.1440861861007954,7.002565913191583,65.21952047638948,-13.658783341703867,4.07137136184402,325.32,26.926543488057685,20.24,Large
SXI,0.5089406687751704,328.1400146484375,10.372135234198092,-1.3567300450167035,5.84834883883349,1.2077769661989024,5.319601273045879,9.519041116674252,32.279777380927634,4.426514364523783,63.16,26.917530419107706,3.98,Mid
CNXC,0.503025445617768,25.5,7.308447541899701,-0.7667478732341321,-3.3078131925002827,2.209740931084119,9.99318617558544,44.60887898039174,3.370787559224257,6.332989592010353,47.04,26.34069400630915,1.56,Small
INSP,0.5059137295615382,59.720001220703125,11.524525293928443,-0.7430756201003879,11.90121673548356,2.312986555403981,21.50559382799561,15.685903927895096,30.62117153521477,5.526063021527799,60.13,26.164939161784588,1.73,Small
BELFB,0.5095929223782036,284.2099914550781,9.72336145590153,-0.6913512233789374,0.9158723154046943,1.1369365558003206,1.7506744961401401,23.46953116515584,5.786922736391623,6.617541903936944,87.35,25.493465525011267,4.1,Mid
AIRO,0.5092263476076455,8.4399995803833,14.545571366931467,-0.3808460011065198,3.7306315297430657,4.317655849486073,22.852979923564032,45.51257630803824,-5.061875652533898,6.007025406527507,4.02,25.19152771518702,0.27,Micro
ENR,0.5189458396260404,21.920000076293945,9.405264982539778,-1.33305920373602,3.869026431858169,1.1697315351024054,7.398335326295034,10.02887048812978,1.5755336134113624,4.961222734775205,23.55,25.114916629112212,1.5,Small
PRM,0.5032648783687613,34.540000915527344,14.105945359981048,-0.39224109065244617,0.9926795968782485,0.7170832215489065,3.6614682828344085,20.39081867166445,0.4069749518442524,7.573412409595795,61.36,25.06534474988734,5.65,Mid
DBI,0.5221007867118248,6.570000171661377,7.960781057917508,-1.330144415417364,0.7790571057574868,2.931901512733785,23.72881812094701,43.223587223587224,-5.657920520973621,4.751032584669983,4.45,24.849031095087877,0.33,Small
PII,0.5157701411713231,69.7699966430664,12.822351876584062,-0.8613444070525454,-2.3984263773708934,0.792413563956626,3.3629579896781876,16.522145021578773,47.13622415453552,5.018530170727139,59.24,24.808472284812982,3.97,Mid
CLF,0.5355914040376447,12.489999771118164,8.628100029247445,-0.9262589442493232,9.206957792203061,3.986445283383202,27.57916056700674,14.544943296454035,4.694044019868875,6.279310105682125,280.81,24.619197836863453,7.13,Mid
ST,0.5287815263672876,45.790000915527344,11.056733474679639,-1.3227480655019883,-3.767746060946132,0.46943258428441914,2.507281827774032,42.84286611016624,16.031807221428462,4.168096102044275,87.47,24.470482199188826,6.66,Mid
TER,0.5132716182399292,365.1000061035156,7.5428362465881555,-0.7032112329642549,-4.456446626054617,0.9311064536134946,3.3604152387870942,44.47972266666667,-16.628609127513474,8.294009378139846,1640.12,24.402884182063993,57.08,Large
DIOD,0.5217472543867417,100.94000244140625,10.857711383768233,-0.563773425132496,1.643374874694565,1.206595651212911,6.1074375650930195,42.17839875656347,-3.0727837209201487,6.920307586670256,60.36,24.155024785939613,4.65,Mid
ANL,0.5038306682152136,13.229999542236328,12.040085684729176,-0.4540551610373304,6.290669359343068,4.429901628590321,43.80434582699247,33.07644927853529,-17.364151447398363,8.196739383177313,2.51,24.100946372239747,0.85,Small
IP,0.5329651001110137,41.34000015258789,9.889627707689714,-1.9439159509201245,3.090983518443614,1.4342266772660828,13.260274390288462,16.712665140389966,37.92470469192126,4.577027679070461,241.44,23.97025687246507,21.89,Large
EVEX,0.5276805486942446,2.8399999141693115,12.630579045367304,-0.44903002153152993,2.6258696888429607,2.247190324699814,18.828443067992865,40.7652499932155,16.87242123373781,7.256037611899179,3.18,23.78098242451555,0.99,Small
JBL,0.5217472543867417,336.6300048828125,8.077553110587278,-1.286176454586791,-2.3068152647260787,0.5957011963512093,3.001651471365343,47.236615480287384,-6.126603694005479,4.924228688463063,451.72,23.62776025236593,35.27,Large
OEC,0.5225293542640912,6.880000114440918,4.874284773293097,-1.032646602040917,-0.18859521867739076,3.521813904777355,12.972084432339514,33.35307973853212,20.300756765970604,8.814368386520709,4.34,23.605227579990988,0.39,Small
IESC,0.5155519619769683,751.0900268554688,13.062023916212256,-0.6297902905959316,9.894889852364003,3.2117162493610145,21.90051076757005,3.9187980175241774,5.062246636656256,8.24409912616189,198.73,23.465525011266337,14.96,Large
ASAN,0.5059385838464792,9.229999542236328,13.477982867044522,-0.7722586886335976,15.59896757885863,3.08566279040291,23.72653478285704,0.7968729614935135,19.870126891840904,6.7466346704809315,55.83,22.77602523659306,2.13,Mid
ACN,0.5136030337466116,178.25,13.568656630856138,-0.8570446847744189,2.8116738381272066,3.7274237994845647,32.468789561367885,37.74205635355102,-9.03389976477096,4.964262821516229,1657.4,22.113564668769715,109.08,Mega
TRT,0.5232030185791576,10.600000381469727,14.83658473741151,-0.2438088109223127,-4.506221551346619,0.7038788702607662,3.313841568908097,86.8424286240902,-23.076918816347728,8.40970289293109,6.45,21.617845876520956,0.11,Micro
THC,0.5187909608639252,259.92999267578125,14.306359124964022,-1.2397373855164202,12.928098184837847,3.9017379157792647,41.50470315240979,2.2490812628172923,11.462262468792852,4.9351220298944165,358.11,21.36547994592159,20.93,Large
ANET,0.5257482887901627,191.52000427246094,14.362178222925968,-1.0102824174042695,7.713810857448122,0.5573497927682134,4.9022274136732795,2.7165687351088397,30.232563206626246,5.779479066655733,1603.87,19.499774673276253,241.55,Mega
ENTG,0.5132716182399292,144.2100067138672,7.914741281212795,-1.144668392812559,0.12783538953333626,0.4357939224118485,2.6325488720702674,36.50514412759225,2.0881028184363175,6.9545074786638645,477.56,18.94997746732762,21.96,Large
DXC,0.510988468093634,10.90999984741211,12.018212257667518,-0.95921331504139,1.1285413499766503,2.2572804257170467,19.1048038096132,39.97295296434976,23.69614767194822,5.787612493485868,55.98,17.999098693105005,1.74,Small
AUR,0.5334842894717068,6.980000019073486,11.998380570635746,-1.0728068266815118,8.149984704115198,1.6796685705011467,13.866229830754737,22.721882891158064,13.311691425978719,6.718173928002293,193.65,15.763857593510588,13.69,Large
NVT,0.5217472543867417,162.3300018310547,10.763243642097958,-1.550756740258119,0.5850280745928191,0.4574177177296189,0.47284800184664605,29.516588212081068,2.281014336207793,5.8721908828435945,349.83,15.200540784136999,26.27,Large
