Ticker,Win_Prob,Price,RS_Rating,Bias,Vol_Dry_Up,Vol_Z,Up_Shadow,Dn_Shadow,Turtle,Ov_Supply,POC_Dist,MA20_DP,ATR_Pct,Dist_52W_High,MA50_DP,VCP_Ratio,Dollar_Vol_M,Resonance_Score,MktCap_B,Cap_Tier
IMVT,0.5713343255390806,40.09000015258789,44.699126978440674,11.225170672970105,0.6549388083066946,0.310287601174648,1.6961843416578888,1.272133498576603,1,0.0,12.73902869579738,-8.068139737089377,3.6589081309626903,-1.6678937883838376,6.105151846776577,0.8363739146821965,80.31,69.36694021101994,8.23,Mid
ZVRA,0.6188687127976932,14.4399995803833,63.1126998056448,8.730843347824141,0.7663148916201146,0.4973274978784192,0.9002778269365047,2.8393342056650726,0,0.0,30.56056991160706,-19.22714446439131,4.084883092668154,-0.9602218384481674,-0.5934759806953763,0.9513921649026764,25.98,61.92966002344665,0.85,Small
ELVN,0.6004349159941456,50.91999816894531,217.641737886281,11.821153131622422,0.9415008214588961,0.4690848128413721,2.8672485303262727,0.834641108277564,0,0.0,1.6773089200507356,-32.9011877975596,5.279290666628538,-2.8058813472052053,6.060605797089328,1.0409334466962457,73.08,61.18640093786636,3.64,Mid
CYTK,0.5803059378656569,85.55999755859375,28.57481457359605,9.340452827471417,0.7750928793353804,0.014368229978018003,2.156382974903728,0.011681284620159302,0,2.931858490447074,10.987159972700828,1.8606627987896842,3.829392608867789,-3.114030207218874,2.306050792295074,0.9036216211804321,244.91,60.60375146541619,11.62,Large
SAH,0.5614538700896787,87.26000213623047,33.1207748869266,4.693432802206203,0.6851527350770374,-1.0673328977571612,0.06303037339981309,-0.28650010758289296,1,0.0,46.04413830400109,-2.9819833412797347,3.1322659467325584,-0.4933536658770268,-10.572877762597638,0.9051932858175551,24.25,60.412661195779606,2.76,Mid
TGTX,0.5981331419136694,58.060001373291016,88.26357096107157,12.03195605450267,0.9891067992533719,-0.12912765737815737,0.7578343373994749,2.1357245076054543,1,0.0,96.5470533950018,-23.30677451613997,4.575561344628474,-0.7521344046178856,8.504874174681165,1.2209491349496546,146.09,60.1723329425557,8.89,Mid
PTGX,0.5836416866082168,140.85000610351562,51.533512557482595,19.839708842733565,1.0698192287359918,1.6602875500750751,0.16329124428180547,1.3489483948438832,1,0.0,15.56449727390359,-12.733622792658622,3.8257521579048355,-0.16302503866767412,3.556812929402215,1.2746550548757642,99.66,59.56975381008206,9.06,Mid
UTI,0.591814924089142,51.20000076293945,96.09038564041117,22.2803393152006,0.8056975646417063,-0.07342057405857605,0.097654758426804,2.5976597875198038,1,0.0,28.09607005000191,10.167547248342892,4.087611439795833,-0.09755948694550494,-3.303046759506096,1.020124342110305,61.52,58.87924970691676,2.82,Mid
CLMT,0.604772443481688,37.16999816894531,80.09909648583968,7.374983853827609,0.781547820745172,-0.6919842529517937,1.6814636286567233,1.0761305646365846,0,1.409162920997543,6.078759125868948,2.132499400130524,3.8885026640278855,-4.077424080035906,0.18303099702923978,0.9967557440880425,34.15,58.62133645955452,3.24,Mid
CHEF,0.5610705128000286,98.20999908447266,47.38426822942441,5.955905508078401,0.6940012827101071,-0.5646814585370731,1.282967261952505,0.5142092327818797,1,0.0,4.412079134118181,-12.397823137171866,3.1957760230279937,-1.2667157140393719,-19.476523664450305,0.928699172695935,51.03,58.528722157092616,4.0,Mid
DNLI,0.6004349159941456,26.309999465942383,51.67987961895071,11.017340803900792,0.7756361074078916,-0.48951685423975866,1.7103792172434809,2.185483749864465,0,0.0,2.8940155648066423,-10.963111369639678,4.55448754133249,-1.828357406899778,3.7532206730726347,1.0783054864626167,50.62,58.34701055099647,4.18,Mid
ETON,0.6287548068141932,37.7400016784668,122.07454928296065,11.261796212103821,1.04234593522193,0.10376184282941446,0.26497690611595187,1.2715960221287466,0,0.821584810754326,113.82437673089983,-8.444905810536595,3.9773823464199234,-2.2659587257386393,-5.006537049220734,0.9068623797216949,15.87,58.3411488862837,1.03,Small
LOCO,0.5526977210324291,16.229999542236328,47.23866326962227,2.0497959388123848,0.7934391882490086,-0.4626573137160136,1.4171259932793892,1.1090592128253902,0,7.491763244597426,27.59433334313488,-13.16932480865725,3.3205704995594854,-6.724138516535959,2.593657447284612,1.04973262537069,5.74,57.68464243845253,0.49,Small
BAP,0.5520769957129519,386.4700012207031,31.2850537895931,3.3749946440428493,0.6188169755052797,-1.0528971085557892,1.1385085213794552,0.15784300649785288,0,3.1593154311075464,20.81339945706952,-14.5891435016505,3.4911232077117424,-3.232511268526112,-0.21022149924277694,0.9534035642852249,188.53,57.66354044548652,30.7,Large
TIGO,0.5970721848938598,92.94999694824219,60.99326780300449,3.869832998514206,0.9596093707395333,-0.31946566382928376,0.860681095228734,0.09682231398003152,0,2.037112487612548,8.89174822344281,-13.440590961303512,4.003842241305943,-2.9242851715180884,-0.7716892681604675,0.9890047036409604,171.06,57.21453692848769,15.57,Large
LMAT,0.5544631127630717,105.69999694824219,22.447516270705158,10.95889510211403,1.1593423357336186,0.6832476704979089,0.40681203177543146,1.4711450804700612,1,41.674255278725894,-6.582603229789194,2.6672355873168265,3.1730641429067403,-10.210013597795072,2.790078687484774,0.8775831145816319,33.96,56.978898007034,2.42,Mid
LINC,0.6064714623651685,55.68000030517578,128.83866684360842,14.0084147272743,1.0083075528652279,0.6578123503328723,0.12571784202460698,2.1910941343292483,1,0.0,23.486360870516044,3.8341322946341156,4.377052873508589,-0.12555999071383525,-3.91512814106437,1.0503481008955042,29.9,56.48300117233295,1.77,Small
IMMX,0.6063233894627948,12.020000457763672,111.33403588592769,27.763609760960755,1.4764040551346282,2.873616441796789,0.9567368280283116,4.534110278644713,1,0.0,37.84403772135252,-6.557376949778354,7.600426979492989,-0.9476701189916984,12.192721353922604,1.143566631376138,19.66,56.06447831184056,0.86,Small
ELMD,0.6164335423059392,45.70000076293945,56.82044273972695,14.291432682134783,1.6304838416675567,0.4541689364422844,1.4004446250484774,0.6564534618066519,0,1.745466443502007,80.91844951718447,1.4592710455982818,4.159112844765184,-3.443906623750226,-0.9026669794324291,0.9502757475526564,3.42,55.96365767878078,0.38,Small
CAKE,0.5508507152235185,77.73999786376953,38.610522642396106,2.3110094991701793,0.9254616973201947,-1.0703420540195765,0.7074904384671519,0.5274037475825322,0,5.799240231037551,25.473812923670973,-13.836385764052967,3.2737327936069547,-3.9416809951041363,-1.5998708906948453,0.992434762895663,100.13,55.712778429073865,3.86,Mid
MBX,0.5949545861302374,62.0,92.91721644254758,36.23978260940635,1.0191632852731103,0.1257400876431634,0.4032258064451093,3.0967773929219526,1,0.0,18.524179644681414,-17.2721186133314,5.957489628945627,-0.4016064256963598,9.49386083900849,1.2975276832909413,52.49,55.709261430246194,2.95,Mid
VMD,0.5532654202417702,12.069999694824219,57.14573706087429,9.667451874398344,1.1245891606441405,0.10224403063023964,0.6627997160077125,0.41424389660792443,0,1.1838521460586422,3.7833153569716838,-4.8144386091499065,3.3672616703597607,-2.7397272904188994,-4.952584597627496,1.0139564786598214,3.51,55.57327080890973,0.46,Small
DINO,0.565826407285797,73.94000244140625,50.49607307281461,6.741738057909533,0.8919519309436342,-0.4371001430739957,0.1487700929375067,1.9340008898290812,0,1.9137981731554468,45.8326270388362,0.18209448736176545,3.1724556048203123,-1.5052581030992396,-12.882092407236234,1.0504794313827865,176.62,55.52989449003517,13.33,Large
OII,0.5970721848938598,39.880001068115234,50.454120413249704,3.812266904783891,0.9294858373301613,-0.2492501853048735,0.4012032174593397,0.35105161959701897,0,4.39323065221525,-0.37471325443924536,-6.0296036923412775,4.114128207030431,-3.086270742746185,1.2365099361954828,1.0775133187398538,42.78,55.50879249706917,3.98,Mid
TRNS,0.6166046499042677,87.37999725341797,42.84035605547718,-3.8263656213069894,0.9596038111774267,-0.21417150038305147,0.6179827227054647,2.1744037035756607,0,24.76112346906043,8.789837631138331,-4.035568702946506,4.480430245676965,-7.788101220306909,5.277567907626418,0.8988313163117667,15.52,55.45134818288394,0.82,Small
BFH,0.5689735589058204,102.36000061035156,26.65842748780687,-0.01513947676120243,0.8155935970335366,-1.263470189717802,0.3956611731906938,0.05373222435256786,0,9.22140734515651,43.39017805333215,-11.63428647019504,3.26334326812841,-6.869259212200286,7.967875669007561,1.0733602127794644,69.73,55.42907385697538,4.14,Mid
ACRS,0.6063233894627948,5.619999885559082,85.11009835537307,17.266559478760463,1.2857285675238592,-0.17315510224740366,2.402139352434962,1.6014262349566415,0,0.0,26.862304809571967,0.9174302894254921,5.2808837579345695,-2.345790202846815,4.615385259289451,1.1718748943464419,8.84,55.086752637749115,0.78,Small
OSUR,0.6219106911190484,4.320000171661377,71.48382472100103,0.5469610214342342,0.6735500692792149,-0.31304425086700305,0.34721911773338876,2.5462992851372426,0,7.5960383382934955,38.019169754977014,-3.4653432617045996,4.852842839477492,-5.676850574650709,0.3278685447973133,0.8746736887134966,3.14,54.956623681125436,0.3,Small
CALY,0.5766687152243873,18.170000076293945,45.00534800575258,2.51636228193017,0.6747215353143186,-0.8509448953334346,2.008804455506218,0.2751746661962219,0,6.129490003874201,44.3208884482489,-17.432425247349332,3.5910827800250287,-6.146696779337243,-1.0568021385290565,0.8419547976303263,51.33,54.909730363423215,3.27,Mid
RLAY,0.6063233894627948,19.739999771118164,131.2915027916469,18.07279228216415,0.9214853649152274,0.6907395314332042,2.2796391496167008,2.228969765898691,0,0.0,63.54598400650736,-9.541419512429444,5.954913524348407,-2.228829871292368,14.115308765815197,1.2158998043121843,88.36,54.8124267291911,4.3,Mid
HZO,0.5909292685573748,35.59000015258789,37.77022561845871,1.7598537996826993,0.7017678211037034,-0.7467820370783682,0.33717036068253103,1.1801016216151148,0,3.9901824470971246,18.633333841338523,-2.905566155697179,4.128365871620348,-6.685892180915405,2.9709690855913564,0.9664393981581394,12.03,54.730363423212204,0.78,Small
DNTH,0.5972378904505123,95.76000213623047,131.30186988312994,9.69512241366956,1.1117607985468967,-0.21775077440090945,1.1695855181607788,0.9189611881554409,0,1.1367733222539633,0.42999860374025484,-1.9376444133422224,5.721893824830894,-2.9787182400052665,2.248938599317672,1.1104513664569504,92.96,54.5662368112544,5.23,Mid
PRMB,0.5583005588300083,24.899999618530273,44.61840619888364,2.6423158706756107,0.8419264265003618,-1.012938671199182,0.923700614856876,1.024093030774962,0,2.291112938451064,10.540302193484388,-5.228753009352127,3.1110147940768718,-18.31242417611728,-0.841168154313004,0.8921729302146789,95.57,54.36342321219227,9.04,Mid
ALKS,0.5758355266774419,55.220001220703125,85.37108238840494,13.648292828592737,0.8123832859138964,-0.48139210729705806,0.5432800261196629,2.843172147933893,0,0.0,56.16515912608876,-3.4579429172517746,4.171624108459852,-0.8083293749507043,0.5897987727322815,1.5185819080958216,131.6,54.30011723329425,9.2,Mid
TNGX,0.633480336768405,30.1200008392334,227.26125266016112,-0.7480122645280688,0.7245434101417915,-0.3369914775266409,1.6600265141165433,3.087321039529125,0,17.348417525774334,-2.6188149302431483,-53.01682286948858,6.587672515920239,-12.416396121182155,16.428294789192037,0.9070217730288274,135.9,54.25908558030481,4.9,Mid
RCKY,0.5703316152341311,39.84000015258789,29.409966405130916,-1.0014146836458897,0.9200292442674998,-0.34848173078241046,1.0291160788943567,1.255020075483035,0,45.39861877227488,-13.09328663803907,-7.076095212615642,3.7650595426119455,-17.91152549313857,15.31178102720955,0.9323074474488432,2.64,53.79835873388043,0.3,Small
ALMS,0.6046796442988928,29.270000457763672,216.8277338367442,20.393223865389825,1.516884240163658,0.15964562500166946,1.537406383798286,0.7687064500962782,1,2.8138894077828174,10.871215456799552,-26.705143205360393,5.725511134330161,-4.346404925105789,5.001920925198215,1.1202507225937632,38.18,53.72098475967175,3.73,Mid
TVTX,0.5557149825452319,57.849998474121094,36.35279458503751,6.133154469057242,0.7625884232787327,-0.42257993406092315,1.6248962250370784,2.299045897001016,0,3.3469551688818946,98.72894970865185,-13.599649324028748,3.4891344475697426,-3.743760494322486,-3.184711530494042,0.9367134368591784,133.42,53.534583821805406,5.38,Mid
DCTH,0.5836080546668054,13.4399995803833,25.04659645072318,10.107524733577494,0.7968165567432467,-0.36565450677112626,1.2648815594415976,1.4136873980746452,0,0.8665845293676869,3.86398776024187,-9.840676505422833,4.303781893541702,-2.183407537921779,2.4436110946233733,1.0720402792470682,6.88,53.5052754982415,0.46,Small
BCAX,0.5949545861302374,30.399999618530273,75.5634139664225,21.975683802698516,1.5006083457378883,2.5355911058050213,1.9407899999079246,1.286512943106456,1,0.0,13.137322921148867,-8.450002669865587,5.165201445551582,-1.9038404547479741,5.516638443121486,1.3694409669462009,21.92,53.01641266119578,2.0,Mid
OOMA,0.5618324369935249,20.200000762939453,71.2997682355178,11.273313057670311,0.7517066087495514,-0.3042780544212129,0.9405872253637003,0.8910905859821223,1,0.0,15.892142335661394,-2.45183944451887,3.527227724441711,-8.014564639474447,-2.641509977006862,0.9371965103925527,6.84,52.88862837045721,0.55,Small
OKTA,0.5959734133092894,148.47000122070312,67.48198435080477,19.077027323553803,0.8036479830290248,-0.4137670688947715,2.1452128594231947,2.3034944034508316,0,0.6068271570385388,20.442934423369856,2.0468331200889125,4.711629898939832,-3.0779752671643608,3.1430817475555415,1.2100425687327931,572.62,52.57444314185228,26.03,Large
KOP,0.569949485960216,46.7599983215332,66.09922517147382,6.0461696887807,0.8672737682409161,-0.24422830393775377,1.0265174496488827,3.485879623379902,0,0.6428218937069539,33.51038720559294,-6.370983549535014,3.5256028464831015,-3.845368508062124,-5.640359010562386,1.0163321706771218,8.82,52.53575615474795,0.9,Small
GKOS,0.5850446851956629,150.64999389648438,26.035159268262873,11.782204834832434,0.8205030960625554,-0.39573594203445744,0.5443128824663317,1.3674063339130005,1,0.0,25.301496872613587,-1.447998046863416,3.813616911788815,-0.5413661567339162,-18.863237283097842,0.9188808790209388,163.71,52.46893317702227,8.85,Mid
CROX,0.5848519505648462,124.55000305175781,33.214472974807194,0.33835716228636165,0.8048094267248836,-0.7221156612713034,1.4452051446320349,0.12846540199730022,0,7.793986704244293,26.498074557807527,-4.490993446865332,3.959397078240806,-4.037283693190918,2.1492974836993826,1.1084784561637786,151.08,52.33528722157092,6.19,Mid
CLDX,0.5847216249027879,39.93000030517578,37.80535657673853,18.18155139357035,1.2761077298241879,0.975811017342748,0.9266189057041898,1.7405451777988756,1,0.0,28.557633584874566,-9.259257654545417,4.29322876569139,-0.918111510869031,1.9970139617327864,1.3395416692458146,38.69,52.20867526377491,3.13,Mid
IRDM,0.6302244425088719,51.09000015258789,180.30675075179408,7.4647127547146646,1.291659569676705,0.4422050277615042,0.19573003292322594,0.19573003292322594,0,12.18183932505403,-6.411430646918519,0.08445524869556643,6.731817460416423,-10.650577334694653,4.54434193225633,0.9375049970354069,142.75,52.17116060961313,5.41,Mid
IMUX,0.6295984763811505,15.359999656677246,153.43605580291091,7.944760531531954,0.5648671241061795,-0.0803958582542034,2.083337601759595,2.669269899411638,0,1.3130865290285632,68.23657681778091,-8.535623803878098,5.8547240172282615,-3.0303061316695787,-4.7930235915928465,0.8122978009584328,3.9,51.722157092614296,0.21,Micro
HSHP,0.6049317403630085,14.859999656677246,67.63849263369535,5.6039678328375535,0.899823089057885,0.07942110319433418,0.8681067747580836,0.3364750463438353,0,6.064451186661752,56.74437305229365,-4.0328113843294835,3.853154413953172,-7.184302478830613,-2.0194516051684497,0.9702972151990236,4.74,51.446658851113725,0.7,Small
OBT,0.5996355180724867,36.4900016784668,19.25286773709376,0.047985329973686486,1.1709280581991264,-0.4549196287617185,0.7947407568647209,0.46588647798895433,0,18.563898532728516,-1.2449230716162323,-5.303894545345038,3.8307956405552646,-9.002486117035684,4.320990297018422,0.9298603958622045,2.51,51.410316529894494,0.49,Small
FTNT,0.5799125060885153,158.6699981689453,93.70774374783966,6.408161866274822,0.8220262895753943,-0.2953002708510681,0.4915951642291535,1.8844176767189365,0,1.2495048360069876,9.631730016459501,-1.1197196972463959,3.885425257712307,-2.9956648137399506,-1.8728798723242168,1.176010784379427,1038.16,51.220398593200464,116.25,Mega
KFRC,0.6236403040577114,54.400001525878906,67.56235807195003,12.553883565130286,0.8897394268957134,0.9489919736772575,1.2132349795725743,-0.0735240803445854,1,0.0,19.554388791936823,-6.0021947383072085,4.108455887324905,-1.1986920285844398,-41.104866535713,1.0445560920712837,13.66,51.12778429073857,0.97,Small
FFIV,0.55554729902847,417.1099853515625,52.50482109112495,4.678940377709482,0.8620282045054624,-0.8144699082747746,0.6952588042295734,0.4603061488766286,0,1.1857363670022203,46.72505527725222,-0.7143758777131214,3.2704612970031257,-2.4395431970992,-8.006261654331448,1.1119951231242613,304.98,51.09964830011723,23.53,Large
URGN,0.6069781220069792,37.75,56.19755990780113,12.633612144682601,1.1247351316598604,0.27828870662497046,3.615898485908975,2.185432484549931,0,2.03130697856593,43.80952380785488,-10.689008905037403,4.849575912490022,-4.635592085048411,1.9744942524126703,1.0889410281457004,29.39,51.043376318874564,1.84,Small
DHC,0.6274552969404901,9.199999809265137,75.28859853498162,1.7248993856652608,0.7529003727922249,-0.35399754811017803,1.3043466090639377,0.7065275586755031,0,6.7377289507450655,37.29507370822951,-5.861664895588714,3.936335248397291,-4.761905231526339,-6.197183986881441,0.9574475353129474,17.3,50.96131301289567,2.23,Mid
LQDA,0.6117496868269847,81.2300033569336,148.6655025438481,10.573425234942412,0.7184723782752632,-0.4224338140834458,0.9479214714216824,0.892534868330539,1,0.0,14.295769952995139,-15.165731793163372,5.335818733182436,-0.9390202964109952,-4.671649873794756,1.0743023729177548,166.2,50.61781946072686,7.22,Mid
ATEN,0.5995184586690846,36.52000045776367,101.5364493564384,7.120335966616693,0.9061477186463244,-0.6612389377701418,2.1632007272819407,2.1768843344976947,0,1.7528676691017528,70.54214004025742,-3.8927070523332983,3.94597852139238,-4.871057466961788,-0.2253948394764972,1.199421984488863,42.06,50.34701055099649,2.63,Mid
ARWR,0.5567280408932104,86.97000122070312,18.264479855030213,9.863318890074241,1.0269469656745853,-0.26421977486264914,0.6898913023946995,3.4494652844173563,0,0.0,34.795421180018515,-1.9564925117049006,4.700471546427959,-0.9791649691594271,1.2365566533126207,1.0513976635244284,179.9,50.328253223915596,12.25,Large
CLYM,0.6073145616129881,13.420000076293945,247.83788989542134,10.774057012819169,1.3014780836400799,0.6479787944638835,2.1609535035971765,3.8748099932515796,0,0.0,2.5993895607421527,-8.436013018707673,7.273258958107262,-6.902531308520038,1.5521101574527312,1.0058330937027657,17.13,50.050410316529906,0.77,Small
CNC,0.6009951835876723,66.12000274658203,48.22877188462022,2.5784268253385343,0.7167294606694755,-1.0976072061748632,1.1569863246510725,0.6957033656346576,0,2.0246585156194534,81.64835157701008,-4.588481511772938,3.5082318878908287,-4.5749720407193575,-30.66439140186007,0.9375143707247433,406.53,49.87690504103166,32.65,Large
WLY,0.5901180892919002,52.290000915527344,70.10100521672629,12.842589945481361,1.0406575145654304,-0.46167935821016204,1.3195686160107916,1.5299277549021624,0,0.8291017301311573,9.251523004378807,-0.022639714128518007,4.815479781620483,-1.7474638929480653,0.9438586259595536,1.5095029884829845,25.46,49.81008206330598,2.65,Mid
SLDB,0.5969986118221416,11.149999618530273,94.55837731808994,30.23418418602371,1.2360429789234688,-0.05732468442560903,1.6143525678735788,4.753360996020547,0,0.0,33.853538058990196,-6.567165219114342,6.512491838783606,-2.620089045467997,11.678832200052772,1.405920580177194,20.58,49.73974208675264,1.1,Small
CVLG,0.5957721394760039,44.150001525878906,88.75695041669245,-0.02830153365794573,0.5693878614548005,-1.2142174714903005,0.29444450491994956,1.268406237653428,0,10.132961764636422,-1.910679466130439,-4.434743301541338,3.698429411242076,-6.223449853778201,-11.766588112931544,0.9806301771743258,8.76,49.49706916764361,1.11,Small
VLO,0.5503118810481357,266.2200012207031,52.76884810100113,4.469440980440384,0.745549398328161,-0.6538531439779177,0.5492865991679714,1.9157110961277601,0,2.277603185553399,11.517070516386484,-1.1140669306183197,3.395421993201645,-3.1645612476614025,-8.018650103274535,1.09632954314726,817.04,49.4419695193435,79.05,Large
STGW,0.5990804974316194,7.699999809265137,52.76191417977327,11.095077413231817,1.1557007612374763,0.02966770653883607,4.870129990134213,0.0,0,0.0,24.999999995941558,-2.95031142085053,4.8098322055116896,-4.643962957414449,3.686639623354952,1.1743262706370525,11.96,49.31535756154747,1.91,Small
RVMD,0.6128879642484036,190.4600067138672,130.9988278824346,12.52611003775679,0.870927418025835,-0.5026313434492926,1.291605254829648,1.753647075572589,0,1.4373003580472188,39.735878539302455,-3.1092940578038726,3.8534152111701907,-1.6676109694920898,-7.168351945153027,1.238153168239049,592.31,49.26963657678781,40.49,Large
WT,0.6084295732204369,18.489999771118164,38.284191251708386,3.940635985123235,0.8143113882208904,-0.6256492262431249,0.21633810719491076,1.5954574360719471,0,14.090133771657435,33.139321164705514,1.1551209476600026,4.015684380143739,-6.851388333234641,-0.5322260560660733,0.9943760951948364,57.79,49.140679953106684,2.83,Mid
LGND,0.5677909912954313,319.42999267578125,57.99499251098481,13.808389154310488,1.3908065815046653,0.1601330151060962,1.1997995238750099,1.6936429847348575,0,2.1424732787962024,14.310760766120845,-7.822781977238222,4.475996407458299,-1.1855750006618875,-0.42454536013542293,1.3272719421377104,111.75,49.13481828839391,6.4,Mid
AVBP,0.6035305146459795,34.18000030517578,54.2981517658397,5.291531117261199,0.8293824361946602,-0.41500147130856224,1.3458247368324532,0.36571093879544087,0,3.815850892785576,0.5294126622661387,-0.6260314058096756,5.019644351469105,-4.605083565479367,-0.290323072854798,1.0163012265927067,19.26,49.127784290738575,1.59,Small
ARKO,0.6186433386542993,7.849999904632568,67.24633707759575,-0.6140408159639408,0.7413680086997675,-0.4784879766343018,0.0,2.101910367344537,0,8.950478228164156,1.815821864782833,-15.220298771789723,4.2265687749617635,-10.33695257424645,-0.9174305879083315,0.9766932971020483,7.34,48.76553341148886,0.88,Small
RSI,0.6044568675499238,32.310001373291016,57.293863694976224,8.009631377003187,0.8505651645927832,-0.6179745547041494,0.5880489589213259,0.9594594865529252,0,0.0,11.069100047103223,-13.236423383617604,4.47782603790433,-0.6457536331801144,-20.49743031300912,1.0764629219156268,88.25,48.68933177022274,3.33,Mid
DGII,0.6212388924678298,70.16000366210938,52.5291542576255,0.8176391960109494,1.3140321417473864,0.18453428462040283,0.0,0.8551967961642402,0,10.74877354763536,-0.5527985439728373,-4.139504902532013,4.001058129483582,-8.179557257392842,0.4087427410008263,1.0884596173616738,26.33,48.65181711606097,2.65,Mid
KNTK,0.5703839058446263,49.119998931884766,29.77496089301026,3.6319699229323725,0.651313121807802,-1.0525215449859326,1.0382779871948113,-0.43770390321395697,0,12.699482436749223,11.744556704972213,-4.9789778011198615,2.995580291918206,-4.639874718463979,-6.827316684734426,1.07008293180683,53.12,48.541617819460726,3.62,Mid
PARR,0.6386910403084337,61.459999084472656,61.55134293655442,11.506221289467318,0.7527160999871146,-1.025844519991946,0.4393108717560852,2.9124587169952973,0,28.021725042349594,0.11402458954068964,-0.28745930263719527,3.9351947457868928,-12.686461688422975,-2.9471660548775453,0.8679085714625779,65.27,48.52520515826495,3.08,Mid
RXT,0.6269229552700264,6.760000228881836,584.0164355408797,8.913686169549559,0.48106251613711215,-0.11801309944824556,6.286977802442087,0.7396477667832458,0,6.0361121136154186,393.43067163641757,-15.621682152531033,15.282122025244638,-21.39534965996692,14.117647215514584,0.9677236292071913,184.44,48.458382180539274,1.68,Small
EWTX,0.6055597551461416,43.130001068115234,71.57122569157677,14.154890913868554,0.6082022872581421,0.04276295540584421,1.1245086907703892,0.6839744067536238,0,0.0,27.039764649803686,2.135426575592713,6.226689216478689,-1.8210772398926691,0.8645547925476915,1.25566902010192,67.68,48.36811254396248,4.64,Mid
EPC,0.5978651449664735,26.610000610351562,50.08903852986488,8.706921014184957,0.7668705317435831,-0.9544893306268591,1.5407735362366264,0.43216748769673574,0,6.586248683712976,1.4874191731330781,-16.29190516230055,5.783272506795268,-4.998213520315203,5.052638220618697,1.1134011249555928,26.76,48.06799531066822,1.23,Small
BZH,0.5858686164660217,27.420000076293945,25.378628978417094,0.08395097845679572,0.46742925523611983,-0.6125486997187745,-0.3646986914217234,0.9482138152768931,0,7.582155202384289,8.982512887512868,-5.4314399246253675,4.13410262730069,-7.9865745691928325,4.3420449953202365,1.0696278709151326,17.54,48.03634232121923,0.75,Small
TRVI,0.6063233894627948,19.5,53.97458063023897,17.885319449519788,1.7305038753818158,3.7186031983521515,3.333331376907385,0.8671785011824924,1,0.0,28.036773380337937,-6.601651308413817,5.478058629856878,-3.225804619372126,3.0302985495898564,1.2593828934876365,36.63,47.769050410316524,2.77,Mid
PNTG,0.5909248505856237,39.70000076293945,32.62303891532081,13.428573298946425,1.5347031860024265,0.8786293896491946,1.901756269243583,1.6876623948359177,0,1.4145979163858786,10.554165779800003,-3.5950785951637156,4.098413751721195,-3.990321093178248,-4.018595350066127,0.9500908509531494,11.88,47.70222743259086,1.38,Small
YOU,0.6306740566059037,55.90999984741211,54.2988433470448,4.742060472235725,1.0112538500361392,-0.11925550996816901,1.5203045807958453,0.9926673344313088,0,20.47223630137327,21.470305376145685,7.571331761367679,4.618775069192499,-10.619930043587244,0.669762451213453,1.0211247098095237,85.38,47.67409144196952,5.63,Mid
ESTA,0.5668998249240389,91.04000091552734,22.219922180041785,6.642304056626523,1.1498710600040014,0.19727148826276247,1.7355028725267234,3.3391925361629293,0,1.1859217900085097,3.009734945399544,-10.536942656706897,4.290106742445025,-1.9388146201480019,-5.3900404771808255,0.9232124584493419,59.5,47.59671746776084,2.68,Mid
PLSE,0.6221051766499303,28.030000686645508,99.30654582419498,5.019625407840203,0.6473456980739641,-0.24563889446333598,0.8205477580944285,1.5340716897139002,0,7.0363241259651685,35.08434065684175,3.789968761651296,6.343968158584083,-9.58064294599576,12.701030612697089,1.1329186928986363,10.04,47.44900351699883,1.94,Small
RELY,0.6146169664801963,24.1299991607666,72.49768619703583,14.59915888085268,0.6152666366802377,-0.5934774055560158,2.279317265505783,0.20720778614766572,0,1.6654835362856988,1.5999964663183226,-1.6515687712604434,4.089456223592082,-3.1701481263122435,-6.989249115808287,1.096104791704315,122.18,47.3915592028136,5.08,Mid
VAC,0.6187838780634329,99.3499984741211,62.532385678381885,2.9843146391373874,0.7216518054714098,-1.5143804740408047,0.7045843868955989,0.31131923406554235,0,3.741139290790159,50.09198347322293,-4.346853818821974,4.10161006501293,-6.24705357201244,-0.9674740566550586,1.0952386578244593,50.31,47.339976553341145,3.41,Mid
MUSA,0.5899693074251543,575.6400146484375,32.38091001412933,2.2928117508937467,0.8065455808784464,-0.8370672541474841,0.6358093689439153,0.6080188852283811,0,12.34468746265089,45.244108116684686,-13.91008731271229,3.352914210972168,-9.497676959959229,-10.368647315194066,0.8252751216185815,192.14,47.288393903868695,10.63,Large
FSTR,0.5990400218520163,42.25,46.56870346573348,-1.8035593840301316,0.7220752787184033,-0.06437575916210664,0.0,1.278108675774113,0,19.551556087551294,2.6981055585622533,-2.071791484233141,3.9881663511893755,-7.771231753965675,-2.0673585993482266,0.9782611231158476,4.81,47.21805392731536,0.44,Small
VSTS,0.604136290470923,14.109999656677246,104.40890843255066,4.205898118769026,0.6701784264411743,-0.293138789131383,1.4174398851287908,2.3387663480665064,0,4.555934079993946,17.58333047084511,-2.645908083998263,4.179407549537888,-6.308105819432315,-2.315792284270007,1.0856411781279647,23.16,47.13364595545136,1.86,Small
AMN,0.6179024355266007,33.25,109.87863026610172,4.1324124839259815,0.750336179947957,-0.49666851777406196,0.4366881865176466,1.7443664091345683,0,1.375627091013884,70.07673297637713,2.8084609718213507,5.0301204562571336,-8.326441741287518,-0.8871285840136639,1.0305936466140075,38.08,47.00234466588511,1.29,Small
RXO,0.6507873889094763,26.8700008392334,99.23913801602437,-0.6948002752548241,0.5087327276816709,-0.8254606674082768,0.6326761108224389,1.786384200130868,0,11.332609786966266,106.85143426951689,-5.5472812256320685,4.867883838790846,-10.01339487575726,-3.4715031230295192,0.8460898304316554,65.94,46.87104337631887,4.43,Mid
PEB,0.5625872451996957,18.389999389648438,49.402012128660175,-0.3299684710513588,0.7790757776006839,-1.1143667764971865,0.027194498536946585,0.5165813839167424,0,13.561392549142099,28.48822255682615,-7.637669344550105,3.438144726081797,-6.886079039406084,-2.256190006713495,1.1012864251139172,50.41,46.839390386869866,2.08,Mid
BJRI,0.5796050376072748,60.255001068115234,36.61274186681709,10.490198347172166,0.8600754567323706,-0.1598984531323247,1.2613033076896811,0.0,0,1.8258270867036317,0.6598737950710376,-22.258359229445805,4.038194580515308,-2.9241157332099825,-0.23492599676148201,1.248489501582565,27.52,46.76084407971864,1.27,Small
AIR,0.5916010957227011,136.6300048828125,51.75927308316837,2.512355739258849,1.0037966139280352,-0.4692517856414547,0.0073261840497715796,1.449177278454969,0,9.282770356128662,-4.5479911517040605,-10.595793244039518,4.075657336758516,-6.896078444373792,1.525695089686909,1.2539471981298203,58.95,46.587338804220394,5.43,Mid
EE,0.5604997249457822,38.779998779296875,27.418123484187507,8.62440363009232,0.8097364425743395,-0.9271647764968122,1.650333702366192,-1.4956210657473554,0,14.43549517535053,8.80574706406331,-6.267454192960366,3.1063491426444436,-9.780076165601132,-4.74189737151802,0.9958931472098256,15.05,46.555685814771394,1.23,Small
APEI,0.5984538654071886,59.34000015258789,54.12059228101922,10.451373015325036,1.1495324461664245,0.22064143252450233,0.2864815782024124,2.0728000321077826,1,3.0221549694690624,2.913632170642551,0.9876551617917827,3.912080494538609,-3.653190443885602,-3.9506667025108437,1.1289133049975706,15.58,46.35404454865182,1.09,Small
ERAS,0.6134386643815104,18.360000610351562,401.3918632362389,18.627644607235634,0.6627646697325774,-0.23690921629931344,1.198253300811285,2.4509844659875886,0,10.440707328453204,85.45455875707087,-17.376774245040046,6.634375927183332,-24.382207201939014,52.60347154204521,1.1004624729456334,128.38,46.33059788980071,5.71,Mid
CGEM,0.6076825036807232,18.15999984741211,69.41786203192233,13.88793156371502,0.6656426530751636,-0.4876348670122966,2.147573749470811,2.0649779908053776,0,4.993488599080712,20.825017763416266,-1.4063625251689769,6.551290228634265,-6.536286349722831,-0.7722037292267664,0.9715227607391798,21.41,45.459554513481834,1.12,Small
CRI,0.6198857804590647,39.81999969482422,11.599623861165021,-3.7222413778336843,0.8194551315980908,-0.5167379331991773,0.703161178894327,1.6323493994076288,0,17.544140670300358,20.359559889039947,-12.045044394112129,4.272797633634085,-10.072265599196918,5.14706801882269,0.884511447879831,40.59,45.16529894490036,1.47,Small
CADL,0.6259047892555122,9.850000381469727,71.03740277261026,8.194203736034066,0.8569448707248489,-0.03086380125986029,0.5857883748737477,2.4365554870395263,0,3.738598406663412,18.53188789295803,-0.5875462912362054,6.6517041696022625,-13.292247541460453,12.215911051878486,1.0889362601705175,20.71,45.146541617819466,0.72,Small
EQ,0.6306740566059037,2.880000114440918,78.2065263116005,-0.3115220576711279,2.3479796250482776,-0.3280110531145125,3.472218771673859,3.819440648841245,0,30.891415826960138,-6.493500459556799,4.421772512467405,9.548609312525258,-18.64406368185917,5.990788470525401,1.0028962814802824,2.29,45.12895662368113,0.18,Micro
AMLX,0.598534557272567,18.170000076293945,49.0780509219646,12.30607495054195,1.2483946520915175,0.2079041455721572,2.3115028866664478,1.5960424562118853,0,3.4713673803909586,9.788525159009266,-9.53453818892964,5.665539977833727,-5.117491183847691,7.62124548502426,1.2688091496882556,25.94,44.961313012895666,2.02,Mid
FLYW,0.5656294440153087,18.549999237060547,23.424456778020986,13.967986066643533,1.0313669449325285,0.30067611769915853,0.4851760446611231,1.8328747126935492,0,2.766002828748869,5.939457421616089,-2.152780748662349,4.1413171185141735,-1.9556069647031322,-1.6553819988241754,1.1331387208759627,46.56,44.9179366940211,2.29,Mid
DRS,0.6015111504983954,45.470001220703125,21.231700558614985,0.34315986001442644,1.7877795941278871,-0.8590291258910583,1.033424700355336,1.7374028581574072,0,28.96554034469851,4.002744627397859,-5.157090302655352,4.018330848928261,-10.120575047125497,1.8836051768569058,1.0648602156173592,48.64,44.407971864009376,12.13,Large
CRS,0.6010098123162226,590.3499755859375,64.63722234926372,2.351736654823635,0.9268414099067481,-0.41408182794355275,1.063780732883282,2.403659359399189,0,8.247939950949194,-0.24165291833761365,-16.106282702160634,4.1633903719516505,-5.693384112266188,-0.407821003575045,1.267725987533518,453.11,44.404454865181705,29.33,Large
BVS,0.597685094934622,11.489999771118164,49.333214402659856,21.67098889056782,1.4291946191992437,2.1302538470919714,1.0034828617457545,0.7397740629485063,0,2.6211689328536556,-2.461799392208174,5.8628289286399875,4.5954878196590565,-3.9699153812989323,-1.647784209753365,1.123407205083767,7.6,44.32239155920282,0.78,Small
QTTB,0.6106441516906451,13.619999885559082,285.90144383977247,7.917516304477562,0.32946295229920525,-0.1337868185664547,2.129221470399675,1.9118929558684221,0,2.93650137968639,5.992213861252541,3.5850444365134635,9.732222473794588,-9.320908984311888,13.580248637575442,1.184859202051783,11.43,44.28956623681126,0.23,Micro
VIR,0.6201957812681453,10.25,62.5301420908992,9.013560664666171,0.8071384545655872,-0.34796902790337186,0.8292686647676094,2.829267920241314,0,6.569863952018109,8.008432530364583,0.46242732499911354,5.175609787997469,-12.092623205343584,1.3043499893052377,1.1077896758168737,19.48,44.14888628370458,1.73,Small
MCS,0.5981457735029022,21.940000534057617,34.57692419743592,-3.8330868598377656,1.0576084772097054,-0.044118094234297495,0.6381011223073328,0.4102103481906514,0,27.066699913902205,-11.852145149907802,-10.270270827062475,4.300690412249962,-11.852145149907802,5.31971917569037,1.1980472354459435,4.78,43.973036342321215,0.67,Small
VIRT,0.5892497625888339,63.22999954223633,85.04996654129722,5.9679225187307345,0.7886512498105211,-0.7981240697211492,0.5219070590519838,2.3564729946750655,0,0.9471181031410252,29.19902189665488,-10.425447671116881,4.521587996920214,-2.5431531766430293,-3.029043695710781,1.3526668689028272,85.32,43.905041031652985,5.5,Mid
MIRM,0.6058322600484176,128.30999755859375,54.32372287243288,16.38781229059292,0.7594514531479294,-0.042775015448179125,0.5377620251966551,4.278698439862174,1,0.0,17.543049884447846,-6.2740668090399385,4.733457234582825,-0.5348856134890707,-5.829255887099556,1.264400232745347,139.44,43.82649472450176,7.82,Mid
UFPT,0.5641199735414398,264.1099853515625,8.194136398956985,7.232972909121781,0.977049779006956,-0.11396018793887007,0.0,1.1207419708599087,0,7.3291030059081494,9.972510544699016,-4.944837434947265,4.290420338613295,-5.5028821854622025,3.266027774521933,0.9726727651480108,58.55,43.68112543962485,2.04,Mid
NTAP,0.626758254082126,165.77999877929688,46.47459339212734,4.130548657019429,0.9529671456528819,0.5221088755632886,1.1702270814812077,0.2985855476109044,0,11.690045780460318,-4.882663855988684,3.250714136732144,3.947356690836914,-14.027901672332616,-2.1863423282331182,1.003131806448703,548.43,43.62133645955452,32.48,Large
GFF,0.5711240328927734,92.3499984741211,13.664294350924134,-0.6476477874089132,0.8435850523411765,-0.40081508942017047,0.6497005782655558,0.9312405246906905,0,19.80930262386397,-4.22111571465769,-9.614036515329806,4.005724884370916,-6.119756129221935,1.1921534833134855,1.032990260752065,35.28,43.58968347010551,4.24,Mid
BIOA,0.5951666160668525,24.399999618530273,80.15048669405883,15.249271123570523,1.0638371803668838,-0.22319086556714812,0.20492272618380583,4.159833628997316,0,3.2613909539745816,2.69360009872197,-14.904465825103024,6.533663603931501,-5.991139702125782,2.262177464057593,1.2442475766575019,12.61,43.528722157092616,1.08,Small
KNSA,0.593606494152246,67.29000091552734,50.16643415570137,18.040724999036765,1.0190958587258765,0.34080798289098035,0.35666200104120444,0.40124900295157534,1,0.0,13.665540621944992,-7.166462932369509,4.140819689775537,-0.3553944441052693,-24.92450576572816,1.3276281551782605,56.1,43.42438452520516,5.18,Mid
JBIO,0.6346729081719708,22.450000762939453,48.51642603083306,17.93134656976063,0.9457676715539513,0.49318246962759915,1.113585708208817,0.17816929540136034,0,15.25039920791417,33.47206403049433,9.44510230775081,7.796691134374411,-19.8214258459369,3.2130087081563903,0.9518329714399401,23.97,43.38804220398593,1.37,Small
NKTX,0.6033170407849336,3.380000114440918,70.71988995479224,19.561377105715717,1.3404992133582894,0.9653714354309596,6.213011614083903,2.071003871361301,0,5.7908695344366565,-2.593657446724023,-13.944219355496038,7.368976902984278,-7.39725955610862,7.046981098402613,1.19564255192745,2.4,43.37983587338804,0.24,Micro
MITK,0.6033170407849336,19.43000030517578,84.8558729974352,9.532670229065277,0.7676658932023933,-0.6030010877174816,1.0807981531832942,0.8234680642864107,0,4.356862919967696,0.7257614463278144,-10.476832663146947,5.124621201773502,-7.695957199635628,0.0,1.1764033250270785,23.39,43.29718640093787,0.88,Small
WTTR,0.6228567285866108,18.649999618530273,59.81947163309344,0.10197932185156022,1.1004947598998018,0.4615328037786889,2.0906177773388683,1.1528158550885037,0,18.85169295636645,47.11007139407754,-4.997221582690554,4.2780157852497505,-8.935546701759698,-0.173958606703573,1.199907569952472,36.56,43.24032825322392,2.32,Mid
FATE,0.59645174637297,3.0199999809265137,195.02172137956575,33.98402740513257,1.0833498321638935,-0.13366605435022233,3.9735140627752865,4.304631682130327,0,0.0,43.80952941123205,-4.0404001462123995,9.437086174873421,-5.919004825649464,5.3030340619321965,1.3140764047025921,13.47,43.06799531066823,0.35,Small
DCO,0.5967006516829422,179.9499969482422,75.86997251146282,5.808749200223199,1.2902409676893851,0.8102881721409984,-0.7891070814220943,2.639622162005268,0,6.425905019648259,1.288975142922573,-9.773830112776945,4.629859977092616,-8.482941321405363,0.8591861936680603,1.3496547273691024,45.69,42.827667057444316,2.71,Mid
MRNA,0.6033409972645727,79.7699966430664,148.46115983770062,29.129379591992056,1.4418861922347408,-0.43992538284745103,0.9402031234205747,2.9584970292619115,0,1.5634317022612993,53.78831364018687,-5.20657945226085,7.7614220227929245,-6.81074992396072,13.07473991823285,1.450108456952118,657.23,42.719812426729185,31.65,Large
SENEA,0.6097709767782801,177.4600067138672,53.95200544129126,7.5456533326277135,0.7975564411053215,0.1640507204846396,1.0622166653322223,1.9497388611207103,0,2.819012437264861,1.1917726263669912,-19.469993281592394,4.515504845078683,-5.4101561022383144,-3.961942971365963,1.0720992695280147,26.1,42.608440797186404,1.2,Small
MRX,0.5969986118221416,67.20999908447266,68.38959053035143,6.490685601209092,0.9403404850621772,-0.35460857716751853,1.636658963084046,0.446366695194105,0,0.0,56.5663649610547,-12.429683175706826,5.360383124142967,-1.6103037819046226,-2.320671313037067,1.3844231115240324,65.47,42.60140679953107,4.83,Mid
SEZL,0.5969986118221416,177.6300048828125,162.61895829714769,15.172895070231347,0.8928919840848063,-0.7527499127721602,2.167430049914094,3.169512316624141,0,1.6166130132451435,109.71666030904356,-14.386686065455635,6.253890751191707,-4.878440795931254,0.18808968762009448,1.3042611722147475,119.41,42.58616647127785,5.97,Mid
DYN,0.5633632285057036,23.829999923706055,18.782031592660587,18.45408121268336,1.3188993067088108,1.162346661107036,1.8464143325549953,1.3428438767742295,1,0.0,20.475222933587442,-6.748823689409971,5.347102291938776,-4.680000304988581,7.142859305006052,1.1254078475228653,43.46,42.58616647127784,3.94,Mid
ECO,0.6204284673309233,53.720001220703125,69.73263328826211,3.810778128988878,0.9091307570448663,-0.5878079634992966,0.7725187851678927,0.9400615350530032,0,9.095006887982496,10.306764775913987,-10.473397201723444,4.587941288154377,-5.205570925546113,-9.234730059184153,1.0662352608219774,25.0,42.458382180539274,2.1,Mid
MGNX,0.6023029620595896,4.75,185.00227447347118,8.720529979635254,0.6795226939277234,-0.11510518196434291,0.6315833642533426,4.421053433742361,0,8.713603037637341,38.48396230807993,-1.2787711305861484,7.774437997574197,-6.496061586558971,3.1446585195099006,1.3077240164325046,5.91,42.44314185228605,0.3,Small
ALTO,0.6185360756025817,5.650000095367432,102.37723296334305,4.862659768363637,0.9716697255558513,-0.11467830716236835,3.4513219734206797,0.17699519842956124,0,9.349972928704284,40.547266710677185,-4.972375495625013,6.542351584557579,-7.528642029785019,-3.9548030201578355,0.957388629478717,14.11,42.29777256740914,0.44,Small
GHM,0.6366965404417888,106.12000274658203,49.83866189547339,-4.578640031157765,0.874633362281779,0.649597650123504,-0.6973217533076178,1.507632162239688,0,22.37962587081391,11.306908771396794,2.9971980673915004,6.660915007423521,-15.657285801834252,2.4590179952622466,1.0367679169897346,27.79,42.26729191090269,1.24,Small
AAMI,0.6216238756061734,78.27999877929688,55.73112617442191,3.5789911407590367,0.9697605319849467,0.0529570426891682,1.213598099692147,0.9197767398079595,0,5.990217081936903,4.164999587256777,-6.271907932786984,4.837032866656905,-8.690078485745541,-0.6124846907265824,1.0999748240000915,39.52,42.211019929660026,2.79,Mid
OPRA,0.5902338375308501,19.68000030517578,32.14996204418665,4.461371363721394,0.8096277858034985,-0.6772927527706266,0.558946182114861,0.2540708517849404,0,3.04617004396794,27.70928293165211,-0.055037032687372825,3.8254938850481315,-4.743463453179304,-7.185993794463191,1.0751297533100435,8.5,42.18757327080891,1.76,Small
GH,0.5916010957227011,162.9199981689453,50.10489682799204,15.165479865865342,1.310374840776273,0.05568479525439644,0.3498694639218957,0.20868913682159976,0,4.407177263039283,9.181072802624806,-4.784646507113228,4.959928351499117,-6.4108476244595245,0.8990564365824861,1.2375643438283508,451.59,42.18171160609613,21.6,Large
OPY,0.5925986109498,113.97000122070312,47.52546924785026,7.034687991593954,1.777012075848422,1.8265495266376937,0.02632164514811147,0.5966485021378501,0,5.019288045807734,1.9045108660038679,-6.246791037306133,4.582031420493235,-3.903876317830822,-1.7509549282405161,1.1992705229709868,11.72,42.077373974208676,1.22,Small
KPTI,0.6219595881215925,10.050000190734863,29.74869144116954,6.8722600015696855,0.7693098792912086,-0.29762012596845755,0.0,2.8845753285479416,0,5.384347654811746,84.742648606192,-4.62555153939103,7.099430055229197,-8.553226568467249,5.0285666323773155,1.0514178397621978,4.6,41.9284876905041,0.23,Micro
MGTX,0.598064221206846,14.65999984741211,77.6792871970603,28.78288558706144,1.5016160903073001,1.7484150704160013,4.706688548379176,0.9890890809209493,1,0.0,21.05697987463003,-6.555557250248167,6.368153344140527,-4.495117373714359,1.0729552688742514,1.589667175240067,13.66,41.81711606096131,1.36,Small
ANAB,0.6297809364434251,67.32499694824219,114.63750308144766,13.20024533905717,1.337121321330643,0.4525336520907949,1.8938010897202984,1.9160801693016105,0,4.169021358136964,61.9297565998511,-11.31626143279135,5.364596198400951,-6.958269236553188,-28.203633254889603,0.9846111673240973,43.71,41.73505275498241,1.99,Small
PSNL,0.5916439409925337,13.979999542236328,68.06038950094239,22.49189158329984,1.2401547294905906,0.9822934723793226,2.36052137455204,3.8626607975411917,0,1.7374167173939776,7.373264597901666,10.79069625399258,8.063559754295444,-5.731627685672928,6.440679800579666,1.338847150370078,44.84,41.56975381008207,1.46,Small
CCSI,0.6248805629974903,36.66999816894531,58.80178900370077,3.2572299083422234,0.8923487530820406,0.1054712487284461,0.4633187763714024,0.9217274431184996,0,5.680623050699935,60.13099903578728,-3.9104518604534664,4.983228498133594,-11.425128460110429,-0.23237593589935762,1.0945383539263487,6.21,41.562719812426735,0.67,Small
NVAX,0.6122764561094082,9.460000038146973,22.650041479075746,3.9960426783760328,0.8018821490847119,-0.1540013395106065,0.21141124742700174,4.756869000031359,0,40.46727039298221,-15.460228837850115,6.427815293204104,6.1726058623491955,-20.969090832737106,2.6993840547483376,0.924376648884988,49.14,41.49941383352873,1.56,Small
GEO,0.6301763075095644,29.030000686645508,72.20599916354702,-0.11354411032740998,1.0761854443672059,0.3837202972129518,1.8601412173184066,0.3789204538268447,0,10.680185870535771,118.92911149598224,-12.366657977228948,4.36002184970538,-9.984493994588055,-0.16234138196441705,1.3018868419073097,60.57,41.35052754982415,3.88,Mid
LXRX,0.6204175521790352,2.369999885559082,97.86595060641278,9.798465963266928,0.9651295757527518,0.35919501008032145,2.742618579397075,2.5316432764329275,0,15.79537507038088,-7.058826276569589,-0.5235597189936203,6.977096222524018,-11.567170647780928,4.166662820632908,1.2195972752297595,8.31,41.273153575615474,1.05,Small
RAPP,0.6061005997344789,39.720001220703125,31.273250216889046,3.565611785866931,1.2501889975004088,2.2446629276549803,7.905335581743973,1.384690886565295,0,10.278117742292977,0.025187953817223562,-6.371199858478935,6.238130178255184,-9.232169231482294,8.883386930493959,1.1474902464746095,14.25,41.123094958968345,1.9,Small
JHX,0.6060142981136006,25.049999237060547,10.34604041544811,0.590287755874885,0.6432020555117939,-0.9278866860848288,0.07983453502327299,1.0379174828004227,0,14.695655092690188,21.660995877629865,-6.487199131457637,3.81237560491561,-16.024139117367465,4.155250516993514,1.0254062425058674,189.16,41.04337631887456,14.54,Large
CGON,0.6103364318875045,69.19999694824219,55.56106429600083,6.912209498167568,0.9293505537685829,-0.2981510869613722,0.9223960445202862,1.8352553454560723,0,17.26947018961356,-3.8354671641284943,-10.871183953414551,5.674679799305965,-10.129874093060407,4.507084780859776,1.2992359583672106,71.83,40.98124267291911,6.1,Mid
CYRX,0.6234872239432152,15.0600004196167,47.50259942216506,-0.9568880378763692,0.939869185257025,0.46274094614061784,1.394422525111545,2.0916369539166193,0,28.256027548085566,-1.2458988876776511,6.878980488903687,4.697874003813159,-9.982063169241286,-0.8849572458591175,1.080777493709205,12.9,40.90386869871044,0.76,Small
GLUE,0.5975178269030889,24.399999618530273,49.34417318494022,20.130467011388077,1.280105444553687,-0.048440098783526356,2.37704890471314,1.854505724197829,0,0.9313905169754487,9.466122100687898,-11.392789709176174,6.561328534899717,-5.316262378130842,5.057017619508693,1.4185709547554959,28.09,40.8147713950762,2.06,Mid
AXSM,0.5885742224187828,249.75999450683594,29.74400707729521,1.6526261663626287,0.9875098687055784,0.3788748764709106,1.1370962760773866,0.9629239398551561,0,4.154649503627918,3.347538543945219,-9.835567374418792,3.826930511737355,-4.008612105255283,-13.69855440671038,1.097817603479322,248.15,40.79835873388043,12.85,Large
DK,0.6417336409114179,52.31999969482422,67.81646983431826,10.258787077992846,0.9781981082935558,-1.4321495434637872,0.4969459819228939,1.6819592378274981,0,2.4182637020648707,98.50943237463437,2.195521096463524,4.621286927460277,-4.193372806978747,-17.001512602686194,1.1234413575689919,64.95,40.644783118405634,3.21,Mid
CDNA,0.6142054261306109,28.309999465942383,37.881358961826386,9.022989030333829,0.8675095175763693,-0.3685965587085999,0.2295960011757801,0.4238747232224024,0,5.703834168811814,26.271183627753807,-3.235951969987113,5.2015949735236395,-5.633335113337613,-3.7387837484041455,1.0111344447546735,23.18,40.62837045720985,1.46,Small
TWLO,0.633480336768405,211.97000122070312,43.17301382624832,6.32550839164787,0.6045932842201438,-0.5908294854974451,3.15139307263747,2.0132574451378304,0,7.72464026423855,15.615798764330737,9.6951206378351,4.572901067857108,-11.11623405806002,-4.569532726886585,0.9452743978691648,585.84,40.56037514654162,32.17,Large
SB,0.5942235032226483,6.730000019073486,31.716091669500113,2.2061495341724946,0.9956982738323639,0.09117927790596617,0.2971765359117382,0.0,0,15.916649689774928,6.323874458504789,-6.15384603895466,4.393769378576372,-7.939089907760838,-4.0123417118387765,1.0011479879671263,4.82,40.31184056271981,0.69,Small
SLGL,0.6351304008029965,78.44000244140625,76.06849189837106,5.8776700948777325,0.8126796165383301,-0.456135960404138,0.0,0.0,0,25.95287269996244,5.288593881011227,5.8220065658223,6.358818355943619,-19.93467238517338,-2.406635947857212,0.930564038268476,2.39,40.28370457209848,0.25,Micro
WWD,0.5941874764676979,404.8399963378906,20.426929249850456,-1.7829204814953548,0.7692065673583397,-0.43849266414164123,0.0,1.7019030217290552,0,15.420943081536228,-6.204531551408756,-8.137199268660932,3.8967768012732296,-10.219111087897291,1.2325881117289363,1.175900305079447,346.91,40.15592028135991,24.12,Large
GEV,0.6218153605754002,1077.0799560546875,48.76394185597346,3.612570269747173,1.02418629540078,1.4826513347465615,0.22427763143125518,4.556760691603657,0,15.940030956731299,51.53134269780857,-0.7551319446680239,6.092987504240531,-9.938624945639093,5.747576454703868,1.2550639066904028,3132.02,40.15474794841735,289.43,Mega
EZPW,0.6005062849766666,35.439998626708984,66.64120908172958,8.800094137794632,1.3134656874566384,-0.288915733897353,0.7373108298986941,2.6805891640094175,0,2.4579790823520375,54.48996425936644,2.1909256532147348,4.69431323306508,-4.551581989616466,-3.3091687745843923,1.2296711885027698,32.93,40.144196951934354,2.18,Mid
STRZ,0.6212400900068529,29.06999969482422,140.35882286920062,3.12624685791471,0.9437007010141305,-0.34220571809532035,2.384592612028998,0.6879905665067801,0,2.794418337697744,164.2727244834681,-7.3670157143588435,7.244386973512627,-10.773486614040216,2.911589490748348,1.2916007702331709,4.63,40.127784290738575,0.49,Small
DAVE,0.6057808219799905,383.9599914550781,64.91198979701697,17.838962696464943,1.0641332169520734,-0.23742990257777682,3.2789865137109784,0.8985025037728155,0,1.579685215210849,35.886181615321696,-11.047434183615257,6.643862619028259,-6.028048925207656,0.8602208188913105,1.2613302835995523,230.18,40.0,4.88,Mid
CCCC,0.6289179512304665,4.349999904632568,115.35982341464299,6.1752480886061445,1.3073655019672195,0.5682351823879422,1.7241445455017435,4.252877820952912,0,5.715665032627283,2.1126683308472223,-1.298706284686209,8.914614937073857,-15.860738092881753,4.713808198936207,1.1925917873316152,13.84,39.978898007034,0.48,Small
DFTX,0.6089368936971782,44.47999954223633,216.07091637505502,28.998576728549434,0.9580813239006406,0.10693040631054503,2.023384746225253,4.159169274097725,0,10.568189392641692,21.298068620281754,-5.095544805793713,8.843623016606418,-9.59349826710286,5.932936605659892,1.9391686484774535,134.25,39.76553341148886,5.9,Mid
SNDA,0.5752379525955271,40.93000030517578,18.157879239915452,8.878102269928576,0.9123890940589398,-0.14369856217277724,1.5636437450792553,0.2931808721893887,0,3.112638356813956,4.868054279412546,-1.948802059657862,3.8515247564943387,-4.346811335620117,-7.99430280662995,1.012158193797735,31.21,39.642438452520516,1.94,Small
PKE,0.6006207484732027,36.91999816894531,64.97519697269513,7.036501964122259,0.9637491028461808,-0.2905233463663365,0.6500587496295437,2.329352216367054,0,5.046835021794515,13.833227635072154,-9.723082531826238,5.29643077535087,-7.375821365564604,-3.2002371227647495,1.081905945987082,11.92,39.58147713950762,0.77,Small
BEAM,0.5798208336564362,37.91999816894531,29.691188112924173,15.072976936182563,1.0920457032493678,1.9776930640010435,0.8966249182400238,5.533755847145452,1,0.0,12.555653649559027,1.2584997846019603,7.223365812297455,-0.8886569981568655,-0.5636607332506192,1.2631311461808297,86.78,39.475967174677606,3.9,Mid
ILPT,0.6096090135836392,8.619999885559082,48.50534890027731,-1.6430859697876647,0.7484340413972715,-0.13965896298601074,1.740145872141848,0.17401790626637373,0,34.62806387201073,-3.9018993423802923,-4.5296208923191275,4.694234292684295,-8.004269040342757,-3.770949534117549,1.0639475284851574,4.88,39.131301289566245,0.57,Small
STTK,0.6204175521790352,7.260000228881836,85.65855688786246,30.91696399893315,1.260021446835285,0.44711888115326054,1.3774091111040634,5.785124834641793,0,4.679153749627249,12.732921805096451,-7.860265053115895,8.302831988524982,-12.845134507753029,6.5359476300846415,1.2593568797257713,8.44,39.126611957796015,0.69,Small
SMG,0.5574689568659229,66.79000091552734,4.704508831550536,3.1665127657198977,0.6957450893823568,-0.6967646220547276,0.13475664927395525,1.1154405395399216,0,16.719881282947938,8.57641939364558,-6.936015479335662,4.027015755344888,-6.6463794177191975,2.533813452710505,1.0515283192147502,64.3,39.01641266119578,3.89,Mid
TPR,0.5508273926869975,146.3000030517578,3.949016491780699,0.05437190308626593,0.845175383646368,-0.909446844596406,0.9535230644922679,1.8728572639789498,0,31.742796836688207,2.7384183075510538,-5.224833509264033,3.594621081036535,-9.173827787243512,0.9627899142458284,1.02374630653253,393.36,39.00586166471278,29.56,Large
NRIX,0.5731861543765259,24.399999618530273,25.076427949896885,23.266561909305626,0.6206853458206083,-0.15707005613111769,0.7991790896100543,1.336887255393211,0,0.0,56.01022431171082,-15.778691019720462,5.352809864619675,-1.929258675273387,-0.7845568527559826,1.3037818732862474,53.14,38.98827667057444,2.52,Mid
PBF,0.6138232747767929,48.459999084472656,62.32720789800092,13.565257491299304,0.8847098348193759,-0.7352037019088651,0.8666982904844636,1.7952929184961004,0,6.719175103415492,12.517977990167264,1.4352955537346108,4.837568586002285,-6.500965217796885,-5.8335301857980015,1.0954215010759902,139.28,38.859320046893316,5.73,Mid
VSXY,0.6122814605155601,78.25,36.61664680322127,-1.800224316212507,0.7094819841192569,-1.0044035491913477,0.07667419628496262,1.8913780919037442,0,15.534088246499241,48.453806409885516,-5.737263896492228,5.219533790577932,-11.651800530954244,0.670752150378331,1.1376052591936914,190.48,38.820633059788975,6.22,Mid
WRBY,0.6148034937281567,28.040000915527344,13.932317017434382,3.867243334501301,0.7174947291759012,-0.45033509297966645,0.5706128465844743,2.2467940353878486,0,14.501846101530164,8.012333992024933,-16.46126709500045,6.359537712657996,-9.54838414315217,1.5137945640397286,0.8846217745726314,96.51,38.73856975381008,3.44,Mid
BCRX,0.5777797373378678,10.989999771118164,36.50455147582499,17.8173220669019,1.2156138382688213,1.5413722637531546,0.2729816857832893,3.1119200611546414,1,0.0,18.172038124098584,-3.448275470632525,5.36851709405153,-0.2722385244698399,-4.566205571157491,1.4341083401370402,57.77,38.73739742086753,2.79,Mid
TECX,0.6046076322039812,36.53499984741211,64.69623369554705,16.099303676851697,1.4995972704525882,0.21759418696437555,4.911724239904461,2.0391480762915917,0,1.3867314291013633,73.56295093043566,-4.413795471039206,6.675496875340133,-7.576521690604193,1.6526062301713411,1.357285743446541,7.36,38.58499413833529,0.69,Small
LIND,0.6159584609836869,25.670000076293945,67.74130999097332,1.282305341407992,0.9286799137440144,-0.3405175082872175,0.4285181535658119,1.7919714962507625,0,14.498799540590564,-13.189041794549016,-8.26408554041873,5.264622410835804,-14.433333078539071,-0.651824227167219,1.1540562941327568,22.97,38.5474794841735,1.68,Small
BAND,0.6346348272977823,67.55999755859375,365.0766803357776,15.403829488043504,0.7647497360490412,1.2095049207764126,2.1462472321105244,0.06661039856148972,0,7.241515707636767,30.47508526651689,9.501386288387598,6.341137486430931,-11.081870789968388,-60.39215751194791,0.981484878656158,97.22,38.542790152403285,2.16,Mid
FNKO,0.6374359856620183,5.400000095367432,50.6855147645898,-1.5092784079813824,0.9304199988328807,-0.6066053818519621,0.7407400210962076,1.6666694626252605,0,12.33853848091246,3.0534414352577475,-5.490200293908051,6.128307895311842,-11.330049914924043,-0.9153309586129791,1.0425412186825846,3.98,38.53106682297773,0.3,Small
LB,0.6281850124511197,77.44000244140625,50.03094191096116,13.776108728165735,1.3135970731536177,-0.9212810635926457,1.149276035096136,0.7036401983866917,0,3.213106816635989,27.13840524566192,1.408648094693876,5.765661960860171,-9.236729037587699,1.3350563541073883,1.270918973493488,29.85,38.48886283704572,2.16,Mid
MYE,0.5915929629664427,30.219999313354492,54.2316013386275,4.710781805480913,1.8818623868493782,0.47758126309355853,0.7941753029893823,1.819656080105992,0,17.71236597944909,-14.41518510855262,-14.249588594863324,5.201682951129212,-15.468533388785518,3.420803207040647,1.6219430036246232,12.22,38.4021101992966,1.13,Small
KYMR,0.6147240160203622,119.23999786376953,53.852466882661275,21.706687919539156,1.0072790626626682,0.10236095910162302,1.3921533812773046,0.16773279203136565,0,0.0,10.284863886979679,-16.28895861980769,6.939187551001147,-8.31219141425391,6.997818747487672,1.7414927713031245,100.99,38.34701055099648,9.81,Mid
DRTS,0.6267805308082851,12.755000114440918,154.04990268321353,19.440023586504292,1.447010356994664,0.768760624270109,0.15680484188674973,3.9200313247720877,0,3.8538618476148945,23.355898703880033,-5.347593364139832,6.387969747615918,-9.603115344507279,-4.511279857253548,1.0634859516564876,12.67,38.21219226260258,1.15,Small
ESE,0.597325649407408,333.2900085449219,58.708929912829035,0.24962657261936427,0.8499863581614766,-1.0534342513328319,-0.0270024109883345,3.0694022394969567,0,13.795698924731184,-1.9158356135391006,-7.210212693849156,4.373152217754829,-7.947404866600351,-1.6058746790986296,1.3506403335062604,99.17,38.01641266119577,8.63,Mid
PHVS,0.5644291735279607,34.59000015258789,20.598112246176758,5.052161986456406,1.6994953162870006,3.369859985326709,0.3252363011304519,1.1274917256916646,0,2.2637776848621765,0.028913594573424697,1.190095971069653,4.756227013132701,-3.662438856370605,-13.631363827113653,0.996600843774022,14.7,38.00820633059789,2.42,Mid
KOD,0.6198984715888444,38.29999923706055,37.165681468107195,8.426399047077977,1.1707045035907069,-0.2778974778023438,1.1488314625578335,4.621411208814693,0,37.09280408630636,-3.6720300454470354,-9.694048985807576,7.59604702877265,-19.941473421612994,3.826586103144226,1.082351890028858,28.14,37.96951934349356,2.4,Mid
DELL,0.6204425143201052,417.2799987792969,218.92450705383598,2.204620131082382,0.7219905061721817,-0.502205946267532,2.125669848330704,0.436130478150342,0,14.011673809121561,-0.8624182963629219,-0.2991943588709043,7.665285848362211,-11.116791766373156,1.503725111044227,1.3754449378805482,3800.33,37.88393903868699,269.62,Mega
TWIN,0.613284575191458,21.8799991607666,25.643212869018583,1.3408633017667266,1.3153940448416206,0.7208530810844599,1.9195616653763816,0.7769656435408173,0,32.37213458860693,-9.549406044630802,-0.5524892576045671,6.039436738357997,-10.693880976026366,9.03083078965702,1.1854751839535371,2.83,37.77842907385697,0.32,Small
MTH,0.5754234578567881,78.30999755859375,9.891952048112573,1.5156180635399692,0.8432523063390621,-0.27488713037785634,1.059892551296605,0.09576931500363663,0,8.724828241256438,34.15425458233059,-8.941900691997686,3.856012776442212,-8.280627690531324,3.6623858113335537,1.185459958216196,72.82,37.656506447831184,5.23,Mid
BWEN,0.6349480405489681,4.159999847412109,34.41565460079718,-7.007939307781173,0.2971932875773332,-0.09159194583236721,0.2403901261114966,1.199520594951168,0,48.57828356023231,-5.668934435224901,-9.711283228840157,11.967548741208805,-22.962967144935195,0.0,0.8652871375760244,4.36,37.57502930832357,0.1,Micro
ULCC,0.6275146451535282,7.360000133514404,51.021546293881826,4.578880358326345,0.531647861798056,-0.8772507002900696,0.8084203738198925,1.2228281378126447,0,5.060500969501087,84.0000033168601,-5.218854204395625,6.756114170769878,-12.433071178255064,5.468744905405404,1.2726199479019475,37.34,37.50058616647128,1.69,Small
IOVA,0.6204175521790352,4.349999904632568,62.59026633540179,6.369969285179762,1.0524458703274486,-0.381503653304767,1.379309059337001,4.137927178011004,0,10.467284587215369,15.079363423445628,3.54610152850131,7.799673329739229,-22.735349619226525,3.4482794047549206,1.1851610988196621,63.22,37.3704572098476,1.94,Small
SLN,0.6147240160203622,10.149999618530273,55.01186283872512,21.921917337069733,1.6432941420224223,0.9616403210867339,3.8423680585399125,0.39408830889077884,0,8.957885237453517,10.807857942156856,-8.427876408626831,8.508093319471566,-8.227855031452926,6.760206625325138,1.5176600849991453,3.91,37.21922626025791,0.48,Small
BOLD,0.6103364318875045,2.5,94.88924917560047,27.388536565498523,0.22078278018662104,-0.10388932880990871,0.0,1.1999988551108207,0,76.48767066890812,-3.8461503177723704,0.7042247012982424,8.448570796421597,-10.394264004092534,3.9473647034846993,2.011184469523187,3.77,37.141852286049236,0.06,Micro
FROG,0.6132086000247499,96.19999694824219,51.4619001283986,13.943238128575372,0.8766919251826522,-0.28907449057111617,0.22869150486481177,3.9335716051599787,0,0.6276120996175509,9.84242399733833,7.452383495423744,5.503869068437303,-3.043745449783717,-5.617460398856426,1.2405625159765463,301.84,37.0820633059789,11.65,Large
PBYI,0.5926802853514941,7.960000038146973,27.92616165282469,4.27720028623286,1.3364625662249627,1.1572828373665867,0.06281550774280903,2.261304364992347,0,7.875658653996738,39.64912814228166,-4.267421122355975,4.437362963873253,-5.687198649809139,-1.4864882713772125,1.2208740727959644,2.34,36.95545134818289,0.41,Small
ASTH,0.610350427424438,47.040000915527344,76.48986590578492,11.547174296443242,1.719814745301263,-0.06479327190459166,1.0097756480999656,2.57228502464759,0,4.127490565500242,78.72340980304206,-1.6583238367122153,4.219054166869694,-8.837204832074463,-3.674458163444748,1.3709241516398405,28.43,36.95310668229777,2.33,Mid
PUBM,0.6465725340667858,13.319999694824219,45.035242826557955,10.310555606797255,0.7905165656410029,-1.082668391246033,1.801800124615643,0.6756768366601795,0,2.106692188216775,88.40168840915516,1.646443509487909,4.269089831376794,-4.789135719853578,-6.768557814622228,1.2455794175434727,9.15,36.910902696365774,0.62,Small
CTRN,0.6219457512854152,57.029998779296875,27.293639820774708,3.5177506103477794,1.086444725937474,1.3048349676817477,1.3501674105413046,0.26302214463790213,0,12.225563706980255,1.44076403591585,-17.603339002406678,6.966256942250369,-14.085566226049817,1.3168588286634304,1.0447761025010025,10.05,36.858147713950764,0.48,Small
SMC,0.5675244627566399,30.209999084472656,2.8214212984162046,3.141001099861184,0.7622317701674639,-0.7358778263269959,0.5627278432315302,1.092353305845496,0,43.304996042990986,-5.975729597743987,-2.3988994113981197,3.13756108665931,-9.820898255012343,-6.853473064522976,0.8478038612212302,2.07,36.8253223915592,0.42,Small
NPCE,0.6061223372593563,17.799999237060547,7.308064619032861,11.333495272742713,0.9112660112165373,0.24866466380547864,2.4157321549561663,1.5449417432685062,1,4.653066852823814,8.075288276101434,0.6353203890926933,4.4723106237700785,-9.183679129001977,0.0592781765486716,0.9289523499051401,3.46,36.81946072684642,0.61,Small
MEC,0.6466507755195826,33.08000183105469,64.53586762819211,-5.316631610424748,1.0416659764375196,0.3857120216614636,0.5139001194993389,2.7509178104929153,0,33.798446394379205,38.12108883880249,-6.7067655403586794,5.715797030176962,-14.654274345456923,-6.638616721582329,0.9976930628079376,18.37,36.776084407971865,0.84,Small
BBCP,0.6124081190179723,11.180000305175781,51.531917464693876,-0.06703637831104703,0.9570710876823753,0.13614602947229382,0.44722035502027246,2.236135895827312,0,9.877199693955625,7.1907955703118445,-6.615527901516362,4.778942174630851,-8.285474240294489,-2.1935493712517395,1.1932997149635567,3.87,36.61899179366941,0.56,Small
NNBR,0.6194210028294057,3.490000009536743,150.4189766123783,13.385315111445323,1.9036821772977548,0.05565610136233674,0.0,3.724931634625544,0,56.45216965531085,-3.59115690873426,-6.761568007894788,13.016782394016671,-21.39639718978908,11.111110091874888,1.874039886494176,11.66,36.48065650644783,0.27,Micro
XMAX,0.6035097345478825,8.720000267028809,35.30455897806295,1.6198615695544978,0.7933201586061346,0.032420275018366404,0.3096269809849522,0.9747710497053373,0,12.56641191421959,-0.7963560309447202,0.7352875864827176,3.9523276284893694,-6.337273103461458,-11.46408770484293,1.172782081348686,13.64,36.46658851113717,0.55,Small
IBKR,0.5687763948934984,94.56999969482422,30.78867611282048,3.2220743271541523,1.1432642894629763,-0.18940298135167238,2.03024021901323,2.7598610751257175,0,4.581472063605769,24.89653485176294,-7.594781891885925,4.183597330699593,-3.3421880268065878,-4.7430808981554575,1.4164551269769448,476.33,36.44548651817116,42.13,Large
PHIN,0.5876599012788358,78.27999877929688,12.033588146203344,-3.614460094898337,0.9059315501888814,-0.8197102062315949,1.0219665748955538,0.025545022199769653,0,24.234530504492223,-7.710446756638357,-7.547349059571679,3.9291173599610105,-9.955712914541571,0.9880602554780482,1.1462908589505076,31.55,36.26377491207503,2.9,Mid
SIF,0.6164127683146686,25.709999084472656,340.23389917517903,16.500891576816475,2.2300160320767803,1.2815146570707314,5.289773079455402,4.278492495518126,0,0.0,190.50845168774887,-3.1988170682101393,7.13452275924734,-5.024014132373095,-10.619472185647265,1.1570848270144354,2.6,36.25205158264947,0.16,Micro
MRCY,0.6228429046749017,115.83000183105469,42.318983512766614,1.2827583660222974,0.9105014574138866,-0.4061397166418456,0.9410310978592943,1.2863726751247617,0,6.988325934512315,5.896877618888582,-8.115400989519973,5.775089111225093,-9.82483099799089,0.0,1.1904096971615374,81.59,35.96776084407971,6.95,Mid
GTX,0.6199863087387723,32.25,76.26132706423799,-4.386368578305061,1.0083942993287112,-0.20755909133091446,0.5271379337590907,1.6589142554899854,0,23.409817452525093,-8.14582899616038,-5.0062651270401215,4.64872738319642,-11.034482758316292,-24.68354171661543,1.1051814387258978,103.57,35.939038686987104,6.04,Mid
WTS,0.570990112785066,357.2900085449219,18.427616414548687,2.625897314751411,0.9188656960205382,-0.14754780459334305,0.5793633392221478,1.094350126952075,0,17.854203688566894,-0.5483497097221692,-6.015083673469471,3.930781547002491,-9.441374561045142,1.064639846522422,1.5448839469640412,152.93,35.61430246189918,11.93,Large
TXG,0.6002426665417983,37.83000183105469,117.58854923765529,11.11845937931601,0.8645846447911335,-0.39954183432732293,1.6650855286308504,2.167601030425187,0,3.314369768151421,2.93878049258585,7.087631114624278,6.8144911844354255,-6.730767874102541,-2.9411725419853094,1.2015950022647341,118.88,35.58968347010551,4.8,Mid
HLIO,0.6229308668265301,80.01000213623047,36.68426343653337,-7.221333948337226,1.097091846249549,-0.2526126414543067,1.037372589530864,3.024629088484626,0,23.92729183269351,3.145549118182607,-4.072850159555098,4.672632479691286,-15.823251375572648,-0.11709869937188726,1.2228712442390897,30.87,35.56154747948417,2.64,Mid
CERS,0.6261720148956201,3.2200000286102295,53.42299692248813,16.39255545857226,1.1929594342356,0.3846167171820786,4.0372705976854935,1.552793535916101,0,1.7650977034957032,18.382352741064086,5.535058789690911,6.14463219772224,-7.204610889530207,-6.842105094446965,1.0589520556123706,9.79,35.50762016412661,0.65,Small
CMPR,0.6325796819627181,96.23999786376953,36.54446593396465,5.051164704005899,1.0999044208559057,0.2345271324834947,0.32211678602059124,0.3792579715997122,0,17.678959867488874,14.666981429389972,5.996833014564839,4.476161272910282,-9.318759677285055,-8.433436012396186,1.0767668803387587,21.62,35.48417350527549,2.33,Mid
CRDO,0.6265082386729798,246.39999389648438,62.0142262189318,-3.5562666235873146,0.9231838562900198,-0.04851195145931594,1.5787335576261767,4.387174442500713,0,11.098248088753023,3.52940920018869,-21.228671418774496,12.181991850596209,-20.173653682633113,6.2142929807341325,1.2667806102103434,2148.2,35.4630715123095,45.95,Large
TH,0.6180841710413502,17.969999313354492,111.82305412087801,-5.313911384695416,1.210391453157556,0.339771279656147,0.8903720284747089,1.7807440569494177,0,26.951001322087777,41.943124245837915,-14.21476673666364,4.809602884358854,-13.812954509759546,-3.8571425843889706,1.2122787485136097,26.89,35.444314185228606,1.79,Small
ORKA,0.6204175521790352,84.5,188.87464755338885,7.297501503216221,1.1740002831968417,0.8291507215441762,6.33135914089678,0.6745558518549979,0,13.739922174339256,24.08223479163557,-16.212171763866184,7.276417336419589,-13.581508432144568,-0.9890844692339483,1.182644284877945,166.09,35.417350527549814,5.1,Mid
IMOS,0.6103364318875045,65.8499984741211,108.41534396153855,6.4555899011976035,1.1177871849727548,0.7569819165670054,0.7441237729856476,1.3971119062256299,0,8.922735068549299,-5.048629198656532,-7.440161949191544,7.736913979515688,-10.977426811505293,0.3277253372320224,1.3024853213509773,7.38,35.341148886283705,2.29,Mid
TYRA,0.6105137246987797,31.940000534057617,9.194810005496446,9.179786103457797,0.7476661689615367,-0.3390994349267859,2.567306743077695,2.410765615266293,0,60.20145731457195,-9.441451319512636,-1.3138152758088606,5.8536074715992275,-21.426815903222035,5.287540744806299,0.9557628486306846,29.67,35.073856975381005,1.9,Small
BKD,0.5713718328679384,15.420000076293945,32.22214240491612,7.419019222538092,0.7993750745306989,-0.66274385277802,1.3618679448400208,0.6485109012222238,0,21.24599790134019,-1.8459577411227928,-8.833064335667531,3.728923104146448,-9.771796730752772,-5.27858720805803,1.2269074803950861,64.46,35.06565064478312,3.68,Mid
RAL,0.5893193502736587,67.75,22.502216284703568,-1.080449921051914,0.8656525724928046,-0.3433043077205915,1.011066507134523,1.5793353428906647,0,10.717164311419713,76.82308845943923,-9.913518293124689,4.040592497251005,-10.157808367614034,-0.13221204506544865,1.3020957706391092,118.92,35.046893317702235,7.58,Mid
BFLY,0.6241095490928739,7.579999923706055,92.1045524930776,7.693399876852625,1.1805642185786518,0.12770700126713969,3.1662239248303297,1.253295397563403,0,19.70300970858101,62.31262953422312,-21.22537753924773,13.68639126148179,-21.775023197431675,6.990293723845394,1.626468687958994,59.15,35.01524032825321,1.98,Small
GRC,0.6076773491312905,79.81999969482422,56.66844534418407,-6.6951106774680245,1.4334186802223234,1.7702950168321197,0.3821101307166972,1.6161374598386902,0,20.086109293363663,17.228045807370556,-9.728888774400387,4.401868042388214,-13.968526896795877,-1.8421392016065186,1.314921778384751,13.82,34.99648300117234,2.11,Mid
INSW,0.6072473709471516,85.2300033569336,87.87700604882205,4.368342776593782,0.8622383327428736,-0.33604764117375807,1.9535384840183252,1.2554260854955348,0,4.563519235140396,7.19406498169963,-7.059703738596156,4.939071433373289,-6.0826409289317676,-7.9937574622053615,1.3103716861803958,52.52,34.99179366940211,4.22,Mid
XMTR,0.6270784381021617,93.0999984741211,38.31411629305019,3.3548691073521693,0.9182342777732828,-0.6359319742508355,2.067672484733957,2.5923716050861603,0,8.083875707500802,109.49595263279757,-7.847748467875708,5.2781567597917585,-6.7694793659574914,-9.364332955488326,1.0717955324402966,87.01,34.907385697538096,5.14,Mid
CMPS,0.6301763075095644,12.989999771118164,88.2918226118317,2.4932928922985247,1.438815393866506,2.1128715917810608,1.8475733281635727,1.3687465869665656,0,10.546229696072384,37.31500759369445,0.24772695143862206,8.167709898078193,-15.649350045150316,0.983597843233511,1.2929102277502693,53.57,34.75263774912075,1.75,Small
CMBT,0.6582444907511085,15.220000267028809,52.918533491654344,2.657495234761884,0.7791193959639203,-1.0546937133890033,0.8541400272771131,0.3613686215979582,0,14.599165474476255,-8.368454498266566,-4.8714497969436295,4.3110554008413295,-14.10834730845899,-6.99301150068008,1.1366839562184905,24.21,34.69871043376319,4.42,Mid
TWST,0.6194210028294057,91.02999877929688,171.01475467572672,4.275011595388947,0.988439050314092,1.6032215999498647,1.2027925444850236,2.1091927877306413,0,9.722887455629843,-8.82411646800311,-10.040446150791308,7.857684401561928,-13.691099150603645,0.6796902660086561,1.5152721343016098,166.95,34.59671746776085,5.67,Mid
GHRS,0.6064420417398568,26.889999389648438,93.06789683246576,13.791203221370601,0.6958334555601223,-0.2823690074609043,0.780963170621422,2.640390509150427,0,2.384268364855431,25.069764601849954,1.4465677158812076,6.385007515904266,-7.147789227184758,-9.144079050751381,1.1335593493352902,6.47,34.48417350527549,1.84,Small
NVCR,0.6214961177002587,17.719999313354492,25.032192748514003,9.032730539839127,0.8310142709341326,-0.415834724853711,0.22573880967896026,2.7652358356539466,0,8.79005712498369,41.420588113120495,-3.613058535608145,6.041196041110468,-6.342498721126246,-20.810165636196885,0.9252398668884197,31.85,34.48300117233294,2.05,Mid
ATRO,0.6265082386729798,70.19000244140625,45.32906018057392,-8.919459730194912,1.4298023989293926,0.17705337538979796,2.589254891079839,0.38467625454563414,0,17.348319314316775,9.811555062679384,-13.314450276966957,6.832720161899121,-20.88593160970784,1.9634784798679903,1.225655495451905,56.3,34.34818288393904,3.46,Mid
NVRI,0.5589027073439355,22.530000686645508,15.837149500316073,4.315218693025112,0.45128759611417374,-0.49033606542339564,1.242790404347605,1.8863787458392411,0,1.4107072579314197,13.787886639597522,-10.62176800694622,4.7793419261617975,-4.371811556032044,-1.286008195057177,1.1438691477521694,28.37,34.28135990621337,0.63,Small
VCYT,0.5713843990584817,56.15999984741211,22.45529917497784,4.269846409525515,0.8821108607085109,0.015205767784144278,1.1128917408956716,1.246440108313578,0,9.671098084040414,4.717506486782201,2.8729688575914607,5.2115123589176005,-7.7983910881980245,0.693826082472729,1.2688917574784695,71.94,34.262602579132476,4.48,Mid
VBNK,0.6084043920469798,21.729999542236328,35.090948257357724,7.193506594230113,3.041867754325121,0.09742192576281845,1.012422079976385,0.0,0,15.222214597772133,-6.376560105780758,-5.044208235794258,4.665374728747332,-13.253492198833552,-0.08381888384412915,1.3466895235407002,2.02,34.10082063305978,0.7,Small
LFST,0.6086630869517291,10.899999618530273,46.580410257304194,15.42635971879252,0.7900733183125723,-0.11588929622304209,1.0642218305056523,1.0091711974021742,0,3.5013321260498964,43.98942365807334,-14.709853912095113,4.0321095279116985,-6.196215783630402,-8.297573954962472,1.4337686158574383,58.31,34.092614302461904,4.16,Mid
WLFC,0.6181621162511104,221.8800048828125,56.030171431361886,6.435645548234599,1.217746375639118,0.9808078553521244,0.0,1.7441906845112494,0,16.500008896322257,16.877375243795324,-3.424650773542074,5.284227016540355,-9.296047211262609,-2.1842109688007674,1.2627624012568033,31.05,34.06916764361078,1.77,Small
SYRE,0.6229971127080098,94.2300033569336,198.11380978819236,9.220519683386128,0.9857080374740914,0.24651522121836267,0.981635773533486,2.419504951631751,0,4.081421572264681,48.93314789739595,-9.694499988628868,6.712672126489645,-7.671952174100487,-7.524551191708789,1.1661436779297911,130.15,34.031652989449,8.18,Mid
PKOH,0.6228429046749017,35.279998779296875,61.2594845337209,-1.6886843913802092,0.8813001628007971,0.3767076369743048,0.0,0.8219872756686015,0,20.96171948540947,-9.677425655397208,-8.497348838623338,5.05547422051719,-10.297490117218821,-2.9150381400027103,1.2335110579250057,3.12,33.95662368112544,0.51,Small
LUV,0.5887646728466225,49.43000030517578,10.698350474182462,2.9959084495680433,0.7706029707969688,-1.102994111278225,0.8699176664218168,0.7181864050928896,0,22.994741940460145,2.8047501399736876,-9.938750891306064,3.871997630634335,-9.525852317459993,-0.45033396223876476,1.1063572333380447,328.9,33.908558030480656,24.16,Large
ABX,0.588200221964353,11.800000190734863,38.96112115718622,17.711609159140508,1.3927114309774085,1.468718944906699,1.1016958671913806,2.0338963323599635,0,1.8975826752646645,19.07164855936492,-9.474884725171412,4.778449741000649,-5.144689800522252,-3.1487509296458924,1.4117485736339577,7.01,33.83001172332943,1.13,Small
MSGE,0.5630563535023445,74.9800033569336,27.95429654645436,-1.3057399614723062,0.9625026970180333,-0.27664805358968286,0.8135510576594535,1.0002666930004116,0,15.524698795180722,-6.6251550343390795,-1.9561542686973192,3.7999655291975354,-9.433503408785011,-8.460287425242118,1.1908955848980707,38.89,33.76084407971863,3.55,Mid
JBLU,0.5969513334411689,5.71999979019165,14.589948863934922,4.493967194681687,1.1747132836923544,-0.21560210562308774,0.8041959002434519,1.1363563418899947,0,17.528927923645814,20.42104821026189,-3.2989758219056977,6.294953351354936,-12.00000322597461,11.23809814239066,1.1470204081729518,154.47,32.941383352872215,2.13,Mid
SEPN,0.5666999957021964,35.83000183105469,18.026983943525554,3.773863878836803,1.4825040640489384,2.365346027137032,4.786481301143372,0.08372530773927317,0,7.70803398362537,-4.043916216717294,-15.409313653409159,7.32785496941824,-5.685706111930937,4.845811444524408,1.2768137985470718,14.36,32.886283704572094,1.62,Small
MTRN,0.6194210028294057,247.1999969482422,82.60168031599578,-5.792145028154511,1.1139766246680645,0.8586830523646699,0.69785504754849,1.6282337969894194,0,22.287702420844386,-13.87359542522809,-12.009057534186114,6.3160245866500775,-17.288452843355024,-0.30560018144036716,1.4859949743605818,91.45,32.6799531066823,5.14,Mid
ALAB,0.6194210028294057,382.8900146484375,103.20914715462015,-3.242187299060352,0.9596337301247687,0.5138858343505994,3.736057909182737,4.238818032689578,0,12.43928230686495,-8.195265081511534,-15.798270587091595,12.28590341013766,-23.341661152418343,1.4174283123007139,1.5604250042062102,2417.08,32.645955451348186,65.63,Large
MCFT,0.582014808672599,23.969999313354492,16.796616946392227,0.7979278615192554,0.9884308238619524,-0.3877757129651153,0.0,1.1681217659826844,0,28.77638619392015,-2.6005740800423407,-5.689576873055659,4.595624742860604,-15.717303574565737,1.6427944119295181,1.2299147106665713,4.18,32.62250879249707,0.58,Small
EXTR,0.6245040552691628,30.020000457763672,71.47060932053209,-2.8966033985312922,0.7420350064067667,0.1730976131613492,0.9327137986893929,0.8660900230130898,0,13.771757222524473,37.39130404248754,-11.027837623112697,4.815836933112696,-9.3051303874604,-30.710063023077574,1.2344710329120132,75.77,32.49003516998828,3.93,Mid
PACS,0.5625763809116651,43.619998931884766,0.3736529455856452,12.398055191637287,1.2697394825029922,-0.11952820638587748,0.939699359499341,0.7794593326584592,0,3.259048422867302,6.364303138528736,1.9724387336485627,4.691475575636195,-4.946612525399723,4.279600663646123,1.2171692710864563,41.03,32.161781946072686,6.9,Mid
FRO,0.6289179512304665,37.65999984741211,86.99400934503372,0.19556333383355637,0.8097359565808009,-0.6446460068874507,0.5576183890545359,0.13276483606426526,0,9.834899587600725,2.3404590792214788,-15.92845508530815,5.464302793022025,-12.621807005049321,-4.555871300882479,1.255193497646213,113.52,31.879249706916767,8.38,Mid
TBLA,0.5633632285057036,5.429999828338623,12.54458550011286,11.820424930371397,1.0752636214465172,0.569696310290318,2.3941089968091593,0.1841575020066936,0,1.825893379712265,14.075621157552327,-3.4934465074773593,4.825045229592834,-4.9036813991016945,-1.075267783189196,1.1348453859986258,18.8,31.871043376318873,1.48,Small
NAT,0.6103364318875045,5.889999866485596,77.96461019353393,3.2242995965236116,0.8337900025381311,-1.0404442751829504,0.8488996920165985,1.1867578511167978,0,8.973601578181182,17.3218043677141,-7.603769030214336,5.602596755992197,-12.089551727128887,-2.3853249521072803,1.3986468086526929,23.97,31.81594372801876,1.25,Small
DSGN,0.6442910864853372,14.710000038146973,51.61956648554038,14.930854047190776,1.1253697894768397,0.5937509623286553,1.6995241287198353,2.0068004562528143,0,9.873655810790803,37.47663831764565,-3.0047010322113894,7.2997966294387915,-14.724637459163947,-6.416280638244837,1.0115047147989589,15.77,31.77373974208676,0.92,Small
RCUS,0.5529015926416917,30.25,19.855286505008895,12.205345736866779,0.8971650709798338,-0.8452137270767744,1.1239611412496469,1.7190097776743198,0,5.678891359792947,-2.4193548386316337,-2.630438503357344,5.581583520738406,-4.679377916319876,-1.4723472008559666,1.2230003628337227,38.66,31.607268464243845,3.8,Mid
INNV,0.6195757554150544,11.649999618530273,114.44134624410376,17.40400842561134,1.379023523641867,0.07930559964464985,1.931333809595425,0.9871225311061499,0,5.526053642716439,49.742921643440766,-24.79451258085833,5.939300820463992,-7.832284001773295,-5.297155807278621,1.6381691213641092,4.32,31.49706916764361,1.58,Small
BRKR,0.6102771471604614,58.25,11.33574679058922,0.8290296921703627,1.0041407684975494,-0.16142070252126284,0.9270401983142891,1.0300402989026496,0,13.73202126314419,55.66109507164477,3.8304641661786096,4.38432352749348,-9.666972723928591,-1.352840228665118,1.06434544481974,152.63,31.445486518171155,8.87,Mid
MRVI,0.6232934706229063,5.920000076293945,64.08886561314418,6.513136195570923,0.8288861575065386,-0.032503088158637235,0.7601364139595589,2.6182467531183007,0,9.312071796167082,22.061859638774994,0.7968119919728894,5.375240000745634,-9.618322076324294,-6.666667125446522,1.2519086636384662,17.12,31.287221570926143,0.87,Small
SXI,0.5981853643523684,310.5400085449219,28.434122460302724,-2.4716535442728578,1.224316047886751,-0.16102052038214226,0.22380604916998129,3.03986674232679,0,14.38734450201194,25.05879159014846,-4.375965199125125,5.581752460412809,-14.661025022879972,0.6514014694650452,1.3441467528525148,66.51,31.20398593200469,3.76,Mid
NEWT,0.5615557103408587,14.300000190734863,18.92061891847614,1.9103349145900457,1.200395518534894,-0.30266291247111116,0.7692350271095858,0.6643375227625311,0,10.56065842925444,-2.6548631774141462,-5.82011014949798,3.990235154299451,-6.779660700393022,-3.51158051992745,1.2608553494940025,3.18,31.134818288393905,0.41,Small
AYA,0.6231592818407631,18.780000686645508,23.06832355851698,-0.25228718857027066,0.7037007803438421,-0.49896777297042494,0.0,1.49095141849333,0,35.946015791926826,-4.863217302710462,-9.15985852182007,7.523200234325592,-14.636360514582403,-0.29019817605745524,1.0515346400674892,8.42,31.100820633059794,2.69,Mid
FTK,0.6068436908806363,22.399999618530273,21.34952395593379,-3.419136061295637,0.8051066567386106,-0.5038295144617059,1.4464259393323187,4.151787147196761,0,18.694953684186537,22.004351163696985,-4.761900127716403,6.959184210432523,-12.294444731069392,0.17720428885381687,1.091127867324212,6.75,31.08440797186401,0.81,Small
ALGT,0.5874988448655535,111.13999938964844,16.252321855530116,8.420276844189473,0.9895553952757279,-0.150971666822818,0.0,1.019973307406822,0,13.089845277327822,-4.2721784234437585,-8.880163275462225,5.741381254432984,-10.102724372036008,3.937006042907348,1.3080621156700813,73.67,31.082063305978902,2.99,Mid
CXW,0.6241095490928739,29.299999237060547,44.01958361214173,1.9520487813341356,1.267195990901937,0.5794741847489709,2.798633843508922,0.6825899685725003,0,11.515961915332237,50.56526523649059,-16.76002348243028,4.939054304346599,-10.122697519691492,-2.0957991503829354,1.4222983650993004,37.48,30.93669402110199,2.9,Mid
ANRO,0.6089368936971782,25.700000762939453,44.883822318791864,9.503827059934569,1.1557399453777475,0.6618171333011129,2.0233480245389805,5.447476592464915,0,22.274861667479662,-4.95562169810748,-17.579403308109534,7.920511465433829,-9.63749243407738,0.1944738966902522,1.3189148567443612,11.2,30.879249706916763,0.9,Small
TDC,0.5911157384468749,36.459999084472656,12.773506235130917,10.054632794478895,0.8753355721512116,-0.18195994699161658,1.3713659148149104,0.27426899788633774,0,6.073454896886061,10.989347878008555,2.077153552140231,4.310007908300188,-12.733364887825442,-1.6981880996984358,1.0588478002478547,105.73,30.8651817116061,3.43,Mid
ELDN,0.6136600922409996,3.930000066757202,132.56381719360047,4.8279552071558545,1.060386193370697,0.529152439210084,3.435114201926706,0.8905874103626301,0,13.726107548880451,3.9682565201872055,-4.692077517241823,8.331515005311985,-14.56521416565619,-1.392763006026566,1.3048452316077972,5.6,30.716295427901525,0.3,Small
CGNX,0.625518027965314,64.20500183105469,64.31878606070454,-2.1403199439313196,1.2689546219245595,0.7797875681792539,0.3426543328798539,2.6555591969525594,0,27.833874440592453,9.743573893978718,-4.587308335220034,5.896291418536857,-11.903122597658172,-2.606282991361682,1.3117040107558122,164.52,30.57913247362251,10.68,Large
GRDN,0.6026206874457054,39.970001220703125,25.32509959351057,-3.684424021373784,1.2120741885330493,-0.26278087846416615,0.7255368825773615,1.5261460888330949,0,20.80443095328075,16.22565260228542,-6.4476300390365475,5.413346207237462,-9.159088134557464,-0.3516290211579822,1.3583080659257176,17.73,30.485345838218052,2.53,Mid
SWK,0.5596636092487594,89.37000274658203,9.400653008758585,2.8115893227913134,0.8286396404341916,-1.4255756206304695,0.3608531911393085,0.111901197763285,0,8.887484872058966,7.914089591066649,-7.688346559319231,3.8563600878004145,-6.0844900090855605,-2.8285807529121727,1.16113890165011,157.73,30.302461899179367,13.89,Large
ASML,0.6232272462432038,1747.280029296875,40.635957972589964,-4.732694317873219,1.2256718848238897,-0.043666967887357605,0.78636452108345,1.1411989533390732,0,19.879441886223283,23.22590670406473,-13.510669162779502,5.994173860747731,-12.634249513777895,-1.716246142455129,1.2092737244759015,3364.51,30.25791324736225,673.43,Mega
SPHR,0.6382263637544666,156.47999572753906,55.9097054609498,0.01501726253727743,0.9606577225946041,-0.28285701567663835,1.1375248133217044,1.425041050405649,0,7.6145735043349845,45.657633140250084,-9.856630824302105,5.40872098827854,-10.37801245272003,-11.402200585262642,1.2055667973219775,116.58,29.996483001172336,5.6,Mid
XPER,0.613284575191458,7.889999866485596,26.71298709662413,-0.20868991141611415,0.8336977054518538,-0.8624616811804474,-0.12674561533323364,0.1267395717696568,0,23.636105422952696,2.2020735866846994,-3.9083552403248705,4.485786285277284,-9.82857295332707,-4.043549545608293,1.230883199931511,3.94,29.973036342321222,0.38,Small
TEX,0.5941874764676979,66.61000061035156,11.670920454422529,-1.031876616257149,0.9225441639034738,-0.518020940298679,0.39032353167645767,1.5613284881881664,0,25.264667779986098,13.529990039066062,-5.892114916185271,5.089326600359041,-10.818050029232772,0.9711833980824711,1.1627020802044483,90.49,29.97303634232122,7.61,Mid
AGL,0.6418281685753519,107.47000122070312,527.7753683021034,-1.9787569243466239,0.6775832614981059,-0.5397558197069747,2.0284733231542376,3.270679584712424,0,9.199777284286666,77.16782309638657,-16.582349448476023,9.237925529224144,-14.509583960276546,-6.193013248301219,1.1689667716993604,45.55,29.849941383352874,1.79,Small
AVTX,0.6062887765936893,19.25,3.073450819743484,17.17085609852449,0.8077128142826784,0.08054511210552454,1.2987012986338335,0.20779696376761445,0,25.164259657572195,-11.737732822151589,-12.671754190431189,7.358071888090286,-20.68397347702149,9.152544958496279,0.9769192863123237,43.54,29.811254396248536,1.01,Small
PRLD,0.6364766332957246,4.96999979019165,72.02249428832002,11.497472527789125,0.9313139702629856,-0.24225316176228331,0.8048282401121913,6.438625920897531,0,6.414143958091977,13.470311876723304,-17.84776478668552,8.74245398997518,-12.65378312235005,-18.863634216537612,1.068639414196134,2.42,29.60140679953107,0.4,Small
IPSC,0.6194210028294057,2.309999942779541,122.13201835095818,0.5003237475253041,1.5506823615843017,-0.02455506594444745,0.649344885309973,1.5151449464905116,0,44.99981680680445,-0.43103408390917197,-5.633797138749995,8.1199745026289,-24.01315881558052,-1.3274323673933628,1.3349069624973926,3.0,29.56389214536928,0.42,Small
EVC,0.6173918016228112,11.899999618530273,295.5150047749487,9.704778271678318,0.6421008852223458,0.06514294654489437,2.268903468250809,1.9327693242851285,0,8.753625787125422,55.590180870833585,-10.148224244644224,7.304921676317249,-13.391558829001607,-3.5714313928742683,1.34558458846689,40.39,29.561547479484172,1.1,Small
PRAX,0.6062887765936893,323.95001220703125,3.082261386561358,10.427841288772688,0.9812454128992589,-0.11132245440760735,1.1297956495154944,2.503468141978184,0,35.28967250082008,-1.1714805936046886,-4.952750618982716,6.456663170061437,-11.614639878464184,3.267602952602751,1.0267631849972638,171.41,29.48182883939039,9.03,Mid
MAMA,0.6108361618159458,18.3799991607666,32.12125001837276,6.879102367191183,2.089991888679301,1.851922369453783,2.9107718814535986,1.2513577406182081,0,9.785669952415594,2.9691807727767925,1.5841569448541364,6.518731162133225,-12.476194471945888,-0.9964369234015696,1.2012597453084726,10.75,29.355216881594377,0.86,Small
NWPX,0.6302283212157994,135.41000366210938,104.8054370987352,-1.2712007515762265,1.2198928561942033,0.7863904266788567,0.6498141247136274,1.934872095930937,0,18.830924906382428,-8.512932445288007,-9.417462437170753,5.4712151283628465,-10.932049760261826,-17.127200345463194,1.3972395424573747,25.59,29.325908558030484,1.3,Small
PRG,0.5886789179964256,43.7599983215332,40.29077447419387,7.174779865967781,1.0935984335335094,-0.44307984212212714,0.8569470163962561,2.5137077611693486,0,8.78683908742553,-5.096513245848506,-9.276597043038032,4.55161321588419,-8.067227469754917,-14.181015753354925,1.40110369766449,24.46,29.24736225087925,1.75,Small
OSW,0.5600379155810382,27.309999465942383,22.886622872319418,1.9657597683229888,1.0122074028762569,0.09778340341388932,0.32295722153080814,0.8055632282995545,0,8.554518523135838,23.854341469084083,-7.1458298397964635,4.357691081451331,-6.626093335823992,-5.070306039178732,1.4166652224502843,22.83,29.056271981242677,2.77,Mid
LION,0.6426163513907994,13.9399995803833,39.8636867263582,-6.2132098161311955,0.5936821335970308,-0.5785554891918532,1.0043066537083878,0.07173081425966067,0,23.13422337249342,-14.792181782005057,-6.865672406087689,5.74912874108155,-16.52695243293558,-9.700171189568975,1.1033873280745252,52.76,28.539273153575618,4.05,Mid
BNED,0.5878810373724291,11.369999885559082,22.026974259714404,-2.457857161221172,1.350188772706095,1.0510826583137076,2.5329824950304487,0.7862822544840535,0,13.987185046558334,-17.248907750117976,-7.232401236301856,7.618670415029744,-22.91525501160519,9.124430321606422,1.5328223754437318,3.71,28.35052754982415,0.39,Small
MKSI,0.6211914639729408,349.57000732421875,97.80407834151296,-6.9636823356723925,1.3256924478313827,0.8150029356349375,0.9812033652504384,3.859023929883301,0,14.71000357494859,49.80836337620074,-17.91480511791005,8.648993046777889,-21.904738140010945,-1.1370125709844512,1.4543047924562857,479.15,28.33411488862837,23.61,Large
AMD,0.6390157351571678,516.1099853515625,120.92391396389002,-0.8937844356468889,0.814709689175547,-0.6449942363653272,1.716685513362062,2.512066656996017,0,11.07249583556792,157.81006996143327,-9.689523986489142,7.48788401169341,-11.735330393365633,-16.100614359511383,1.2073875053111114,19053.88,28.24267291910903,841.57,Mega
SIMO,0.6358420977744613,294.8999938964844,206.34557836791717,-2.0615570239089007,0.5794498778635234,-0.25048773148235937,1.7809371825229212,3.560498021209079,0,14.438461561502494,35.863534187289744,-8.42287475805047,10.034392925409364,-16.92957918404122,-54.07042401499631,1.1277972241589793,338.44,28.143024618991795,10.0,Large
TSHA,0.6043808042551408,6.5,13.780745003773287,4.510008153347387,1.1408168688659075,0.14760915559801954,3.8461538455621302,1.076918381745378,0,13.931563282339003,4.669886634861644,-3.818182511068924,6.624175166035746,-10.958906434559164,0.15625357392591221,1.0850432562673127,19.29,28.128956623681127,1.87,Small
ATEX,0.6253652479698195,100.9000015258789,343.8623755065649,18.561866181332032,1.3453155653815159,0.33430592269355813,0.3766077776686066,2.259661788696309,0,5.325695947757401,192.97330298294202,-23.799520941438047,7.238213231042054,-9.830205406527853,-9.321264390669569,1.5440698512368995,47.21,28.043376318874564,1.97,Small
OVID,0.6220913419047048,2.759999990463257,46.78940332030652,12.49235761537277,0.8359267188687028,0.14232824161295693,2.1739109769971816,4.7101404501605595,0,14.718747412663703,20.000002064509424,4.1666724598263425,6.948757022874102,-11.111111960703445,-3.358205667682288,1.1916939372344595,7.09,28.041031652989446,0.52,Small
ADPT,0.5984102347962326,20.81999969482422,20.832314182950928,9.483867139031391,1.1082253573357197,0.08957916071715473,1.2487911879525624,1.7771322636425149,0,8.305808731307993,24.076274389864672,-4.142016442003383,5.775009131035821,-8.684208808792725,-2.0260542171365707,1.2002882270889286,56.54,27.81008206330598,3.33,Mid
CAT,0.6026836341107338,940.1199951171875,47.741579255710256,-2.7513212180049833,1.0311158421445858,0.2293509204055996,0.37229290071210497,3.253836316550939,0,17.645106759222248,-5.749544073537725,-0.6955785623428598,4.981962054296882,-12.421512741261127,-6.569368775281563,1.354923955367886,2995.86,27.731535756154745,433.01,Mega
ABSI,0.6130436075510587,11.329999923706055,203.8216437135916,27.69434423713352,0.8079449114332758,-0.1867832184592548,1.0591340366861945,1.9417499425492386,0,4.288441186546323,12.456577052857442,-6.250001396007278,10.1305004889099,-6.014105044014877,-25.31485814928341,1.5744256081645265,72.23,27.712778429073854,1.92,Small
FLXS,0.6302283212157994,69.55000305175781,65.66125937613896,4.591847468951543,0.9659071619014149,-0.02883393210522985,1.315601546175722,1.1646371710060803,0,7.549019607843135,21.838219093306435,-10.783288665234473,5.586301642270213,-9.897654032786003,-14.540181041050303,1.4803790961273722,3.85,27.688159437280184,0.28,Micro
PVLA,0.6073709845180717,145.6999969482422,35.26439901818301,16.103941997115317,1.177101862605291,-0.7547614089456175,1.5511391990024026,2.10707439155833,0,10.114645502523697,-1.779694927062839,-0.12882984448890597,6.947103960620085,-9.71620241668683,-0.9996097929518074,1.4363957163805905,39.64,27.61547479484173,2.09,Mid
AVR,0.6401188823348529,9.920000076293945,91.59723587850768,1.8062409584922179,1.3953940247338619,-0.0074554554598994785,0.3881127573351719,1.2903251855047462,0,6.068229073080576,63.69637243110227,5.082994888906354,6.848719210184077,-10.266849366325008,-11.211570740038965,1.3009497832615757,12.8,27.54161781946073,0.97,Small
SWBI,0.6164888861209774,15.4399995803833,47.49648091855616,2.7587982777009046,0.913064758496388,-0.29976326691003025,0.1943049705887362,1.42487223441426,0,12.957908512880698,-3.1429054985234495,0.4048534377701241,6.602974609887426,-11.306257427680148,-2.5742582805890537,1.286086857353646,11.44,27.525205158264942,0.69,Small
AXGN,0.596271297628954,44.56999969482422,33.74541375819857,1.235632304886243,1.2892211742741382,0.2072291083296001,1.7949276251296435,0.8301524218305772,0,9.782682369527333,-0.8012477362526953,-0.4672915105138587,5.971345618666284,-5.069224769732538,-15.477147658350244,1.3556353345228584,54.57,27.21570926143025,2.37,Mid
APH,0.5910891397562213,158.61000061035156,3.8952336757697825,-1.3173757453668928,0.8340195629164258,-1.0766434706364107,0.942560438449746,1.494228048705954,0,10.81571909886719,9.045794940028879,-10.798936691547246,4.683510357884656,-11.152813794251756,1.9376699971480684,1.2110644347990493,1665.56,27.209847596717466,195.13,Mega
BB,0.6136600922409996,11.100000381469727,182.0764980562594,10.475247022437587,0.9903885843203675,0.6034309643446235,3.5990980128199657,3.9189225642162775,0,10.218209324657026,7.350098816179634,2.3379412388187504,9.272523509789425,-18.322293914476376,-2.466795348894761,1.5394952020702863,403.71,27.126611957796015,6.51,Mid
ANET,0.5662067342155894,166.4600067138672,14.567028910673564,1.7003042915323219,0.9117256522028846,0.0398637116582698,0.07208645461191296,2.312871529622356,0,16.984316325196637,13.191900909295127,-5.814481734766008,5.993459393049809,-7.419352675970944,-0.0927288665769848,1.2455103682780018,1701.99,27.080890973036336,209.6,Mega
AAL,0.5862760370259124,17.200000762939453,1.0823405196098923,5.706300874245707,1.478660281154086,1.3426694776711992,1.0465133557037956,0.9883724926940575,0,13.661748578090958,-1.3761454343749604,-10.962959571308877,4.210964203028191,-8.461948243916027,0.5942249270375912,1.2553494926525945,1699.06,27.00586166471278,11.38,Large
AROC,0.6183096317293191,37.93000030517578,34.24444052900326,0.6942144414733166,0.8985388676315295,-0.28536614480179484,0.5272891150145573,-0.07909990443436825,0,18.25987585503853,-9.58283762707174,-7.0467830221606835,4.715451976322354,-10.182333136561086,-7.0737784613463885,1.4478915954571825,76.36,26.89097303634232,6.65,Mid
ASTE,0.622199315535021,56.0,16.05729380284815,0.08578807742706691,0.7964593751475617,-0.4189915073570959,0.23214476448734453,2.785716737969926,0,47.77607129887423,12.652095012625217,-2.2695588294146085,4.405611875105877,-14.529153245969242,-9.793982815740355,1.073050290446827,12.86,26.827667057444316,1.29,Small
ASX,0.6245318400471306,39.650001525878906,127.50895775477767,0.6424007749894675,1.2743475776665067,0.8216390722086113,2.269855426289274,2.1059340908319255,0,13.802098569321192,17.686934260051583,-12.018797734902268,7.969856746474006,-12.414399988804968,-5.3673314452195875,1.3957288657272806,436.39,26.744431418522858,86.99,Large
TSM,0.6183883501231582,432.57000732421875,26.01352098985663,-1.4048160347468164,1.111703454831042,-0.16366886200000377,0.4114938042753898,1.0287380381612083,0,13.421981980433362,27.26985894805829,-2.349101927081338,5.43908730855826,-9.693109118096935,-3.5018006416845138,1.2630651469751673,6067.4,26.705744431418527,2243.51,Mega
CELC,0.6365454598157274,115.72000122070312,5.0582402977064955,20.92270108026938,0.7764271047458666,0.4881929622279775,1.2875888766324037,1.3048756656487746,1,33.31085561706931,26.580620803104033,-0.30584988240983013,4.559712717188245,-23.374388857676095,-6.859810745803623,0.7632300057700327,173.0,26.48065650644783,5.64,Mid
MEI,0.6194210028294057,15.699999809265137,127.57205453991074,9.774855709732256,0.8160099661463517,0.40772942758816483,0.06369572613177667,6.050954272266921,0,11.528700362507209,13.193943321365428,-5.716803682407955,12.274793907636823,-22.96368765451798,-2.295922214917382,1.7149427553258485,16.62,26.018757327080888,0.56,Small
PRM,0.5998942697433218,33.439998626708984,11.527013082616811,-4.321831588047498,0.7416479114894686,-0.49153345602672427,2.03349381902283,2.4222416023742643,0,26.09790757130072,-2.7907059783698287,-17.606105437598607,5.792251689198962,-12.39193023058797,1.9734733527761537,1.278428143881248,54.64,25.98593200468933,5.45,Mid
ALXO,0.6312380941707006,2.359999895095825,95.18860763107236,32.658791890772825,0.9206197163814213,0.5134713618959272,1.6949238149450443,1.2711852843468257,1,6.43086127059148,15.686271523028081,-2.5974079238425523,7.884382253176614,-11.278202291049721,-6.918239743818912,1.3748815731096602,3.34,25.984759671746776,0.32,Small
BBAR,0.6031777205387677,20.079999923706055,3.402093319959598,1.8652052028117057,0.7396028186261677,-0.2674960443505723,3.0378516565681317,0.19919824864888025,0,12.587298441161726,15.27529432185176,-17.90449487680732,5.778237237844755,-10.279537604103412,1.3148774380733597,1.1287993903882754,14.32,25.88511137162954,4.1,Mid
JRSH,0.6265082386729798,4.559999942779541,43.677612811018165,6.299900087543418,0.09021173764841008,-0.1169791538037548,1.9736875810856764,1.535091502728343,0,3.009363160976547,21.599998468361093,-1.1695895014329085,7.608084845823621,-16.63619528610373,-3.2544310243756027,1.2097116380973856,4.42,25.09730363423212,0.06,Micro
VSAT,0.6302283212157994,76.72000122070312,93.8511017231654,9.899083759136103,1.4917840427906017,-0.06889322065028128,2.7893630807751584,0.6647577269409578,0,12.766073418656687,-7.588527676498711,-4.4507261836000085,8.975123960611505,-17.531976537065262,-5.321191648398125,1.3587758471871547,208.94,24.749120750293084,10.48,Large
KYIV,0.5628115761149437,15.670000076293945,8.057125758978723,7.557142709528093,1.965524553309174,0.007146522487476979,1.2610045311809959,0.12763533927898843,0,6.3938108517978405,38.06167003744364,0.7283279761263494,4.107758867801752,-5.317215717707347,-3.3014779048776712,1.379585133806438,11.07,24.73856975381008,3.62,Mid
CEVA,0.6372321676840698,42.7599983215332,80.69378219346194,-4.863617655226713,0.7689538359898527,0.4425451822125892,1.8241408432962996,4.022453901259246,0,27.811787984965957,17.279208434129547,-5.621837643981293,9.78217353868076,-17.131783747726452,-23.944811979655,1.1973372273935816,42.18,24.65181711606096,1.19,Small
SLS,0.629482720566903,13.5,200.3160555843161,31.675201351080574,1.3899769997967262,-0.04965788798179701,0.5925920274083613,4.296295730837716,0,8.507405554103133,-12.62135814376863,4.860262949334009,11.02645510718936,-14.98740615327027,-6.681033440363635,2.0577788371373704,134.03,24.495896834701057,2.65,Mid
SION,0.5816767057813252,44.93000030517578,4.559339924831818,14.710989810088604,1.114456490639864,1.4440550004284316,3.8059182568881735,1.491204461116416,0,5.177215480259687,6.5196775249841785,-1.5549879944983338,6.398366536720418,-7.255649523621358,-0.9126526798832011,1.0753088670797604,18.78,24.19343493552169,2.03,Mid
ACHV,0.608006938977134,6.519999980926514,21.15834908495493,13.499868766785127,1.1707666142089108,0.22470564332289739,0.5368074771338834,1.8404890474190578,0,1.5354043651464395,35.55093675953997,-7.602336407590424,7.181200534086872,-8.298173578419856,-5.7831268806051375,1.1530840120114387,12.3,23.82297772567409,0.67,Small
PENG,0.6352277667219945,62.709999084472656,199.1921135079639,-3.3520856407810795,1.2362329321069867,3.1840285693063874,3.6086756837563003,4.0025488090218575,0,21.076628322157216,29.91505798522802,-7.133305378310779,13.21047010450291,-18.97933094523882,-10.141250181317838,1.4097269082126536,216.36,23.710433763188746,3.3,Mid
SLDE,0.5526166928884438,20.780000686645508,1.9324350120452527,14.53137839138488,1.3905713235557027,-0.44828893936417674,1.8768016205134526,1.0105918425024045,0,2.7191582892388744,26.939521203770646,0.23894270443977275,4.311149970821343,-4.635154595683233,-2.3600456715550404,1.4099524283037808,29.8,23.07268464243845,2.38,Mid
NUTX,0.5923487163805066,187.89999389648438,16.767894924502833,19.284355127932727,1.1374045862876359,-0.7716009718145936,0.07982645096104132,1.0989820381494084,0,3.0449159548084874,108.13025746129334,-8.907155807145688,5.282558606083762,-7.892159854625835,-9.057633687078457,1.2165655477014583,28.06,22.871043376318877,1.29,Small
ATLC,0.6092481022409246,97.37999725341797,36.738364363664466,-0.5306481457423873,1.4479667699148397,0.7303691072713816,1.1296016990447384,3.3682469416459826,0,18.746206537761203,-11.80147267130745,-9.845420843552462,7.008626422756597,-13.524556677249805,-4.185256350399951,1.366184803175258,13.24,22.758499413833533,1.47,Small
IQMX,0.594046198706424,12.890000343322754,16.096465876558817,15.135548185026446,2.8087575284968276,2.0729953217848816,1.4740075663922214,1.086115900566406,0,16.218787735035363,-3.9493273466363674,3.7803788409994805,6.392552335426579,-14.63576147132196,0.183154373828797,2.2216478930204113,6.91,22.14185228604924,2.72,Mid
GVA,0.6013725941890721,144.07000732421875,11.610238965737164,-2.1851537616022734,0.7656722845175752,-0.695908575179319,0.5865212589291038,1.7248563087402409,0,15.563906574713512,10.286000628340041,0.5305999240666075,3.9413417724982573,-11.039033713307482,-11.820851386745595,1.277586435633778,119.92,21.72801875732708,6.3,Mid
PGEN,0.604737261919424,5.510000228881836,18.709537988130265,9.77189329154026,1.2060892354696657,0.9547692284487365,2.9038083618290633,1.45191283494608,0,6.710721182531949,41.64524626924439,-24.301673292088566,6.442829440065862,-8.774830070045946,-5.050500184040878,1.2770412277034733,26.54,20.88042203985932,1.96,Small
NEO,0.5882448436732839,14.5,13.270538522397924,15.317322102977974,1.1151226249899902,0.33347567016402285,1.3096513418412525,1.5172432207836977,0,4.4670527861998135,39.69171329227942,-2.2935780617098183,5.305368677148678,-6.872188283415229,-17.0670089423672,1.2658526196475397,38.88,19.709261430246194,1.89,Small
INTG,0.6302283212157994,43.43000030517578,55.22996994019318,7.156516357045666,1.563711746427051,1.8953021257561948,0.1266412728253197,4.052503163303444,0,15.981222344511576,8.250252894642875,-0.21525121106003814,11.343377611058685,-16.48076864357579,-18.135442178989386,1.6456782194496744,2.84,19.320046893317706,0.09,Micro
CTNM,0.5874988448655535,14.5600004196167,17.802652105068706,10.747703265857265,1.4104798527377724,0.5037906507525233,0.0,0.8928579030591246,0,18.974493468519995,2.607476040512534,-3.394258930005687,8.592522532964525,-13.897099047082964,-3.2206088248062628,1.3758927336852897,4.63,15.778429073856975,0.54,Small
GLAS,0.5844857674306606,11.5600004196167,18.84524656198554,-8.109931415539698,2.4365375656383876,-0.17576732052322774,0.6920408373288526,2.2491368462075325,0,26.517137096774196,-6.168825438081108,-7.7410931715961455,9.02990418248753,-17.0136384312092,-2.77481571002788,1.4312762559555834,3.87,15.715123094958969,0.99,Small
