Ticker,Win_Prob,Price,RS_Rating,Bias,Vol_Dry_Up,Vol_Z,Up_Shadow,Dn_Shadow,Turtle,Ov_Supply,POC_Dist,MA20_DP,ATR_Pct,Dist_52W_High,MA50_DP,VCP_Ratio,Dollar_Vol_M,Resonance_Score,MktCap_B,Cap_Tier
BAP,0.5613149211530708,400.80999755859375,32.85807400910268,5.06035911789099,0.534962844892884,-1.196380120587779,0.3393168527285583,0.04116115574667534,1,0.0,25.2961890663687,-10.032417224534624,3.0515000436063295,-0.33816938700767246,0.7233756533959569,0.8517235815381147,194.8,70.97243660418964,31.84,Large
CVLG,0.5673115619964635,46.11000061035156,77.22481472178278,3.8548607471820304,0.6575384894606444,-1.136544610368462,0.9433991922002385,1.778355419545034,0,1.5492084952960397,2.4439065314687403,3.4490597615383574,3.4862269303417404,-2.392042819520892,6.859106511001009,1.0376272449407797,8.83,68.51819184123484,1.16,Small
BZH,0.6177999071379728,31.889999389648438,47.41998815142372,13.322196818900577,0.9671039228899805,-0.3822644417614079,1.61492442611792,-0.1724628374978157,0,0.0,26.74880597291049,-1.7424280244344705,4.151546494672001,-1.589259092833453,17.565138396374874,0.9453005817595057,21.64,66.98897464167585,0.87,Small
CAKE,0.5558067062365933,82.76000213623047,40.10071850083858,6.6694191375877665,1.0655917118258276,2.126005311717108,1.691640272746079,0.2612394594529642,1,0.0,33.57619386346057,-6.938535409009377,3.1545613596725928,-1.6634998395236307,2.4728800440213927,1.0737882090194202,108.67,65.03087100330762,4.11,Mid
ELVN,0.5887025428906664,51.09000015258789,220.19060581020148,6.65191598868545,0.7534771763423738,-0.5398666114945662,0.21530751618883587,3.0925852932175593,0,0.6605323019874838,2.016769737589614,-21.24324489226792,5.28968579270018,-2.481388150755725,3.2573236995344623,0.9114502529276327,74.13,64.87210584343991,3.65,Mid
KFRC,0.5789781079610903,54.630001068115234,63.13920309504108,11.11450347020148,1.1067575043051032,-0.44631269069179796,0.07321453422538969,1.409301227471557,0,0.0,20.059856694927653,4.195406398814568,3.806124322219404,-0.7809667534381136,4.272948811105412,1.0918677660908445,11.3,64.74531422271225,0.97,Small
LTH,0.5532275903099443,41.88999938964844,42.59885434274939,7.986181123246755,0.6068218186484058,-0.6708413058604218,0.9787535291863436,1.360705903833138,0,0.6545732170989628,61.98761949085303,-3.562869976970881,3.0547688438866567,-0.9692667962111952,-11.753511363693846,0.8982013490235078,135.99,61.61631753031973,9.32,Mid
VSTS,0.581821846799286,14.529999732971191,100.82385096898045,5.480941799755946,0.7420594167942837,-0.6469154139453998,0.3785292923797537,1.6517600081668131,0,1.4659616103602708,21.083331106336317,1.6897101326961008,3.8889997336444124,-3.5192607692092253,3.6382477330839063,1.094571686219815,24.02,61.31532524807057,1.92,Small
ZD,0.5542427039666059,52.18000030517578,44.22591588161002,5.834272461649418,0.8234971332677983,-0.4445717560280102,0.9773900598657286,0.4982792922668805,0,4.499823496290505,25.795566250637002,3.2314401023099246,3.546788025130005,-4.694063369456216,2.9442902278643865,1.0159732296677826,33.99,60.01212789415655,1.92,Small
OSUR,0.5756148379498962,4.295000076293945,61.05405122238241,-0.5153723612148438,0.5192672441371804,-1.1869681138276458,0.23282309347426264,2.09546335199591,0,11.111702839673384,37.220444692824415,-10.918103160472151,3.8000994625356195,-6.222704194267005,0.33222559772817545,0.8189433947337637,3.07,59.94597574421169,0.3,Small
VCTR,0.5519838592887331,92.23999786376953,31.410442144910068,6.565921382671959,0.747083070045731,-0.9384308338615172,0.6396400487239218,0.4119658089921815,1,0.0,30.050206142293685,1.0414898190823598,3.1152438101944893,-0.6355746586675438,-6.626426878922883,0.9480476809927241,46.43,59.82690187431092,5.77,Mid
CLMT,0.5703040315183497,39.470001220703125,89.58443940985401,11.908140445718479,0.8600247855607862,-0.8842034682046195,0.6584725902197027,0.76006898346785,0,0.0,12.642694604172455,4.329004138243431,3.545169305783384,-0.6541650923915192,-18.05965318704023,0.9622179869045567,36.22,59.76185226019845,3.44,Mid
ATEN,0.5878951792384584,37.16999816894531,102.69411838054961,6.1135883245746525,0.8821876369636389,0.18329622154539157,0.28248465807358586,0.695451057936366,0,2.6615856846139563,73.5775178960533,-3.783098617684319,3.8987867622975645,-3.4294711663410102,3.5549188465593287,1.18065965797293,43.25,59.26460859977949,2.68,Mid
RXO,0.6401681010997854,26.25,81.68431541519585,-1.9021634642405714,0.45529872254301085,-1.000281276738713,0.495234898139616,1.0476175943611323,0,15.574024946267503,102.07852549268863,13.66956627839682,4.5466681240367235,-12.089753973344482,6.813524039180746,0.8444949089661496,64.02,58.64608599779493,4.33,Mid
ILPT,0.5970721848938598,9.0,49.128342515186255,2.3774327520476666,0.7220912452022002,-0.489573068493424,0.0,1.555548773698689,0,7.138469248365221,0.33444517363190623,3.9260988283993186,4.234128528171115,-3.948771505214564,2.4869117868583155,1.004057124841618,5.11,58.622932745314216,0.6,Small
ARCB,0.634863919980612,147.1300048828125,66.38408090533207,-1.6191713604506879,0.7911797627086741,0.13588844807672776,0.0,1.0432974995967386,0,11.273356509826131,0.5742098812124098,11.691691166332232,3.8233946677637363,-16.729864253767897,7.506262381691772,0.9262806386503459,59.88,58.42888643880926,3.28,Mid
TDAY,0.5810256199057877,8.510000228881836,41.36200438459829,3.647770263020826,0.7631717570125071,-1.1691623139897158,0.2937675423614009,1.6451273741586943,0,4.707002742928259,30.12232841312449,0.0,3.6050008841939074,-4.3820158013559665,2.5710427689778212,1.0396036494689305,14.18,58.33076074972436,1.25,Small
KNX,0.5712968619222509,75.19000244140625,27.098118531638438,-1.815092039261503,0.6583150283558901,-0.15856059247398896,0.9301691758953432,1.1171750764718742,0,19.413594146893136,10.80683551944749,7.87381433904201,3.4122496011139933,-9.25657508128783,5.966738587454243,0.9346146057633412,335.92,57.273428886438815,12.22,Large
MATX,0.5723245864583714,204.77000427246094,47.821136733424716,3.191963654144328,1.116586316943279,-1.117080423815702,1.0304246551334508,0.4761469371332088,0,0.9829995529214861,32.30928874826244,-0.07238518003330667,3.0422637864421493,-1.4960556750466658,-6.694773707186874,1.0909260105620153,57.0,57.16427783902978,6.2,Mid
OPY,0.5925986109498,115.12000274658203,48.536693452635845,5.830224553292216,1.3535488080813005,-0.6807193446339476,0.0,1.2595591930414323,0,5.4116725255177665,2.932766913504301,-7.59468221966851,4.356633266732664,-2.934229150322516,11.316374473999938,1.1762083313472014,11.96,56.772877618522614,1.23,Small
PAYS,0.6036284008880605,9.0600004196167,74.83647383268239,15.135345761550866,0.5590273919858221,-0.32080161714349337,0.44150066220752576,1.6313514204735555,1,0.0,75.92233497252163,-4.892088659998393,4.7759378236855365,-0.43956000188838906,-2.896342360499938,1.0047428489820784,6.48,56.45203969128997,0.51,Small
ACHC,0.591344277037653,31.280000686645508,118.09314571328314,13.124301691158246,0.8368515387072593,-0.2369996629810461,0.6553705856759217,1.7583156404034566,0,2.5071653374889236,14.07731801411615,1.714763069893277,4.769135862811252,-4.692257838060399,8.37563260423759,1.1226810736349886,99.05,56.39140022050717,2.88,Mid
AVBP,0.6188481617898379,33.689998626708984,61.47618623031668,2.3288965205492755,0.9300902069834792,-0.28770173810662714,0.9201584622091646,2.330067911509119,0,10.383564117251513,-0.9117687449467587,-2.853397329405617,4.946359851311723,-5.972657256275066,0.6990711897939762,0.8212481399715503,18.77,56.049614112458656,1.57,Small
CNC,0.58698755620407,67.3499984741211,37.08729229387202,4.045971996019353,0.6719111446955109,-1.5225515229501778,0.43800768466874423,1.0690441529395007,0,1.914778191832787,85.02746057685667,7.1931392892422465,3.295684494259004,-2.799830301262866,-6.87916051712094,0.9640424467532088,384.79,55.652701212789424,33.26,Large
CDNA,0.6049509124093506,28.510000228881836,40.78507478622413,6.311178558507377,1.033048636555645,-0.27560792217582936,0.7015109131070044,1.4030151361101244,0,5.78939382870758,27.163247687744622,-0.08525344647629136,4.794307642917081,-4.966665903561658,5.522588283177687,0.9779062550045884,23.9,55.592061742006614,1.47,Small
DINO,0.5636668247440095,78.06999969482422,54.750861279614305,10.98632321309766,0.9893483287999398,-0.9496389814160066,0.8966273228762786,2.017426135228949,0,1.0895693203116614,53.97826308474056,6.854152526331342,3.3985061916566623,-0.9138230896404195,-18.76295636661688,1.0324906773803324,190.64,55.49944873208379,14.07,Large
WERN,0.5514504409190413,43.849998474121094,26.942300614229175,2.957274605693908,0.7512414539654918,-1.0953101743284503,0.43330090767061386,0.8209733367688623,0,1.5360467144232073,2.8584687089842333,6.713449494387737,3.261430061702582,-2.98673067699457,-0.7848669359499554,1.0466569742373095,49.07,55.245865490628454,2.63,Mid
DAVE,0.6038593711454546,400.75,60.65930316703789,16.782429639638124,0.7353797485559411,-0.9675403411758885,1.559575795379764,1.0031164101464363,0,0.0,41.828285483503095,-5.514951191567741,5.838729332139516,-2.017114914420496,5.288292717166209,1.1234790473261265,242.66,55.04410143329659,5.1,Mid
REX,0.5587046193441532,47.099998474121094,37.680039527240325,5.589988491087924,0.7306151125917221,-1.0245543963904773,0.8704880269341778,0.5944772576686482,0,21.820108962382818,6.754305562811767,1.2776667804778954,2.7343026590858974,-11.731638051928254,-8.142983054438618,0.7230563469854935,9.39,55.005512679162074,1.55,Small
CROX,0.5981331419136694,132.77999877929688,45.236753870336166,6.4543661026981685,0.8905792673804487,0.5185462576145948,0.6401612526914384,0.6250955254398232,1,0.0,34.85679465122804,-2.1239923618288525,3.968434781423829,-0.6360892557436343,-0.40968182997317,1.1410654765838615,162.42,54.64498346196252,6.6,Mid
ELMD,0.6049509124093506,45.650001525878906,45.21062573230643,10.724381808353112,2.323679202761444,6.6839531501268326,0.6133682029107359,4.118293549252747,0,4.170249355116078,80.72051112998922,0.10758718450225349,4.306055914972329,-3.691983003434368,-0.2719490887488008,0.9783906663079149,4.06,54.63836824696803,0.38,Small
AAMI,0.5535020210995726,81.66000366210938,58.96707401967192,7.392264676352223,0.8097297147804616,-0.6976090119354452,1.0254649483119838,-0.11021793197128686,0,1.890253733229336,8.66267731731454,-8.867767887902357,3.6665437410858934,-4.747462423197927,-2.1371907217852284,0.9998887624090378,41.46,54.60088202866593,2.91,Mid
DNLI,0.5967245451122017,25.68000030517578,41.442929443839915,4.2588630574131505,0.7192509018347484,-0.5543398765816298,0.19470850394481853,1.674455997075555,0,5.7804854759017275,0.4301940229179058,-13.973794640162978,4.4948819691171655,-5.934062187174822,5.682948254944297,1.0082104684056876,49.9,54.5832414553473,4.08,Mid
CXW,0.5764936622629896,31.889999389648438,58.22346011007235,7.696462215210969,1.2482620392401649,-0.880210750794091,0.25086210484379695,0.31357912631083684,0,0.0,63.87461916406289,-6.50283275492169,4.681270015498031,-2.177911403936098,5.590664246649101,1.4276530010680917,42.17,54.04851157662623,3.15,Mid
RCKY,0.5667571485574403,40.15999984741211,29.41533362712574,-0.6112795879745279,0.6857925738555634,-0.4782752641001746,1.3072747207683677,0.8590572891137606,0,41.285506885072806,-12.00831230615787,-3.707545544343368,3.788416957756936,-16.88670624666996,16.99361388588804,0.9359878541186654,2.62,53.66482910694599,0.3,Small
RVMD,0.6051155207457684,186.8800048828125,71.88769335514371,6.462494306309795,0.6292489921567858,-0.6804403075997332,0.0749140550030905,1.1183709022156196,0,6.215538236996235,37.10931819383498,-9.418129968115469,3.926240665399642,-3.58312507403181,-1.643309295523148,1.0838621273850584,547.7,53.41345093715546,39.73,Large
BLBD,0.6035305146459795,77.37999725341797,54.36688833965051,1.7023748607746776,0.7163344968775306,-0.7225354169354711,2.2098722475400767,0.5944676929364879,0,8.11503935048487,9.232074045064472,-6.753019140455018,3.9684487354066134,-5.0668688191900815,-0.7309694616790161,1.009267572826733,37.67,53.37816979051819,2.45,Mid
TNGX,0.6293756284309546,31.059999465942383,153.38210227467832,2.1727310652276777,0.6681226879323382,-0.13657029123200812,1.3522217756022745,5.183517829950738,0,9.327507464688319,0.42030119456754317,-12.587170752484985,5.8524965568461536,-9.68304734722261,3.739055885015831,0.9679987401824156,139.76,53.11686879823594,5.06,Mid
MOG-A,0.5578632861133336,407.1099853515625,47.08646590465491,-0.9287580811295311,0.731910802269154,-0.40097679526827995,0.35494273690372763,1.9073430793240795,0,12.089161165690989,39.823150208567945,-7.651843576969436,3.5708133516296523,-5.437611321064949,-1.4299680559374692,1.0182466480964478,123.69,53.02756339581036,12.9,Large
STGW,0.6036341066185287,7.809999942779541,51.30213977820135,9.62172721213467,0.8162901784842197,-0.921756005798639,0.9603109685299124,1.6005121754137681,0,0.0,26.78571649304114,-1.990806024609103,4.582037051320282,-3.341583953496585,1.1904750921408642,1.112499929095677,12.29,52.780595369349506,1.94,Small
PNTG,0.5708200374578115,40.5,30.0769198382995,11.923283739725743,1.181548070437332,-0.15841503744406157,0.2098742826433519,1.7775264786646368,0,0.0,12.781955366092419,-7.058831726867383,3.8378982947616977,-2.6559297064479037,-2.176025167266797,1.013390641587062,12.43,52.60088202866594,1.41,Small
MSGS,0.5604751888693689,381.8999938964844,39.25234145362533,-0.5436390777070087,0.6135533808722559,-1.3227486944327775,-0.032731081957952185,0.8091113870821613,0,15.402381904749616,11.74507929066056,6.364364895977169,2.9838030802582862,-7.245043182135643,-1.485767089394841,1.065560151215744,104.66,52.48842337375965,9.19,Mid
GEO,0.5999609898790846,30.469999313354492,78.141093428584,3.3599599857761877,1.050155756153185,-0.8667409300577424,0.0,0.9517588515032346,0,0.0,129.78882945785605,-2.5586397878260003,4.076609260053074,-5.519381973923455,2.4442034639071797,1.2410454769697985,64.86,52.48401323042998,4.07,Mid
RSI,0.6051010491273676,33.400001525878906,70.284085819674,8.70626853519922,0.6155775421836372,-0.67787398268426,0.36466905217390955,0.19461807914571141,0,0.0,14.816092645360232,1.8736953986052691,4.018135637771506,-0.36334404887474775,-21.541666983660534,1.0628907422396454,91.56,52.35942668136715,3.44,Mid
CF,0.5853277679252784,116.91999816894531,42.24727643321109,7.968343638043221,0.9533885233308304,-1.1220266222115318,0.051321577940039505,1.3318487813670392,0,52.40831733457762,-6.00693263771513,3.1209990805477132,3.0446452703430187,-17.302521272709647,-4.684818852951955,0.8526841837329059,344.44,52.17199558985667,17.96,Large
VLO,0.5639671798523168,280.69000244140625,44.26703758754271,8.557472235924077,0.7916023344143286,-0.7893947539646534,1.3751773550803672,2.0948394426762658,0,1.5670871176542251,17.578418796366126,7.062284061986751,3.582245387214591,-2.1440503329313914,-5.485488782558036,1.0827097268794619,871.74,52.14443219404631,83.35,Large
CSCO,0.5570423335328952,121.30999755859375,53.781680333195794,3.1491644091033026,0.7913010199985122,0.0837686145400705,0.24730282564751965,0.49047995439191205,0,4.382720655866552,57.66078498820616,1.2373754449217356,3.191737127884105,-6.601351512238045,-8.565515025624665,0.9816357059186172,3199.41,52.02315325248071,478.14,Mega
WSM,0.5594140630920487,221.75,6.356081048486306,-2.3781431254253174,0.6872317223698959,-1.4256460681252132,1.3258184628604248,0.11499656496565955,0,14.13999547211578,24.780604142142277,-6.866720444266414,3.07424664785367,-9.360308386551669,3.804690424869405,0.8756726745238322,273.05,51.73759647188534,26.11,Large
FTH,0.6063233894627948,36.15999984741211,212.2201405826632,61.41776058495891,1.9923862921833249,0.04924915551762555,2.018804052258271,2.654864735888025,1,0.0,37.75238036965556,-45.92462612387674,11.792628311507107,-1.978854850351074,11.164548030729513,1.2423365002096542,2.67,51.67144432194045,0.93,Small
FNKO,0.6365352495371389,5.579999923706055,49.823893880533966,1.201538816293677,0.727183420125739,-0.6253930524478776,1.4336904083429527,0.5376296303941571,0,5.622369565197761,6.488552812483281,2.3032607419851283,5.427548975425136,-8.374387783576196,2.04080904408961,0.9157721192705407,4.19,51.37486218302095,0.31,Small
ETON,0.6157707487024378,36.61000061035156,111.68290764174004,5.038160078589199,0.8231773258765194,-0.6522494511922281,0.0,3.796775106355623,0,6.043247510855739,107.4221042522939,-5.848134132205319,4.3762441640804175,-5.204553021936254,-25.745030432039904,0.8528638149597919,15.59,51.160970231532524,1.0,Small
DAR,0.5752838589766501,60.83000183105469,55.237431130179935,9.011409158632533,0.9014224351637606,-1.3504277552945583,0.3616656486556182,2.646721291899032,0,23.056252132122786,20.910356132765905,8.22385197841251,3.220920067577144,-7.861246706800874,-5.7231279993235,1.0194690045062602,149.95,50.808158765159874,9.67,Mid
ARKO,0.5925369753185875,8.069999694824219,73.41318545431015,1.6436777338805508,0.6213723476774692,-0.9267682635558085,0.185877867263313,3.335815801226156,0,4.336242481308536,4.6692562237272845,4.337049787172533,4.1637457681439205,-7.824105203706229,0.0,1.0570372514912354,7.38,50.58820286659316,0.91,Small
RNGR,0.556175100383063,16.09000015258789,6.794383781350621,3.071650826651627,0.7805368154139961,-0.7632451985959439,0.43505092701077197,-0.37290502824090893,0,65.61097591808355,-6.37020057829247,3.6825391978998687,3.0613516810459265,-14.158172100272687,2.318837008557442,0.8159136621046149,3.67,49.93384785005513,0.38,Small
SNDA,0.5621954285654187,40.470001220703125,15.58272691783431,5.397490936917031,0.6355977087205514,0.11720193491883771,0.3212188028011579,4.002971825247342,0,6.081672904122846,3.6894760092413637,3.263593357632243,4.0400300952929635,-5.421826700471359,1.4021132010056316,0.9445322748705457,30.58,49.515986769570006,1.92,Small
ECO,0.5963835417065009,54.939998626708984,51.35744196159906,4.5400900592591835,0.983398893827794,-0.8777408668033785,0.0,0.21841815595576697,0,3.243259730202814,12.811864623848187,-3.719508105574455,4.552367364501296,-3.052760893071329,-4.133896978058626,1.036537162852079,25.78,49.44432194046308,2.15,Mid
ESEA,0.5590556993006709,70.20999908447266,18.89625122076346,2.5839565164434792,0.7680119164542499,-0.5636115287935252,0.9827694778435345,0.1851548997454222,0,10.761734455072428,5.476631231347693,-3.7844385291487654,3.5078449789348327,-9.777030559316993,-0.6986120867603484,0.812547384677356,4.73,49.22381477398015,0.5,Small
SWBI,0.6233008452581028,15.595000267028809,44.2518353560508,2.7463394421573204,0.6887623491824498,-0.4186573518187585,1.090093449004045,0.2885483927299525,0,11.901544612919308,-2.1705663430017452,3.85154158778385,4.688806706940926,-10.415869385413258,0.32808636693432636,0.9154859314287618,11.6,49.02756339581036,0.7,Small
URGN,0.6019916813307374,38.560001373291016,56.57637653954626,9.591380686114777,1.069036328885591,0.9202229633216917,0.8039355486134233,0.5964718206407404,0,0.6469472862032392,46.89524332503643,-17.178576332568678,5.0079658230724196,-4.436176377884501,1.2023254785447908,1.1549881006055822,30.78,48.998897464167584,1.88,Small
RELY,0.6038594765075378,23.770000457763672,64.46127515751247,8.861920367889658,0.43642952935885554,-0.6910228700418494,0.004204672546505006,1.935216587897427,0,6.752567650183358,0.08421245373823052,-13.248332972415982,4.10631668140098,-4.614765710125758,-9.85654373210767,0.9994466353455932,119.1,48.94377067254686,5.01,Mid
AGL,0.6318131219921683,114.8499984741211,478.15874383512886,2.7322193522864997,0.5961509367404626,-0.4898220769783903,1.0100162625258162,7.62228670720316,0,3.4735378678638567,89.33399070578388,-2.9203552702026467,8.498115019005443,-8.6389314210142,4.15770560297821,1.03227873631496,48.34,48.94266813671444,1.92,Small
FTK,0.5966605478378705,25.559999465942383,24.182197903061375,9.692507060903587,0.7756567919262835,-0.010717756882057946,0.3521132803789409,0.09780758627403845,1,0.0,39.21567873554006,4.90693687526483,6.009669549923599,-0.3508777930716351,0.5896136763754248,1.046461156370243,7.91,48.744211686879815,0.92,Small
DHC,0.5965164753362275,8.760000228881836,55.11571750569251,-3.6144545439016484,0.6421103677264496,-0.7923592990985919,0.9132411142314982,1.0273989751836414,0,20.60920179125838,30.728793701037382,3.1567050344102205,3.726354764161418,-9.316766383575187,-5.966278026087619,0.9326587261290774,16.28,48.67475192943771,2.12,Mid
EPC,0.6076825036807232,26.479999542236328,48.99108733289812,4.721979269213032,0.6560108025114916,-0.24281120857891347,2.4452454795705516,-0.18881887433158193,0,8.63972225576143,0.991610357287444,-4.492817537999391,5.545291082747795,-5.462337286999595,-0.17550905549741358,0.9711056633439257,26.82,48.62072767364939,1.22,Small
PRMB,0.6037398774470839,23.989999771118164,31.542584494103743,-1.482487123005718,0.7499927563014726,-1.401236301195468,0.5210504426318437,0.6044204215966495,0,12.755930410915983,7.031430098230472,-3.583923217720686,3.3704519153293484,-19.739605660162674,-2.9456620994172154,0.8575316470882757,90.68,48.40352811466373,8.71,Mid
SB,0.5791054810673217,6.900000095367432,26.4991096075444,4.103286011573776,0.8059065972846875,-1.131401999974917,0.0,0.5797095839764653,0,10.028336376959171,9.00961988434452,1.9756855580059376,3.728268976551383,-5.613627546291215,-6.43712552098593,0.8453087779952111,5.03,48.35832414553473,0.7,Small
ASND,0.5636722777748546,270.45001220703125,16.74365491796328,8.013232425544986,0.7765603928824913,-0.7176829129581973,0.5361479539945055,0.9613629085421117,0,2.247678267204341,3.7200430324042375,-10.181610798336228,4.059662245391461,-4.146724062558075,-1.440920804144331,0.9049626816017086,205.19,48.23594266813671,17.74,Large
GKOS,0.6146935053086249,152.72000122070312,24.22145764227053,9.658288184161064,0.6949180744485124,-0.7465158106256377,1.6697243526445378,6.2925618998658575,0,1.7001072847351657,27.023202991223755,-4.016659224512022,4.025013000886689,-2.4776530852897705,-11.527209923945788,0.9272584015525738,167.93,48.21058434399118,8.97,Mid
TVTX,0.5840757700768068,56.59000015258789,45.91977224371544,0.9481171365612165,0.6335184801277985,-0.4206666081052861,0.8570429564149997,2.5976342405256645,0,8.898591919557038,34.322332583734564,-15.832258119991705,3.7662385724355714,-5.840263578352997,-9.562239925849275,0.949404731037096,131.19,48.16758544652701,5.26,Mid
LGND,0.5799125060885153,316.239990234375,48.09012981619312,8.339767058304306,0.9999403053865338,-0.5275745215328392,0.1818181467262159,1.7613132363477921,0,4.859097587577632,13.16919105043072,-6.002259436633684,4.574168326765178,-3.1809737296282363,0.008610654196878549,1.2288472219608648,113.9,48.07607497243661,6.34,Mid
KRYS,0.5518460901927553,365.80999755859375,38.418440198530824,3.1466913897940083,0.7901267271755744,0.3624801360763605,0.0,2.8047373866411487,0,9.358102311783622,-1.730020803596763,-9.36269634679882,3.6182149137232797,-4.372150507367684,-5.682036221910053,1.047984298216577,121.25,48.012127894156556,10.78,Large
MUSA,0.569923572464314,590.22998046875,28.888937890435294,4.263875348918902,0.9254047489535427,-1.2059101986197571,1.3054262482077768,1.1470034935713875,0,6.326026558729812,48.925413305857,6.581609349647147,3.277354486543048,-7.203837466161686,-16.20021376804221,0.897753308941934,196.66,47.88974641675855,10.9,Large
AVT,0.6226832273068663,87.12999725341797,69.30229557300756,-0.8252251277038367,0.724841538189594,-1.139529508889168,1.3657781233843782,0.12624883945578783,0,16.87646349342544,46.66787645111725,-5.176248038982153,3.7530133832701282,-8.18875704689101,-5.2631599542765795,1.0307906045165633,124.62,47.60529217199559,7.15,Mid
CHEF,0.553773205452193,95.79000091552734,49.37592312633614,1.1483341485452008,0.6549849407550978,-0.8094955890539205,2.108680520936838,0.6994447881143226,0,4.397204016764648,1.8392551582169803,-8.326499804089867,3.466654250823628,-3.6996081833493037,-23.023040795644963,1.0974849117799355,48.2,47.499448732083785,3.91,Mid
AIN,0.5774726457766766,72.56999969482422,27.015459887087356,-0.0502706873864617,0.6974471723464002,-1.4367469183367045,1.5707595594562511,0.055120457069046204,0,8.142404270784342,-4.876132095965448,-4.05146474109175,3.224464886184238,-5.211596121935277,-6.134309054541746,1.0396063857860534,18.72,47.45755237045204,2.06,Mid
HSHP,0.6179208916654138,15.279999732971191,62.84741929078144,7.452597380817302,0.9069516713889678,-0.5238653644850934,0.06544652523522611,-0.39266666876301876,0,3.471416813199147,61.17458106614987,2.98710174841396,3.9916803327146484,-4.5609780549954495,-11.095105126178984,1.0360469263603374,5.0,47.432194046306506,0.72,Small
LINC,0.6126040107776067,54.2400016784668,107.24621668714214,8.52666861539823,0.9016259537548134,-0.8790244472339138,0.8480808816914076,3.0789121163961495,0,1.7619217481487353,20.292751152609668,1.96078494449153,4.453750851105573,-3.727366823564625,-13.691377523777742,1.060593394261318,29.6,47.39581036383682,1.72,Small
IMUX,0.6386684807083597,14.770000457763672,103.99648437419908,0.860424064994438,0.6200194268842504,-0.30767986837977357,0.6431974548277071,4.333109840514693,0,7.241180788554385,61.77437318740252,-21.263875002510684,6.119063029356565,-6.755048512937388,-4.930230073691991,0.7691802980416159,3.52,47.350606394707825,0.2,Micro
OOMA,0.6139444318910232,20.18000030517578,63.754193593796415,8.73137950779052,0.7529306521706213,-0.1988439709699843,0.4955420215683692,1.9821586345955586,0,0.8635340039033178,15.7773950183215,0.8556846548478559,3.8768946495995644,-8.105641409039992,-14.408341252449338,0.944433655468699,6.88,47.05843439911798,0.55,Small
RCMT,0.6281526406670026,27.979999542236328,29.489634905604678,2.281033765307366,0.6166869837522327,-0.6079530346501015,0.0,1.0721917153607188,0,25.89352474951398,9.854732220064252,-5.389953887737626,4.145818451141345,-13.907693715767985,-0.28671600616438064,0.8932863032253119,2.15,47.005512679162074,0.2,Micro
GPRE,0.6783195788011286,16.889999389648438,66.42753714745358,10.309241206888105,0.6290733487243092,-1.1804832535807475,0.23683195364406726,0.5328606029300476,1,9.966311449426753,33.41231905912605,2.744309631193091,4.157153046447094,-10.823659379600665,-8.501785559073447,0.8822750908751241,25.25,46.954796030871,1.18,Small
VIRT,0.5981331419136694,65.80000305175781,92.0010165296242,7.241232930161592,0.7997454159238518,-0.4886005244017638,0.07598088152548473,0.7539534291461383,0,0.8829295739548431,35.09688727857998,-9.216919895791387,4.473305452088316,-3.221054391511477,-3.4757710438009632,1.2688140686199163,88.59,46.87431091510474,5.73,Mid
FSTR,0.5825467980270597,42.54999923706055,44.27293009770492,-1.3939268080804201,0.6041711187104688,-0.37396156708832695,0.0,1.8801392512011037,0,14.9636763144338,3.4273210216250454,-2.1344523611058905,3.732584965323012,-7.116354591641666,-26.883786926617326,0.8874891156351797,4.7,46.86218302094819,0.45,Small
DK,0.636281975523992,55.5099983215332,82.11182155267922,14.02454318163433,0.8610442020668506,-1.0691974351893505,1.3330893282861866,1.044853240649411,0,1.4564422886814947,110.61273551579254,11.810036173827845,4.726303733967008,-3.5782549664325183,-20.15078825545117,1.0238242777719684,68.36,46.85887541345094,3.4,Mid
PTGX,0.5916010957227011,131.4199981689453,49.54502415318902,7.2772525617065345,1.5080328466074735,0.4790912164706702,0.0,0.5935160479063638,0,5.847727277773707,7.827372112269663,-5.360693938017559,4.327456348018095,-6.860388033860279,1.9760893370930515,1.2694328008691202,95.79,46.549062844542455,8.45,Mid
CGON,0.5906135506569484,75.23999786376953,67.18231772055312,11.724042010192916,0.8800963620399379,-0.19560589976498147,0.8306751963541068,3.867618441384119,0,0.0,4.558086188134824,-10.03277916940243,5.702038238263414,-2.285717060009885,-2.479023530620008,1.1340164887544688,80.1,46.53914002205072,6.64,Mid
EXTR,0.6136505341006562,33.709999084472656,98.79848712673032,7.163858762316791,0.7926318782681586,0.19007471870919163,0.05933093534936074,0.059319619130526226,1,0.0,54.27916931533885,-7.872638229277887,4.706106642300369,-0.05929575462352014,-39.0615844283738,1.2267010918580499,84.64,46.384785005512676,4.41,Mid
CRI,0.612299062510265,40.189998626708984,8.587239264955858,-2.692366998711906,0.8621798984334555,-0.7499158404631033,0.646932433710536,1.0947963218033738,0,17.233446791925346,21.477915211522163,-5.0597451590954305,4.21746641637797,-9.236676299114546,11.258982259658207,0.9079413640234424,40.74,46.297684674751935,1.48,Small
PARR,0.63220702059777,65.77999877929688,72.86398369411751,16.1318777732924,0.9569493855033299,-1.1199086353048469,0.42567104573324616,1.86226588147645,0,4.741272995499793,7.151000868583113,11.764710165219212,4.478672224861123,-6.549226666088048,-10.52546921185594,0.9672127893286406,70.08,46.1433296582139,3.3,Mid
APEI,0.5980049413385955,58.27000045776367,37.83190613348986,6.87232966413152,1.0964164069937512,-0.46907251148682133,0.46336100160964466,2.102279842932208,0,6.461370100435516,1.0579268330822953,2.9504549463101393,4.031111091616825,-5.390484959482199,-1.3249621921775212,1.0945126225248707,15.27,46.062844542447635,1.07,Small
SENEA,0.6194069412256508,176.69000244140625,47.96552542455501,4.173669383343033,0.7201974602401714,-0.627107092243533,1.2563780511029665,0.20940353844191234,0,4.341034284304858,0.752698500863363,-5.447784876507248,4.021971382766563,-5.8205842616923835,-7.525311750869074,1.0082674546470192,25.93,46.026460859977945,1.2,Small
SYRE,0.5967487661766991,97.73999786376953,204.72111923433079,8.9711050741944,0.8622477833309681,-0.4069092228513539,1.2072849713056044,3.627584375455871,0,3.06248578959491,54.48079209114554,-16.52903000785026,6.503450127183899,-4.232804035000816,-3.467878446781214,1.0474394093663515,136.95,45.981256890848954,8.49,Mid
EE,0.5765086761572692,39.0,26.86066683542192,6.239527819717082,0.6173518284653298,-1.5575966695527823,0.0,1.1025648850378351,0,14.759767127917344,9.422996774076246,-5.096118845182089,3.2289372259007263,-9.268253215637678,-6.182797448451762,0.9786087005604623,15.03,45.9691289966924,1.24,Small
AMN,0.630400619240446,32.369998931884766,91.24447414589612,0.5513669855007985,0.8746057567075085,-0.6331553677156435,0.46339675880099995,1.9153504860171842,0,5.734718161467269,66.34121507770125,-10.211034693468129,4.903131955953553,-10.752692243036838,-1.6722426008109161,1.0054792264236077,38.03,45.936052921719956,1.26,Small
NTCT,0.5519744627374249,43.68000030517578,47.457445948864454,4.873950792696821,0.9813221057581896,-0.04141936015258843,0.9386443327339922,0.23008702714213713,0,0.8827960066304189,45.3577418093636,2.6798958728948037,3.4962892911881815,-3.533565629903057,-9.288117806147547,1.227537826575593,29.37,45.598676957001096,3.12,Mid
SAH,0.5580813746255351,94.54000091552734,41.80336169218597,11.592325580285715,0.9522559796095241,-0.3911678112022009,2.39041178633198,0.27501812323868463,0,1.3233036801953708,58.22842804197904,6.701798845465021,3.472446061127684,-4.52423872397181,-8.841001431304537,1.1225199309832943,27.2,45.59647188533628,2.99,Mid
TXG,0.5836638265823237,42.72999954223633,103.69538828075737,19.471839707371398,0.8541116394029299,-0.05223082279043013,0.7956942574826421,3.018958411694007,0,0.8918404999424282,16.272107597479206,-10.374443127239271,6.423057328315887,-1.1566042222598842,-2.9948496232321515,1.2329216652131496,136.34,45.484013230429994,5.42,Mid
TGTX,0.5858226561482744,57.119998931884766,78.20482031228104,5.879733403267473,0.7534413280238679,-0.7961310844784957,0.03501480766337574,0.9978986440352718,0,2.1350510044908106,7.328067684431433,-10.46761299831988,4.568577088985419,-3.6762231588303136,-4.395594454993383,1.2059537452266067,142.99,45.43329658213892,8.74,Mid
PBF,0.6371684299559396,53.18000030517578,81.02430470746323,19.839552506752923,0.8919198574262849,-1.4197353073324013,1.2034587927110534,2.7830002514393675,0,0.6947539327925544,23.477222800055127,11.275544447634537,5.055606185683345,-2.9562024715497057,-11.650958704629339,1.081157055119059,154.39,45.42227122381477,6.29,Mid
WT,0.6300165152172822,19.219999313354492,36.381004916962276,6.158515841175239,0.9313353894406008,-0.2607442195688519,1.6649308337135391,0.1821011897017586,0,5.044165713506594,38.39576490195476,-8.228975092516716,4.082430807750266,-4.757190174707259,-9.090901819338235,0.9938552275462164,60.86,45.34729878721058,2.94,Mid
CLYM,0.6201962577687725,14.0,223.2718581550456,11.562674943153013,1.193405807758651,0.48108789446553885,1.9285746981741867,3.7142889837609214,0,0.0,7.0336397675065,-4.999999558021158,6.578570969250737,-2.878945285622396,-23.65010287274309,1.0164563071946142,18.06,45.339581036383684,0.8,Small
CYRX,0.6007647472954579,16.170000076293945,41.62706791809829,5.748479442304557,0.695480569348494,-0.13190872184550378,0.0,1.1750128600809338,0,4.398852160232227,6.032787385138475,1.3541012642337742,4.470358236941229,-3.347277233900354,-20.693060591771108,1.0094867551093136,14.06,45.04410143329658,0.82,Small
OSCR,0.6111853743356901,30.540000915527344,75.25405436748633,2.691708578230985,0.6025406854857471,-1.0299209082326979,0.9168326072118084,0.6385121032112427,0,3.66082253779237,137.11180623294484,-1.5080792478491876,5.540509021710584,-7.734131953262528,0.5543258114699497,1.110729683469886,236.18,44.91289966923925,9.21,Mid
VIK,0.565481533173018,99.13999938964844,24.639598603893532,-0.2505320613899485,0.6526007057996869,-1.5119117321018027,0.5749442186076763,0.6959879419480163,0,10.041613353355679,19.27333507400832,-7.041134144555214,3.6712154633243883,-6.2594578411526,-2.7411044116800167,1.0249188708353727,318.52,44.88864388092613,44.23,Large
LFST,0.5753199724980966,10.704999923706055,36.58234042382054,8.1313134014828,0.6583377736029931,-0.12840045033010475,0.7006054160920148,1.1209704474834647,0,5.697418688804916,41.41347002033831,-9.541978502894482,4.2243273633884915,-7.874354309688185,4.302476145769245,1.3892537719120883,56.33,44.75303197353914,4.09,Mid
RLAY,0.6028471780280564,20.0049991607666,134.4983925010053,13.177654408674124,0.9058102710516213,-0.12248939495349569,0.2499337123497862,3.474130087205886,0,1.044997299940436,65.74150510283447,-15.344704844079542,6.6629781633055245,-3.7758620498024724,0.23023586787172018,1.2793115173091967,89.19,44.74972436604189,4.36,Mid
BWLP,0.573490635309048,19.68000030517578,41.730806149817724,3.720881896524279,0.963209490089412,-0.43152322909811225,0.2540611599729326,0.7113790013738175,0,23.330936435021744,-10.189757650866467,10.921174241579763,3.648736002185143,-11.510789083513401,-4.96958237642031,0.9997943252607994,9.67,44.72326350606395,2.99,Mid
IRDM,0.6508381099376469,50.060001373291016,170.62762304556546,3.835034379310318,0.8318142464843891,-0.40554557170698663,0.3395888219703832,1.4282863223313624,0,14.50166900519602,-8.298220858310703,0.9137148940167977,6.067717700174144,-12.451904326268014,-5.0334727076126535,0.7991161760234327,138.28,44.684674751929435,5.3,Mid
NTAP,0.6334407525512288,168.8699951171875,52.66017292593925,5.738372123427866,1.0455267560365482,0.0612094900717459,3.535264637465575,0.12435095703719166,0,12.10864586290146,-3.109758665270114,3.6412336425577334,3.836848043631343,-12.42545583479025,-5.411895711452367,1.0012275586640387,575.68,44.5678059536935,33.08,Large
FTNT,0.6385682847440769,157.50999450683594,86.77680150427733,3.627382792560671,0.7341047396197751,-1.1963916275426878,0.625299404456642,0.5650431215043697,0,2.5841329367185426,8.830235028312662,-3.7874383077941767,4.216510207689734,-4.701063093548755,-4.899669725131555,1.2619082747010377,1022.68,44.357221609702314,115.4,Mega
CARR,0.5610630237849287,69.33999633789062,22.876446016506225,-2.410879802596759,0.8502325938408073,-0.6016198568807318,1.5272653493215205,0.5912836088295116,0,11.88153426908671,10.280473738864076,-2.2362757330377456,3.2914438610264956,-13.486013080089338,-3.8848382823883294,0.9666383437881022,447.78,44.28555678059537,57.59,Large
BIOA,0.5916010957227011,24.34000015258789,53.18465590590024,8.298109229026853,1.0543562194001956,0.24307126286386702,0.4930112207377161,6.655714170135692,0,5.014860243981093,2.4410770963571626,-29.13436926328844,6.630177998681043,-6.222306976702694,4.357799343836575,1.1805869039387131,13.01,44.267916207276734,1.08,Small
WLY,0.5916439409925337,50.310001373291016,57.400554926894486,6.3054981149109635,1.0990552609794375,-0.5526743010480896,2.7330549839790717,0.5565545345765487,0,4.069534551076454,5.114633317139962,-2.3203448325162137,4.518549308117565,-5.467868809866564,0.3657645367524913,1.4994532452871783,25.34,44.219404630650494,2.55,Mid
SEZL,0.6150167886587466,179.3800048828125,126.68130080202693,10.567324127604316,0.8087845327454785,-0.8852399635404303,1.572077148317754,1.627828124342312,0,0.8958758183964796,111.78277608594107,-21.284502939234578,5.932855715725484,-3.037835198463309,-4.875044836602102,1.1823357770774705,121.93,43.84343991179713,6.03,Mid
PLSE,0.6305610992272155,26.290000915527344,62.899044193388384,-2.6016698747979428,0.8193287680346089,-0.25089276855284653,0.5325267862925702,1.597565848808739,0,16.318420622953024,26.698799591616172,-1.8407402801760775,6.911915403312964,-15.193545433292648,14.567110930572301,1.0871798032075721,9.56,43.76957001102536,1.82,Small
CCSI,0.629029343466201,37.5099983215332,66.53925698035283,4.27626859319329,0.8021861484172003,-0.6858187078740824,1.40922103183046,1.4929287753589298,0,2.543973556840987,63.79912203379596,0.11685923476808147,4.8195898871189815,-9.396142659125562,-2.7953783157090966,1.024101699084081,6.41,43.712238147739804,0.69,Small
LQDA,0.6251206393726632,77.93000030517578,141.4067280794447,2.8819620408664273,0.6417731029576378,-0.4624117271648759,0.3015534574981122,2.284099541002843,0,6.457364894572485,9.652456225850564,-5.210730307780534,5.295961444614122,-6.063161565508854,-6.586983908794318,1.0413350037552143,161.75,43.69349503858876,6.93,Mid
PUBM,0.6293813856906381,13.550000190734863,46.22455433798105,9.344739170592355,0.5789815262853036,-1.2920962124946993,0.9594104251025365,0.36900509245278135,0,1.3360709885074704,91.65487780510485,-1.0733442063753311,4.383763265159614,-3.145100697286733,-6.339467304947764,1.1829163523440878,9.16,43.475192943770665,0.63,Small
HNGE,0.6072084653648896,88.80000305175781,70.6466988470543,14.932863277841859,0.7333391844882822,-0.5987525058991401,1.6216243152049403,1.5247791212862456,0,1.7779148206451472,12.4477671001392,-8.024491511370387,4.554618890031634,-2.4925844412520526,-11.198028908059959,1.2595040410912581,183.19,43.37155457552371,6.87,Mid
CTRN,0.623178277362787,57.720001220703125,20.645034639063553,1.2152162439038168,0.7849261854464373,0.050157346327509615,1.4899525158502531,1.8191320677987166,0,12.163068707820695,2.6680895898325616,-24.48532707466617,6.415205826346646,-13.046092785335977,4.914707353983956,0.8670919523304377,10.34,43.28665931642778,0.48,Small
CMP,0.6374276996383622,29.84000015258789,24.292410551356735,-0.7731312170801405,0.5344947721897705,-1.061622049145584,0.5697053465782402,0.6367310089801457,0,21.04702686353303,38.79069838232551,-7.392052964344139,4.440349689833957,-13.507245934136341,-1.0695140413379756,0.863909414962541,19.71,43.17089305402426,1.25,Small
ORKA,0.6218153605754002,86.79000091552734,202.02050386678206,5.873744589322906,0.6580330595913608,-0.5969474781236283,0.35718119059809506,2.5233349674838057,0,6.853870114926417,27.444938120276536,-10.69810808153405,7.373299314570119,-11.239515239167774,6.8117327489843715,1.2479850358293652,155.25,42.91400220507166,5.23,Mid
VIR,0.6228429046749017,9.960000038146973,51.626825996747485,2.908509105961452,0.8229032159450869,-0.25444446760398903,1.3052220274092676,3.313252233022256,0,18.153616746493952,4.952584597627496,-12.727275037667765,5.225902697124186,-14.579758416520455,2.6264543879035096,1.1278459221636843,18.97,42.871003307607495,1.68,Small
CLDX,0.5606727696109411,39.11000061035156,30.8246778680612,10.906309837251403,1.0186397765195312,-0.5136190458519347,0.204546190506074,2.7870113412156825,0,1.4468325397426096,25.91758300890158,-12.197614572585593,4.3503669728401135,-2.9528502461734876,-1.895880459750008,1.3065252599144517,38.38,42.863285556780596,3.07,Mid
UTI,0.6138232747767929,48.45000076293945,67.21622976522279,12.407778551712639,0.6558277666129076,-0.37248083819686884,0.7843080442235917,3.095975183382093,0,3.1169671033973225,21.215910140207384,2.515723270376963,4.377118997373174,-5.629137867165492,-8.666285697604232,1.0987508034525693,59.06,42.82690187431092,2.67,Mid
IPAR,0.5527551063831941,119.27999877929688,31.69343164807128,10.297746392567484,1.3442880530584285,-0.8116026337504625,1.9953092782942234,0.0,0,3.708546839600407,33.64270482210672,1.0215381112792075,3.580410672248934,-11.24184118552127,0.5099220762522153,1.2929466030995982,34.64,42.35501653803749,3.82,Mid
INNV,0.6014890226262948,11.520000457763672,107.2970010648778,9.709066210416022,0.7745159312589477,-0.5077043317268607,0.086807538920091,2.5173689581473044,0,8.755727429798164,48.071981318966216,-9.975960986184038,6.04600754623156,-8.860758346910401,3.748493378717937,1.5354547072087876,4.26,42.35501653803749,1.56,Small
SLDB,0.6147240160203622,10.420000076293945,75.67825706913327,13.137894830905669,0.8646872163923041,-0.03188290550445405,0.0,4.894435941446576,0,5.114211766906229,25.090038072979233,-10.590012027534721,7.04071828437365,-8.995631004707768,7.3825466832881865,1.2861156726375227,19.58,42.31422271223815,1.03,Small
WTTR,0.6045053566357536,19.25,70.45996713914316,2.6721431617091707,0.7202790053919778,-0.6253717201238896,0.0,4.27532443730327,0,11.62980626801828,51.84283819060085,1.956514730689543,4.321707334500739,-6.0058572737739375,-4.8506221148246915,1.2087386566460974,35.68,42.30981256890849,2.39,Mid
MTH,0.5577118510269466,75.5,5.608532860257398,-3.0998628759792,0.9346493445019559,-1.0279745340728315,1.6025164269241388,0.30463010269671015,0,18.476746381853722,29.340397608775742,-3.359123683155806,3.6243990895425586,-11.571793828919022,7.56811136365411,1.0309600507035417,69.21,42.26240352811467,5.04,Mid
SKWD,0.5518816024999353,59.34000015258789,17.633793940119503,6.405108178357649,1.1673488979853042,0.07274514044524909,1.879005182980911,0.3370420667708078,0,8.835620634218948,0.25342376982027015,-3.1869203968286164,3.9668493826877054,-5.854353003513741,3.641149027900297,1.376599373088459,31.15,42.14884233737596,2.41,Mid
INSW,0.6058322600484176,88.4800033569336,68.35665788003513,6.526688893292129,0.7935544763682209,-0.8722246652607948,0.011295780353337134,0.7911443841214011,0,0.815472856565542,11.281601030800289,-4.346494259272157,5.2642235154323584,-2.5013737113403773,-7.584261851389687,1.250390978631089,54.39,42.04079382579934,4.38,Mid
CRS,0.5939259711058031,578.6099853515625,60.15499738145855,-1.4878741066027426,0.7507884148445312,-0.972913715886265,-0.52712325576447,2.350456426646469,0,13.776357199476113,-2.225496517842663,-10.021983392303351,4.2023129667616255,-7.568811901448681,-3.935622695704889,1.174928015069087,439.3,41.7651598676957,28.75,Large
VAC,0.6316405744622345,98.30999755859375,54.35144648584067,0.6356883784362063,0.7869040834999071,-1.7143556337934749,1.3817500470148656,1.7953406911423497,0,6.064892608550562,48.520812837880094,-7.101328495476082,4.389424142506011,-7.228464257619138,-3.539326925045801,1.1344840455289307,50.34,41.542447629547965,3.38,Mid
DNTH,0.6102856472071154,97.5999984741211,146.1737369960145,8.479397791697568,1.1096572229151862,-0.19034609991099863,1.4446680888773389,3.022233040923015,0,2.615043307295818,2.3597273581363236,-7.157813859846941,5.658643395583588,-4.6223035984075675,-7.852276608730937,1.1243730635970222,99.73,41.46747519294377,5.34,Mid
WDFC,0.6073709845180717,264.9100036621094,24.409134587398995,11.162400462084276,2.0932943556644656,7.588186858671295,2.5691743089153714,1.2910786629079694,1,0.0,24.511789544049574,-1.469796986355062,4.004837354593379,-11.371394569182776,4.559132017377045,1.2948751982703808,47.09,41.44432194046307,3.56,Mid
PBYI,0.5698923569032789,8.0,21.301396376243108,2.708949007237855,1.486756963736932,-0.03618700626566073,1.6875028608120113,2.5000035759661863,0,8.244879101303415,40.350881882360596,-2.991453542558869,5.031248075621469,-5.213265428991711,2.5198946705109226,1.1925329043442054,2.45,41.380374862183025,0.41,Small
CMBT,0.6248113929224322,15.569999694824219,45.341831551286035,4.3041342160299605,0.6816675662121583,-0.7982412814145234,0.16056886764933495,0.0,0,8.640607018532402,-2.2644429429189095,1.0759909121232236,4.233873042364456,-8.386689446824375,-14.274928707369133,0.9964124801713241,24.23,41.36604189636164,4.52,Mid
PKOH,0.5974850040800191,36.2400016784668,63.22054112654178,-0.16390918578799454,0.9914987638821667,1.768552997000545,1.1727351472539997,2.359270150698591,0,18.115298655971586,-7.219661023054445,-4.974216951405137,4.878192021247057,-7.856598038776299,-0.5016951158532702,1.2356534519390892,3.19,41.30209481808159,0.52,Small
PHVS,0.5983217818336796,35.06999969482422,29.994413887594806,4.56405495792612,2.1594760633992602,1.3170921989510587,1.3116597903119696,3.136579651159993,0,8.072890735024254,-2.4749705569597333,-6.029830544807326,4.699785078502831,-4.180324707764385,-6.378459206742732,1.0588048180559462,16.89,41.0374862183021,2.45,Mid
MSGE,0.57343939531752,74.23999786376953,27.67505098657821,-2.6775496859688013,0.8518898878430673,-1.1784265159604548,0.006741491051247805,1.0102370980211346,0,21.245612710122863,-7.54670604932207,-0.3022825287030427,3.596828445568809,-10.32733779092274,-1.7265223828424252,1.1301727454112291,38.86,40.991179713340685,3.51,Mid
LB,0.647659072558398,76.69000244140625,64.00033472750091,10.281062338112346,0.8137060509669614,-1.4097847350738033,1.2648339937550404,1.1213985955958443,0,6.765318689149311,25.907080336999076,3.5833595330164556,5.935677780932196,-9.973466266087062,2.6350649654130978,1.277149857206189,30.49,40.957001102535834,2.13,Mid
CGEM,0.6324449449937386,18.1299991607666,55.660629027390485,8.129060138101005,0.5493608851108503,-0.5115920271573385,0.7170389783621719,4.743512094675302,0,6.550085910425708,20.625412392980365,-19.834019515516243,6.229217041540871,-6.690690292969152,-16.62762756306029,0.8787036645826223,21.37,40.87541345093716,1.11,Small
ETN,0.5711240328927734,407.2799987792969,16.90382598634754,-0.25458015824948865,0.6752252898004741,-1.4922262174928578,1.078545523587594,0.28972517170375095,0,21.223752865863467,-0.5973950311311458,-9.103506091502643,4.522032625108278,-6.745430259134519,0.5350278437607028,1.0607448405960953,1080.5,40.67695700110254,158.15,Mega
AMCX,0.5711240328927734,9.920000076293945,2.9225686588979727,0.542240187160395,0.7087802581630789,-0.10104403017121306,0.5544289422673875,4.133062945740948,0,11.795579580292195,21.123328258075997,8.823525835995865,4.403080911876346,-6.854456040520734,5.250873106616348,1.0138604477883268,5.42,40.42778390297684,0.44,Small
ALTO,0.6243819433467533,5.630000114440918,124.52183846422496,3.9320681419890335,0.7236942339242547,-0.12102372686053725,1.5985732487624298,3.3747789222838933,0,12.397762187034097,40.049754745094305,12.544170621244104,6.0263897237807384,-7.855973952636167,-13.446960851562467,0.9863386396335685,14.24,40.41345093715546,0.44,Small
XENE,0.6130436075510587,68.91999816894531,53.566239780600554,17.63299977908219,1.5447253872583586,0.09671646087702265,0.6674392000684252,2.4811362882745316,0,4.3827789079063155,9.815168916600237,-3.6229072940927463,3.916445824228449,-5.147268517222662,-5.831652991572777,1.5135463979997306,107.55,40.35170893054024,6.66,Mid
LIND,0.6364766332957246,26.520000457763672,66.97456621386667,2.0785243763367456,0.7590652199644229,0.023798912964492606,1.047883799565755,1.244343582192528,0,11.423405853280357,-10.314505473232243,-9.406390418862332,4.712857627605618,-11.599998473734427,-14.613654051859616,0.9930112488037458,23.98,40.083792723263514,1.74,Small
ALKS,0.6119498359177904,51.939998626708984,66.84585827718554,3.755490190159732,0.7069500877982604,-0.48702249450563767,0.0288783019729146,0.15402005866581692,0,8.986911301357145,46.88913385096146,-1.5282804895028712,4.507948158768506,-6.700196990935149,-6.180435407182608,1.180069141748215,124.46,40.06945975744212,8.66,Mid
TILE,0.5528031099709299,33.2599983215332,6.0420249247502555,-0.7253133946991569,0.9555706181801293,-0.5412928007554633,2.0144378154964033,0.6313978044540302,0,13.150172288626905,29.954457334935153,-1.7434233331536375,3.5864599409333042,-9.274417730326789,2.1154536386928635,1.0696220096287683,20.19,40.067254685777286,1.93,Small
DRTS,0.6290156110471162,12.710000038146973,105.36223566203927,13.310154492012055,0.8573288970599904,0.05762037544560521,4.0912628047816675,5.507472911952225,0,6.71197059525621,22.92069487771441,-4.004327864547812,6.93492034086123,-9.922038642775828,-1.2328722381765276,1.0679451883508388,12.74,40.0,1.15,Small
ESTA,0.600396556888783,88.02999877929688,15.677684220830667,1.2968478369801955,0.825433545101262,-0.6229038507715283,0.26127838250643454,2.2151504887657016,0,13.872396375984291,-0.39601548426569777,-3.6873903082028363,4.47736919564407,-5.180954058890721,-10.232913325537934,0.8594263306883151,58.0,39.90407938257994,2.59,Mid
TWIN,0.5901900173616758,22.6200008392334,26.654554187943113,2.7527968835095606,0.9883471692209964,0.1654741245992958,2.14412286620657,0.3669327145109529,0,26.947336653085856,-6.490283836698888,-10.456471854005402,6.5138314391248455,-7.673465961999456,8.227111263187462,1.1576652866214763,3.01,39.79823594266814,0.33,Small
KOD,0.6259047892555122,41.310001373291016,42.542875546612066,12.192938590585769,0.9947003204033653,0.06532600735824473,2.1060249405515714,5.918662826154848,0,16.545686439570968,3.898398181972203,-13.689905309814662,7.444582576663349,-13.649662956380947,6.09729350450195,1.0966858068777443,31.51,39.74862183020949,2.59,Mid
MYE,0.6136600922409996,30.84000015258789,50.41183578950958,3.848864372552505,0.9768010444067857,-0.125821777854128,1.7185495590337996,0.518806247131277,0,14.145033403453617,-12.659306277902624,-8.308695072172206,5.264498663557186,-13.734265307062286,4.737340617250157,1.5252779731292905,12.81,39.595369349503855,1.16,Small
ANET,0.555170838583637,186.9600067138672,33.665450091579615,11.0899878594339,0.8559169182859124,-0.9851705325453342,0.3369649130277552,1.4960403133586757,0,0.0,27.131789621514574,-8.678175174990072,5.777437385153487,-1.5051310518450396,-2.9826414996618524,1.3228755378850714,1930.35,39.54465270121279,235.41,Mega
GHM,0.6583015545384111,107.44000244140625,51.79450077609064,-4.719673134781035,0.7581553519436391,0.12900637264313544,2.238457487550865,1.3402851904979902,0,21.684754901735644,12.691427069606304,-20.643350338159795,5.794263188054548,-14.60816825453225,-5.804772449601269,0.8899189005441439,28.21,39.48732083792723,1.25,Small
ILMN,0.5520799992884238,190.1999969482422,16.62027185362993,7.996694515952271,1.0227117665839345,-1.2894877698377314,0.1708711637513422,1.2013689267929715,0,2.7807391998695334,58.87069412655692,2.080387060624328,3.921623459083185,-3.2848604665611494,-9.572966695921812,1.082596970745034,376.29,39.33517089305402,28.78,Large
FLXS,0.589404570236483,71.30000305175781,74.53580996771191,4.0079462164077855,0.8523713999086058,-0.640221907958847,0.8133276635299544,0.8555407913519975,0,8.484576633772685,24.903882271660986,-8.83920685525776,5.27162471325544,-7.630521056199137,-0.37493497737816056,1.5000272608427416,3.78,39.11135611907387,0.29,Micro
DXPE,0.6502146745850352,162.60000610351562,43.959544612081736,-1.4897668635382915,0.8237794608010209,-0.9078067764350799,2.2017136764216914,0.05535768345656154,0,28.798145687302828,26.458239063409184,-2.786783909455766,4.726323265544828,-11.587187827819251,-5.039253873276211,1.0146083037023583,29.47,39.10804851157662,2.52,Mid
ACRS,0.6127353282718417,5.579999923706055,98.14745687475491,11.722893270804294,0.9093969032181369,-0.17344286317127974,0.0,2.150535612514429,0,1.4223927053720036,25.959371098646766,-7.804882415284001,5.606757224546942,-4.615384363793733,-12.559247299362717,1.1564830703478017,8.83,38.92171995589856,0.78,Small
MEC,0.6336558639802051,33.720001220703125,80.12464669082702,-3.1563193399736194,0.616277474662269,-0.3993406023658907,1.3345104743132603,3.271046222447809,0,25.60352950816314,40.79332002558416,0.975182711456634,5.5134724714104575,-13.003089058185191,-3.786495988956763,1.05565635406415,19.16,38.91951488423374,0.86,Small
TWST,0.625518027965314,90.63500213623047,137.9138969018969,0.05105802125103603,0.900077102623742,-0.25960462386407096,1.064714453058702,2.8631336233368576,0,11.787262493425658,-9.219746133017976,-22.28125549839127,7.894696620626064,-14.065610043266009,4.142013017237414,1.3852097013709561,168.94,38.869900771775086,5.64,Mid
VSXY,0.5984060633948888,78.36000061035156,18.502906122880567,-2.0108035958536585,0.49869388310457713,-0.8618679776592868,0.2935116459222492,1.6845325223657515,0,15.695474896095412,48.66249662475953,-5.765084728441164,4.980674481756286,-11.527604289868846,1.8751231959559376,1.0598276970204523,190.77,38.82690187431091,6.23,Mid
MOH,0.5578246327249419,233.30999755859375,22.215406781065017,8.384201457545363,0.8165915522633224,-0.5649481926898511,1.1058256645841698,1.727315083558519,0,0.0,67.35527683034712,1.1925820494307848,4.118064275476171,-4.184805930745134,-3.6180261038134787,1.2335829570499177,235.95,38.5303197353914,12.16,Large
AMD,0.6403489906919698,557.8900146484375,155.57511729245047,5.073235052310254,0.7525563390502881,-1.218053796229427,0.4230198228311092,0.7089241581656507,0,0.76780674490013,178.6802576766739,-13.280280146484703,6.8374977279224,-4.590147027992353,-9.916159511703164,1.131885858693309,19441.39,38.47850055126791,909.7,Mega
LILA,0.6218153605754002,7.289999961853027,46.822723589159,10.635748319161923,0.7941093180853186,-0.04398778840760704,0.5486963245109934,4.389577137064087,0,8.761278615373392,38.068175602155016,0.7430005138762561,6.324710912682398,-10.055516672587883,1.8159776869373927,1.2135732766963205,6.35,38.37155457552371,1.47,Small
GTX,0.6616005338558705,32.29999923706055,72.25368661192242,-4.196947405357938,0.701152186369124,-1.4318911808868813,1.1145529995163515,0.4644010198679903,0,24.150789691188294,-8.003421601714535,-5.565974999125162,4.595311647529657,-10.896553828497897,-28.831937122308993,1.0451189163603893,103.42,38.34509371554575,6.05,Mid
STM,0.6470246050307298,71.45999908447266,138.36138373097023,-2.7325786779832164,0.7446307653392245,-0.9098906637381298,0.7976486175747739,1.2672845130905501,0,18.088678231527222,43.91586494623154,-3.7037053032486376,6.018598985878602,-12.133904705395281,-14.796222587885556,0.984111030893277,890.63,38.10253583241456,63.77,Large
ASTH,0.613674043963678,46.875,56.279884745650754,8.011268190985636,0.8611483567048615,-0.6131869127112618,3.0720052082677975,2.912003580667044,0,5.872993560851893,78.09650662130106,1.4717265725446194,4.72533424014137,-9.156974057662518,-0.8598430561765951,1.4108303095216408,28.36,38.0529217199559,2.32,Mid
RAL,0.6009519544333355,69.25,22.988009509920104,-0.351826906753612,0.7834489244788466,-0.7784974796523865,0.6714858733262692,0.36101083031969655,0,7.183059036059987,80.7379907868967,-7.654127358720965,3.865395949758655,-8.16868235364223,-6.02602094890933,1.0629679838829358,122.76,37.871003307607495,7.75,Mid
BBAR,0.5707329656033834,21.15999984741211,12.403954441337017,5.404342927722379,0.9318022286305518,0.6799367967203187,1.2736329600782057,-0.42532252308126306,0,1.1023849652313982,21.4753728391693,-19.216072636534655,5.414095613073516,-5.453935367759842,2.2342663267709586,1.1004446001140116,15.29,37.835722160970235,4.32,Mid
ANAB,0.620451427730967,66.38999938964844,110.2105758223201,7.7125874419598,1.1093312179593593,-0.8296011023717588,2.68112486162728,4.353064341277155,0,8.955267762992364,59.68090500021883,-8.963535739588568,5.7214943454682725,-8.250416210978546,-4.795035758025694,1.1673851833326716,41.46,37.805953693495034,1.97,Small
STNG,0.6182361875591744,79.31999969482422,32.97928167207791,4.062395492512779,0.843321090247272,-0.49357897828721764,0.45385856244590306,-0.1891093374358687,0,20.27422478557899,-5.459810172645804,-2.066442388115182,3.979359824763014,-8.683629893934013,-6.806421121916825,1.1048575014237667,78.87,37.804851157662625,3.95,Mid
FRO,0.6606460927215456,38.130001068115234,63.378825819053276,0.10370252017112137,0.8380153670772519,-1.0963777676307074,0.06555916727180064,0.3671633509652195,0,9.817072768201953,3.6176800268625713,-11.748763902429832,5.100031146714316,-11.531316895230809,-5.5109334186051555,1.0744500622728894,117.37,37.5832414553473,8.49,Mid
LXRX,0.607839016371602,2.2200000286102295,79.68210883268627,0.2936539220134485,0.8277591316599203,-0.1973658997452926,0.0,3.6036001188747937,0,26.47367866913781,-12.941173715587272,-8.510636539474007,7.3359086835374665,-17.164180093918077,0.6024090758017149,1.1332419656040245,7.93,37.52811466372657,0.99,Small
BVS,0.6000126859200694,11.880000114440918,46.04888952648232,20.072773040476356,1.407896148923186,0.4604490641464202,0.16834599238228373,2.5252541062263196,0,2.557259005365949,0.8488996920886612,5.635361525711416,5.265153166274962,-3.414634713389432,-7.228918315250059,1.27554128972768,8.15,37.447629547960304,0.8,Small
TWLO,0.6287132924663933,214.55999755859375,40.085470301824564,6.971653022071054,0.6127095688340445,-0.6590796127991331,0.3355710425486679,0.29012750078021987,0,7.775776788729896,17.028472697793244,9.165095399624912,4.734656246681646,-10.030190622853484,-37.57737534640191,0.9747384880452427,591.08,37.27122381477398,32.56,Large
AIR,0.6005438925226572,135.6699981689453,38.4714674335146,-0.20449126531459386,0.8092993821350101,-0.8586450102050535,1.3156952061526623,5.5428645786823845,0,10.786467157443363,-5.218667914281934,-12.59372759228436,4.409597935747015,-7.550256784312904,-2.792578447965159,1.2510533442952936,57.8,37.262403528114675,5.39,Mid
RNG,0.6446726748014451,41.77000045776367,34.053722832890166,9.587964453941742,0.8773804083011765,-0.6214162335531023,1.8673659821165387,0.4309320162768057,0,18.10073128343484,49.08823695227576,8.236505717351795,4.965970210553309,-16.080434377057454,-20.672232331151974,0.8350927318449808,73.98,37.17861080485116,3.5,Mid
WTS,0.5657937513597544,352.3599853515625,15.50646818725716,-0.2193257159065201,0.6238062119194603,-0.35422525665079996,0.6527467380399438,0.25116636463118297,0,19.63706387642811,-1.9206213401109549,-7.327043351378716,3.8782400399173875,-10.690936858042344,2.18311141008927,1.3227201851624582,148.91,36.97023153252481,11.77,Large
AYA,0.5942235032226483,20.309999465942383,27.726839272320113,5.347784477618792,1.296374471377438,-0.4019368038386275,0.5416081400228752,1.9694713393830154,0,11.793011317180401,2.21438655311006,-25.621895886350337,6.552015070214567,-7.681820609003632,-1.4819204952484237,1.0093626740906685,10.09,36.91841234840133,2.91,Mid
XMAX,0.6203296312244612,8.600000381469727,35.94870622756174,-0.09873523076281467,0.6115487912825242,-0.4214688191986193,0.0,0.2325634520254311,0,16.88214720510647,-2.161542448080186,4.761903179014953,4.509967622916812,-7.626208443285353,-8.144200653013572,1.0917906853891701,13.27,36.76846747519294,0.55,Small
JRSH,0.6234872239432152,4.559999942779541,42.15261063082056,2.82428453556657,0.07888506053872367,-0.11244653177431604,1.535091502728343,0.0,0,3.0196596673777782,21.599998468361093,-25.348192404839402,5.841167871016623,-16.63619528610373,0.0,1.0884013344550525,4.41,36.71830209481808,0.06,Micro
EAT,0.5670165388873514,185.25999450683594,8.520087852869684,9.854656690878299,0.979858076199892,-0.7139403034579185,2.234696919130767,1.0309854899777555,1,0.0,25.345054588196884,-7.726747918464969,4.101956016511572,-2.185849800971628,-12.234786376266591,1.062813603818736,204.04,36.50937155457552,7.95,Mid
ESE,0.6293655783999087,329.1199951171875,48.814957827521035,-2.2976177110225113,0.7008781676619914,-0.7893942076098726,1.1986531911566454,0.9722934657561966,0,18.0594697354482,-3.14303196522119,-9.527715230151221,4.437488617769374,-9.0991362354427,-7.047097836649249,1.1749928176265771,95.92,36.49944873208379,8.53,Mid
EQ,0.6374359856620183,2.9100000858306885,112.07593051904237,-0.7841768357280285,1.4675731440210888,1.3065435897224609,2.061853642241213,3.092788656439895,0,29.299239817265267,-5.5194753906232785,-11.985015879367273,9.59744656869501,-17.796606854046317,-0.9756088479006895,1.0563881434500677,2.56,36.44542447629548,0.18,Micro
BAND,0.6093729882302691,75.4800033569336,405.16038901746487,25.408627079740125,1.0053426647403338,0.1278903663159593,0.13248339914201004,2.7755711811092842,0,1.8149306170821258,45.770577705488385,14.28089870922613,6.853660780031769,-4.552350013555325,-97.7852119786221,1.1845612124404556,114.54,36.44211686879824,2.42,Mid
AMLX,0.6030149758309045,17.770000457763672,38.14535536360888,5.275632271574136,0.8066248029141516,-0.3776137380000013,0.0,3.4890310817500922,0,11.863601523675438,7.371608923687745,-13.298662382221424,6.034649511702509,-7.206262079291108,-0.7357501113143498,1.1481776274612616,25.52,36.42557883131202,1.98,Small
DCO,0.6014749166264198,165.0500030517578,54.922517622132894,-4.309963009770015,1.2159100557611866,0.07787427783998,0.10905342166138332,1.1935784212457234,0,16.849686911996052,-7.097827507796002,-6.196822821677124,5.142599446499604,-16.060622004111288,0.3843218848495945,1.4015975640710165,43.19,36.39360529217199,2.49,Mid
ASTE,0.6122764561094082,56.619998931884766,13.035059568728258,-0.13404964407489622,0.7658926494613485,-1.1521861906288848,1.2537970959435003,0.10597204949109769,0,43.501432082409664,13.899312487288814,-7.501009205562953,4.14541785252752,-13.5828705014364,-3.3800450971448814,0.9271360903273926,12.86,36.388092613009924,1.3,Small
GEV,0.6428403492884738,1091.5699462890625,54.93247842109372,2.4532418301958603,0.9536353290210506,-1.7920682230987905,1.0278858273417495,2.1070569117600293,0,12.23075675071251,53.56989857617964,-21.025022064679906,5.841545665629741,-8.727026458734743,-0.5767074523329768,1.2781009198381774,3056.02,36.3638368246968,293.33,Mega
EZPW,0.607210437524657,34.06999969482422,50.49459261180609,3.331664551411055,1.103802788070699,0.1254743007592989,0.7337833936953079,0.7191045907605156,0,6.8378039373147805,48.51786792139517,-4.8209351733646155,5.2276836369111965,-8.241317762407304,-3.5968987515539244,1.1834619130873814,32.62,36.270121278941566,2.1,Mid
DGII,0.6366359957437263,67.69000244140625,47.9450507678415,-3.672235294184186,1.0587928950253376,0.25691100446133014,0.096029604167258,0.1181885480396558,0,25.648444103810203,-4.053863198578224,-4.676082613572676,4.65989772814953,-11.412119883084271,-6.681270406907217,1.0948915800305288,26.1,36.13340683572216,2.55,Mid
CMPR,0.5987207053272025,99.7300033569336,32.98211497776447,7.8337065701426525,0.9162604646945943,-0.4928275259749103,1.022758055472646,1.1831948916523438,0,8.48971728649801,18.82521505316283,7.943419946105994,4.37037104389853,-6.030334553898197,-11.06676522979578,1.1558211567606822,23.23,36.08269018743109,2.42,Mid
SXI,0.6339294148923568,315.5799865722656,25.808642594910005,-1.6143053666215121,0.9193810760806053,-1.1287904696737243,1.3942659868391187,-0.7700181560135837,0,12.98135647003082,27.088461018869765,-1.7405054820204804,5.209456600835999,-13.275997178079354,3.5297627819261344,1.285322866211024,66.43,36.05071664829107,3.82,Mid
LASR,0.6350494893002788,72.05000305175781,81.81601838087364,9.257717999451016,1.2423336833424352,0.015216373159215917,3.372658157136289,3.3171398867233735,0,15.523667395370802,17.402646742022718,-2.9505618281943438,8.60900176845833,-17.13627880307158,-1.7786533758583207,1.0412229349229296,96.53,36.03858875413451,4.06,Mid
HPE,0.6397089485390235,48.540000915527344,108.37774654141685,4.645905509790533,0.6838771478549468,-0.1378230888830245,4.223327179748381,0.3914347709489973,0,15.558822162720851,-13.300065063193664,-6.2673505046160125,5.62275678279724,-24.23032717500016,-7.477642685410009,1.0423786106070994,1379.05,36.01984564498347,64.28,Large
MRX,0.6046076322039812,65.77999877929688,60.82236758226689,2.3709643765240482,0.8905303770347266,-0.5934434268349486,0.7601094698556992,0.5168688722938443,0,4.010826518981492,53.23516495032648,0.5168788493098765,5.895298429855134,-7.586402785404858,-0.8336483871501427,1.4048880667188421,64.54,36.00551267916208,4.73,Mid
NEXA,0.6606172590524673,14.8100004196167,42.61892938331773,11.182015900209407,0.657930975633783,-0.0164168776680959,1.3180280951169332,-0.30384925736599994,0,23.549773254988224,1.0921556671791635,-18.414538059023933,6.238642920842265,-12.31497362387935,-13.807826006468929,0.8629398073241287,15.19,35.987872105843444,1.96,Small
RDWR,0.5629290286811276,31.450000762939453,18.83195744889672,7.337886213312937,0.7863044971434793,-0.19866278306857768,0.0,0.8903042284391813,0,2.9416449676058214,24.702623389997573,4.105263425448746,4.331364679279617,-4.089535507469314,-6.346746826240723,1.172583667561546,7.22,35.97133406835722,1.32,Small
VCYT,0.558325045605977,56.970001220703125,16.229798644082273,3.1210570408667624,0.7513127116792228,-0.5677386354896228,0.07021399801568745,0.9190828870527603,0,9.163146113992891,6.227857702787461,-6.477066358970081,5.218736089111112,-6.468557932218904,1.3760068209980756,1.2016566764224372,73.84,35.961411245865484,4.55,Mid
BSTZ,0.58961941040909,29.469999313354492,24.537507341507947,-1.430932042789308,0.8000603132430618,-0.12519071180837943,0.8822539359720747,1.0858490066823676,0,15.297781510252642,34.36305983520375,-4.80148873914084,3.8251975267173286,-7.559598214489292,-9.047431769289986,1.1170413776531192,7.33,35.959206174200666,2.03,Mid
BFLY,0.6244795024973908,7.980000019073486,79.48720200626629,7.243650178689062,1.0472949671602159,-0.1649563554624348,1.6278252524823587,5.639095340014707,0,15.871799857783236,70.87794192709171,-5.936923553407344,11.0042060776148,-17.647055058651535,6.589141196493655,1.4821411298131415,62.89,35.8864388092613,2.09,Mid
IMOS,0.6057409704701873,75.78500366210938,118.64873063283157,17.735102549756522,1.3188654070294399,3.9088313668349377,2.4541813529370047,0.6795632303883675,0,0.0,9.276995453777623,-7.0391896394946585,7.05415819759469,-3.273642535635299,-27.82831222161627,1.2950958547993743,8.8,35.86990077177508,2.64,Mid
XMTR,0.5971772408670848,96.06999969482422,30.700413998784803,4.697321113169304,0.7532862553033843,0.16097424361547708,0.19777499948770028,2.880705954431733,0,1.2990815070964274,116.17912390285984,-7.879079333841645,5.285394708597551,-3.7953143323899763,-19.379845533910164,1.1097303422258669,91.38,35.776185226019855,5.31,Mid
TXN,0.6356338399652083,311.4599914550781,59.604022823519486,2.5863968771553747,0.7187288991210843,-1.0586315327629983,0.47036421308616705,0.25686069880333023,0,6.857999786916256,9.119573782413626,-7.045847462517642,5.183077408832439,-6.756880342074853,-6.576514574339537,1.2285331353511324,2755.6,35.73759647188533,283.46,Mega
BBCP,0.6228429046749017,10.869999885559082,46.792768772296235,-2.9594263958180633,0.8090133350604524,0.46939517299205236,1.926404592339321,1.6559278139831146,0,20.833317498983433,4.2185960447457465,-2.7128154650077256,5.098830627828161,-10.828545858526004,-2.0356275001406536,1.1925014128314342,3.85,35.60970231532525,0.55,Small
TEO,0.6272190593238621,13.550000190734863,11.681546983314362,0.10342955896583043,0.41923214112967694,-0.4507045645678231,0.14759781406907013,-0.07380242612790373,0,27.307538225957657,-15.206504511634877,-2.3893194905230786,4.406957106826654,-17.074663008741815,-3.9320871359963414,0.7681073211204253,7.91,35.48511576626241,5.84,Mid
MBX,0.6181621162511104,61.04999923706055,77.49611542292271,21.03489197834472,1.0135413096626933,0.3131517057926183,0.7125267223960233,1.7023735040156005,0,3.5571548025058943,16.708081885207157,-34.20458360573011,6.5105073509935805,-8.264468162889658,-1.9283727557449009,1.2676711055794518,53.35,35.41345093715545,2.91,Mid
BKD,0.5942408727905446,14.40999984741211,18.027397216576112,-1.9627854911336673,1.2816415763651616,2.9801527429216255,0.48577165552109475,4.094380005513358,0,43.014184351402776,-8.274985280047467,-3.969461747384473,4.644592041626981,-15.681686840787648,0.7779392338963275,1.1102544932450957,64.39,35.36273428886439,3.44,Mid
DAL,0.5590224296117858,87.38999938964844,12.865046732303664,-0.6492529136223969,1.1129686924711752,0.2350273592745826,1.4418062886160963,2.3343642633617447,0,7.035704635949642,44.99537078336945,-7.55851767709871,3.4644394603451136,-8.438779639362833,-5.415059122957992,1.093534717089397,688.6,35.26019845644983,57.41,Large
KYMR,0.5867816447761771,119.3499984741211,45.56505118180078,14.600660479640856,0.8106988670956122,-0.18326245270477803,0.9049030958134595,4.18935908159418,0,0.0,10.38660325763838,-14.917547830786097,7.370281045456005,-8.227608094169758,1.3595699587122634,1.3859756146849975,102.69,35.2271223814774,9.82,Mid
MRVI,0.6072050759107595,6.090000152587891,47.710538650276256,7.0675134632769865,0.7781685344670205,0.38758468000160795,0.32840690348309415,1.8062418840761163,0,8.534807238585291,25.567015919221824,-2.7559029244217275,5.160684386917853,-7.022901140177447,-8.146066472830992,1.1382579557769597,18.04,35.20727673649394,0.9,Small
FATE,0.6159908730750269,3.0999999046325684,169.21777677243384,27.72970361728561,0.7466797393209269,1.5875597228930283,0.9677487329544914,9.032257416557414,0,0.9100839448783244,47.61904975889877,-4.812835994704749,9.769585850654554,-3.426795394794942,-81.53846006497876,1.212121175133461,14.35,35.14773980154355,0.36,Small
TSM,0.6037354212728414,434.1099853515625,26.863558250590792,-1.5869092174485886,0.8806744240766575,-0.9386676805256915,0.22805055579889028,1.3844369977267097,0,14.765967023747677,27.722948119762687,-5.972358578878562,4.904205208864302,-9.37161057376697,-0.5276091986988087,1.2096286445801763,5926.2,34.92723263506064,2251.5,Mega
SLN,0.6228429046749017,9.09000015258789,46.66264509196068,2.6191034641817112,1.203756490253692,0.055412131791619496,0.0,0.22002703438654558,0,23.343641283339775,-0.7641888207711404,-12.66667047925282,10.051862765863502,-17.811936637512012,7.2727267088108976,1.2421026380658193,3.46,34.90628445424477,0.43,Small
DCTH,0.5800285668909949,13.010000228881836,13.490271875862913,4.1070698912945565,0.696274999597403,-0.8089284847762984,0.4611869220331611,2.075330153673058,0,3.3741177752949834,0.5409632980146666,-6.613054088255846,4.544853364225107,-5.312951632777145,-9.289095018254924,0.9931430159152186,6.74,34.89966923925027,0.45,Small
SEPN,0.5878585953055978,35.93000030517578,25.98546353774216,1.379758812198604,1.7097154722151358,0.09403907333323404,0.0,1.3637675321215448,0,11.952579706078357,-3.776110984500429,-17.4926158307955,7.426741993754216,-5.546794320488107,0.6587144863048324,1.2123695252553333,15.15,34.88643880926129,1.62,Small
DFTX,0.6048835804328127,47.06999969482422,225.43388096480462,23.6650232084473,0.8379723216019309,0.08235491735527871,1.0622477230318683,5.417461766601134,0,1.0781709681315013,28.361063662126757,-5.120484275930597,9.422290729601349,-4.3292703964272965,-5.312642860339098,1.559774212181183,144.17,34.87431091510474,6.25,Mid
VBNK,0.6092481022409246,21.760000228881836,37.623111439409506,5.615688283396154,1.2608950725062225,-0.060933402245879724,0.0,1.152578510000977,0,17.170943018993665,-6.247302510659672,1.5897408509050532,5.022585339168394,-13.133728975048998,0.6550160146133499,1.4503930576833097,2.11,34.86990077177508,0.7,Small
DYN,0.558325045605977,23.420000076293945,10.722423111050583,11.134837128928918,1.2863201378193927,-0.5964053214217441,0.0,3.6080243832865406,0,3.0822981495414963,18.402422968174935,-8.65874748134024,5.309564578509287,-6.319999694571418,3.7995624439278295,1.2073659751695962,43.08,34.825799338478504,3.87,Mid
CBT,0.5696413906090034,87.31999969482422,15.962617345975016,-1.4686047612158537,0.9187200867404007,-0.7383121531775558,2.359136012104524,0.24622534131254475,0,18.993105242617407,-6.509637828330193,-6.527758940822102,3.933807026319901,-7.627207423571293,-2.6932096696350025,1.1607062819507112,48.81,34.67034178610805,4.51,Mid
NAT,0.6032337362757656,6.170000076293945,66.44249859133558,5.578372179960957,0.7809894127874346,-0.6289609497441748,0.16207053353982212,1.7017831079110375,0,6.713452930195678,22.899076112556706,-7.528964404860776,5.394768719959756,-7.9104439997024105,-5.871885222242587,1.2483586407945089,24.82,34.65270121278942,1.31,Small
TGB,0.6113020639739144,7.300000190734863,10.202100858467645,5.0586486537435045,0.9547894278260702,-0.7595140238391827,0.9588999039133332,-0.4109552353869445,0,51.010493796391124,-4.199471123203902,-15.552099946211943,5.606653492524155,-21.08107901680352,5.13175982732529,1.0169913895832776,36.78,34.62403528114664,2.67,Mid
NNBR,0.6103364318875045,3.4800000190734863,159.70596100042732,9.692671910521126,0.6194947740371839,-0.08772845023793605,0.0,2.8735604613719707,0,59.88119716700937,-3.867399747867665,3.4722270500964125,13.238915302739821,-21.62162219726948,2.7559029238792268,1.8419032209696533,11.75,34.545755237045206,0.27,Micro
SW,0.6066793346863221,44.22999954223633,3.7904142040450894,-1.350492855957899,0.9822720910666197,-1.5877436770473974,1.243498174859586,0.09042980158970972,0,28.8200390211759,-10.240858692861906,-11.476244719728623,4.162655213646151,-14.333101597416547,2.588762891407319,1.0616699246733934,252.23,34.54355016538038,23.2,Large
IBKR,0.557791675799682,94.08999633789062,22.103446382357973,1.3884439222701708,0.7132967803427939,-1.5613812990673361,0.9245441580419786,0.5314061212194274,0,5.818649787678645,24.38846479830295,-11.320531931769185,4.28843912750017,-3.832788369095027,-8.284942224259781,1.3100742545058146,470.57,34.522601984564496,41.92,Large
BCAX,0.6164873479291829,28.90999984741211,58.31358084856757,10.097682057662245,1.1475201910548976,-0.08864961274333942,0.48425939253724004,3.8913870837041564,0,9.963172228113887,7.592106231437658,-13.409208879031029,5.862529220266412,-6.711842333014276,-5.656933242452998,1.2244593951863383,21.4,34.349503858875416,1.9,Small
DELL,0.6125756756384368,434.9700012207031,254.91283803871684,4.430061122335028,0.7982200926675064,-0.6941232046632277,0.8483349267862418,0.39542984938550846,0,4.226960101215217,3.3403809451502564,-13.381830178378152,7.3551864352207605,-7.348712358664143,-5.045411070715287,1.26485857820943,4038.34,34.292171995589854,281.05,Mega
RELL,0.6371442757536195,17.219999313354492,38.79161025341165,-2.411383520874864,0.6052629637899645,-0.6755321489549182,1.6550514445986948,1.1898998242487988,0,24.801180208806173,1.5330203001281,-6.793149326304208,6.182553193058231,-13.293057481015891,-3.669718384836019,1.023614901162549,4.11,34.12348401323043,0.25,Micro
ERAS,0.6173918016228112,18.530000686645508,248.35244417526923,13.517324770829179,0.8078325159561405,-0.650833554087745,0.8634637964087392,2.266595038898038,0,11.40270546516757,87.17173131088164,-4.562450724404877,6.615911848410742,-23.682042162897453,-0.9090924853203265,1.2811430387317417,104.92,34.00992282249173,5.76,Mid
KNSA,0.5949934247957157,63.439998626708984,39.490610969006944,6.919694027014513,0.9840023450828642,-0.44678784381500963,0.28372112180758113,1.3209291529798701,0,5.377765362367225,7.162158461241516,-10.026382343640318,4.885944131365847,-6.056567786850343,-5.366765619651588,1.3800702011935055,49.43,33.77949283351709,4.88,Mid
SIMO,0.6332527560842357,326.3500061035156,160.9427205261823,5.080644556244509,0.6295554979562517,-0.5847443807682624,0.812009758515432,0.9483686725324992,0,3.0893520987732943,50.35288616118655,-22.027973638971293,8.551182998474461,-8.070420815888358,-59.813652232975414,1.0658466843507384,369.49,33.749724366041896,11.07,Large
SLGL,0.6330700826244685,73.94999694824219,28.83782338962757,0.13133647185530373,1.06653689726514,0.7788847921865772,1.3387395599881446,0.2028315113891456,0,57.59895444361462,-0.7382591298663488,4.272108013069001,6.924562713271911,-24.51771355815787,-4.025940478939882,0.8805699356953985,2.29,33.7199558985667,0.24,Micro
KZIA,0.6480224257817415,13.5600004196167,92.93253315826111,-1.2381616839639102,1.1156314018770768,0.21572916350370794,0.5162219222190497,8.259592953482088,0,13.685309613192734,17.606250940877775,-23.913043476181475,7.764432343716752,-22.068961395857997,-13.502104440117707,0.9740864580661573,2.66,33.67144432194046,0.15,Micro
NOVT,0.6007671686680243,156.64999389648438,15.98453111557545,-0.014684367542297069,1.0576593722943246,0.06410078233115095,0.9830887998180802,0.0,0,22.905455012010577,-1.5955829549288634,2.0377856889248864,4.891251605926558,-8.844929686989314,-2.5662875393175066,1.039453437549395,89.09,33.66813671444322,5.58,Mid
DHT,0.6120271590118115,17.760000228881836,33.848858083397346,-0.540417939561835,0.9500538024237183,-0.971082261473305,0.08445602170207459,0.0,0,33.26355670773537,-6.346584888255606,-9.096386711391027,4.981096429344294,-12.035662410985898,-4.428643626941111,1.0975514324568385,59.46,33.66593164277839,2.86,Mid
GHRS,0.6372094779218505,26.510000228881836,37.626526965983274,7.687621023931175,0.8923015563989427,-0.6597836229821616,1.9615184681473572,1.8106357528253694,0,6.166389303544772,23.3023266448782,-6.581532968328026,6.371448871118808,-8.459941066848394,-7.204031625302474,1.0359332129058214,6.44,33.480705622932746,1.82,Small
CERS,0.6364766332957246,3.119999885559082,39.22080698972288,9.473680191731408,0.8390058746124273,-0.19548587113825266,0.4807649689416634,3.205125265015765,0,5.611124203481404,14.705876933617965,-0.3906246360495234,5.986722944806664,-10.08645936785371,-31.47207493604713,0.978436726267372,9.65,33.425578831312016,0.63,Small
AROC,0.6382696412021437,38.529998779296875,41.7972837220338,0.8348342765608008,0.7576458354367718,-1.3948544214050986,0.6228956295465206,1.3755582942431046,0,16.93106979741267,-8.152567154617167,0.5883975694793591,4.805162326115935,-8.761545827513643,-4.843376246908234,1.2681853986705578,77.8,33.42447629547961,6.75,Mid
ABX,0.5892334927950846,11.109999656677246,24.605172189202772,6.591189728532179,1.242404517586756,-0.6235687634872479,-0.45004673515279625,0.360035671336736,0,6.726797697386251,12.108979088000835,-6.037323945137177,5.467403252668408,-10.691318074450946,2.0105776105615605,1.530105747473831,6.78,33.407938257993386,1.07,Small
TEX,0.6124645605691318,67.47000122070312,7.688913412016052,-0.5292701951000316,0.820009703316017,-0.7469277147798915,1.304279290771525,0.35571047787728655,0,22.719979612640163,14.995773852768124,-7.847424156075472,5.002223523663965,-9.666623356011396,1.5834527463232964,1.070459211180179,93.35,33.38037486218302,7.71,Mid
KLAC,0.6301763075095644,231.52000427246094,60.65149476180795,-6.704485112510106,0.9679805271468053,-1.028524885485564,0.25051910001246186,1.1662046036648623,0,19.124843867942282,62.55355369360062,-11.78382167064951,9.539748818063867,-24.67709667482713,4.205156453178263,1.63879863727775,3017.83,33.34178610804851,302.43,Mega
ATLC,0.6015450050144159,99.26000213623047,34.86478393163639,-0.02417017472033597,1.1349250249737297,0.3341911360113742,1.6623025290667641,0.7505491649672925,0,18.33322026999525,-10.098723988725297,-8.104752908792921,7.173441371290799,-11.85507361836863,2.008087851903104,1.314062039892343,14.02,33.20396912899669,1.5,Small
DSGN,0.6304204235942495,15.1899995803833,43.839216436898234,12.435230133098502,0.8275680596400191,0.2318264400984258,0.8558269784302344,6.517444360772052,0,10.559866039993663,41.96261542743808,-11.913700523671663,7.148971313829149,-11.94203141737553,-4.6838361287620085,1.0289393121325214,16.76,33.174200661521496,0.95,Small
MITK,0.6232934706229063,19.329999923706055,72.64172389099517,5.882997262241715,0.5817395417516195,-0.9524961417311386,0.827728132619444,1.3967949240319393,0,5.36090217566505,0.20735617562589367,-5.371646458482967,5.402408909019554,-8.171018411461782,-9.53057723205103,1.2720072304069283,23.15,33.14553472987872,0.87,Small
OKTA,0.5960281921268391,138.6300048828125,37.668699680671146,7.624052519614545,0.788874339398963,-0.16694819005013004,0.34624230731388406,0.36067228044827393,0,6.4560075736696865,12.460459688416359,1.644621841059795,5.164464899424487,-9.510438874393046,-2.0341248212782603,1.280346616337056,539.63,33.14332965821389,24.09,Large
EVC,0.6218153605754002,11.760000228881836,289.37976989184034,4.336954427304376,0.47081224085920814,-0.20074215332451747,1.1054431283988522,0.0850359582172935,0,10.322758124228711,53.75971607640979,-5.600608364976437,7.756315781022757,-14.41047725673354,-3.645838762202362,1.1982180844232444,40.67,32.909592061742,1.08,Small
EWTX,0.6129788712015029,45.40999984741211,74.00822880432423,14.400160694744379,0.8808351129378015,-0.19969675235009485,0.09909308323172346,3.501431750485878,0,2.799824545431974,33.755519371431305,-5.771572392168401,6.040205375611353,-6.177689223431742,-22.65246402722133,1.2218282493718027,70.91,32.88864388092613,4.89,Mid
NRIX,0.5776110120610681,23.059999465942383,14.65457107609971,9.452497920126254,0.5624664024099871,-0.028163352003661837,0.043366127983531594,3.1656529016092025,0,6.519396093118271,47.44244858864759,-11.895428926083992,6.274005584767027,-8.072552092310024,2.8103017819222202,1.179048469170654,51.11,32.86218302094819,2.38,Mid
MGNX,0.6366040276373862,4.329999923706055,129.16503236869636,-3.0017945691222714,0.6209911733682411,-0.22429211027602147,0.0,4.041563901634134,0,21.252924897048047,26.239062366472243,-2.3255854063580377,8.693502189801142,-14.763779746382525,-4.651166289077506,1.103508789132602,5.45,32.85887541345093,0.28,Micro
APH,0.582014808672599,159.05999755859375,4.843708801921576,-2.0521542485849467,0.6009950772592436,-0.9301309554035868,0.5613595959196324,1.056200617098476,0,10.581959233210297,9.355171869305206,-7.968098072249079,4.7415031316720215,-10.900742912854692,4.891454712881211,1.130985230948577,1662.22,32.70562293274532,195.68,Mega
ASML,0.6520473045184477,1797.3199462890625,36.75702609520797,-2.2952746412887963,0.835204638096235,-1.060330535177808,0.9937077401684067,0.9046808721612473,0,12.800214714307732,26.75494271395735,-7.706192468167132,5.390883652985192,-10.132203574382897,-4.215056254821808,1.1509836427129,3430.74,32.66593164277839,692.72,Mega
MRNA,0.606244008419029,68.2699966430664,80.1586205897856,4.005510465969402,1.099391022994802,0.00038474964564854535,0.0,1.406180066886078,0,7.481330291124741,31.617501539573585,-34.377031922685184,8.923602599348845,-20.24532960253674,0.9121771547181736,1.516544246825879,572.87,32.632855567805954,27.09,Large
NRC,0.5949837958502396,21.649999618530273,6.45214241860006,5.81909488687529,0.602689621475748,-0.6485255134859772,2.2863780504959577,2.078058574449413,0,5.102099182062574,2.537448031445664,16.588353993151628,4.602892124097988,-5.8695668757001345,-11.28265394639352,0.9098241838932327,2.96,32.51267916207277,0.49,Small
NVAX,0.6153958720627041,9.329999923706055,12.379455403559426,1.3249340945187185,0.7238741532684416,0.04913626024360739,0.1607753852498182,4.1800680221874815,0,51.56186660054012,-16.62198146791453,-10.981302969557321,5.51982712429678,-22.055140218952584,-2.2727311037764863,0.7806048101136639,49.19,32.46637265711136,1.53,Small
STTK,0.613284575191458,6.639999866485596,28.27183473893482,11.446792126113518,0.9052566675871606,0.29121478905353837,0.15060585965979512,5.420180796591897,0,21.62860904078946,3.105587072314436,-14.769967061178221,9.71804971177255,-20.288116116400744,13.147413283392792,1.2234846825639027,7.97,32.318632855567806,0.63,Small
KPTI,0.5951659773248474,10.34000015258789,21.32351988664287,7.15858816713114,0.8053848033785618,-0.2532203863721894,2.417794935073112,2.6112137338379826,0,0.828543334738025,90.07353020084943,-3.183314739300088,6.924563493073648,-5.914464349483743,-9.418598022315077,0.9816930226357513,4.82,32.194046306504966,0.23,Micro
SPHR,0.6311614637708943,148.1999969482422,52.136159342939095,-6.2408084908072565,0.9231704997012337,-0.6723312014096547,1.7105288220603692,1.7948743028789766,0,15.631443995030677,37.9502899812639,-7.288736692565309,5.72320506061118,-15.120279629011229,-2.706771506382374,1.2235678652157762,110.62,32.11797133406836,5.3,Mid
COFS,0.5518816024999353,32.97999954223633,7.725193188176616,0.42151700582427376,0.8500685715283933,-0.041600001721408625,2.713767344327396,0.03031631798567936,0,7.45882149080162,0.3041316024013883,0.309784627941594,4.007840949561212,-5.5014381078575365,-0.39049554117113766,1.3947475154417888,3.02,32.03307607497244,0.49,Small
ASX,0.6086630869517291,42.65999984741211,134.48526048118006,5.34334058332199,0.9444677254477458,-0.8355408383767552,0.7969998916925597,3.152839253357824,0,4.130340721981423,26.621044246125724,-9.15451591746521,7.57549300041164,-5.765408844492956,-11.170212322703692,1.3441576584527166,471.68,31.951488423373764,93.59,Large
ZVRA,0.6328677750109165,13.350000381469727,47.36776796378442,-0.5216062005668001,0.9969061540093432,0.6222374182710587,0.0,2.958804842300667,0,14.47340622113657,20.705242990626743,6.592595135235762,5.341358246496586,-11.207179800007385,-7.171717832658464,1.1630996134267566,25.2,31.939360529217197,0.79,Small
MIRM,0.6069040425717436,122.12999725341797,38.913860077308236,6.190533070939737,0.6586371586430897,-0.5552522997582993,0.09006846215054942,2.8821720479806796,0,6.827291275518372,11.88163535733904,-8.55319246323597,5.309856490613549,-6.053848266554994,-12.563827189859692,1.2119587082228622,134.66,31.898566703417856,7.45,Mid
AVR,0.6295354757045503,9.770000457763672,87.3122639107762,-0.07159141536310425,1.0500442318355387,-0.3146804705103156,0.4094161716967725,2.9170914434959423,0,10.645434060056584,61.2211311782662,0.0,6.937419054821922,-11.62369798121358,-8.978877538825914,1.1284377609252016,12.72,31.732083792723266,0.95,Small
CGNX,0.6226705327759371,66.80000305175781,66.55039181999341,0.7192121856010988,0.8825766770814635,-0.4286967124360062,1.1377162756051122,1.482044083713841,0,8.35574953589748,14.179127201244853,-10.35951296391223,5.595593649589888,-8.34247314861361,-9.471527728388503,1.3080102749637992,172.08,31.65711135611907,11.12,Large
SLS,0.6194210028294057,12.760000228881836,205.78010249010924,14.815316529037133,0.9162068131377062,-0.311988795936204,0.7053228627912623,2.11599101018333,0,12.978097635668572,-17.41100073409734,-8.531470283816022,13.804298816096425,-19.647354300239268,0.20492271814080473,2.07210091643758,129.64,31.436604189636164,2.51,Mid
IMMX,0.6279629637347071,11.109999656677246,109.93849457631266,12.62037147299267,1.2889224758320665,0.40851126739496507,1.125112545918238,5.850590389131341,0,3.6933914129921668,27.40824903883525,-11.61368916512021,8.147100631945065,-8.484354674068733,-11.162790644798578,1.1841054506219153,19.07,31.08710033076076,0.79,Small
FLYW,0.5800285668909949,17.6200008392334,11.455756851150923,4.706446501176895,0.7373122432012169,-0.48358713075071486,1.0000048711512137,0.14189287563379638,0,7.296798977564638,0.6282159275123255,-8.362618216830775,4.447543933076716,-6.87103188028359,-6.995580372108874,1.0527194484903697,44.78,31.07386990077178,2.17,Mid
BRKR,0.5670447086976919,60.060001373291016,3.5072382172675054,3.1074433325146074,0.6957550651050107,-1.2315118524734374,0.998998435551029,1.8648063951950793,0,7.641261869822764,60.49794993589926,0.345958842821014,4.41701093260708,-6.860055927011559,-4.826263688874595,0.9903574237233136,157.84,31.04410143329658,9.14,Mid
ELDN,0.6366359957437263,3.8499999046325684,115.0846979147909,0.5484427397173482,1.1727006786457719,0.10156475783094097,1.2986938993051729,1.0415548109236215,0,27.261674229749705,1.8518500993147595,-6.936416382119831,8.95009257629992,-16.304348160565098,-8.620688235224469,1.0874428422588855,5.54,31.038588754134512,0.3,Small
RAPP,0.5892159575952872,41.75,28.5507236173574,6.354523487102768,1.5005898696788442,0.2610834678960651,0.0,6.8234746326022835,0,3.0386169313163585,5.137247450286771,-4.714569413598796,6.682600375421033,-4.593232172264964,-5.483101310119229,1.2222658418299777,15.79,30.971334068357226,2.0,Mid
ICHR,0.6056253985388727,100.30000305175781,314.75850315654566,5.67238765954484,0.9249478950132003,-0.37312407770131356,0.6979032172850373,2.0837526457360265,0,3.7931639682330744,121.55953619687023,-23.943465730186215,10.342115580075095,-11.692198067520172,-1.8485057267763783,1.5319332438226154,125.49,30.955898566703414,3.5,Mid
MAMA,0.6198174322290891,19.049999237060547,41.128975242077146,6.597276786902212,1.4875519805471065,0.12426176085916882,0.6299256904622089,0.9973781714280051,0,6.612246335512709,6.722682520328263,-15.322574385296658,6.037493855648131,-9.285717918317124,-5.1711584979384275,1.1689556113698267,12.01,30.842337375964718,0.89,Small
ZGN,0.5934160872213669,13.4399995803833,19.778642501296172,-0.3827593250869723,1.0447497434859638,0.08715607792510861,1.041669253596394,0.44642461169040765,0,27.275986417097485,3.2796844809740504,3.4027749983524718,4.264410530993704,-12.038349748751314,-2.798977841137843,1.228396220235902,16.31,30.833517089305403,3.61,Mid
LUV,0.5557403919767764,48.43000030517578,4.506053918017838,-1.275086204895991,0.7987950101364328,-0.9607098998062833,0.7020444981176965,0.8878800381113103,0,28.07883340130799,0.7249453755960255,-13.197473230167498,3.66360986777029,-11.35620123759213,-4.472515291284071,1.0379968263665071,317.45,30.79603087100331,23.67,Large
ATEX,0.6253652479698195,100.95999908447266,349.0562911088074,10.991707009254723,0.929442984420603,-0.27585610442895375,0.21295955748091283,1.0101995544532993,0,6.804930949791857,193.14751192888974,-22.198217279352964,7.260082220890514,-9.77658828608542,-5.952630909717728,1.5645653278710914,47.74,30.75192943770672,1.97,Small
CEVA,0.6456668774999036,45.540000915527344,84.97063033301266,0.5253654612205884,0.7654494939754153,0.24733261076809288,1.9521298222947743,4.698946342671065,0,15.868522091691627,24.904010035130746,-9.323266420521135,8.968395213446536,-11.744181662167247,-35.74879634947428,1.0603346375978244,43.58,30.562293274531427,1.27,Small
PRG,0.60615598095465,44.2400016784668,38.71559289013993,5.417420521053372,0.8435043127741282,-0.7345780441530616,1.7405072977676985,0.3164629272848403,0,7.870071355066395,-4.055517039885706,-3.89395162392533,4.714544605687775,-7.0588170237241785,-22.99169393846348,1.3232406863713826,24.88,30.450937155457552,1.77,Small
ANRO,0.5975178269030889,26.479999542236328,55.43850682300109,7.9648523233640685,1.3766420255642549,0.2798248444717188,1.6238610469953014,6.303621671679825,0,15.58299390811706,-2.07101092570131,-10.72154765002429,8.516184711612606,-6.894977122773542,-4.004910000181637,1.3194951823453376,12.28,30.299889746416763,0.93,Small
HLIT,0.6274177275583139,14.050000190734863,29.047417209533876,-4.548387007744879,0.41975393333760236,-0.41947020442831673,0.854091700508829,0.5480403078708632,0,47.708513895038635,-16.86390231927487,-10.000002824960937,5.808338557694014,-20.53167449987502,-16.45445934117883,0.9699407152871833,48.96,30.298787210584344,1.52,Small
PSNL,0.6147240160203622,14.069999694824219,40.419783703101196,16.430135914652222,1.293366243020897,1.1172660398069856,0.2132177229548549,3.6958032361840356,0,5.30447911056482,8.064509985126765,-1.4568194413088276,8.421666260886257,-8.398437438820245,-1.0909080503387625,1.292509950188346,47.32,30.016538037486217,1.47,Small
OSW,0.5973450025774839,26.309999465942383,11.006796888471726,-3.0564334763333014,1.0068841241992137,-0.16355803849964742,1.254275676138604,1.368296124274939,0,14.654216196401965,19.319213534753487,-12.389755686619024,4.584349867047431,-10.04513062936921,-1.2210555729103683,1.1231070874712525,21.94,29.930540242557885,2.67,Mid
CTOS,0.6396124908859435,10.550000190734863,68.1479700686834,-2.9215526585778084,0.9880462870595965,-0.6854644236036721,0.9952563064272493,0.7090003440691048,0,13.801320257503924,-11.641536334856387,-3.3106054890527647,5.53134773910555,-13.736708211330805,-10.210877389800144,1.2573417751412315,11.78,29.89525909592061,2.4,Mid
NWPX,0.6305958169293018,133.88999938964844,101.48851355959727,-3.5061800789902007,0.9824699522820287,-0.0871982036262215,2.1771553509592523,2.6962436528352867,0,19.666457795586112,-9.539893007995458,-13.555720842015653,5.543195586684674,-11.931855249083503,-28.26387621340797,1.3185540922876482,25.82,29.647188533627343,1.29,Small
BCRX,0.5533941251394098,10.449999809265137,21.882950449169456,7.793076920759631,1.0920611506383044,-0.6135091952346009,0.28708791569582465,1.626795017995623,0,3.416173131419331,12.36558704108744,-9.27961254856952,5.871496483731678,-6.862749013988659,-1.918736826887337,1.2594067130046902,56.32,29.63175303197354,2.66,Mid
STRZ,0.6390157351571678,27.850000381469727,131.06405013042456,-1.9357546197329478,0.6126343646973491,-0.6182178458604929,1.867147039936803,4.631960135768397,0,13.149214914823004,153.18182163579917,-3.7509130405995386,8.023340428891917,-14.518112902410046,-6.688592810288268,1.215043932222922,4.39,29.5832414553473,0.47,Small
CAT,0.6261842511741208,952.4099731445312,50.27776219246445,-2.250405881423956,0.8930003359858079,-0.687472481062528,0.5858839414936603,0.22872563529801287,0,15.765135984403141,-4.51742898352974,-11.652029164492097,5.006609219381545,-11.276618802543663,-10.60315603407723,1.335497003187432,3086.34,29.57993384785006,438.67,Mega
WLFC,0.6229971117874484,221.00999450683594,39.11807471212785,3.161689973520022,1.0997751676600211,-0.3302601799632024,0.0,0.12216144988063085,0,19.109537454658778,16.419089111918524,-6.746839211792093,5.4179842804495015,-9.651705126943714,-19.610502102643675,1.15773302272764,31.63,29.414553472987876,1.76,Small
MTRN,0.6312134200053509,257.6600036621094,85.36776295381145,-3.3139874821766266,0.7897702350649158,-0.6623828116624907,1.66498815645872,0.7878594855378097,0,18.655608187031525,-10.229247604793713,-17.790671755074957,5.933345043226918,-13.78860110690661,-11.07851551610002,1.2763672710039449,95.6,29.319735391400226,5.36,Mid
INTG,0.6073709845180717,39.650001525878906,33.1827332704844,-5.264788557515913,1.242853545618471,1.383885817477463,4.968477036167711,0.050442514485436976,0,41.85569237416288,-1.1714791089404075,-15.313934965313194,12.529273385069176,-23.74999706516076,4.800002154069045,1.4821030243639433,2.69,29.269018743109154,0.09,Micro
BNED,0.6186667960279668,12.90999984741211,49.518232847346354,8.958938538844007,1.517268114466607,3.1082086943318314,1.3942703895377717,-0.1549148282276343,0,8.092266648579601,-6.040756459038147,1.940850684386048,7.274537965524878,-12.474577304834881,-1.092359619406712,1.4639873306865738,4.49,29.230429988974638,0.44,Small
CADL,0.6287132924663933,9.489999771118164,57.31063743399518,2.141854629478069,0.6516829264457606,-0.358433204562775,0.10536644307302967,2.8977831942444148,0,9.283528751631973,14.199750803549238,4.3113843576266175,6.768779352260024,-16.46126709427592,-23.709682451844227,1.0780427871879015,20.05,29.054024255788313,0.7,Small
INDV,0.5852277089241545,40.5,2.7833151695354053,1.5075753174420483,0.7635330521868425,-0.6233327402362556,0.04938384632883466,1.2345679012040849,0,7.99944491534959,30.183218274261847,0.4200573556496512,3.8730157115472057,-5.395938563735381,-14.986929426447174,1.0633609070631056,85.41,29.012127894156563,4.79,Mid
MCFT,0.6038246831896507,24.149999618530273,7.171515370052428,0.6092776511849283,0.6057230475164519,-0.7690716442297872,1.4078681488381066,0.12504783179747186,0,27.12120969848148,-1.8691628622272762,-1.8460232852009448,4.655485500342234,-15.084391121016738,-1.6232425056637054,1.0328767894378896,4.26,28.85556780595369,0.58,Small
MU,0.6402447091040243,979.2999877929688,178.5151741276675,-7.03765093242433,0.7543923256226106,-1.04390228719978,1.909528483621862,1.1181468746566534,0,19.072942704323214,-13.501311805613339,-16.965281036016133,10.026468956901862,-21.956125316645657,-26.95076163135343,1.080513733611238,53126.63,28.793825799338478,1106.01,Mega
SILC,0.6356240459587267,44.16999816894531,180.33954885671375,0.9507662592241192,0.5785892607430196,-0.18094787868483123,0.5207230393097354,3.1695756936469888,0,32.407705978957786,128.03302144520242,0.5360770069409657,11.04984189221034,-16.581685490689527,-68.04646782899437,1.0855666591038333,8.01,28.771775082690187,0.25,Micro
GH,0.6063110862172385,160.0500030517578,35.531161924035224,9.476695258037585,0.9703403156172181,-0.21237627440154014,0.04998552297953799,1.9868840199409907,0,6.56591501807265,7.257741416959278,1.2165236228032248,5.744633999425168,-8.059512081595937,-7.7385974106322015,1.2713461378331776,455.28,28.693495038588757,21.22,Large
TRVI,0.6302283212157994,17.84000015258789,42.28693064449867,3.3693556635377813,1.3619023752834454,-0.5848697071318381,0.056055094146536436,1.782515643045421,0,15.385035611953748,17.13723367451228,-22.164188843516072,5.514894318560149,-11.464017417168728,-5.924853220551746,1.3124291785031499,34.13,28.61962513781698,2.53,Mid
PDEX,0.6243108922135856,62.88999938964844,47.00643663619341,1.2966078192445691,1.9635108328425437,5.800969946567561,0.9699485073333741,2.6156789214538914,0,26.32759910246821,0.9146336611141093,2.452404757930568,6.5028514002312505,-8.84185920121056,-8.716757570738713,1.2538389762461684,3.9,28.255788313120174,0.2,Micro
NEO,0.5912598213218163,14.109999656677246,1.3039364536544085,8.168191507413,0.8819580607253706,-0.4783690778572604,0.0,1.0985098280059569,0,10.730365117620973,35.93448459299836,7.9787202106025505,5.297660473763436,-9.377007493060747,1.7738447111826015,1.1358084291296853,37.52,27.93715545755237,1.84,Small
XPER,0.6052547038222026,7.789999961853027,17.018441436415333,-2.074167024036302,0.518505965441156,-1.1218111812553906,1.1540438666670132,0.1283665223666497,0,29.296584772103756,0.9067379994134922,-1.8543028202682215,4.754171424472011,-10.971429006140095,-5.471126711760356,1.1328543208388475,3.92,27.859977949283348,0.38,Small
RCUS,0.6125315005655053,28.920000076293945,14.593678327345083,3.4242298561493683,0.6472862055582681,-0.8075034110039999,-1.1237923999682906,2.6970978027690684,0,9.852477397369322,-6.709677173028897,-9.041590976625374,6.063526674987559,-8.870333952508878,-5.080646240295501,1.0292840447073464,36.58,27.744211686879822,3.64,Mid
ALMS,0.6336105286474024,28.309999465942383,47.91841674548208,9.828718552243524,1.5169197229547027,-0.5914681764487446,2.5079512723070096,3.143413014043567,0,9.738661278976036,7.234848011130741,-14.905283402651609,6.431825721325879,-9.69697249900912,-8.784340810589363,1.2696291454505224,38.24,27.65049614112459,3.61,Mid
ALGT,0.5600734029191522,111.0199966430664,9.379069434538323,4.002432658115173,0.7264261166576308,-0.803059202548521,0.3963203254476362,1.5222436165530566,0,14.794494563827248,-4.375539963631674,-19.63817537606784,5.927503412459204,-10.199790415267472,2.6474715630417833,1.2976242660133654,74.25,27.511576626240352,2.98,Mid
ACMR,0.6441951732604999,103.0,106.3250712424209,0.2755144558419721,0.7091235879514972,-0.9491612973181419,2.1710664323021924,2.9029105473208756,0,9.63369907757841,80.57503216335985,-20.297653254828894,10.336130171311545,-19.018792339720164,-6.6020604447591555,1.2099102848155945,187.84,27.41124586549063,7.12,Mid
IOVA,0.6420821482930917,4.230000019073486,42.64609265153834,1.9154320537534328,0.80273092022252,-0.560135104630864,0.9456255712342156,2.0094571570592095,0,17.549890464073684,11.904763253191753,-3.9682565201872055,8.01249595167509,-24.866786263960662,-17.751475862133184,1.0231287439749615,61.54,27.087100330760748,1.89,Small
ABSI,0.6336105286474024,10.600000381469727,153.62011246419817,11.073275258496395,0.8304063346630496,-0.04389967741735969,0.494345161306955,2.6415158164387686,0,10.129144957215729,5.210923891727337,-12.539180241729786,11.677223618188302,-12.069679691013011,-15.432098338304625,1.223379578542537,66.11,26.995589856670342,1.8,Small
JBLU,0.5969513334411689,5.760000228881836,4.451431923073024,2.4455351570018506,0.9320361535969883,-0.6899124145193214,0.0,2.1701388022785606,0,15.219444365143012,21.26316270882535,-11.279825721334563,6.144591732561728,-11.384611861604892,3.199996947602188,1.1530504603227223,153.76,26.886438809261303,2.14,Mid
ALNT,0.6372321676840698,90.48999786376953,48.87087197065143,-3.8087464970390226,1.0074913342732934,0.17414024136248488,1.5360806967038352,2.0886279525311724,0,17.34210496276877,-7.313325402480575,-9.24673520003701,7.293623295218478,-13.530820311046474,-4.937435493493749,1.2712512011879704,25.77,26.7045203969129,1.54,Small
MKSI,0.6408552910677513,368.5799865722656,91.45269890945782,-3.668559192021559,0.9362234810495244,-0.9970918653425301,0.7745973982123989,0.7691658685636722,0,12.096187630130876,58.07436267337075,-17.461322226825136,8.051944041098038,-17.657836872111247,-7.372156895084639,1.366296512078945,509.45,26.102535832414553,24.9,Large
PRLD,0.6336105286474024,4.804999828338623,59.72649406128818,4.167793547082069,0.7302276538842859,0.4124889687018031,1.2486981250902482,9.469301558095632,0,13.824797186439696,9.703189559275206,-10.126578532122982,9.488627394384322,-15.553606675333123,-6.378137090211844,1.2178240691495035,2.28,26.068357221609702,0.38,Small
PACK,0.620120307840062,6.840000152587891,9.72835393781899,-3.1641512475331437,0.5101959737657266,-0.7383203989002614,1.169589501603901,-0.35087963900250074,0,19.283803793727063,34.38113845176296,-7.440476421671667,5.487677524239222,-12.419971794804297,-43.44660221211776,0.9036588729817013,4.6,25.992282249173105,0.59,Small
PVLA,0.6073709845180717,144.75999450683594,33.22267899602074,9.7082199172061,0.6977148647831014,-0.46198835075377753,0.0,3.246677476534681,0,11.621575244523251,-2.4133759737164766,-10.216258501310483,7.304055326167923,-10.298680055154504,-2.786600636483561,1.4241607677961,39.29,25.982359426681366,2.08,Mid
SIF,0.6263412348549156,22.020000457763672,288.1301845904307,-1.1647449954079958,1.8112674157934567,0.12217111393102816,2.1798343879929147,2.724797315937086,0,10.55496144048271,148.8135537528492,-6.191183590260528,9.274036446815725,-19.16299323430056,-8.620684638935018,1.4287485369604198,2.48,25.95038588754135,0.14,Micro
CMPS,0.6142556756955341,13.640000343322754,64.3630626751131,4.655404024932488,1.5880132011328356,0.07174524839306393,0.5681773291207748,4.618769050861035,0,6.22384505708413,44.186049554738695,-8.250225470173037,8.131805797754389,-11.428567004478943,-10.426542157442709,1.293218125770943,55.22,25.933847850055123,1.84,Small
MGTX,0.6302283212157994,13.390000343322754,63.15972973943709,10.798513040533638,1.1294414908571417,-0.030392525052685804,0.8961903097333449,1.7923877417541572,0,8.208336745557284,10.569783012619984,-13.894961228072672,7.094845803035928,-12.768729572055031,-7.37885552697992,1.6585289624143604,12.7,25.874310915104743,1.24,Small
KYIV,0.5773623847066994,15.279999732971191,9.406842588986851,2.867913255480664,0.9853273767411475,-0.6638083152053146,0.13088680914628328,0.19633333438150938,0,8.656665068078983,34.625543780345744,-4.5112738281633495,4.23476029351949,-7.673713368932962,-7.407412882935592,1.2179578050467372,10.84,25.808158765159867,3.53,Mid
BB,0.6302283212157994,10.970000267028809,171.94365033167554,5.724752247364835,0.6429295442671993,-0.19416955131049665,1.1850511509994484,1.0027402704095687,0,13.183764073852759,6.092844343162929,-0.11338128374959572,9.226462224928957,-19.27888047055965,-8.949417315296492,1.3805039360882927,406.09,25.767364939360533,6.43,Mid
RRX,0.618681805782906,214.89999389648438,33.30502890573537,-2.117403312517202,0.9395378923570336,-0.15780402385575415,1.8752903181650813,1.1261043451214547,0,25.024375217052047,7.83311251702725,-10.51135349931999,5.937518387302568,-13.27683968925088,-5.945793069811909,1.291443543349316,247.25,25.544652701212794,14.31,Large
KLIC,0.6362538813752318,113.41000366210938,101.02451541711947,-5.4471348628361245,0.9186802223974939,-0.529169505848635,1.291769941426399,1.1506924107439023,0,21.804468223390174,-9.431398692996371,-14.19191153075507,9.055323242713706,-16.48748077049012,-10.134962750003876,1.315665024486743,126.09,25.401323042998897,5.94,Mid
BOLD,0.6245318400471306,2.4100000858306885,78.2197705979607,13.652445231755305,0.15690329805586575,-0.055249501560802765,1.8672131225747801,1.244812046012101,0,78.96070386942301,-7.307685603767504,-1.4492739841396884,9.380555341720024,-13.620067422286079,-9.027777081639941,1.3155083248968136,3.65,25.381477398015434,0.05,Micro
CRDO,0.6372321676840698,257.7900085449219,72.76830297829487,-0.8037362770498607,0.7380921654173807,-0.929327626852639,1.97447386211786,1.6912637856717119,0,10.623676040052983,8.31512964068854,-4.901552303191196,11.385510312630256,-16.48362415177063,-16.66466336803634,1.1674708188217755,2231.99,25.296582138919515,48.07,Large
FROG,0.6136074848369818,90.73999786376953,34.061761245741494,5.496905055570638,0.6943486643789658,-0.47689517148202026,0.07152662641018522,1.7081722050217043,0,3.892498335155756,3.608125104603812,-1.2319535294150872,6.0035671906527455,-8.54666725712426,-19.5824172466292,1.3239899132334858,285.21,24.99007717750827,10.99,Large
CCCC,0.6396124908859435,4.059999942779541,72.82138763250737,-2.6845651960170285,1.0916637328405687,-0.06426298140632067,0.0,3.6945778085212098,0,24.529275243207422,-4.694842143420319,-1.2919946305042338,10.105559953221636,-21.47002160385643,-8.000001037462889,1.2474272854297208,13.47,24.765159867695697,0.45,Small
AMAT,0.6362538813752318,602.5,96.64672239746616,-1.0213276921575014,0.9805960237082864,-0.5812133318976404,1.1153478345417174,0.68133468944389,0,13.226906890772238,-3.8829726585156354,-19.297392660072692,8.978421991932795,-18.544754563418874,-7.795661983834506,1.6861887557755793,6068.48,24.644983461962514,478.36,Mega
PENG,0.6255479263401877,78.3499984741211,311.62849243884114,15.982145250296057,2.0589818647477314,1.9760247581353143,3.0887119916259875,5.872744812691325,0,8.363453285806518,-0.15292818238014894,-1.9822280217333688,12.164399662762532,-12.808816000360085,-29.623042940267975,1.4333600952743653,307.28,24.49283351708931,4.01,Mid
CTNM,0.6212439818431849,15.1899995803833,48.829711709644165,10.484778530458854,1.2299224950543348,-0.0606504894893053,0.6583303767321097,2.3041437619548435,0,13.615753335924344,7.047216557440629,-7.610616301637534,7.921094152645279,-10.171497826419678,-14.752794154305764,1.3098724085604883,5.04,24.20396912899669,0.57,Small
TECX,0.6348622108180284,34.369998931884766,48.034182608297456,5.951074095590461,1.1939646615048582,-0.5530478423221854,0.0,1.483847359230621,0,9.561194970354881,63.27791057939945,-7.165776411695949,7.2218302895534325,-13.053377198645483,-7.941175686567409,1.4665941256869373,6.92,24.062844542447635,0.65,Small
SNDK,0.6567084723722957,1915.9200439453125,431.8324052534165,-3.3508516909072,0.9184435176878012,-1.1212704166263927,1.6135807488349339,0.2859724717407639,0,7.056395004838264,232.4807017688482,-19.20425455414117,12.46752707255611,-18.62350199577561,-40.30228767817107,1.3191081389780228,24791.07,23.866593164277834,283.73,Mega
ALAB,0.6559064251308807,412.9700012207031,139.0607818545322,1.7281496835127153,0.6726667191301986,-1.3652262783008995,2.0461268643536226,1.4504661880171947,0,7.912286738071521,-0.9830498553012857,-13.244275301990479,10.932493011088356,-17.31935261742393,-17.66406923456852,1.4059245591842668,2545.35,23.663726571113564,70.79,Large
ONTO,0.6348622108180284,321.44000244140625,64.63416318478829,-0.9260433671938354,0.9533560389781891,-0.5842211620337368,1.3190611629411921,0.1991085874733883,0,13.395215852665899,29.571106122457564,-18.412367477684782,9.562547159848997,-16.824507180858205,-8.00665185687632,1.4922417604004674,430.04,23.299889746416756,15.99,Large
PDFS,0.6339903455376557,55.52000045776367,63.1678444091367,-10.2170169686001,0.7709774294309163,-0.5443377235380527,1.206769026313211,0.8285354743676192,0,26.244062806255663,20.564606682720907,-6.024307834316883,9.296521400324863,-22.555449062277695,-15.586035505406903,1.2379422079830718,49.33,23.063947078280044,2.32,Mid
MEI,0.6212439818431849,15.800000190734863,124.1585710640258,5.224602702411622,0.628400978181425,-0.16018350812743834,0.22151801890748168,3.4177272719896776,0,11.342985847484684,13.914926611110323,-9.668241569212945,11.833180427840539,-22.473008628105998,-12.939695074192118,1.4450020114790212,16.72,22.8710033076075,0.56,Small
LRCX,0.6658354545587282,350.3299865722656,62.77522083681677,-6.406868812941218,0.9716618189039411,-1.2294873743069512,1.2559656845538996,0.9214422123785713,0,18.169221983410054,53.519342283613845,-16.359104246484705,8.821848536432121,-20.107186642538952,-9.779876872406156,1.3924411767129612,4047.61,22.835722160970235,438.1,Mega
TSHA,0.6263587476391014,6.340000152587891,9.335877309402797,-0.6269575243279448,0.8713302900205401,-0.028568745672118024,0.0,5.520510614998277,0,23.77410543456373,2.0933995752240806,-14.629628662126482,6.6020729973849805,-13.15068510866472,-10.158727730282111,0.9647398777469569,19.09,22.81146637265711,1.82,Small
VSAT,0.6302283212157994,73.55999755859375,84.95440358123676,3.3712251028895768,0.8513340068773955,0.2666829164935054,2.3926076598964325,0.8406750873387113,0,18.756585387688855,-11.394843973591968,-4.95935455562312,9.868369233311313,-20.928734253436044,-12.93489173918386,1.4464778228071644,204.65,22.664829106945977,10.05,Large
ALXO,0.6255479263401877,2.125,70.02326345166917,13.288019242164212,0.9155587808413915,-0.20616410733725973,2.117650648130297,3.7647022902780076,0,20.74683230146965,4.166668612488427,0.6849308352826814,9.475629870631114,-20.112784525060874,-17.682924646692726,1.4533665629159718,3.03,21.831312017640574,0.29,Micro
MRCY,0.6079929133282509,107.9800033569336,17.273414720557856,-5.9133090282294365,0.6583098180237622,-0.4133316377496926,0.0,0.11113423120042375,0,27.74696091977335,-1.2799359404151274,-8.135944799135245,6.015003116165366,-15.936157319954972,-8.40193441481045,1.1331827520548643,76.32,21.60749724366042,6.48,Mid
ULCC,0.6379349285613802,6.940000057220459,36.66155469956862,-4.064140648391748,0.7907942455710111,0.8414942912592492,1.5850163197636964,2.593657447097749,0,8.962915706665328,73.50000141213647,-19.963867196680965,7.767599700607517,-17.430097824150074,-15.30342821611649,1.2302331705409897,35.43,21.325248070562296,1.59,Small
BEAM,0.5923218249096335,32.68000030517578,2.9008323955419524,-3.127315322756584,1.3771908307101552,0.7266303574337817,0.0,4.100367625561684,0,21.081359847192527,41.34947715618627,-10.139029481936827,9.086379179637321,-14.584417828034995,5.431936768218136,1.2957775556008024,74.09,20.676957001102537,3.36,Mid
ALGM,0.6273293730414139,54.869998931884766,69.0181442300427,-3.45780363525682,1.1762696829185004,-0.2762910604152016,0.3626778132422992,2.5266964505056504,0,18.89402090770405,-5.21679131033386,-21.194428451855078,10.722799484306233,-23.54744113336788,-20.817124502513916,1.5038108573738094,175.89,20.656008820286658,10.22,Large
HELE,0.5961816273985154,26.34000015258789,14.89107252994022,-5.096470644791897,1.5405912650599898,0.2616346937954938,2.923305033884573,0.5315086895675949,0,17.67747498137548,10.579347145018824,3.850349970266099,7.1835328677091015,-14.146023824237913,-1.9189716031174378,1.2636476593653603,16.6,20.44542447629548,0.61,Small
DSP,0.6172631357375802,13.180000305175781,1.5388469988600217,10.094811350064688,0.5094801256974156,-1.0470964213986218,0.018964949356864182,1.3414318948186548,0,4.0489568656741755,18.631869597476726,5.267700005557041,5.813354962906143,-13.175230300794702,-10.217596544801408,1.0185616485424274,3.73,19.001102535832416,0.26,Micro
NKTX,0.6183096317293191,2.9700000286102295,34.11327235915464,0.5416399602461046,1.5372569394479298,1.2730613244213242,0.3367000122410502,6.73400827238251,0,28.034172220764077,-14.409221779060413,-7.317075767999532,10.37037035762821,-20.161290162102034,-11.19133374737203,1.2949967025211073,2.16,18.57111356119074,0.21,Micro
PRAX,0.5976113085765502,324.989990234375,0.9968375422768183,6.309409356558195,0.8288379140103377,-0.6710377778032192,3.6462586362598794,5.264773028600216,0,35.33384147918729,-0.854211000197282,-12.195631038301471,6.6296335964159265,-11.330896001318614,-3.5350316508835626,1.1195152363098917,173.19,17.507166482910698,9.06,Mid
XFOR,0.5921596223822785,4.409999847412109,0.1885058693267716,7.685729154543192,0.8763959985876357,0.3935260925543352,0.675735583361397,6.575963079850138,0,7.1202773281207055,9.701489259676443,-8.579093027862033,6.656624561238744,-8.695653889052716,-1.941745774485168,1.27154372665864,2.91,16.897464167585447,0.42,Small
ACHV,0.6107579695917268,6.110000133514404,7.43851656148331,4.641207356435776,0.9462417944073829,0.3814469386059585,0.491001786381039,4.909986646975843,0,10.549149792851557,27.027031308307365,6.782606372482951,7.7858313990137695,-14.064697342910776,-6.791568222025772,1.0845410801019506,11.92,16.84013230429989,0.63,Small
REPL,0.6131224704615733,10.989999771118164,13.144784091190376,3.0328577791986757,0.4134468542559718,-0.30095432235030867,0.09098521760562617,4.822563639316997,0,7.672661923510699,546.4705563171926,-18.063750703130292,8.195762328933968,-16.99395799642102,-11.67315019424985,1.1376291727934176,63.91,15.49393605292172,0.92,Small
AVTX,0.6172385735805422,19.209999084472656,3.3387368318995136,10.335711681254493,0.5449365729243395,-0.1931620559212224,3.071317962914801,4.112436469484992,0,26.261079662949456,-11.921139133499619,-17.557245571827462,7.80657570493606,-20.848789771917357,-26.438574360107665,1.062385369343204,43.8,12.047409040793827,1.01,Small
