Ticker,Win_Prob,Price,MA_Conv,Vol_Z,Breakout,MA20_Slope,MA20_DP,Ov_Supply,POC_Dist,ATR_Pct,Resonance_Score
ORA,0.5426364227676258,122.5199966430664,2.581098756391083,3.1199276787211865,7.450209369227783,0.5843490454554081,6.335701566533429,10.008494564279156,13.972089900396917,3.1003676661226556,77.14417744916821
RBCAA,0.5213132088519126,76.81999969482422,6.065973879674305,2.4371837136154664,2.3734311174682095,0.6728161232416638,3.017299194284422,1.2753100639324284,14.982790752688866,2.715531141228118,76.57116451016635
NBIX,0.5292036759352748,149.58999633789062,4.141225741062577,1.3204410503027872,9.494684971235671,1.3782382222119738,16.060204085736128,9.090149634756326,21.519088701794942,2.7575377003414663,75.76247689463955
DOC,0.5275919687447098,19.65999984741211,0.8776671079386524,1.0859541445660752,16.333136458628225,1.7267087392319784,18.1446948131408,0.0,0.8205120379687397,3.3098375477256416,75.57532347504622
MIDD,0.5908734734655975,158.22999572753906,1.0734336648155163,2.55659853821236,9.827726659670793,0.5633455451331313,10.627139116172648,12.742466102346766,33.90031156722348,3.424943241907201,74.8844731977819
ABR,0.5121696420031242,8.170000076293945,1.7858966910919496,2.4347139811980023,2.7091595061730875,1.3183032064781652,8.933334349394826,22.257457062251483,6.795747724087947,3.2479459649704876,74.69500924214417
CON,0.5038969556740541,23.600000381469727,5.010550366437217,2.0963599589923296,4.226473740309043,0.8484577379458624,7.615139320466178,7.240959088705096,3.1217566605620775,3.010593324078998,73.37800369685768
CVS,0.5092803640170206,87.36000061035156,3.7705948394662383,0.3031642821497641,9.832401526636405,1.3449963433131473,11.088829540215734,0.0,22.398296624415888,2.7879141181114964,72.73798521256931
VVV,0.5325703989823379,35.869998931884766,2.71185960597108,4.207530859253377,5.0772148769792,-0.12153662988697916,6.218532560239046,14.908754588194748,15.523348834469367,3.6879204870549223,70.70240295748614
LOGI,0.5058288582733846,103.20999908447266,4.22917107192965,0.5223772755449526,4.829527927634466,1.72604522118267,13.094451751461293,21.44521702735891,19.125115202404672,2.777278311818269,70.34658040665434
LIVN,0.5574851546977819,70.92500305175781,0.511391388802079,2.7385762942677587,11.296108407602208,0.25239315406047813,12.973884088410015,1.3222920026945748,0.9034032265621441,4.24291322672256,69.81515711645102
ABNB,0.534466669177308,140.4600067138672,7.017754722959568,1.0147694516359154,0.8168175814240543,1.2551331306107731,8.917493332197711,4.759897841562635,15.747843823553062,2.7742014211273336,69.72273567467653
FTNT,0.5406735762639734,107.97000122070312,4.273144007521444,4.128552441784247,26.63246171485743,2.398966529226593,40.76923796118859,0.0,34.55882863265732,3.882030699118988,68.93484288354898
PLUS,0.5250582542358824,86.80000305175781,5.292393501196711,0.9235162594016834,2.7894101749779376,0.8846653270215163,6.647012781193085,37.88148483769701,16.58832318278736,2.847269597253117,68.07763401109058
COLD,0.530117848977048,14.970000267028809,4.183657982431253,3.358926371675886,19.956731100422854,1.7322898822084654,24.646128072356376,0.0,9.98271560109666,3.9841598148079,67.85351201478744
CUZ,0.5026616207834095,26.25,6.1119473390783465,0.5861596587728177,5.9044234691554855,2.4913168078705032,14.729025186612793,2.5148004937021056,22.43246561126017,2.9659868097629674,67.7449168207024
SFST,0.5080760765118656,56.849998474121094,4.173639158265638,1.3533816559929515,-0.19049175123490864,-0.24781068609583434,-2.6707779101859126,23.857283298412156,3.138605906619866,3.3484113652310605,67.5184842883549
LFST,0.5425597215633942,8.850000381469727,4.341265868022104,2.9752096358032425,24.27157625510592,2.9713715164066987,38.281253893931776,0.0,16.90885311246091,3.9709442003411177,67.48382624768946
BKV,0.5409875794615738,28.950000762939453,2.5597339845747693,1.6427341566743774,-0.7671240896012513,1.4136129648404328,2.732435945342849,35.597486403070555,1.3300702560762547,3.6793733008808926,66.91312384473197
CXW,0.5143520944580581,21.81999969482422,7.180229627649585,2.5070790085198147,7.0499906825794,0.4509281796093308,9.538150658422994,0.0,12.127444610793214,3.4699503549886295,66.6843807763401
CENTA,0.5451484374674357,34.7400016784668,7.090809132221764,3.3331874984060637,2.551995906485564,0.4596613739258161,4.796380329873216,4.907139863687496,11.489094507287431,3.4069399564514637,66.68207024029576
VTRS,0.5162832931766757,17.389999389648438,11.40917368831184,4.965767065133013,17.555596631194735,2.9651285866652386,29.10170040548395,0.0,47.01283887318437,3.027192167739637,66.17606284658041
LECO,0.5412532509413698,271.1199951171875,1.9459665139439217,-0.09460733380068138,3.5963717411497407,1.1621505828318432,5.798792158439169,23.37972039356772,20.71908082353135,2.8911813485533155,66.03512014787431
PNTG,0.5677663955375917,35.72999954223633,4.731346697231918,2.1080875839138002,13.082502188723138,1.0609425669983443,16.460232029541405,0.0,14.666237859616366,3.999239836415359,65.89879852125694
PRVA,0.5235238042350369,23.989999771118164,4.7638448642996885,5.142071694970647,0.27377581853445093,0.9429988408843971,7.241836705571904,27.997303936190367,-3.6932961938680653,3.729499821128564,65.68391866913123
ACNB,0.5038969556740541,53.0,3.722067970375859,-0.21298278189618905,3.5388803711413757,0.6449010052169086,3.4752025319020245,0.629181116985995,4.992077021722794,2.8153637991439946,65.17097966728282
HAS,0.5592608191979478,97.38999938964844,5.341570642922269,0.9454516401105779,3.1083906401198553,0.7101125604066819,6.170277799543238,16.164442691049175,-5.710138069779816,3.34259765413547,65.05083179297597
GRND,0.5132760021048488,13.8100004196167,5.971638812244769,0.5593488084008171,4.108560562197799,1.7449665351140085,14.321196247463892,7.194613899807092,13.569083822151956,3.149374920122256,64.87060998151571
SCSC,0.5126040085595274,43.290000915527344,5.984219481684059,2.2532699664586477,7.6450643198192,1.63128679544103,13.651879081049673,2.871721989369048,5.405408417689478,3.7735528880831573,64.76432532347505
IFF,0.5904768587090087,78.26000213623047,2.2542708427660556,0.3622923474120689,7.937388960064319,1.0508565864459845,7.915065856023739,13.59814677161148,19.693168908141196,3.620715263725706,64.59796672828095
SIGI,0.5270646459531413,84.69000244140625,3.3522354155021756,0.35089252297345597,2.8965114239417185,0.4662857898465076,5.941956285805965,17.0664942275916,0.3673917967235416,3.3934679268154695,64.52402957486137
ACIW,0.5413501097256745,46.650001525878906,4.320676099798905,1.2024798662546476,6.982125259354796,1.3040993309400586,16.94660877286261,19.65505673790892,17.211061356673937,3.6548770426911745,64.31608133086876
CEPT,0.5235238042350369,11.479999542236328,1.6774962231524364,0.2704164016259747,1.3373315620533108,1.346393950444723,5.224561894995618,37.235046335299074,-4.093573214874895,3.4420102382567155,64.27911275415897
SUPN,0.5177939543289989,52.279998779296875,2.367853371097434,0.6396545198927498,2.712003677361788,-0.11530571334173052,3.157060900660888,14.564418478644962,-7.1732971188685655,3.826922398573622,64.19131238447319
ROK,0.5544647319915268,448.54998779296875,6.260229878510269,0.35428501053025063,8.941030779260126,2.3565779587703566,13.270198937584862,1.0592969582199077,17.829207170673843,3.145134485051805,64.05268022181147
EXEL,0.5260151912151616,46.209999084472656,3.8550820850003586,0.7159443288888008,2.473693037125426,0.6393942770016204,4.382196988039432,4.805912686599231,12.624909722549843,3.7638722511907967,63.955637707948256
KELYA,0.5165349091527097,9.699999809265137,4.183990507859544,0.7189971463333029,1.8693528885149338,1.714468850772756,11.36624301571325,31.502814742092884,-9.458924874105765,3.4167897161714893,63.881700554528656
PAG,0.5423872578202196,171.61000061035156,4.824616629127067,0.18232527475586832,5.416727600121372,1.672876022232677,9.9218588121513,4.9754082116755445,22.05547166462036,3.1986970170157973,63.798521256931615
HWM,0.5297571121719155,272.5400085449219,9.45784272196906,3.268178770836708,9.683978781765182,0.6395340964631185,7.86401651161292,0.0,11.336253940020725,3.4852024750817563,63.45425138632162
HLIT,0.5252124581754161,12.279999732971191,7.729826914614671,1.6316104229822839,13.851285586346817,3.68661428608474,25.948715207299532,0.0,7.436565223328508,3.5423454426564973,63.4496303142329
EMBJ,0.5098057392009713,67.75,4.351042626802724,0.3206025910851597,2.0225052600342153,0.21799812297945803,-1.5547801504700427,35.430579615059,19.530698015218686,3.1397271043197317,63.396487985212566
NTCT,0.5162832931766757,38.290000915527344,14.210967393660578,1.3291095546050546,13.783934647228435,1.5235397830636987,19.060948684730487,0.0,27.42097133909483,2.7851352709579276,62.89510166358594
AER,0.5314479348030963,148.49000549316406,1.590823122415775,-0.28959014377908454,3.776752335153985,0.48562274827050245,2.0339495215250007,11.868097074114978,-2.404847785122924,3.0425328141462886,62.61552680221811
HAFC,0.5220100073045716,30.3799991607666,6.855326476389421,-0.12575864876215687,4.752391979513238,1.596813466960926,9.516391220616608,2.1755785841571798,21.012586156190892,2.690151486635889,62.39833641404805
CNOB,0.5213132088519126,29.90999984741211,7.492653800945558,0.23305200445221502,3.296436660891422,1.057499246742617,6.365572385110404,1.9406883674090238,15.215719961831173,2.9851459291611975,62.365988909426996
FINV,0.5317723219379872,5.110000133514404,1.2961367372167873,-0.20482474507914938,3.3765664409294986,1.2869932510486295,9.780652733234561,25.467109671304133,-0.8368278656364568,3.1143424415093657,62.32439926062847
ASND,0.5263503437652433,246.13999938964844,5.753229438823677,1.8593133308991292,4.893078095583596,0.2548473936920784,2.86693440543282,1.864703853658306,10.833932528868058,4.064759229763872,62.185767097966725
LTH,0.5544647319915268,32.189998626708984,3.1384016456412214,0.9625822262796069,14.993029332804152,1.8946211632985772,15.169938275063998,2.186130788071241,24.47794998728187,4.348733906612963,61.86691312384474
PINE,0.5381999666662992,19.639999389648438,7.920371911520739,0.1035896520139156,1.002825450774845,0.5975326272425063,0.5117628937085307,11.694016243991381,21.072438877320543,2.724761648006984,61.769870609981524
DEI,0.542183636008548,12.029999732971191,7.126175912364703,0.39312595183027615,12.162601528881318,3.4082138231631838,24.276852825057503,1.7500316349491916,19.566991336384365,3.227051173603236,61.65434380776339
CENT,0.5043235376934732,38.529998779296875,6.55521731405731,0.49588790105552666,2.457050585405636,0.10914410851964426,3.0765052923762815,9.348686426406196,9.491333568731482,3.2924242833981134,61.645101663585955
BKD,0.5148799117685734,13.5600004196167,7.740364287737332,2.5233678800910337,-3.7205308031061723,0.04690943381463186,0.07380242612790373,56.46732112606778,-9.29765489825639,3.19600547516746,61.60813308687615
KAI,0.5576400947433899,340.5899963378906,2.8390917659068786,1.9318775315666494,7.565285719367251,0.37378695115912897,4.900950170390334,5.508535437092046,3.9905983642522824,4.76756825449392,61.52495378927911
ELAN,0.5700091448955634,24.010000228881836,2.6696129728827636,1.9189676475382262,1.3157125575432358,0.7243850624138498,3.804587548666485,39.403231304601825,7.668166144610189,4.322603840106605,61.42329020332716
ABEV,0.5678184733709327,3.2799999713897705,9.227334853172241,0.9037115071936551,7.294731439579108,1.4603383096986138,2.821313872311274,2.6425787510878007,32.79351955746173,3.179443657925036,61.32162661737524
TEVA,0.5371838237085254,36.0099983215332,5.625213142339587,0.07792110252837683,9.581115414737084,2.71947229235755,16.8397101814773,2.7990137584244663,-0.66207359575221,3.209427298248518,61.24306839186692
OPLN,0.5233176280667373,37.66999816894531,10.32093746860695,1.1708019159245977,17.49843492203204,3.1498336639532254,26.877728161254172,0.0,6.532798412486948,3.2746802925053697,61.09288354898336
VOYA,0.5368495915974366,79.69000244140625,8.215427067088903,1.4883125392166239,2.510342511678705,2.3865184021668786,13.940519959273475,11.29978385912625,1.0396851353594736,3.4481838258536825,61.03512014787431
MYE,0.5055886449317285,22.399999618530273,4.712186416646016,1.110900091543928,5.420282738156997,-0.43816550529213044,0.22371022910480076,7.109303935810582,-1.0340397941424158,4.116708596913085,60.88262476894639
MCFT,0.5252124581754161,25.56999969482422,10.061083358984671,3.4626908977852966,10.36536479770724,2.275636646543899,18.819698655774193,0.0,3.900849494615002,3.669199504342967,60.87107208872459
PDM,0.5283541123253683,8.489999771118164,9.39076556867673,2.00766011752494,5.827358135039968,3.376070991078828,19.241571732962047,13.141156708671225,8.567769624853684,3.394750490517255,60.78096118299445
CLFD,0.5641279707832403,37.4900016784668,2.3280321143167177,6.332046714670096,25.568353889897637,3.126572803428488,38.0338802971629,0.0,23.566254085972293,6.358838262730282,60.76940850277265
ARLO,0.5121696420031242,14.899999618530273,4.963583506440343,0.40524599434185016,3.389651612673145,1.1936940119172748,13.567071252757634,13.72504859592048,-5.035054065841966,3.581015147292762,60.646950092421434
KRYS,0.5248513308694647,296.70001220703125,6.241728684532886,2.2783132270134447,8.753824778635261,1.5582661691404631,14.555989269067835,0.0,3.078104496190035,4.314349879221278,60.55221811460258
NOV,0.556229121057504,19.299999237060547,9.89095914457931,1.929464150266689,-2.6432648984889493,0.33150324492542765,-0.9748616535615691,26.659941733298897,6.32256657157949,3.1957818199766077,60.36968576709797
LEVI,0.5038969556740541,22.75,9.30487129637977,0.41322653430450496,1.2003196464761143,0.9396205384612204,0.6029232791816491,5.4709367189910845,4.938866503071311,2.991793313294271,60.304990757855826
PANW,0.5286721040173883,196.52999877929688,4.986704161546711,0.3541320904634245,11.957069605024651,1.5489141076385127,26.199193585594383,3.6688395419242896,18.8929190264876,3.706812322694258,60.286506469500935
CYD,0.5604502794875843,43.72999954223633,1.5684562757876452,1.1517510877671995,3.8248763854313985,0.4112382174066574,2.220665708333292,37.13500757282237,-8.876853484364789,4.41916376516344,60.22181146025879
CRWD,0.5535058944554857,505.7200012207031,5.843769944896362,0.9275930586614283,13.022768458766745,2.3795077364221426,33.428319318041744,10.341687190998524,44.35532800613981,3.790353728439952,60.06469500924214
VCTR,0.5422002878111922,83.69000244140625,10.677004120927732,0.5841350802163023,10.829701168686192,3.378773809311317,23.454788775496908,0.0,17.33345997868076,3.099447461143654,59.90526802218115
IAC,0.5076495711627419,43.119998931884766,12.89774095575211,1.5983327771434586,-1.1451332890956212,0.5949982867309438,5.556916872704836,12.643498749437898,4.255315027848812,3.0168285859346327,59.78280961182995
SNDA,0.5405802058205554,36.54999923706055,7.207493826846288,1.016375448113102,2.239189782334341,1.934647364568876,12.185381162562962,14.337087438460125,8.747392363081419,3.554817081572095,59.76432532347504
CYTK,0.5377477627718209,74.29000091552734,3.2621051381457544,3.6033718243703716,12.048748173238858,2.3447688131613313,14.274724618078928,9.219154394819878,-3.6321125377336796,5.233352253629046,59.68114602587801
EE,0.5157238402785986,33.060001373291016,4.999781015261234,2.725961670197436,-4.786125493080787,0.01761219516109972,-3.8394405287265134,67.19393850852246,-7.447776466859324,3.8739079910288847,59.67652495378929
MCY,0.5260151912151616,98.01000213623047,5.398707426445515,-0.11110732926427742,2.2593915743768145,0.7468408483113042,6.28999361162729,1.5867958636643833,12.620845219435681,3.183153427179618,59.625693160813306
FVR,0.5425597215633942,18.260000228881836,10.217563560091103,0.7570574806469815,4.957611087712969,1.3308875484434863,10.800975339687133,0.0,23.514117972563547,3.2604432297950834,59.58179297597043
CBOE,0.5292036759352748,338.6499938964844,12.083721263598106,0.6315880614012213,8.915012529231255,2.323694376255935,14.428106074696883,3.2628447712320305,18.608155970502764,2.8998535637697285,59.54713493530499
PFGC,0.5313638545022747,92.70999908447266,3.6611899982317433,0.14875844678244993,1.3528645721895378,0.6713066041154797,4.16853829711345,42.713814661911236,3.1715985474421062,3.4192636071223275,59.53789279112753
PK,0.5112908893877145,11.1899995803833,5.565481495066374,0.1961901623331582,-0.7582846316730274,0.6516398496315214,-0.08928775938612452,22.665548159328143,7.636769767384617,3.319289576526827,59.468576709796665
HSTM,0.5166472371147959,23.540000915527344,4.336555402468418,0.5019990464230015,6.543158944619313,2.4489801194599767,18.410472379695523,21.103652447275586,2.37554083816282,3.8050729823000182,59.44547134935305
RDWR,0.5425597215633942,28.360000610351562,5.137640401819857,0.05828017452448963,8.878013907527713,0.3389899935059853,21.35215914296188,0.0,18.36394696920794,3.595355938610355,59.359981515711645
TX,0.5377477627718209,46.220001220703125,6.900777542322227,0.061968485205327106,6.511196702675795,1.9404015397986345,10.600622656181327,4.385480152840496,-4.543570903329244,3.1387150000297117,59.25138632162663
MSGE,0.5269158579881917,66.73999786376953,10.333712967552652,2.752983197564752,4.8217339149996405,1.3635595463934864,10.13201244909135,3.260456775809644,10.955937108240619,3.645382324244705,59.246765249537894
NET,0.5406735762639734,256.7900085449219,5.920754731414584,1.093000252563234,22.87926088679396,3.1903573455703076,53.77567524835858,0.0,35.573625246666865,4.247496221019291,58.9764325323475
TTAM,0.5435086286118365,16.75,3.677610291825237,0.25861532813445476,1.0385562622290356,0.993263463231132,4.223077459614931,44.3128811353837,-3.2814693403469692,3.571429791481002,58.94639556377079
ALRM,0.5122176808946028,47.0,6.247932394308979,0.7235827060486852,-2.4281380564072284,0.7119611543981108,10.199292657421443,55.842996984370096,-5.943568437243074,3.3053198121601324,58.93253234750462
ROAD,0.5563401478641785,131.36000061035156,4.808510881118482,1.8611649522968292,7.704796122785913,2.45891937107384,10.516574066722834,13.809633263848708,2.9063838935336417,4.435901063666298,58.92329020332717
WST,0.5233176280667373,322.010009765625,10.123509788296468,0.9359397206424953,11.665477506498469,2.877225898282472,25.610100307043933,0.0,4.053179459559688,3.4466023124232263,58.85628465804067
GCMG,0.5800227040372404,11.15999984741211,3.2414794367447817,-0.037568972763544664,2.180512105647115,2.098893618581625,14.814810089252486,49.746450617474586,15.17028204885596,3.2590880207224204,58.75231053604436
PBT,0.5368495915974366,23.020000457763672,13.706343058652568,1.2899895582287089,3.7270965905539835,0.7813473006388704,9.753564616232168,3.7708209888735267,3.2194440430515905,3.0958781003601556,58.595194085027735
DV,0.5165349091527097,10.850000381469727,3.731300768257304,0.37005031493605384,0.8223789284598,1.6818634676419166,13.61256716895106,28.907984858371865,2.9411804621371793,3.838052420066211,58.56284658040666
BJRI,0.5592608191979478,40.880001068115234,6.208081265962631,0.9562342995982194,4.4880733920638916,0.7107254087400536,9.304811230382697,29.514503558474242,-1.2083131635614788,3.691116761260252,58.54436229205176
HAYW,0.5313638545022747,14.770000457763672,6.083774507558113,1.6034486029864792,-4.53002661742261,0.7007547715413431,2.71210250481139,76.73358568945932,-0.8724776113162063,3.5298391853704834,58.50739371534196
LINE,0.5829028106559748,39.970001220703125,2.629732854741188,-0.084867379511127,9.406437662477469,1.7745464885159872,16.42877683852101,1.409401083001228,20.162706368390136,3.8695084531147423,58.47966728280961
DNOW,0.5012942213451748,13.050000190734863,9.498289127331914,1.8255038219542854,-2.1109268096796474,1.3339208237069815,6.879608107245964,46.348712724045996,10.126580342059347,3.2687465981310138,58.32255083179299
HYLN,0.5425597215633942,2.4700000286102295,2.409949477529444,0.6654551707092546,24.464602652656055,4.972229907818891,34.23912953590732,0.0,30.00000312129713,5.089647108377735,58.31099815157117
DGP,0.5153621554232574,183.0540008544922,4.87044872290714,2.9459979318676326,-4.727891451572821,-0.6400929335057045,-4.004405836231687,52.90652986846991,-2.713649398497684,4.235286301724643,58.2532347504621
FLYW,0.5233176280667373,17.729999542236328,7.015669504608983,1.2014980314870454,28.264483393671647,5.539225133933663,53.37369289031976,0.0,1.2564209621142697,4.143461820491855,58.204713493530505
MPT,0.5119273508774714,5.329999923706055,2.2369733988723866,-0.48902174929329484,4.223697455640413,1.3275214436622427,7.894734046340998,22.81825046897884,-9.815423616509413,2.9348701267331196,58.19778188539742
BIIB,0.5035349409666642,191.3800048828125,1.6340058420887604,-0.6151819228998582,3.788065972126436,1.0571672494419377,10.643466226558257,9.465369819572956,9.485126739986693,2.959333778000719,57.95286506469501
CCRN,0.5410331940249996,13.09000015258789,10.157640402761004,4.598372171521159,28.157432635766394,2.503889181156008,38.08017704945124,0.0,73.83797858064963,4.043435946038041,57.81654343807764
UBER,0.5121696420031242,76.7300033569336,6.028449954737464,0.5612497421176205,-2.547337988665631,0.8673719399996123,8.867763482160033,53.29741808796794,3.8014140389018354,3.4219269763665765,57.71719038817006
CBT,0.5216486626678887,81.27999877929688,7.738660321828035,-0.17306228932653717,6.415289937783486,1.107978600676437,8.92521547505659,1.3820837486265714,23.643356691692876,2.853012905552289,57.68484288354898
VRSN,0.5159475681844883,278.4700012207031,10.035348816521598,-0.09073454530958824,2.3703969148508377,0.26668045008348074,7.194550207544231,0.0,24.68480037505457,2.7725513698107385,57.668669131238445
JBSS,0.5046419194668633,78.0999984741211,5.719515916015569,0.706089838534231,-1.5953387400604608,-0.38796596296621855,-3.539599775990977,43.58159195094361,-1.9460176045756186,3.640910051077199,57.60628465804065
BOW,0.5397300510803729,26.360000610351562,6.63126544861212,1.4743048880759975,4.932827043782828,1.0769487317898023,10.385266066322151,25.104479441142225,8.210180417926658,3.941306587948121,57.578558225508324
CALY,0.5578386815801059,14.770000457763672,10.037915379477061,1.380299935790919,-0.37435230608779885,0.39615361001971905,4.751773461842911,20.05996286888715,17.315331839408486,3.423927286610974,57.52772643253235
FSM,0.5157238402785986,10.460000038146973,3.5804927312532673,1.7612247551221736,0.10335736983703502,-0.903732891059437,-0.190834971002102,30.28059263765983,-14.751429111185828,4.715241537687165,57.513863216266174
ADM,0.5292036759352748,77.52999877929688,9.052966607452872,0.051423288798100354,7.976739827245112,1.4496334623691602,11.185996051548775,3.5279550062427694,17.167902258627116,3.0015920356829224,57.43992606284658
VTMX,0.5454642305007377,35.72999954223633,8.838799836140778,0.19778638104585614,0.59286706802065,0.5886159112566973,1.276180398712624,11.64541482491115,12.248037062156222,3.106999333080927,57.21349353049908
PSMT,0.519458288155158,156.5399932861328,11.105088053255848,0.8117968744912701,-0.6965371285733212,0.13625692934127787,-0.3120457854996464,16.850816099486412,26.140732979267305,3.132928443979565,57.15804066543437
AMRX,0.5609177766651836,13.720000267028809,1.7878072101830789,-0.17065678183261976,5.346004776773832,1.133738457191461,9.409890818750167,33.63364888590818,-2.7639929065217164,3.563619394942911,57.13955637707948
MRCY,0.5518988770176051,88.05999755859375,0.748457791496302,0.8800657982365249,7.7397376013434895,1.5600440177052612,10.628139756958438,25.495255360511273,14.185677414741434,5.102041081546722,57.01016635859519
DDOG,0.5529451976895948,188.72999572753906,5.711794292785488,6.224995740302279,42.21193754003881,5.434500334533072,79.11169289864132,0.7603397216173697,45.54638574235947,5.312995815224077,57.01016635859519
XPER,0.5410331940249996,7.71999979019165,11.030654673126637,5.830063364477493,16.633930605447233,3.204178441728369,32.87435225291258,0.0,24.717281398718523,4.0932646034847,56.490295748613676
COFS,0.5038969556740541,31.5,4.788331296179598,-0.49870347709577556,3.4584683997547807,0.8362451991912193,4.895102496481984,6.75223697361276,0.737149954393293,2.8412704294771296,56.46025878003697
PSEC,0.5076495711627419,2.75,5.664578896321984,-0.48161033849164336,1.359524325568224,1.0583881785591662,6.707964607354046,11.534148737815526,0.9295503555970853,2.7064427251121415,56.43715341959334
FA,0.5410331940249996,15.760000228881836,7.770599883475092,3.868412546415144,23.40740851171156,3.045665197110293,44.19029998541682,0.0,34.81608891569288,4.629712698009091,56.43022181146026
COLM,0.5525203918674307,63.31999969482422,6.53624712536985,0.034919687778590745,4.3180278400921575,1.254441501034551,10.58330693472315,9.12925357310335,-3.1094480171846106,3.4160375781247407,56.312384473197774
ACRE,0.5076495711627419,5.050000190734863,6.551082338225952,-0.19221259949666963,-3.38625994621223,0.7129092192830561,0.5976137433537698,21.17882451021259,-8.736068303635145,2.9632251596918815,56.007393715341955
TRS,0.5422002878111922,41.880001068115234,7.026073972994274,0.1916770238199718,9.563240244071665,1.625767612948047,8.6663208955856,0.0,32.46171268570431,3.723223681435987,55.98197781885397
ATLX,0.5272768294510718,5.920000076293945,2.734147283316397,2.557201109263662,20.361900056541142,3.623722790937526,36.091958752193825,5.195891013442604,10.65420900402767,7.565878090322438,55.97504621072089
NYT,0.5295204750287479,80.18000030517578,9.20271872020033,0.3123977570979915,-0.9145533158117201,-0.742183142053286,1.4808228544446465,26.276370340844963,18.883424740917715,3.1277825978984075,55.89186691312384
AKAM,0.5649662050120707,116.69000244140625,7.999918390285692,1.725311639493415,10.830819935757892,0.8621472448080059,27.73946840752978,6.168177603255335,32.09192583024239,4.1814083793079,55.841035120147865
IPAR,0.5322051606373253,93.91000366210938,3.12391573398969,-0.32432854954346796,0.66136071022556,0.4224949506610471,0.9784985613974087,26.621737263488722,4.390845506660962,3.264525258486249,55.822550831792974
MRVI,0.5267113591440451,3.940000057220459,6.167034423255638,3.8085015884494773,10.45696800360783,3.8125729367350973,28.338766860340108,0.8079262413535728,10.674160686572474,5.3208840858159565,55.74861367837338
PFIS,0.5245160758139397,58.970001220703125,9.54885669971401,0.09214336158250404,2.630595861592774,0.3168812134943078,2.112556226289177,0.0,3.98519162877118,3.217132759779224,55.72319778188539
MBI,0.5283500249204195,6.389999866485596,9.953181268335348,1.7707139109356838,-2.8247750645324516,0.4872720512360467,9.605487993342914,59.81331301366135,-10.25280942000516,3.336685940319111,55.693160813308694
PANL,0.5608543470857466,7.869999885559082,0.9259790712898355,-0.17345559564166146,3.5744357161169327,0.9240794782912022,7.956103246385545,42.01182423798409,-4.7812492638447095,3.719368838281848,55.68391866913124
ADNT,0.5435086286118365,21.860000610351562,0.7923572741925933,0.030584365730955586,2.7183264968479803,0.8506303101257084,7.051912480934945,26.64721056398145,-7.372880266606479,4.270358023114342,55.568391866913124
INGN,0.5371485660023,7.190000057220459,6.149166543815391,1.2125197074433902,4.323854457602179,0.8929880455805475,13.586100217123462,4.23344461590702,19.63393982036209,4.530002232787844,55.55914972273567
VVX,0.5369610844579442,75.4000015258789,7.505609810431831,0.7787193547698961,9.22819056279962,1.5186323853077837,13.417565761721365,3.5594652170719163,10.800878977805167,4.0171374150920895,55.23567467652495
WRBY,0.5414588406428236,27.200000762939453,1.8065094951966498,1.7276266060979442,15.37482983898411,1.6371139873865945,30.64361748955666,19.061570156643786,-8.014876416178824,6.6470592100904184,55.16173752310537
KDP,0.5190826812080745,28.520000457763672,1.265733331234816,-0.6351410483880383,3.0235168545347757,1.5163461706209147,7.339107208367482,25.689708828546742,4.016201065135339,3.0667698696015195,55.06007393715342
EQX,0.5157238402785986,14.369999885559082,2.073286262304816,0.7558121831506323,-2.731749513320749,-0.8901973661496209,-4.708223088143101,53.22448636165289,2.010228889993065,4.632666674308196,55.05545286506468
BANC,0.5076495711627419,19.170000076293945,4.484011288802995,-0.4525239413740995,2.0814375036167485,0.5835210750042173,3.958782652139696,40.137377809989964,-2.8768570548295194,2.805721340871627,55.046210720887245
LQDT,0.5541326213278818,36.25,11.181387797997113,0.6608199201355002,4.327055050223053,2.1625358102866494,11.77921572235311,1.767612111556807,26.571231746731073,3.4896557436788025,55.03234750462107
CX,0.5678184733709327,13.140000343322754,5.62962617714444,-0.19301725244852216,7.6607969797198665,1.9036488276728463,10.23490150266652,2.0837267531883743,20.477101347336312,3.4572720064982567,54.976894639556384
JBGS,0.5313638545022747,15.40999984741211,7.822976506921478,0.8579216051082326,-4.729262717969794,1.0348815184870555,5.4035565525504206,67.5486954844753,-9.581339859612108,3.3623809843262875,54.86136783733827
TBLA,0.5260111868813035,5.210000038146973,11.502621131924055,6.066984078506421,36.06685973354079,5.177860521854522,55.52239360923764,0.0,9.684211327371168,4.2216882744370805,54.81284658040666
WPM,0.5093305177208625,131.55999755859375,5.400100182641747,1.0077930496279977,-4.690613791860035,-0.9209253542327079,-9.168737306665546,54.31134663623588,-0.07755596267612544,4.091554094737842,54.792051756007396
NOA,0.5741035961788138,14.489999771118164,1.5436831886794966,-0.5230195272498881,-0.6874722636381695,0.7573366481519764,1.0460224332197325,35.250768285187455,20.486635807931965,3.1770692387121406,54.78743068391867
OSK,0.5089686042473591,153.05999755859375,3.3223274068961492,-0.04600039988089104,1.0098326847992463,0.10634166886079785,0.8366851101037603,33.499784421754654,5.656451112204252,3.789363566268822,54.768946395563766
QRVO,0.5411308516225627,88.97000122070312,5.154421862348975,0.150512399421545,3.4637152872805816,2.2035359775663363,11.477263428393972,7.561719456160226,15.275979358325984,4.001189165811551,54.73197781885397
FLR,0.5858708043267963,51.08000183105469,9.019374942389764,1.0245840763659015,1.8463168197813522,1.244511918325077,3.800046294116021,13.355705529069409,24.88997536708068,3.8035568818113457,54.727356746765246
FOXF,0.5261913722800873,18.56999969482422,2.2877602660857232,-0.003228001541498428,6.742539899140432,1.502377433552652,10.338679613205965,15.694688094885237,10.273156332886009,4.245325418420853,54.71349353049908
ZGN,0.5425597215633942,13.050000190734863,12.665888832636044,0.9559783433630653,8.827087044199782,2.1857686931436997,13.379669253654198,0.0,36.50627215027916,3.6097423190826343,54.53558225508317
SABS,0.5370060596394105,4.090000152587891,3.2775265106033213,5.22992592289982,5.240590566032001,0.33328921261659034,9.066670733259304,24.005195482755997,10.540543237098559,6.870414585493785,54.51940850277265
TPVG,0.5335149574845922,5.980000019073486,8.368696340642582,0.7158417812692299,7.20415825606192,1.685499010034468,16.79687797986205,23.211677218629173,18.88667533698704,3.665790441369744,54.473197781885396
SLG,0.5170088617297772,45.279998779296875,7.741612096806808,0.35088784781297166,6.730777474472376,2.3917839116855766,17.855286145531142,15.704247093346199,8.179323577822217,3.606921769337902,54.43160813308688
KTB,0.537543836729345,78.06999969482422,8.996563615701794,3.161264264962525,5.899985888430182,0.8446989904329372,8.551170303629032,2.502112992985961,0.5901151703099898,4.481507398267841,54.417744916820695
LII,0.5495668931013684,526.6099853515625,2.059105728607601,-0.3317666176880032,3.90453162741472,1.7340033036679772,4.215231817268119,21.8032422201899,8.342003980569629,3.622564124691622,54.35304990757855
BOX,0.5125794929831823,25.690000534057617,9.490538019460926,0.8160820889445953,-2.4195670510389045,1.1590479993608442,20.215252807528838,46.12578307785448,-20.1678051875986,3.351776162826371,54.30221811460258
ENOV,0.5239972191888811,27.25,4.333653625796686,1.8814871946473313,9.262594122958232,1.2235011157032634,11.588861239756621,16.842172907949973,7.199055539502836,5.4731331521530455,54.26987060998152
HBNC,0.5038969556740541,18.559999465942383,5.808034744161355,-0.6438994777845751,3.171292228612373,1.0560903109888768,4.858749524774153,0.566027598225528,4.630802952175552,2.76516378542063,54.26524953789279
RMR,0.5544647319915268,19.3799991607666,10.945364959413672,0.17065031800900693,11.872116267118251,3.4191445947924324,21.446279982821316,2.895128837902132,30.098329495746878,3.1880521459462607,54.17744916820703
NTRA,0.5402205347547513,219.82000732421875,7.417679902923324,2.1715305223548653,1.2038382490914292,0.453778397314723,13.878676223488847,40.48292139928375,-2.5404547328686022,4.200481485711018,54.10813308687615
ALKS,0.5109029294931654,35.400001525878906,9.562433213320048,-0.14750406357460172,3.9617089132311647,0.6294701440200315,6.115110545990768,0.9807444999827433,0.11312475915088738,3.014508195179362,54.085027726432536
JXN,0.5112908893877145,110.08999633789062,3.0410367602343418,-0.07701213636524215,-0.7209913540492962,0.8682405054626872,8.334966898542158,40.20216265681289,3.115079980402154,3.7981902861329457,54.071164510166355
LAUR,0.5010350286822384,32.16999816894531,2.8739867861369293,-0.07974392040648341,-3.232118862815297,-0.9334692767551003,-2.2485617802350175,76.3356162256444,-3.364381843636383,3.503485995542365,54.06654343807763
OPFI,0.5174995927241165,9.890000343322754,8.908319980807168,3.6379720656595405,5.590950003135202,3.0064838797464666,20.609763087335647,31.693576281252245,14.203239231420731,4.167989855870102,54.01109057301294
CTS,0.5544647319915268,59.849998474121094,13.827916017139156,1.370553676507206,6.861639992298227,2.1820435884321516,8.937022151536333,1.6222024002594875,36.785922903994326,3.6203608631772815,54.01109057301294
CGNT,0.5410331940249996,11.0,11.634325145476609,1.940624536445543,13.308612098696246,2.860774876952741,35.63502423316338,0.0,14.942532399449801,4.090260220812513,53.99029574861367
TKR,0.5544647319915268,116.33999633789062,12.822332328173145,0.5271648393448936,7.203572825263528,1.5771614455871115,8.98360312674547,2.394610502244541,17.909736270727976,3.3477930028412697,53.877079482439925
DD,0.5651756585698476,48.36000061035156,5.370821279116963,-0.3986727339890741,3.4161997606343864,0.7399994163441589,2.3492076409059695,15.443287998381864,17.678296447365206,3.0869675464961017,53.79390018484289
VIK,0.5368495915974366,83.97000122070312,11.417783054397571,1.7553634687624062,3.197184511145444,1.5031777810099216,8.811718560343502,3.8504651330682793,-2.132869191076173,3.919768011582962,53.77541589648798
EXPE,0.5112908893877145,252.7899932861328,5.282734217263531,0.42031592449120864,0.29756969667804956,1.1364001094388323,10.829057540754015,34.5400536016297,0.4969388699049242,4.103632457305109,53.636783733826256
CXDO,0.5233176280667373,9.779999732971191,6.194623793286704,1.5044196878739944,38.39948684450178,6.768905374737165,64.6464585540954,0.0,0.41067723602552536,5.3250073681303185,53.43114602587799
H,0.5525203918674307,170.47000122070312,5.8371176538957,-0.2693999880212857,3.5504942874214858,1.5279299125204127,9.803543459326951,4.245894371067389,0.9217894934859363,3.3715620795981724,53.4195933456562
WF,0.5089205521508016,68.33000183105469,8.319700332888706,0.15498628024446928,-2.7192458960090775,0.18613798767398523,-2.9816817620217324,34.99568528159464,2.5976026975133473,3.251028622789926,53.39648798521257
AU,0.5398711495021524,100.2300033569336,4.708744541264196,0.4450638729661517,-0.21723858297233276,-1.349289021868099,-8.256289833394822,35.97549611784425,25.303170438111096,4.255140489389307,53.3271719038817
CSL,0.543149312643873,360.4599914550781,2.213797324764124,-0.07130929869838067,1.044898281886907,0.9040082538953989,3.2038259207366906,25.596857281891893,-8.581547076690601,4.221589537923469,53.11460258780038
IVZ,0.5234501060141095,26.829999923706055,3.92545355000636,-0.5292907044427073,4.91389619332661,2.09972721107747,13.782866880312403,23.415621838155744,0.769512413586492,3.0895574677970012,53.00369685767099
SA,0.5462210697981805,29.709999084472656,1.605398409160004,1.0927878762486742,-3.030820221631404,-1.1311657098549808,-4.622794708333712,57.613682462169635,21.612765915365618,5.387796446118816,52.989833641404815
GPN,0.5326135397832948,70.12999725341797,5.171451495957975,0.7148941957279428,-4.7242512851569805,1.1255760067159022,7.166862220305361,75.22085209407975,-13.413452204649753,3.9788379600678865,52.89279112754159
XYZ,0.5117396944486096,70.13999938964844,10.890981829147782,0.461682427874436,0.42308160091213676,1.9508670133709358,12.765270947250873,7.744233604749391,10.109887832771685,3.5030960909336573,52.865064695009245
JAZZ,0.5286384500511202,226.9600067138672,14.011604247171656,0.005987681791612787,11.300462008643523,2.0718052405946046,16.869212296737288,1.6395307034182078,33.43524698693487,2.859220588738257,52.8373382624769
DORM,0.55555980423529,124.5199966430664,10.017035855687592,0.756560189858661,4.095359488437415,2.2511681019468597,13.75844846009366,39.42915369957549,22.102365703030053,3.4853832152878144,52.8003696857671
RJET,0.5700168887172864,22.389999389648438,2.3035595053184514,0.6679433548402581,15.977308246306063,1.226961769599553,13.13794014001152,0.8212327030937223,33.831440537608124,7.619791975471444,52.70332717190388
MSBI,0.5422002878111922,28.34000015258789,14.858745408144367,0.6202251132438853,13.360001042251254,2.2264928989553767,16.962446090919745,0.0,52.93526834136111,3.441626853961033,52.691774491682075
OSPN,0.5300394090647671,12.149999618530273,5.536727685868657,-0.13610475289135515,5.060338589133957,1.3670143333753615,14.622633784277353,23.5192432226863,16.714695451062617,3.533215440271359,52.63401109057302
HRTG,0.5405802058205554,28.030000686645508,2.6339842827667477,-0.030341208703938544,-0.13538281527391272,0.9949086422434866,7.148321292314173,37.41794144077822,-0.7787586313157685,4.179195560058776,52.62476894639556
SSD,0.5206828412160484,192.61000061035156,3.2408257665627946,-0.6525249012995356,4.662283481443788,1.5895625925315922,9.344312962875586,13.35821433722775,13.46967852813685,3.113806650306892,52.5924214417745
BSTZ,0.5289992820362068,27.540000915527344,14.371874480000521,-0.005953541112484085,7.245389368848311,2.84669034946283,18.286874727488186,0.8983635215850047,24.194572090401927,2.867777428588605,52.57393715341959
DAL,0.5544647319915268,73.11000061035156,4.831295943419793,-0.5543283213062689,5.095954647949616,1.147201865524249,7.800060364572749,3.144533042064597,20.683391218827726,3.1752567185318,52.495378927911275
SHC,0.5322051606373253,15.670000076293945,10.007029403286968,0.4037662608478903,-4.635841797576384,0.525052132610066,2.018231943525823,55.57148083206959,7.549762556172106,3.1657392229629684,52.38909426987062
IONS,0.5085586280566018,76.0199966430664,4.431358580063045,-0.32926305387523086,-2.5431510769684946,0.18848450456122767,1.1307682517158058,56.98275275346365,8.848798151689518,3.1204173396844626,52.37523105360443
BDN,0.5219218589598917,3.109999895095825,3.1529978506595677,-0.34694646288208986,5.87233685232687,2.1383858345269395,16.917285510366213,13.15456889928387,13.598854834909677,3.697746889592974,52.36598890942699
ALX,0.5004149873692441,244.75,7.296252128390676,-0.24998519567405503,-1.1743999973631887,0.6721409560882858,-1.0711374138442615,13.49703579889128,10.02192627756223,3.1259275954360772,52.26894639556377
WASH,0.5080760765118656,32.20000076293945,4.7178730396379995,0.21637488516081146,-2.1886043936662296,-1.385435689207325,-9.803921358834671,40.3891581748279,7.333335876220399,4.150398565619705,52.11182994454714
PRSU,0.5025196788650633,41.33000183105469,13.162427467274169,0.8919757818570505,0.2194527375825565,0.2077570469573088,0.29119812968968156,4.298515571663968,17.950915385280528,3.6275955064025887,52.07486136783734
KGC,0.5089205521508016,30.420000076293945,2.8547602144113706,0.5262452535873612,-4.793201776281252,-1.1661538455005627,-9.920048374178705,62.34561341716065,-3.4944389393182127,4.5987139217738235,52.024029574861366
FAF,0.534466669177308,69.81999969482422,5.557793642240137,-0.7990628751035349,3.525225149173218,1.5004774449737885,10.282732870349912,4.804120976299965,22.81442668178629,2.7310037105919656,51.94547134935304
MTX,0.5216486626678887,77.80999755859375,9.447128849819796,-0.3227588934814309,5.961252951325395,1.4660462587372378,6.559848172653372,2.6708401216117403,19.230761586511775,2.8586116700674693,51.92236598890943
AAON,0.5452701377283717,129.25,6.94821817744861,9.327311938217925,35.08711407516088,3.3590983178536296,38.72491417810646,0.0,37.52925663211204,6.701852419521967,51.901571164510166
TDC,0.5558716358923669,29.6299991607666,5.864595198251815,2.171006633789702,3.0393626856198197,2.509007390731045,20.643321681046487,42.2005316368,-21.77930748284778,4.978038913573232,51.86229205175601
LEA,0.5680197777228876,135.2899932861328,5.6480550054126075,-0.26898044289868417,6.338739298990606,1.4585731648952196,8.579450194894017,7.424257427813909,19.219236238835062,3.511239627835888,51.82532347504621
IMMR,0.5278811263806449,6.489999771118164,3.99201299215119,0.09994172497133884,3.8902105599240184,2.332840549555281,17.46605717500709,38.05596747672225,-7.230536394707479,4.187760300302249,51.78835489833642
ITT,0.5381999666662992,207.7899932861328,12.603218217784558,-0.05713086287239236,-3.617981752817059,0.3486298169794103,-4.200092607958908,15.882938751751114,22.11814240713462,2.8411238189303174,51.59426987060998
CHRW,0.5080760765118656,171.3699951171875,2.843140082494888,-0.21340419252306142,-3.066061527062562,-0.046078657861251204,4.819860149986185,51.73518345903244,2.4890795861596744,3.7414848477786955,51.501848428835494
WERN,0.5381077143082178,36.380001068115234,8.713845897296192,0.31021529290730837,7.126033047267197,2.0398794090773404,12.91123429446045,8.900026274700483,5.1153002582206275,3.832562537118437,51.48336414048059
BFC,0.5121126440433003,145.0,6.233372786081477,-0.4481537334287525,1.2071575005471704,0.4187897143798646,0.9468119020613865,12.366647806182806,11.682330037207118,3.088671303734991,51.400184842883554
ABVX,0.5592608191979478,124.6500015258789,2.4946526647358067,-0.10261669619147136,4.344660789275723,0.5892920948838533,-1.1812255200311934,26.59414846457645,5.635594513408941,4.308120686168962,51.40018484288355
NVGS,0.5249653547442361,22.8700008392334,11.472303374660656,-0.16379142227456492,8.29880867420785,2.0366255175058456,15.856135279880885,0.0,26.28382146988008,3.0639012761435516,51.37476894639556
MLR,0.5297566328676818,47.689998626708984,13.115663827177402,0.6127668838475979,-0.16538220730348113,0.5324519677372646,-2.474443479321404,11.555485298766992,10.521429757081313,3.4755717729489106,51.335489833641404
EQH,0.5165349091527097,42.849998474121094,9.217633813376983,0.12473118458526805,-0.8334883738229517,1.9108046502747742,14.480358334517668,48.39745893817807,-2.7020944973678818,3.18386383635069,51.312384473197795
CPRX,0.5294684333922639,31.165000915527344,13.219476062392022,8.628306578625912,12.8155029561586,3.106280170457019,24.959904763110885,0.0,6.474207133796931,4.469299657239437,51.23613678373382
SRTA,0.5302294119725582,5.340000152587891,5.048860055097857,1.5268423892775795,11.879324331346504,3.5245634941444157,32.17822283881433,14.360951227347343,11.249998755892866,5.898877307481022,51.17837338262478
ZWS,0.5076495711627419,51.04999923706055,4.972696435712385,-0.6818169679952367,1.6901875303906317,1.1872006877649244,6.933383833577442,19.785427695690835,-2.7063120841995025,2.8480481105975493,51.09519408502773
TOST,0.5165349091527097,29.3799991607666,10.601409736993993,1.2982691331475043,-4.855204498618271,1.4418110999195168,15.669289771075718,44.41055108795973,7.500911974783313,3.769570576756516,50.93345656192238
EXPD,0.5072876172361026,151.86000061035156,2.829067398952367,-0.7954752038088705,1.4639370671077778,0.6891144606783147,6.151267441544617,29.48155767608566,8.039273796207139,2.997121454187195,50.93345656192236
CARR,0.5371838237085254,67.22000122070312,8.904829466912728,0.09227806503438735,6.65568151042277,2.001321566115953,6.503677879053832,1.686645899858686,6.908767967423353,3.763749020081611,50.9011090573013
VREX,0.5435086286118365,11.829999923706055,5.761558095911259,1.514905811605628,-2.9791078273716605,1.2569472359669756,5.813949917078416,56.30163663799218,-13.078617029700759,4.661272984432179,50.845656192236596
MTCH,0.5293040460279761,35.83000183105469,11.691277854209273,0.3732420147511609,-0.5957816383597504,2.0338984358900767,13.02839422266937,8.530162897323159,16.079718218250044,3.5534866735798953,50.743992606284664
STC,0.5539546683826138,69.81999969482422,4.401020277857116,-0.4045466168519704,2.3078619639438385,1.150157610323014,8.080497436410102,36.53982316628418,21.658826341094578,3.3397099465722278,50.72088724584104
ENVA,0.537543836729345,172.5,10.584050706103929,0.1959182113288126,4.837729330243075,2.5586688123254877,19.006556489549375,2.9349477668746906,0.07542199135259048,3.6430279907479295,50.58687615526802
ADAM,0.5553826781709104,8.720000267028809,7.610255333690865,-0.02669005135679578,7.409007490308693,2.151620056601139,14.888011746702698,6.73785160489015,24.393731458284577,3.7188731157140476,50.47134935304991
HPQ,0.5339178672610296,20.989999771118164,6.22060053423693,0.1649687801782996,2.236240305110322,1.9449234552761627,14.950709243523347,29.54801112591558,14.887790065980951,4.024024700379257,50.44824399260628
BWA,0.5863312205837137,58.18000030517578,9.446652099054448,-0.13303823573953985,4.767478909101637,1.141040937942027,6.791484570412056,16.985707098148218,29.585410136588315,3.1411141242654628,50.42513863216266
HZO,0.5252124581754161,32.86000061035156,9.1138055459954,1.6845155776921783,11.541074567843205,1.9006938128859858,21.120536773403444,0.0,9.533335367520763,5.027824220902577,50.42282809611831
WRN,0.5604502794875843,2.940000057220459,3.5612127576324184,0.9007807318411434,2.361749987788388,1.3856397064567714,6.909092987322476,49.55082431142848,-7.83699045257894,5.284256920319238,50.415896487985215
NAMS,0.5089205521508016,34.849998474121094,6.648904205509155,3.981986079410992,3.496017834840595,-1.133188344402955,0.2589187483635405,37.150227075235044,-1.8862668214782414,5.357653802986725,50.23567467652496
NVDA,0.5548224426656349,211.5,8.512227106827627,-0.21160571455153876,4.779220585206334,1.8091853898677623,12.124261530541961,1.7384835550299127,14.39853519570598,3.4143872375385214,50.14787430683919
SWKS,0.5275202028728557,65.04000091552734,7.161366229231596,1.8184292521365464,4.157326658324402,2.833334376111527,15.400993986908382,15.966897909360783,0.1077415630413063,5.216569949412698,50.02772643253235
SBSI,0.5038969556740541,33.650001525878906,5.339913231434641,-1.1269049611831925,1.7215619497899064,0.3488500169718779,1.9697015935127553,0.9358039845802673,6.153765896057174,2.7679902847738185,50.02310536044363
MUX,0.5604502794875843,23.3799991607666,5.43100659234032,3.5239897444262893,0.2658852824651494,0.41340068873693653,1.475686769592817,40.22409584774447,-13.69509402283973,6.207993473944534,49.94916820702403
GIII,0.5381999666662992,31.299999237060547,5.5507922633826485,-0.6915431022150607,1.4389398859878013,1.1738477584861717,5.850522692026383,13.586455324070537,19.961571859848288,2.8799628781719204,49.935304990757864
ERO,0.5093305177208625,27.100000381469727,1.6611061321184253,0.15908840126917026,-3.8427406988455024,-1.7577121619225824,-13.001602845995858,68.77612282309808,-28.74046476038784,4.627044222485729,49.90757855822551
MAS,0.5377717909592342,71.93000030517578,6.2333761935549195,-0.12153658249245776,3.6208976366036714,2.173993396753644,14.228996205552749,20.676232319948724,-2.7447252628422634,3.7188915344844133,49.88909426987062
PRMB,0.5385154087314622,22.239999771118164,9.092345682150684,0.35838558015125926,10.365035518303817,1.0740273022754079,13.411520034549026,5.923415085835709,-1.2684203551267919,4.049975156563271,49.884473197781894
BROS,0.5121696420031242,53.540000915527344,5.588800216584518,2.6962317282948134,-4.251084300356163,0.49147919749398816,-4.187544931671814,57.3093946616047,-1.5627844891412863,5.325125121722104,49.879852125693155
DCTH,0.5541326213278818,11.239999771118164,9.57169946052143,1.3045525391497155,4.030725745207478,2.1895389854404588,11.952189379532003,1.7884547992217805,25.44642548001882,4.635867551167696,49.85674676524954
JOE,0.5080760765118656,65.05000305175781,3.9770404470395886,-0.03935712838821656,-3.6203445730224355,-0.34991605319728225,-3.443668695571614,45.46810030590002,2.247727355955498,4.1232037497446115,49.82439926062847
ZM,0.5529451976895948,108.36000061035156,11.270146710116565,0.26632388377806465,15.819345882169177,3.961930665745434,36.74912106418534,0.9081430985838239,43.44717937068962,3.7828281372374497,49.80591497227357
AMAL,0.5025196788650633,41.91999816894531,13.799751109085781,0.27316292567333794,0.9014553930930307,0.1675930323120848,-0.07977014414173979,4.494349266813725,26.006601052855043,3.4426429631885207,49.759704251386324
CRCT,0.5313638545022747,4.360000133514404,6.708321769784688,0.3349745501458648,-2.915351762903838,0.5858031641241841,4.306227572364797,61.480102194122125,-5.627700398891617,3.8417434390872813,49.72735674676525
DTM,0.5048000846167132,144.1300048828125,7.5692288007688635,-0.6185245782907676,4.752113892836071,1.1348979186394574,6.259219648558475,5.586374974677146,9.247337894515299,2.7962863177951434,49.64417744916821
AVNT,0.5313294732654666,36.52000045776367,6.763289052788887,-0.10184678688510342,-2.2562418612407082,0.30739505103742215,-4.422922447416434,34.114109809995256,1.8388111701255594,3.558716022816139,49.63031423290203
MT,0.5604502794875843,61.13999938964844,13.233927381815,0.5715593903997934,2.267309511506435,0.7312491339751347,0.8245382668607137,20.356486677061504,1.7812547032501485,3.5182734500668627,49.62107208872458
ADSK,0.507739099334649,251.0399932861328,9.308901203375608,0.09565154513058456,-4.000889774639781,0.9028137219924695,14.918744240341214,47.1606606980564,12.32716771027515,3.318908708618399,49.61182994454714
SBLK,0.504595014065249,26.809999465942383,13.52780268092518,-0.18166353116852396,7.287204904836031,1.5957555825328786,10.693642551231918,0.9330520222246039,6.265792075299287,2.9679761067050956,49.56561922365989
FSTR,0.5544647319915268,40.36000061035156,9.877093861826447,0.8504447990869777,25.259925901672347,5.130757280162969,34.53333536668743,2.0494475184299823,34.578195792033426,4.376679461898152,49.482439926062845
LYTS,0.5139903505747832,24.420000076293945,8.505727423722723,0.19131219611865447,12.052533908648629,3.780828496614297,28.3231035560361,0.0,13.187855702987871,4.208090662032172,49.480129390018476
NPCE,0.5128159594654027,19.290000915527344,10.475276715026084,0.982895490899733,16.457381388888386,3.270052860239789,35.273496532665824,0.0,13.73821908428336,4.44790028653593,49.47550831792976
KMT,0.5377477627718209,41.709999084472656,13.275031138784724,0.9151279469563552,6.680646409638283,1.177444616968022,7.361649221641696,4.508001237715739,7.6109414102437265,3.8890987768693015,49.473197781885396
MTW,0.5604502794875843,13.619999885559082,2.4374126279840396,-0.028242194990324203,3.3736846753652716,1.2487508719740839,4.048890196734808,31.12815202298858,-10.099008392045288,4.725193201824505,49.42236598890943
AGM,0.5246042096112363,182.6300048828125,7.651140686159291,-0.5703332338414431,6.677028443223146,2.011339138701886,15.471674667399318,0.0,30.226752516358435,3.0295440971245813,49.410813308687615
ATAT,0.5426701825034488,38.22999954223633,3.408232764923122,-0.38526792124897763,-0.4030843737355084,0.7177160181050578,5.81233991691249,46.38894108657319,-9.686515101680818,3.598521389624055,49.37153419593346
AMN,0.5548224426656349,22.450000762939453,10.537577349432857,0.7415790911971919,10.005882797984162,2.1523681696940686,25.629545094337196,0.7573157567437548,14.833767973929602,4.288894454163446,49.34842883548983
SXC,0.5441610206582161,7.320000171661377,7.40363269982184,0.09880951170077606,7.002418862561795,1.9881331517643681,16.93290581236208,15.775667438885646,21.79700320586006,3.9324742764087026,49.33918669131238
WS,0.59332636092375,40.43000030517578,4.78833815176873,0.03132045409273411,10.0265823666473,3.3357756178968674,15.349504094348537,16.824646668116845,28.145804382152846,4.43093777823223,49.325323475046204
GM,0.5110830784735633,78.41000366210938,2.3889584165680375,-1.4744621025771472,0.42158914074604786,0.45263136497474926,2.604037609028232,52.71859700932543,-4.559000219292404,2.6982718123221576,49.29759704251387
INDV,0.5263503437652433,39.599998474121094,6.560000938965241,-0.04988192042024776,14.388048218860753,3.7584291774175993,29.666002903394634,0.9513794783433727,12.468047440136726,4.213566550245001,49.288354898336415
VMI,0.5263503437652433,509.1600036621094,8.786178370630655,-0.04658228820825961,8.273863057187825,3.1169586979879846,19.57727061032137,2.907518168988393,10.983720787112338,3.7171881259280353,49.22828096118299
MGNI,0.5339178672610296,14.0,7.666468866068923,2.4094909035731304,1.4584656509677651,1.9211406785558918,16.861440190155303,43.03403601229688,21.73913043289225,4.826480515149174,49.20055452865065
CDNS,0.5422002878111922,356.8999938964844,6.873038819876663,-0.3871396552420353,10.345721083355524,3.445209434658864,34.344646908188295,0.0,25.908419055599147,3.5415080174209774,49.16589648798521
WELL,0.5341063368541191,212.9499969482422,6.192877801071034,-0.8170398073875845,0.7839792489068397,0.7413995567056104,2.582012960586676,7.386318511982617,14.889294705363726,2.789050567555,49.163585951940846
ASA,0.5093305177208625,67.4000015258789,4.573103746424449,0.16714964065220503,1.554108226005544,0.10823803152274128,0.06248912641535656,34.63804604563033,-7.67676926008653,4.546847526680678,49.08502772643254
XERS,0.5313638545022747,6.630000114440918,12.255647481434677,2.5631766094667783,-0.18317149094398757,1.1765672441600696,13.333337134883374,58.57919530445722,8.333337227700166,3.883861704034117,49.061922365988906
MGM,0.5112908893877145,38.11000061035156,6.9240561909361915,-0.2088845990619437,-1.261755313869375,0.3001444016703516,2.1168299088055407,12.66138544322577,3.19523502678783,3.63421585343372,48.84473197781886
QCOM,0.5406735762639734,202.5500030517578,8.856863212332762,3.7188136504963953,32.78288015857777,7.103712328741682,58.16805162634768,0.0,55.92764631891208,6.405120504505053,48.84242144177448
HP,0.5368495915974366,36.900001525878906,13.371138724368798,2.187057542266009,-1.3355759972664627,1.6028469738062396,6.4013875464349095,8.253494244615887,7.682612440672407,4.312814142079051,48.84011090573013
ZBRA,0.5313638545022747,228.6199951171875,8.393673266807081,0.11643660342653453,-3.5376985790596933,0.6646389360077833,2.9217080500987067,65.84062201858973,-16.607696440920716,3.4024018715505777,48.79852125693161
FG,0.5165349091527097,27.079999923706055,10.525653472563718,0.454705552963681,-2.374694765098444,2.1269459448143495,12.692464210492663,60.51012921757446,-11.217911999696254,3.454051316271297,48.766173752310536
SHOO,0.5578386815801059,39.63999938964844,9.346980136703682,0.4958847278859736,1.2443188204345268,0.8994295214669187,4.425712185590436,38.15538195018852,15.400281654124024,3.852530163851616,48.68761552680222
CHE,0.543149312643873,425.82000732421875,6.616571450616505,-0.18152433653323016,0.7598809863926136,1.2944736267512353,10.361810949016524,40.97938350200893,7.359504344598708,3.490491578574157,48.67837338262477
KRNY,0.5038969556740541,8.079999923706055,5.946844348760581,-1.1844926860411635,1.836516960529239,0.32567976264967896,2.002777342605743,2.365783953614055,5.484704270574013,2.7234472169222825,48.64140480591498
MCRI,0.5377477627718209,117.27999877929688,12.071246544001335,-0.0575605602904883,6.738018451968541,2.7041546120623674,19.271836260725728,6.848218150339055,2.6610652769145835,3.2882229826256557,48.530499075785585
TSN,0.5209518208627532,67.94000244140625,6.689300076770359,-1.0077578101350508,4.3978028989135804,0.7906453739154653,3.5039656811536894,3.500776122775258,20.860887446516635,2.697747183839429,48.52587800369685
INN,0.5425597215633942,5.400000095367432,7.532489107405064,-0.25199171249968855,9.135006451380544,2.4961163571143605,13.924058143030948,0.0,29.496402788358584,3.6904773363150207,48.51432532347505
WWD,0.5080760765118656,370.7699890136719,9.128225267258504,0.4603478014296468,-1.3934513894109024,-0.5803741684089007,-4.558798772592172,37.32650863673129,-0.0262413413447301,3.900666414355372,48.41035120147874
OCS,0.5405806836600218,31.09000015258789,11.246549334454588,1.244648750383664,12.366048026286016,1.372096381991921,13.882787623830694,0.0,8.51658138380674,4.635161710262534,48.36182994454713
QNST,0.5165349091527097,13.359999656677246,6.207124874524152,0.34683728926983937,1.9218396072911468,1.4165089061542715,11.519200058901829,34.41562404638388,9.150326032769714,4.432207108045276,48.3456561922366
FTK,0.5239329828004013,16.200000762939453,0.9162119955729422,0.4035339630920697,-2.1431807605872986,1.0222624032508831,2.6616035300943848,66.67262689702957,-11.764704659522895,5.731922549135334,48.29944547134935
ASTL,0.5425597215633942,5.210000038146973,10.264393417093498,0.7162743456496409,9.304521476205494,1.5986363399095218,10.615711164421878,0.0,45.93837913478901,4.503700122957827,48.2786506469501
SN,0.5737024533543229,113.12000274658203,4.057903968010033,-0.08064222481183232,-2.486959657755514,0.6507309860809676,-1.6946180180731771,53.45149701537427,15.369708542197083,4.1323372906448625,48.21626617375232
TGTX,0.5406735762639734,43.025001525878906,14.554835868263872,2.0832021041185516,19.618558909633787,2.6930573870512275,27.55707711091994,0.0,45.64996679741752,4.478793247810654,48.20933456561922
WSC,0.5548224426656349,23.299999237060547,8.226397381226334,0.07865886870535693,8.508357458629659,3.315049787867066,24.866020510944875,1.6960896917476702,52.337473383152656,4.153893219112265,48.202402957486136
CUBI,0.5229766422808112,77.91000366210938,6.663249162947553,-0.6024576399792982,1.7314369144587245,0.8480377421232902,5.298021234578736,12.398654636885444,2.7429800617193627,3.0758928658862263,47.989833641404815
TREX,0.5617131949948817,39.189998626708984,5.615443440787358,0.5388019683368983,-3.4586422640711683,0.5934898338234559,0.35851316870701866,43.99998836357349,26.215779675996153,4.754310501684089,47.92975970425139
ASML,0.5521623245110985,1516.5999755859375,12.119817294489698,0.06794123243453061,4.46244192496898,1.175026853272081,2.8162785218420625,1.7843593822950414,6.957330230667274,3.6232582627870755,47.874306839186694
AS,0.5435086286118365,36.4900016784668,4.633201386679713,-0.5718827992624356,0.535652961064165,0.6975958665727051,3.605906910023267,48.86928038518064,-1.1646709420168766,3.1691667993962613,47.86968576709798
SF,0.5121696420031242,76.16000366210938,5.833077999354496,-0.3425808188418658,-4.486455045610911,0.30173485289153973,-1.3982317860119462,72.91302907198862,-8.574081969084556,3.1400075973378865,47.84658040665434
PEB,0.5038969556740541,14.520000457763672,14.215146377269944,-0.26894935859698055,3.4151236496717683,1.3205844631396555,6.6079337716643956,1.3495008562655553,1.396653402148984,2.8876429821789014,47.781885397412196
PKG,0.5196859158946016,223.42999267578125,0.5821871556746003,-1.0928502407217755,3.944651179834402,1.1871457340671276,8.2614533334116,20.340815405914103,10.210623678974494,3.376497317689753,47.76802218114603
NGVT,0.5578386815801059,74.06999969482422,14.138306818297517,0.11864455078626872,-1.6230145633346313,0.6745777260742652,-1.568106717820731,13.663979375125471,16.425653785319252,3.3202198408667414,47.707948243992604
SAFE,0.5608471655094429,15.40999984741211,7.461079933422781,-0.4849327432480582,0.0032442070077200675,0.7091040083756583,2.5282775859405504,16.341789217202013,15.447820029900642,3.0940021585379998,47.707948243992604
GGB,0.5116006846962164,4.75,13.181331293551466,-0.31471867108543233,7.4296038065548045,2.957271123966829,12.293143698790807,2.7785380419530328,9.774770165984549,2.872180938720703,47.62476894639556
UPBD,0.5213589801366114,18.760000228881836,3.9058613269445117,-0.12009045067832431,-2.3120171181448814,0.6340722310786129,2.0119676535799607,41.459501236603465,11.39072678111335,4.272007723047985,47.587800369685766
CWEN,0.519458288155158,38.13999938964844,7.506178133905247,-0.010655250870493934,-3.3084058412683715,-0.6860951669382559,-7.13416198411535,36.457796367409784,18.270600797361812,3.7641759485062445,47.47227356746765
CRL,0.5535968214518114,181.67999267578125,7.356128770380867,0.5057376950110865,-0.8324954666200691,0.8199837987458415,3.432962703554774,34.838605548957574,14.451295444525202,4.393518421866613,47.45841035120147
BLMN,0.5538637555350501,7.949999809265137,6.915997896956724,1.1983556671841988,23.214421326755875,3.3748786642522526,34.06408160304796,4.25440018327945,36.5979308318431,6.266846854279058,47.43992606284658
SION,0.5410515304272907,43.310001373291016,6.67402911273359,2.0629719898451038,5.246533371402564,1.8526087467969445,14.304571313823455,14.129765436936683,2.218556679444905,7.225137305252992,47.43068391866913
ENIC,0.5368495915974366,4.630000114440918,8.672821855864115,-0.38675514289418356,2.854607412360162,1.259700700974034,4.514679318444894,0.8766616462576124,2.660751207150738,3.3887687535223936,47.35674676524954
CACC,0.5364895041421743,522.8699951171875,8.232227685166158,-0.19937227676859992,2.423415493526597,2.0747934451694072,12.408900779954473,5.30436754859132,2.2668589355225266,3.6571354163731016,47.33364140480592
LPL,0.5213589801366114,4.320000171661377,5.999649824063631,1.005550530350401,-4.950490872604254,0.9551309390785936,-3.7861828081249445,32.44271910267085,11.62791471041623,5.486440976684193,47.28280961182995
XHR,0.508944401525818,16.850000381469727,9.206056539485584,-0.7345842910719136,3.807296778654048,1.5293195900993237,6.242123241870672,0.0,14.678171366820989,2.7596443557334647,47.25277264325324
MD,0.5578386815801059,22.93000030517578,6.245045623741334,0.18397272514786542,1.8296490416283075,0.3364153356238929,6.899764519936152,15.507986097968365,18.80829643224386,4.632079452744598,47.22735674676525
FSS,0.5085473611144692,120.45999908447266,3.727113938647354,-0.5328309487359975,2.9005365800948484,1.3054279207580688,4.711403099586244,6.045925407687751,14.104385178128787,3.8928148505755806,47.208872458410355
MPTI,0.5377477627718209,76.66000366210938,9.118826959630498,0.23791646401604963,15.062782228653687,1.2876745393069065,13.46951810572319,7.118440163729992,-0.5190681406069898,4.216670557522152,47.144177449168204
B,0.5462210697981805,41.84000015258789,6.087016857665154,-0.32594608803393715,-3.9845117504067407,-0.5062367089531844,-3.9265192064072454,60.87318685698415,14.428565302605016,3.2905944750060026,47.12107208872459
AME,0.534466669177308,234.72999572753906,7.209121837810807,-0.9572273311895919,0.613805586589465,0.6236733531895157,-0.07662846697174575,10.278638371908913,15.648907902261664,2.687283412015775,47.07024029574862
SYNA,0.5529451976895948,105.80000305175781,11.511121837120704,2.6432256425175003,19.562886022381473,5.636434149879262,43.360431810719554,1.3829082082755133,15.666340482845213,5.284905442176969,47.03327171903882
CIVB,0.5671330785440706,24.979999542236328,5.657090981458914,-0.4244488785685412,2.3291828398595795,0.84087449522653,4.631296249854148,2.0757730974250337,15.166249896966166,3.8397066621268294,46.84380776340112
P,0.5171379923760755,76.05000305175781,7.0391125947938065,-0.23122389936937388,8.929449925574847,3.018169895817398,24.794888029712585,12.77781066205686,10.457523220190682,3.7860440687339416,46.71903881700554
NTRS,0.5250582542358824,160.02999877929688,12.73039168986912,-0.29498447370303554,-1.1706015774324108,1.0897112000261717,5.123827938395928,12.924809806298962,15.393051897971658,2.9041410611114093,46.7097966728281
LEGH,0.5170858854101567,21.56999969482422,3.4894276934035546,-0.6672488468074534,0.907558344494922,0.42045404411241427,2.22748485703809,17.00033802470653,13.825851325929458,3.572420205773853,46.70055452865065
TLN,0.5250391795657399,390.54998779296875,5.413985227537219,-0.006265056257864519,8.53856773355355,3.064205092995327,21.541718517739536,6.629582134147018,5.082598058623002,4.768550755405106,46.68207024029575
LXFR,0.5544647319915268,15.520000457763672,7.721722753592284,-0.268561722863583,12.73724888862787,3.429944158558108,19.879624616913937,1.315936437020866,36.23157735454703,3.7739298596437947,46.68207024029575
ARDT,0.5084181169358125,9.899999618530273,7.353791859150658,0.44480594037126947,1.7105841848460288,0.7869528938332485,5.319149151465449,5.907665452183532,6.451606617477752,4.981963857420923,46.621996303142325
FTDR,0.5680197777228876,67.91999816894531,6.889017627669141,0.24454117730652025,8.74768536626341,2.4843088749180535,19.725010958585703,6.741278634526127,18.865941362017473,4.8029197390690515,46.621996303142325
PAYO,0.5205157416808431,5.059999942779541,10.314787921414037,1.5618461124004828,-4.954959415237784,0.8102430172226203,9.051726040706598,60.69405550866415,14.221222092800257,4.21371995143369,46.571164510166355
SRRK,0.5220568256158366,46.45000076293945,6.12641357517133,0.11436255587910346,-2.7199643493654326,-0.8703913556662896,-7.025617265381094,34.22252943583056,24.164664400315555,4.413345970698362,46.52033271719039
ABX,0.5405802058205554,9.380000114440918,9.889639118349383,-0.11930253257691323,2.267772959821982,1.8884690173700178,15.517244414836707,17.915879627226172,5.630630557431851,3.499084909852869,46.47874306839187
GHC,0.5235238042350369,1131.0999755859375,4.052852258337725,-0.9724125279864474,-0.2907310141322654,0.589919523581311,2.8264146860435226,22.090806689195038,9.270484565280421,3.100521559709485,46.46025878003697
GFF,0.5405802058205554,90.68000030517578,11.175675252622348,0.3011944908936951,2.1424240342481036,2.776700591316496,15.973906476047883,18.49359098290929,-4.14053753066235,3.8833577167624664,46.441774491682075
GDRX,0.529909115121236,2.8399999141693115,10.389464526068659,1.0062030457095978,15.835624560006497,3.5355732554617387,29.680357975744837,5.627753594874604,24.017465556246528,4.7409439944067095,46.3724584103512
ZVRA,0.5381077143082178,11.0,11.921431417812196,1.5129598827442494,7.448107947846343,1.9315971337635314,16.156279721939885,9.115555127753325,-0.5424992525755585,4.646103722708566,46.317005545286506
MIRM,0.5734737135614651,102.93000030517578,9.732573352541722,2.299219232556237,5.855856933773528,1.3693348548526003,8.119751685554151,12.153804004914821,32.40288543000068,5.445241418911299,46.312384473197774
CPA,0.5327422689625094,122.9000015258789,4.973412797106447,-0.3995264865473682,-1.1292828299456712,0.3848749989994905,3.121330098293647,41.41757514252331,11.397614771689842,3.6507610154669896,46.29390018484288
TNC,0.5529451976895948,86.91000366210938,12.866341976804927,-0.14656194727655353,7.239371234172137,2.008886309080174,12.141940209016717,1.4981638312223637,38.597923816971985,3.391851189479204,46.28465804066544
VNOM,0.5076495711627419,46.97999954223633,12.530479566865912,-0.47242606537636705,-1.1763976897055073,0.7673191700546714,4.122341875757315,18.770738194475413,6.149138914071048,2.68700974698892,46.23844731977819
COCO,0.5544647319915268,68.20500183105469,3.2868263530497375,-0.18261158687130996,22.94506057157211,5.458157216728633,33.73529770728889,0.7342973256172715,24.666428389989516,5.364603503044711,46.1275415896488
ELV,0.5292036759352748,372.9200134277344,9.408349616098105,-0.6790192124199822,8.235188538243182,2.525907317719639,19.705972101817437,3.9958893171767214,16.195602500906595,2.801029674206359,46.10905730129391
KYIV,0.5170256718471781,12.609999656677246,8.127154035405674,-0.243502635907652,3.050234949625574,2.606980486819809,9.461798224880912,29.379039025293967,11.101314825976662,3.4672031588131618,46.1090573012939
ASPN,0.5406569159751293,5.119999885559082,9.304907055544092,2.0595861287823682,38.69700501327094,3.128927981868041,53.293413670626954,0.0,99.22179056660535,6.789620452248656,46.10674676524953
ETN,0.5578386815801059,399.1499938964844,14.582776122066399,0.5801884176668645,-3.05810938480334,0.9380630633050872,-0.9553365021106878,14.370810615744231,26.779368942517372,3.8272399990611152,46.07670979667283
SNCY,0.5093305177208625,16.860000610351562,2.3295826470414487,-0.14885666512086432,-0.18825387965099552,-0.6609758991992605,-2.655883906184826,55.10765627131293,-3.3256875338974208,4.609386504776808,46.06746765249538
DT,0.507739099334649,40.369998931884766,9.734286107208126,-0.0003495495111644965,2.092036821724568,1.3186747465100181,24.752775556881097,23.38518461709877,12.388644180563523,3.689974891896547,46.04898336414048
UROY,0.5435086286118365,3.9600000381469727,4.5144291024244465,0.43071543903232934,1.6840358318949409,1.3451708292591569,10.614528559581432,42.471455560410085,-27.472527275555624,5.586219502591417,46.021256931608136
AVTX,0.5333715962370986,22.8700008392334,8.8836983388961,2.1572776739810684,41.189548898599746,5.833600334363243,67.4231412447043,0.0,4.860162307191568,7.751888884489891,45.995841035120144
PRM,0.5368495915974366,29.360000610351562,13.853303215403686,3.0865308308511374,0.9645994564083804,2.1911019356760826,15.227633978294877,10.558612778131943,7.114194723545096,4.725088163829142,45.97966728280961
NVAX,0.5671468653518801,9.229999542236328,9.355376035887913,1.5784715623510301,2.223891157904375,1.0563164949939046,13.669946701780283,34.6564326568795,-17.5156399595207,4.852189920330625,45.85027726432532
KIDS,0.5347219132914284,17.56999969482422,5.5389235287282945,0.1922809892660594,1.703743482851626,1.2431968604754324,10.018781471147085,45.12052990423652,-2.767017202084096,4.65932021839212,45.81792975970425
DSP,0.5410515304272907,11.760000228881836,0.9574075984618476,-0.1515881908870641,6.466290028724683,1.4088427653200575,23.789476090988853,25.29250457038391,-6.666667675316706,5.617103383924179,45.7902033271719
PAAS,0.5494702306566578,57.810001373291016,4.053886315325911,-0.23463181871917627,3.007253948453656,-0.49444834743997707,0.2949375181120481,28.04054456679978,23.896274243683592,4.3492232858195345,45.76247689463956
TFX,0.5368495915974366,131.67999267578125,10.999409566230737,0.5854061680263718,2.5265642793624017,0.8159629244257431,11.225604657940881,8.242393227597953,-5.136521149891567,4.3840043265463144,45.69778188539741
VCEL,0.5205157416808431,35.130001068115234,6.145842455450864,1.9238240500085237,-2.4954350878115417,1.116812623094105,4.243324251511434,64.65579681676165,11.736642720292037,5.835467462817484,45.568391866913124
GE,0.5015177106470342,302.6300048828125,3.5558669447919673,-0.5741949029723866,-0.8956556775418097,-0.2459351952309987,-1.8550352221378987,46.944138152537384,2.7358821793102854,3.5977466885905076,45.549907578558226
JHX,0.5625448721235462,20.469999313354492,3.030713334890432,-0.20454202109074063,-3.944819543428124,0.5581281294176592,-2.616561048550657,57.759087418002345,14.806502528305312,4.361781944746255,45.38817005545287
WKC,0.5335149574845922,26.899999618530273,4.424115864842353,-0.27406173871449213,6.839302347689061,2.0260957180033414,15.104829492430694,13.879160483358067,19.842306257971394,4.410858237106006,45.309611829944544
CASS,0.5541326213278818,47.619998931884766,7.649139559999056,-0.3373396358867658,0.6169689289681525,0.3860344002901952,2.0793084121271983,4.636195817739804,16.911097420559088,3.700425227634746,45.28650646950093
DNUT,0.5235238042350369,3.640000104904175,4.2521498526717085,1.1816192319720547,-1.873565113479153,1.3247753497957262,9.638559578295904,60.32100261590529,-4.7120374721761005,7.486067133972682,45.23567467652495
UVE,0.5371838237085254,40.529998779296875,12.095014041360647,0.20297018395341032,8.562012344416532,2.2863638232167847,17.854025875086432,1.5561552077187382,2.6595725663842664,4.111558311207882,45.20332717190389
CRSR,0.5248346010478421,7.090000152587891,11.934494934668395,0.09692030141002295,7.677122779716796,3.5950284574076106,24.60457084433282,1.1496260795364444,4.418264983447938,3.9784402546400686,45.184842883548995
CSR,0.5192302123754567,67.44999694824219,5.816153291780915,-1.0787984654330596,2.3691338049274844,1.296783912877909,5.522526408576547,2.5156916616408678,3.637995007955385,3.0922487642610217,45.170979667282815
ASMB,0.5406279563060009,30.93000030517578,6.737675395895991,0.5287786067460589,1.6971455585833264,0.7264433755194608,8.83180936683808,42.12503088707684,-14.510779313354085,4.918941163664659,45.147874306839185
SNPS,0.5302040448708162,505.19000244140625,7.1387550870094,-0.5384959928059481,7.8735132384326505,3.2991443250953996,28.796149046213344,9.370470477494852,15.263864699638694,3.409325108232796,45.14325323475047
DMRA,0.5089205521508016,24.989999771118164,1.2116089194705286,0.2790679912815123,-2.7001784233413253,-0.4148813291459822,-3.214562097149396,55.11002137558154,5.889827826786564,7.901160981414565,45.09704251386322
MEC,0.5422002878111922,25.989999771118164,13.68467688353684,1.843902906752862,19.5079897333004,3.1958810499331234,26.90429859263134,0.0,62.742638296311895,5.103334987529055,45.05776340110906
PERI,0.5109029294931654,10.779999732971191,9.171790944247384,-0.784032641112644,3.3557019484573294,1.4838235075566764,12.761498532191403,1.736614296767023,2.7645373513146407,2.8226877381429154,45.02310536044363
DLO,0.5235238042350369,13.75,6.21957049120536,-0.4248591454977636,1.1643092174208707,1.1046433359221886,4.801830182074377,32.80420514455838,-0.7220243950050674,3.5568826848810366,44.91219963031424
RVTY,0.5423107623282,98.8499984741211,7.741077155688569,0.2794384415898096,1.999269699408042,1.217905096610984,10.176343824765906,48.74976214077037,-1.5833973924484508,4.279932175955065,44.912199630314234
HCC,0.5050519831045938,87.83999633789062,0.3549076269314828,-0.44797916141709004,0.14622800645566067,-0.3326324944493928,-0.4886472657443843,43.80884416851019,1.9025515634462622,4.408792209202325,44.90757855822551
GBTG,0.5362189036391078,9.4399995803833,11.243537037103435,0.46659194634556983,42.44755661710335,9.822623198922425,68.57142393678257,5.493981067998633,1.0706576675696962,4.403755156289086,44.902957486136785
NMRK,0.5456858807314683,16.8700008392334,6.036996768144105,-0.3447180858971159,4.686447838237613,1.4076970357306726,11.353143656095046,27.93639063107226,17.980427608711345,3.79625713900982,44.86598890942699
EGHT,0.5410515304272907,2.6700000762939453,2.627911886722764,0.0748037387343255,29.485939265940125,7.116883447591311,54.33526279268656,12.143516406182355,9.426230064979176,8.560727225885485,44.81977818853974
SMC,0.5409875794615738,30.440000534057617,7.302942856064595,-0.35956991896405954,-0.19017525312390213,1.0404277251389706,5.767893703090506,32.764115949993126,-5.259883217626531,3.4834336775515125,44.80591497227357
CBRE,0.527941222237495,146.6999969482422,8.129970230717351,-0.3692234285054441,-3.6880225273148484,0.3927600290854409,3.880467129394756,54.96522252113775,7.646021618875901,3.1332153532277496,44.801293900184845
GVA,0.5369374575509364,141.22999572753906,6.448479735674615,-1.0787771570782378,9.37039867644106,2.0088954014047986,11.213479882827917,1.7106039526278538,18.46483917638343,3.049989486729363,44.78280961182995
GSIT,0.5410515304272907,8.140000343322754,2.7288831970346097,0.10613843959100112,14.55914866253585,6.569179385579317,45.35715145522437,13.46902042229145,6.405231918728951,9.40680882594914,44.616451016635864
ACMR,0.5634648548160943,59.20000076293945,8.80574901407957,2.251007689806694,14.273582816269997,3.2239104092342923,23.15373650622695,14.027577569146455,3.7868159409272546,6.821186758379573,44.53327171903882
ABEO,0.5299996995585909,5.769999980926514,8.427880466466199,0.07257367987800983,5.551997799907178,2.6380026470073634,17.515278209072203,2.947946148620481,16.801617690770765,4.524635675572652,44.51940850277264
SMP,0.5435086286118365,39.34000015258789,3.3465397227070897,-1.1824285523206803,2.611241659798139,1.0137791900180781,4.990656180714607,21.642197178620126,4.022375299067494,3.268209108521266,44.50092421441775
NXPI,0.5377477627718209,290.2200012207031,12.75967712192309,1.3183107077647267,17.487988114701235,6.032158909408993,42.00714789559418,5.2994171654244715,0.33535046523760464,4.814326914833659,44.48706099815157
BLFS,0.568906242590949,23.1200008392334,11.355335262918402,0.7771864617643194,1.9231864806028958,1.6940261354468213,17.122599326922636,39.09435541813835,14.625685432001406,4.223308018655293,44.482439926062845
APO,0.5448562174060827,127.79000091552734,10.814812314011998,-0.16332919588447653,0.7456596492967413,2.8374307718133376,22.54507327504165,36.36635072592227,22.17017474137148,3.3462532020953195,44.47781885397413
NOVT,0.5925108140561034,136.27999877929688,3.396709077798283,-0.25596140770488046,4.730468813416218,1.8124838181978564,8.823760381751391,22.60398264430433,23.44202617344802,4.733950735589254,44.4547134935305
CNC,0.5544647319915268,54.97999954223633,11.580198417417984,0.06235729513065659,22.583665353644523,6.172547471923292,47.39946559338073,0.9964470515891601,44.03982755893095,4.091097818161847,44.44085027726433
PJT,0.5121696420031242,153.19000244140625,9.300108621456035,-0.07182118104721123,-3.890225169089171,0.6098744196259578,1.47720961072231,59.16658745796587,-0.42846823868936185,3.4904844056780515,44.431608133086876
IMTX,0.5260151912151616,11.140000343322754,9.23306449833813,0.1943492550283,0.29711243609663274,0.9819078079919352,6.807286838971323,7.583172309501807,11.066805979984592,4.481276706441945,44.394639556377086
AIN,0.5422002878111922,61.630001068115234,6.735914035009197,-0.6993446030711574,7.14254746246287,1.3139475407424845,7.744755674843597,0.0,47.82770810658006,3.4508353387514514,44.36460258780037
MQ,0.5121696420031242,4.190000057220459,6.063721973919143,0.11041366372639261,-4.405192521316146,0.9006358731464094,8.831173010951735,57.76005304951083,8.549227228177145,4.4186830811366615,44.30221811460259
DXYZ,0.5406735762639734,45.0,11.448410986091684,1.381660842478458,39.314571381687315,6.734295997625556,60.714285712117345,0.0,47.15500363570572,5.639682648673889,44.2583179297597
IBEX,0.5118078154399006,32.7599983215332,14.877586083822077,1.6870154500969403,0.2944079122130069,1.003237639644587,19.17060237941564,45.331574206087424,8.584680936704737,4.163831191885521,44.22365988909427
JLL,0.5539546683826138,328.05999755859375,5.441524948750912,-0.5385594711559285,-1.3552154153505223,0.3769789241595764,3.2479409710354403,40.17216485223798,17.09737052762314,3.524618703030163,44.182070240295744
ENTA,0.5410515304272907,15.09000015258789,3.268045702894673,-0.23409523232187077,7.192328830971589,1.3170674957110768,6.945432457026507,17.29671374592927,-1.9493189345218624,5.055381184243376,44.16820702402958
FUN,0.5410331940249996,22.760000228881836,14.884314096337958,2.5813108423997053,18.67455755376925,1.3582436029580052,14.14242537188613,0.0,57.617734693185554,5.3257592087304655,44.13817005545286
TSLA,0.5432380938734892,411.7900085449219,7.911943299590569,-0.35394298643139727,-0.31174327450148775,2.1940986734580314,18.008308966737538,46.66273114677584,2.437876203038967,3.334744591179618,44.126617375231056
MCB,0.556229121057504,90.1500015258789,6.810655593054266,-0.7079819846260655,1.087575032619733,0.43854013459061186,0.6298145311361034,20.048854654607652,4.757610838575413,3.120306548736477,44.09889094269871
PAYC,0.5053008856486948,138.42999267578125,10.758090536385732,0.5529027841535173,-0.9021956729058589,1.585285704283239,21.86811967471292,25.79888138712364,10.903695733154487,4.371730062478824,44.03881700554529
GEF-B,0.5386240596863395,84.88999938964844,5.833578709389128,-0.5495242371527337,-0.35273854298312274,-1.2547379671840215,-5.959895262466041,30.930845155352433,17.201321386042586,3.517998543375335,44.029574861367834
PLTK,0.5452153149649395,3.5999999046325684,11.457105648880193,1.5440232712547655,2.8938877383089685,1.8633084284991295,15.015967183932268,35.66288830187734,29.49640076931014,4.672618263139906,43.978743068391864
CYRX,0.5236788631550632,12.760000228881836,14.273035253413138,1.7777466556679067,20.86767161747139,4.680217875295959,31.954499771344334,0.0,4.675969385339818,5.211598887493873,43.948706099815155
HCSG,0.5272768294510718,22.309999465942383,5.953550800023051,-0.10707981598538835,7.536208767805748,2.156731988934778,14.46895704359335,4.014633655169328,14.176041046508429,4.888902771322548,43.94639556377079
NCDL,0.5021112134454917,14.010000228881836,6.936359258464016,-0.8788898123804665,-1.8598279257044361,1.1729271554943985,4.008908322999244,9.414484835003712,6.2159682386004365,3.0457835625137055,43.93253234750462
ACCO,0.5532106963964487,4.059999942779541,6.604942774754198,-0.3366114391859808,14.511612539046245,5.314900218360483,34.88371944499062,1.857961436145292,2.784807436457657,4.194053833842113,43.927911275415894
OKTA,0.5186089398444961,80.87999725341797,10.692149396098731,0.3190013256139013,-1.223413995516846,0.8816790998143185,28.52375156667626,43.21192546992859,-6.323835204997892,4.002489848731509,43.91404805914972
WAT,0.5275202028728557,350.489990234375,12.642291507733797,0.9753916942004132,0.2463059780489271,1.5674470027765564,9.528121948212412,29.07992993705027,6.46718628123561,4.36144531795361,43.90018484288355
MBX,0.5501746432793377,34.709999084472656,5.386392618464053,0.60573204168613,6.978981079854502,0.27031658332038955,11.967738981783803,30.639647351075723,14.102560806306,7.012390159653963,43.8909426987061
JOUT,0.5268480040077577,53.5,13.462286192213227,-0.1248349671387072,2.8736903044977438,0.9846913137001342,4.30572717083365,0.0,2.772693587300937,3.6600283532339994,43.88401109057302
MTRX,0.5339178672610296,12.15999984741211,8.057280131102058,0.9151034485424101,-4.021470216058114,1.5224969702741453,-0.4095019703075811,29.384021542277356,20.15810261581585,5.321898809507004,43.817005545286506
CMP,0.5425597215633942,28.239999771118164,14.20436937183739,1.8134285807965367,9.290039765565734,1.5903279403947166,13.870970321556502,0.0,31.34883614327756,5.288850672016686,43.81469500924214
MHO,0.5322051606373253,130.02000427246094,2.8527476379046135,-0.7803492177649706,-1.5864817380661953,0.9211113643154285,4.7534655134334045,56.790430749490795,8.007980760017155,3.460181031592619,43.74768946395564
FANG,0.5405802058205554,190.4499969482422,14.90869884401026,0.0007580374153110056,-2.1976650309695254,0.6052447521117196,1.1901546965930039,22.304188452676,7.818159876717521,3.4199077005489236,43.71996303142328
RAMP,0.5381077143082178,30.170000076293945,4.684125762079281,-1.2261820927009466,4.608023273977316,1.6333363472372395,17.165048839309883,3.6237877501036957,1.8224803604589361,3.338226775217162,43.710720887245834
AMZN,0.5286384500511202,271.1700134277344,12.77445483086766,-0.6678503318977473,5.1533611093481655,3.016835739130177,13.755351905837857,2.3866786256326553,28.932105355732034,2.741032448399871,43.70147874306839
KE,0.5012942213451748,25.950000762939453,7.616567778284167,0.9809617869959524,-3.957508918526071,0.5933770758343117,0.03855138271227382,61.147677369756835,10.191089611587426,4.972197861337764,43.687615526802226
BLD,0.5507615001566509,428.0299987792969,9.378438191353663,0.709056738971702,-1.9338077608148652,2.1140542804951057,8.535133016907617,67.94317643215521,-12.616619947118144,4.268776383543383,43.65526802218114
KRNT,0.5541326213278818,16.290000915527344,9.131329340724402,-0.6074948300816223,2.106060670686475,0.6625018816282014,2.5818690057046125,3.2883686627173883,15.778260616181752,3.2026674142843965,43.498151571164506
ARDX,0.5410515304272907,6.980000019073486,4.476757642109173,-0.02375261870506963,9.27592984705639,2.4294421218887434,12.944987262572116,29.749299517935558,-9.819118532566735,5.3059761856437335,43.48428835489834
AYA,0.5600854252027783,18.649999618530273,10.701502160109797,1.4485278402052455,6.104566598894072,1.3667819438502093,15.551427036212512,13.846120973846793,-1.1134728791837498,5.3772490953681205,43.33179297597043
CRNX,0.5301272770991636,43.4900016784668,14.482686620790872,1.1418848743449446,-1.0654926074436724,1.0127518547206484,10.268770772503123,50.717372887839716,-18.46643878095028,4.083861134599413,43.31792975970424
BWMN,0.5471373786741669,34.75,7.734985434142838,-0.08908455004148214,5.655615597583999,2.0968912572803604,12.788057780672943,25.132001427042454,28.418332171262755,4.190132870335986,43.28096118299446
MLI,0.5544647319915268,137.75999450683594,9.706891956442883,-0.5572907721630351,5.6040799058100195,2.392838098054088,13.700883412717246,2.0256561119191225,19.547038885620026,3.2810689880939132,43.25323475046211
DOV,0.5076495711627419,220.89999389648438,6.359190644930863,-1.1388282705354622,-0.3170111955302489,0.6586340110032588,1.740972210891615,23.553465216228417,9.320535462010133,2.8870521765341386,43.123844731977826
RCI,0.5034122007291055,36.56999969482422,5.460603101675605,-1.113103278326942,-1.3289618264092882,1.4828184430635434,12.731199885401809,56.467370066432196,-2.427961201980134,2.8057725241118403,43.07763401109057
VGZ,0.5608543470857466,2.25,2.914326238871066,-0.10195335127742321,2.3541454491267095,1.5209122322760993,12.499999993749999,34.77298309140522,0.8968601231606538,5.711430595034646,43.0637707948244
IART,0.5377477627718209,13.5600004196167,11.758637054118855,2.4839739751085586,18.839652298849845,5.715374861575124,36.96970648227239,6.7509773883941335,2.5718619190208756,6.04983106893796,43.03604436229206
JBTM,0.5386182334186175,138.02000427246094,12.278574196654441,0.9557947194785037,-4.587290540133504,0.8185271255029375,7.366784127431387,60.67737188163863,-10.141587455550056,4.163732815759469,42.99445471349353
NGVC,0.5012942213451748,27.760000228881836,4.577324079497601,-0.7624450810439701,0.5724229506474509,0.7427416842389766,4.913080836510383,15.151092107152545,10.861434432264062,3.646048236622732,42.94362292051757
S,0.5254002932021861,15.920000076293945,3.2965519408102715,-0.6513326902114688,10.789573326942072,2.678154399148758,33.333338655356506,7.952106898702251,9.64187034639721,4.202709790591299,42.90203327171904
ATS,0.5425597215633942,34.63999938964844,10.401737580936354,-0.4253290324547924,6.438873289012145,2.1484620896545947,12.870637949578011,0.0,23.846979763316735,3.5363737242993265,42.89972273567467
EXK,0.5157238402785986,10.149999618530273,7.539641350566894,1.4548224476018883,-0.8885887916476947,-0.4755185517040879,7.74946429136371,43.06331017777853,7.978723727198174,6.372907047206492,42.84658040665435
ESTA,0.5626335668878184,72.02999877929688,4.447596690584354,0.05937694387180045,5.530986520255992,2.648742042766013,19.671042403276022,29.02724172199643,-3.36732238444867,5.853216550731019,42.74029574861369
ASM,0.5462210697981805,6.860000133514404,3.171953944201918,0.1011451807389242,-3.475444826828099,-0.6131874080022592,-2.5568157569375383,52.02031290340607,21.20141905019574,6.361934032807687,42.71256931608133
VOXR,0.5434028435894745,5.824999809265137,5.882924504309198,-0.48606617378068817,5.479101887780494,0.5435773682473942,3.2801409064929112,8.759031461343541,13.110057839008482,4.008583887733292,42.69870609981516
EBAY,0.5368495915974366,106.41999816894531,14.080896075676854,0.1900050827084004,3.2592322198337533,1.5494364704034385,11.551358979760106,5.233104217749037,-2.661669819213508,4.079858584488484,42.65711645101663
FLG,0.5038969556740541,14.289999961853027,8.085671141761829,-1.3355240317784298,0.918079234390078,0.30104493926088144,1.7806267853379556,4.12923875128025,1.8531734412816192,2.79166300446385,42.63401109057301
MPC,0.5550250566230085,242.25999450683594,14.095371171802098,-0.13715087780438714,4.563933617365329,1.0385754548888615,8.822208166531354,9.44059508059247,44.649514841824534,3.5009605284751624,42.606284658040664
SMCI,0.5560283824269265,33.619998931884766,8.693674702866602,1.0607478965523487,11.792461162256346,4.9905205104416535,33.09579820634086,15.826133188177394,63.760340023351894,6.210165738989341,42.56469500924214
BIDU,0.5563401478641785,139.8699951171875,7.026789166550482,-0.4054064914616689,8.76254710064637,3.069092057027486,29.01945428656376,29.92391876210341,-6.939459562691564,3.710587161602378,42.504621072088725
CRI,0.5089205521508016,35.75,4.772083365422325,0.10943500738026549,-2.1405889907869007,-0.03967612884709842,0.6475212254102928,33.572031777476234,7.332006559509824,5.846053665572709,42.45841035120147
FFIV,0.5422002878111922,345.0199890136719,13.483088803874118,-0.4610140453590601,9.922561701734155,1.9072983422764134,19.050409551080193,0.0,46.108236599044936,3.1861494108395316,42.423752310536045
FOR,0.5435086286118365,27.260000228881836,3.215190562477177,-0.8495150347080961,0.7186276245281105,0.7932226314353686,4.926869550229631,30.056293502676024,-0.6921695037153416,3.680169782614135,42.42144177449168
DC,0.5903680846548096,5.829999923706055,1.9860780040498693,-0.3551073831844066,2.5595900482732663,0.7800727869972348,7.564572722604293,41.9093106662322,28.414096308546345,4.882382580863801,42.39833641404805
KNX,0.5405802058205554,63.439998626708984,13.533850904039527,0.19415033298719608,-0.5057850359001026,0.4743027514597238,2.6537207279420434,11.641502128301621,-1.2914237742286387,4.081259289938688,42.33826247689464
MOG-A,0.5600935054399276,316.2900085449219,8.451080225482377,-0.2263279445799412,1.96637557412503,0.25646653311348233,1.3652564760686716,19.675907292395525,8.526628429611831,3.934901569121162,42.29205175600739
HOVR,0.5410515304272907,2.200000047683716,9.316323710017631,4.19575970103979,11.139179873236818,7.640021646690038,39.240505540238516,20.649527340292977,-21.708181754457815,12.139608457561406,42.278188539741215
EVLV,0.5412202373697141,7.130000114440918,11.326346605151642,-0.06933585481542656,6.038073509910552,2.4141345321525494,19.630873634380077,9.588900035772847,24.00000198610292,3.946103051969861,42.259704251386324
EBF,0.5022013839492095,20.790000915527344,7.8082522957684475,-0.7623993196299287,-0.8413978665845759,-0.8953811145742832,-5.457020773198633,22.823724885769877,25.862906925834682,3.0474817730454182,42.185767097966725
ABCL,0.5360148850801676,4.820000171661377,12.496598224930898,2.648452848251538,16.608205323504162,5.554136739003371,36.1581983966109,1.4875693088524136,3.433483464678385,7.139891750054633,42.14417744916821
UIS,0.5427466685737171,3.049999952316284,9.261909060438315,0.7776390779016523,17.465818456646055,6.08784482938124,52.49999758956421,7.467700706584307,23.983735966683128,5.936770677136358,41.954713493530505
VISN,0.5391644484287844,11.899999618530273,12.181937706735543,1.3762480641333605,15.641149363845669,4.617266848893215,28.55499168589879,12.2248788467226,-6.994923426002497,5.352759630697268,41.91312384473198
PACS,0.5398711495021524,33.630001068115234,0.8830060445719571,-0.49842975538200096,-2.4503409778995606,-0.5456847198460901,-0.3555523907591411,52.45360097972317,28.653411832696285,4.559067857257504,41.87615526802218
NEM,0.539463628512795,113.48999786376953,3.984315237879262,-0.4195905441712018,0.13985310287613473,-0.6230163729807113,-6.129035209699279,41.23132307339012,18.465547232049357,4.308749693056669,41.86691312384473
TEX,0.5089205521508016,62.81999969482422,5.750895485609431,-0.13975310782679012,1.8631119781810794,0.06409067743562723,-0.5698015330911178,26.57415317341953,6.76906142085303,4.743711921667247,41.81608133086876
HUBG,0.5405802058205554,43.0099983215332,7.317852626673154,-0.3445830172394811,1.7386113149942464,1.642142686008415,10.36694117058464,35.94088549742505,2.8708326926873298,3.7898164190014882,41.72828096118299
ALGT,0.5157238402785986,82.18000030517578,5.465293785802037,0.5204098894024398,-4.488227763594142,-0.9794873136517243,-3.972892560286681,68.69875546119418,-7.673297008267212,5.753919680006277,41.70517560073937
APOG,0.5625448721235462,36.58000183105469,4.2685282111609,-0.3854463259840646,-0.1636439026613074,0.5673032222902197,0.9939276593283194,42.280640955822896,15.285226469069402,4.333943402802752,41.69593345656192
SAH,0.5422002878111922,80.12999725341797,12.880034172785354,0.09522678698315774,10.507368577138461,2.882398256110472,17.73435222981848,0.0,33.4610193724371,4.358988358382235,41.69362292051756
DY,0.5667775358665874,426.3599853515625,11.151154773958256,0.30380586355829586,3.316915630919478,2.6346844374370435,8.488545890961225,6.256956187980833,23.805093009510976,4.712717543532225,41.626617375231056
PPTA,0.5398711495021524,28.510000228881836,4.147744304278186,0.010860822157987086,-4.687400077908377,-0.5919492740216653,-4.776220038811798,46.20467842867539,28.82964893707628,5.699754426356709,41.56654343807764
FDMT,0.519458288155158,9.930000305175781,4.263301843190084,-0.21524308925098898,2.5773490402963186,-0.061941818633925255,1.2232403711919344,27.592229012156604,14.400921151012295,5.095669953785693,41.56192236598891
AMBA,0.527993227090219,74.2699966430664,13.802232225498429,1.0922819860039092,12.52049487887076,5.513883912790081,40.71617726484657,17.371863412282377,0.5142742679005373,4.766384800180338,41.46487985212569
NEWT,0.5553826781709104,13.670000076293945,6.8791952329787724,-0.6299040209077507,6.3234044386562935,1.7932780724315163,11.228642136794292,10.967316716498862,15.450649513777757,3.631517826733214,41.409426987061
CAAP,0.5093305177208625,25.780000686645508,2.9129856053845558,-0.9816701519496493,-1.6671671214274608,-0.5271372401630183,-4.765419367099972,58.94932200256059,1.937523738079198,3.4680825888489015,41.39556377079482
INCY,0.5392585250326398,97.7699966430664,3.987806069930253,-1.1135120046816953,-1.5614416063320835,0.4434713930642654,1.7695398705367953,63.74279487972386,-4.791124434045303,3.13929212116472,41.395563770794816
GEO,0.5533031454878176,21.219999313354492,13.67580039810157,0.23957703989389686,12.99254091541463,2.321020054157212,21.04962054741708,2.1640792160464275,60.03015796737727,4.391072637357195,41.3909426987061
SCL,0.5737024533543229,51.900001525878906,3.240974031488337,-1.2093443604215761,1.060258983497412,0.41353857270000566,-1.0108693042186498,26.26807213204926,15.74487365992149,3.5556022507994225,41.358595194085034
LQDA,0.5535058944554857,42.279998779296875,7.211312292191116,-0.42281427956518713,8.918539713453518,1.1306794890447953,9.67574478848157,7.629531130248747,17.90295052843097,4.042777508020453,41.28927911275416
TDOC,0.5441610206582161,6.960000038146973,9.412277128719177,0.6162194616524223,13.82158198945782,3.9871158235253596,36.470591528054214,24.66038537428682,30.09346097033328,5.254515453096205,41.25231053604437
NWL,0.5742540433790115,4.449999809265137,6.210620094174413,-0.09690170009499893,5.325440459999201,2.698103506163025,14.395878897561056,17.284852435358594,32.44047463917616,5.072231877516005,41.24768946395564
PTGX,0.5062725046054818,98.8499984741211,11.306627511681375,0.0417650732342332,-2.7507252412983405,-0.38685508505325994,0.030356991893557596,22.79418072195648,15.223216481022039,4.1294893783268884,41.122920517560075
OC,0.5660107894634213,121.80999755859375,6.697767178818784,-0.40557256295100697,0.22627038427172347,1.4507873515666547,6.589078456128868,27.21995271056216,17.608944888067498,3.9499455803787296,41.1090573012939
PUBM,0.5360148850801676,10.239999771118164,14.75171144033669,-0.05441428547741679,6.042560094806274,2.8929144047437316,20.897278017457264,1.2875112987674293,7.056980870638407,3.91664191787741,41.09519408502773
GTES,0.5313294732654666,25.979999542236328,6.665825611617667,-0.5768871147788931,2.400376564999648,0.8646904923955524,1.9623234260721372,18.893961020640464,1.247075980961165,3.718795535642049,41.035120147874316
CLOV,0.5236788631550632,2.819999933242798,14.196075236118006,0.9413910859702983,16.50485053688133,5.170540888598234,46.113990125466096,0.0,0.3558715538551408,5.319150632221711,41.03280961182995
TBBB,0.5541326213278818,38.43000030517578,6.9587004142787485,-0.6815624991569474,3.444098995564424,0.3714910947259871,2.0988334971217286,5.400778505237438,21.001259534054988,3.632021862706124,41.01201478743069
UNCY,0.5553826781709104,7.860000133514404,12.769439023344967,0.948184625603699,6.931503254230418,3.005885971642932,18.552036163753325,3.9982546202903646,31.658298315375617,5.366230561162013,40.95194085027727
RYZ,0.5708147730964602,26.43000030517578,7.330220694684625,0.11295692631158398,1.7223154646028194,2.2872663123438297,7.264614284879807,35.947248769752385,32.547640907570376,4.920545492011817,40.919593345656196
WU,0.5392585250326398,9.050000190734863,1.2928548184323616,-0.6825646403724512,-1.5126754721745375,0.2618655451073894,1.914415248692869,59.85613561091849,1.6853997597418617,4.108130798228697,40.91035120147875
FLWS,0.5410515304272907,4.579999923706055,8.279239795413915,1.281829074922137,22.574599820991466,3.0616463695652656,39.63414522132203,17.14634294647358,2.69058037008523,11.33811693522743,40.85027726432532
DKS,0.5197777256409316,222.1999969482422,7.699203035343609,-0.915110383933173,-0.02609759718686064,1.0564509213765478,4.58438761486372,10.416566480806075,8.795303051314963,3.142599840860854,40.836414048059154
VCYT,0.5579496257243994,40.7599983215332,13.556439984383095,1.3802446414551863,7.123376605172638,2.834295458211978,31.103242589818265,36.699131103493876,28.015069490947102,4.792863079757432,40.73937153419593
VLY,0.5038969556740541,13.399999618530273,9.366917824117959,-1.0241066837086834,-0.04475923774554322,0.7061294879707104,2.6033628481117557,11.152122687277183,-2.6870067313463157,2.838486119859622,40.73475046210721
NUAI,0.5700404965863107,4.760000228881836,5.016986849216309,0.30549813999039604,3.815855146324086,1.5348844746413428,10.955717275023913,39.47428016611557,-40.942928269504584,8.323829028528198,40.651571164510166
TECK,0.5825759393317482,60.7599983215332,13.55591015059528,-0.09857286232302807,3.65681749047738,1.5311996247181419,7.520793003289339,2.721071558451696,33.950611780476294,3.944090521014277,40.651571164510166
NTNX,0.516173261762649,45.93000030517578,11.713724376594946,-0.11853111872709246,2.8755742299671208,2.0895339129178025,33.4786414080594,37.365362299558946,-4.985518907229947,3.681845493834158,40.642329020332724
SLVM,0.5313638545022747,43.70000076293945,8.227677930325292,-0.15238124773659012,-4.481401423701923,0.9486818873821081,3.260872112556753,65.26167288613817,-10.437752687057776,3.8416151939227325,40.642329020332724
TMHC,0.5322051606373253,59.470001220703125,2.0382280624266826,-1.1337207338675281,-3.3660192631928156,0.332291872753016,0.1009954106111975,71.58103573422878,-13.63636262893163,3.463930883027487,40.62384473197782
UUUU,0.5406919148364935,23.350000381469727,10.82987086837245,2.06602396053816,10.944813905524555,3.3819634467031054,26.902178615728793,13.14115166080121,-15.764787301498274,7.766899712497392,40.61460258780038
EXP,0.5361932535577797,211.7100067138672,6.508585189690335,-0.7745841603184014,0.31746783083137203,1.4873362249694193,6.1362638081902725,50.42029867994946,-2.5537914020447636,3.1795511125658162,40.46210720887245
DCBO,0.5344379795450608,20.959999084472656,7.5463273981582075,0.275263173302837,7.166362880162909,3.2005444395101494,42.58502963269501,18.824795698705326,29.382704302883532,5.7677902777527175,40.41589648798521
ORCL,0.5151115179781938,194.58999633789062,9.708745204044787,0.1509055633459998,11.838501706646129,4.532349704097678,40.9153461495804,21.54874891021646,-1.540968975242816,4.651171661240157,40.40203327171904
ORN,0.5544647319915268,14.75,10.43990571689094,0.22821254176171654,15.559385028731047,4.421810188943916,28.149432722916867,3.000194319727543,24.78849729760056,5.099273478436412,40.39741219963031
CECO,0.5535058944554857,81.37999725341797,11.83500766671894,0.8376810968536952,15.852482497054918,5.154862854643973,26.681195453538997,4.615331541630799,35.63332875510273,5.630550876562764,40.38817005545287
SWK,0.5634648548160943,80.19999694824219,2.5629048760857462,-1.0217382359804192,5.703740127334155,1.7642730845858532,11.095711644041533,26.060832042740557,-4.182867522501335,3.9156557492029016,40.25878003696858
ILMN,0.5406919148364935,138.7100067138672,3.0127304627743303,-0.7326731397937153,5.707573219894285,1.6362276281630697,14.70272584443498,21.52958622685185,2.9158688011094047,4.224639609207057,40.16635859519409
MC,0.5426922242121944,63.90999984741211,10.040280143390367,-0.09783548841039877,-3.5691928985501136,0.7172869660451042,1.3800744277220909,49.50832654538873,18.395702832902312,3.8861572977805627,40.069316081330875
MED,0.5126040085595274,12.6899995803833,5.371783429363288,-0.5455995703976086,14.016168539948612,3.6168130482859864,26.143131717735823,2.7590700997644815,-2.5345688613877875,4.469210763780855,40.00462107208873
ACA,0.5674630642993987,128.0399932861328,6.163509991859415,-0.7022222158691248,7.465188451622776,2.6936517007116705,14.781414125475093,2.6690995884674695,19.181294714223444,3.9100508570147645,39.99075785582255
SCVL,0.5322051606373253,17.799999237060547,2.094196317079647,-0.6808266118855741,-2.772092514492629,0.7844757424539434,1.0215572601798137,56.58515970349834,-3.4433373831011154,4.153289330012689,39.95378927911276
TEO,0.5405802058205554,11.989999771118164,1.596502543275476,-0.5199701112024256,1.6431873023953145,0.45990713824340157,4.351610182041159,30.425519283919183,4.807694150880016,5.11736159751507,39.94916820702403
MASS,0.5425597215633942,8.079999923706055,12.293447857862368,0.6601844423205826,13.64275537711534,1.774978538490397,13.165267152189555,0.0,38.35615945561212,5.7894266012884925,39.923752310536045
ARIS,0.539463628512795,19.010000228881836,8.234333031743269,0.11460566245037032,-0.9921610211193718,-1.5283229334843391,-8.341367219116629,31.488684158560194,18.001238413900815,4.9331184562100665,39.84288354898336
MATW,0.5405802058205554,27.65999984741211,6.004688818996785,-0.5833273402169019,-0.23804434617041417,0.9319258905354985,1.6164604891286036,12.05956390463639,7.392902805317878,4.103397781726536,39.699630314232905
SFM,0.5364563123279648,81.01000213623047,1.6746033216384977,-0.8622945892516168,5.108964970673993,0.60586787937186,4.9760322124520755,22.865125168801594,20.050382492617583,4.3164858757048465,39.68114602587801
RNW,0.5322942372814841,5.400000095367432,11.206502011174718,-0.32391993368335864,-4.712887301682465,1.921362841306691,10.2040814319712,52.228550734971876,-1.8181800838979374,3.34391512339101,39.67190388170055
BLX,0.5038969556740541,54.15999984741211,14.456454214064676,-0.6895680729510955,-1.7576963665151806,0.27647933703130245,-0.36791898581709837,8.88834739639706,9.746710277439806,2.8045204202972926,39.57486136783734
DNA,0.5418241562960268,10.319999694824219,12.755254367386026,1.4642810496426861,23.937907631908622,6.3896534087810775,59.999999990697674,1.0275864526993914,24.038462417297847,7.574199071968195,39.542513863216264
AMG,0.5558716358923669,297.760009765625,2.756327857020817,-0.8232661908324111,0.6958031491869098,1.099365048613008,4.3453970600475955,39.9766576948205,-9.478535316841308,4.054078390606012,39.5101663585952
SNDR,0.5368495915974366,30.649999618530273,9.912588655306473,-0.6118851231449511,2.786812312982744,1.2856438710129683,8.342165523311069,3.7993801098797997,4.287173375317434,3.487298760381615,39.47781885397412
SG,0.5056628768343249,6.869999885559082,12.390866294505761,1.6784828778190883,2.629219130530682,2.637227530605718,11.525974928879139,22.433293001811197,12.254902187942378,5.988771887782773,39.403881700554535
GME,0.5235238042350369,23.969999313354492,7.271549059679032,0.158030849157986,-2.931889278594612,0.8494645743122351,3.2299742555821425,37.78940918647945,0.5452984896354409,5.351928454110542,39.30221811460259
GRRR,0.5007587094929671,15.350000381469727,11.976127753244025,1.2595706891119862,13.47255784363372,5.26827783050206,39.92707390542258,4.8570011974445055,11.15133899311103,7.103302514165903,39.26987060998151
MGA,0.5596177375862602,61.2400016784668,8.911148198125115,-0.573407224859009,1.0636134348759403,1.2354651977751354,5.859988407438946,25.84988232056636,-10.204830124160894,3.486283753046572,39.0988909426987
AN,0.5235238042350369,205.2899932861328,3.656999759729461,-1.1392174849064811,0.6990298767929926,0.5303697648811516,2.3788095511741365,45.82772438711288,-5.243480697131683,3.5672526666354845,39.07578558225509
CEG,0.5165829239119417,311.2799987792969,4.737361007676525,-0.5211623243144687,-1.5541836413936942,1.9826134746200461,8.649214233581286,45.30417511020588,1.2957484581935554,4.259594736768171,38.75693160813309
EVR,0.5539546683826138,331.2799987792969,9.296563837728801,-0.33332075908674297,-3.1352116161418047,0.3379782120291535,-1.95915810498533,40.80073599892105,23.986674558194014,3.7772319963284575,38.73844731977819
BEN,0.5544647319915268,30.520000457763672,12.649906255775889,-0.7023405179289227,8.614034319791587,3.392511940375917,22.521078460420675,0.8390092521585414,16.326223795885806,3.161861973634414,38.6460258780037
GIL,0.5435563317247755,59.400001525878906,4.3135244074089405,-0.8031888103725862,-3.7014833392351787,0.9698712095186363,2.6970978028156987,53.862311939161486,3.5661295707178207,3.713323746376106,38.59519408502773
CERS,0.5410515304272907,2.609999895095825,6.613255851248788,0.18461487347056105,21.820299765210454,5.205008044993162,38.095233569817694,19.322218747243404,-4.04412251165185,7.84072316338116,38.521256931608136
ULS,0.5544647319915268,99.41000366210938,11.632820048449975,-0.3115385345569577,8.602677787332834,3.2275706986850174,17.89611482651898,2.1345274102148766,29.41126811079832,3.9507373147821387,38.51663585951941
CRON,0.5392585250326398,2.569999933242798,2.5378560031418136,-0.2244116195663668,-3.1832764781276772,0.4161150520353981,-0.3875965408950994,75.68629656319969,-21.406729405280064,5.589216811115771,38.39186691312385
DSGX,0.5121696420031242,73.37999725341797,8.046899452107459,-0.6358154142217978,-4.516742711414428,1.093007322784219,16.328464050756008,44.00746362225659,8.086607619745767,3.3962132351537786,38.37338262476895
CBRL,0.5205157416808431,31.149999618530273,2.89563969723421,-0.6201727857736377,3.902600726359714,0.8447338128255399,9.721734019448306,18.871652844984517,13.164693738658489,4.8704202605930735,38.313308687615525
YELP,0.53238735604365,28.5,8.502173701205368,-0.4161501279321795,1.951385258910773,1.7248593605217608,11.940302532304301,32.18098924731183,35.843663591441874,3.862154394164121,38.29944547134935
VC,0.5302040448708162,112.3499984741211,8.710598474126027,-0.42358983757028673,7.494987275340784,2.4425507607964287,19.521274972261573,4.687783163758693,20.10660218738833,4.180176800367608,38.262476894639555
HNRG,0.5562980190148151,18.8700008392334,14.859988571283509,4.202587834084568,2.232098853545254,2.696830147703575,24.144743919600387,36.01706436108188,2.665950494089686,6.077066758137764,38.11922365988909
GEVO,0.530311496561813,2.0299999713897705,10.146751442479761,0.445271227175036,-3.40692923483577,0.8989947024115599,5.181348523718646,50.73936640234054,-5.140192900501188,5.014075337151308,38.10998151571165
CBLL,0.5405802058205554,20.3799991607666,6.0539880850316194,-0.5889340798155961,-0.08824736843452419,1.4371671395980372,12.28649911285255,43.39901170258313,-3.958530535953711,3.909643706699183,38.017560073937155
EMN,0.5451051655013126,73.69000244140625,6.786734161481034,-0.8915857443578726,0.07469678259257315,0.35366045122315953,-0.754205466109371,26.741376769772952,12.79657182903929,3.4604442019324946,37.99907578558226
FTAI,0.5704742670857071,272.5400085449219,7.17791932845737,0.22460766369171786,8.253738392693393,0.9517745700322908,8.400290561493309,31.214438088143275,-10.725809119984524,6.645657205505373,37.93900184842884
KNSA,0.5356547099791493,56.93000030517578,10.05494983310571,-0.189699600401983,16.15759775176437,3.005401559479454,20.921831118992582,2.1896991579015643,5.719595020002945,4.597751178970325,37.85120147874307
MUR,0.5062725046054818,38.27000045776367,14.733104843928512,-0.09672154735743933,-2.7433630003682667,-0.09901400024677658,-1.3405528370124737,19.209946124003398,24.429222200212056,3.9120511011365813,37.84658040665435
GPRK,0.5405802058205554,9.149999618530273,12.068283926871496,-0.30445800067749296,-2.222699659287606,1.7727021834839267,-2.6595745757327247,27.793910085841876,4.332943453690206,3.6766580868235264,37.763401109057305
INVX,0.556229121057504,26.6299991607666,9.370501668612615,-0.4658956558967319,-1.2734754461918287,0.5142438759332961,0.4526553407928828,23.7041428025637,-0.03753839756222504,3.783594638194289,37.66173752310536
EVH,0.5119463711669037,4.269999980926514,13.730494806053636,1.4107183218317398,26.082676416936902,7.297959228001035,83.26180772152614,2.660724278720078,2.644234075065936,7.810303935750746,37.657116451016634
NPKI,0.5368495915974366,15.430000305175781,10.827606916173844,0.22002181796511003,1.690449082820297,0.8976961689037017,2.661347832897816,8.68581938318489,6.930006782966027,5.406905477800623,37.610905730129396
IREN,0.5535058944554857,56.849998474121094,12.791729226005794,1.2122978091330714,17.43198622263423,6.952544505069273,44.582906701188406,5.893055731723882,38.25389093008129,7.724338954021581,37.57855822550831
FNKO,0.5638210239432014,4.460000038146973,12.542718093648883,0.24162681919618198,5.188679907158292,2.4154592259508023,22.527470038056773,19.983896969456534,-14.88549173459014,4.769378061696985,37.54158964879853
RS,0.5286384500511202,369.1000061035156,11.20049107487092,-1.2100991341225253,6.297808654409752,2.4862131989222007,14.556173842167016,1.5563152868795698,27.354479704447776,2.9842847054587205,37.52310536044362
DHI,0.5322051606373253,145.97000122070312,3.534651610924223,-0.9609582878710702,-3.547981670091337,0.6022593112568713,2.3345498074034654,64.61198639795057,-6.9262805712550914,3.6984116696680296,37.486136783733826
CSAN,0.5389780882425962,4.179999828338623,5.1388723506342115,-0.6883403766368679,-4.8079978966100505,0.34839014907359855,-5.643341075191954,56.636003500019264,3.4653432617045996,3.8209170022195087,37.4815157116451
ARWR,0.5544647319915268,77.94999694824219,13.116389254323698,-0.12499613796653262,8.448397318602604,2.8805547886891043,19.665332634978142,0.5210021189081391,20.81525264061041,4.411253450355885,37.44454713493531
CELC,0.5364895041421743,130.7100067138672,14.273988069505311,1.625927412387893,4.5132405350809774,2.2357471167896037,11.58443520130501,6.300150594485879,-9.84272964139897,7.544399485039868,37.38909426987061
NVCR,0.5544647319915268,16.829999923706055,6.751341431065665,-0.18544972365839477,25.740112910307612,6.808841876485415,59.07372442796728,1.4570251292917296,34.31763992042834,6.151854255832976,37.34750462107209
JBLU,0.5435086286118365,5.130000114440918,7.500417166302274,0.25158351972370946,-0.46565544737081366,0.4776296416887678,8.227855739927058,27.726729357443208,8.000002407598272,7.121971118089496,37.342883548983366
OSW,0.5260151912151616,24.579999923706055,12.140725333332329,-0.19332159968392226,1.100256755558055,0.3425575944243403,0.8617114371451332,8.0451756710006,11.235253472518494,4.209287648294667,37.32902033271719
CMC,0.5629979567430985,70.5199966430664,5.172125284148526,-0.9044783446626032,2.1477213156900405,1.6027851184964546,7.189535889413285,39.771357728177904,2.054111264293621,3.7365310787104136,37.10258780036969
PRCH,0.5120755779539437,11.279999732971191,8.786872210440105,0.052559152084462116,29.491444327715566,7.41722651943739,66.86389571570125,0.0,11.352414663622328,7.234041985271214,37.04482439926063
GDS,0.556229121057504,43.619998931884766,7.483721709117759,-0.3008078695370457,0.605428503103803,1.6600428792707191,3.8818699409936945,33.34735821110718,3.0231430672028656,4.438822774950084,36.848428835489834
CHEF,0.5248513308694647,80.33999633789062,9.043197260551207,-0.6724637296566617,15.082145974136688,3.9001049433628054,24.500229129744007,0.0,6.129457829119354,3.894165215483534,36.82763401109057
FIVN,0.5128089647635341,22.200000762939453,8.137520341196279,0.1393794909421788,23.090575372079176,7.638698119547811,63.1153660714215,10.444218969923066,-0.17985165732266276,7.194980904298749,36.81146025878004
ZIM,0.5600219696981138,26.09000015258789,14.914112809607305,-0.4063334043025063,-1.9987315972890451,0.6315429978841085,-1.1367913754740542,32.857246797295915,-3.158575434877776,3.302578368132968,36.746765249537894
LUV,0.5667913253484855,41.38999938964844,4.751721802047914,-0.7633122932091609,-0.678748858057694,0.520510777606723,4.625879557088916,45.30716414934714,-14.291153538999287,3.984727386006079,36.71441774491682
AXSM,0.5535058944554857,220.22000122070312,14.38450135207593,0.16121069534703453,13.369953751501315,3.879248163508353,23.642692979513555,5.060587109836969,20.57599756703617,4.78920126652878,36.66358595194085
CTNM,0.5937221147981088,14.630000114440918,4.04250743153228,-0.40378471911303376,9.339851643120948,2.1646861529038905,13.675215574165703,12.844676706907887,25.79535657972144,6.118543327632737,36.65896487985213
USNA,0.5322051606373253,19.459999084472656,6.2961216444893315,-0.33865658574484764,-0.7602815073349988,1.2594853492048494,7.454436380719384,56.3205686405022,-0.5112494079497979,4.426665564057989,36.51571164510167
BC,0.5596177375862602,80.7699966430664,4.635390083724747,-0.9503057742210066,1.6575791717753425,0.7666598774794159,4.814429278437956,34.26770402227037,9.32593346737898,3.9238392376839397,36.501848428835494
KRC,0.533557480873544,34.56999969482422,12.878512278105847,-0.6300900931597726,2.1475405620331163,3.013201138566296,22.501773691538364,32.101713169513665,21.983061074357828,3.124096238007602,36.38170055452864
RUSHA,0.5862221170189013,71.30000305175781,14.324278894058088,-0.533080056434126,-1.9823441323398843,0.4065017469464604,0.21082434667585911,23.00644403451157,47.36696865538838,3.247845800572619,36.330868761552686
TBI,0.5538637555350501,6.010000228881836,13.556630491497698,0.8325151251701227,25.456637142373868,7.591241114974093,80.48049146464619,3.873525674323329,59.41645248525057,6.976468523512276,36.284658040665434
BRKR,0.5574814614807697,43.72999954223633,13.577730869806384,0.6174400051161888,3.57760300638884,1.4674112839913496,16.334129727483887,39.83497964576026,16.757295244472804,5.065171806123153,36.28003696857671
ATKR,0.5368495915974366,73.97000122070312,10.87753747139359,-0.5760902095618724,2.0311064193522825,2.0451971273907863,9.052040725062806,8.633152777671368,7.016779920904671,3.6818027561004953,36.17837338262477
ADUR,0.5052581748572856,13.130000114440918,7.0891554955791065,0.09378742441694256,7.8129501236912455,4.314867902166754,26.9825911064897,24.129193930112766,11.460105364659663,7.6601561940253955,36.118299445471344
TENB,0.5165349091527097,21.540000915527344,12.538136056641354,0.6012300876819888,-1.6909659841475144,2.894873181588647,34.28927484868716,34.821178918566616,9.008100536121058,5.385329947011686,36.00739371534196
UFPT,0.5474822926591046,221.35000610351562,11.203521836019522,0.9025542703811927,-0.391800208043789,1.5007565094094972,9.98758067250472,43.536662951716174,-7.83227734497371,6.1825165805210744,35.97504621072088
URGN,0.5381077143082178,26.59000015258789,13.592729285264774,0.7553648771836075,12.91829449963498,4.206217087763395,23.27306689176961,4.417646719532836,1.2952386764759551,6.84870807847451,35.928835489833645
TTEC,0.53238735604365,3.059999942779541,9.4408132960527,0.34139646788202854,1.5262089636758223,3.016201309844972,33.043478516920885,36.57514404694705,22.39999770222164,6.09430345432019,35.822550831792974
SCCO,0.5089205521508016,179.5399932861328,6.699244726610661,-0.40799621580222717,-1.3394546642731209,-0.4025440646231819,-6.761531178577986,50.06864535512325,-12.542991417710233,4.358758161952411,35.79944547134936
UEC,0.5928604083442968,15.59000015258789,4.2792504844282115,-0.26012370908104354,6.025572681781305,1.7577857821992768,15.225428382266998,27.026329662776966,25.827277807392594,7.321543269268583,35.785582255083185
TTI,0.5633542116088985,9.770000457763672,7.345521726887097,-0.24310848077919248,4.197593015399559,2.3205585533097253,15.484638458096123,28.960354815037135,7.836644648838152,4.96417509141691,35.69778188539741
PRLB,0.5371838237085254,68.16999816894531,12.45664398379466,-0.4438796722077616,6.055771007493794,1.9937799387683173,11.02605289041031,0.8286619546673165,1.4887599035955343,3.994215336280934,35.65619223659889
IMVT,0.5405802058205554,27.219999313354492,7.286672406871005,-0.3521459495852998,-1.456256675512092,1.60748930223233,11.10203801323866,16.206419717505828,9.71382466421762,4.7955815017528955,35.64695009242144
TOI,0.5538637555350501,4.070000171661377,10.003335997497077,-0.0659846061911378,13.90988401260854,3.5052148252442246,32.142865979121886,4.383292288845119,43.3098695152157,5.442259499724702,35.60536044362293
CMBT,0.5548224426656349,14.760000228881836,12.724321879069755,-1.0508534475706786,10.135887540273968,2.5932482729784967,19.975339793243602,1.7124550053807999,32.52596041324087,3.106514656964221,35.5637707948244
LAZ,0.5322051606373253,46.439998626708984,7.931624155737479,-0.08379618779719697,-4.19741605803602,0.648725415216552,-0.514142409795667,65.9909669642572,7.549787629498801,4.720376451066209,35.38817005545287
SYM,0.5121696420031242,56.43000030517578,7.819896919569944,0.36528498311509355,-4.7827953300261825,1.364017373953281,4.830017435691126,64.59521821537466,-5.477387631356359,6.454633649517697,35.37892791127542
CPIX,0.5272768294510718,4.289999961853027,6.746844747618827,-0.08691165491538742,14.26288256093856,5.463483251621306,38.83495406562054,6.856727308583544,9.999996329457849,10.855810523616746,35.212569316081336
EEFT,0.5121696420031242,71.58000183105469,3.4926363998924224,-0.9185757370179235,-2.5983289539621977,0.5458988026388158,4.45061010658404,61.187163829012825,5.419735231845341,4.061389445087866,35.19408502772644
IIPR,0.5550250566230085,56.59000015258789,10.054062996587597,-0.21582401197549117,4.628696951160114,2.3900121166953014,10.960784612702517,3.79571451586918,14.998318210622031,4.967687647007236,35.13401109057301
PHIN,0.5700168887172864,78.44999694824219,9.826712231051465,-1.183619416987538,7.219731479102262,1.223662720813184,7.436319576463609,1.3954497551298741,30.16670166811118,3.383045107583012,35.12014787430684
CAKE,0.5304879816112974,60.79999923706055,8.668887614547922,-0.589516921684839,-0.9223363699570192,0.8587606514402636,2.7895142326105433,33.852657940001365,-2.3522606926661536,3.8277005374770483,35.12014787430684
PHVS,0.5368495915974366,29.68000030517578,8.311913499937036,-0.16500286541797068,2.2020982160936073,1.2799278241027063,11.45325287425524,10.703585742369057,1.0727074289191982,5.515739408440638,35.09242144177449
LZM,0.5381077143082178,5.630000114440918,12.970857426833232,0.8910838657279365,15.45165714931428,5.255774425557789,47.76903408182013,9.142582986770739,8.68726449668147,8.66531309930571,34.9815157116451
UDMY,0.527941222237495,5.03000020980835,5.1507604788411525,-0.17653917537678104,0.0712941791813273,0.8571131711466802,17.249423178623793,49.03378069972782,-16.85950328266063,6.519453187925768,34.97227356746765
URBN,0.5235238042350369,70.44000244140625,5.660444702661422,-0.8429961815432065,-0.6263720638658955,0.7411624083118299,2.682221586276658,43.20821614094236,-9.1799836787215,3.8999754351700777,34.89833641404807
BVN,0.5462210697981805,33.93000030517578,7.3248283510551335,-0.28520273697449344,-1.7566472304415444,-1.41201883613003,-7.557975903568821,40.638517075562255,23.15820620905912,4.751320702121431,34.893715341959336
AIR,0.5314716419553502,117.81999969482422,12.960878438844823,-0.39120138419224565,1.9653995479485078,-0.398667372912905,-2.491104933039861,11.44968785758774,28.990589466072674,3.9203269340893074,34.84288354898336
PRTA,0.5297566328676818,10.520000457763672,10.71675877150358,-0.3068786895983223,-2.533928596927592,0.6058634227230999,0.19048055011206733,17.050740506580414,14.22367441963693,4.318304847861498,34.644177449168204
FABC,0.5410331940249996,4.809999942779541,11.174570493892064,0.2531535850506428,70.416295412306,11.49516080937903,126.88680194160433,0.0,55.16129323229898,12.39976205159905,34.59103512014787
AMR,0.5062725046054818,193.42999267578125,1.0236157063968736,-1.0935625182122475,-0.6294924631698872,-0.23454347669076664,0.47267212919221574,49.00100433788491,18.924070048657367,4.537448196566378,34.55637707948244
TBCH,0.5233315121811223,12.399999618530273,10.382920052584302,-0.2242894079239539,-1.5091376488022956,2.708239658169482,19.80675518169763,52.86013922439544,-9.489052618532149,4.205069363657716,34.542513863216264
TRN,0.5422002878111922,36.63999938964844,11.280674795447895,-0.6634689984287039,10.11474863434571,1.4659752871720462,6.851914582399981,0.0,35.17646097548576,3.844354265800757,34.47550831792976
CTKB,0.5405802058205554,4.920000076293945,7.3419237509752735,-0.3344377362990611,2.1912984949428798,0.8319657344409176,8.60926817519955,51.60890157681064,-10.545453156374549,4.518000851661057,34.46395563770795
NGS,0.5671330785440706,39.58000183105469,9.80372852027666,-0.9760360654868296,0.7534920468215771,0.7747166538531752,2.965669211871268,8.083931529541688,14.632470246746765,3.473958696190342,34.41312384473198
RARE,0.5339178672610296,26.1299991607666,13.33486388154294,-0.1948514098190754,1.27105209216371,1.4134422483026516,12.145922816526319,15.913960290262882,32.50507135031273,4.29582872924288,34.36691312384473
HGV,0.5525203918674307,48.619998931884766,6.409199704545876,-1.1029930647839987,3.989987966743432,1.5232448220608474,8.236867572748519,2.0790087349142516,4.044509754167107,4.1069228485026805,34.31146025878004
TIC,0.5474961711724738,10.010000228881836,13.342988214425509,0.17238791481966625,7.482240826278991,4.952163482812768,40.00000132821581,27.52002974113077,30.16905271907433,5.0306829426716675,34.27449168207024
IMPP,0.5410515304272907,4.909999847412109,6.713062830609058,-0.5983311736769051,6.739127669419761,2.1654634259050436,15.529408170748596,12.593690614378916,4.690827024746895,4.572302444569517,34.177449168207026
DNLI,0.5081296883937776,19.709999084472656,4.003299417211139,-0.6127967337005831,-1.7775764574812267,0.18245334864885626,2.4960975228164055,45.352818045843456,12.17984875752184,4.834383875074562,34.14972273567468
CRSP,0.527941222237495,52.41999816894531,2.978313684992583,-0.42434808032465615,-2.762517135234317,0.62530046722924,2.3428288161260733,59.969608813875794,-0.7196990030282293,5.8905684179815525,34.12199630314234
MP,0.5377477627718209,69.12999725341797,8.248710410790409,-0.14256857702161102,8.518365976581146,4.255928046510625,25.14481381725629,4.124283748470463,8.780484788763808,6.626645203058398,34.121996303142325
WWW,0.5313638545022747,17.010000228881836,3.003130654252675,-0.7696584381696954,-2.460001786569611,0.25871034061540066,0.11771899959936488,68.28586855139488,-4.811613613058871,4.41126946840751,33.99722735674677
TGB,0.5604502794875843,7.25,9.849214279329214,0.06886398948156679,-0.8953584840252079,0.3497940704001593,-0.5486963245109934,38.08974692596658,-4.855641615057302,5.532019478934152,33.877079482439925
NBN,0.5368495915974366,125.62999725341797,12.509693680432548,-0.5566792040223548,1.372558427814419,0.6959314635723798,1.3962838629697325,3.3830010169804923,-2.763157723778227,3.8841406216619334,33.79852125693161
MTUS,0.5452153149649395,18.31999969482422,8.15786751160665,-0.5235220076812613,-1.3143737289574289,1.6871165186557329,3.26944718803005,36.5137201013441,23.61673462777589,4.196818511491061,33.76155268022182
PRG,0.5925108140561034,35.709999084472656,5.021868735753801,-0.6493433542974454,9.343660268428035,3.3316985290590533,21.421282793378502,15.29372120690528,19.79257470300139,5.0486059163534245,33.622920517560075
EPC,0.5162076234629267,21.649999618530273,14.548262549452321,0.543026127855851,-4.3115082589186216,0.4997112797689246,-1.0963900310599992,22.064730581223785,10.181956725910922,5.879247146638488,33.56284658040665
CLRB,0.5437751105124543,3.299999952316284,8.788405949348713,0.01622621775355424,5.509963590535825,3.009674086958184,19.565216069683316,7.694240745597984,3.773581226484559,10.616883208366042,33.35951940850278
TCMD,0.5667913253484855,26.010000228881836,11.784897189937789,0.8711114517714619,-4.5908678938162595,0.6624842166861805,11.011523218059912,68.56980449894702,-21.30105649161835,5.958148725568572,33.18853974121996
AVR,0.5381077143082178,6.510000228881836,10.322402789247024,-0.19181665226956057,8.608612322007263,2.409020745116833,14.612683547208096,8.967922236908205,7.42574736430832,5.236997058196314,33.170055452865064
AIRS,0.529909115121236,3.4600000381469727,7.610490481549466,-0.13682341542971357,23.461196293958373,4.046778936075535,31.060602285921334,9.015547592845746,23.351157061236353,8.078033829135032,33.026802218114604
KYMR,0.5080760765118656,84.62999725341797,7.731651087703708,-0.3869344776457723,-1.1998357526020558,-0.3478491085991615,-0.4938339603342609,39.42837004405286,-10.254512709750164,4.7064534948780175,32.915896487985215
LLY,0.5401638226030997,974.9600219726562,8.636016998542544,-1.0631857073836668,-2.8927387046267534,0.6057966365674302,3.777667448266787,71.63257986442643,4.318430070723281,3.1602773354472786,32.68484288354899
WSO,0.5541326213278818,429.239990234375,13.104530312017976,-0.5494866225035396,0.20011583113100076,1.3585201738385189,5.764624627252416,10.437689708760324,15.923398263677788,3.853156136069961,32.58780036968577
BDTX,0.5165349091527097,2.7200000286102295,14.221543964398265,1.0106486551857534,-4.494380680522991,1.5691866563938912,6.250003490018324,30.783926944472135,1.1152405479729495,8.167017697532952,32.55083179297597
VRTS,0.5121696420031242,141.85000610351562,9.026014917879154,-0.41589002626010513,-3.0426365736985757,1.2529319270432193,4.954300088577942,47.33704257370566,-11.632653177547928,4.301267695608738,32.5369685767098
LAC,0.5410515304272907,5.659999847412109,9.138708956583844,0.03859527543793992,12.681662330616444,5.193716580351075,39.06632944221794,22.623509465624963,-12.111804390633564,7.551743813513098,32.52310536044362
FIVE,0.519458288155158,221.25,13.500039814371576,-0.1744675983565765,-4.109945337484816,0.048781439598909064,1.7849772139447675,30.572703858991666,31.368009978094303,4.403742189076373,32.4815157116451
NEU,0.5118078154399006,679.1400146484375,5.2770096645418585,-1.520057232566799,0.7890161301359151,1.0123285994977955,8.016036071635074,42.86800534796631,5.021965643074249,3.903728770647436,32.292051756007396
GOGO,0.5283500249204195,4.670000076293945,10.269094733384362,0.2207917484297416,-4.7651400287662,0.29318979122988054,2.41228365944301,54.05839630496426,-14.468863666463466,6.018659590203032,32.23197781885398
NXE,0.5454642305007377,12.380000114440918,11.031852037640334,-0.021262949786768414,0.2550929170200619,1.2213617402801973,8.691832670677844,23.27999431489241,9.946712812552363,5.64504979591799,32.208872458410355
PSX,0.5502244026556327,168.30999755859375,11.099022718546694,-1.010959892684294,-0.6125882914896206,0.5009077887773312,5.689166441781387,27.229551780335626,-3.3201211447240744,3.3051260010225283,32.11182994454715
AG,0.5157238402785986,21.3700008392334,9.420506203336176,-0.12202154200662231,-3.7311025554949113,-0.2703752875798865,3.8386827911449926,43.79875403101515,2.569577778710288,5.247676395155852,32.11182994454713
SON,0.5189990747120837,51.709999084472656,8.766462258978642,-0.5086784232526538,-2.8891025456828414,-1.0787663337609923,-8.266808471932734,34.107968381107774,8.680111589730092,4.3698376517845805,31.97781885397412
OPRT,0.5278811263806449,5.75,10.457848165983409,-0.2570229784766096,1.6799293515769622,2.3992753383305123,17.107946609398493,12.360824437515976,-4.958680681443696,5.093168175738791,31.96857670979667
PPIH,0.556229121057504,32.810001373291016,6.776947327068443,-0.5136995308662854,0.9196927553299745,0.7811771894260159,-2.2056568720575296,11.70501356374962,0.6750574399089246,5.328275804909477,31.92236598890943
KWR,0.5504031706218142,142.94000244140625,7.930167025655242,-0.6771153854789457,1.2323414271979956,1.674894689010023,12.904169981748852,32.36629667003027,0.3580775060365085,4.163333791441646,31.83918669131239
CZR,0.5541326213278818,27.780000686645508,13.354539050590114,-1.0684024686847284,0.8055765674722252,0.6887229351953698,3.3482200667589472,6.683771752259267,34.788936747264614,3.302479032333384,31.79297597042514
GRPN,0.5170088617297772,15.460000038146973,14.525668505898304,1.3609425398434347,6.451834919037772,3.90641770041795,30.3541356271403,44.68081073876712,-7.202880073132237,9.332840398919974,31.78835489833642
HOG,0.5117396944486096,23.639999389648438,12.90284616502953,-0.39145323034032314,0.7135982584816847,1.605956337239035,3.7296991660262444,9.473175349570157,14.085534087089247,4.347958537549965,31.640480591497226
KURA,0.5235238042350369,9.319999694824219,6.167624612007871,-0.7710405216578077,-0.31375159775417316,0.9423045277212602,7.497112026937253,45.41379343798946,-12.73408774684335,4.254290248185709,31.640480591497226
BBWI,0.5692340739230832,19.299999237060547,5.8690042808667995,-0.34805914635047236,-4.89069875005384,0.6432131387890586,6.629827791346608,57.832783772067174,24.59177026830004,5.484826158647985,31.6358595194085
HXL,0.5263503437652433,95.7699966430664,9.024802621930702,-1.0049854752106853,7.1624508376489535,2.168305029190237,14.79516320395986,0.597310756905145,13.716342847123725,4.065996555255711,31.50646950092421
NEXN,0.542183636008548,7.730000019073486,11.588362006975235,-0.7949192670132731,4.70707740019615,1.7924852756345682,12.8467171761173,2.471672595438066,22.213442718656044,3.832932245810921,31.44639556377079
DDD,0.5335149574845922,2.4000000953674316,5.401926632357892,-0.425533833660797,6.571940661038789,4.3800695042517015,25.00000774800079,24.25669869420633,35.59322716801441,6.837499011911137,31.42329020332717
TFIN,0.5405802058205554,67.44999694824219,7.246147435389603,-1.084373860005546,2.5333052308286024,1.1439197211498342,8.737704780782478,14.411122381215122,0.1931034670311092,4.080558378953231,31.210720887245845
PCRX,0.5235238042350369,23.639999389648438,5.024664728600674,-0.636660854432737,-3.655706073640937,0.5161608416706942,-0.630523413619112,38.625537135513326,-10.284633595771078,5.166786623238561,31.15988909426987
DBD,0.5080760765118656,78.91000366210938,13.066681488420087,-0.12737749477331256,-4.7440807377983845,-0.39677759215987696,-6.923797123893925,44.99760297968064,-6.626432768310204,4.57211718789235,31.109057301293895
VFC,0.5596177375862602,19.059999465942383,7.624175483543947,-0.5597161480539136,-2.261424866390537,0.929016443396821,4.5529344185529625,44.29768422411289,0.26084258031516855,4.433368406228616,31.09519408502772
FDX,0.5046419194668633,375.92999267578125,14.487227412612908,-0.9328702391209243,-1.6739493696393843,0.11049784725504538,0.4945482704013333,17.614791470885923,4.7596450555141,3.2414862657269303,30.882624768946393
CTGO,0.5808455635263817,24.649999618530273,11.407676699274717,0.05081996821447428,-2.7482349809367217,2.210040864470825,5.703258752375586,45.28160256618767,46.7261948660419,5.621560050261152,30.827171903881702
CHNR,0.5263483775951011,4.300000190734863,6.88789888156368,-0.09687528311378928,4.432305603423428,1.6290261995546875,10.824743912313442,94.76936894553386,-1.3761454341382382,5.830562133320559,30.762476894639555
AGH,0.547805202600977,4.539999961853027,6.7008863139196295,0.011460460557457162,9.197612402034254,5.154500321585545,38.837920120669104,71.78884539243559,-17.15328565286855,10.314662637707736,30.734750462107208
CDNA,0.5381077143082178,21.440000534057617,8.4428564129021,-0.30530570808464613,5.413248925082514,2.730005176056759,33.58256419237306,5.999076382696052,-4.371095177777592,6.624800017843267,30.52218114602588
THM,0.5157238402785986,2.549999952316284,9.174285259633288,-0.013147077782091694,0.1020638179858456,-0.2210169470891155,-1.9230751588861852,44.75701826387338,-17.207791699551812,6.820728926418481,30.47134935304991
ARCO,0.5368495915974366,8.949999809265137,11.94820273893329,-0.6932170199494183,0.10065791900546227,0.9370065541119703,5.294115402496418,8.639725730657258,7.3521130263997865,3.918593810615499,30.457486136783736
BLZE,0.5391644484287844,7.5,13.684836608907219,0.33756792624272813,63.612566162979746,14.757792666163924,118.65888783798412,27.28732849486558,-1.185772737374009,7.119047528221493,30.44362292051756
UA,0.5907647317462387,6.21999979019165,7.866429169020097,-0.9010859173439133,1.0790396517726983,0.6553077607033035,3.6666631692497296,20.73821337508551,43.98147089331621,4.137919950603437,30.397412199630313
ZETA,0.5165349091527097,17.280000686645508,5.58259457504104,-0.46102242416727157,-4.9452627189558855,1.628569874717625,18.275161482055427,67.90940244701666,-7.096772406888241,5.26810428333625,30.258780036968574
MLTX,0.5106120565650223,17.200000762939453,9.219637892698493,-0.39853261759458003,-1.4168421677228669,-0.9056212345997315,-4.2316167050807065,31.312764944574162,19.944216037096666,4.886212718345863,30.235674676524955
NEOG,0.5157238402785986,9.25,7.941608852694823,-0.7179885649770499,-3.0276340298513045,-1.4001467978283322,-1.804671708057785,54.70471231607464,-4.737384513825232,3.996139143424605,30.19870609981516
NTGR,0.5235238042350369,25.889999389648438,9.08611009619645,-0.5641726154166853,1.8589533484491536,1.0033775570266255,11.068210994019719,11.835817476037352,5.846281106466151,4.719141407461038,30.175600739371532
DBVT,0.5093305177208625,19.989999771118164,5.5977961237279406,-0.6274241690729172,-3.4276199878065037,-0.916341596402657,-2.9140377707339358,59.53141357787466,-11.352547904398778,4.761310234709113,30.115526802218117
VLRS,0.5435086286118365,7.809999942779541,9.92018783018283,-0.6637115371490333,-4.746417840713732,0.5426867622905048,1.165805116867734,51.15291432992631,-17.702843716334964,3.859520597320053,29.944547134935302
HWKN,0.5541326213278818,167.00999450683594,10.062410803791392,-0.6597924860855706,3.7432249811916436,1.886995602503624,12.768391373309838,4.315374950961648,26.254910831396305,4.411626219525542,29.930683918669132
ROKU,0.5529451976895948,126.66999816894531,13.629741135004114,-0.6553778524562084,9.406712487871651,3.555329306804025,23.61666503339187,0.6626617849347837,40.650679105477764,4.094441647551377,29.879852125693162
APG,0.5297566328676818,44.630001068115234,10.909464501189296,-0.9361772147689295,-4.392623855060024,0.7173989772665375,0.49538667294319116,23.715486785485336,12.987344475912307,3.64024996505036,29.852125693160815
USAS,0.5969366714547888,6.380000114440918,9.85567737724646,0.055445575617850115,-3.1013620033773575,1.472953336291792,13.725489526983123,47.94293536500211,18.587360195958748,7.238020107238176,29.75970425138632
SXT,0.5377477627718209,117.8499984741211,11.810627619814786,-0.2672376244432135,9.82610244095667,3.5662237087505293,26.502784286373704,10.638849645824482,-4.303697106005335,5.225771400512051,29.72735674676525
NXT,0.5364895041421743,120.86000061035156,9.951782179421972,-0.21611324950079092,3.7897069805928316,1.3534449011635108,2.4497748238700194,11.372940640648002,0.7418516133910253,6.491513888046459,29.70887245841035
AMCX,0.5578386815801059,8.5600004196167,7.8441519130986475,-0.9968903434072975,2.67482795802526,1.52216298101357,14.285723378546114,33.83132483246282,16.78036164454626,3.9552717218055755,29.67190388170056
MOH,0.5535058944554857,191.85000610351562,10.716709356337297,-0.6359609634373445,12.250424107887445,4.504237398427007,31.512201591517886,5.94228913084304,37.61566678394895,4.379910305887724,29.611829944547136
ZUMZ,0.5596177375862602,25.030000686645508,5.844786226034411,-0.732101421479299,0.3702590523814638,0.5868112364000064,3.81584426779644,52.38126611050261,-18.256041800112772,4.588778487311353,29.584103512014785
ACHV,0.5410515304272907,4.789999961853027,10.014711939082972,-0.05766046325249087,9.809914100340043,5.440737225464794,37.24928218886599,33.96863586007622,-0.4158000241222111,7.0086483869322675,29.57486136783734
IDR,0.5377477627718209,47.540000915527344,12.382079673156248,-0.12005709359009288,11.970796278586107,3.8626664190307998,28.313095530891886,4.281768490114235,3.6181338464038566,6.556823455635122,29.51940850277264
MAN,0.5121696420031242,30.450000762939453,4.861337994109223,-1.1656988283156495,0.8395037423018284,0.7473519823151576,13.070926170604016,26.209913816841095,4.2451274128368635,4.661037356023817,29.500924214417743
FLXS,0.5406919148364935,55.15999984741211,13.48624656120483,0.0016259495265164082,7.715440314981517,2.399568467518916,13.755409234744858,16.308813923597206,-3.7328058071252825,6.026623488756429,29.477818853974124
USAU,0.5511673415797439,16.59000015258789,6.073416068277393,-0.6014541190059732,-4.525769162531122,1.868665257801719,10.969902101247374,66.50227867586396,-23.407200970945063,4.736070779074305,29.422365988909426
BIRK,0.527941222237495,39.040000915527344,5.089928940214091,-0.8849707867364045,-2.039585020800432,0.7384929845061576,2.655803756569525,62.83548821272088,-5.104517513917236,4.422205289726446,29.38539741219963
GLUE,0.5405802058205554,19.809999465942383,8.39339924055253,-0.3073943469504169,2.917108342969061,1.9221091151270064,13.329519362645634,35.58865329433577,-14.90550308507776,5.715007142413557,29.31146025878004
NB,0.5278811263806449,5.989999771118164,11.693177426984654,0.18375793505713994,2.5333753460461588,3.4165335947444477,24.273849741602156,42.03048154735338,-11.259262648433234,7.649655000967777,29.163585951940853
UAA,0.5903680846548096,6.389999866485596,7.618669664105279,-0.8100653683785274,0.9000453840937623,0.7797581319669566,4.411764476000977,28.671814138038616,41.05959315938621,4.348312569418159,29.094269870609978
CASH,0.5080760765118656,87.55000305175781,9.26327069723307,-0.8143556412981885,-4.5963705662617285,-1.1722387008768198,-7.754715336938002,55.735961719357086,-1.9816352990305204,3.7880312886208127,29.043438077634008
XFOR,0.5526128682820536,4.289999961853027,9.225459185468626,-0.4167279469746553,1.9850221323558106,1.2272885288811621,4.634147843745982,11.075930230214242,19.16666875854311,5.561104673712381,29.02957486136784
PGEN,0.5405802058205554,4.150000095367432,7.78980756173901,-0.41093243763439846,1.665852278740498,0.45527299554260353,-0.24037866367939134,43.580221116395094,6.6838042001241424,5.317210208215003,29.02033271719039
RYTM,0.5395332234682778,96.2300033569336,12.447173603529556,-0.2312380444200097,-1.4768285866611455,1.5716217739502654,14.030103155323864,54.977286437109896,-18.18568176329018,4.581656768818504,28.969500924214415
IMNM,0.5405802058205554,22.190000534057617,7.087788000480684,-0.6362479801050746,-4.481079187202047,0.6128330706620668,2.39963292989802,35.84870838474599,-1.9876275075196979,4.817775516306909,28.95101663585952
SGRY,0.5394854561200939,14.3100004196167,10.077993150719706,-0.28781056455058474,-2.5409033910818644,1.7873332280067193,10.844311298553468,65.86918639304228,2.8017265887729086,4.662073460796404,28.927911275415894
STOK,0.5080760765118656,32.790000915527344,5.655062647533,-0.8334507948652018,-4.7895564964884825,-0.6877559867849058,-4.485874842247782,48.24718884785344,-2.70029622190944,4.637736394304968,28.747689463955638
CLNN,0.5395242414459085,7.389999866485596,8.936133665555655,0.05928796276810343,14.921077459978152,1.6840600506628345,20.949258670890686,59.6099130038389,-8.652660974200932,10.970326671067923,28.613678373382623
CMPR,0.5544647319915268,91.9800033569336,12.630687309221795,-0.6138941641895067,9.357448591832119,2.8214643799922348,19.921782290034855,2.783917482370277,26.01727092573333,4.384879584765485,28.58595194085028
IAG,0.5048510528115451,18.34000015258789,6.678944168501894,-0.6337976062874353,-4.050390773356124,-1.5440835207914998,-8.391609723666955,44.92166710964737,14.125703178162041,4.97741178052078,28.456561922365992
YETI,0.538251686356842,41.68000030517578,9.162118730212836,-0.8428129120107274,-1.6998509957066112,1.6183797464200036,13.600441169540556,57.26033083580665,-11.432216130478784,3.8336308237578236,28.3456561922366
CTRN,0.5405802058205554,47.16999816894531,6.407538759285883,-0.6393193182170781,-1.876355417922632,0.8729221807617402,5.172797711712642,23.059079680107185,8.511609947677899,5.660772276185433,28.105360443622924
MCS,0.5062725046054818,18.290000915527344,13.989833480722405,-1.0392662778625448,-1.9381771874655136,-0.5783582280825561,-3.8885956089249136,12.568563592732259,22.476190255732227,3.5499513471932107,28.0637707948244
IRWD,0.5405802058205554,4.170000076293945,12.343633045766511,0.16533936055560944,-0.7851518602658851,3.8290515573427157,14.876031533884296,47.247532585036105,-2.341918151190506,7.536826072612414,28.003696857670977
AZZ,0.5368495915974366,144.08999633789062,14.14114745857862,-1.5215423173328184,2.7739524177077355,1.3203724157061085,5.1854541687196765,4.384721033105023,-1.705436975535789,3.487755328228828,27.87430683918669
BEAM,0.5405802058205554,31.469999313354492,10.475791550065395,-0.2346158369171827,4.192357815060514,2.7994041781130017,14.728395782296499,11.59046970289504,-6.589490661268865,7.0414007220945525,27.828096118299445
SGHC,0.5548224426656349,12.970000267028809,11.143318068826801,-0.8270407401437639,6.977897487993458,3.1040055320365223,26.783977000312387,1.1393491090317873,14.880427907027544,4.336930765609494,27.726432532347506
ATRO,0.586789402561045,77.94999694824219,10.169289456576562,-0.7045420985473243,5.3477990026612146,0.7797547632834596,7.532072348323575,10.874564143777464,42.27047936720997,4.481803505324161,27.45378927911275
NRIX,0.5405802058205554,16.280000686645508,5.5366578018927655,-0.8003364547416065,-3.1874366360253403,0.4734904656673011,1.5595757284818939,63.13947888680489,-24.173259396608533,4.7442077551794615,27.35212569316081
CCSI,0.6021069492969595,28.290000915527344,9.203933819288224,-0.6497821449480041,3.9970336378875913,1.5561304281294288,18.368206555993876,21.218235358272437,23.537123958727953,4.726303907711568,27.25046210720887
HUM,0.5438017871823254,247.1199951171875,13.44246420277471,-0.7041744033281525,12.235187400967266,3.2865093137068513,28.607859987771146,19.778067203107984,19.451289500263037,3.952679105535596,27.199630314232902
FCX,0.5089205521508016,60.61000061035156,11.547406812239869,-0.46671259780628926,-4.270137558572489,-0.9935624152067212,-10.407879323512127,39.10359281886068,-6.7350492129535215,4.619698863789011,26.85304990757856
PII,0.5579496257243994,67.05999755859375,9.063235197812993,-0.6089447394997072,7.4668368141476265,2.9287886678063564,21.507518077605553,18.346851604787396,40.05847130786821,5.12334413105123,26.71441774491682
LGIH,0.5697347256204803,46.290000915527344,10.448633668599852,-0.2903579178332944,-1.967426603637818,2.601739615529872,16.452832491478784,48.48049924394822,35.19275305493559,5.336695795304971,26.71441774491682
KNF,0.5405802058205554,88.7300033569336,10.954858630341882,-0.8633951769370183,0.20158017805874556,1.355195453011207,5.5555626147015715,13.417412744699458,9.678617655468376,4.203685553492463,26.626617375231053
APLD,0.5529451976895948,41.529998779296875,14.74295303357485,-0.1384597021564411,23.495517525113545,7.5319963133050924,58.149270436939936,1.0186673726904178,30.025040966148996,7.694782350591566,26.45563770794824
SKK,0.5391644484287844,5.550000190734863,8.788604691689518,0.031599965480619066,83.46198330580799,18.661254967157035,131.24999870354912,88.99523885930492,-54.47087463226099,37.254825008869666,26.03974121996303
VUZI,0.5503950552723633,2.859999895095825,8.604091640501126,-0.30860788439332526,5.632498168192844,2.495049473298192,19.166657552415746,49.15057851691786,-23.529414758333793,6.580919893938741,26.03512014787431
RUM,0.5538637555350501,7.46999979019165,14.520647322682462,-0.1072300762893563,12.79727898559252,6.12980737629217,49.69940144948687,5.221262194547034,16.901407607243417,8.15834751161715,25.92883548983364
GPI,0.5012942213451748,350.1600036621094,9.669572493588378,-0.6793757514104992,-3.1411550809608766,0.5979572868354769,3.5547372369204666,51.365412091954674,9.999063372095444,4.368643206235152,25.859519408502774
MEI,0.5548224426656349,9.25,14.879152817724215,-0.32739098155005114,17.543997529878528,5.832975477853317,35.21012411519467,0.8698036343100806,39.87954382526872,5.75675596141447,25.804066543438076
RHI,0.5165349091527097,27.399999618530273,6.521877382251648,-0.8143881928334598,2.111165212265023,1.4422348252997204,16.15090903406758,24.477309772435362,-18.8021875231824,5.521375098540961,25.457486136783736
EOLS,0.5159640445269122,6.389999866485596,12.182922214520527,-0.26546188313683083,17.405681567054806,6.870622283604617,49.64870947382517,26.0315834363756,14.311264613905825,5.945673908383749,25.45286506469501
SPRY,0.5327026069434968,9.0,12.341371309610347,-0.2641243112506544,-3.6350983415945803,1.6506693003713533,11.80123958556579,53.04876715282768,-31.087291645163546,5.24206350720118,25.2818853974122
NRGV,0.5578386815801059,4.150000095367432,12.343084564523155,-0.0010670171348212654,2.141277128844984,5.0499809889622975,27.30061678634228,42.17519794272741,33.0128284377694,11.067123864579761,25.231053604436227
LAD,0.5118078154399006,291.1000061035156,11.944119252907758,-1.4254739327453778,-2.9742420552490887,1.3612897084136635,6.590992163182663,50.650245294028664,-8.96018401201675,3.543673780470682,24.90757855822551
KSPI,0.5368495915974366,86.69000244140625,11.738428571778208,-0.9545932103776438,2.395680537594639,2.2203946803784333,18.291684906635496,5.3054487875266565,-5.576729390352197,4.326994208484694,24.83826247689464
AAP,0.5405802058205554,57.22999954223633,13.9458706048689,-0.8843041115746358,-0.31266670030340415,0.8098535623530861,4.8360494270394785,11.889473583759782,-2.320777438623506,4.073786954397994,24.7365988909427
ETSY,0.5541326213278818,64.0199966430664,11.76017859852812,-0.6322764129092707,2.7146659035041223,2.5156870904140214,21.50312831930712,7.775844714721612,32.98711560952529,4.995203920665257,24.593345656192238
LC,0.5278811263806449,16.690000534057617,10.848914085267095,-0.41992563534581767,-2.5908616943446576,1.930408217966892,12.999323064710723,55.97043030957578,-1.0669845655638446,5.096722555424573,24.487060998151573
NN,0.5272768294510718,19.510000228881836,14.543065610806677,-0.14793444665676686,4.6645760934073905,3.577034756970368,27.68324980075958,9.906696037188052,11.041551324094149,9.01186185924689,24.195933456561924
PRAX,0.5825759393317482,333.2799987792969,13.46101524943234,-0.3917684319616248,0.4449913514423247,0.8740501304853321,5.421643365793357,9.331631681744145,34.39251235797885,5.778817044347902,24.172828096118298
AMRC,0.5504031706218142,29.690000534057617,9.686612361564832,-0.382107929928732,-0.4017127865434835,3.0939838602862033,12.462124859628622,53.28962474778811,-10.410376943351283,5.966415026298384,23.96025878003697
CLVT,0.5339178672610296,2.7899999618530273,11.1767021753708,-0.2618434876743157,-1.2389392640768593,2.801723802600015,28.571422279958643,38.098122516317424,18.72340744209607,7.091652693197304,23.918669131238445
RKLB,0.5297566328676818,78.58000183105469,14.621814648974865,-0.10082340497728716,-2.0297206616720955,2.54744942915405,15.473913750059904,30.50011286577207,11.429389636345729,7.810420826718099,23.419593345656192
RC,0.5154732140252228,2.1600000858306885,14.222336534009061,-0.34130641149504753,7.31295548045579,4.297753058187773,36.708862455349426,49.51685731815691,-2.078565447458839,5.0261236267457,23.414972273567468
BBBY,0.5214482649917476,5.360000133514404,11.579020242276913,-0.12489462483341343,-4.23868619852303,1.6054605543392122,14.285715735111642,49.110616038941544,13.080177050708604,11.300638767330224,23.299445471349355
NX,0.5903680846548096,20.079999923706055,13.062768933958798,-1.0954534560034368,0.6894822641049903,0.6206011774570722,0.8032120822855174,15.2209463361287,22.70953990877809,4.1085675167155244,23.19778188539741
CAL,0.5278811263806449,13.270000457763672,13.73289171423443,-0.5345129238322989,-0.4762413540431814,2.28998857969334,5.990415115959678,21.743223056023904,5.3875912213198385,4.97900725638432,23.077634011090574
OMCL,0.5298686848591938,43.33000183105469,8.654584768991059,-0.5901605139999877,6.081167004198213,3.2886724687627824,25.959302060490337,36.3019797008054,10.875127432860078,5.979014826897947,23.01293900184843
CVI,0.5097543005871685,32.58000183105469,11.641659529664903,-0.6325196877580848,1.5143069733080052,0.685480175259852,6.296907786238962,26.013529293228547,1.4005625520256009,4.9526442143159235,22.95286506469501
TMQ,0.5405802058205554,4.449999809265137,10.398311312482683,-0.3893339495732719,0.3250183585424631,1.546634832720365,14.690713347039289,46.72064988459474,4.215452672142911,6.468698540045489,22.670979667282808
CVNA,0.5405802058205554,400.0199890136719,13.160795397580497,-0.4762942358659639,3.156160929380922,2.410244699827631,18.94382918063231,44.515639392544564,-11.150107074499143,5.072294982120045,22.22735674676525
RBBN,0.5339178672610296,2.690000057220459,11.57507927561573,-0.40326906992515116,0.6736542788993778,2.611367374728221,8.906883642626754,43.19315809010022,37.24489818843042,6.479021583857509,21.423290203327173
MSTR,0.5324993343675429,179.83999633789062,12.359044013557916,-0.5964393563267275,9.387732668086606,5.542716011016145,39.80099284108377,12.790656883691941,68.0904756781098,5.6923618709752315,21.41866913123845
EMPD,0.5056628768343249,4.940000057220459,8.99206489536708,-1.1782924417295966,-0.44336822615386234,1.576253801990005,3.131526023605402,16.824379930824225,10.514547851992448,5.133023017789818,20.799445471349355
WBTN,0.5170088617297772,13.210000038146973,13.8617563325695,-0.7117645776779584,8.44313123882424,3.062735624549855,18.794965592707484,24.09978457391869,4.841266969530679,4.691792459388887,20.591497227356747
GKOS,0.5377477627718209,134.14999389648438,11.001685845368893,-1.1197183514055251,6.649383416667315,2.0158068656336967,15.249134138977366,5.968822931923542,-6.626299431840914,4.986422350106134,20.499075785582257
HBM,0.5089205521508016,23.850000381469727,9.856616120240576,-0.727400894577127,-0.6146455324736785,0.23181033630709993,-1.9728711209279925,39.90745985080328,-11.343649408974112,5.36987236690354,20.17097966728281
DNN,0.5903680846548096,3.740000009536743,10.703630721328796,-0.5865052163368637,-1.6695145830005955,0.8752152850893291,5.056181730331762,35.620234236129136,50.20080300042049,6.226127690961874,19.944547134935306
DUOT,0.5170256718471781,8.520000457763672,14.729206722817512,-0.3526242358630768,-4.678878182487486,3.5013751859891307,23.6574836375566,41.21132945116287,12.847685329739294,6.291917933611095,19.755083179297596
HY,0.5112908893877145,36.86000061035156,13.518463933491665,-0.627040550886338,-3.7585328445903308,1.3160680388380666,1.208134166709956,23.30598579890364,6.225962743337278,5.347454572991352,19.611829944547132
PENN,0.5414904149779539,16.770000457763672,13.807589090453284,-0.7635700176423503,1.4764636701866067,1.4051668618748612,9.967216115829507,9.855410663942141,14.549180767382364,5.221911046617523,19.135859519408505
RCUS,0.5578386815801059,24.780000686645508,8.850634764414842,-0.7938564866328597,0.7849705054361297,1.8306067838486249,10.922115117648035,19.86168266060139,15.095215495580256,7.529113923326852,19.029574861367838
XRTX,0.514999168155323,2.6500000953674316,13.377609512596377,-0.09506465632506009,0.7987861235625955,1.8104365155317,6.42570623106941,95.53359732859963,-1.486987397297266,12.350403271837965,18.613678373382626
PAY,0.5012942213451748,27.850000381469727,9.114240906990078,-0.900575670523395,-1.8386874441521392,1.2170420378109712,14.326763889701432,48.93475440429146,12.89015117637809,5.389587473320968,18.451940850277268
CCJ,0.556229121057504,118.70999908447266,10.631673632543826,-0.7286448169128358,-0.8303824486329036,0.641494289594125,2.3009291174221547,27.311666720996186,3.387910991076156,6.024886000472709,18.387245841035117
CLSK,0.5365790197260034,13.979999542236328,14.207598790359945,-0.6208503611950564,15.403661073646935,5.554828978389635,39.52094713737433,10.201764229252227,3.940518516339991,6.529736922703963,17.860443622920517
NPK,0.5062725046054818,137.4499969482422,14.853287286890446,-1.0810113792432186,-2.437121077855503,-0.24251984014630182,-2.406986280723401,25.42942918158277,31.35115532522745,4.596996761311443,17.010166358595193
FEIM,0.5578386815801059,54.810001373291016,13.009939728210213,-0.8270844577774814,1.024811236222681,0.39879023160181887,0.018252073667041062,22.469092942969006,17.997848165465875,7.438683841086161,13.442698706099815
BIOA,0.5157238402785986,17.81999969482422,10.968816536021313,-0.7370051336142985,-3.305100448644307,-0.1377261996504506,10.067937658414666,58.17713539424627,-5.714285425646459,7.310807495644781,13.40573012939002
