Ticker,Win_Prob,Price,RS_Rating,Bias,Vol_Dry_Up,Vol_Z,Up_Shadow,Dn_Shadow,Turtle,Ov_Supply,POC_Dist,MA20_DP,ATR_Pct,Dist_52W_High,MA50_DP,VCP_Ratio,Dollar_Vol_M,Resonance_Score,MktCap_B,Cap_Tier
FRO,0.5505718719441156,39.06999969482422,76.08408718007074,12.26367674942427,1.0419968753018929,0.6014112201570436,0.051191343535663035,0.5374944614988079,1,0.0,6.172111555764752,-3.6956997047502944,3.4436049080122286,-0.05116515140723561,0.028722222278508937,0.995972324602069,117.28,73.56201975850713,8.7,Mid
ILPT,0.553471034901135,9.0,55.84001440434234,4.049249759888768,1.1131053319965154,1.5176862844180048,0.7777743868493445,0.88888804107962,0,1.571169908299749,0.33444517363190623,-9.182396394123922,3.446825723799449,-1.8538721358889245,-0.7155590148750677,0.878130545755436,4.36,68.95609220636662,0.6,Small
KFRC,0.5630987828394615,50.0,58.84568511061832,11.578282648042189,0.6195318601734002,-0.5424190173527851,1.4000015258509062,1.0600051879670813,1,0.0,9.884545440000016,-4.1540028848156725,3.430522795878209,-1.3806720954476417,-3.2302393962546208,0.830470904276774,12.68,68.57958287596048,0.89,Small
HUN,0.5565309445535133,15.739999771118164,41.426191596494924,8.1081066912948,0.7354147006878173,-0.9228064532104442,1.2071190394435973,0.8894558154362272,1,0.0,51.200768504517,-0.48916626671351326,3.621347164617502,-1.1927214714739038,-3.8402456404174203,0.8686243911286021,75.32,64.09989023051592,2.76,Mid
EC,0.6277118741823287,16.579999923706055,68.91106507855334,10.393501013951353,0.7638369381064487,-1.1827888058965945,0.18094503487182428,0.18093353095963205,0,0.0,2.0307687611430585,-4.841145058039138,4.247802321374442,-1.3682305147518448,4.002761182160445,1.0849829906625923,48.23,63.15587266739846,34.09,Large
ECO,0.5726215119788144,52.7400016784668,49.190106776580336,4.8461151927274,0.7220494118488311,0.149314619905377,0.11376101001739024,0.07584549536128904,0,11.312470774689363,8.294468116801237,-2.5462524564934492,3.5917406410404293,-6.268312713244509,0.21829830341999693,0.8652078751272833,23.6,62.671789242590556,2.06,Mid
ARKO,0.5939889297414103,8.630000114440918,65.04306420098027,12.876856570532876,0.9436332684932283,-0.20142289722353207,0.9849366976819547,2.8968713401601986,0,1.4647241092937884,72.99795948291775,-5.783597025619129,3.806489711802341,-1.4277555494207412,2.4475426404699454,1.1498862450550926,7.82,62.66300768386389,0.97,Small
DHT,0.5927976750098515,17.56999969482422,41.063556918766174,4.129863189973408,0.6313231239599753,-0.6022784983697738,0.1138330000564843,0.2845825001412108,0,34.08243848907213,-7.348510488324673,-3.0974560998157075,3.126270699904997,-11.406238386541965,1.7117679296922022,0.8792032569443023,54.52,62.36992316136114,2.83,Mid
FLXS,0.593483241299289,63.08000183105469,43.56818615800078,9.909834760308645,0.8405294450735978,0.3584577797492613,0.9194702191019186,3.471785633800315,0,1.229821742789381,10.08946342896177,-0.39292266370218565,4.2315890582501385,-1.1749960496215412,-3.4093297755860896,0.8616552649915269,3.56,62.11635565312843,0.26,Micro
STNG,0.6088601593926287,79.05000305175781,38.59477365629833,1.8810849351295116,0.5016581178038457,-1.1366840684538728,0.06324531364017077,0.5566128076081076,0,19.455653640759593,-5.781614685834553,2.5507767836633946,3.044099814157961,-8.994460875782154,-2.5776042879131875,0.7816198351013257,81.62,61.562019758507134,3.93,Mid
ROIV,0.5766035163365725,30.040000915527344,39.92479206526125,2.1273737072814147,0.8530771312584572,-0.2959780378634651,1.9141106459636248,0.4327535179770215,0,3.717511455740906,16.343924362577013,-4.677963256677362,3.096822775244059,-8.395079478712619,-2.298848369675592,0.9290400985445161,166.5,60.51042810098792,21.61,Large
CALY,0.5639405748892389,17.3799991607666,42.63624101643613,11.567589446935047,0.9372457772933495,-0.36926007979646963,0.05753871901118928,0.40276005868980486,1,2.32123562049291,38.04605996619992,-4.336398395461974,3.370048150129635,-3.4444491066608554,-4.920407526356508,0.9178821993264755,48.28,60.185510428101,3.12,Mid
NAT,0.591837796599363,5.559999942779541,63.35709058876717,8.08962098915694,0.9222130253111359,0.1401979900201456,0.17986023350637026,0.35971189080477245,1,14.830177303836267,10.748597684955714,0.181494723890093,3.5915202744295183,-8.519823875461555,-3.664923283258239,0.8487751406243612,21.78,59.7661909989023,1.18,Small
AROC,0.5560254991185639,36.61000061035156,33.64038718704367,2.238297887192192,0.9618946502764765,0.6340100811395284,1.8574168091243775,0.191203752131362,0,21.22407451291509,3.6609226153885377,0.8597519729194036,2.9129441352800263,-8.198593521532313,-5.098142354868196,0.813056575871988,59.65,58.585071350164654,6.42,Mid
COCO,0.5553721332934017,80.9000015258789,40.98845049109106,5.53573679119412,0.8725657217693061,0.2964708350000448,1.7676146825543206,2.039556853816246,1,0.0,47.87059564832012,-3.1266343711189486,3.765055608827491,-1.7369127576273407,-0.49393224471738373,1.1228562806190063,102.67,58.480790340285395,4.62,Mid
TK,0.5661128199470618,12.329999923706055,36.545970955026185,3.0321401510214234,0.9031647825734003,-0.9931666944162191,0.8921302299186223,0.3244116958417657,0,13.68848246911401,-5.800778937131442,-2.2744532327993507,3.359981040985411,-7.307444355859259,-3.459634959237464,0.8825683307023917,6.99,58.14928649835346,1.07,Small
LNTH,0.5596754963619663,104.5199966430664,63.35717355701909,5.676627296520111,0.8653436044740382,-0.6573068822244043,0.04784065572456289,1.7145042809339421,1,0.0,58.55582455358723,2.2757804798698817,3.4178695871316376,-0.04781777938535202,-7.569357447630591,1.1797333822263387,96.06,58.07244785949507,6.8,Mid
YPF,0.5929959105289203,55.88999938964844,46.45452399037906,8.049064706709064,0.7821641880511534,-0.48111119013248055,1.6639833875743248,1.4134924389702668,0,1.1562490363563478,34.38326324657855,-8.535206280196094,3.841731121202166,-2.783096611718866,3.6560656653961847,1.1510446129089509,113.75,58.02634467618003,21.92,Large
WTTR,0.6103592598183583,18.90999984741211,55.584574029520326,0.18543066754330367,0.7012319780012491,-0.13773916261088062,1.3432031312487631,0.47593946752700805,0,9.219812469837835,49.160937507406004,-5.591392402114665,3.8430150189332846,-7.666014305858336,-0.2652562341007625,1.0052069641028252,34.69,57.94621295279912,2.35,Mid
CMBT,0.601161618269336,15.5,55.01982395649152,2.217821141779527,0.734436033381473,-1.081454335344406,0.0,0.37419719078356994,0,7.373847822516116,-2.7038430264850986,-15.167782080766049,3.3340338076654255,-8.798565099094205,-1.7557809175251644,1.0635595620816898,25.59,57.92755214050494,4.5,Mid
ESE,0.5869852503302085,313.739990234375,46.49898550696867,5.285409200621921,0.8085913644573199,-0.16262977247444174,0.8446465158924397,0.18486217578782535,0,15.07729201022168,4.642779857935585,1.1360657592834351,3.0928705828313166,-9.376089205089645,-5.708526990339479,0.880057605654367,96.58,57.599341383095506,8.13,Mid
TNK,0.574663715823303,75.4000015258789,35.29928569252105,2.803381142358145,0.6915707120245058,-0.6830075289810591,1.1007981621310776,0.1989410117258858,0,23.63244960077639,-0.13459781173286275,-0.46547716070954326,3.458695885560703,-8.750103999229529,-2.6178783997536685,0.8614170039324277,32.44,57.369923161361136,2.61,Mid
VIRT,0.5599981121814974,57.619998931884766,54.30118098769052,9.47661677527672,0.8765617864377797,-0.23475475957295314,0.2603289285958277,0.0,1,0.0,18.302160177507414,4.073471983526649,3.402122296062436,-0.25965297678330057,-11.872048098308897,1.0822343057809671,78.73,56.967069154774975,5.01,Mid
CVEO,0.6076825036807232,34.529998779296875,47.608876231454154,0.369149547819083,0.8422150433698669,0.24221993808294237,3.359397302017907,1.5638491743538818,0,12.656200343227608,20.27168192342143,3.8245235033506177,3.9292953546388647,-5.397263618216856,-2.923533621985469,0.97085500156954,2.71,56.91767288693743,0.38,Small
DHC,0.562210780089756,9.029999732971191,74.87166008145616,4.368930125429384,1.3789578509124496,-0.272772315594632,0.11074450915225066,0.9966688988372161,0,1.2750234369284197,34.75809832925837,-3.0092507505322277,3.7968648299159296,-1.2035077265603016,-7.522114139072011,1.0576427660252767,15.05,56.81997804610318,2.19,Mid
SENEA,0.6170565053920127,175.3699951171875,50.58600086415333,20.763263508295402,1.7473906911142332,6.509273289246415,0.41056123666873173,1.1404459460993517,1,0.0,18.63752295205617,-2.5631622931452474,4.376461193882474,-0.4088825235236308,-5.128040722293924,1.0972797972010686,24.87,56.51372118551043,1.19,Small
JBHT,0.5520093760213928,289.3599853515625,38.11608379049607,5.480720663816909,1.0041006480582462,-0.9531619702571104,0.10022413588683395,0.8086800028827492,0,0.0,32.54326205003042,-1.7945524458031616,3.0678558124815924,-1.4240045893796605,-5.5191106383103685,1.202759592251386,274.78,56.1635565312843,27.29,Large
AAMI,0.5686929425867815,78.54000091552734,55.36010627285468,6.964923527153559,0.9024904572511521,-0.48758846008533974,0.7766750741445416,1.0567886699375226,0,0.0,62.40292522161071,-1.8955298835915333,3.4753565740160077,-0.7706893222793049,-10.0711705337773,1.0672131631810888,29.42,55.748627881448954,2.8,Mid
PRM,0.5540607816866651,35.470001220703125,15.051624579223555,9.92996106544909,1.2751521642232655,1.1294298856744192,1.5224050810003038,0.7894067785450617,1,0.0,29.40533169597205,7.647059945274283,3.917797970419497,-1.4995754678838065,3.2457429383545557,1.016601691036117,46.63,55.660812294182215,5.79,Mid
CRI,0.5734730960229921,42.790000915527344,21.61810515380804,11.470690160445457,0.7772084237974686,-0.5283423485637875,1.5891570240961033,0.9815423572013883,1,1.0319322980462025,29.336657893167406,-11.255935775263437,3.942842889162727,-2.357230743824237,-3.371739633289809,0.8795724568882404,46.08,55.62678375411636,1.58,Small
RVMD,0.5928711416060736,153.8699951171875,89.07900375197299,1.4244346008480897,0.7464673283558151,-0.5502121751232769,0.5654191223625554,0.4744237022808463,0,5.91571343337204,29.69487180418512,-2.8500665498204225,4.3079507319130315,-7.585588518160147,2.4533639333890145,1.125385593463383,518.1,55.61690450054885,32.71,Large
SHIP,0.6064714623651685,16.540000915527344,58.61992100691411,6.699358329598355,0.7537901025658703,0.12596331143614103,0.7255074077103497,0.18138261779375164,0,2.2024042767577248,24.804360921030717,3.0567729492995546,5.03541164363626,-1.6061782211593958,-2.952026663248776,1.0754437863513406,3.83,55.60373216245884,0.36,Small
CLMT,0.6290156110471162,34.41999816894531,63.950702047167574,-0.14650681881486766,0.7700675176684199,-0.8300557108276302,3.5735026369360274,0.43578651701560783,0,17.92863401608766,-1.76941418483124,-4.91541337976291,4.252094157132351,-11.174198273401151,3.2957484376599218,1.0361862950858756,32.72,55.40175631174533,3.0,Mid
BWLP,0.5575678579571469,21.540000915527344,80.19463988333477,5.078922913352964,1.1354854236955731,0.03469090906277012,0.2785490408050357,0.20427401921134783,0,3.412244575469369,-1.7015918487150778,-7.833648664808927,3.4982572141870714,-3.1474769009143366,-5.099651937750107,1.2165141518989464,9.67,54.851811196487375,3.27,Mid
LPG,0.604136290470923,45.189998626708984,86.19317622670846,5.320805593834694,0.9629168846224516,-0.6925430592046226,0.08851718686005124,1.2613403676332802,0,5.150228560439072,-5.301765568361914,-14.976719579179457,4.048619381149312,-6.088945075128517,-3.896499957602146,1.086592053327385,25.57,54.54774972557629,1.93,Small
RLYB,0.6188095380103202,15.920000076293945,149.94737961340005,3.524515896334974,0.09244950704843109,-0.1343476265641395,1.3819052279294166,0.12563101549350947,0,3.3204279110692547,12.747876807338326,-8.233638797119811,4.933597088520641,-9.411627316075332,2.261899868918393,1.0997966683264149,4.72,54.40504939626785,0.09,Micro
TH,0.6160998179996768,18.399999618530273,103.73187416143577,4.825383959855392,0.8029849813200831,0.137631487200995,0.13586749482178329,1.3586956802686183,0,1.243053657647809,45.33965118363022,0.6543120950297399,3.8121106511606917,-2.7997922771961012,-17.693521310737754,0.9515665313104854,27.08,54.402854006586175,1.83,Small
PHIN,0.5551994748688988,85.16000366210938,40.23934039982877,9.423089943167648,1.2200307852637973,1.8496045633205673,1.7437681036647465,0.0,1,0.0,41.828838702984235,7.203017045395931,3.1901254080977166,-1.7138819764253819,-6.334376757786442,1.175958353643378,28.44,54.25466520307355,3.15,Mid
GTX,0.5835138930403443,33.560001373291016,93.62950674279016,4.027577056648783,0.9595165615374595,-0.4048840072686375,1.7580343078966554,0.6555459228069616,0,1.8036533656907199,31.363355271159477,-4.235962312658352,3.846452658029892,-2.4985381794855086,-4.354836371647821,1.3180488360460683,93.29,54.174533479692656,6.28,Mid
CRS,0.5653939719439662,561.489990234375,76.03463724664066,18.62172174337317,1.1871829428956475,-0.0155480605395433,0.19591384356337638,0.6073079135572477,0,0.8345604659243204,80.98270017065977,-2.0345502642410693,3.709517930291624,-2.267985249231785,-6.650671285692145,1.1241545126088572,370.79,54.17233809001098,27.9,Large
TDAY,0.5942308533836783,7.739999771118164,29.967344119033925,-0.43095350812499156,0.9157513463819617,-0.7118314971851851,1.4211842366391063,0.5167953879936713,0,9.142600291041456,18.34862104099532,-3.98899535865169,3.8944263490399527,-6.5217388792600435,5.211266063053802,1.0529894334110683,13.17,53.93852908891328,1.14,Small
DCO,0.5663320320704,164.5399932861328,69.44459488116692,9.688211212289685,0.9831276936999858,-0.1494373079331005,0.6989237888606195,0.05469572235461055,0,1.5190728029706313,19.111042430098315,5.719373559164744,3.634809356076505,-1.989523171024009,-11.199870282704701,1.0383308456664444,36.73,53.7596048298573,2.48,Mid
HTLD,0.5523214384257249,16.110000610351562,66.20925826682907,7.121487954671876,1.3053772411608822,0.39600979366201283,0.9931709580406157,0.18622399445701127,0,2.230524204648236,45.689959925557645,-8.675794214426972,3.2677154067488035,-3.185088934526828,-5.899142454786157,1.2713677920945377,8.34,53.60592755214051,1.25,Small
ALKS,0.591604529262888,44.279998779296875,46.222785861559366,9.026442265361547,0.9068673013139739,-0.5334557879742434,1.3775985256417678,0.13549584518156518,0,1.8359866245326169,25.22623872942395,3.675703401826484,4.065040885541455,-3.234264852469509,0.37090177158710785,1.22153337608724,90.52,53.59385290889133,7.38,Mid
TIGO,0.6112963238014643,93.7699966430664,86.13210322182512,9.579592521167204,0.8957012030374558,-0.13220436141350883,0.4852317877132815,1.3223823271278703,1,0.0,9.852385159890034,-6.306629519306438,4.376818249111602,-0.48288865844325257,-10.376935932929927,1.0930788123838313,158.26,53.51811196487376,15.71,Large
CAKE,0.5607541127661861,75.27999877929688,46.950570549728624,15.74326599646006,1.4219562788675566,1.1645475231462314,1.4080732940595961,1.447922895259014,1,0.0,21.50333579701496,-3.9293084479293783,3.6093797280138764,-1.6204886541453924,-6.274867027385149,1.1435863627667688,89.35,53.420417124039524,3.74,Mid
ALTO,0.6082910274582753,5.699999809265137,119.50580590211463,8.612801695935472,1.2000546753999892,-0.04632325794483293,2.631580708078205,0.1754426178019605,0,3.08077496948049,41.7910406938239,2.1459207700756306,6.817042906334766,-5.000003178081054,-1.6701445579637333,1.0302676922042542,11.34,53.41602634467618,0.44,Small
TVTX,0.6073577717991493,52.040000915527344,42.872885371976245,13.634379827813842,0.8838792425376921,0.09187735247865293,1.3066877271322654,0.23058979587115125,1,0.0,78.77018146208535,-1.4512544818040287,5.067393472528243,-1.2898336293965167,-0.06365518050436116,1.1907395058620454,132.19,53.246981339187705,4.84,Mid
WERN,0.5590006187670308,43.959999084472656,39.79691775098901,5.797692623505068,0.9307267398520809,-0.7972402031336515,1.5923584565559752,1.2738798231204034,0,0.7739394190969793,27.016722579028297,-7.187074183599981,3.2675804651099365,-2.893751623626098,-6.601544496832483,1.1032219463908255,46.59,53.11086717892426,2.64,Mid
KRO,0.6681582158813326,7.039999961853027,38.7518720631127,2.8879882918552675,0.7507316973331398,-1.2373829183754563,2.9829551030546897,0.1420419332023013,0,13.846737189455913,14.72722933573026,6.976740671144863,4.539384253226244,-10.137608004183447,-1.2422311613628974,0.8749558675539573,2.06,53.10976948408342,0.81,Small
FTNT,0.5892497625888339,146.3000030517578,70.7950363103011,6.463106290446621,1.024921444181218,-0.5006655373593197,0.05468341037958676,1.0184589624558968,0,3.6142777137277267,82.3280246085261,-6.236670002779948,4.386779586371949,-2.512163715892217,0.603817442452212,1.4842523917937436,911.26,52.86937431394073,107.19,Large
AMN,0.5984080634485098,30.799999237060547,84.3674210585254,6.130040769571046,0.8433635009914426,-0.5919824605137141,2.207793253239705,0.8441566081616824,0,2.8601398259543287,57.54475927599092,15.346533780401217,4.698515054740287,-5.289056569615176,0.3771535389798729,1.2180349340080658,31.94,52.61361141602634,1.19,Small
BAP,0.5836080546668054,369.54998779296875,31.223222263127525,9.701003508793066,1.8726640797962208,-0.5875726658339899,0.6223752858709436,0.2543640840086618,0,0.0,15.524077298553019,-9.939140476233021,4.304462155287967,-1.916288831704685,-3.255575421430912,1.077414171502015,186.28,52.583973655323824,29.36,Large
NHC,0.5773259945988074,197.72000122070312,39.21670014031551,3.4265413893502954,1.1472710712534055,0.15782400453242132,2.5794082905133084,0.6018624489446074,0,1.2067310039546273,24.993590085996257,0.9901023678435686,3.413919203034436,-3.579438420581032,-11.92631271265841,0.8926399280383986,22.58,52.46761800219538,3.09,Mid
TRMD,0.595112305820019,30.399999618530273,45.217702261162394,2.974636657758119,0.8394792888080584,-0.11231616143388676,0.03289549015458328,0.39145194091829216,0,20.68201737924239,10.021448112785272,-2.9467774017827986,3.3508355276777646,-11.95109245415636,-6.354872144828628,0.9352616080634694,25.41,52.462129527991216,3.11,Mid
LIND,0.6246285356675585,23.450000762939453,75.5717568928354,9.275616104197704,0.6659310649214506,-1.0055613578553748,0.8955184547182834,0.7675918947200168,0,0.0,38.83955956163694,-2.685942840880607,4.852269201004422,-1.387720412798392,-7.457625072612874,1.047244079562376,17.0,52.33809001097695,1.54,Small
VCTR,0.5521075262392835,84.83999633789062,26.93960939189386,-0.975725198887612,0.9511621853975547,0.6276455206791393,0.0,1.9684090535253662,0,12.110003624231343,19.61686110574299,2.354146852204654,3.0879136846842945,-5.931928105814217,-5.163394132536828,1.0645042855411033,43.03,52.153677277716795,5.31,Mid
OII,0.5949532635928644,39.38999938964844,35.84439201516354,2.0307714829992642,0.7044262695975865,-0.5922123144503133,0.8631636401309768,1.294740617981024,0,0.9715126096192603,8.872302535400262,0.6198390260697421,4.283174751238791,-2.0392929954591166,-6.051794866553135,0.9976333572311588,40.59,52.06037321624588,3.93,Mid
ATI,0.6192963874167472,198.47999572753906,81.02170140090337,14.741918442880081,1.2089470837363898,1.1326343387278666,1.5769875806997724,2.005237713216449,0,1.147179180651984,54.651707488317925,1.3286606168309518,3.9820513514669655,-2.5147397949233197,-5.54049909603775,1.2483262654871001,353.73,51.9582875960483,27.09,Large
DXPE,0.5758937022553577,168.91000366210938,53.374530476434856,10.720001033745813,0.6775215823407241,-0.585415775853545,2.5398100722851176,0.3256189922621708,1,6.767789595238481,31.36568770914461,5.568658303152979,3.7847731182257567,-8.156163178310491,-6.101316353456864,0.9747036645998808,30.91,51.94731064763995,2.62,Mid
MGM,0.575813991879054,48.970001220703125,23.14559905938889,12.579891655046932,0.6417866965723342,-0.02995287487087016,0.7964046965871685,0.428839889587036,0,4.68145638395251,-3.393169170585944,-2.309150889395927,4.1205985145126975,-5.078501500455132,-0.40783450476692895,1.0257154230685321,250.12,51.3622392974753,12.53,Large
AIR,0.55672056828815,129.00999450683594,48.35687068267747,14.201992596471378,0.952457652143564,-0.3302607899411644,0.767386664064954,1.6975447908210177,1,0.0,41.24151486626043,0.18409144823633247,3.602155837344989,-0.7615426870434209,-10.478582994556566,1.155447214627728,48.06,51.26564215148189,5.13,Mid
ELA,0.5956720362926937,27.299999237060547,109.20915739201777,9.691414854630075,0.8949431294189892,-0.044211370993670535,0.6959726716502108,4.212452932698221,0,1.0333793265419955,79.25147772039513,-0.2090269101127999,6.439037992010375,-5.536333572781314,-3.077820602488075,1.0565788325791814,2.84,51.177826564215145,0.71,Small
GH,0.5511813335124717,131.6199951171875,19.765403859352304,7.69941697979529,0.8199711351788679,-0.5999633225528501,0.3874865404508178,2.370456794490774,0,1.9998044649822724,67.45546777567507,-19.61280940166474,4.988386566249983,-1.9809381041636425,4.366432572971427,1.068669265760073,298.03,51.05049396267838,17.45,Large
PKOH,0.6240024518405453,34.72999954223633,43.92178604652743,7.795209264632767,0.9486237975298007,0.595994884445465,2.303481853101109,0.8925930396509956,0,0.0,12.613486933448929,1.7185495590337996,4.117478225697992,-2.2516162806743063,-9.61060304292816,0.9552889444821586,2.29,51.04610318331504,0.5,Small
SEPN,0.5909635422559015,35.95000076293945,31.716428269095466,19.714618635434206,1.056763176631781,1.0950141381924612,0.8623019527295833,0.5006962485417665,1,0.0,44.493577070469755,1.4124280467038752,5.643752774333839,-0.8549298757168087,-1.8875628584847055,1.1197111956145456,12.02,50.97804610318332,1.62,Small
KNSA,0.5604707695521262,51.88999938964844,19.487073201148554,1.7540751583847949,0.7097386363970177,-0.8209292341829004,1.1370209279559558,0.5781446147301602,0,18.978576484284652,-3.6397384214935187,8.353261552935619,3.8006223240249666,-13.328878711325912,1.6621633477874618,0.9196447248038678,35.33,50.9165751920966,3.99,Mid
LION,0.6294372207878328,14.319999694824219,73.92619402569834,5.16652332564926,0.7617500437988753,0.09314637167545743,1.1522343949570202,2.3812821963321795,0,5.040328747041534,-4.214047641715288,-1.9747235623494612,4.010874646472619,-4.565147713073314,-11.764704113307705,0.9644942139466872,53.95,50.694840834248076,4.16,Mid
MPTI,0.5946719752061755,98.61000061035156,78.26718102247074,12.443983799863629,1.698358639610216,0.7531532746459407,1.201701197897912,2.7583421598620395,0,0.0,27.965226750873285,-0.556190668696713,5.2654023920622555,-3.3235288133482372,5.33906315556878,1.4139275172046422,8.34,50.66739846322722,0.43,Small
PRLB,0.6081897200010552,78.94000244140625,42.01105908564138,6.390293564640938,1.2766399038724057,-0.01353903265794585,0.6840649845701771,1.3807908590905784,1,0.0,17.522710425987974,3.885902861573921,3.9596084197983292,-0.6794173285266244,-5.934974538943293,1.273241896931688,14.45,50.607025246981344,1.88,Small
LINC,0.6281712672523154,46.150001525878906,97.90116355897635,-3.9352186660697184,1.1258116088616246,0.08003855124688722,1.018412547033441,0.4550441868297902,0,23.922061186963383,2.3508568855187053,8.13885347948532,4.87850227987934,-13.73831490464245,4.076279030589637,1.1606622204257808,22.63,50.59055982436883,1.46,Small
ECPG,0.5707038085506426,81.33999633789062,38.51465800300433,1.012731319172091,1.042691979472309,-0.6697461314051494,0.7376519922816218,1.9301693699161917,0,23.033989395380658,-1.0703051200882374,0.19577102108835695,2.9909725571719554,-12.197758124012351,-7.7465749272273605,0.9698507808557287,27.83,50.5576289791438,1.74,Small
GRDN,0.5515925641964133,43.09000015258789,35.52319335340537,9.439090490902966,0.8055224619668848,-0.23522191090608405,1.6129025118287208,0.5453715700021764,0,0.0,25.298054425977156,-5.7899047354814295,3.643040934548342,-1.7443835312191265,-8.054233598995467,1.0614734132098844,17.58,50.5257958287596,2.73,Mid
ODFL,0.6299324230532507,245.75,48.132524133411714,8.607633355976906,0.9824810749853717,-1.1522561857259017,0.459818873980835,1.5788422717382349,0,2.0905059194808664,18.15725569191023,-4.466576467706998,4.015354864658421,-2.4917663808630035,-4.944142949940725,1.204884391453368,485.53,50.29527991218441,51.11,Large
PTEN,0.634195478535663,11.489999771118164,73.10446476096,-3.1896904048233523,0.8016487161701895,-0.7882645181347916,3.046130447443904,0.43516267821166216,0,16.03846208611532,43.589632960867384,-0.7425743949282124,5.4514021167360065,-11.36528951977218,2.0289887947472094,1.101659409108359,103.5,49.90669593852909,4.36,Mid
TWST,0.6043527578122511,76.16999816894531,123.87311373120473,17.36065327174386,1.2727088889501674,2.249310760701321,2.770120337463935,0.01312131689124954,0,0.0,32.677231094004405,-11.123700292105953,6.524877458776672,-5.378884262112917,1.4130011101915858,1.2367166743070024,116.01,49.86827661909989,4.74,Mid
MIRM,0.633480336768405,99.34500122070312,45.12418995572378,2.6742124820733992,0.6452400471269149,-0.46954117715486643,2.1541087758131994,0.3271473890381487,0,32.157420569616114,-8.991390721914414,9.623845299709288,4.4225402557619775,-13.605528249044083,-4.5761932740704845,0.9144998234943177,88.71,49.41822173435785,6.06,Mid
NWPX,0.6015542816500139,128.85000610351562,104.34030998832714,9.176415525888741,0.9565377193788416,1.0638265573463268,2.654247580067019,1.5133911410566707,0,0.9685365580562086,82.14590047179868,3.9725202014299494,4.355562723711397,-3.6995492042630125,-4.775596695579716,1.3601918465815779,19.63,49.40724478594951,1.24,Small
IMVT,0.5942235032226483,33.619998931884766,34.205302894761516,5.558952705388944,0.6710518901030217,-0.318613669852524,1.0113032819145213,0.8625845470913589,0,14.203257672527883,-5.455574708747967,-17.852217358100788,4.694272930656747,-7.344635322201796,-2.191231986771904,1.0138736111885356,65.63,49.23271130625686,6.9,Mid
HLIO,0.5709082369518669,84.58000183105469,42.1652024053849,3.5453717009759704,0.9309407226465329,-1.1182752658428203,0.49656911781496177,0.792147262275646,0,1.7925927307660023,9.037001629133478,0.2558487308741962,3.6584116050915374,-2.4901960870259043,-5.941746604139406,1.2392922443487007,30.61,49.125137211855105,2.8,Mid
AXGN,0.5899608314083353,43.0,34.79138391486589,4.017997686076984,1.2937558634522093,1.1876733079398685,1.2558160825925246,2.232564881738596,0,3.600516104513709,34.37499999892579,-0.8791223532004886,4.910297964102407,-6.174998293531185,1.6676633196501243,1.1049461993620182,45.19,48.67178924259057,2.29,Mid
ITRN,0.5882184483741714,66.31999969482422,52.42161633063158,5.937413890555142,0.7487492818004685,-0.32050048082720695,1.2062772247090103,1.1911955958242948,0,1.776695829942906,1.1746706440984842,0.9518975962123595,4.329657586875285,-2.8989798952192656,-4.574131780248241,1.260201484076188,9.47,48.656421514818874,1.31,Small
ALMS,0.6305514386551517,24.149999618530273,90.92778135307202,14.334408672527676,1.4626867256825133,0.02846373542259665,0.5797155246489126,0.18633572257928085,0,36.277904652150085,48.79852310035657,9.987816354826913,5.356403696070506,-21.078433602355638,-0.9238935153598724,1.0738575213164894,27.29,48.642151481888035,3.08,Mid
SPHR,0.6159908730750269,153.25,68.55064292428126,10.519351848317305,0.8759457764597618,-0.46908347678720236,0.8613424627798608,1.6443747291644333,1,0.0,42.65102817112268,3.4188673505784903,4.6953623124253525,-0.8539867125977586,-7.695519078962569,1.2071766336071343,104.59,48.61909989023052,5.49,Mid
ARW,0.5958514574336342,226.77999877929688,86.45122332239698,3.997230230628538,0.5872838957839243,-0.795443583463768,0.5335597144258895,1.2875906978790441,0,1.8957810411442892,42.98864442089075,0.6534769974656176,3.8385227435892295,-2.7946867497410715,-7.365469162690477,1.3065554198811917,162.37,48.567508232711305,11.6,Large
CASY,0.5770575412706297,895.1400146484375,59.66610843744482,10.223375213166982,1.4696423612458955,-0.01948191032937257,0.8155135144782502,1.0836307223769963,0,4.699573663611849,18.11663156152728,6.003554935530215,4.1692594027508845,-3.525350196491453,-2.930172574856691,1.502623121542105,599.55,48.431394072447866,33.18,Large
WTI,0.6396575059212602,4.059999942779541,126.1432643653057,-2.071707928189219,0.7486396746782026,-0.2764844366083284,3.940882995755958,1.477831123408484,0,16.19851284356228,32.12594459151754,1.1276169935800016,7.811400213543187,-19.899947253437492,7.973421555018054,1.0369267165398475,29.92,48.20636663007684,0.6,Small
CTOS,0.6048593153339106,10.65999984741211,59.910236531422065,8.476644969187596,0.9877216811197136,-0.44047158893067345,1.1257025071811513,0.18761261138605506,0,0.8123360848753292,72.21324310418044,8.42418601121107,3.9560422847593335,-2.5594126479462536,-9.969793588505937,1.1169395092462535,11.02,48.18551042810099,2.42,Mid
GPRK,0.5941240990122927,11.199999809265137,45.410377914289526,6.716549530265187,0.8046731459492413,-0.5057396223389312,1.160715327171425,1.0714275677853005,0,2.888555133453093,27.99757040769212,-0.020659025870281105,4.9298467307891825,-5.644482583800321,6.643750686962966,1.2867163615058477,8.67,47.909989023051594,0.72,Small
CDNA,0.5728057833405944,22.969999313354492,8.999420742555575,3.9366489250535674,0.9376067387626762,0.152663171566046,1.0230679582827564,0.8271599145858476,0,3.793864146353896,2.4531634039446923,-5.27086352229085,4.647054193720506,-4.807293359753203,6.60324706039784,0.9273587144703143,17.08,47.8814489571899,1.19,Small
PHVS,0.5816767057813252,30.719999313354492,21.235538689662814,1.4263051430695692,1.0521087115925887,-0.373338505346796,3.124997089515164,0.39062153178074416,0,13.598204189100239,2.983571545071694,0.5211721284386641,4.6375102202676395,-7.830790201727683,8.081497474966,1.0515752119401647,10.39,47.787047200878156,2.15,Mid
NPO,0.5603591301807033,334.6000061035156,44.16979557859726,6.260270511158436,0.9082412120079154,0.21313638804757046,0.815902850125884,0.9175156211024703,0,0.6970690139526172,35.07782282955984,6.322300504753427,3.6555866877934586,-2.1494387603776777,-9.681355281183187,1.1515926734450246,78.76,47.72557628979144,7.07,Mid
JBL,0.6092042466289107,384.82000732421875,58.93108958219062,6.350727519006657,0.8775883291464041,-0.4575489572741299,0.47295028573725556,1.200560009678253,1,0.0,48.80229780190082,-0.6069058149385314,4.550737446758172,-0.4707239952566554,-7.743783007305318,1.32154747041302,443.31,47.65861690450055,40.6,Large
DK,0.593342489898759,47.220001220703125,29.775142512346942,3.3667559418828583,0.8372641121808667,-0.9712380847974039,2.498941708272199,0.04235590268150887,0,4.4101814552065886,79.15932136364212,3.6392771859220976,5.014520638880413,-6.17921815447031,7.389049676481883,1.1211612029917455,57.46,47.571899012074645,2.89,Mid
CAVA,0.6245053895564716,90.98999786376953,62.894017717329234,15.98691910651172,1.0775201532444725,-0.10044109740017435,1.4562090435543882,0.04396188203762089,1,7.357348292989379,6.209874878566972,-6.807728419521836,4.515252782259125,-7.895539001308875,-7.499378814484715,0.9793914339077194,273.6,47.49725576289791,10.6,Large
ATRO,0.6038593711454546,80.0,77.3722330323668,13.140836974050115,1.6102709532932225,0.6196725973838241,3.687505721999804,1.4608383178528332,1,0.0,75.21445714276621,3.4095117873507252,5.172432490757534,-3.8942860609512215,-4.341058526616059,1.2509765867001952,51.18,47.30076838638858,3.44,Mid
SYRE,0.6192963874167472,80.79000091552734,124.59871968038073,9.611901480497224,0.9492098184810424,0.019944263675799233,4.134179885374758,0.08664400795903296,0,0.0,27.690849266205337,1.7580988819704515,5.600941186640988,-4.311263030259854,-5.8691182868516085,1.1639239744868104,99.36,47.229418221734356,7.02,Mid
FSTR,0.6072084653648896,42.369998931884766,49.19095535710794,4.7815695115292245,0.6960836263789144,1.856703900154778,2.6669839428251745,5.593577983419137,0,0.9139064394664622,2.9897898892918318,5.10839567018667,4.2364883680541014,-2.5977036048028905,-7.035711833157625,1.162042591866539,5.28,47.05817782656422,0.44,Small
VSTS,0.5975452877808514,13.1899995803833,75.46675411773288,5.279958065159857,0.8126296259483811,-0.28238054466423046,0.0,2.5170567800180335,0,0.9836666901561928,9.91666316903445,4.601482465571339,4.638794730805145,-2.4408348090436958,-9.846546853265094,1.1135708111733986,19.91,46.9714599341383,1.74,Small
XPO,0.6038651307675938,228.3300018310547,43.29070547335068,6.306306856693627,1.1101801926601587,0.09810594624120207,0.7927112267642653,1.1343215158363922,0,0.4454754014784603,6.571762814930675,0.9632671846912423,4.325820505620002,-1.6031032845353435,-6.702617317242927,1.2140244472845896,342.84,46.88254665203073,26.81,Large
ATEN,0.6023029620595896,31.760000228881836,64.15184617102223,5.0664113160226165,1.037850207887253,0.23584464962906404,1.5428144213566788,0.03148686652850551,0,2.371425224216706,48.31375517092424,-1.2870955279816774,4.565490550426821,-5.137393479152448,-2.5747608912527067,1.4620170721487005,33.64,46.79253567508232,2.29,Mid
BWA,0.5881304558053422,74.51000213623047,63.62894051877217,6.422631863220257,1.0918995047007718,-0.3455240561408968,0.7247361428507073,0.6442133178972895,0,4.056917504812613,66.35129302193926,5.740136890328257,4.823822389860907,-5.4681522141925205,-0.7330077062722188,1.481175512881279,220.09,46.70252469813392,15.28,Large
KALU,0.6159908730750269,190.6300048828125,72.5217235846354,6.30449570572586,0.8226709789382314,-0.8593928624678502,0.9914490590294941,0.8445683098696061,0,0.0,78.92811797918098,4.757080313337854,4.492246800458163,-1.9544246958265423,-8.41919945135962,1.1990891623239033,48.33,46.68605927552141,3.12,Mid
CPIX,0.6336558639802051,5.599999904632568,115.5058097168119,-1.5124887179354292,0.03857973586955079,-0.12021252397697635,2.3214306541355794,1.249994571496545,0,2.041329878576544,43.58973762202118,-11.991872831684939,7.308673618182151,-15.279882122968132,-0.32258034734411695,1.073239537382607,6.76,46.66849615806806,0.08,Micro
PLXS,0.6125314333086409,295.0199890136719,71.54974610490774,8.385926489553016,1.0180797459333044,-0.7316588407860701,1.3490648547648723,1.4609171307302184,1,0.0,49.30160926140274,2.212216017611629,4.216421171971452,-1.3311073532825466,-7.793646270277558,1.4014984748921817,94.38,46.65532381997805,7.89,Mid
ESLT,0.6239952143163469,854.0599975585938,62.48470112736078,3.591108005551787,0.8849921932638943,-0.5033296341074095,0.0,0.6662298266708386,0,39.949873826240704,-15.709476055415731,2.0155783226539215,5.07910107962463,-15.85299214745269,-3.562622232371524,1.0388856425274406,99.55,46.63336992316137,40.0,Large
BHE,0.6101604443708086,89.93000030517578,75.7021257470403,5.022831762142017,1.1028195107693877,0.04121863771405006,1.412205758637356,0.9785358060957735,1,0.0,103.43512909243695,5.274039299343039,4.606757015280422,-1.3925402253831534,-8.5529719546017,1.2494499065782212,38.15,46.61690450054884,3.23,Mid
ATEX,0.5935086681301577,82.5,273.2735028877097,26.430000322087672,1.9488080456276065,2.8509083463382345,6.133339621729633,2.351518110766951,1,0.0,139.5470478753851,-5.969624040653483,6.721125350886094,-6.377669735985387,3.9631787594773504,1.6969719969587223,32.03,46.58177826564215,1.56,Small
SNX,0.587242732247217,280.6499938964844,72.14359499790348,9.563638031535511,0.8907238540687483,-0.09853777167729479,0.22448063299891885,0.7589541881802238,0,0.0,66.74150054889094,1.5402998188958108,3.999898375709228,-1.9563340099549562,-7.069628640970219,1.4933880909802404,221.53,46.451152579582875,22.63,Large
KN,0.6048835804328127,39.779998779296875,58.5083294380923,6.447595797095859,1.0631998173995205,-0.21998010151905326,0.7792895495124048,2.086470693328734,0,0.0,79.91857838245969,1.9209316867012383,4.514114051533567,-1.3392879950424939,-6.559882782916349,1.381442709687392,37.3,46.413830954994516,3.4,Mid
HP,0.5682048265045471,39.25,22.263786183811373,-0.12849687964075282,0.8600288393761242,-1.3361297389048448,1.859871445140712,0.025473430657193354,0,9.763020990165058,15.269996006780662,-1.1990256223124534,4.158326167209893,-6.145384298223314,-1.9687352001122034,1.113641938493591,43.88,46.26673984632272,3.92,Mid
MOG-A,0.6182987055101686,395.1000061035156,56.992822270917706,11.877539785625476,1.0776964139559437,-0.13798211572716537,0.35939835186452074,0.3290352544826288,0,0.7739021388263162,35.698286675812376,-0.4176755188772593,4.037314864084009,-3.412700224505421,-5.536227269836632,1.3887996961066993,109.1,46.26673984632272,12.52,Large
CMP,0.6420956722448036,31.459999084472656,73.77695297117964,2.4255227702484667,0.7524252107471233,-0.48811260087353514,1.525751632353391,0.06357424775929993,0,7.8158155524077735,46.32557713492744,0.995352498758271,4.620380707560366,-8.811596856345588,-7.5278027886329895,1.0195076942826755,20.89,46.065861690450056,1.32,Small
LAR,0.6365747697783849,9.640000343322754,78.32753113596792,0.9107120500548112,0.7530363704144923,-0.7072684112642715,2.2821504719556933,0.20747362084328827,0,16.22157102319839,54.240005484485664,6.3787992662707795,7.328096854074734,-19.999998415478338,-0.14164630257039856,1.0227992143082136,28.03,46.0384193194292,1.58,Small
ZGN,0.5923721718087511,14.699999809265137,32.85197072822008,4.063428321172964,1.9605824139182058,1.5326984497993517,0.0,0.544217175092683,0,10.63352150127057,2.0833347129258417,-5.2839121460243375,3.887268780430981,-4.792744761537525,-6.353596278153066,1.1012296218492141,14.02,45.939626783754115,3.94,Mid
SKYT,0.6124282947399862,36.61000061035156,80.50942232949652,-0.33484760879163716,0.5574743932903501,-0.578175880681941,0.2458348841436089,2.3764073533292214,0,5.541851068899264,13.168477085112206,-3.2942499028366603,4.881179483475679,-8.314549635279443,-4.714551398095574,1.1711970026494938,41.83,45.90669593852909,1.8,Small
MITK,0.6167505280803046,16.450000762939453,69.72901590182907,3.2156898261270093,0.9358981238039018,-0.5969636577700677,2.3708284430721975,2.249245118848192,0,5.649211398203939,11.828692863099288,-13.190862210585374,5.623100788537476,-8.458534270509736,-2.909088134554055,1.1588833913206242,18.39,45.89352360043908,0.74,Small
ARCB,0.6102359254068599,173.0399932861328,127.04253826775351,21.5232494092442,1.723054559095913,0.20267342526571147,1.202035316542835,0.7454885206752583,0,2.0713750343924633,67.15070833026802,-4.634148078614499,4.436627441662384,-2.0657700519661217,-9.592617920043816,1.3496950388256368,59.04,45.835345773874856,3.85,Mid
ESOA,0.664319654640432,16.700000762939453,82.86203246492609,1.8758632864054159,0.582367610385796,-0.6518343675128088,2.095799150362019,0.4790414374040009,0,13.427285523137607,32.0037091111147,-1.3203188359116051,5.491873618334825,-16.248744654854654,-7.24085226737215,0.8083623122068623,2.28,45.80241492864984,0.31,Small
MG,0.6236629756040599,18.649999618530273,41.909040888549896,5.144465218916163,0.775475825602747,-0.5015098585896782,2.6809652021461714,0.0,0,7.443894468739488,45.70311984505153,-1.5348301102102158,4.009955498070977,-4.652351084927512,-10.419397959604112,1.0288801986051581,3.19,45.64983534577387,0.59,Small
PSIG,0.6105147920017445,10.300000190734863,136.16139779293823,20.348193358111484,1.9751891926267091,2.9185051379371134,1.3592173499256697,4.854368841674588,1,0.0,16.38417792769058,-7.83216692632004,4.753814072214254,-1.3409903760732484,-8.373590622359202,1.489056720853016,9.07,45.54116355653129,0.16,Micro
TNGX,0.5909115297156642,30.940000534057617,228.91039670095682,32.655908014600655,2.943562205112161,2.281277115217193,2.4563678595308747,0.2391706646009234,0,1.7134868421841039,0.03233180983783953,13.067952915957761,8.415827833545869,-5.641965019089889,2.450511626846663,1.36784869111945,116.11,45.525795828759605,5.04,Mid
ESI,0.6125494896127986,43.70000076293945,50.61604184608306,5.409182756750728,0.8002527128070465,-0.6129858397249114,1.2814589217486951,0.8695676463896204,0,5.611682829516715,2.872533868811104,7.346196254207997,4.140020726047018,-3.81688791135082,-7.336795787613093,1.16369396088612,129.21,45.491767288693744,10.65,Large
ENLT,0.6218153605754002,95.7300033569336,133.67633291708134,0.3737974160140973,1.088924783745292,-0.6290065568953882,1.2117371691481398,0.50140573561286,0,14.604253269530801,36.69856493681316,0.294049928077581,6.1032507030613585,-11.891392533251862,-1.042691068100524,1.2654673234851648,18.02,45.446761800219534,13.37,Large
TBN,0.6189970144570172,40.369998931884766,48.709857348238494,15.448407448806304,0.875020328508697,1.875251219547321,0.0,1.3623959663088479,1,10.771938057250118,12.92307393498052,3.8134413182882168,4.70469465068035,-22.67764864964794,21.444447834809914,1.1914567723862295,9.93,45.42480790340285,1.41,Small
FCFS,0.57562100828116,224.88999938964844,33.78255752897608,0.7675514010493648,1.5584875955939426,0.1651999367882217,0.7470354124782714,0.0622523856230928,0,12.032153685444214,2.971614319829346,0.369863209735133,3.9063544026908072,-4.5192655874613985,-4.728307091095505,1.25146476258525,86.28,45.410537870472005,9.86,Mid
PDS,0.5876936869503151,95.87000274658203,26.686305948050016,1.0972346794773031,1.0497396361668945,-0.8002056396092401,1.637633931186902,1.262124804208555,0,21.259401831906846,-2.372702926726656,-2.425022856917212,4.230430877572704,-7.639691784156545,0.6863264232081225,1.2266871906622303,11.34,45.31284302963776,1.24,Small
AVT,0.6048835804328127,90.58999633789062,72.81517061062628,4.351553276409389,1.02381502017373,0.128358340304027,0.24285376928388025,0.6402408931450222,0,2.2491207077222093,52.492170428317884,3.772930201485388,4.0170481926262065,-4.542862101726802,-6.405986304787076,1.3742072271429442,124.79,45.23161361141603,7.43,Mid
SNEX,0.6125314333086409,130.69000244140625,93.52044059907281,13.333045487298175,1.1824350147286211,0.9030292746156062,1.6298147088574517,2.4485399712593883,0,0.0,87.52151787890526,2.5654352183296796,4.159241705765891,-1.6036777332778183,-15.502719553909808,1.3681300742001041,88.91,45.18221734357849,10.36,Large
MRNA,0.6350494893002788,49.90999984741211,63.43140315222142,4.502768913249595,0.7598294061068654,-0.7561075220854138,3.5463844182319404,0.5810477187099614,0,37.33971332070322,-3.7786757755841163,5.536679043163541,5.822909866194719,-16.188076428197782,-2.498500960372365,1.0790201581031447,322.76,45.090010976948406,19.8,Large
NBR,0.634195478535663,101.62999725341797,69.61656503420635,1.1565851756771943,0.8767107814529613,-0.7273269888679912,2.16471970586527,1.958088701097111,0,10.847738524302654,41.3294285598198,-0.8584927224455714,5.2164009219104885,-9.982288857434432,-4.512228379445808,1.1217624139714304,32.39,44.879253567508236,1.5,Small
PBF,0.6513286551120275,41.88999938964844,25.38448578209651,1.3132750760178122,0.7001517709452428,-1.1860518503039381,2.625930543851774,0.2387259256935773,0,36.11911744532232,44.08975407111201,3.886843226832222,5.403608584241105,-19.177165002736317,12.019967604209022,1.0007424031903882,122.82,44.81558726673984,4.96,Mid
DFTX,0.59645174637297,24.75,91.42503623918772,8.007854846682653,1.2612740616274178,-0.19932756882368996,1.373737990198599,1.6969700051594976,0,0.0,94.88189268314089,-6.08898929167216,6.112554751089297,-5.714285714068027,-3.98058096893059,1.308015813058748,48.08,44.19429198682766,2.7,Mid
XMAX,0.614722512790159,8.100000381469727,26.957324495295133,-3.2489210152934023,1.0338732646186075,2.186699631315989,1.4814799986774017,0.0,0,26.846084522318904,-5.813953229806849,-3.990325337362656,4.488536498863613,-8.2672655544856,0.13831575178521638,1.201854749351556,10.33,44.07244785949506,0.52,Small
BIOA,0.6211934880513249,18.040000915527344,33.77711070303755,9.300214950861848,0.9684002132033783,-0.31054167227294494,0.27715761929224786,2.1951213321972194,0,57.09649511817435,-4.550257779445942,10.553034278715169,5.857222214200256,-24.833329517601346,-0.33841722976188715,0.9914058391466278,7.11,43.81997804610318,0.8,Small
SM,0.6335587140726496,31.149999618530273,47.99204200797911,-3.801273090237794,0.8271253144230857,-0.2975900705498467,2.9855609113437223,0.4494362483415935,0,12.89614088768561,67.63215414973267,-5.992979311182654,5.287429444957215,-12.585780299355246,3.966100328772061,1.2518480189698666,134.24,43.762897914379806,7.47,Mid
MOV,0.6115200362025448,38.68000030517578,79.68161858212264,15.658865346896214,1.7932797304840817,1.3269626249670854,2.4560515910538214,0.0,1,0.0,14.037745474056521,-0.10920809251358404,4.758716232841746,-2.3971757186749496,-9.765142376272271,1.248207372174608,7.9,43.755214050493954,0.86,Small
FTK,0.5958976944650146,24.639999389648438,39.139118511745984,12.79468716426812,1.087045766622779,-0.45403995905947336,2.3944811979655,0.8928543782269248,0,1.5067864800937285,34.204785240661145,-0.14634481289777737,6.235505786671189,-3.5238899513762383,6.172845101959983,1.4496378155424792,6.96,43.72338090010977,0.89,Small
INNV,0.6322220726993257,9.109999656677246,68.3990074728441,20.438917635945778,1.424915403645458,0.3770925249750922,3.6223922733954734,0.6037250666098037,0,8.827706112290375,17.09510810836737,0.8075362605342331,4.171241060835825,-14.780168246756848,-5.8603402302915235,1.173063955825914,2.56,43.514818880351264,1.24,Small
BFLY,0.5998318033388185,5.539999961853027,73.14515938283431,18.718525847029852,1.2200089785009431,0.04438427885674079,4.693136349964545,4.602890183226576,0,1.0745141498089954,18.62954756230342,-9.268295687491964,6.909488511113958,-7.202677443524538,-1.4669912109149184,1.293597117363548,27.62,43.073545554335894,1.45,Small
PWR,0.6069146384741074,707.739990234375,44.69670249049032,-0.5023106764761872,1.0006475802809076,-0.18349499370986938,0.31932769050868276,0.5680079671509097,0,22.44316212986748,-2.752247105445294,8.097892852183659,4.187675845458979,-10.270682696104252,-3.9374274402983835,1.282646493807898,780.33,43.00109769484084,106.2,Large
PDEX,0.6262128922405215,62.20000076293945,37.89319481151825,-2.734230061502285,1.9775873434409479,4.225033424618172,1.7363373276368517,2.186496131266971,0,21.874573029102333,-4.30769113387303,-6.751916421788693,5.562699424489756,-9.842002190142784,0.235345641556147,1.1852535714797916,2.26,42.95828759604831,0.2,Micro
ASML,0.6125314333086409,1863.550048828125,58.579034979285716,12.463129740662568,1.450198412265564,1.0865751533892152,1.569584890858063,0.46255774684471035,0,1.3995835606508233,31.42578213273024,-0.4727007206144545,4.6677808740042686,-2.098762866921671,-6.536446602148314,1.5202695631023433,3416.92,42.928649835345766,718.25,Large
MTRN,0.6125314333086409,247.25999450683594,85.81575578687388,11.817978201327213,1.2893968235516309,1.9485460700630726,2.6207276268958934,1.104099242974199,1,0.0,34.60723626710702,0.4595167002269725,4.238975373075025,-3.842272528089854,-10.181860412232012,1.3199862082932612,68.06,42.80900109769484,5.14,Mid
DOCN,0.5977659798969476,170.44000244140625,228.144167957187,4.145281505756154,0.6241304339401078,-0.4809673844356821,2.308728879491441,0.786198262548973,0,4.278087881582989,90.69143844036263,0.03155795132233517,8.24592581845699,-7.600565847388613,0.581663018304696,1.4747360750972707,703.66,42.754116355653125,17.79,Large
KEYS,0.6107240060587861,350.6700134277344,56.309843722082654,2.860516532012285,0.9803391128461667,-0.13443201285603584,0.43630727484710125,1.0528376942999396,0,7.968067841216462,16.3161737590204,6.63808624263501,4.095669580831348,-5.269122714495884,-11.42009609495509,1.1677209148277046,505.54,42.51701427003293,59.93,Large
BLBD,0.5803293597049167,71.54000091552734,32.02830642081902,2.7497109849598624,0.736066915174105,-0.8667931021371827,1.7472742297815962,0.5311675266280027,0,6.638287055216935,0.9881488054967918,10.531397618640998,3.797074866590338,-12.231629197994135,-8.306384796650503,0.9861049666647552,31.47,42.46542261251373,2.26,Mid
OPY,0.5946670682160885,103.41000366210938,37.697590689225976,7.666602359157899,1.3476653363041875,0.6192622120323288,1.5085557521842208,1.0153712263505683,1,16.780763642551406,41.265746951976055,-1.3746120156340813,3.6035462902617157,-12.749828096696515,-16.50853872112182,0.9761899820534309,8.45,42.4357848518112,1.11,Small
KB,0.552094503939746,107.80000305175781,17.059042375489717,3.867075279481251,1.3721707573297615,-0.5013761014951602,0.8905371588930553,0.0,0,22.032448702418968,12.104824195336406,0.8129318488522731,3.218922952358426,-9.949040283770392,-6.575421137511313,1.077723980353441,22.58,42.41163556531285,38.24,Large
ABX,0.6036578831398366,9.59000015258789,12.134749162569847,6.066473562459515,0.7114818449460242,-0.4234806855882242,3.128260541504003,0.7299238133800225,0,13.123216491332682,7.995495821136249,2.1810229834169905,4.417546368346321,-8.97009690006454,-3.8659817248411534,0.92865532831002,5.16,42.3940724478595,0.92,Small
MUR,0.5993348478101921,38.84000015258789,10.215114474265219,0.9854150338530314,0.9468930536356472,-0.8786026308448984,1.2615903103222117,0.10298896850969405,0,16.48803115159585,27.379511493870822,2.187141333758257,3.968662264892167,-9.60450899308283,4.399482220307983,1.1078512047458509,70.52,42.37650933040615,5.57,Mid
MRCY,0.6092042466289107,120.30000305175781,51.50049253887412,13.74811197540297,1.0297575884900259,-0.43520741305490324,0.8894427827694802,3.8985887966681427,1,0.0,55.990662301330914,-1.9143283978360022,6.116257401287134,-0.8816014423675503,-5.993315527590181,1.575921667689425,71.01,42.367727771679476,7.22,Mid
KLAC,0.6175436478622811,254.5399932861328,97.49014571369592,26.675381886204345,1.405066768731523,-0.12489653695331095,0.15321733320252756,0.6285873126863584,1,0.0,78.71620278769956,2.557337878794285,6.016090624627502,-0.15298293682646713,-13.64750094635755,1.8637371323206795,2601.64,42.159165751920966,332.5,Large
PLSE,0.6281712672523154,24.3700008392334,63.12554005666442,-3.7101393789646644,0.9996037495201624,0.291817867579558,5.66269640207934,0.4062409822435798,0,22.725996815228143,17.445787176187665,5.682660124697008,7.650506031012913,-14.581141770576735,16.413376351626844,1.2055694061193334,7.87,41.94291986827662,1.69,Small
IBKR,0.5844318677070425,90.80999755859375,27.99841974356849,6.001582696761107,0.8667806008498983,-0.3794192178561283,2.5217497820375323,0.5506001689647406,0,0.0,20.052254482941212,5.040777456902277,4.22113320431974,-2.4597217540656517,-5.919596207464779,1.3379118124707075,445.39,41.91437980241493,40.45,Large
ETON,0.6388596406536068,31.59000015258789,84.01038663526637,1.8161885137414124,0.7317699159579268,-0.7131549596425498,2.0892682627516503,1.0129778197797008,0,8.749144603047624,78.98017470001854,-16.822433475878164,5.512594185095845,-11.41334748212415,-6.861197670237086,1.0812853865272851,12.55,41.869374313940725,0.87,Small
CSTM,0.6116974145196541,35.599998474121094,87.75718989283459,4.93581129891074,0.7405503108816527,-0.49709603660779533,1.1516850139716608,0.5337147459122292,0,2.745597748364282,36.97575524149273,4.358206222176341,5.7644456177683585,-3.757780863030607,-7.869691224260499,1.2113931730175285,80.59,41.81558726673985,4.85,Mid
TECK,0.613674043963678,64.83999633789062,40.00878954672935,1.512347353146363,0.840643533098713,-0.8308612344734109,1.4343003665747784,0.4472562182323922,0,9.004326675432413,42.94531628084701,3.6697270181140955,4.481360578572649,-8.99649636774654,-2.7830002514393675,1.3467890881198032,201.89,41.79253567508233,31.76,Large
MKSI,0.6182987055101686,355.69000244140625,103.74201032587351,10.95781659460847,0.9606309314526048,-0.5497703836332725,1.028986937214241,1.0880247098916238,1,0.0,52.54618398602785,0.20713043329249828,5.973945389568433,-1.018506636965209,-11.56551866239712,1.3998874357689364,410.32,41.785949506037326,24.02,Large
PRE,0.6172826058771992,21.6299991607666,42.76454690398093,15.478553281437332,1.4231275549088833,0.9263007726035695,2.7276938301078655,1.6181248036680034,0,3.0077330650098157,38.565020090366396,9.494031050098142,8.583647394172537,-8.463817481788173,10.730712386867424,1.1420876065831755,4.99,41.73655323819978,0.37,Small
RES,0.6048632362210614,7.190000057220459,15.58550748875458,2.6849480027444885,0.727894175855572,-0.9236890206955988,1.5299044871166465,0.2781638492985452,0,11.422676692494814,33.15316745107623,-0.8474568279325523,4.410888633739904,-11.365871834536094,0.8941881521678037,1.1104055691659107,13.64,41.71020856201976,1.59,Small
DBD,0.5548081933316004,81.72000122070312,13.276042226899754,4.619680640163219,0.6230435053732137,0.16268226399703745,0.5996057959423989,0.23250420774074743,0,32.53575034634982,-3.301385451389336,-0.8216181413953164,3.442242080615507,-8.231332487110658,-8.8204972328311,0.9198893411932294,39.31,41.67398463227223,2.83,Mid
AMAT,0.6175436478622811,567.25,98.17983867999358,21.255984636423392,1.46990581572402,0.2059311727053923,0.4759827601633302,0.802113317401627,1,0.0,121.778981986322,2.8756002942297108,5.913743670758436,-0.47372789704331963,-12.439239815274046,1.8357460005384958,4116.56,41.619099890230515,450.37,Large
TECX,0.6298157754485978,30.280000686645508,41.704230772729915,4.60677653905279,0.6814229401762218,-0.5675524004191732,0.33024594402302626,1.6182290620557613,0,15.439498331359673,43.84798947116433,4.295298026927669,6.701735538739184,-15.958918366091574,-1.0071457407952904,1.0877092249570919,6.27,41.53457738748628,0.57,Small
GCO,0.6192963874167472,42.5,70.07724782727354,13.381709482887395,0.7468926750925182,-0.34957233452004943,1.5764662798342304,0.7058805577729131,0,0.6837805152435594,45.29914529759661,-11.461580625745611,5.472268497242648,-2.5229323683320124,-10.384612844882838,1.209027339254108,9.74,41.513721185510434,0.47,Small
PLPC,0.6273735075845692,375.4200134277344,51.54159136239327,3.1258921888057034,0.7085324836254152,-0.5499388136567438,2.3626857386150735,0.2077669680348412,0,5.1233866411026385,28.524479829831368,3.660299292380411,5.602486175587771,-5.516681711412897,-9.381646790904604,1.0417586075524028,50.9,41.38090010976949,1.84,Small
COHU,0.6097540550974563,61.33000183105469,133.43875596998552,18.088786397924487,0.9985381946497642,0.20706372744738302,0.7663417446046952,0.9946202382676926,1,0.0,6.494185915076427,6.760616054782338,6.680486720915793,-0.7605136113276904,-11.250791531354087,1.48589355990897,89.2,41.32491767288693,2.89,Mid
LQDA,0.6125314333086409,71.2300033569336,109.46787807179727,15.3914744303903,1.547680871126331,0.03812558934291535,2.077770121815136,0.814266185191871,0,1.6522053111288613,98.63358099158978,-4.502532913910882,6.139064908117909,-2.035477576886345,-7.606080547631092,1.6040172577646785,111.65,41.02524698133919,6.33,Mid
BJRI,0.5923890248713228,52.619998931884766,28.608464567127868,15.90691120203668,1.2944282339863797,0.4366749690213684,1.7293802087924537,1.8814098894837379,1,0.0,27.162874754391254,-6.423778108092722,3.9406536078027776,-1.699981072570207,-8.361390553273267,1.3439607679064205,18.94,41.01207464324917,1.11,Small
CADL,0.6216708136861223,8.5600004196167,39.092022809411645,3.0704431262038865,0.8065293332015754,-0.06833744070720192,1.8107444550805825,0.8177534040258339,0,12.688106750235415,67.67875390710533,10.998878066739097,6.667222048236086,-10.55380676394612,3.614454369740483,1.210520073554402,16.81,40.98792535675082,0.63,Small
SSSS,0.6264189078640254,13.699999809265137,34.362952126737945,-0.7821565987639149,0.6942095882272271,-0.1988598519792388,0.9489059579658642,0.3649649009294083,0,17.17090689193442,41.52891918324239,-4.47761491422161,3.8112620028093716,-8.54472477970888,-12.609453333073176,1.0407001020182092,4.8,40.92755214050495,0.36,Small
BKD,0.5813368477839155,13.430000305175781,19.899697433969976,4.3552611754841,1.333658344665965,-0.3754785204990221,0.0,1.116899591292609,0,58.779668703442134,-10.167220892174702,-1.2869044344448235,3.8719287954573254,-21.416031682385476,0.6493448855442244,1.2296570279820886,47.11,40.83205268935235,3.21,Mid
SYNA,0.593547268643628,138.44000244140625,61.80966502889864,2.295820128183112,1.1005180846461133,-0.7813185605864552,0.3611672863181361,1.7047100322996376,0,5.573346268711936,51.35017010315567,-1.964865985300774,7.039666883263747,-7.155789769430809,-1.9564592630227455,1.3313111118872523,126.07,40.81668496158068,5.35,Mid
CAT,0.5822739981784637,910.5700073242188,40.110375208296254,2.0038498118143058,1.1632506065507477,-0.6325426052522344,0.9235943504481746,0.6633183586933711,0,6.674525809710446,31.870071538251317,5.897498448612019,3.9054823837412274,-3.82962190795711,-7.770564521317877,1.3587172266856926,2305.88,40.79582875960483,419.4,Large
UTI,0.6281712672523154,39.13999938964844,49.96734462739134,-2.419567823334267,1.595525236069628,0.022322021852547638,2.120597455228874,0.638732764159755,0,31.403618682679767,-2.0765619356649125,11.807232592194781,6.681144128504424,-14.429387945958855,4.150837639502616,1.2643200388981697,41.52,40.62019758507135,2.16,Mid
CROX,0.5870099259312366,124.70999908447266,34.58749531749466,8.374211790575362,1.032237030936068,-0.9084410610793351,0.3127250360904446,0.7537506601712018,0,1.7300646502947996,26.660573069082094,-12.114034787274662,3.969781210546514,-3.6616438590014817,-22.008137777329353,1.121309821713447,159.89,40.333699231613615,6.2,Mid
FNKO,0.6441177930483447,5.380000114440918,55.530208695188236,2.8779071731367436,0.9219031146694922,-0.39322505422234993,1.6728652538423723,1.3011184044489577,0,6.137121139671374,2.6717623933437995,-0.9784679565856113,5.2681894949306995,-11.658456818407139,-17.187498248399105,0.9114147888550945,3.86,40.29967069154775,0.3,Small
CTS,0.6132566503788155,66.12999725341797,39.57042168380005,4.107299860513413,1.2993877855756262,2.035328048874627,0.31755495719248156,0.16633995904818166,0,5.39929563181089,51.13872909862043,2.2515925068996143,3.9910547648678394,-3.5865275051455767,-10.218829279875164,1.281083862464122,17.71,39.926454445664106,1.89,Small
ODC,0.6077892268275479,94.44999694824219,90.82492697825381,15.84621327322937,2.2462848379078446,1.3161545715634035,2.2551586259580696,0.0,0,6.4227510532895025,-4.199208381566131,3.896264013651169,4.3235260347399125,-4.624863059137924,-10.456824266583698,1.67100577049136,7.14,39.800219538968165,1.37,Small
INTT,0.6516592013548028,17.399999618530273,114.29710349325657,2.1696338327842652,0.5985360729994076,0.28050530873211366,0.9195393730498753,2.241375851587322,0,35.96365921947317,-7.936508096275189,7.4074055381651265,7.97208559197424,-13.000001906698632,-8.577402573657437,0.9438387685686276,6.36,39.780461031833156,0.22,Micro
XMTR,0.6216859016902219,86.98999786376953,33.530299839704305,-0.6697025750028484,0.7467410835462566,-0.6299400068561927,1.5519008015378233,0.8966534066473063,0,7.015440264680286,95.74707594732014,3.4341007467996594,6.2457915261158705,-12.888045932095697,2.7880840487106417,1.1970854676193838,77.56,39.7628979143798,4.81,Mid
MLAB,0.6158321281479884,105.4800033569336,25.168992732241424,1.0904912889300094,1.8247835864962887,4.008358052864289,2.7019324833067833,0.30337474842348894,0,14.500867371077113,-3.255980429309893,-8.567159462742932,7.051590169690253,-7.46556247586885,-4.940087949500398,0.9560311883933822,16.79,39.72228320526894,0.58,Small
DNLI,0.5953087535296616,21.65999984741211,14.784130114478277,9.344236086401482,1.2203996421115413,0.6642057197803577,2.262233492832115,0.46168228148467677,0,7.335846203388526,-3.6048041417826457,0.4641575833741213,5.112450417678156,-8.876737777148987,1.9817041848624963,1.115022425373375,37.04,39.7211855104281,3.44,Mid
WCC,0.5799653356820635,346.7699890136719,17.334354776687988,-2.6437200493929898,0.9722251096650779,-0.7689201315480806,0.5190813413991013,1.2255962553380542,0,23.106493506493507,21.74583710334156,4.7843021285642715,3.8678800476569983,-8.104140261615004,-6.0397931056057725,1.0990120911495174,200.16,39.69923161361142,16.89,Large
CVGI,0.6248820518246874,5.400000095367432,218.77855131304446,5.078810747099386,0.7386255546971136,-0.09847334929542784,1.6666606323076736,1.8518500527405188,0,2.3892102638306696,166.00986058193914,12.862319573761635,6.931215875316521,-8.163265470233636,-13.352273608620763,1.065573596716966,2.78,39.586169045005484,0.18,Micro
ROG,0.6097540550974563,151.05999755859375,56.238640778881745,6.752032049280576,1.0057195903455673,1.4910329931189465,1.3769375510774247,0.0,0,1.5205849862327085,13.57894553267516,7.302392915204425,5.0330028931410284,-2.961393116558538,-8.96831578086892,1.2960928653743897,40.36,39.555433589462126,2.7,Mid
ONTO,0.613727408099691,323.8800048828125,83.86788175951392,19.938232640752457,1.2523928595983966,1.6673612109724465,0.9509653346369832,1.3894034618204705,1,0.0,30.554660791671928,5.709025765254902,6.412318297274341,-0.9420071729722235,-16.644627474880092,1.3777326516234283,358.01,39.41822173435785,16.11,Large
LFUS,0.6039041514844976,472.1400146484375,69.22654801006342,2.457054983733957,0.9754204564405814,-0.5245117947586031,0.6756410862986627,0.402428168574795,0,7.446918511384418,6.015081181839573,3.3314209235544157,4.643144037520023,-5.679523794822644,-8.925682278321306,1.3042855620619536,147.22,39.267837541163566,11.94,Large
BAND,0.6183758846305484,65.33999633789062,319.1235980848685,4.332408347559967,0.9164969052692368,0.1630335977414739,2.494651016443836,2.9843906828914295,0,10.420811300033881,77.50609589633332,-12.360849577532127,9.324525817540263,-14.003693799431732,2.3424432187504265,1.861154685426207,66.97,39.25356750823271,2.09,Mid
TBBB,0.5612087477280703,42.119998931884766,15.570608775531225,10.888792425378039,1.1135403002477755,0.07355425021241845,1.4007601318509388,0.0,1,0.0,11.369643764262955,-3.8236083221718395,5.194343654109782,-1.3814098928149423,-7.5293473949676395,1.0878967988590649,27.16,39.181119648737656,5.08,Mid
STRZ,0.6121210565628807,28.05500030517578,128.25686333777242,13.506025125663518,0.6593636789314103,-0.4424940238924851,2.566384977711078,3.6891813798493294,0,0.632280768700777,155.0454573056848,1.0031975268197773,6.158565805153925,-3.258619637212526,-20.000001601133356,1.2401376439341611,4.55,39.08781558726674,0.47,Small
WEST,0.6057409704701873,9.5,118.7785501377175,15.165474920688935,1.242413848818387,0.7461399637478148,2.842110081423692,1.7894644484393079,0,0.0,15.151515149678604,-2.6315822492501604,5.572180640428587,-3.1106608429545246,-15.222484733458206,1.3477058283881926,6.7,39.00878155872668,0.93,Small
EVC,0.6170244957198213,9.65999984741211,199.51619392155143,7.464676943401876,0.7550203256942064,0.17682052579657093,0.4140782865498953,2.277435512226967,0,3.349722530103695,25.617682383314932,-7.466061492592116,7.386868443206902,-4.545454973353542,-7.718121393429205,1.2704610763593132,27.19,38.992316136114155,0.89,Small
PKE,0.6227010612715093,35.65999984741211,72.83151033317972,5.081698797612765,1.3553338327409457,-0.19119320188114955,1.4862556969990428,0.4206436525982925,0,2.593426469341422,11.892058074231777,4.070944274463517,6.335630016847659,-6.649216923380504,-12.346776780341802,1.067997890152469,8.95,38.9198682766191,0.74,Small
UCTT,0.6059062024364651,108.9000015258789,278.63700718530646,23.683942020769702,1.1635697354186014,-0.17913208753050713,1.2396680029319234,1.3590480589371676,1,0.0,79.4660530280114,6.714512163366196,7.542962483146,-1.2244884118901123,-14.614171305749188,1.459629735167982,116.97,38.80241492864983,4.88,Mid
WT,0.6418950630733475,17.969999313354492,45.890686871482856,-3.1762747513050984,1.1043575801361265,-0.5187760377289562,0.05564957853864648,1.0573207640906483,0,17.09854025352561,29.39499943375612,3.180207863296021,4.5830341491839635,-9.471037944037185,-9.536973731331484,1.09953992975554,56.71,38.79363336992316,2.75,Mid
NVMI,0.6097540550974563,583.0499877929688,65.63895906061497,14.158668688777468,1.3795905874157575,0.5337703602046113,0.9175948431687958,0.7683698760890948,1,0.0,22.551281281495854,10.719099984110333,6.558860145870341,-0.9092515973996268,-10.842397436266339,1.4422892009868618,220.97,38.72557628979144,18.54,Large
ARM,0.6212400900068529,380.80999755859375,160.59144528816208,17.48191706612659,1.022108949073029,1.5456535850760214,1.310362192787259,0.8087987689408369,0,5.890081653742646,142.44603030489063,-30.516416186443312,10.624439473460125,-11.023620587442805,3.4016953028257015,1.9437246380924227,4160.65,38.70691547749725,405.2,Large
ABSI,0.5989374647650799,6.800000190734863,62.790451862237994,14.540786260592581,0.8646832603705173,0.19280069465139452,4.264705201119128,3.499998667146213,0,2.7864035073491484,40.206192248326715,8.122740293907741,11.056722903864483,-7.98375759581003,6.34920766873484,1.3945822341461127,33.13,38.60592755214051,1.06,Small
ICHR,0.6059062024364651,86.80000305175781,359.682721651629,21.792942998923134,1.1944092239509876,0.28392800914848976,1.5022962894426137,2.741932223172141,1,0.0,91.73846294042723,12.333917833582069,7.911288201121682,-1.4800613822161084,-15.477928254486223,1.3709496588233907,87.9,38.59385290889133,3.03,Mid
ZD,0.6036368289855542,46.2599983215332,19.33117986736843,3.6441202603107334,0.8891213389121323,-0.264895777278239,0.626893484745512,1.8374455677494568,0,7.474182706996639,11.523623027802794,-2.708031309000921,4.329566106619721,-8.486648823324371,-4.951433778417689,1.1343141954138278,26.27,38.57958287596048,1.7,Small
VECO,0.6107852097381496,77.4800033569336,131.9775715125375,26.350468619338013,1.5965949969288147,0.9249369736083821,1.445527966762559,1.0712465088835068,1,0.0,24.947597893707567,2.9742844781701243,6.759346658495972,-1.4249302021831551,-12.373813504398322,1.7002439745819011,117.82,38.53567508232711,4.73,Mid
CGNX,0.6339903455376557,63.61000061035156,59.77241919494103,-0.41443530532883094,0.8852724008440067,-0.6269001989873342,0.5973920208506036,0.2829748521393021,0,16.950667366376678,8.726557173037817,2.6232095997616174,4.572507090606063,-11.411071023202094,-9.262260510048433,1.1489474385402951,141.51,38.42919868276619,10.59,Large
ECG,0.6265082386729798,148.8300018310547,46.13438686247506,-0.2536700768509622,1.010967228297072,-0.4472121803709402,1.585702198011578,0.4703332255764467,0,18.526171701888305,14.396614026668342,6.472627972708396,5.470382217861102,-13.257601291935606,-3.939389754275923,1.2584274799634088,91.6,38.39297475301866,7.6,Mid
KLIC,0.6125314333086409,113.12999725341797,121.65848422088492,8.546095682355105,0.84384612510741,-0.11478698098524133,1.8916286056613212,1.7590364289448595,1,0.0,70.90954084113584,2.882121342605067,6.2999584044756505,-1.8565103252812452,-15.87206467418981,1.4581227982382465,90.84,38.38419319429199,5.92,Mid
DGII,0.6147179433934652,68.68000030517578,37.633473755287405,3.670271547873644,0.9883966920956441,-0.6165284642896284,2.067557021862192,0.495055279221632,0,1.7679181608369818,56.58914580224713,0.26471218578529343,4.471044808568866,-2.980647807646716,-10.900566981289213,1.2575588622525222,21.43,38.36553238199781,2.59,Mid
QTTB,0.6136600922409996,12.640000343322754,269.94894730824865,25.07421591894682,0.6507376167672171,-0.07661257816904798,7.99050792222072,1.0284818900286457,0,41.92648829909422,-1.6342414933579277,11.99999999808,16.670433543587546,-14.882154755738963,19.47626892016484,1.8051507865049903,10.48,38.307354555433584,0.21,Micro
ORKA,0.6397089485390235,69.88999938964844,114.08543212616615,15.088839850220074,0.6685699118039445,-0.2354411865829053,1.716979480189768,0.915723844939784,0,7.672052597864049,2.628488921598556,8.153368974456733,5.740653933137478,-23.197802868263278,-26.115403706100082,1.0027263953031516,120.59,38.098792535675074,4.22,Mid
IESC,0.6144601860695341,749.8300170898438,50.75949268406366,7.906211213912642,0.8680828495392472,0.17409308704162763,2.244502843455587,0.10134946763229943,0,0.0,97.17320998200722,7.081079382283022,6.008504647950518,-2.3658831914235146,-10.720257093146556,1.249760688963764,158.35,38.03622392974753,14.94,Large
AIP,0.6097540550974563,41.0,100.58280855392267,13.898382447983442,1.0190079425057093,1.7783517494664205,1.365857007993554,1.8536637468583712,1,0.0,15.330522868491578,3.8564505109425378,7.084320148109143,-1.3474527304453654,-11.452993254397208,1.4865817521746136,38.52,37.92864983534577,1.89,Small
CSCO,0.5898932119028297,121.0999984741211,44.03880001883324,0.24004521734364553,0.946850862811566,-0.4315909806873995,0.36333810647953435,0.30552858946857225,0,6.543495760642958,56.80127481320352,-2.311086468565486,3.9406624260360705,-7.110529255341806,-7.302278256545384,1.6001802492970483,2804.06,37.9264544456641,477.31,Large
MRX,0.6102359254068599,61.959999084472656,51.27100581207602,11.104135464739684,1.0626790351385031,-0.07274036619867447,0.6455802643365306,0.24208798159393385,0,1.1785968770202866,44.33643746172216,4.802295777493779,4.6983074167225425,-2.746821574510178,-16.09756244907264,1.339636593382975,65.71,37.851811196487375,4.46,Mid
CECO,0.6086968709858922,96.73999786376953,57.4690942731978,15.533207629099726,1.2611625644167341,0.1140885762864737,3.1321054849850585,1.0957179884120882,0,0.0,61.233329771928666,6.273235839858033,7.128826505966949,-4.444883539024602,-5.723571777250684,1.320255443764838,80.53,37.79582875960483,3.47,Mid
SAIA,0.5940327341752842,482.8699951171875,30.269529800303417,2.9403444366253066,1.1675025166600592,-0.5860760525317019,0.4721765283301194,1.1410959101478995,0,0.8403207833251128,26.524991243839217,0.22643831251946128,4.563930403427672,-2.3933206408550607,-13.184740729543467,1.2106643171856222,212.02,37.679473106476394,12.85,Large
NVCR,0.5817980633647891,17.780000686645508,25.999008142023005,3.0396154947836123,0.7782679483804344,-0.388059147953832,1.51855196835087,2.103490072282628,0,7.487901589337283,41.89944984149181,0.8310228524219636,6.34139490257343,-6.025366728283266,-1.4760133315971553,1.3280013404097284,27.83,37.65422612513721,2.06,Mid
AVR,0.6244795024973908,9.149999618530273,63.17560245278359,2.5324923523881986,1.1092714211468013,-0.20512695886862864,2.2950824795526414,1.0928899667051981,0,8.804835355086814,50.99009413230359,-24.13793103115339,6.782199984544668,-9.763320425790402,-3.5714295310898416,1.3733958138193882,8.91,37.64983534577387,0.89,Small
LRCX,0.6125314333086409,366.80999755859375,109.76891419230196,15.508880330797231,1.3532515105636789,-0.3790691795889736,1.9110738017673903,1.2267931708346929,1,0.0,113.18247873342497,-1.032925422338312,6.223540753156058,-1.875236645513834,-16.553315692051854,1.647555462849343,3483.52,37.589462129528,458.71,Large
STAK,0.6145027362933557,7.71999979019165,1562.501394272965,153.9473649043957,0.48692901429836755,-0.1663416962732898,3.626939644359381,1.3989611989234454,0,0.19626447527359658,628.3019057213513,-25.00000335821847,21.07235491410662,-18.736844311799803,13.93443214491213,3.5754765937389377,24.4,37.49945115257958,0.15,Micro
BELFB,0.6145848802579513,293.8699951171875,61.66167539428158,8.0694434461781,1.1040331671445498,-0.08495477987197014,2.5147224184848858,0.43216015066836466,0,3.959642185158019,9.355108511510776,3.099771796696183,5.4137151065226075,-4.671227952649979,-15.740742063165428,1.1904864641819117,77.69,37.49506037321624,4.18,Mid
SILC,0.6156568175735455,46.45000076293945,204.08994432634023,6.085349742359048,1.040790402258285,0.22305327386478094,4.004298740718792,0.0,0,12.79366109077429,139.8038138824353,16.123972723325963,10.333691503073176,-11.658426881944616,-3.2863886759612444,1.332485687127607,6.58,37.46542261251372,0.27,Micro
CERS,0.6200661067221009,2.559999942779541,26.955546978904966,-4.67324697926291,1.001733791166968,0.11922527631057994,4.687504945820232,0.7812492720990468,0,41.18369443507154,-5.882356032680491,-9.163347404611066,6.556920188553976,-18.730163001209952,-2.1390353866117557,1.0861184056571414,6.05,37.357848518111965,0.51,Small
POWI,0.6251012519821619,78.37999725341797,101.69005116065166,0.7742113941864195,0.9308942246165083,-0.006562013990227542,3.738199040330572,2.4623633232737765,0,10.615330956899049,115.75773040211179,1.660382206962909,8.358521588453307,-11.932587355576073,-4.143602494951382,1.2730102312991045,98.24,37.29418221734358,4.37,Mid
CHRN,0.6117872507473051,18.360000610351562,270.8446571580882,4.7227951318749355,1.4213066186127432,-0.08834505949779568,4.738556116097651,0.0,0,1.9225953042867516,73.53497865796686,11.272323934435535,16.11344529958195,-23.499997455889325,24.694828682844587,1.7097026454124795,4.81,37.274423710208566,2.63,Mid
ILMN,0.5830922915635417,160.97000122070312,10.822392622161804,3.5200164566820367,0.9967147614285423,-0.4573856092612487,0.09318127312292755,1.0126140712190856,0,8.517823217959238,19.431668406599584,-1.1100225334432883,4.555417940557092,-9.169393910381011,2.3375180831170597,1.22937064262396,273.31,37.107574094401755,24.35,Large
HYLN,0.5921539601438927,7.400000095367432,272.9491061657272,18.999760424325085,1.6918699068198513,0.8771056232195067,2.8378383163813616,4.594596596759404,0,5.816046239852474,23.5392383621188,-13.821131273657228,13.79729588228566,-7.151815680775496,-3.4285681568717337,2.174846284407079,28.36,37.01975850713502,1.32,Small
STX,0.6154122224051037,931.0399780273438,204.33566162583867,9.400389770853607,0.7639801594244766,-0.3482969905053938,1.6325842676723938,1.2942503090454738,0,0.5851992950105727,215.53212084056534,-0.7082872083423002,6.094336539394178,-3.6988012222902182,-18.351766589237855,1.4720312379434475,3660.98,36.880351262349066,210.65,Large
ACLS,0.612699105560329,180.1199951171875,90.8859357572183,14.738170076527817,1.1682092890453966,-0.14618490404023937,1.9431490644353178,0.9438135655770576,0,0.0,119.63174054889771,5.648357409818643,6.72527842292634,-1.9061104961620414,-13.328442511443333,1.4902839199637545,121.12,36.75411635565313,5.54,Mid
ROKU,0.5982594707377332,143.66000366210938,27.8573727853868,14.231192307889595,1.9461368601958136,5.957946571813357,3.63358004148762,3.5848487854430204,1,0.0,59.51588669325454,0.6118368314629932,4.872616912452803,-3.506180178309954,-5.4162268777125515,1.5323098740366148,394.38,36.74972557628979,21.22,Large
DDOG,0.625518027965314,229.89999389648438,43.5560771139762,-0.6493042448142363,0.8065888134921771,0.03774207971014059,0.6002631228550026,1.1591967624501853,0,9.162553069301078,21.81423149511561,-7.49358963842965,6.596593333263928,-17.51134533897242,8.165496723219663,1.5426488637532207,1395.11,36.67288693743139,81.84,Large
NVT,0.6072473709471516,165.83999633789062,44.34636378330921,-0.09036918763689089,0.9340023637627881,-0.9653835377728662,2.4662395604024456,0.5065101039764315,0,11.843916364216263,4.354391044949062,5.972636806503684,4.9935830223754305,-6.831462731483742,-6.077851034944988,1.40970826960724,346.31,36.66739846322723,26.82,Large
PDFS,0.6135599002443763,64.13999938964844,92.8240751790273,24.41806248013426,1.303302069546539,0.07009932822597748,2.1203626804989484,1.2316821375625475,0,0.0,39.283388603482145,3.192176830246068,6.596062622005657,-2.0763368096653423,-13.502988369338093,1.5053730777430647,49.33,36.642151481888035,2.69,Mid
RCKY,0.6270569352784205,40.099998474121094,25.821876415399192,7.632886640014834,0.6260537617305452,-0.4889829941065595,1.0473865327031282,0.29924921807469784,1,34.05192140771719,-12.139777000374831,-7.998782417114712,3.9200613140784997,-17.01087565476784,-13.007508918137706,1.0132122932947036,2.52,36.60373216245883,0.3,Small
TEO,0.5581805663080533,15.260000228881836,18.25000188060306,14.32852855346656,1.7233198843269977,0.6652570303699857,1.83486685732295,1.1140240742660965,0,4.778420130518015,-4.505627871930935,4.351329318687475,6.216064189190697,-6.609546594581343,2.278484802102593,1.3310959912096234,7.05,36.49945115257959,6.57,Mid
GNRC,0.5978463620337531,262.3599853515625,49.01315207709387,-1.0156557303942968,1.1339550399755252,-0.8332495086360108,0.0,2.54230190674582,0,12.253770137607148,22.033573025646678,10.380121509574353,5.784309545156919,-10.816509659506226,-4.1647792810812305,1.40680794570967,216.12,36.45334796926455,15.44,Large
TTMI,0.6182987055101686,194.0500030517578,141.24842701065654,8.70174250688629,0.8636176272042749,-0.24640432851255634,1.685134872980083,1.9943366735863406,0,1.1867354580426182,101.12976399145303,-1.5593227501562377,8.221740065389417,-3.3037621417008007,-10.764314741485428,1.2808820288586398,454.76,36.44346871569704,20.15,Large
ENS,0.6306095252054327,224.25999450683594,40.645074854399724,-2.3627831620026645,1.4383775660514886,0.8075742686096208,1.6320359189081715,0.20511525298465674,0,18.64014282264857,40.9928486224311,0.30046371740977357,4.652762909417299,-8.203032457840017,-6.572586529419004,1.3219094601631398,90.43,36.428100987925355,8.19,Mid
CMPS,0.6301763075095644,12.079999923706055,72.07382280481573,1.8528271121848479,0.6527961858278709,-0.17411698236254436,2.4006619508326192,0.2731787464924878,0,8.131706733724881,27.695558929356334,-9.133712593127834,8.355013183735487,-18.157183356610535,0.7117431078369263,1.4037148799643466,55.58,36.357848518111965,1.63,Small
ELVN,0.6219919895590803,46.130001068115234,120.21181697041048,17.76268999332258,2.8304235915538873,3.8464673845702007,2.6663765743110557,1.6583554561428717,1,1.399173517354122,98.40860674034903,1.9266522649892397,6.393732413907556,-4.945390009274093,-20.6403785337016,1.2616543744677733,49.5,36.333699231613615,2.81,Mid
TEX,0.6147994704820294,63.79999923706055,14.721516915375933,6.59146734591409,0.9969868244717448,-0.613406918516981,1.4576867256735693,1.7241355599654589,0,23.13079123788377,8.740627706210532,10.328641785924496,4.176187794535029,-10.285178912061923,-6.81818571229836,1.0381003318475766,73.98,36.171240395170145,7.29,Mid
TBLA,0.5910891397562213,4.739999771118164,7.967719457751232,-1.8125368165278364,1.062397071114069,0.5833653668544474,1.265831698339657,0.21097530300865674,0,29.79961048877653,-9.021118301292013,0.40404003420441376,4.005425136706259,-9.885939829613914,-3.715166712486642,1.124488647630795,11.92,35.97585071350164,1.3,Small
ASTI,0.6185426027880802,7.679999828338623,166.7746283467544,17.66508176058432,1.4894972129737003,-0.0973904918651492,3.255208405669056,4.296874102072385,0,9.684555843863965,51.77865444010433,5.399999617450273,23.446801598280846,-22.188450682788663,3.350518313738373,1.7586488520476231,16.42,35.92425905598244,0.07,Micro
STRL,0.6136600922409996,858.989990234375,150.5420392723296,3.543792487543774,0.9942326065634635,-0.3209827478552605,1.622836424157457,1.3737049240510233,0,11.070380573777111,6.574440475720751,17.46397811649219,8.164405006772311,-14.586151013203205,-3.4085748677320504,1.7055971671776256,541.24,35.77497255762898,26.36,Large
SN,0.5718094434082279,133.8000030517578,9.630654192876031,12.730170644862554,1.1074840726278605,-0.37086106633301275,0.7473841384037163,0.8893889493687291,0,0.9898478612924841,26.668566250636378,-5.16401339622494,4.259661687923428,-3.043476049428807,-7.95379978451975,1.0918802533061533,279.95,35.771679473106474,18.94,Large
NOVT,0.5633520640888279,160.52999877929688,25.31426326552011,0.7610579326131343,1.2369296367721705,0.39773816140364204,1.0589901957009433,2.672393520667838,0,8.133642403650567,0.8417591037951179,0.5330433467738326,5.3167635066783525,-6.587143975621482,-4.266279720489774,1.3521146180953436,72.59,35.735455543358945,5.72,Mid
ALMU,0.6168612755962347,25.200000762939453,34.85052839102447,6.012645442628703,0.5109735520978786,-0.17500211132672444,3.2936503910498414,3.3333262689470766,0,19.390809266524915,64.16938199375419,12.532833772125812,12.271258464913533,-20.729789124233108,16.49806051465612,1.1238089993598035,48.51,35.73106476399561,0.46,Small
SVCO,0.6156568175735455,12.170000076293945,181.26773326891265,13.637425650120466,1.2918368188755491,0.08274468095715894,0.6573535184713247,7.641744447569232,0,7.025217066495911,141.94830153572016,11.152769685447062,10.117384556879525,-13.932109045667518,-2.2284168252411476,1.8701064969022323,5.9,35.67837541163556,0.41,Small
TWLO,0.6103364318875045,204.0800018310547,42.709784773491144,0.02352700787041536,0.7511418502681925,-0.8265091677341591,0.3577007648891557,2.8714232446812615,0,9.78188167515603,11.3123191378425,7.442936141188356,7.004220552220203,-14.424687400465139,4.315502524170042,1.7046312031989137,585.24,35.654226125137214,30.97,Large
URGN,0.6256806200915159,29.719999313354492,25.440011810322606,4.741931400707806,0.7906739145312505,-0.4963479476532126,5.265816184934216,0.538357507077165,0,5.0525295214949795,13.219045002751626,-0.6738505846619036,5.345366670592788,-8.1865916153557,-8.394931930676705,1.0341362458063807,24.32,35.6410537870472,1.45,Small
SNDK,0.6086365094236308,1980.0999755859375,741.8450604592248,21.94543477885673,0.8547979881883189,-0.6803974718336585,2.0983813615678075,1.306499441247615,1,0.0,243.6182170209981,-11.53668298072077,7.827862917521809,-2.055254288642118,-22.929573041974752,1.5540815255409273,28009.82,35.578485181119646,293.23,Large
TXN,0.6226705327759371,301.1199951171875,59.186493070671496,-0.32753291314639077,0.9889253636245728,-0.6629302261829741,0.6342998449371361,1.04276839192527,0,11.414224387779665,7.2352347913529,3.1735724934699205,4.717863259866483,-9.167148427835206,-9.516041845056636,1.2831298671020528,2391.37,35.55982436882547,274.05,Large
MEC,0.6076637375681831,35.47999954223633,78.14442013358416,20.758311072436065,1.8429213340927746,0.9165627993798429,2.874860402747999,0.7609934082288989,0,0.0,48.14195578923374,8.90114329705038,6.029554488787169,-2.79452180201569,-14.397320940724315,1.6233810881804152,14.58,35.427003293084525,0.9,Small
AMKR,0.612699105560329,82.77999877929688,68.73515841209732,16.910899813040693,1.24059215403152,1.567760358775521,0.6281762262899523,1.340895140507334,1,0.0,74.87772819680593,8.58648112583908,8.21360394133912,-0.624254806007143,-18.606142025255647,1.4538157254718973,411.4,35.341383095499445,20.52,Large
ORN,0.6069808363602862,14.510000228881836,18.230708471163215,2.6965821067577,0.7800720878488171,-0.7436303264998156,3.3080601973239045,1.1026867324413017,0,13.743709140468061,22.758042328951525,11.369504697282213,5.124544023594411,-8.454259433772288,-5.16014177460036,1.1307901921708507,4.84,35.23271130625686,0.59,Small
RFIL,0.6141166207396724,18.75,191.9865937838477,5.437776566851982,0.8999343507468687,-0.10953842904044322,1.973337809139547,3.893330891719439,0,2.680045371259052,160.05547710396883,1.8681326281125739,8.708568754650297,-5.159334517422961,-7.6994428959999155,1.37897301051369,4.17,35.21514818880351,0.2,Micro
RELL,0.6456668774999036,17.549999237060547,48.313113484379635,3.5673140098650995,0.7965755175057467,0.12046127935515305,1.5384642135945168,1.9373228908781657,0,7.131459673235245,3.4787746721829964,-5.25714329280785,6.292223864268935,-11.631426496385236,-29.64959264685537,0.9814989847265561,4.12,35.07135016465423,0.26,Micro
MYRG,0.6158204788126974,445.7200012207031,88.29168603513085,-0.36381065437868054,0.9932172575344347,-0.6398714454905743,0.9602438229304375,0.419544806618933,0,15.532929420095995,10.105976608467246,7.210352662600994,5.747843175815646,-8.043983190288346,-8.890118363574757,1.383395115435876,127.48,35.041712403951706,6.94,Mid
TSM,0.5882850838490392,423.92999267578125,29.27277950089153,1.4848929265056838,1.0482541369318272,-0.637891116370928,0.7100251969951875,0.6699210687968321,0,5.110749716903708,24.727811586949695,2.530406523372265,4.4410026042395145,-5.60628211687607,-7.028028090772829,1.3964343754012774,5642.45,35.019758507135016,2198.7,Large
MRVI,0.606629444901492,4.980000019073486,25.01787770330757,6.194691253989334,1.060426029795997,-0.11467390720445192,0.9638621586321011,1.3453797588734593,0,8.32777940472414,2.6804147828939495,-4.428905801064415,5.109007832782099,-6.037738869526916,-8.362370000804615,1.1121797315369215,12.6,34.94291986827662,0.73,Small
ATLC,0.6136677178085646,92.37999725341797,36.78022307978217,9.640738795330073,1.4224441316206071,1.746174791423276,2.8361147699176104,1.5479544789739568,0,0.0,9.002946611596387,-1.6693709023397723,5.748770658819698,-2.757897627952055,-17.085794287626545,1.2164887112338074,8.4,34.66410537870472,1.4,Small
ELMD,0.5572865284804797,37.13999938964844,18.915761647045404,-0.8238013227937921,0.9499009755739576,-0.37059496123771674,3.2310198778344734,0.4038710652736545,0,11.37849118898388,47.0308751094662,-5.69863515341836,5.713901720789746,-7.150001525700158,-3.213531674876749,1.28909196998153,2.03,34.58177826564215,0.31,Small
AYA,0.6135542871375097,18.709999084472656,24.38933047650016,1.5247673709640226,1.0791475397969554,0.5509033505011912,1.1223997973593913,1.8706595327494362,0,26.49798280544407,-0.7953421050719506,20.261438547745218,7.490266361242324,-14.95454961535363,0.06123838902599349,1.1735855784958795,6.2,34.543358946212955,2.68,Mid
TWN,0.6259534635256077,94.79000091552734,71.20842366599342,-0.7257824822647315,1.8082672984232946,2.180549964748434,3.344232659873938,1.8250905582932162,0,14.833445115135252,-5.474668857742559,4.80008757016953,5.593565635495513,-8.371190225325842,-10.487574685316769,1.2998232026387493,4.64,34.410537870472005,0.54,Small
ADI,0.6001088801346158,417.7900085449219,40.75684067092777,1.7523114693232689,1.0980418068710327,-0.6528017351318885,1.0627354294228464,1.3284229390413578,0,8.449848643359864,5.246672483220333,9.976809822235387,4.827474009006128,-4.98294361014102,-9.60134859729702,1.3934281898921486,1694.55,34.408342480790346,203.5,Large
NVEC,0.6097540550974563,116.91999816894531,57.09056182330512,17.512850733825825,2.3111067684705526,1.1111306190762107,2.121111354559606,2.0868991443702063,1,0.0,11.172387757403067,4.439134889431347,6.999291425704765,-2.0770547112390982,-11.35998100676267,1.421590290502455,16.75,34.26564215148189,0.57,Small
RRX,0.6217383927530868,212.30999755859375,30.577176377986937,4.0255947282059985,0.8863267679498663,-0.7178201082154918,1.3423724165069488,1.106867727256668,0,23.723840958684388,6.363917469393346,5.299452808539264,4.717831652505406,-10.17135939243057,-8.501404848196888,1.12858569251244,229.3,34.083424807903405,14.13,Large
BELFA,0.6072473709471516,261.32000732421875,63.50945851831149,7.279287107764394,2.101421819849621,2.968246693574191,2.736106572806744,0.7959654950013533,0,4.662729599856289,-0.04972456559269822,2.518575937886959,5.754577561516048,-5.390820242368794,-19.085848266038255,1.3107441458864908,26.21,34.042810098792536,3.32,Mid
MTSI,0.6273431308993204,379.8699951171875,95.48476634905121,1.5251338320589463,1.1087975013014049,-0.33775684400217837,1.0687860612235454,1.9164448029205035,0,9.585531310823075,92.29055390940147,0.8108210896208751,6.7872848721254595,-9.317259333464808,-8.000525834759454,1.3121169838838327,528.32,34.03073545554336,28.98,Large
WDC,0.6148742247348561,562.9299926757812,201.12178820106462,8.671572738671026,0.8906079083092647,-0.5965607024622678,1.6627263555553244,1.7817434480663172,0,1.8388622783947501,211.1035216107755,0.5499339159436016,6.782015671691126,-6.549478700811272,-13.48536941807177,1.3950485918484294,4058.32,34.02524698133919,194.03,Large
FCX,0.6026374317089179,68.41000366210938,39.47453569703276,5.701488223407514,0.9689505153251138,-0.7688258154661584,0.7454969734360005,0.5554703012285982,0,5.755062152446228,5.267374370998041,5.790743954707303,5.023283775861666,-5.104720297781444,-8.578417592502783,1.3977630468772222,997.9,33.835345773874856,98.34,Large
NKTX,0.6420821482930917,2.859999895095825,43.633467911819636,0.9886962482372733,0.8199746716249174,-0.19902194092071018,3.146858596419863,1.7482501445031142,0,23.482494381413986,-17.57925441813103,-7.829182669460211,7.8021976739468135,-21.643840531890223,-6.849308354390583,1.0141987586570682,2.27,33.81339187705818,0.2,Micro
INTC,0.6183118168245904,124.56999969482422,196.97418877350577,9.580486148236371,1.0821515760066374,0.7509639268321794,2.432366369668094,1.677768598373598,0,2.9114935362520695,176.39227986807765,-2.216854729609891,7.944472034724153,-6.161958798579406,-28.503024753401075,1.2328143248377261,17240.52,33.76619099890231,626.09,Large
TSEM,0.6448238164038126,262.9200134277344,99.331288978591,0.8484635966882913,0.8736719802791002,-0.9034854604327874,2.517874174299736,1.087783532738476,0,8.660357635397608,58.309254894281224,0.5985224486668211,8.66722123523491,-13.187602805082879,-8.953867185604128,1.098197938547295,628.63,33.74313940724479,31.18,Large
EWTX,0.6175871550777232,34.83000183105469,38.22022872467399,1.5259553543538813,0.9191615208902488,-0.3799123947549238,1.2632747733709437,0.0,0,16.714686586590204,-8.366210552009786,3.881210702529373,7.020834479416595,-14.559052244105391,-1.1466538174483625,1.44609786140294,44.19,33.70801317233809,3.75,Mid
STM,0.6082238960893787,77.30000305175781,187.04132194200034,9.64072843319291,1.3435809917400297,0.39187569270553146,1.888743889798033,0.24579875019742492,0,5.789724311290812,55.501920086230925,-1.9882051309089919,6.876732846080447,-5.060175890188511,-13.38354249851082,1.71440122070112,966.95,33.630076838638864,68.7,Large
FIX,0.6258302081478967,1877.6099853515625,75.5076998002016,1.4659952604454334,1.1562072846178713,-0.0511059173261733,1.8779198044690926,0.21463612402542018,0,8.92967394566106,99.77057020274927,10.10158833836821,5.605492863649332,-9.433228022748347,-10.21546519821898,1.3662990676513107,777.48,33.23929747530187,66.06,Large
HCC,0.5969513334411689,98.11000061035156,13.92444774251973,2.832587094167861,0.6657737710787939,-0.8190813660757756,0.8765677351876994,0.0,0,14.76530027691401,13.816710073809437,0.48911818434950555,7.129898936768331,-11.124194987845213,6.746464749795071,1.176342923858963,86.58,33.193194291986835,5.18,Mid
INVX,0.612541008326793,29.450000762939453,19.660736723789984,2.586435183538965,0.7962574850299382,-0.4829226418730984,0.6451566104596893,0.2716530695396351,0,6.395233000654642,10.548053444315856,-11.626218809835516,4.584040535751132,-8.682168176662715,-8.99711244849906,1.0986671674969366,11.8,33.17453347969265,2.02,Mid
SMTC,0.6047051009632206,166.7100067138672,101.36231100182329,7.851957022825262,0.9177336858879678,-0.450309753597745,2.3933717675383988,2.333392857635539,0,0.9669556806897304,1.368113771210615,-3.8041902648312904,9.085921596132792,-3.2780191903249905,-10.769618500594119,1.396268041459967,509.05,33.130625686059275,15.53,Large
AGL,0.6115417468005951,112.91000366210938,561.5948408663613,22.388370005892725,0.5659279888250912,-0.140967033641816,1.815607993313352,3.6932119945562385,0,0.5137499221959417,86.13584560710316,-2.6500215156564586,7.887635529692541,-4.5158531398270325,-103.48718104156941,1.3993705021791583,51.25,33.077936333699235,1.88,Small
CMI,0.5651839906210209,659.5800170898438,18.07168950102436,-0.3582165487796152,1.0667576995507877,-0.8452754109084026,0.41541437935916453,0.5912890495476231,0,17.488758959984818,22.792192747593578,10.840951616285716,3.863063956938427,-7.8582333604202015,-11.070908347585014,1.1935455579046559,583.51,33.02634467618002,91.01,Large
AEIS,0.638753515051915,354.3699951171875,51.61170516700064,11.618321115554506,0.9445354642453505,0.1730016233094358,0.7421635350180694,0.5333363876445121,1,16.190355236640606,38.85750915093982,6.038881627215466,5.995750921227127,-10.80930653237281,-12.667515831456,1.1534515532212122,292.86,32.93523600439078,14.18,Large
PPLI,0.5541684500267018,42.63999938964844,4.220583094764141,0.4629675566687994,0.6675540877535885,-0.972791600305237,0.4807735318580876,1.3602205080814889,0,21.503122948444762,3.0947745657082266,-2.8735574662638754,4.021877381150477,-7.964606724563565,-2.2516829714104567,1.3695487884273991,50.61,32.61141602634468,3.17,Mid
STGW,0.6038246831896507,6.630000114440918,5.2279439123670945,0.2570706042898495,0.8627101999048198,-0.2722475270424437,3.3182471547667487,0.754143484571869,0,17.943350822246916,7.629874652512575,-2.7777790759000553,5.095883412792835,-11.83510463596558,-4.340835851937965,1.0322795325276113,9.64,32.585071350164654,1.64,Small
CYRX,0.6307003149910274,14.619999885559082,36.83383814123502,-0.9552203809161979,1.14139127569917,-0.09084710307055817,0.3419985712915841,1.0259891907945622,0,19.53166949628632,-4.131148291144961,-7.482998934029488,4.856361448048134,-12.612072410547587,-14.688601248338118,1.1176670753619447,11.01,32.502744237102085,0.74,Small
GHRS,0.6251012519821619,21.1200008392334,40.13354599130097,-5.023156997697805,0.9707061161979823,-0.2343552046074887,4.450750896365005,0.804924571641573,0,19.395640910878733,36.610613109666744,1.9810834976431098,8.224432404794065,-18.58133999769986,-3.7364142711969883,1.1965548373353418,5.19,32.46981339187706,1.45,Small
BBCP,0.6060792899777087,11.119999885559082,54.555661121911925,29.535789512189847,2.02696087385379,0.12090675136042918,1.7086379136322998,1.9784196877081481,0,2.6030604527731107,6.615527901516362,-2.33837794658283,6.470323778192062,-7.178628459654533,-6.601127451084103,2.036541265891918,3.04,32.44456641053787,0.56,Small
ST,0.5931052379369859,50.400001525878906,31.804278835294554,1.5381857083069301,0.9890653518589071,-0.4239203257564532,0.4960317310043575,1.6269834721868084,0,4.818037026465657,40.88320543386257,3.0042943214892777,4.380668239357021,-6.476151239992689,-9.977251087880791,1.402150096644816,116.14,32.40614709110867,7.33,Mid
SCCO,0.6091760545238086,189.7899932861328,27.06024001875422,3.728234708217832,1.1019726029836932,-0.8092206177815408,0.3582949357827998,0.4215201433446968,0,28.183201725506663,-6.1360728731834255,4.976129911279967,5.215161934942653,-13.934197822229477,-5.675755605288076,1.2526039845335997,260.87,32.40175631174533,158.35,Large
FORM,0.6426163513907994,139.2100067138672,126.53874918871423,11.050401493852078,0.7878942716820212,-0.49854638384890665,1.1062374914520754,0.9122828477934728,0,11.53829605673596,2.41301715206096,-0.007814779590071336,7.932516702311008,-12.496065171612328,-19.978193737877074,1.1211545984613949,268.09,32.357848518111965,10.85,Large
FEIM,0.617762237760194,75.27999877929688,107.45531858384909,10.534389343931835,0.9229987058605974,-0.3240306779915318,3.440494167440185,0.37194312411460795,0,2.622185671413009,61.33733181496943,0.8115297611636445,8.20175996131444,-5.533948458963323,-12.093316702562527,1.3516655757455711,13.03,32.333699231613615,0.74,Small
RAPP,0.6278885931499134,38.400001525878906,25.44373269332423,3.936883613770074,1.2540259111272514,-0.35180583225629247,2.005199511587078,0.026037294624075957,0,11.527393350894245,24.473261104720795,3.2938075753288656,5.9691225245801744,-9.15327873602118,-8.051787616626573,1.0957770181636817,12.69,32.30735455543359,1.84,Small
VPG,0.6125314333086409,139.52000427246094,255.40775332595524,16.27539126567477,1.3276907897201875,0.9981281107749703,2.5874430187630417,4.544159548800749,0,1.9597811702751742,40.0803277203979,-3.687467323738221,9.060145553131946,-3.79921020007931,-11.962697692482491,1.8617582873139358,67.03,32.28869374313941,1.86,Small
NXPI,0.6163999161097753,304.8599853515625,24.2912118926091,-1.3969299293986952,1.1635835955158302,-0.7272141855530511,0.7741310708295578,1.3547218661826868,0,10.22403791002436,5.3967105796053705,-1.7710817613095353,5.265415795121935,-10.32211372123603,-5.1590122933708455,1.3279469990356911,1167.24,32.263446761800225,76.97,Large
RLAY,0.6420821482930917,14.8100004196167,86.63097982767943,7.031873822059922,0.5978804512084547,-0.579058860173902,1.688048567858108,0.06752348816894578,0,13.357208909509785,22.70091792744967,-6.885760037238055,7.656987579429583,-15.22609615417766,-39.27576009334642,1.068888063549951,60.76,32.22612513721186,3.23,Mid
CRWD,0.6065116447532815,682.7999877929688,22.92976869767589,0.967604384794251,0.8884358944133128,-0.6339343024947084,1.6857073771796967,0.7029859224920081,0,6.893579974816179,94.9019535760387,-11.773423023435743,6.204493316952918,-13.092175860728151,-0.3483245088322273,1.472292551693144,2374.84,32.206366630076836,173.82,Large
NN,0.6024119855872435,21.5,19.78743469133415,-0.94334173847734,0.6587047754183102,-0.04590469543864879,1.023252620205859,0.13953807741447644,0,21.044646266993286,22.367674292617128,3.606858130594471,9.28704334651909,-11.957412231988492,5.087942309573039,1.2174428799279424,60.12,32.204171240395176,2.93,Mid
AMD,0.6090879238764075,511.57000732421875,122.54637515859692,6.140691477808595,0.7995505203703434,-0.37367648239857365,1.9821362674202325,1.1122627128116531,0,3.2503058141252428,155.54223541827227,0.02446427977629933,6.853133649245545,-6.381303521215531,-12.573137258699294,1.5252731272655624,19546.84,32.17014270032931,834.17,Large
ASX,0.6141079451861653,38.119998931884766,123.52041014643554,5.58825337165354,1.50975889524143,0.4051186324122893,1.1542561745107385,1.049321975541398,0,8.219832468013053,12.018807814227639,7.4042570504326815,7.034178153086333,-7.2506074277355514,-9.030252348275889,1.681402598268469,339.64,32.12623490669594,83.63,Large
LSCC,0.6138157268807989,144.52999877929688,75.83178219504478,2.5086331830878352,0.885051723742459,-0.7068097568073118,2.027266283330065,2.6914823375607364,0,6.07690912343723,36.64555485112126,-11.613942976766598,6.404997081146305,-7.245544868546955,-11.251831585591257,1.4374321859061203,315.05,31.92645444566411,19.8,Large
MBX,0.6060804101204559,35.5099983215332,14.718855507739438,12.533666319962727,2.06800559146465,2.896950238997481,3.739800034980017,0.0,0,37.25224153381159,16.73240707529954,10.096152808544206,6.948545368250284,-22.551800428518078,-1.7652514049092813,1.0902156481341891,23.78,31.724478594950607,1.69,Small
QUIK,0.6352277667219945,21.809999465942383,233.89199654206294,4.674599739193163,0.6392509011795309,0.0017867792882986227,2.613487464943813,3.0719857527253525,0,9.557309245327017,38.91719573577538,2.1823508467633967,10.23776743531515,-10.357585144111411,-8.216439739761993,1.2975932896392932,12.27,31.612513721185508,0.39,Small
ALNT,0.6125314333086409,91.37000274658203,52.378901089310936,18.23131075939598,0.9305026150163952,-0.11894558602511314,2.4953471716484232,0.9850076598610187,0,0.0,38.94790321845872,1.0236072439680584,6.45882610008884,-4.4746458034233685,-11.323200071935474,1.4994719771941873,20.61,31.54335894621295,1.55,Small
VICR,0.6341251351964668,303.7699890136719,192.7752606179552,2.4942803449573105,0.8272924030773292,-0.6693027326152697,2.0871042457009823,2.5808989108242546,0,9.822868683013047,84.61772299004159,7.658153557355332,9.87048338169779,-16.06013520186967,-16.91957124876931,1.1019639209062662,257.13,31.534577387486284,13.85,Large
STK,0.6153742693912909,51.970001220703125,32.88383063556661,-1.7902419489127341,1.8699714125725462,0.8772845119592415,1.2314784964468468,0.8658856116238244,0,10.62229853750962,4.6095026195937265,-2.4221601061885494,4.795349292837627,-11.101604456545912,-6.078479025205093,1.6483925952213567,3.53,31.45225027442371,0.92,Small
CLYM,0.6181219834283559,11.4399995803833,441.50581353150915,4.778692028155708,1.786914451686985,-0.10620289444089669,2.8846231595794176,2.7097856406118708,0,7.950059420547216,2.739105031026133,3.706973337026229,8.852398208154504,-8.333333332665598,-15.827344050355627,1.282465371435114,10.84,31.451152579582875,0.66,Small
TER,0.6182987055101686,403.20001220703125,89.30051410298093,9.405575132733004,1.0433214850454782,-0.09459566218618023,1.190473126893705,0.4811513845900641,0,2.5566779811626783,31.672485364950752,0.834804704057134,7.66599398389389,-4.4437935609279355,-16.659179441833174,1.4377303685899583,1491.66,31.410537870472012,63.12,Large
ADEA,0.6122846731606718,31.915000915527344,128.52374776102866,9.379243248224798,1.169962770652298,-0.10086402200309129,0.03132796881113496,0.7206687857741954,0,9.190067717852129,0.42249383410459695,16.26429696492394,8.38631599718067,-6.888404020024305,-7.9377750497001935,1.8288388427534639,64.75,31.321624588364433,3.52,Mid
TGB,0.6294812402125171,7.5,34.909254691126065,6.731179401191511,1.084686521217023,-0.19563505310435103,0.40000279739132777,0.13333638507336765,0,40.10602154351156,-1.5748016712014632,13.648293665823843,6.628572373163132,-18.918918916873633,-5.022158840407235,1.2519894950317976,36.35,31.09769484083425,2.74,Mid
FLEX,0.6245318400471306,149.7100067138672,99.20559559417643,3.475211540641369,0.9007755189133905,0.15425985614058302,1.8769604118351153,0.8750233784230127,0,8.257277650328465,11.11854186985252,8.725625519944083,6.541694631599277,-10.278073734657324,-9.920874097735146,1.5833279708344616,813.88,30.963776070252468,54.85,Large
DRTS,0.6245318400471306,9.850000381469727,86.16985489232702,-1.9534615190860842,0.8278073325683847,0.5893447843264629,3.5532935452298275,0.7106664546238691,0,33.28794039570451,-4.738875859185924,-5.283383273235663,9.603334709187711,-15.23235388441547,-6.21387028230748,1.321448147428971,7.93,30.82985729967069,0.89,Small
TXG,0.6183758846305484,28.84000015258789,56.02377715348681,5.356408718161685,1.0341220426937803,-0.7289103865722109,1.768378038022959,1.5603355081240178,0,9.51473771034542,72.79807806482091,-14.684013847802918,8.100357394502826,-19.09103722147016,-4.308393631595483,1.4745983764678512,81.5,30.64654226125137,3.66,Mid
IMUX,0.6374876137692687,13.859999656677246,94.43406845829128,5.303141756859528,0.8361384167027481,-0.1937620605261759,3.2467588315573406,2.0202001434833776,0,6.81549350203049,51.807223246764444,2.8052117716238607,9.910327285561602,-12.111609039459502,-12.173909725291603,1.157740958438712,3.99,30.29418221734358,0.19,Micro
POWL,0.6244083973033484,294.75,137.4428193383602,3.4292631754710126,0.9631876591009542,-0.6762029615444838,3.1077196478637146,1.268868612167027,0,8.282428615011284,67.83230198615607,8.800871866635282,7.321214693236551,-10.106264941555665,-24.976083214326977,1.3332296360989004,193.36,30.131723380900112,10.74,Large
WS,0.6133850952853741,43.45000076293945,13.034707027786396,5.608216432083736,1.0678173016207069,-0.5950409435828816,2.3014959319170645,0.7825089680322115,0,11.433998266912916,38.22632823203247,4.082641379668704,4.113001008720764,-10.870500636078507,-10.778631957301766,1.1105657897110122,10.32,30.027442371020857,2.21,Mid
VSXY,0.6125314333086409,78.87999725341797,43.16895484862786,25.353586660128176,0.8067764374745353,-0.8466925173102624,1.3057891031223594,1.1536461262539865,0,5.860280330189018,49.649020343386795,-8.05900076113629,7.689891354494338,-2.952757827133102,-8.918007708853645,1.575487062614193,190.12,29.99451152579583,6.27,Mid
ENTG,0.6133133815927866,150.52000427246094,50.641537500575005,10.926465360327194,1.060400447425777,-0.710357168664355,1.4217375291596066,2.165831565950727,1,2.9273117645929214,12.877761402961713,5.651296443749801,6.876638246320821,-5.357149228973899,-11.726065121947508,1.4045410710321409,444.33,29.993413830954996,22.92,Large
PUBM,0.5830258365356457,11.350000381469727,15.211537188400515,2.9665270913508,0.6940126337321801,-0.4034046125179838,0.881052197582839,2.9074882166149116,0,7.5658364784103425,60.537483808818905,-7.247894402653301,5.254877344763373,-18.227663630612458,-2.923261510034052,1.3180090283501755,7.81,29.939626783754118,0.53,Small
VIAV,0.638874969831776,53.459999084472656,169.94329769902603,6.897549373524756,0.8322662779415415,-0.17159383844322834,3.9842893837498137,1.9266718984601878,0,5.267128178876462,2.022896045241559,7.77631523361817,8.47629783654612,-11.534008249857331,-21.0764946232192,1.233429377906833,347.45,29.80351262349067,13.19,Large
SIMO,0.6408552910677513,280.489990234375,186.25920347276593,3.0516086954893464,0.6829319854707583,-0.08455427418483827,2.2211170463160452,4.189097796374092,0,8.002300237329386,29.224693679661414,0.12885970438672134,8.440078077428726,-10.768596582606644,-8.565569203740239,1.4918067198775555,291.89,29.652030735455547,9.51,Mid
CAMT,0.6328677750109165,193.27000427246094,51.07483589756501,13.226009619403087,0.9289852448628566,0.19650166125665125,1.9247690476788284,1.2935271613398986,1,4.599563396474323,10.6739958016094,6.2850164764457235,6.958806864658235,-10.519005807107593,-11.222430939485156,1.2324068749131751,85.4,29.413830954994513,8.9,Mid
ASYS,0.6071218203855149,23.989999771118164,148.35805527875482,14.156553441140593,1.7177935734006882,3.153055302596638,7.169651228398603,2.917885658977843,0,0.0,115.73741022349517,6.723056024120163,10.03989689981506,-6.690001456773182,-16.820085864396678,1.382128196800012,8.17,29.3238199780461,0.42,Small
HBM,0.629482720566903,27.81999969482422,44.032496591707,3.68715867265229,1.1480748308606927,0.24016674574055297,1.042418830690616,0.6470107828727482,0,8.359613187287437,3.441550211961477,9.344089031077006,6.761548713377656,-13.444916273045978,-6.681811606492483,1.3656151669482461,158.13,29.278814489571904,11.05,Large
IMOS,0.6212439818431849,61.95000076293945,103.95437693037827,6.777207981358371,1.013320455551521,0.7915765581757107,0.887811509730758,1.7271988404026883,0,13.331110626675043,-11.82749945987773,8.468570907954867,7.765477921743807,-12.734184212895139,-9.136486461821145,1.397509653407053,6.16,29.204171240395173,2.15,Mid
GFS,0.6352277667219945,81.37999725341797,92.8417881480103,3.3226239801148525,0.614072114570985,-0.5137245088837818,1.6281698480455364,1.683463741463393,0,6.605934384984156,122.1676081877975,-10.170642617265464,7.344381995919373,-12.069157676820842,-10.08137186970923,1.4076463774941819,414.51,29.06805708013172,44.63,Large
MAMA,0.5986534295380288,14.90999984741211,5.409554353577861,1.708788626722432,1.7142104163069418,-0.4527596069504467,1.5425922082429746,1.475521591318046,0,52.27522663672449,10.362691300579781,-4.031115141047893,5.506850629107072,-16.470590874300242,-3.0718971316268684,1.1161173061777456,6.56,29.053787047200874,0.61,Small
CCCC,0.6183959432763453,3.9000000953674316,42.66861239567561,3.972276958510452,0.7374955567284593,0.17072852521484022,8.846148247867808,1.025646135467118,0,5.825013674297195,37.809194350862576,3.030306612016268,10.445053942071203,-15.180512104037627,-4.814810136233718,1.281266186769743,11.59,28.91877058177827,0.43,Small
OCC,0.6255479263401877,22.90999984741211,124.8052082299344,50.111386869937625,6.517197191296107,0.14881496259964083,4.190305939871902,6.852901375872491,0,8.249122326719919,20.57894656424379,17.44097442284087,14.242063927495014,-18.120084980665418,-5.629130811594429,1.9111399635544362,18.34,28.899012074643256,0.2,Micro
SITM,0.6371104742261011,729.8900146484375,85.43982433412896,3.6013291705163923,0.9566883986495679,-0.00621622581526392,1.7906817550444512,1.597505644091837,0,10.514036563910349,124.36062898516249,13.218570980688988,7.02982653392813,-19.063880792560784,-14.777190148515423,1.238427984862077,364.07,28.86827661909989,19.27,Large
ACMR,0.6119919465218566,93.94999694824219,129.47440025282611,15.89715175209151,1.0418569485548264,1.1958313790366377,5.8541779442222355,1.7562550074060597,0,0.0,64.70896816206077,-13.293239268244294,9.967991344914791,-5.53041746477591,-16.089971041467262,1.7194598207425298,142.16,28.7596048298573,6.49,Mid
OSS,0.6305958169293018,16.649999618530273,106.90037468865043,-3.242679461763888,0.6034376717453442,-0.5904800887886602,3.303298796568161,2.6006040508691077,0,7.89435269779486,8.610565566258664,4.234336147828371,9.566709458592,-20.25861931058832,-7.851235217295524,1.2985877096530687,29.51,28.73216245883644,0.41,Small
DELL,0.6302283212157994,395.57000732421875,174.89473898625116,14.11633476931757,0.9749707842065986,-0.4296753445735146,3.2383642140143305,0.9833947408553945,0,11.170387154833664,-6.020288450585844,-1.9807187358017329,8.985767846515671,-15.741153578327522,-7.1318939473818554,2.056651892060268,3427.55,28.72886937431394,256.37,Large
TLYS,0.6195757554150544,5.449999809265137,178.347912355384,16.55260500879262,0.7776216882316679,-0.1524148639158256,0.9174347243221432,0.3669721398676653,0,0.0,127.08331630961571,-4.6683058761694785,8.5845359066892,-7.627123368681898,-19.7619151913918,1.4789123108422548,2.21,28.727771679473115,0.17,Micro
GHM,0.6072473709471516,103.88999938964844,53.02633573699727,4.277389909029174,1.5540553264410601,0.4410245461585367,2.358260624326004,0.8374268473240012,0,3.9460825968728757,8.967907887647081,6.255060844356198,7.492815477716047,-5.563133013076136,-12.131949285489696,1.4514814480084068,22.07,28.615806805708015,1.21,Small
MOD,0.6278262264366384,274.5,60.262725999194686,0.018035305265022554,1.0521098417246522,-0.0412862665879672,0.848811137434294,3.023674970105105,0,13.485371982112685,111.2025832274613,14.392799330686554,9.483735250551936,-15.081206496473069,-8.31950618922642,1.1851115084687867,313.46,28.5993413830955,14.5,Large
APGE,0.561468931221511,88.33000183105469,7.637820718346866,6.9215144740676475,1.1956873129116545,0.5009602546250241,2.0151689600111826,1.064193843438964,0,6.033197811583197,26.149680185024536,1.7637984654078498,6.155085569868786,-7.3283328241765755,-2.706551326077853,1.31488749935499,71.59,28.55982436882547,6.66,Mid
GLW,0.6339903455376557,179.1999969482422,82.38652084027922,-3.134475656676848,0.9060193490532574,-0.3861786517651217,0.8761201735195617,2.561381928589389,0,21.765470318336696,-1.1540284398020944,7.869212228343657,7.863904562629084,-15.25820156888933,-19.25831973133275,1.1925607629320611,2312.88,28.49506037321624,154.23,Large
PNTG,0.5973450025774839,32.849998474121094,4.508905444062172,-0.9572658986724668,0.8988011629046447,0.4210177598544627,0.898027389151928,1.5829542828061123,0,28.14572957134494,5.4236156448348165,6.260166064243525,4.6690590296849654,-12.49334663532582,-4.34925758876318,1.1995480116655237,8.05,28.32272228320527,1.14,Small
LITE,0.6434618027782745,921.5599975585938,143.2981625912342,1.7376509800057698,0.931911730016406,-0.47177383308701654,1.3780993359805627,2.8674191439456385,0,13.194103855271713,30.467902514448124,3.7242588564179635,9.579385067762022,-15.116797586104457,-16.93323433394236,1.2400547932748671,5563.23,28.24807903402854,71.7,Large
FLR,0.5826357742316729,50.7599983215332,8.491291834242265,7.794728076774811,1.06230119883241,-0.33480293483185547,1.713953458102899,1.2411368970348577,0,14.840867739015156,17.201562484051397,1.9784600849666434,4.760497994723345,-11.721742049303616,-3.1966361348477474,1.3935555504487354,136.47,28.182217343578486,7.09,Mid
MEI,0.6328677750109165,12.020000457763672,62.683673093206124,5.3785162116344125,0.5075978631979017,-0.13858628899394015,1.9134736560566232,0.4991715251803794,0,21.36255937475436,-13.338135853830671,2.177864925600974,7.505348011318234,-22.700962633090235,-17.482521882817696,1.1313251833832816,10.08,28.14050493962678,0.43,Small
XPRO,0.6054792332657389,16.459999084472656,4.0143504810433495,3.2395583898815166,1.088264659057178,-1.0494606700226508,1.88336203228965,0.0,0,41.88808707997833,26.90824013355445,-2.557703242820823,5.094602229555264,-12.119596973420117,-2.7076955940340937,1.2356498276836108,17.08,28.11306256860593,1.87,Small
MCHP,0.6188623533982267,95.23999786376953,33.30493497264375,1.923365226124684,1.1634655620597607,-0.37518931632216435,0.4829893897370778,1.112975201972213,0,15.224006424148802,26.669654658264335,6.110879463249192,5.822883054967655,-9.623260140351487,-8.93241000510388,1.3302121830368026,1041.04,28.105378704720092,51.63,Large
NOK,0.6355134038152492,14.800000190734863,129.44794681056584,-0.8209070001055419,1.0294264868361411,1.0135252857773969,1.8243209499425417,0.675678244420377,0,14.442381133700932,-10.085048517426,1.9363743583206048,7.509652615389642,-15.186249032612276,-15.477625900428857,1.3878581417903375,1722.89,28.060373216245882,82.62,Large
ON,0.6304731882225256,116.79000091552734,103.46589365815436,-1.6194576890929564,1.0515266690362972,-0.5117664546787509,1.5412239132096435,1.6867892843935612,0,12.541164570022561,111.53777006176074,7.400525414289906,7.580150987035236,-13.437590794050719,-10.112535407679148,1.510074792127752,1387.24,28.047200878155877,45.41,Large
ALGM,0.6195757554150544,50.404998779296875,63.71284459059916,6.326761822780655,0.7536478091931507,-0.6131554553592876,0.10911676719905143,0.9721215665638893,0,4.802765027098481,32.71458500918612,0.6004012684646449,8.180168642198458,-7.343754842742258,-11.171175092554703,1.4318978760138317,114.05,28.029637760702524,9.39,Mid
MPWR,0.6104925555953877,1577.3199462890625,53.21308898573109,0.423669916833611,1.2223082321545269,-0.18257780352517772,0.3937110554151638,1.2128170272497507,0,17.461144890809976,68.9392539841122,3.266477794510942,6.822422064119851,-7.979162252765196,-19.17802871781662,1.3654955800553237,1047.35,28.012074643249175,77.49,Large
MU,0.6245318400471306,981.6099853515625,264.0435046393125,9.907039334302898,1.1502273120691717,-0.14381488818479893,3.1590968132304815,1.1837690417354478,0,4.76047136910048,13.610950597401303,1.7925070559168126,8.930590235188506,-9.88534273236481,-14.587468471283154,1.6342559580490617,48381.78,27.80241492864983,1107.0,Large
AMR,0.5961816273985154,200.82000732421875,3.727110401551581,2.700742982109108,0.9535471453050266,0.09016054237317124,0.7270149396587443,0.0,0,42.66310931291792,23.467577534489372,5.326217541179437,7.109457987043479,-20.880938645664475,6.620281733235172,1.1240333461390104,51.33,27.79253567508233,2.55,Mid
AAON,0.6312134200053509,127.19000244140625,45.77152437227383,-6.048289231214017,0.8485803311977026,0.04901805907532286,2.303646417411674,1.2265155735763726,0,27.820266441892592,-1.5252525479137888,5.435716675027812,6.940946651376284,-15.407022469768068,-8.51164614807578,1.2591131659222998,145.32,27.695938529088913,10.42,Large
AEHR,0.6287554069880995,108.47000122070312,311.2813575724398,10.128537567717224,0.5549046305868062,-0.4439120113839169,3.7153118225378394,1.8622699822158448,0,3.691420737833447,71.73844439841326,14.143308072159854,12.38262052702899,-10.944172000784583,-73.88889712865323,1.2995426007094002,358.65,27.691547749725576,3.41,Mid
SEI,0.624833213119847,74.01000213623047,27.52311491428634,2.392094905191131,0.835025179950958,-0.9718015163372936,1.4322355465255714,0.33779218048993725,0,10.519334516523319,17.327905964579443,6.183710026739304,7.1241309527542835,-8.740144061818237,-9.98737300740334,1.1478443510515306,174.03,27.661909989023048,4.32,Mid
WULF,0.6119919465218566,26.059999465942383,56.86113769060866,6.300094208318159,0.9032793508529801,-0.8381778482582808,2.072144768123827,0.5755933292345262,0,3.7168686304159824,56.516516891533605,5.171700438570909,8.381757582800988,-6.191508920545328,-31.4226608282906,1.3126014126763694,792.6,27.295279912184412,12.91,Large
DIOD,0.6244083973033484,108.75,97.58881344931642,4.3470755759269935,0.6342591211479361,-0.3355447455324538,2.3816058279235026,0.8551726944066479,0,13.904506274913924,39.4230769225715,7.091170637575981,7.7024623325892865,-10.83141946829202,-19.39930804062678,1.4094724526306512,72.91,27.271130625686062,5.0,Mid
OPTX,0.6253652479698195,13.25,751.8954452336259,19.801084575962953,0.7086444788100147,-0.11366077290993389,6.113210713626922,1.4339590971242353,0,0.48460826993758077,432.1285118446179,-43.19371428187956,13.670618514809005,-11.193029943983987,-13.814951762452896,1.4285400829047756,17.62,27.097694840834247,0.53,Small
APLD,0.6180020979632204,42.70000076293945,29.292199715140853,-2.1769614210669492,1.0131243130773298,-0.24085974683180236,5.269320748818688,1.428572832407801,0,10.894952210909079,33.68816546221271,-2.8045416376350154,10.20508394101434,-15.82059724480353,-4.409962979810369,1.2597251153990336,1017.89,26.91877058177827,12.2,Large
LODE,0.6054792332657389,4.099999904632568,14.260304848682615,3.7186913855325714,1.031824637051971,-0.6060305653952802,1.4634132722079642,0.9756088481386429,0,5.85986289142695,52.41635007044869,-13.85542311017805,7.404177618622343,-14.5833387112698,-2.9220829476637062,1.2499996558738975,5.57,26.796926454445664,0.31,Small
ACHV,0.6091908570999086,5.519999980926514,11.24550596224183,8.458590373358248,0.9921715160472688,0.12478347019095254,8.152170484393444,0.5434820635249232,0,11.168275173333988,14.760915726520315,20.55267814948457,7.479295746561938,-10.38960847784065,-5.732478416168442,1.0908610905884153,8.36,26.791437980241493,0.57,Small
SLS,0.6245318400471306,7.829999923706055,290.995597782162,-3.755147872233522,0.7936456827913311,-0.7053733752289706,3.831420097314057,0.8939996466731106,0,11.716946342063432,19.908111361864382,-1.8867906337900375,9.715381021689522,-17.66561792392991,-19.952497500643513,1.3300678289239214,58.85,26.74643249176729,1.54,Small
SANM,0.6341205293727378,255.1999969482422,42.34214739622604,1.5137547578479658,0.8282424214396364,-0.471577781686301,0.4858955752302351,0.9717851713110794,0,7.290701266604881,78.22473119370783,3.1730263133293226,6.8489687107610315,-11.597615552465644,-8.956832322966509,1.357357014905974,220.73,26.709110867178932,13.68,Large
KPTI,0.6409353786950434,9.5,38.11075137159137,9.421793498770207,0.7200898955625067,-0.08272511579724365,7.578950178452833,0.6315833643198251,0,4.538807564254064,74.6323510905927,9.438193649697121,8.205262521155793,-13.557777998306436,-40.206178802924235,1.0730643984848316,4.31,26.667398463227222,0.22,Micro
IRDM,0.6320264388999843,47.31999969482422,145.96813636448306,-0.820557084345345,1.1612213907761666,0.705591514882617,1.3736215455618443,2.7895175471455107,0,10.549218203829692,179.38526319377124,-5.22680276712058,8.271947194749877,-12.093631645306564,-21.49369203895506,1.4633451969286513,120.91,26.63995609220636,5.0,Mid
PACS,0.6225981368290697,36.279998779296875,8.086783328779212,-1.3218772611826164,1.0623124724485575,0.01267241370012598,1.7916249937470021,1.9156552320549216,0,54.70919534315074,-11.533771606221697,4.7414905314461935,4.632224177070214,-15.784593227890978,-13.577521736389572,1.010458911137328,30.62,26.583973655323824,5.74,Mid
CORZ,0.619859219418093,27.600000381469727,50.7672128562439,4.723962669125313,0.7111057993551743,-1.0130140972476438,2.264492722242757,0.7608731482289116,0,4.920054800781187,12.05847065278625,0.40128563868201067,6.747152894712985,-9.389359123017684,-17.516335411219234,1.3979715711297653,399.52,26.533479692645447,8.77,Mid
TTI,0.6007069794698183,10.399999618530273,10.49894729448333,1.2608892093204476,0.8482614799634929,-0.8621919540605487,2.6923143931629716,0.480771082346651,0,32.0446777070444,14.790277447055159,4.1821542718505915,6.167583639402104,-17.065393537974728,-3.703708767242777,1.2452907809609663,17.28,26.129527991218442,1.54,Small
FROG,0.5927026467751623,77.73999786376953,4.615073049575202,0.04568240406952269,0.8730786622739516,-0.47043664294639903,1.660664267648504,1.4921482693280785,0,7.661586614878248,105.93376917274225,-9.772588247253228,6.480027362521827,-12.808440252526546,8.254230448797347,1.4413746448636529,204.58,26.116355653128426,9.42,Mid
CTRN,0.6055251188183053,50.63999938964844,1.8807006516430969,15.028165626078563,1.100553964361045,1.1986546387794783,1.7969981405255642,0.01974392111673187,0,4.255202069035995,21.93595202962932,10.865003295915544,8.317816844682287,-10.813665941428424,-2.7217073231100937,1.0735162301679726,5.91,25.93523600439078,0.42,Small
NRC,0.5815811316617944,18.790000915527344,4.509472963660532,-2.7835230578631616,2.3470110253211307,-0.2815338670402573,3.9382636243901072,1.596599945587571,0,31.76413072092061,-11.701126365864164,-0.5810914346138472,6.202005597363929,-16.791661439513057,1.6724389443983856,1.3684100679969582,2.23,25.602634467618003,0.42,Small
VSH,0.6235539675642396,59.380001068115234,269.4885146206785,14.62103559611414,1.7776700178705012,1.3677691949952449,1.54934010168589,3.9407209674251304,0,7.9623752206014435,1.3656524616610566,-11.002885774384582,10.981329890298225,-10.907727368665991,-15.860945683526445,2.412075941107819,347.03,25.565312843029638,8.08,Mid
GKOS,0.6083828728612176,126.80999755859375,8.144882823982469,3.0983980076123,1.0037630923404957,-0.3167580933442549,1.151334076148897,1.7979645321145918,0,14.656904448184285,5.472838740651972,2.1948612389231448,5.826827171567396,-14.381205160919649,-6.045807524355444,1.1253611051282058,124.41,25.51372118551043,7.45,Mid
AVBP,0.6055466027577815,30.540000915527344,16.926759885038535,5.172535309385051,0.8327418013669442,-0.16305953069140858,2.6850021945495723,0.0,0,8.090489387521771,30.34571283585292,4.996481606023813,6.232108012209457,-9.150404897101708,-12.510325237085015,1.1272443319542216,15.06,25.354555433589464,1.42,Small
ESTA,0.5697106406098792,82.13999938964844,4.864908794387923,12.43583412153647,1.2000699417287781,-0.14508617585390035,1.217433658897554,1.3878736280806758,0,1.079419196782172,10.195865817914134,-2.048710949331802,5.905422496202354,-4.488372802682184,-5.724021408217214,1.3901445884554964,40.4,25.305159165751924,2.42,Mid
BWEN,0.5976113085765502,4.179999828338623,9.252289150791349,7.662583982697874,0.5460859523920707,0.029191147072396142,8.612443737141612,4.066976229606333,0,39.65038957929964,-5.215420112912283,9.16230132611103,10.013671179372668,-14.693882711605944,-2.926826543702068,1.1052630354466484,3.94,25.295279912184416,0.1,Micro
MRVL,0.6302283212157994,279.70001220703125,194.35148151270735,19.703848493318407,1.7432778076640825,0.7975272841397092,2.9603140571686843,0.9867749893311409,0,14.79330554461338,-7.27663919559462,-4.44188877696009,12.00699633256007,-13.726094486216564,-12.388718065621331,2.342266955279513,10679.43,24.902305159165753,244.68,Large
F,0.5813797095622013,14.84000015258789,4.77805363371635,-0.7789242521278387,0.7499762229237188,-0.5676259915145877,1.0781660765241028,0.9433985301469543,0,13.34338767993514,9.35888346522571,5.593919140147605,4.899885955682457,-16.535435435053085,-4.794520604159269,1.2660824286431969,889.07,24.693743139407243,59.13,Large
HLIT,0.6175545823260391,14.930000305175781,31.957367101045687,3.6733579710443656,0.8913560633944614,0.09010242578879143,1.2726026556389796,1.6075001084821703,0,29.73145857328498,-11.656800933166219,4.797603717797718,8.118840264163492,-15.55429837317028,-6.718057948629262,1.3110279620272316,44.13,24.542261251372118,1.62,Small
SKM,0.6245318400471306,38.31999969482422,79.90305742213275,-2.4328139707464884,1.3453150908236813,0.1840750518644931,2.974946238772191,0.8089706708101327,0,20.487866430167454,-13.751970669021741,-1.0341301000844116,7.586490624397286,-18.779144876757883,-21.16366570147755,1.4056224639346446,98.54,24.527991218441276,14.71,Large
COHR,0.6353914636849228,385.0299987792969,86.50708207051312,1.587142416807456,1.0222197090214717,-0.20957985490393743,2.459548931434517,5.21517456714419,0,4.886176400791308,51.807748044904436,6.652838020180006,9.91870716641046,-12.493182095585952,-14.677163005616755,1.5138793267105255,2355.92,24.177826564215145,75.33,Large
HUT,0.6245318400471306,118.86000061035156,149.67262119172602,3.867278210261567,0.733821757772209,-0.823248783484997,4.57681508785615,1.4554966751097023,0,4.4668313109514335,9.10592798470861,3.757886538447972,9.79916276010406,-15.582387759739838,-33.91046738023982,1.5514164730639977,581.71,24.07464324917673,13.38,Large
APH,0.5816226295746157,153.8000030517578,2.8420925072067726,9.730954391511213,1.1419068308909741,-0.10106583782895977,0.9687842684007559,1.2938917123957623,0,6.143677295389109,5.579596273715554,3.351653958660641,4.6897630719425525,-7.744257590066884,-7.81518869691585,1.2144941580932895,1516.59,24.02305159165752,189.21,Large
PENG,0.6291951149403547,64.12999725341797,177.6726930052886,11.160217604872221,0.880443515430177,-0.30919711832013996,3.6020546662889688,3.305783599949737,0,7.400041455576901,32.856839952183655,1.274266324645249,11.323094122660295,-12.438559360927732,-25.20548154091875,2.109998880171177,184.39,23.886937431394077,3.37,Mid
BB,0.6245318400471306,9.1899995803833,101.32315006727207,8.238615030960993,1.056674700963689,0.2802822306097446,2.3939094347128753,1.5233884224765597,0,20.049334188516426,-11.121862235229752,-7.6051825243999644,9.575627362588133,-15.919493833951016,-13.690477749165195,1.777131867434736,284.3,23.751920965971458,5.39,Mid
VELO,0.6312380941707006,25.5,188.0174282861365,18.85618450252172,2.642057755395795,2.8120202602645903,9.098038018561718,6.49803759979496,0,6.6299241794791035,-16.693892545877784,-2.469756891758652,15.264144598268995,-19.68503936945874,-13.943810617281239,1.6419717904244753,91.52,23.470911086717894,0.76,Small
CRDO,0.6148742247348561,250.80999755859375,50.266418887616624,16.72666237550751,1.5139358599998847,0.543850097141823,0.0765585915357604,3.8634833282927072,0,1.4958133971291867,157.76977357708824,-4.795711729405757,10.755296203563669,-7.180290902468676,-12.520853174905056,1.7228052902727204,2002.52,23.11086717892426,46.26,Large
NBIS,0.6352277667219945,232.36000061035156,139.78021218780958,3.5802410399249767,0.9632270759325556,0.22400325259528292,3.8474790918766684,3.813048970149952,0,3.333035402546697,99.74211033436505,0.551662335233283,10.895132506154216,-16.669056210662546,-33.722418746053776,1.5862576817680039,4028.2,22.961580680570805,59.0,Large
SHLS,0.5923218249096335,10.430000305175781,12.784881467937659,-3.731220535703267,0.9560829493569302,0.1918320791368839,5.177372444881753,0.8628969314085254,0,11.276073336182472,52.59693118417999,-2.9094877748248655,10.258868687580117,-20.86494640452646,-1.0144883166171366,1.3557342452482846,59.86,22.54335894621295,1.75,Small
PGEN,0.6134008514293282,4.449999809265137,18.286435222559838,8.127804939312831,1.3547351411829096,-0.013812992227676735,3.14606454954555,0.8988755855844428,0,21.39747811450019,14.395878897561056,6.956515247584859,6.709471082404475,-18.647166725107034,-8.651397157948267,1.209486340761074,17.69,22.060373216245885,1.59,Small
LPTH,0.6336105286474024,14.260000228881836,53.18382625581726,-6.736427599379384,1.0164396047984112,0.8259314892460241,3.8569437718685142,2.3141649255694943,0,24.405289239809193,1.9299532677747306,-17.530865688399626,14.155479273500815,-24.7096102057293,-18.982382871869337,1.2221218529245044,52.57,21.864983534577387,0.9,Small
VSAT,0.6225540686355311,70.16999816894531,79.67957713076648,-3.602046706194705,1.6141218113590576,1.987357854210272,0.27077447108674774,1.824139678893585,0,20.358027809353562,107.54213344487556,4.764469407913366,10.258761424560014,-21.850988468996267,-22.462966946749464,1.4591136432055558,150.98,21.432491767288695,9.58,Mid
DY,0.6272143402628255,469.0,23.310331896560044,1.7958607616241022,0.876903759257201,-0.15720440162297117,2.311299858820365,0.9019213190445855,0,10.259530907089294,36.18676849697822,8.104576127560092,7.213979460210506,-17.20655564177027,-12.712615155618426,1.2433589787137505,219.63,20.364434687156972,14.08,Large
BRKR,0.5975601413526765,54.22999954223633,7.259065859672265,3.828222794316398,0.8914829969956026,0.004299344708037025,1.5120776354985066,2.4525134198038216,0,14.646577111713588,44.79186219787176,-1.856883373276787,6.3934039310425,-15.974591302881185,-5.266068776896843,1.4910916278838326,133.64,19.096597145993414,8.26,Mid
KZIA,0.6143126132163315,14.279999732971191,3.068309782935841,15.83857048875858,0.7191256649761283,-0.35174325580395793,0.9103649640248672,0.21008216757752446,0,1.8337679735979557,23.85082448785832,4.772233195989241,8.008203068520633,-17.931034217133558,-26.74095541459034,0.9546262275366861,3.45,17.466520307354553,0.16,Micro
LTRX,0.5874988448655535,6.710000038146973,6.60015531464786,-3.8199663007727076,1.1843486317073302,0.0966626798006371,2.3845055635738572,0.14903470675847036,0,37.96800550563731,-6.2849136702835855,0.15503491998190738,9.357036312413308,-23.31428527565582,-4.3643267526047875,1.3236814456894301,6.87,17.154774972557625,0.3,Small
RMBS,0.6243912567915848,146.55999755859375,28.682903181610996,0.44651083890094656,1.1157376835502968,-0.23339540983119744,3.0294776987839884,3.3023993030039467,0,9.559629726672366,48.86744753801832,-8.707649874018426,9.987134320478482,-15.818499471153993,-17.376326195577686,1.534111706747677,373.31,15.409440175631175,15.85,Large
CIFR,0.6175545823260391,24.5,24.081574391269278,7.0675507234515,0.8691032095809464,-0.15733682452608164,3.5102065727202465,1.632651504138559,0,4.550548833232434,10.859726592738038,3.4544657967812844,10.829446753677056,-14.39553011277899,-29.430381057700238,1.3973206998829806,629.67,14.623490669593853,10.02,Large
DUOT,0.6034059719762073,11.680000305175781,7.034999503949946,-2.788179748444401,0.7489505509607444,-0.40459720404210464,2.226029298512614,0.6849308356931708,0,19.2392299455553,54.70198688156474,-26.193247494416106,12.01014897941454,-23.5602060894787,-6.307689959215884,1.490936648062443,7.48,11.210757409440175,0.34,Small
CLS,0.5988777391035229,393.1199951171875,4.257488799133147,3.06829451193258,0.7502374574262087,-1.104413379931081,1.3634554170996036,1.915445378715234,0,12.8230017080956,31.039998372292366,7.028488058266564,8.35332044127258,-17.068540782291183,-13.715226709729,1.368586480809926,921.31,8.690450054884742,45.2,Large
