Ticker,Win_Prob,Price,RS_Rating,Bias,Vol_Dry_Up,Vol_Z,Up_Shadow,Dn_Shadow,Turtle,Ov_Supply,POC_Dist,MA20_DP,ATR_Pct,Dist_52W_High,MA50_DP,VCP_Ratio,Dollar_Vol_M,Resonance_Score,MktCap_B,Cap_Tier
VIRT,0.554697302032373,60.66999816894531,74.21806357032115,13.74539706180489,0.8269709336685825,-0.41535234081824696,-0.17306666458470865,1.1620271177194976,1,0.0,24.56424808042969,7.865582280221757,3.162378942990005,0.17336670455778724,-7.59546893692781,0.9579816440000467,82.19,70.09949622166248,5.28,Mid
TH,0.5686929425867815,19.3799991607666,116.40647834802746,9.705353315581428,0.8551664865828519,0.14907675888955346,0.3870008574996056,1.0319957254385241,1,0.0,53.080563932213266,0.38043313191115025,3.4700716726420464,-0.3855089346169006,-5.826658538593756,1.0331352850039517,28.49,68.80352644836273,1.93,Small
PBI,0.5567223229656784,17.3799991607666,64.47074601486027,5.320562130179541,0.8211942098836399,-0.31591967533926607,1.5535124901365502,0.6329039603460418,0,0.9915814385734615,19.55607151246288,0.0,3.2467536386956937,-2.1947174278475186,-6.727267586742178,1.0047140106531136,57.55,66.02015113350124,2.35,Mid
GRC,0.5692617841575341,86.73999786376953,63.455519443145114,11.030751008515354,1.1768465748869255,0.3598178675565301,1.4295659715109414,0.5072659121945426,0,0.0,27.39113607832279,-7.2106590611634385,3.070753469638702,-1.4094174196826115,-12.100307534167866,0.9716372763259329,14.53,65.76952141057934,2.29,Mid
FLXS,0.6089803461362121,63.290000915527344,40.80399068871707,7.525422260704191,0.9167669173739532,-0.03918415119470092,2.686043488108492,1.579871707048724,0,0.8915333217799856,10.455961302435512,-6.859070100223158,4.105805629385087,-2.6756849091264705,-0.8241185492885985,0.9268696010805668,3.54,65.55919395465995,0.26,Micro
ESE,0.5710487728166697,333.7200012207031,52.32093964174667,9.878785630124117,0.7717363315018351,-1.0272761957055256,0.8180543498543478,0.6772173550735391,0,1.5060933185998115,11.306781758467707,-2.661921419450592,3.028416042413691,-3.60485573259567,-9.236949473905897,0.8855441208479776,99.79,65.12216624685139,8.65,Mid
NAT,0.5741088459938567,5.570000171661377,61.70895436039885,7.529469721496613,1.1315226954331483,-0.8357797966654226,2.0646277837226084,0.8079008060864031,0,14.655837559359203,10.947790371356907,5.434780256975627,3.561256484673979,-8.35528741707192,3.8720509391170714,0.9726311457098482,21.24,64.51385390428213,1.18,Small
ECO,0.5618920434812702,51.029998779296875,43.44600167577619,1.7405772288600365,0.9536149707503871,-0.8182553295208483,0.6466820281056014,0.3233335386513569,0,24.13791886689591,4.783208189862476,2.196006210540157,3.424037149071551,-9.307399779994501,3.0581599286317136,0.9398969863656821,22.12,63.30730478589422,1.99,Small
DHT,0.5621083340509754,18.110000610351562,44.43999578593514,6.164087756707659,1.208895180263447,-0.7921807516530464,1.2037570658648098,0.2208774940751283,0,16.53001751188625,-4.500935643279707,0.4424649571805521,3.3320207429009074,-8.68337480034346,2.330874021722339,1.0200692207636017,56.54,62.40554156171285,2.92,Mid
AXSM,0.5570828424914945,252.16000366210938,62.96124030023624,5.517535708722746,0.8006017717223372,-0.46045791259943336,1.0628143388519982,0.9874704382106362,0,2.194898580181628,38.06395340801809,-3.46318708558426,3.547237039050145,-2.235139828896478,-9.15016396817125,0.9880530469058847,192.04,62.31360201511335,12.98,Large
COCO,0.6005062849766666,83.63999938964844,45.3352498993485,7.966463872436079,0.8773012134008971,-0.19665392063947776,0.6515999197941735,2.1759919991435437,0,0.7725895695085785,52.87881701474506,-2.85153746523124,3.938906255892459,-2.049420321452365,-0.8329943869065236,1.1669398333498966,106.87,61.40554156171285,4.78,Mid
RLYB,0.6356984380429499,15.920000076293945,149.30999686282203,1.8260903619536866,0.1851140296448558,-0.1512971910774501,0.5647045855684794,1.0050241622819507,0,3.3013049361579663,12.747876807338326,-2.3960547048497234,4.500584108400524,-9.411627316075332,-2.4844696211371713,0.7931082867740622,4.69,61.11964735516373,0.09,Micro
ALKS,0.585042301843621,44.5099983215332,48.53732368646489,6.793667586756243,0.8321727626785327,-0.7131379621207861,2.0107851976947337,0.2583726865893348,0,0.8738513575401224,25.876689912285332,-2.9459463582660304,3.863497425314935,-2.7316434567797465,-2.5741927992478266,1.135959341081471,89.12,60.70025188916877,7.42,Mid
NPO,0.5685992097467634,363.6199951171875,57.684873394845425,12.663355056825539,1.028930387737785,0.17824036258136564,1.0959286955177958,0.5500247584982063,1,0.0,46.79317507997225,-5.896933178417301,3.534227879956638,-1.0840482991343103,-9.245511821322689,1.0848976322809605,84.27,60.397984886649866,7.68,Mid
CALY,0.5618723260111566,17.200000762939453,39.70843276431688,8.325989651220446,0.8270291462602155,-0.3279671882276183,3.139528977875642,0.08720574989673471,0,3.063323048928984,36.61636659343334,-5.414441293429875,3.689784380583331,-4.444440205645014,-2.3554598022218447,1.0482262153911572,47.94,60.275818639798494,3.09,Mid
TDAY,0.5749545542927742,7.920000076293945,33.23505941984439,1.3824902230589327,0.722977452455687,-0.8300512132173731,0.7575750277017852,0.7575750277017852,0,3.565335704116633,21.10091930090628,-4.12782867230909,3.8780669427757917,-4.347822080237988,-2.7142865313330873,0.9445932380401401,13.37,60.24181360201513,1.17,Small
KOP,0.5524588815225308,43.650001525878906,44.44304429837287,4.302757916369149,0.9040012962879522,-0.4981782457286489,2.0847647550521793,-0.16036584736684184,0,3.1303944439736116,24.6306418828505,-11.537447882097744,3.310423011022159,-5.721230060822808,-4.826839237734914,0.9929324590724992,7.39,60.06926952141058,0.84,Small
KFRC,0.6151908882382984,46.720001220703125,45.27440699148286,1.6925471487293484,0.5915944583711297,-0.7479030864958999,2.825341738670656,0.6421298028957463,0,5.8531135811253385,2.676121942008343,-6.335073636234754,4.045286931345247,-7.850097598158453,-0.709220456834662,0.9216937742123872,11.81,60.03652392947103,0.83,Small
WTTR,0.5613839830533204,18.040000915527344,59.39319063442383,-3.4364573540266883,0.6415719611802733,-0.43336329595923667,0.44345853459886897,1.1086516229398995,0,20.02853279184863,42.29843844074047,6.886232559885379,3.6937734706729,-11.914056060195627,2.5016386353324322,0.9976772544242978,33.0,59.72670025188916,2.24,Mid
AMN,0.6038593711454546,32.380001068115234,93.03393330237685,9.545481211296082,0.9596401403837638,0.303347517378729,2.31624451895206,3.150088068983841,0,0.0,65.62661038920575,-1.0401214184307463,4.947938707884695,-2.2638091632878705,-0.8051612057328844,1.2009522152574084,34.25,59.43324937027709,1.26,Small
MOG-A,0.5656571147085386,411.3699951171875,57.82638390789954,11.787907021656427,0.8741586928508387,-0.15189889177777297,0.32938984427846457,0.6009968121107914,1,0.0,41.28626338873992,-12.832483827848499,3.4738861204138214,-0.32830842965327656,-5.3412114700068685,1.271178539098968,113.02,59.31863979848866,13.03,Large
LNTH,0.5642447541360192,103.19000244140625,45.54212878275366,2.6219897438069344,1.0598448039970223,-0.10611969086221326,1.0563077250565271,1.531157857987782,0,3.6780078057959233,28.97137818521517,-6.674558067513953,3.394362256440936,-4.444851854126411,-5.968232483828842,1.0309329210246956,98.42,59.22166246851385,6.72,Mid
PKOH,0.5785760248582351,34.61000061035156,43.084981571140624,5.077800410142796,0.8564041847608378,0.4000027217442934,2.022539007727909,0.8379107495081287,0,1.2187299550994224,12.224385340429626,-15.931975511499937,3.700418462536105,-2.589356038637121,-10.718732261964172,0.895530940237898,2.35,59.09068010075566,0.5,Small
TBBB,0.5549986938772536,42.540000915527344,19.246435579632013,9.472711337729766,1.1430349283217782,0.12813922838865363,2.8796390402642564,0.8932794074473069,0,0.0,12.480172550673686,0.4955955580486314,4.698938815244574,-2.8767085466940197,2.3503706114831315,0.9545391108786365,28.18,58.74559193954661,5.13,Mid
DCO,0.60072775063325,163.49000549316406,66.53624286850632,6.8345672242913835,1.0867653397854211,0.7704847458524339,1.3792828602626304,3.351828240656765,0,3.3901868427291473,18.350952812608547,-4.874782124910496,3.870263457998039,-3.1112953828732532,-5.12648787387884,1.1224299380882652,36.23,58.53274559193954,2.47,Mid
EE,0.5643074310663522,34.439998626708984,19.563147166445937,2.1624946288520652,0.9894795885003796,-1.052990950017391,1.5098736309045648,0.522648990557626,0,52.32118161309076,-3.3710805476317542,4.647293490456845,3.0238925885767975,-19.87689141889861,0.2699475791786873,0.8773018372535284,12.78,58.512594458438286,1.1,Small
FDX,0.55503920431126,325.92999267578125,34.94048506744729,-0.7685602933947556,0.8129712847748638,-1.1135997468842775,0.7455566319086899,0.27305990576386013,0,10.619240983115755,12.715378017591217,-9.81678433270494,3.1266048745141113,-5.628746769027742,-3.680669132703782,1.124996116956637,641.21,57.714105793450884,77.77,Large
CRI,0.5824444474791146,41.31999969482422,20.540889821351893,4.8799382461613625,0.7061375147315472,-0.9051168776019551,2.516933950837323,0.21781256836985408,0,7.046730983243458,24.893445906434682,-10.873217327570849,3.9707498549573588,-5.711627452585003,1.2485829761491751,0.9641873333777724,43.83,57.648614609571794,1.52,Small
MIRM,0.6435067503389232,102.04000091552734,49.7211330151055,4.849171905801032,0.8623729889557387,0.10845218050525426,2.1266151993868116,0.7840017788883679,0,26.357142857142858,-6.5225380246008875,-1.756403845643096,4.190934216190323,-11.261846411608456,-1.306847862044972,0.8402445217034413,92.56,57.639798488664994,6.22,Mid
IFS,0.5743430101268401,57.54999923706055,34.67300603486765,12.14388599831053,0.8861199784169058,0.04061352652099322,1.0599489460082219,-0.7558602334542961,1,0.0,30.79663214611314,-7.185762259757021,3.9381903888395735,-1.0488318637232885,-2.8365913469536617,1.2074164288248843,20.33,57.6183879093199,6.39,Mid
CRS,0.5713574029091582,575.469970703125,68.54032864496425,15.69561131945478,1.121890691934437,-0.5184741446151281,1.7264252001879106,0.010425836559349758,1,0.0,85.48880830716786,-13.42126859761376,3.5874404351548117,-1.6971255962159981,-11.370557628221285,1.129337797258782,387.09,57.596977329974806,28.59,Large
CXW,0.5868004776294756,28.170000076293945,38.87359466385596,18.885841311587935,1.2357053864589052,0.5630227640838722,1.5974467934139986,1.3844561445756818,1,0.0,44.75848613129437,-0.8567363313008093,3.838938351511246,-1.5723296636205948,0.1501440439573496,1.4690724177462597,29.57,57.560453400503775,2.79,Mid
TIGO,0.6073145616129881,88.93000030517578,63.03464560469545,2.442115945457071,0.9576361394132678,-0.151917484904549,2.2489598483236586,0.0787132515272887,0,3.9437216954729717,4.18228639790973,-4.608346447967039,4.365230418535977,-6.122667419152018,-1.640165767485691,1.0703258275179082,151.75,57.16876574307306,14.9,Large
EC,0.5971312502263341,15.670000076293945,61.334638499379544,2.211206906649972,0.8908623273462257,-0.4951124105760408,0.38289993184901566,1.021058370280109,0,7.061900200091224,-3.569230299509922,-6.495359261102486,4.371410386496577,-6.7816741570414525,8.157713683167096,1.1217737058675958,46.26,57.00000000000001,32.21,Large
ATEN,0.5926332360913452,32.91999816894531,76.42100601661245,6.490686095278932,0.9724146997593865,-0.003582659256661288,1.640343090967556,0.6679776309274273,0,0.0,53.730746645611994,-3.0763752147461445,4.675836795044932,-2.1403128232614588,-1.4991871731529387,1.3258367845735686,35.61,56.95088161209069,2.37,Mid
PHVS,0.5805997867065239,33.40999984741211,30.32315681853661,8.825588621910892,0.6771213206801807,0.23930054808284637,0.26938088295791507,0.0,1,0.0,12.001340706477832,-1.7961952908227792,4.5249503825927535,-0.26865717189613153,-3.017241910753493,1.1344395929833502,11.22,56.4735516372796,2.33,Mid
SNX,0.5972049587348474,283.80999755859375,80.49973346106276,7.317000274182169,0.9089334617668148,-0.13297801271188758,2.5369128180621647,0.683556766177306,0,0.6733539907374866,68.61894136063945,-9.060373242115514,3.932711801905037,-2.4741458937461593,-4.662824040707626,1.2881492037453206,213.36,56.42695214105793,22.88,Large
FSTR,0.5800032605213729,41.630001068115234,34.88049078710975,1.7500159318241264,0.6555413399435609,-0.11234690117135089,1.693485463012517,1.4652817198864925,0,8.64540449382471,1.191059031902124,-6.81454616907465,4.3057891933756665,-4.298848119176499,-0.671143516956914,1.120222281780727,5.18,55.68891687657431,0.44,Small
FTNT,0.5748298885988686,144.13999938964844,67.3478721765558,2.5141349652113143,0.9663523903555077,0.42324943606828663,1.5228301189802549,1.6997342573883343,0,7.636605557910286,33.50004423420786,-0.22720222258837672,4.560051731496307,-3.9514943993567697,5.996182751081444,1.34329430918927,911.81,55.67884130982368,105.6,Mega
IRM,0.5815998994943543,125.44000244140625,44.980778546664354,-0.38550554502309686,0.786418617370029,-1.1088052398902408,0.9805450443161424,0.015947283220216883,0,15.25397491878055,20.120084490286956,-2.8254591069203006,2.9968618127749136,-5.811316318038005,-8.879973894511203,1.1212795599011989,188.0,55.43198992443325,37.32,Large
MGM,0.5875594810558847,46.939998626708984,16.107526874354438,3.916227048355007,0.6937633253355429,-0.9168509081530423,0.7030209331165638,0.0,0,12.303574472864025,-7.397909058040721,-16.46307670641079,3.910767775705546,-9.013377615885734,3.0614934443583204,0.8617223573163872,240.53,55.187657430730475,12.01,Large
TKR,0.5557797808570679,139.39999389648438,51.780469017684496,6.469915005380808,1.0313799828855459,-0.09140957305998643,2.0596848545308664,0.7209395036003468,0,0.9018636853329394,41.73350578893823,-16.27652062202912,3.3242562716080837,-2.8985610453065154,-7.703941529145878,1.2692786967109235,139.16,54.871536523929464,9.69,Mid
PSIG,0.5969986118221416,11.25,157.12005122591216,23.51778601548761,2.4344741610779828,3.4970149159950825,2.5777774384644405,1.6888936359175846,0,0.0,27.118638585420236,-2.3653065066615646,5.492064460875496,-2.8497402923293316,-0.5934783389112,1.5440334732666692,11.2,54.68387909319898,0.17,Micro
MPC,0.5585932494536318,244.61000061035156,23.557057187996033,-4.683228201171556,1.0597042187770795,-0.11181541276299321,0.2902607056509032,0.19214309289418063,0,26.924188612266413,5.5965072994572305,5.713299209807926,3.6635570290678743,-10.221680877214634,8.756417616127859,1.059461850643595,567.43,54.385390428211586,71.41,Large
GTX,0.6174553719161414,33.7599983215332,91.9321257576898,2.814556561391752,0.8051473241055477,-0.19645796691660453,0.9774823245093701,0.5183626947746119,0,2.2416283676651423,32.14619999968241,-12.72604679085996,3.9530106377256944,-3.6942004630775385,-6.4640885550111244,1.2161020961678932,95.27,54.28841309823679,6.32,Mid
OOMA,0.6229094767268794,17.3799991607666,41.66278773161556,-2.001695986119554,0.773344928318448,-0.6436268970131964,-0.23014390165623697,1.0788262890856286,0,27.561586201021033,-0.28686829334973296,10.61538304983623,4.375928462664542,-20.856102524776023,2.5273215632304566,0.9062883382267302,5.37,54.12846347607052,0.48,Small
SEPN,0.555657859270796,35.79999923706055,22.246851913722487,14.042700384286697,1.1099409036055135,0.09937921795002164,0.8938539151811297,3.6033439337580373,0,2.076552656122119,43.89067702652837,-12.37269203396053,5.369912617400698,-3.269384326710329,2.8582970508506076,1.0772827173833286,12.17,53.94458438287154,1.61,Small
RSI,0.6123980488155969,28.280000686645508,39.76718635789778,3.8693947073757653,1.258389712762043,0.4864534839976623,1.5205102359266653,0.6364932842961943,0,7.514032213805204,1.5075379292088609,3.2857145580753153,3.8320864573481024,-8.656325830076277,-1.2239368281412528,1.1160318336171327,57.61,53.84382871536524,2.91,Mid
MSGS,0.5627222965728339,361.7799987792969,42.72620508334008,-3.512982645339921,1.6482136830447751,1.35163159163689,0.08362008761486037,1.0531255380172357,0,15.529406903106501,5.857908602982183,-3.72918302569719,3.20123425760658,-8.87153683138902,-5.923801390047076,1.087330438818089,90.97,53.65239294710328,8.71,Mid
ECPG,0.5879865494198422,82.63999938964844,44.39570189314064,2.284822548818494,0.8393418042879245,-0.08874154136179027,1.3189786729457567,1.0043584670556165,0,10.913805058940577,0.5108223822726581,-1.6517658798892867,3.23952458457928,-10.794473300708432,-8.06669844880457,0.9737963774755686,28.37,53.46725440806046,1.77,Small
AIR,0.5688301631008249,132.13999938964844,50.295388722474634,12.77726968241219,1.0035841022878458,-0.2012648816022703,1.827602010950003,1.3009001115037973,0,0.0,44.668277520376954,-11.82476001311343,3.7375929546354305,-1.9296467251726794,-10.653431572359079,1.1782079700680026,49.19,53.31486146095719,5.25,Mid
DHC,0.6138105338031348,8.59000015258789,66.02921227910943,-1.1109166823587802,0.982907773996558,-0.15867275376293716,1.2805547696212927,1.5133889652681698,0,12.369373893759098,28.191818322066236,-2.797200154129212,4.1410241469127245,-6.0175073305822355,-5.331409356850312,1.0854134187823548,14.55,53.191435768261975,2.08,Mid
MRNA,0.6149939177914988,61.79999923706055,97.08315930910433,25.910455622461214,1.2563441707233665,0.5949461410224093,0.8090614986481534,2.750810329933596,1,0.0,19.14401486305086,-4.133856822276859,5.844890950581213,-0.8025682281140996,-5.448013388405135,1.2371034818869937,423.57,53.02518891687657,24.52,Large
CHEF,0.5518247088808793,92.37000274658203,36.479589525240065,12.673825814347484,1.7084897885348191,1.3538792121084398,1.5264735522012145,2.6632012680513335,0,3.5771193138760324,-1.7967200253657098,0.31140244546093426,3.1573331335925596,-2.931905010643607,-11.731938835086826,1.1987713165701421,45.65,52.95717884130981,3.77,Mid
ITRN,0.5665836636188104,64.38999938964844,43.874751491789276,0.9318823621023946,0.8005463515591021,0.13751426592331897,3.3374780175994516,0.17859584540737353,0,12.261686249815778,-1.7696469993689365,-12.151006279401196,3.664499466993529,-5.7247488833772415,-6.2548586815715765,1.1027064792484584,9.04,52.930730478589425,1.27,Small
CMBT,0.5554688853092686,14.710000038146973,48.55397474678283,-3.156792666502764,0.6494611743254333,-0.7890562540734243,-0.06798252110960461,0.20394108015876714,0,14.885851328909162,-7.662808206650516,5.177611619568298,3.3572709123792106,-13.446896072514114,-3.85218240083755,1.1010501030186572,23.96,52.920654911838795,4.27,Mid
NWPX,0.6182987055101686,138.88999938964844,110.88774986993712,14.147406810072646,1.0134043950227944,0.9348148247827159,0.4679918635870767,0.0,1,0.0,96.33871018226236,-13.610078715014643,4.034024621576991,-0.4658119017870928,-11.236666117277352,1.3786827421980992,21.85,52.79722921914358,1.34,Small
ESI,0.6125494896127986,45.25,64.89565469131718,7.409568748814108,0.8187309457997023,-0.33498658723857505,2.320440302844956,0.3093909163433008,0,0.0,6.521328976904559,-8.687947673389349,4.04701893546857,-2.2678169640171473,-10.375728481056179,1.1713068804883136,134.83,52.638539042821165,11.02,Large
ARW,0.5609380280611252,225.99000549316406,89.71269456425819,2.1950321116658706,0.553145590676619,-0.8661709473353032,0.5907303078111565,0.008851839450684951,0,3.61547913969733,42.490540224342226,-5.449163718188354,3.676364634708931,-3.612556930019929,-17.52843131968303,1.1483323509626477,161.83,52.50125944584383,11.56,Large
MG,0.5856404802643558,18.3700008392334,37.140510531759574,2.3769091794596275,0.6608811531872405,-0.6715919937757604,1.3609144723197717,0.21775129938881116,0,14.76827733515175,24.289588436261905,-6.0859215022269915,3.7405694785934425,-6.0838377256612715,-10.529722972940462,0.8958102043615859,3.16,52.35768261964735,0.58,Small
BAP,0.5994759895961311,386.94000244140625,34.10846138369059,11.682922447738656,1.0329872184483253,0.2683238802088723,2.3466135615216284,-0.8102056509630657,1,0.0,20.96032533758448,-10.275810130558416,4.333819316712626,-2.2928101671982084,-5.971421803474472,1.1200180597797882,203.78,52.32745591939547,30.74,Large
AAMI,0.5550226347538436,82.72000122070312,64.6650195518524,9.698456514494712,1.1852493395163017,1.1331669092662666,3.4453651612953227,0.08462245380849079,0,0.0,2.668488933841136,-9.381879971709886,3.475428106214635,-3.511025333410206,-15.461164812665324,1.19120611429989,32.42,52.07934508816121,2.95,Mid
ATI,0.6192963874167472,196.86000061035156,71.60299895163395,9.540410937182616,1.1540050963634234,-0.5171983832452955,2.3773202586850886,0.909217956441561,0,2.380374327317722,53.38943916713939,-12.8955022477558,4.057630701672981,-3.3104151724357815,-10.693916438371833,1.153269877673755,353.71,51.856423173803535,26.87,Large
CAKE,0.5632923474749149,75.5199966430664,42.25305476281065,12.239813571111226,1.5172561718044482,-0.08910841683529487,1.986097569548741,0.8605698790123857,0,0.0,21.890696869074215,-11.082598926188824,3.681122770867367,-1.9474199100464014,-9.82430942603434,1.2318283996482953,93.97,51.750629722921914,3.75,Mid
RVMD,0.6318464290639036,157.77000427246094,90.24122641436065,2.7395951854393754,0.6232417340151534,-0.3319937266960834,2.427585553218462,0.0,0,2.3030629981682456,32.98213510096903,-3.8696516158255916,4.36612070593123,-5.2432406771691475,-52.674206156958235,0.9125145382149293,539.98,51.60201511335013,33.54,Large
STRZ,0.6207921788057931,28.489999771118164,134.66260518980397,10.98450560642779,0.597054182009465,-0.5478090513255724,2.2288530500561152,0.0,0,0.0,158.9999979048015,-7.454889527839863,5.80604704025024,-2.180258296515136,-27.196978468669368,1.0293219957834234,4.64,51.460957178841305,0.48,Small
CAT,0.5688301631008249,955.9199829101562,53.30716588245876,5.763601228116907,1.0100626520646996,-0.4559464302094407,1.9520498068112648,0.30546311013017446,0,0.0,38.43772089707717,-5.787358815175432,3.7969416583218973,-2.0212405643660447,-9.636411781828171,1.2784900025710337,2477.5,51.420654911838795,440.29,Mega
SON,0.550570006036545,50.65999984741211,10.873367430241721,2.907868131439154,0.9024461620679581,-0.3817703387100731,2.250294893524698,0.6513975865472992,0,35.667225389455126,7.596924786916856,-7.420186758726395,3.0864022694124844,-11.576956507678664,-1.4798359383826387,1.0565804527720948,70.5,51.27455919395466,5.01,Mid
GH,0.5644864489778725,129.11000061035156,16.284773719900848,1.5930231473570762,0.823185717946834,0.0038640147237948472,1.3012103383365197,1.8124051791576623,0,8.74916266859781,64.26209047856175,-29.86047353652118,4.822575994305268,-4.3629625108183765,7.395499785757995,1.0970087548350083,295.85,51.11712846347608,17.12,Large
CVGI,0.6308161713636586,5.289999961853027,227.47502171927252,2.2815150600138128,0.7529582856469352,-0.08578999321760634,3.591683526553132,0.756142951491712,0,4.9126270688061835,160.5911347193516,-9.979210492387615,7.520927330969468,-10.03401600347841,1.2077225965727412,1.07700888658804,2.6,50.99748110831235,0.18,Micro
ETON,0.6349747154607962,32.7599983215332,95.92420170930333,5.312217440379722,0.6441948056496629,-0.03727627204686502,1.3888945493068756,1.2667916263044956,0,3.818983592051859,85.6090596528016,1.489808065818486,4.910168715525058,-8.13236550254231,-8.2202770036306,0.9640214528490632,12.8,50.88413098236776,0.9,Small
LIND,0.6279046109982451,23.959999084472656,58.79078348816067,7.75076658564288,0.7422916908399791,-0.18212949722430247,3.6310474336047047,0.5008302857470598,0,0.6387581145668855,41.859087921215064,-22.264359772292636,4.561173331052824,-3.7751026040993563,-16.959061717350856,0.9738199218211089,17.21,50.81108312342568,1.57,Small
SYRE,0.6217245358303665,87.48999786376953,152.9498691349675,15.348354829923991,0.9821894282676736,0.7862785880401036,0.6172144573166017,0.86867316810909,1,0.0,38.28038127135985,-8.841187551380301,5.466747901704674,-0.6134282892302031,-25.019533558900253,1.126263558185591,111.06,50.80730478589422,7.6,Mid
LINC,0.607839016371602,46.5,94.1225515310407,-2.3068203032195598,0.9816854046731981,-0.7451096142616537,1.0322570800559259,1.0107553133183171,0,20.223569263683366,3.1270788259243627,-1.2418441873698476,5.007680257161459,-13.08411214928815,3.791354022147917,1.1525774221517577,23.24,50.76070528967255,1.48,Small
IFF,0.5524364366160522,76.05000305175781,10.4791183685087,0.7378202438946632,0.8096187286647913,-1.1841572402277225,1.0059163168182097,0.8810069315513949,0,27.597084461864135,0.0,-6.959303076576787,3.4145770543879856,-9.41486841077825,-3.7296268301209476,0.8911260123507281,143.17,50.74181360201512,19.42,Large
DXPE,0.6537874007498055,164.8699951171875,42.73878157394544,5.7818444428935765,0.679871131922541,-0.17972674593938037,0.4575785845679572,1.322249493741124,0,15.049348341874044,28.223668353600694,-6.660972023004766,4.012010930470298,-10.35289444058726,-7.077563471338326,0.8889555572033344,29.81,50.72544080604534,2.56,Mid
MTRN,0.6193213780482888,263.9100036621094,100.33008629854714,14.889408719442827,1.4630719635917966,3.332672459172392,2.5084290194767163,0.3808134852271174,1,0.0,43.67142685998661,-14.453605438311632,4.120857550260371,-2.4470465926271405,-9.631443563672255,1.3866775816042265,77.28,50.67380352644836,5.49,Mid
CPIX,0.6539616390332654,5.610000133514404,79.42125181143132,-2.094239240510435,0.025153892016839954,-0.1188467109713245,1.9607866466464139,0.17825719504553178,0,2.0560306414078062,43.84615374086052,-8.31793528116964,6.060606207788241,-15.12859273297827,-3.5830663150009268,0.8407823020063957,6.77,50.47984886649874,0.08,Micro
MUSA,0.5980192394514892,571.8699951171875,32.05824333168559,3.356691998286051,0.9799945848951612,-0.6623321121485354,0.5823031665012501,1.1016575238963147,0,13.363827664219876,44.292865829033154,9.392885704321884,4.055242146470532,-10.090400740101991,5.208705058457666,1.154305251013623,189.54,50.37153652392947,10.56,Large
ELA,0.6257572685994288,26.420000076293945,100.88267229787418,4.546714699328765,0.7628434437049783,-0.3754257284318381,0.8323244912272881,0.8894727566821389,0,4.327247621969929,73.47341345802678,-17.802194447835273,6.12358123671004,-8.581313407908747,-4.588787359120674,1.0002819543898043,2.78,50.36901763224182,0.69,Small
YPF,0.6169856772744565,50.849998474121094,35.36288599475385,-3.1530059810929068,1.1306026283070147,-0.15148332295047312,1.278272458940046,0.33431302663359164,0,13.182653675951364,22.26496342230564,-7.568809710871703,4.096081547566624,-11.54983999020695,4.663793624504695,1.1545478144147807,104.84,49.987405541561714,19.94,Large
IMVT,0.60924921606925,34.709999084472656,24.03235672542956,5.43101559965486,0.6634929853767942,0.04998083707544288,2.0743337357345846,0.0,0,10.159443225999402,-2.3903325533414903,-27.082535883095925,4.232004172632381,-4.340638747469576,-7.882968624609234,0.9714408572702948,67.46,49.929471032745596,7.13,Mid
RCKY,0.566511566170629,40.0,19.70544326643906,4.894848160453462,0.5047868469981965,-0.1541815360628343,1.8249988555451953,0.8250045776160937,0,36.65657062209606,-12.358876465960908,-9.202619116837786,3.6082387585859967,-17.21782792705577,-3.982080418688992,0.8607690583256413,2.48,49.913098236775824,0.3,Small
CMI,0.5506479184685495,717.780029296875,30.204684382319623,7.8639157860093265,1.2058291848716147,2.3645764025806666,2.187437394279386,0.5893143158200881,1,0.0,33.62712851226183,-1.5903235833571272,3.7826061752882834,-2.14061282879557,-10.557129412998004,1.1717052205546101,669.73,49.58816120906802,99.05,Large
XMAX,0.5655896153971675,8.199999809265137,28.8122935795448,-2.4158063927726308,0.9632736375403983,-0.6738188255318764,0.48780442412880975,0.9756088482576195,0,23.63724252845322,-4.651169237386926,-2.985071793868506,3.8414642017984204,-7.134769193804838,0.0,1.271960557513605,10.46,49.44395465994962,0.52,Small
PLXS,0.6082238960893787,294.0299987792969,74.62326716635638,5.827855895342261,0.8070132027559628,-0.111642522163324,1.3842149920423303,1.1529381848524973,0,1.1464028934621264,48.800602073249436,-7.291129494563957,4.181302328581326,-2.7324785907934483,-9.659884688811347,1.3039480386723832,92.59,49.41057934508816,7.87,Mid
BLBD,0.5849934354051815,73.3499984741211,34.32769623507921,4.586995969947077,0.7217906321176718,-0.35356029424844093,2.085887949698896,1.2269959708099645,0,0.0,3.5431991331886845,-9.621038010520532,3.566072987474672,-10.011045820329105,-10.881453103605294,0.9117294736206306,32.71,49.24055415617129,2.32,Mid
LPG,0.6215973915156867,40.02000045776367,58.256684271572404,-6.766532292512404,1.1432831793833287,1.1385159706219499,0.3498235583297704,0.3498235583297704,0,23.677202476482698,-16.135793306387182,-2.717394929453128,4.548438178068253,-16.8329149080376,-1.4666947622896098,1.1023533919518,23.71,49.081863979848855,1.71,Small
BCRX,0.5682133105658479,8.949999809265137,8.450668933593409,3.997209100347803,0.850555605328031,-0.12370221400962943,2.569837997614784,1.4525152759424116,0,39.204654209650194,-3.763444884450437,-3.990871259826027,3.7270574914924715,-13.275193080804303,-0.8342014851389178,0.8469662188219367,38.71,49.021410579345094,2.27,Mid
TRVI,0.5695463646759067,16.3700008392334,20.349975511770335,15.959487357277016,1.2721439170391295,1.558267013320094,2.626746339379037,0.9163137721772481,1,0.0,7.485235267149743,-9.138973255083329,4.4397419594956,-2.559514388863681,-7.175569106403978,1.0790321056163534,24.74,48.99874055415617,2.32,Mid
IBKR,0.6115200362025448,95.08999633789062,42.09677591013181,9.423979091715719,0.8260511767945827,0.19810384611842471,1.7404632163336504,0.11567250519710609,1,0.0,25.710480630361065,2.9958020991890035,3.969961947931453,-1.7106892983501105,-13.199236489438935,1.223145811583236,473.02,48.88916876574307,42.36,Large
CLDX,0.5569025986728959,32.93000030517578,12.090131083504163,7.735847062429858,1.1439806861624469,0.1578154557897688,1.8979653634645908,0.8803575180777287,1,12.680613588774245,6.020608085404728,-4.975124440891683,3.5432080698479322,-7.991060455745484,-6.315794020507052,0.8824400657309118,26.27,48.87027707808564,2.58,Mid
URGN,0.606537484338554,32.810001373291016,34.12098530377339,13.628694016309172,0.7288659839532188,-0.5917331547697527,1.7982326360101835,0.9997041022513148,1,0.0,24.990481421108992,-3.786269236094386,5.106239571847712,-1.7664674419642872,-17.69272604018718,0.9633931216276028,27.23,48.811083123425696,1.6,Small
NGS,0.5636976502407071,41.7599983215332,16.594080798414666,1.053850917021973,1.1785873872448243,-0.6328228396839246,1.5804594682083148,-0.023942341797959673,0,11.01250275117324,21.365797078719524,5.3885248182582,4.301792990000213,-5.090912905490654,-0.5196099628289755,1.166443471843859,4.14,48.768261964735515,0.54,Small
BHE,0.6048835804328127,91.05000305175781,84.806279318662,4.953146496172952,1.0105812334620603,0.4720598936663441,0.6534884137877061,2.635915920275428,0,0.8628025937265856,69.05438398801881,-5.7926444789530365,4.457910678137815,-2.285895306309413,-11.906016238375235,1.2855485342070954,39.45,48.594458438287155,3.27,Mid
HLIO,0.5559764104173954,84.5999984741211,37.47043019998419,2.0863730112276766,0.7597483029365208,0.17439642222739785,1.6489412501244618,0.8392424317613322,0,3.0310776331094518,9.062780465210336,-5.850651033740164,3.686676942172112,-3.721411369309329,-8.399550207325415,1.2685144156966006,29.55,48.303526448362724,2.8,Mid
KEYS,0.6107240060587861,350.70001220703125,59.56070969179243,2.503551569911798,0.7918411733863838,-0.7227023541919199,0.8982018211666998,0.9324264093011385,0,8.60513392923056,16.326124262603916,-1.0287433366093437,3.978003277534819,-5.261018768987396,-9.929811901792561,1.154816630138885,510.93,48.003778337531486,59.93,Large
DOCN,0.59645174637297,177.80999755859375,278.9334137631096,6.026092079773714,0.6015306234777561,-0.4380151839234629,5.449638701085189,3.7736948461620115,0,1.5065928974554368,98.93712577934183,-0.26662703978814334,8.441674737784497,-5.168001302055771,15.174962403534368,1.4387102648912373,731.06,47.9911838790932,18.56,Large
DRS,0.5747739853556255,46.58000183105469,29.388775897964024,-0.17679676002838882,1.0809559533998976,0.225932798175456,0.9016705719755572,0.34349472116594726,0,12.853535010658664,6.724881715202895,-5.93318621651678,3.913389504980399,-7.926464339511987,-2.9227195612240964,1.1894031199033233,44.74,47.924433249370274,12.43,Large
MITK,0.6171358505716837,16.8700008392334,65.35102870382532,3.268857911625336,0.5919797071290513,-0.413331441756615,2.845284637399504,0.9484395186226235,0,4.402180309539222,14.683893918002214,-21.48410598775875,5.36455303300317,-6.12130504224567,-6.149342327302701,1.0882782138696088,18.97,47.74559193954659,0.76,Small
CAVA,0.6397089485390235,88.05000305175781,60.12019953213521,10.134091562265574,1.092988198950107,-0.5911054425145851,2.78250637512664,1.3798935783825281,0,15.048946911000574,2.7781077782810684,-5.222726648952198,4.534436128533291,-10.871543439749836,-5.706068377672788,1.041482498553036,270.96,47.7191435768262,10.26,Large
DGII,0.6093475034860532,67.37999725341797,39.63614272300373,0.2574090519735583,0.7193020304601059,-0.5217472483773139,0.4450933242049697,0.21519241462554248,0,8.650053709215845,40.99183084785371,-8.836446579289527,4.34156984787327,-4.817069667975158,-5.4576760004682034,1.1729849720760726,21.01,47.714105793450884,2.54,Mid
AVT,0.6154531790693414,89.80999755859375,74.54991038807938,2.0529484973031904,0.946769674582437,0.997575012034299,1.024382801407877,0.18928646427421356,0,4.5450630002542525,51.179181007924726,-5.770865256156815,3.928262445091151,-5.364767985874211,-14.74492513108653,1.1665791343416998,126.58,47.59823677581864,7.37,Mid
CTOS,0.6150167886587466,10.609999656677246,62.21520735656536,6.32327599327401,0.8654588912549688,0.06445455186481112,2.544773482328092,0.3298760465725744,0,2.4371865338830654,71.40548558778976,-5.615545261125669,4.092499503420342,-4.414420791969886,-9.93976411778444,1.2164083426727494,11.22,47.54659949622167,2.41,Mid
ALOT,0.6102359254068599,28.350000381469727,245.3508983391155,76.55301571580911,5.053552456221923,10.956602990072613,0.6349217028126912,0.3527350268805004,1,0.0,88.74833233396103,-7.132667384293247,6.04938269231795,-1.150627336761201,-10.09345740987722,1.4656253136145778,3.08,47.46725440806045,0.22,Micro
CMP,0.6502146745850352,31.09000015258789,58.31433002823489,0.12721319175366874,0.6790574318715347,-0.6120843316697799,3.264713363249383,0.6111306951398985,0,9.317998993755028,44.60465187042718,-12.3316850961609,4.745440956512854,-9.884057528444258,-7.672189136142997,0.9836930354586096,20.44,47.27581863979849,1.3,Small
CVLG,0.6014749166264198,42.27000045776367,74.18265452929269,1.0082850738900686,0.9550610000057966,-0.025921708045240088,-0.6860679261412665,0.6387519631731959,0,9.046336076118353,24.123632696930876,-10.989637332586561,4.418368764281799,-10.216655025735575,-2.9996368983789634,1.2837418340487865,8.31,46.952141057934504,1.06,Small
CASY,0.6117783923852481,850.8499755859375,46.356788004920446,4.591011889718567,0.8206750845520357,-0.1768413812733608,0.602927076453601,1.2751925600577136,0,15.643118509547246,12.272417092085062,7.9528272709689904,4.3950160952374535,-8.298755405074134,-0.0849282107555596,1.470349903251558,569.39,46.91813602015114,31.54,Large
CTRN,0.5766593372754605,56.84000015258789,17.919185690942243,22.407667361135122,1.6283195473239198,0.5381250498882414,0.9588285845754185,0.35185951390178377,0,0.0,36.864921316960306,-24.101196859379694,6.418391600034343,-2.437346738467207,-6.71694191269254,0.9534881141126312,7.0,46.759445843828715,0.47,Small
MGNX,0.6366965404417888,3.9600000381469727,179.5834569155895,-4.116222278456288,0.6033678296503574,-0.2927652418935982,2.7777811218936135,0.0,0,14.200523850139396,15.451893904373163,3.0973421912697656,6.260822801430662,-14.655169132733473,-4.179107726802729,1.0565630053856017,4.0,46.7544080604534,0.25,Micro
CROX,0.6005396817844664,124.52999877929688,27.89171801091421,4.283380329213439,0.7620200579002642,-0.7960329224379621,2.144054095962319,0.20075484015788408,0,3.7772322778194547,26.4777574009451,-19.453131530995712,3.8894810541295533,-4.052696493480292,-11.860280294729355,1.1050526552518891,157.41,46.71032745591939,6.19,Mid
TVTX,0.6192963874167472,54.13999938964844,46.286105942670574,14.038965675584873,0.8323412071144972,-0.36416541463948127,1.7824162605265461,1.3021758852830643,0,0.0,85.98419187094186,-13.014671600371026,4.642066281155895,-1.7512025416690822,-33.02810535614955,1.141412242592432,138.06,46.64861460957179,5.03,Mid
CDNA,0.5745490105605864,23.479999542236328,8.463046947764807,3.958202767334774,1.1309422546605776,0.6350642398977108,2.214652759281947,1.1925072065266078,0,2.0673449876758765,4.727919100303246,-7.939596230737091,5.044109236722372,-5.513081763169134,0.22637756283173513,1.0173124906838442,18.24,46.61460957178842,1.21,Small
SXI,0.5928447578341653,295.7799987792969,19.136941377011052,3.5720395174289212,0.9170879026394736,-0.08550818701293288,0.8181698965905381,0.03718485090812253,0,4.183573862113846,19.11472984496148,-12.35570438463417,3.8790898048197713,-6.987421767494734,-6.297044662309576,1.0378485776930955,56.59,46.5743073047859,3.58,Mid
FCFS,0.5793347344221569,224.1300048828125,27.262907985841878,0.6443807244154388,1.4561838526625592,2.342242870101444,1.9809465636626495,0.44393659729017493,0,15.024601106096243,2.6236314773056986,-2.4174296905552968,4.043727817077924,-4.841933709026646,-4.084559864322506,1.2592010804340708,85.48,46.46347607052896,9.83,Mid
IMUX,0.634564665877261,14.199999809265137,121.80272047542444,5.255353010927922,0.6609390826573752,-0.30665304286642153,2.746481327702722,1.542957756349647,0,5.1123142426953585,55.53121172747512,-20.689651201712252,8.449245140384075,-9.955615743980893,0.8403313528791306,1.1378600602068347,4.05,46.45465994962217,0.19,Micro
OPY,0.5853415202289549,107.66999816894531,41.80085918960612,9.843246362346427,1.6823143805085468,3.783904994776651,1.5138895797506335,1.0030666382570406,0,12.803520646481282,1.2316637373673884,0.9057541052734123,3.74424419472498,-9.155540891761818,-15.295715770329199,0.9986670905281329,9.33,46.392947103274565,1.15,Small
DBD,0.5553810301679278,80.88999938964844,11.643302424925817,1.086596047459405,0.5235233115682243,-0.3154060806903348,1.6931710080155398,0.6552092759171751,0,40.493318422734276,-4.283519885260134,-13.46517753106425,3.2126174284460123,-9.163395151457737,-9.252393436008955,0.9468680814956967,39.1,46.3073047858942,2.8,Mid
CSCO,0.597049514421361,117.33000183105469,42.094033016421584,-3.065101054879033,0.8490683712032395,-0.5462258015932968,0.5710373804513725,0.3323952813080833,0,18.21837530378863,51.91985212849758,-3.718149607914882,3.902301336583399,-10.002296367589299,-2.3921669532121284,1.3730733244604605,2750.1,46.21788413098237,462.45,Mega
DNLI,0.5805997867065239,23.489999771118164,25.99948576232718,14.95265232950631,1.1157816370437288,1.285546751291497,3.0438491252629625,0.10642664441379492,1,0.0,4.53938802353263,-11.595794606460643,4.931276347768946,-2.9539357769552796,-3.8639876654164724,1.2573386003143057,40.58,46.07178841309823,3.73,Mid
VSTS,0.619569314008384,12.800000190734863,59.8445333633032,1.0180738592216625,0.747023953168885,-0.7069582084343702,1.7968788473859478,0.9374990918872611,0,7.104245867949024,6.666668255568305,-1.097973925291917,4.253347473967432,-5.325445581343187,-17.005077829404474,1.1104436116019316,19.64,45.75062972292191,1.69,Small
PRLB,0.6122938375729514,79.56999969482422,42.32557366569081,5.6425910968785,1.1675210354368957,1.0285070807107928,1.156212356996645,2.0093008235408996,0,0.0,18.460625076251958,-6.029069992428212,4.145389530937633,-4.305474161533747,-7.613421103730871,1.27178797987948,15.02,45.630982367758186,1.89,Small
ORN,0.6017523354263539,15.279999732971191,30.58735517499429,7.715622488554516,1.0995615477188077,-0.20277518553606652,2.617804837491524,0.8507861040854325,0,5.0617700825541725,29.27242070377823,3.1013080781240028,4.973821791132179,-3.596218515735571,-7.323683862004931,1.1267183828637628,5.31,45.57934508816122,0.62,Small
LXFR,0.5788588716791757,18.31999969482422,26.461083171735254,6.122919431219841,0.95480778477734,-0.09915975341661062,2.237990470630646,0.7641888208128538,0,0.0,60.809431824963255,-10.224269475984837,3.820960464874294,-2.241195738533742,-9.105832933284926,1.3949973302459857,2.53,45.4345088161209,0.49,Small
PHIN,0.613284575191458,78.3499984741211,27.22999305745035,-0.728331528736069,1.2478490528936226,-0.12890906527859072,2.0229727062163883,0.12763047360217475,0,12.123179140849533,25.36768765377454,-9.02729152731878,3.929766893026846,-9.875193334637938,-2.5299875364901103,1.2256808096747598,26.58,45.420654911838795,2.9,Mid
SSRM,0.6287210723578405,31.770000457763672,35.999394293385436,9.47811231860767,1.2435318536645137,1.3310987059762365,6.342459428868548,0.18886173252938812,0,18.773365700929975,19.48100893288947,-0.33771858175091496,5.799495456163702,-13.006571578123152,-0.7671064707634777,1.0750874496828677,96.34,45.348866498740556,6.59,Mid
MPTI,0.5916439409925337,96.1500015258789,70.68975850445047,6.166843000960081,1.8871174443508683,0.6419073559898968,3.4247530246046667,0.4991202986830212,0,5.975843085699529,24.772910163307557,-11.688311688159892,6.11305156267919,-5.735292621631118,-1.703599008302583,1.5066135712317925,8.55,45.28589420654912,0.42,Small
AXGN,0.61614399213702,44.56999969482422,40.19655993494149,7.028791542615416,1.7684284103606662,1.4593647376027081,2.4904658243817734,0.47566031407662746,0,0.0,39.28124904509815,6.605761971127892,4.899194248973661,-2.7492954088192745,-11.197158240951216,1.155353482607458,50.19,45.23677581863979,2.37,Mid
BELFB,0.6115200362025448,299.8399963378906,63.66410038230188,7.68103569765454,0.8381294972229091,0.19410349907983263,2.106124105694289,1.7042373979310619,0,1.3357848478964658,11.576669549211413,-12.182130211417824,5.3165250038389065,-2.7346134804513946,-12.847086175333056,1.197095031444121,78.92,45.222921914357684,4.26,Mid
MRX,0.6116974145196541,61.59000015258789,53.47332810829646,8.61763376494177,0.7492344791547518,-0.6375997061222474,0.6981657803271363,1.6074065205358261,0,3.6037771848187026,43.474521249954314,1.7073623725296159,4.752046757660847,-3.403384921637335,-13.263783221909724,1.1835132982105296,62.95,45.20025188916877,4.43,Mid
ODC,0.5692020858493942,92.9800033569336,71.5242989744554,10.438706111328989,1.2930370842292311,0.16158007011430556,0.6721875429429863,0.9274087506541514,0,8.840887219265596,-5.690225366956492,-7.228910436266929,4.440838816064209,-6.109255273026415,-4.5162301671562926,1.724495010990499,7.15,45.104534005037785,1.35,Small
RUSHB,0.5580977934594384,70.18000030517578,9.74333586979943,4.362309249117401,1.2023671556576323,0.8835683275742092,0.14248856324426942,1.5673959380480293,0,22.799657654371217,-1.1238195439166523,-4.488387563585674,3.0431948032775242,-11.05766776977376,-8.25893202765769,1.0141338656922492,4.87,44.967254408060455,5.45,Mid
ESEA,0.5969502112442647,68.55999755859375,16.143978589210796,2.3237366798464483,1.136119804001594,0.06555556621238631,1.1012212372990673,0.4813217815145319,0,21.14395403106416,2.9978304231548214,1.536625283320524,3.8421865779844198,-11.8973558575017,-7.3875058540292455,0.8574070456734572,4.86,44.92695214105794,0.48,Small
KZIA,0.6358712106344372,14.25,40.374627933736605,13.613713632601218,0.8606988385106189,-0.1669906398448748,3.7192963714666556,1.4035074333410642,0,2.4418270611893136,23.59063599121159,-0.6622510281845166,7.8045106471929335,-18.10344647935866,1.6632000966617342,0.9302740281487754,3.45,44.88035264483627,0.16,Micro
TFIN,0.5504224731164364,71.01000213623047,4.586333986792246,-0.1125311537840028,0.8365461288830588,-0.11587256853390437,1.0491410995140638,0.28165690975505064,0,8.598545644568564,5.481287073795302,-12.271997070116148,3.6996798914463986,-8.774402007837372,-1.9433469720583838,1.0634999731941042,18.57,44.83249370277078,1.69,Small
SPHR,0.6209721006716433,152.35000610351562,60.07387490139182,7.78935058060784,1.1492582925290076,0.7969065605093409,1.549064992312864,2.730496844562779,0,2.371436986333764,41.813279037808535,2.8227349977866707,4.969473838285316,-4.995007780181392,-7.49295578150408,1.2052953537675803,106.0,44.82367758186398,5.45,Mid
BIOA,0.6228429046749017,19.989999771118164,50.96574475646134,17.226209461848114,1.4316791079387667,-0.1829671372985347,3.9019544549142235,1.9009462986418855,0,26.95534266935728,5.7671966906366565,-3.5430659373001308,6.431072463859778,-16.70833428631147,5.90574037150771,1.126442191217177,8.29,44.788413098236774,0.89,Small
ARKO,0.6335587140726496,7.71999979019165,46.080615042787954,-0.8030865985274117,1.0161919148470369,-0.18366029204600814,0.9067441760607864,0.38859758785771525,0,10.169370345294517,54.75598994432597,-8.25174360557677,4.745560911973501,-11.821819652793266,-1.428561899332363,1.253296449327427,6.98,44.58186397984887,0.87,Small
CNC,0.6198066270456873,60.63999938964844,40.44582933420264,-1.1605171258699487,0.9554418408387688,-0.6065305813291352,1.51715368220214,1.2203131121463198,0,7.736037980517688,66.59339793123348,0.5579067160374093,4.3158701473011645,-8.880546042085367,-2.6163506259595595,1.3480297455806096,357.31,44.5654911838791,29.94,Large
RRX,0.6227010612715093,221.52000427246094,40.831544714460954,6.170516056179123,0.7982164156216073,-0.4018291310575773,2.0833357729024566,0.8531958076866414,0,7.307144615099126,10.977983718117025,-10.467042972060359,4.5734343231921155,-6.27459337762689,-12.930197750143765,1.0309057913596251,239.53,44.55541561712847,14.75,Large
MRVI,0.5919696545949407,5.21999979019165,32.76668399806388,8.152901782867334,0.8280646564440244,-0.07968326330049912,1.8199285599419806,0.1915661387870465,0,0.0,7.628863768211233,-3.5545048054392048,4.957580478573052,-1.7873991719318267,-13.494804574188038,1.1478483398279378,13.27,44.41813602015114,0.77,Small
PWR,0.6293655783999087,714.8499755859375,54.612662229147176,0.8421720357109981,0.8961758501589329,0.06751684756860828,0.28608015879603105,0.956839344464753,0,20.041865539446956,-1.7752921388018195,-2.7291935783521635,4.094516326543507,-9.369258245828057,-6.989221264263371,1.2064090778772147,802.02,44.35138539042821,107.27,Mega
PNTG,0.5679801064515575,34.58000183105469,6.845856255755578,4.950080291100034,1.0545958783873448,1.6686807617740174,0.2891800717847215,2.4002254840485207,0,9.696651766782788,10.975616175482294,2.8015996427473344,4.732503548207237,-7.884920117754948,-0.32733349906320663,1.0289148174455385,8.44,44.05037783375315,1.2,Small
STLD,0.558643410551132,270.1300048828125,51.384995770897234,2.5643961033584692,0.9959061854050102,-0.22018818849371768,1.5122429566509235,1.825044455132529,0,5.1974213784106364,41.36375243905975,-15.601919176779363,3.6779913894696272,-6.445240001702576,-10.220667284113858,1.345980595821233,303.24,43.869017632241814,38.96,Large
AVNT,0.5666656252902821,36.86000061035156,12.440090974277895,3.973035481635296,1.3668487082227694,-0.26550573303086045,1.899079629217038,0.10852120147557703,0,35.88414121393916,2.786927569420486,-10.998775182625918,3.2051750606268072,-17.151670810276855,-9.216580747819506,0.9306596686991898,25.69,43.784634760705295,3.38,Mid
UTI,0.6234872239432152,38.75,39.22768178973806,-3.295441765361238,0.9357116106063199,-0.11543330298495863,1.9354838709177942,0.3871007119355748,0,34.01036947309271,-3.0522921776661898,-9.20177252284566,6.755759946761593,-15.282031967228127,2.976031424024651,1.0834511996506482,42.29,43.7455919395466,2.13,Mid
TSM,0.6150167886587466,432.1499938964844,41.49594813492512,2.11724032523451,0.845153161906439,-0.5054212217914364,1.7933376273757569,0.1180097779124008,0,3.7776369751497354,27.14628346016309,-7.6717419091652,4.497528883219847,-3.775988224890064,-10.011002737235126,1.24595994537215,5849.72,43.72670025188917,2241.33,Mega
BCAX,0.5986901296177829,22.920000076293945,15.368957819410923,8.89654369718136,0.92795991308168,0.2046085620205961,0.8726036748035921,1.2434548274476183,1,8.354207887819982,30.896629219796523,-7.738388336734234,4.596422494459397,-5.4845357676338535,-7.937992268459909,0.9867726193301316,11.58,43.72040302267003,1.51,Small
CGNX,0.6372321676840698,64.7699966430664,77.17933226613083,0.6522852129444046,0.7885031581494204,-0.1535714937626636,2.053422726518744,0.26246437818965995,0,15.837623324254757,10.709301611951721,-10.122972408696919,4.689120877269859,-9.79555765788381,-7.525638395461441,1.1719199240571585,145.07,43.70906801007557,10.78,Large
MOV,0.6140464510602531,37.2400016784668,66.44530262645286,6.20141075939009,1.7373692813021078,0.9458980686186733,1.611166614022786,1.3426422595348257,0,8.82860016282745,9.792290572924808,-30.034125424136754,4.167748822924129,-6.030783056200901,-11.102039228950341,1.2650654978030758,8.07,43.70654911838791,0.83,Small
GEV,0.6525562587278685,1048.8599853515625,44.756113052476756,7.464315328312264,1.292822073005014,1.1816615321701829,1.5750452645685573,0.4404777741267859,0,13.69425131159697,47.56115457250261,-1.9855735441122533,4.389553926536906,-11.21486282476201,-8.427114782852714,1.0629418044768886,2794.52,43.68136020151133,281.85,Mega
ATEX,0.6183758846305484,79.16000366210938,257.1836020375361,15.221431106452682,2.007138073455986,0.44659557934064775,1.856990302280202,0.9853445467440961,0,6.962526009754627,129.84903257057783,-8.387207226054457,7.414277742331572,-10.167951435655754,7.825033052793065,1.788802394100285,32.62,43.48236775818639,1.5,Small
WCC,0.5942981580617641,351.8800048828125,26.939788926617346,-1.4014067576564249,0.7718591306684107,-0.6215008000490942,1.241899243075898,0.13499093353498945,0,18.49578234804134,23.539888432199675,-9.348485746936202,3.828542708744758,-6.749959345020172,-11.322104566515105,1.103860727287927,202.53,43.429471032745596,17.14,Large
STX,0.6096288728569316,1066.0699462890625,265.46455514843205,19.33175871205574,1.0849558213276869,0.05154645512033919,2.619908178458126,0.03282857631953885,0,0.0,141.10573126971724,-18.723665661636865,6.10285589311713,-2.8195126445678493,-13.807817258067203,1.47664084433247,4283.92,43.358942065491185,241.2,Mega
EVC,0.6164873479291829,9.399999618530273,197.5727844319985,2.8813774629489703,0.6357171887674858,-0.04755674958962151,1.7021362506653075,-0.4255315262983615,0,9.08422560127537,22.90316703776609,-17.821781823507386,6.918808537557143,-6.608158278712685,-7.255517305833113,1.187128777420658,27.23,43.15617128463476,0.87,Small
BWA,0.6080745798259087,70.54000091552734,48.61701584373614,-1.4258405996239942,0.8800182859465958,-0.1572568273750361,0.7371656312873287,0.07797037774477093,0,16.33390069844602,7.287114572145656,-15.867822543802673,4.943045926077979,-10.504946474562773,-2.481385593756753,1.2974549226280345,212.43,42.93073047858942,14.47,Large
WT,0.6397225118468414,18.149999618530273,46.59729729886091,-1.5059033720371766,1.075633247946503,-1.0442145858485954,2.5344407794163577,0.1652825340260331,0,18.880011848009406,30.691111858629228,-0.4257579553159479,4.632033408281653,-8.564235416543301,-14.370858575994827,1.0339223041966037,57.12,42.89168765743073,2.78,Mid
CYRX,0.6397089485390235,14.569999694824219,48.2163435338554,-2.818077245313838,0.97906586744006,0.34707570473931043,3.6719276498368156,0.4118014220657722,0,21.845706706863172,-4.459018394302892,-7.597856830429535,4.591136837409064,-12.910937874384837,-8.034742323266077,1.067190444576696,11.12,42.772040302267,0.73,Small
NPKI,0.5990802192098468,15.109999656677246,8.028472688898036,1.446840047498404,1.1768424385106917,2.699068241297538,3.5737920191060923,1.8530820184581682,0,18.470124024684,4.7124001183176505,0.5886210124692316,3.9519720875381257,-8.424244504475826,-4.675506488585615,1.0143043684582351,12.97,42.583123425692705,1.28,Small
KALU,0.6205721477628132,180.44000244140625,56.447171125695085,-0.6677556633674008,0.8906626582209838,-0.015671068321566468,2.333180779257577,1.9563282706248013,0,10.186898095097831,69.36363226165003,-14.74233053935549,4.848069176333216,-7.570944927160335,-7.940596847113418,1.1844283603901213,45.94,42.29596977329976,2.95,Mid
KN,0.6086630869517291,40.22999954223633,69.41186203263352,5.094042376997917,1.0337552096283482,0.07015834608941468,0.8700032135029033,0.6813354721260544,0,2.743464491076414,31.42763390967473,-10.419721951144167,4.590409321857192,-5.563377973520054,-9.162896919833102,1.399432923587368,39.39,42.17758186397984,3.44,Mid
TECX,0.6281557481672815,30.059999465942383,53.990764072753315,2.679713255673945,0.6279173359074477,-0.3386640604835001,3.8090501599071986,3.0439089301546884,0,17.020863547602463,42.802852992939,-11.506043547791874,6.487026335289325,-16.569524050661936,-3.1336081910872364,1.092288475261808,6.06,42.15617128463476,0.57,Small
BSTZ,0.5964787012583275,30.200000762939453,35.15916349200723,1.2869716083934084,0.7502495679122678,-0.552761468384335,2.119203223374199,0.2814602306990176,0,6.34245400912552,37.69137960459727,-9.084217754201012,3.910421677474074,-5.269756718946077,-8.069549721420032,1.4491251659307218,6.49,42.086901763224176,2.08,Mid
TBLA,0.5880270604778665,4.78000020980835,13.096465193409369,-0.664999559788278,1.0458603816323653,0.16970649311359826,0.0,0.31381470002523676,0,27.821654907074684,-8.253355568285684,3.5503017563270483,4.249850176089855,-9.12547524896723,-4.57317367774681,1.0536801619754486,12.43,42.00629722921915,1.31,Small
RLAY,0.6486746538739087,15.5600004196167,74.02294113784329,8.834023491434793,0.5581196500908457,-0.19047983160793883,2.667094798424044,0.09575968584029576,0,6.701810976151959,28.914671190918867,-19.552615325815104,7.037273963892465,-10.933022144817219,-9.421368700274938,0.9406434927994188,59.83,41.80982367758187,3.39,Mid
MAAS,0.6528299579047145,17.940000534057617,294.58642112182434,46.85057478956498,0.4443655995200429,-0.0402266922233991,1.8952070370537404,0.0,1,0.0,73.50096971548489,-14.648437825987587,7.054467225887255,-14.121584210822952,-18.342150752657062,0.8741472693582002,4.39,41.76574307304786,7.93,Mid
TTMI,0.6159908730750269,202.6999969482422,171.8647521448967,9.815690035679065,0.802517600498005,-0.36186191442356536,0.567337895309561,1.5688173278944586,0,0.8122398675366972,110.0953460762645,-18.12774539545059,7.480795395766526,-3.1857469190750844,-21.603380753591797,1.1959965944640754,486.42,41.61335012594458,21.05,Large
LION,0.6185996392269356,15.350000381469727,76.81877781762911,9.338274405855305,1.4626893470336324,0.6084146271735708,3.257328909066469,2.0846947265485922,0,4.221694136708694,-6.173595300363475,-12.630729333483384,4.59330056101965,-8.083834249785193,-13.278857974132348,1.1909257802333075,63.6,41.58942065491184,4.46,Mid
DFTX,0.6140464510602531,24.43000030517578,92.76746338798758,4.141356872113535,0.8538472597553545,-0.36478221577433567,2.4150640409068744,0.16372905312080324,0,1.9176178571348779,5.392579738952661,-17.482517081900912,6.312496868673634,-6.933332170494802,-6.559768641442348,1.242290829087992,47.3,41.55667506297229,2.66,Mid
SEI,0.6209721006716433,81.27999877929688,77.90674011559815,11.467732612976809,0.8275676543516277,0.03403447565895283,3.4510338918161283,0.43060836537061686,1,0.0,28.853016866737065,1.3114311671219474,7.004120093458273,-3.3359104901987213,-16.70854493614152,1.1649282320393601,192.8,41.51511335012595,4.75,Mid
NEXA,0.6547763041856741,14.34000015258789,74.61451971792943,0.6527702231989508,0.4703397283921135,-0.42687015961831337,2.859140841667585,0.6276161201112153,0,42.283544611463384,-2.1160373651417363,-1.3268194000941373,7.157302866932317,-15.097686968967071,-9.041093956824396,0.873734144408135,20.05,41.49874055415617,1.9,Small
HTLD,0.606244008419029,14.329999923706055,42.48670991020877,-6.217278102875706,1.3145070138097488,0.372705363795203,0.0,0.5582688354947475,0,17.142185604608645,29.59261548957301,-5.448030388664151,4.446219166661486,-13.882208837342782,-2.420858793282434,1.3907544930465994,7.83,41.44080604534005,1.11,Small
KNX,0.6039745820924337,73.01000213623047,28.57194074027958,-4.6673206166125905,1.1978044440210167,2.8511353280679166,-0.21914262160150785,0.4246064633796227,0,16.029772437183695,7.594188526478093,-8.497880312435033,4.115092983045108,-11.887519190739269,-4.149868914170417,1.209077026858353,313.56,41.29345088161209,11.86,Large
ABX,0.6146343421540056,9.65999984741211,6.777839905252536,5.822423885865509,0.8785700021049585,-0.691966782656517,1.9668693930107308,0.931678612838536,0,10.875795927204114,8.78378066251255,-5.429858980732153,3.965542739418657,-8.305647960041354,-8.322982115973751,0.9018254482597242,5.01,41.26196473551638,0.93,Small
APH,0.5574275897109539,161.11000061035156,15.043296708582021,10.507886827429648,0.8991463779895436,-0.7031371299163586,1.8931183912756524,0.7226685974910879,0,1.55409093593912,10.597714451082751,-17.651014331721118,4.121406662888625,-3.359412086835456,-15.843585888860881,1.1230315733675653,1618.36,41.19017632241814,198.2,Mega
GHM,0.611545217109046,115.88999938964844,71.24342270267799,13.403070029166903,1.3263610848091953,1.2385945518295467,2.7180960759700294,0.31495857717082365,1,0.0,21.55444078129795,-7.563213167753332,6.7752057758400115,-2.6461706162853065,-9.180908727784425,1.4198299038546172,25.98,41.168765743073045,1.35,Small
TWN,0.6140464510602531,97.55999755859375,77.07091576361915,1.02673004678624,1.1758287961765232,0.9875515882159138,1.3924740196913994,0.0,0,10.219842906665495,-2.7124065155429116,-13.460026064873254,5.27795934314187,-5.693571351711465,-15.66428723391714,1.187499552079788,4.77,41.11712846347607,0.56,Small
ALMS,0.6275146451535282,23.049999237060547,94.33429112090263,8.401718040516757,1.391617763060452,-0.11408795954082658,3.9045620634677007,1.2798268375073794,0,41.4498963968022,42.02094816241925,0.9059219431868872,6.516889179648085,-24.6732060458877,-2.5997307824478604,1.2190268046110164,25.91,41.104534005037785,2.94,Mid
WERN,0.5879163990378337,39.880001068115234,21.683982131488765,-5.402356978335159,0.839669699734097,0.1808954948126118,0.0,0.5015064131839811,0,12.283868885189358,15.22809685228405,-8.339946181945983,4.038900810235064,-11.906338270436233,-3.397090803350764,1.2308591364774888,42.89,41.09068010075567,2.39,Mid
LQDA,0.59645174637297,68.6500015258789,91.32207736662438,8.181791297188562,1.3625125347998368,0.005492665730267412,2.257822851986978,0.029139507670812092,0,3.4963905122035066,91.43893016317351,-3.4178046893495115,6.91187050094154,-6.241463559918142,-3.6134862206370166,1.5670848428237087,112.11,40.93450881612091,6.1,Mid
ORKA,0.6420821482930917,70.87999725341797,126.01407571222518,13.934831196538639,0.5423636850993536,-0.26403605545799813,0.6772056652466574,0.6467225301599764,0,7.892473772626165,4.082230310640153,-0.8521768321013481,5.900314950878313,-22.109893127869157,-10.66006476406887,1.0356988596408763,118.89,40.89798488664987,4.27,Mid
HUBB,0.5555531887678132,508.8699951171875,5.581740402198565,6.262593495336531,0.9962109449015791,-0.45502775355995556,2.2088017189160905,0.31835147144237663,0,20.75544766068752,0.4386807400600299,-4.929574755701948,3.145454806835806,-9.743699427047332,-9.274803020609642,1.0575286830352941,330.54,40.89042821158691,26.89,Large
MKSI,0.6182987055101686,371.260009765625,123.97592516036707,11.961563800328829,0.8809092156617062,-0.15329437297447404,1.282122943598788,0.3797887262341309,0,0.5876534328492424,59.223754864137256,-11.552847712125223,5.929164312363383,-3.821144433253841,-15.106848250166232,1.4010162728281839,435.57,40.76448362720403,25.08,Large
ADI,0.6072473709471516,414.45001220703125,39.18678394978645,0.8030262986903334,0.9617654408437624,-0.4842871494792245,1.2739772285605833,0.09410414692948156,0,15.166924839719897,4.405284480925655,-0.6203105467328462,4.643850536756815,-5.742551580383787,-6.472005319971785,1.3426281471062547,1722.97,40.73299748110832,201.87,Mega
LODE,0.586663970275789,4.679999828338623,34.53235496480005,15.62692555013686,1.0919046615342307,0.8749908957260238,5.982910684163832,0.2136699232762771,1,0.0,73.97768505754708,-4.3367365546405745,7.28021783482532,-5.645165475774964,7.033639765893279,1.4893614302807605,6.46,40.727959697733,0.36,Small
CTS,0.61374732562062,64.72000122070312,37.44302075912969,0.012365108549625324,1.3163972878364865,1.2187010595737198,1.3751535427196286,0.355382188800801,0,15.165394026402518,21.221206144158906,-14.105489915302783,4.123255372185583,-5.642215080558631,-12.333203399937075,1.2469258130634895,18.18,40.67128463476071,1.85,Small
NVT,0.6003673227826601,170.94000244140625,57.684356078454016,2.3853387674704707,0.7432433895935958,-0.796460849490544,1.3045487865196452,0.3065415161508853,0,5.850281003659842,7.563556764962348,-6.048162537169722,4.974594954380228,-3.9662907632326334,-13.08442463357051,1.2986829363230612,355.14,40.668765743073045,27.64,Large
PLSE,0.6275221663716564,25.450000762939453,70.64559844071697,0.28470115606928775,1.0499275668324235,-0.41256663993738657,1.924945646110828,0.5992147269558071,0,12.569200617372317,22.6506060853636,0.9218494691085738,7.647037946012025,-10.795653170242659,-0.8016120345275722,1.2652444002597782,8.15,40.64861460957179,1.76,Small
SNEX,0.6092042466289107,132.66000366210938,97.2966933049388,11.656800777009051,1.9316476375549447,1.9473249241875412,0.17337232111280323,5.815621705301201,0,2.804384477352947,90.34818872002293,-2.7704111759875243,4.900011817665774,-4.725654676400077,-17.654510386538373,1.367504983789558,98.34,40.60201511335013,10.51,Large
SIMO,0.6115417468005951,307.1199951171875,245.33240043784335,10.530282494027949,0.7669031878173961,0.5076615327110222,2.9825487782338547,1.5678515314582482,0,0.0,41.49341749679864,-12.67595012231521,8.288293724057063,-2.8961691214854057,-11.229799569716608,1.3715893720986592,332.89,40.57682619647355,10.41,Large
FLS,0.5605260401144831,78.93000030517578,1.0904967296843093,5.333395610431962,0.7652368684773568,-0.32796114448756336,0.785499955381337,0.15710192428151298,0,33.34898908570406,7.183597174498512,-13.325053443471205,3.4799358358132095,-14.32852010761402,-5.49166563310964,0.9314766408464256,195.12,40.544080604534,10.09,Large
CARR,0.6243508441512599,69.48999786376953,23.73253035555416,3.810928948877263,0.771143605427827,-0.45265617252798473,1.734065143302597,0.20146696495930566,0,3.681925374755204,10.519040802736278,-4.99675061538321,3.8217216709646546,-13.298859478516736,-16.63060386398792,0.9687102218848711,470.89,40.50755667506297,57.72,Large
ARWR,0.5642505675885273,81.04000091552734,8.925354444781775,7.290143042653487,0.889628691260175,0.3165543729382083,1.7769032886481309,0.7650576746915948,1,0.0,25.604471685880352,-7.939324315776799,5.072010076051189,-1.7458806774742195,-9.0062146267663,1.1112237647542027,138.98,40.40806045340051,11.42,Large
INTT,0.6441177930483447,17.770000457763672,130.99245197622213,4.228989279001663,0.5326485918321032,-0.3796680135229639,4.8396206423699555,1.0551491005028657,0,27.81461968261053,-5.978831658805534,-2.1142905097843174,7.527734755908602,-11.14999771062414,-14.148147016819465,0.9462523060917726,6.58,40.37909319899244,0.22,Micro
STGW,0.623178277362787,6.659999847412109,10.3165313969253,-0.3068659981850463,0.9125412634067892,-0.036180835446964904,3.603607408677999,0.5255232463774622,0,14.651455047599843,8.116883316626822,-11.128772868030826,4.863791800168118,-11.436172015709033,-4.625198766969091,0.8848542574497752,9.78,40.27455919395466,1.65,Small
BELFA,0.6047051009632206,265.6600036621094,64.10245740542099,6.748639899033177,2.250175534067211,3.1209810107508504,3.047128325334443,1.8294119559313649,0,2.8154677580145857,1.4627877959929656,-12.213502211912076,5.72603812105971,-3.819553281672785,-13.147060552052455,1.3176420985703734,28.86,40.19647355163728,3.38,Mid
TPR,0.5534330377757862,145.8699951171875,9.22369503092697,2.6010299377766724,1.0367548966411952,-0.2314223924152835,2.34455219263862,0.06854791805919198,0,29.354365620861838,2.436447465885934,-5.469871385933047,3.56957448710843,-9.44078591371772,-7.610546756035373,1.0866795871172517,343.25,40.13727959697733,29.47,Large
VSXY,0.5807428272108198,78.5199966430664,33.92169379272356,15.540248866461589,0.6813714957991581,-0.2604717226322479,4.228221901070476,-0.03821498977824239,0,8.168011825852531,48.96603681730515,-26.504423318049962,7.839768161007271,-5.374796979254127,0.061759145456318054,1.31197624401797,186.23,40.11083123425693,6.24,Mid
BKD,0.5944678892877907,13.619999885559082,22.765366395665666,5.255022609413726,1.1516079892959188,-0.6556727005915288,1.872247551870872,0.477236276980044,0,54.96712114984146,-8.896320672812552,-1.8867924526877893,4.1850228218146945,-20.304272883814537,-1.236364191138776,1.2704740746600185,49.51,40.07178841309823,3.25,Mid
SKYT,0.6339903455376557,35.970001220703125,109.99546311550863,-2.9673564563590906,0.5977163273445474,-0.6877235999031851,0.8379183228250123,0.5560210068015767,0,6.851201648930655,11.190117209328495,-10.598543264260583,5.045156263351213,-9.917353003025605,-11.827572963308981,1.2012882345873253,40.73,39.90931989924433,1.77,Small
TXN,0.6326246267034349,301.8800048828125,62.13114261053199,-0.32818835078910835,0.9204849054579946,-0.17937898266606261,1.5271020917450056,0.874484078248588,0,13.229432979753074,7.505890433561349,-5.008109149765376,4.640676738216327,-8.937891469301727,-9.577444998544788,1.244582958295843,2457.36,39.81863979848866,274.74,Mega
ELVN,0.6056435905584984,44.86000061035156,151.80201901790952,13.272817835424,3.3125878242938063,0.046183552300711445,0.20062450147429692,0.6241613363376168,0,9.94498971552896,92.9462391803101,-3.0868850758239534,7.637571208207734,-7.562328994814085,-3.915659482494555,1.4312549594381663,50.76,39.8073047858942,3.13,Mid
ATLC,0.6112201924417839,95.7699966430664,38.279964526164534,10.181773354259988,1.8058256593709943,1.4040376005799076,3.2995758304698217,1.194836356758323,0,2.305042279987472,13.002945891370354,-15.236878051501723,5.237570595573394,-3.719719043121338,-21.81525606209575,1.1647965452756766,9.46,39.67128463476071,1.45,Small
POWI,0.6089571347331095,80.7300033569336,114.22664103922364,1.5278208308461851,0.6540092640598155,-0.2824613067769933,4.788798654339708,1.6970086215819118,0,12.091395228071844,-3.7580625737867095,-27.27006236982501,7.11153613790806,-9.29213105952077,-4.689013891889296,1.2804959480295353,101.29,39.59319899244333,4.5,Mid
INNV,0.6136600922409996,9.149999618530273,47.748843900473695,16.345600248480448,1.2405518715029895,0.15078233936361918,2.9508143750416487,2.4043641803537708,0,9.809939032619603,17.609246421595913,-3.0513146878939397,4.7931304625030275,-14.405987110934474,-3.5487986630040433,1.3095176486776325,2.61,39.58438287153652,1.24,Small
PLPC,0.643475255815972,364.2799987792969,50.25066247335608,-1.3340814271622286,0.7326981739232742,-0.5013923730158846,3.0072983992933287,0.40353607818849985,0,9.425175197374255,24.710712484529935,-15.40096659537546,5.779403708044448,-8.320329658028419,-13.374560460558968,1.0770718262808465,46.11,39.557934508816125,1.78,Small
VCYT,0.566582370223297,51.290000915527344,8.359151778603735,7.687626394449007,1.2222455381198778,0.644762997723574,2.8660506526373983,1.2673065203035592,0,0.0,61.086685518585746,-6.716246447407674,4.81728532237161,-2.786196839923022,-6.687395362591639,1.162658369262682,54.98,39.462216624685134,4.09,Mid
TEX,0.6147994704820294,64.18000030517578,14.031232237998648,5.339003024945971,0.9342865341418649,-0.5302871886213342,2.7578751386989584,0.560923354057574,0,21.401710194761094,9.388300984727286,-6.643794017022256,4.514901974438573,-9.7508258047527,-6.893657261576679,1.0267331314551535,74.62,39.38035264483627,7.33,Mid
FTAI,0.6430778834091366,277.30999755859375,53.54651584207974,11.53252076985231,0.8010689344317292,-0.31551212793119576,2.9515695902145755,1.1178847249635981,1,24.3385004196878,-9.009524021205602,-12.00948394920125,5.746534907464374,-13.990645882597704,-11.803996084113916,1.0073960236903614,354.16,39.367758186397985,28.45,Large
TX,0.5521898172121635,47.4900016784668,18.436258837705367,-1.9399302409273993,1.519859177913204,0.4991377573943995,0.9795714895643826,0.7668995139212318,0,27.332600905372995,-7.318500931085493,-17.729319235681874,3.7134739135041324,-8.196400350295207,-8.595124365691193,1.218267960048584,19.82,39.36649874055416,9.32,Mid
WEST,0.6186667960279668,8.729999542236328,95.4619159553693,4.638613929669781,1.3161690079790618,0.7805630805184894,2.061859273695365,0.34363957091422825,0,13.200871666019198,5.818176268826016,1.9826499807044664,6.6241209450736624,-10.963801421427318,-3.7578252554184,1.3619404564154525,6.45,39.18261964735516,0.85,Small
TFII,0.5706787214859232,144.5800018310547,29.681733767981555,-6.477913599992149,1.4950752191889707,1.1034896417612219,0.6224990620202755,0.24208472754219146,0,19.78985128230105,24.907721787830724,-7.832392354767066,3.5126355861654712,-13.781382475850807,-8.60691654903227,1.2664524484710549,57.53,39.141057934508815,11.88,Large
RELL,0.6500426994964926,17.450000762939453,51.28292804135408,1.400433789005643,0.5905574254671553,-0.21152897128886158,2.464185022068193,0.4011552957493868,0,17.095819388288096,2.889160995807572,-14.388487996141427,6.107242612330807,-12.134943470417637,-20.96343271180765,0.9205630258021791,4.16,38.779596977329966,0.25,Micro
TECK,0.6205721477628132,65.76000213623047,43.731139568458374,1.6450210119665414,0.935554336971106,-0.18890025184946327,1.7183771990371335,0.21289444205959945,0,6.894529280604603,45.172819470594476,-9.868634697194949,4.4939033129087615,-7.578396357865571,-12.086025582901305,1.2260174692389898,208.4,38.75440806045341,32.22,Large
ROG,0.60828089399537,158.47999572753906,63.26260082166304,9.283359751551197,1.5433913302656177,3.0586163540074756,4.883900619496448,1.6279668731654824,0,2.423955318649209,-1.6507407671392516,-11.50611827255649,5.1371954794446975,-6.191551179498257,-9.749747478940526,1.3253860078766222,45.77,38.73803526448363,2.83,Mid
WDC,0.6096288728569316,712.1300048828125,304.7712681861856,29.351053366555746,1.3513254406080133,0.9925841910341989,4.173391164436887,0.12989029905005425,0,0.0,184.8006182470917,-16.4107033322769,6.666707901084957,-4.006196897103235,-17.393252854912426,1.5210745728155066,5361.3,38.69143576826197,245.46,Mega
PUBM,0.6085839546033119,11.300000190734863,20.866848035587537,0.3909035246547692,0.7578955863171479,-0.9205513264450208,1.7699097864743594,0.044248799611306136,0,9.573703170202652,59.83026754978391,-9.840951587728412,5.132743203855912,-18.5878955493373,-3.5335712460215585,1.077421002480362,7.69,38.68891687657431,0.52,Small
NVCR,0.6024631369127658,17.850000381469727,28.15764948316164,3.1791935250709953,0.923712666285071,-0.25671259866750185,0.8403339793627472,0.9523813593914563,0,7.47200938819789,42.45810663566903,0.11758058491108446,5.780711437819207,-5.6553894844236,-9.178741779316214,1.1328463821184753,28.69,38.5831234256927,2.07,Mid
ASML,0.6125314333086409,1867.8299560546875,62.83833102285503,9.00231947406136,1.276538260707298,0.7558573345289621,2.210582224485776,0.1343810638375995,0,2.4801158730782107,31.727620097887073,-9.48514904816554,5.144204202527035,-3.645100924683208,-16.215700685990228,1.5298955566159658,3495.7,38.559193954659946,719.89,Mega
QTTB,0.6136600922409996,12.90999984741211,313.8110503859383,16.034512139974584,0.43055830134726214,-0.11669973856443669,3.7955056302996977,0.23160029062003676,0,3.1448181953281336,0.4669219000509564,-111.69687013098839,12.194809968597236,-13.063976323850927,0.3389827220312666,1.5587707084814315,10.82,38.48110831234256,0.22,Micro
AGX,0.6086706735491723,719.52001953125,117.56562500625733,9.120609470614014,0.992893924843725,-0.2519029585246247,2.5044415731209644,-0.5024169079722138,0,3.01685873081988,51.968990045461794,-5.305042648160465,7.231904915725476,-7.635427531280314,-4.672840399569705,1.538129591786248,232.04,38.37657430730479,10.09,Large
LFUS,0.6039041514844976,466.44000244140625,70.24505614653687,0.10709554960865618,0.7594952047137684,-0.3737532100426813,1.2563213534169515,0.3151533344065261,0,10.754242577697172,4.735191237932625,-10.760579438312105,4.84291300407845,-6.8182280966423034,-12.689331143008209,1.3109542808219061,147.05,38.36397984886651,11.8,Large
SWK,0.5603187351232274,82.47000122070312,4.189179887396821,4.221403873896613,0.8691671708753409,0.5803572603441736,3.2254196952883736,0.3334564348309186,0,20.452024503642775,-0.41765685439102185,-7.552791481034815,3.549118691496981,-9.739174170949678,-6.742567540503411,1.0991587328974166,160.13,38.069269521410575,12.82,Large
FIX,0.618760457280676,1931.77001953125,90.1782975618867,4.041234517640144,0.997484599645254,-0.24389604859806963,1.6088848952223134,0.36469371996043065,0,7.758601837364787,42.43796343913988,-2.278278050960817,5.485162231838074,-6.82081143778282,-15.830477302147127,1.259381288218672,815.55,38.022670025188916,67.97,Large
ZVRA,0.6136600922409996,12.609999656677246,44.877519841807725,8.328678225429446,1.0443274490707974,0.07416996142623387,1.3481294784661606,0.8723208537938055,0,8.48118877575951,14.01445911494929,-7.352941313246012,6.256373787445534,-11.632801315482547,-1.136360053698211,1.5173796411424976,20.39,38.001259445843836,0.75,Small
AMAT,0.6125314333086409,592.9199829101562,118.03552359044889,20.418817680703974,1.4011695549244834,1.0780996935530924,5.132225857252126,0.20070202990351252,0,0.0,66.26255443105295,-10.296437535192617,6.325352506478342,-4.881686671621155,-11.664926784790437,1.7829291301748522,4572.58,37.749370277078086,470.75,Mega
KRNT,0.6217598058454403,16.65999984741211,10.821164496123515,5.935840218808102,0.6546391779360328,-0.039504241560502605,2.0408172609935322,0.0900380759858387,0,3.1470862781704225,18.407961681453106,-18.026962246213486,4.268994891373861,-24.478693331893982,-6.891974801812275,0.9287825186932666,4.49,37.741813602015114,0.77,Small
ENS,0.6119919465218566,227.67999267578125,44.98916193696023,-1.0246207527181699,1.296300740769096,-0.7038384512904496,2.26190377257298,0.0614895441634976,0,17.597387801760263,43.14301046998367,-8.417277376120573,4.406558066445894,-6.803115091401529,-11.795451448729823,1.3788207923536675,93.73,37.658690176322416,8.31,Mid
CSTM,0.63724577135885,33.68000030517578,73.775025333791,-1.7617533613988485,0.742084607165903,-0.8388253909297722,1.870549472648649,1.4251767751567164,0,15.771508100542652,29.58830550782605,-8.706784037118027,5.44409525287336,-8.948367729132606,-12.573745360484152,1.2241843516785313,73.23,37.37909319899244,4.59,Mid
HCC,0.6100142568565335,95.06999969482422,4.583788674812661,-1.8292781452532911,0.6388813537002593,-1.1197208662768634,2.3982316047036023,0.042067199180362606,0,22.35995081299335,10.290026752326945,-14.068931636027719,6.229019637875178,-13.878068465794408,7.784114680915288,1.0159588754169955,84.27,37.34886649874055,5.02,Mid
CCCC,0.6251012519821619,3.9200000762939453,51.849231382627494,2.2031048495920853,0.6897837998090918,-0.13311069571985112,6.505104831960862,1.0204132521145097,0,5.984673266266268,38.51590747660908,-20.257239083248717,10.482871554321587,-14.745540796807157,-0.7299263083796793,1.1715724907307845,11.68,37.3073047858942,0.43,Small
ILMN,0.5927378813316773,159.08999633789062,8.446678729468204,0.23121839060645158,0.9190233604912851,-0.3298203402979764,1.3577147859876397,0.9177141798206329,0,11.563361381525269,32.8850607379132,-5.992381374928896,4.489372257215373,-10.23022500723932,-3.068652964143885,1.1469017369857104,277.21,37.20780856423174,24.07,Large
TWST,0.6187854614368712,82.87000274658203,157.25268068617316,18.538123980953237,1.5274523690049475,0.6483399998143967,3.668397266483793,1.5083865796498628,0,1.4762276323740016,44.34767978818261,-29.636359936664547,6.4748563854547445,-6.3192362600969565,-14.54509391608192,1.345507678870504,132.98,37.031486146095716,5.16,Mid
FCX,0.602368079321415,69.05999755859375,36.543556958246356,4.515216792120809,0.9514507019729097,-0.2355366306635552,3.1060010834925893,0.31320731537648366,0,5.513540134054568,6.2675665530806475,-8.398637548577982,5.047505063852584,-4.448293184870433,-12.360100027022169,1.3044550482208188,1004.67,36.98110831234257,99.28,Large
DRTS,0.6437859713046868,9.609999656677246,78.59497092352952,-3.1664898893350273,0.7478191126536046,-0.059067372432706926,1.9771128077598774,0.3121720503624075,0,40.36112252999156,-7.059966006454464,3.6516885032038213,9.5421427447916,-17.297764617078993,-9.663866526981431,0.9488376577283709,7.91,36.656171284634766,0.87,Small
AVBP,0.6107216524499753,31.360000610351562,23.188880635955545,6.001455431006461,0.8677839637986083,0.08215255942934942,1.084184138902149,1.1479550254620174,0,2.3171016988801836,33.84549808599686,-5.047800053650363,6.208090376348934,-6.711091274849489,-9.726077028784058,1.0779455311604493,15.79,36.39546599496221,1.46,Small
AVR,0.6119919465218566,9.5,91.37802539873361,3.1711550678082414,0.9407810636857953,0.02747236812719241,4.210522299875455,0.0,0,4.407631154300471,56.76567803852118,-15.064933454487536,6.09247953371894,-6.311640252370221,-18.233078171243733,1.289436264775856,9.49,36.36146095717885,0.92,Small
PGEN,0.5944678892877907,4.730000019073486,14.679344239102242,12.69954767029143,1.4260804177844593,-0.25399773994867886,3.06553869579605,0.42283257593311696,0,11.563016233216752,21.59382753985981,-5.769236939922761,6.161281159907607,-13.528332712366586,3.398055105349044,1.187450531477872,19.01,36.34382871536525,1.69,Small
CORZ,0.6072473709471516,28.3799991607666,76.26534229333237,4.901305406665388,0.7065901074692612,-0.08990056544203151,3.8759704508788064,1.1980273524670755,0,3.345018759879579,15.22533547553328,-18.67365040232071,6.4383867470815215,-6.828627663019442,-10.992278013940858,1.285246154163919,412.45,36.288413098236774,9.02,Mid
PRE,0.6180020979632204,19.854999542236328,26.246641770431967,1.5691915442024518,0.9335707549819138,-0.6972791303852813,0.5666136841967522,2.7952672774794594,0,33.72025414883259,27.19410620532156,-18.09784809446035,8.297838180804495,-15.975453882530102,5.706806967335506,1.149973261648029,4.57,36.147355163727966,0.34,Small
TSEM,0.6502146745850352,267.1300048828125,116.43511279029322,1.5056970740891824,0.714608459848053,-0.9002031266362363,2.332190452158197,1.4711910320559423,0,9.273372102906622,60.844172649963454,-10.549988019063807,8.3364962163237,-11.797524333614543,-12.181703827688864,1.0730321646309098,624.26,36.07178841309824,31.68,Large
MOD,0.6442910864853372,283.8800048828125,90.0684510302065,1.7363425683728069,1.0223466519282125,0.04520629596064012,2.3390108555116496,1.129283673285509,0,8.61261280414682,118.41963700498037,-14.495474819506738,6.947748116186589,-12.17942617697315,-18.532711991553295,1.0614365201220994,331.17,35.9647355163728,14.99,Large
CADL,0.6247515201765922,7.989999771118164,29.00722675501004,-3.9028242065705445,0.8204064614652068,-0.05047474701597649,2.3779672816302413,0.500625319072109,0,24.32496384606637,56.51321725172389,-5.091388394786973,7.473626803579268,-16.509926582291044,-3.030305073070239,1.101777731494912,15.88,35.90176322418136,0.59,Small
FROG,0.5875131063008866,81.3499984741211,13.510435224201188,2.352146818930075,0.8688757877064758,-0.3184999929994501,3.6017214014722443,0.5347234993824657,0,4.71063552863675,115.49668469659902,-1.061871767173383,6.5767853992692205,-8.759538881916544,9.616954043429642,1.2940682996835446,215.46,35.73551637279596,9.85,Mid
GFF,0.5554158628181688,88.83999633789062,6.736746568495411,0.6278844636655716,0.8920296158953808,1.1431320736591146,2.7915306503152326,0.37144778845032195,0,27.64138606175821,-5.850428096016126,-9.939832035768797,3.6035892408798746,-8.494114094390955,-14.301505297370062,1.096703835627943,33.78,35.683879093199,4.07,Mid
RXO,0.6335784475654221,24.81999969482422,55.999024878850044,-6.653128501099535,1.0211464217248116,-0.25786685802676684,0.9871105650118844,0.5640587887355669,0,11.735325117306042,91.07005489790737,-18.55182315097739,6.24668980486025,-16.878770302540914,-4.841833512160485,1.2569230095693622,61.53,35.630982367758186,4.09,Mid
WULF,0.6192963874167472,27.860000610351562,113.59081597840878,9.351391039043445,0.8494817247341926,-0.6605358778018152,3.4099093398884386,1.6511162301764688,0,1.5291907870941803,67.32733482271121,-25.304590345199095,7.686391831642246,-4.914671208722878,-26.433320147972196,1.2424205252752045,851.55,35.61083123425693,13.81,Large
DELL,0.6136600922409996,419.32000732421875,214.22987221989715,12.570036742095137,0.8135004723154191,0.022788599613754002,2.966708533837728,3.9349422187725067,0,10.374926855864521,-0.37775209048327496,-29.779824217010802,8.957359835493452,-10.68225738939206,-3.8381376380458887,1.7304192611611384,3692.05,35.559193954659946,271.76,Mega
RYZ,0.6114933869031373,28.040000915527344,9.24163402564988,0.4933630315005743,1.0011817873439304,-0.24926526633366167,1.2303894772691475,0.7489336125431801,0,19.719021165235755,41.57003587422777,-14.644183076306657,4.330724432629878,-9.108588107308885,-9.578711170362764,1.0521795442987987,10.66,35.522670025188916,1.45,Small
SYNA,0.6408552910677513,133.52999877929688,66.9027213535645,-2.6866312067202704,0.7202544526479528,-0.5448789523685014,0.2995535835677671,0.2546216887562748,0,11.462041786188736,45.98228599193913,-14.558395413063579,7.281937632949778,-10.448663246714924,-5.193916475363991,1.2841491056380347,120.64,35.44206549118388,5.16,Mid
VICR,0.6388596406536068,325.1700134277344,230.70395338947569,6.100530755508554,0.6453781248350888,-0.6792535418593563,2.11873652707503,1.30086133765074,0,5.956411539172114,97.62369435696519,-42.06959156347106,8.146495926049159,-10.146729595806548,-18.93887500812763,1.1162238799156239,276.3,35.41183879093199,14.82,Large
ICHR,0.6125314333086409,89.44999694824219,395.0444823996237,20.421910999990335,1.0781090037145487,0.20130017572738573,4.869200018027529,0.5254345855034787,0,1.0543751574219935,97.59221568977443,-14.183951336105757,7.789465866819997,-4.643117347315027,-31.033785333340884,1.3790679742708665,94.27,35.395465994962215,3.12,Mid
HPE,0.6194210028294057,48.20000076293945,94.04728299645777,6.5328591607961926,1.0095897348998537,0.2859075602146776,1.9709559084700072,0.515150323197843,0,14.651434429823853,-13.907357822799638,-14.040464957429927,9.218511530857468,-24.76105852719638,0.6496114377202901,1.5639571582385976,1233.65,35.21410579345088,63.83,Large
ECG,0.6312134200053509,154.25,62.74403885062778,2.994348439046442,0.8515080784772113,-0.6003266260804455,2.471636952982356,1.1539700351930862,0,12.685414537918208,18.56263855751361,-3.568987704579369,5.692959869589677,-10.098670724306096,-13.700695175010564,1.2118091225173482,96.23,35.12468513853905,7.87,Mid
CMPS,0.6335587140726496,11.9399995803833,71.71596121662888,-1.0872973542394087,0.5342402785411908,-0.2668391457122107,3.1825806345371186,0.4983228030707572,0,8.643345443153477,26.21563987287208,-17.67627348969663,8.647403372837413,-19.105695152967563,-3.7906144324020064,1.1987660058348568,55.5,35.00251889168766,1.61,Small
AIP,0.6072473709471516,42.13999938964844,155.06468028661237,12.994047234757048,1.1644191690510903,0.02274430856018633,1.6248220742949928,1.8984320090856006,0,1.6563382651502125,18.537272275191793,-7.414944118184429,7.283324467979174,-6.230528087586836,-11.31346104857102,1.4874671430194568,41.41,34.99370277078086,1.95,Small
MRCY,0.617762237760194,115.5,45.5867344074065,5.922002962838204,1.1049562150717889,-0.023907943298105434,0.585283551892254,2.1904751335714026,0,3.823285462047358,49.766592175881776,-4.644393768116009,6.344836157785203,-5.459604050797292,-8.461237794138697,1.587514686796071,70.32,34.95340050377834,6.93,Mid
GNRC,0.6259534635256077,268.20001220703125,59.81849583080656,0.3686206824548803,0.8976628647660534,-0.745615288069792,3.6204291622278157,0.6114894011136028,0,9.529179984957192,24.749990861929433,-14.985447954878087,5.752901323608455,-8.831321339141676,-10.868649058186026,1.2976259369899565,223.69,34.929471032745596,15.79,Large
NVAX,0.6282311528126044,9.5,34.909261616762045,-1.3345794768811945,0.747582271844157,-0.28933281621618556,2.301055506413828,0.842104459975091,0,37.05141639807268,-15.102767145719447,-24.606748625605015,6.6230064047906625,-20.63492240368648,-5.137848661878724,1.1078482797354952,45.23,34.72418136020151,1.56,Small
COHU,0.6072473709471516,65.44999694824219,167.74538547442324,19.37875043645409,0.9519678102654264,0.49622894652547217,2.979380700581219,1.237593927798739,0,0.0,13.648197212523561,-28.454519612827482,6.875476951667155,-6.003160232654703,-16.69696461020071,1.5579149572599713,99.51,34.62972292191436,3.09,Mid
KLIC,0.617762237760194,116.51000213623047,136.08861928900592,9.16024317940447,1.1561385119386198,0.31146620460674374,1.8110038379935085,0.3004020836844982,0,1.9153666937352032,76.01583533934173,-8.184795778411752,6.390621793538094,-6.605208708379543,-18.93420833987967,1.4766384452556915,98.05,34.556675062972296,6.1,Mid
MTSI,0.6418281685753519,367.1099853515625,99.96244719541379,-2.2687134943133276,1.0027960504080633,-0.19176106504224594,2.049767819996312,0.30235771181666443,0,15.126059756861606,85.83142479351008,-11.61067229374299,6.614112947950876,-12.363334757554622,-11.363351749124066,1.2161729530797813,525.18,34.523929471032744,28.01,Large
GKOS,0.6084240893435243,127.41000366210938,4.566191656398932,5.342359432121995,0.7635550595983022,0.10737093805818626,2.4644841844216985,0.5808064295490838,0,16.18855508989072,5.971887303205333,21.45818295393522,5.1820890321325415,-13.976096727296675,-4.745349556995014,0.9370881782022554,125.73,34.4911838790932,7.48,Mid
GFS,0.6372321676840698,80.63999938964844,107.07370223131241,-0.08982480792506037,0.46557680821856406,-0.45579367655196085,2.17013890528742,0.2852129579328027,0,14.926479084377062,-0.5794614932321269,-21.640672223931137,6.531322268098126,-12.868723143445083,-10.198041226980187,1.2627329450699205,411.56,34.3463476070529,44.25,Large
CECO,0.6154531790693414,94.45999908447266,44.85355040732466,9.95931445467302,0.8431899006393238,0.011712369021530574,0.5399133402160955,2.6413325965887573,0,5.047633681622618,57.433331806497215,-11.018893369426422,6.526948700115442,-6.696956659711906,-12.154133196123414,1.2248985616676713,80.27,34.216624685138534,3.39,Mid
BBGI,0.6372852484783423,23.260000228881836,293.65194960146835,25.94417649418727,0.025632401953376037,-0.12973410098804525,4.599744205164816,0.2579512697738594,0,0.021541946019975042,310.2292753580149,-14.492753421828544,12.900717607994128,-11.793706906548723,-369.74520711847816,1.03987314916638,36.62,34.17254408060453,0.04,Micro
TWLO,0.5820115278546025,188.11000061035156,30.954867847891098,-7.596935356061933,0.6442080661506902,-0.9078784475903581,0.6326098758911167,1.5150742088422706,0,26.938173197099026,2.6017259559904935,7.338601606484511,7.674802837249198,-21.121266361696637,6.457451505870399,1.2848364190250336,537.72,34.130982367758186,28.55,Large
ADEA,0.619859219418093,31.3799991607666,135.9190172881013,5.381265179957923,0.7428225299163954,-0.004756695424092793,3.505424850866798,0.25493921556099536,0,21.178759184627737,-1.2609217659517824,-7.125986119697051,8.603467618258202,-8.449264612450715,-7.0168520764393145,1.464911644197367,64.7,33.9911838790932,3.46,Mid
MT,0.6003449521388935,65.02999877929688,32.083013283419604,-4.461079355076116,1.0096881667930244,1.2261033719232886,0.16915364049628592,0.24603419301204135,0,19.56777892493904,8.519582412162912,-15.937131311194863,3.938841135826991,-10.3034499594484,-15.334574908099432,1.3370017626120791,131.22,33.82115869017632,49.45,Large
MAMA,0.5972249555136409,15.729999542236328,6.364463564871281,7.086933130411429,0.964598415904396,-0.35259170665200823,0.6039432281462292,1.4621773845476138,0,24.178658782157697,16.43226702871721,7.15214807030703,5.247480700891314,-11.876755147386026,-1.0262979206917258,1.1847706261500723,6.98,33.69899244332494,0.64,Small
GPRK,0.6303243599159544,10.329999923706055,34.84767293515099,-1.9645062001334541,0.8265436278995233,-0.7064720127574887,2.2265295022951253,0.9680486788411636,0,9.317416374248381,18.05490313153111,4.011033937893601,5.8290682202242525,-12.973883543140015,-15.771026352763442,1.059263026660985,7.92,33.67002518891688,0.67,Small
AAON,0.6372321676840698,133.36000061035156,64.45006103133872,-1.3397619067348823,0.7572512267210395,-0.3797353602751247,3.153120734686589,0.779838993225296,0,16.665051087886937,3.25176608404866,-7.11598006050258,6.371446229070964,-11.303409713698615,-15.986655493815025,1.150879865368775,153.96,33.66120906801007,10.92,Large
ODFL,0.6020082158463054,218.36000061035156,29.57854061715992,-5.100664832559711,0.980723357249748,0.46103958751456464,1.0212543414932547,0.3022548361703313,0,17.21225247888697,4.988070905457385,-7.331499698675731,4.946785474803874,-13.359520030112208,-5.770875503750665,1.2832838500299923,426.06,33.64735516372795,45.41,Large
LRCX,0.6119919465218566,374.17999267578125,118.54714078874098,12.576304504573372,1.2273130248636508,-0.012566934106785345,4.153083769592518,0.2512166496882235,0,1.056009753720901,63.855312521916815,-16.661784687701527,6.618472359399174,-5.876142115754417,-21.421883775748388,1.6896239493590801,3693.28,33.630982367758186,467.93,Mega
INGM,0.6297449356309991,28.489999771118164,23.147588029879174,-0.6486262453527929,1.2730159371176841,0.11161730629820496,1.8603042853099452,0.31590085401113127,0,21.178583606073175,6.359920907158585,-6.452873047158195,4.704657204458871,-10.097824894005274,-8.873458304823108,1.2260354735450114,43.34,33.59068010075567,6.57,Mid
FLR,0.5946964922577822,51.91999816894531,10.329309914777362,7.763671604408436,0.9401432150868824,-0.2342726342029391,3.3127913739002675,0.4333560902383421,0,10.023036884370054,19.879927320356135,-11.215613906797238,4.885263508220934,-9.70435101036112,-3.248112316383607,1.275602391137464,140.91,33.5,7.25,Mid
FTK,0.613284575191458,22.479999542236328,35.09827192835247,0.5254311558684096,0.9797543239806895,-0.5282947712456146,0.5115648285356155,1.1788229316408916,0,12.510721247563353,22.440080581138247,-5.929649888122131,7.066598952718188,-11.98121089851191,-3.769839279766925,1.2653808111993519,6.4,33.423173803526446,0.81,Small
ST,0.6244274666900691,49.459999084472656,34.96835198043511,-1.186719977445083,0.7508267518037672,-0.5460465707051512,1.880300258136627,0.08087528561862183,0,13.719666560960553,38.25561509558962,-8.834299692981734,4.775865101231172,-8.220449722151086,-12.432111275823843,1.3143131898672884,115.35,33.3904282115869,7.19,Mid
CLYM,0.6289837708273193,11.34000015258789,188.17016399728197,2.358119043373895,1.0006212201922218,0.06748699172062193,4.056437671223771,0.08817702885441174,0,12.591804674042011,1.8410410370348969,-23.937829126351215,9.138952244248651,-9.134610828301453,-28.820968393091928,1.1418196085609182,11.14,33.37531486146096,0.65,Small
MEC,0.6302420351328882,33.5099983215332,70.50011970524743,8.581884363197027,1.2722695628974745,0.6324704170117409,1.6263748022298117,1.3318314360953787,0,14.924742476511263,39.91648122612109,-15.201698681672163,6.826597224655952,-8.191785420232547,-13.472064915130483,1.2883655368162508,14.7,33.07178841309823,0.85,Small
ARCB,0.6171942643530588,145.85000610351562,79.87714910932146,-1.2308025315086255,1.3918919684580602,2.0014183362185833,0.3599651239625028,0.8364766332809588,0,11.217199786224928,40.8861117434897,-12.3588867278728,6.135214402156051,-17.45429617498772,-6.383387963120597,1.5806840000807107,52.51,33.06423173803526,3.25,Mid
UCTT,0.6119919465218566,111.61000061035156,325.82878484571387,20.344611839672595,1.163678044078779,-0.18717687566156294,2.1144995681659395,1.5142034155981934,0,0.9857961213447791,83.93210291396838,-18.96596237627523,7.766201045125583,-6.210083520660787,-21.344058856850026,1.5256958462822987,125.04,32.802267002518896,5.0,Mid
AEIS,0.6358420977744613,353.32000732421875,53.549801956525855,8.897578816222342,1.1221136750009506,-0.3709107690533679,3.1331391075256017,1.1689133921620731,0,18.582471704882742,38.446070188920196,-8.453785514179373,6.2482803909473885,-11.07357591374691,-13.677352618002173,1.1946095895737987,306.38,32.797229219143574,14.14,Large
BE,0.6448238164038126,284.989990234375,208.67255271046855,2.1573857501085127,0.9111293253941747,0.0030128494922046383,3.801927750670063,1.0035495866989996,0,12.645207400043576,133.90512048497806,-12.4205984196104,8.65890320652954,-11.72133875776218,-61.15811410264064,1.1218042766303709,3058.29,32.575566750629726,81.06,Large
SN,0.5772088457195294,133.55999755859375,8.08208241707602,8.465875415233878,0.7389994787521533,-0.5980551046164879,2.35849746393408,0.238844152417934,0,2.3104704590414795,26.441352864853556,-14.66810412557161,4.343739940169982,-4.312941820780545,-11.982712956867543,1.2694977476845923,275.08,32.5617128463476,18.9,Large
ALNT,0.617762237760194,93.69000244140625,60.97583245544567,13.771875310323534,1.1952116103902863,1.0346535973348088,3.9598665682107246,0.17077986758270555,0,3.0829608446797456,42.47596585794266,-23.799475967102364,6.086943988242475,-6.319367623002468,-21.08991390381311,1.4238306301879686,22.16,32.55541561712846,1.59,Small
BFLY,0.6072473709471516,5.710000038146973,67.86155240236201,15.880264932825474,1.1538120089800166,0.09853201505299214,7.005255562610965,1.401049442339514,0,0.0,22.269806095070997,-14.146339928185178,7.434324897725767,-7.003254684347626,-9.629625877092487,1.4116293096888657,29.24,32.54156171284635,1.49,Small
POWL,0.6418281685753519,294.0299987792969,159.73343187917624,1.933416309876308,0.8161730165963069,-0.6384890167867874,2.8772545285080056,1.1257346435140532,0,10.9628217349857,67.42232925569623,-13.17450514110378,7.500204059921334,-10.32585306360969,-16.22211881379231,1.245113355647966,192.28,32.53148614609572,10.71,Large
VIAV,0.6362538813752318,48.72999954223633,163.0715203668003,-2.795648463836983,0.8279177140999827,0.017171018368760373,2.1957798472214427,0.6566790433484303,0,24.436530247371355,-7.0038203753868755,-7.670459999088841,9.1246237598082,-19.36124557944731,-5.812137546703948,1.2979892669669537,320.57,32.47984886649874,12.02,Large
SENEA,0.6073709845180717,156.00999450683594,30.33879418046441,5.119883792931938,1.8294417604138478,0.5733387471441327,0.6473908995524055,1.615274086523542,0,18.549938993932145,-11.039517106278206,-3.1182427836410933,6.002361579478031,-14.010912856195286,-3.9800650201776278,1.3839888065767034,22.35,32.314861460957175,1.06,Small
SILC,0.6408552910677513,44.529998779296875,197.21278294245516,1.201092783321278,1.0007723840390852,0.7493276408888351,4.278012197340947,2.3130447058368597,0,25.936342127583583,129.89156865602033,-10.547337821351292,10.826569081426845,-15.310009074305961,-5.895799656983115,1.304772936939437,6.72,32.294710327455924,0.25,Micro
ARM,0.6090879238764075,418.8800048828125,227.33383619127622,18.608962607476933,1.1215756660662317,0.5806206540399862,6.1879255653049965,2.807481644130714,0,0.0,166.68363490714515,-35.65314798760147,10.230154196947536,-5.827334447266752,-12.067288013748096,1.759075725048976,4732.67,32.28463476070529,445.71,Mega
FEIM,0.6244795024973908,70.22000122070312,47.30842585368875,0.03632914320533395,1.1387271368421035,-0.01568529921971637,3.496157488382259,0.6835707043326531,0,7.218554094157725,50.4929306683073,-22.726491475454605,9.153375009770729,-12.22499847396828,-2.4257786239097467,1.479430128198484,11.59,32.18136020151133,0.69,Small
VNCE,0.6072473709471516,7.119999885559082,85.60084516524414,51.151679910085456,2.462786762165594,1.7421259600460486,5.898877570023682,4.2134791949089125,0,0.0,2.4460443299991965,2.7842201188952056,7.504012502471488,-5.570292816487274,-24.3362811678677,1.375968884418176,2.01,32.113350125944585,0.09,Micro
ASX,0.6259534635256077,37.439998626708984,130.8404399004081,1.3974621926213706,1.2433120140000506,0.30945005394588915,2.457270345522111,-0.013357554216182939,0,10.229607924712292,10.020569995983882,-26.481063342630478,6.36828638619529,-8.905109448185511,-21.09058220968461,1.5278102885188638,348.07,32.07682619647355,82.14,Large
TEO,0.5815811316617944,14.569999694824219,14.216570986049293,5.510897455311568,1.9134069965908218,2.38963803660457,2.642417549206796,0.2059007110328861,0,11.289930311959216,-8.823528709103774,-20.72538544158233,5.88538063154093,-10.832316041166132,-2.879580476254678,1.3021399530713695,7.14,32.07052896725441,6.28,Mid
AMD,0.6334363411961113,512.47998046875,137.4154780558152,3.0383896991590205,0.7881598456570978,-0.7560160882102878,0.5444072224609432,1.0106089795789759,0,4.0182639769218955,155.99679015798412,-19.681203515094065,7.078326213336131,-8.218567446254733,-15.140165543983636,1.5326512490262787,19501.8,31.90931989924433,835.65,Mega
BVN,0.6031777205387677,34.2400016784668,17.686305749819265,1.5797724384775633,0.9721724169314151,0.30193004244835525,2.9205606044104977,-0.029200703980102213,0,51.476371553552426,16.323395698084788,-5.354433201607671,5.872412452280277,-21.122996264062298,-3.6750466983441954,1.2103121244109853,46.15,31.856423173803528,8.7,Mid
TNGX,0.6072473709471516,32.290000915527344,244.5893922720555,28.56090935257981,1.3448734739415225,-0.24627532665206964,6.286772132786898,2.3846405571625557,0,0.7696083332358984,4.39702747135121,3.201968684371114,8.918506015198368,-6.106421957925768,-21.515153499062016,1.4389965445313584,122.6,31.852644836272038,5.26,Mid
INTC,0.6344178511720262,121.0999984741211,213.37961136107145,4.7645819177652555,1.0300250202244587,-0.10355606492084876,2.7786935641133303,2.5103228355133997,0,6.334219824689484,168.69314242826837,-9.900715964858946,8.501238140856662,-8.775895687978267,-20.60102354395684,1.267833277601422,16885.88,31.841309823677577,608.65,Mega
TER,0.6195757554150544,408.55999755859375,100.54016356081861,6.939161888357809,1.0705726366965824,0.011735281029378599,2.944465267872385,0.07832566235809045,0,3.602219110821282,33.42288856780538,-16.935791930300837,7.550209916659284,-7.303441310289068,-14.050799026469441,1.4136054189881664,1557.7,31.81863979848866,63.96,Large
CGEM,0.6135406134484527,14.4399995803833,23.988922055010264,0.8309449382622557,1.3798201057823025,1.5146821516093172,4.778397188786605,0.06925366462426139,0,34.258285679296065,-5.867018012995832,-9.488537910659424,8.540759468772444,-13.739547324042986,3.4320275030695195,1.3244808991843913,14.47,31.69647355163728,0.89,Small
ATRO,0.6336105286474024,80.05999755859375,43.58148174694458,0.03290174669201346,1.7911509379968502,0.9085151611003998,1.8735948610084012,1.8860786321058185,0,14.886120311788142,18.589871379236218,-7.092473012776725,7.355349441581996,-11.682298719151243,-5.888898259294481,1.2707941086505987,46.5,31.66120906801007,3.44,Mid
MU,0.6072473709471516,1043.18994140625,330.13228002539716,10.3347196325532,0.9516955255080658,0.04111864785625341,3.1029819050518057,2.784720749763415,0,2.5559138740226084,20.73817775433212,-32.86916250961827,8.45319321323708,-6.052781117617274,-23.327512109213107,1.6684318881486873,51444.5,31.550377833753146,1176.44,Mega
NBN,0.5937718860219595,124.66000366210938,15.013617742772123,0.4880944096670193,1.183357621141354,1.4454446483133323,1.6966130287347507,0.9144930094208964,0,13.314375069190742,2.222227783240652,-6.302631352624354,4.767253200871105,-12.402497504852576,-4.337885138497468,1.3341567649437573,16.32,31.445843828715365,1.07,Small
EWTX,0.6244460094622496,34.81999969482422,35.979306437389184,0.36462088985275126,1.738077663162027,1.9124727347587098,1.8954619562827273,0.6892529174786667,0,18.139677555128046,2.562588843322941,-6.713333088759028,8.110690639880962,-14.58358833236733,-2.030768761205544,1.4114531270059674,49.87,31.329974811083126,3.75,Mid
SVCO,0.6320264388999843,12.630000114440918,199.33430751433016,13.655794542179223,1.1208773567562245,-0.007455964298237127,1.3460021752977676,0.7917686504806142,0,5.9441764621492865,151.09343113548707,-5.83153292059819,11.069449031145757,-10.678926394001856,-7.0652170030268895,1.6436604674733861,6.32,31.120906801007557,0.42,Small
FORM,0.6396124908859435,139.9499969482422,139.2881389945118,8.52833126038898,0.6519048149974792,-0.6843082484350724,1.1432698380807567,0.5787000819757417,0,13.084637590723954,2.9574078489210507,-13.506827852487453,8.36114332653384,-12.030925784218864,-22.031959120404007,1.1707379800131539,274.77,31.037783375314866,10.91,Large
PDFS,0.6302420351328882,61.06999969482422,94.57512360163385,12.28270175608705,0.8659748048530422,0.14043099319632493,1.0478143289777775,0.4347455646186754,0,4.677493757705396,32.61672248921465,-11.815829962973382,6.999626409701933,-8.823534436878095,-20.145348830176456,1.3738604755712789,48.31,31.005037783375318,2.56,Mid
HYLN,0.6130209407526398,7.659999847412109,306.83669222796834,14.405195777355019,1.3297594809980449,0.7758614886890353,4.69974696443616,2.154046542014374,0,0.0,27.879802000449917,-69.68214664081245,12.83942544838523,-6.812656950812847,-11.764701338054854,1.9608367653594794,31.39,30.93198992443325,1.37,Small
AYA,0.623091431436612,20.200000762939453,23.16533050332028,7.3811290681928865,1.6932961803050783,1.5682602104145507,4.059404276301128,0.3747562228949736,0,13.838004633608234,-2.1791712536654106,-13.3171839860558,7.413614308707683,-8.181814713539676,-12.041560145099181,1.0922530836561302,7.35,30.870277078085646,2.9,Mid
NBIS,0.6080950693203788,280.9100036621094,236.7364590575975,20.172317732359847,0.982583827060802,1.1830440129225235,6.058876078362685,0.5019414202850421,1,0.0,141.47683249301275,-5.381075011125755,9.9508993022055,-5.712747770291307,-37.938671495953805,1.4952224354928714,4969.53,30.816120906801004,71.32,Large
STM,0.6236964743035984,73.36000061035156,169.52037809529804,0.9550549646788852,1.0114695640571736,0.34670628701866624,0.2044731797012763,0.0823363086157878,0,9.72096239252286,47.57594439946475,-10.648375806633323,7.178922641903959,-9.89928486828307,-14.630048138759703,1.5944791995187593,926.8,30.729219143576834,65.2,Large
ONTO,0.6302420351328882,318.9200134277344,94.94205432078809,13.95230028999971,1.1680000178654035,-0.22939241563907437,2.3971493452166865,0.018822298270499988,0,2.8349840306025365,28.55530920409981,-7.58223664885202,6.959089572718792,-8.55602577768542,-19.387520245088382,1.4654350667324902,365.59,30.70025188916876,15.86,Large
KPTI,0.6450209134726129,9.399999618530273,30.621772543117842,4.735372628362066,0.7105043159281601,-0.2553852330563775,4.574471516811282,1.4893552693083343,0,6.246815602647562,72.79410880383732,-20.21418733940547,7.665653307949942,-14.467699595606462,-17.198332377053227,0.9545689525808917,4.08,30.477329974811084,0.21,Micro
TTI,0.6007069794698183,10.170000076293945,6.893920230949679,-0.5719304739582112,0.7224719357672262,-0.6622605457360307,1.425766535512691,1.9665664478377574,0,38.40488484883412,12.25165127091341,-0.678300877536455,5.917263080388649,-18.89952067447912,-3.190187006374622,1.1257213374507018,16.91,30.440806045340047,1.5,Small
GHRS,0.6370020447351696,21.700000762939453,64.34094142140914,-1.7610555110438562,0.7013736190108013,-0.2350648481701369,0.3225792274650174,0.0,0,11.229236064691673,40.36222968300058,-1.9143120603977795,7.977287609705503,-16.34541127085889,-14.237057963198005,1.1123428969099423,5.39,30.41309823677582,1.49,Small
BBCP,0.6255840915969142,10.979999542236328,47.6139039057365,20.40133285892836,1.2671614388338044,0.33166982387064736,2.6402622202539137,1.2750487171831808,0,3.547538155509004,5.273242770039833,-8.551722558256067,6.963895856775036,-8.347245727272004,-8.321574936104387,2.141712214091476,3.15,30.36146095717884,0.55,Small
ENTG,0.60828089399537,157.33999633789062,65.77664204007372,12.337165696723103,1.1534698832697474,-0.38360192076709354,4.776280389292797,0.12075914950258965,0,1.5202822133074128,17.992200781617758,-12.703267287152359,7.307424457160856,-6.345240275027335,-15.934203120980342,1.4872250412070165,484.61,30.268261964735515,23.96,Large
JBL,0.6348622108180284,374.9800109863281,60.13707310176992,1.8759785036476955,1.2716810166252819,3.2222922140399373,4.419490133943108,0.23201920349696353,0,5.303254001063014,44.997365528192454,-11.565729222287754,5.380330622394713,-12.578253677422163,-12.138536458714185,1.6225423627687439,457.86,30.217884130982377,39.56,Large
TXG,0.6291951149403547,32.130001068115234,94.4029224389002,11.054467301410837,1.1469934509534494,2.0367680140974156,4.637403716745539,0.6140676959548688,0,3.7649916549784126,92.51048555466278,-14.44593620885391,7.49373176788561,-9.861128754128663,-13.657193326206245,1.3908486811598821,94.26,30.15617128463476,4.08,Mid
MBX,0.6245121486876898,41.59000015258789,37.07922910665391,26.424902693658183,2.323626353969186,-0.0027871464079051887,1.5388299766409739,1.8874725763721572,0,3.930955727336613,6.042832376489785,-4.9029279400929,7.040497257376417,-9.29116349664601,-8.678372947330583,1.2913441283882672,28.53,30.144836272040305,1.98,Small
STK,0.6305958169293018,52.61000061035156,41.833107787614644,-1.67457731304947,1.0703369217895589,0.08427940278591126,2.3759741217913803,0.0,0,10.943724732198186,5.897746149594024,-12.1372021241227,4.838840410768735,-10.006839831742012,-15.001275742134062,1.6441540802398817,3.64,30.132241813602022,0.93,Small
ALGM,0.6187854614368712,53.97999954223633,92.55332180883,9.683678102394518,1.1151859226890777,1.3684303629045411,4.5201972249960525,1.3523518866494633,0,0.944714462528029,42.12743599900691,-17.647054513017864,8.008257154897072,-7.139173317655112,-14.993995977611283,1.474565499472343,128.55,30.124685138539043,10.05,Large
OSS,0.6372321676840698,18.18000030517578,155.9338282508104,3.962945714152037,0.7307301335285453,-0.3867338949749483,5.775583755367112,2.035208102321695,0,2.4719209858734374,18.59100062275032,-13.951976896040112,9.77683571736421,-12.931029520991515,-14.960634649530647,1.2113796921475943,32.57,30.031486146095716,0.45,Small
APLD,0.6358420977744613,45.56999969482422,88.8352349315569,2.0610412136911895,0.8169489717697102,-0.5924019840924539,4.8716204099718,0.7022157054206472,0,7.395124148441824,42.67375996379899,-33.75205071142774,9.1783441719177,-10.162639594410692,-24.980138727941128,1.1571164972464627,1086.12,30.002518891687657,13.02,Large
LSCC,0.6408552910677513,139.86000061035156,74.43767911323246,-3.0322364641030872,0.6890102345548483,-0.5475773985034954,0.7865051470808763,0.4432969501482892,0,10.119882089737263,32.230315825766425,-19.05184015223804,6.810892526626939,-10.242591428298653,-14.425858889766207,1.4107458056178241,306.86,29.984886649874053,19.16,Large
DIOD,0.6418281685753519,108.80000305175781,105.8073920647654,2.292174988242714,0.5834117858641631,-0.7487047116711038,3.1801531404272185,0.49632435696301763,0,15.08179181168903,39.48718339918326,-16.405330403470842,7.735687427561576,-10.79041991751081,-19.43231181875825,1.2706821714550427,72.39,29.891687657430733,5.0,Mid
VPG,0.6104300730727775,133.4499969482422,241.16292286640527,6.027980613362511,1.3066193224561609,1.041760292302046,0.4529041952661185,0.3109728704532347,0,5.796871732214994,33.98594276341924,-28.5553875363541,9.132870594734083,-10.06806557231361,-10.849560762638715,1.7716503265161156,67.44,29.72921914357683,1.78,Small
RAPP,0.6172480380131231,36.869998931884766,15.093165843725753,-1.1408916601741708,1.251965387445353,-0.2926157412717602,0.7323039478660127,0.7594217179299698,0,21.926616849506246,-7.151851468127747,-14.9549012197686,6.531055596335755,-12.772958779326835,-7.9426685996346,1.0984134061586606,12.15,29.528967254408066,1.76,Small
ROKU,0.5720538686813127,137.2899932861328,16.4575988292762,7.147311934173094,3.8678730404836337,2.4805175445792265,1.5223335267476985,0.0874026681147389,0,14.15189719107487,-2.5621013248432902,-9.396252827094209,5.069042360142592,-7.784800655887036,-8.129505973192233,1.4804406617253367,504.84,29.42695214105793,20.37,Large
BNED,0.6127342262467612,10.609999656677246,13.61820476568878,1.6575617204997377,1.746965498315436,-0.987865495221328,1.2252603075896589,0.188496745849413,0,15.338442040040368,26.610972691126218,-11.542729581780119,5.64561795112254,-13.104016186239974,-4.963800810750885,1.2541947743943747,2.8,29.370277078085643,0.36,Small
MCHP,0.6244136656349968,94.11000061035156,32.15077194695988,0.01671433693273856,1.008906010067394,-0.09592916738233677,0.22314215610293614,0.2018939965699372,0,19.590494400009263,25.166752883124865,-6.019054882566136,5.8639581345359755,-10.695556130522341,-10.354023138745246,1.3177874444526656,1055.18,29.2544080604534,51.02,Large
SNDK,0.6463051395284982,1958.800048828125,860.8598463552717,13.852347436917631,0.7717900136962806,-1.1923667526069,0.08219866151409602,1.061877083399005,0,1.552903211564443,239.92191736672032,-14.93901470465687,8.030474933414453,-9.621516879292434,-32.87282473159184,1.5556871781940156,27041.07,29.051637279596974,290.08,Mega
RFIL,0.6352277667219945,16.860000610351562,175.81156575689306,-5.254282903030365,1.882517825187991,0.3829358535137627,5.338075835681277,2.4021279039823753,0,17.589181565957784,133.8418934786344,-18.459648151355086,11.436618025022499,-15.699996947457187,-7.517488127806146,1.5087224903365841,4.26,28.98992443324937,0.18,Micro
ABSI,0.6348622108180284,7.179999828338623,102.33175865825825,14.440545103890273,1.0148035140404406,1.0874396716040986,9.192205291599048,1.1142050920274713,0,3.2350830979536442,48.04123647507909,-11.447078180487672,11.60565125858021,-12.117505980284257,-7.876712773467955,1.506350842746691,35.53,28.7544080604534,1.12,Small
QUIK,0.6418281685753519,20.860000610351562,233.6244798537622,-1.7104054310791421,0.5878005083458476,0.058694603712051194,3.835087313589073,0.7190868719211765,0,14.18590013099089,32.86624753786723,-25.72544972359011,9.909600011160379,-14.262224924344777,-18.611674641663022,1.2408896404118832,11.97,28.727959697732995,0.37,Small
INV,0.6313162083831351,6.579999923706055,19.04798662912055,7.520730824890647,0.6360175735521197,0.9790644040940464,7.750763445557622,0.45592299870021,0,14.829190350951613,12.095401224328906,-7.190632556776127,10.413590501022727,-16.28498966797319,-10.59907884488643,0.870179366229757,15.99,28.706549118387915,0.55,Small
SCCO,0.614187544850995,191.67999267578125,27.5508788864008,3.0227428834725503,1.0643492340508987,-0.2508139416724673,4.220574210649263,0.13042571449883159,0,24.063954643738626,-5.201340952352929,-11.09467455614737,5.256528848251145,-13.07712253196644,-11.151347217886416,1.2799071116196061,267.03,28.476070528967256,159.92,Mega
BWEN,0.5975447586278029,4.869999885559082,31.283800474048952,22.73185137368326,0.7856066234258655,0.3412162628132694,7.39220003901815,8.008210997334368,0,0.0,10.430840225824566,-1.392763006026566,10.340275913736253,-6.88336772720215,-6.829273565479681,1.309073618091112,4.86,28.44080604534005,0.11,Micro
CIFR,0.6158666359250703,26.350000381469727,69.29763019669508,10.252200692909085,0.8751218638882671,-0.6404396676512866,6.907019614447665,0.4098664139207865,0,0.0,19.230768897955343,-33.82979185167071,9.68772086194619,-7.931517788680679,-31.691652114234586,1.2417954105077593,677.89,28.381612090680104,10.78,Large
NOK,0.6305545065339155,13.829999923706055,113.59688200746061,-7.713866865997159,0.962847531754971,0.6374296143347403,0.25307192771263354,0.9399863712846768,0,31.12450852434887,-15.978124586214582,-14.703732388564308,7.809111598139669,-20.744989574522858,-16.949151809882775,1.2402496954112892,1638.66,28.253148614609575,77.21,Large
AMLX,0.5944678892877907,15.25,11.94955364249417,9.068802611832433,1.4962691532066148,-0.27809678004089144,2.127212774418656,0.6229525706398628,0,27.72755213919755,-7.854980645986364,-10.439560027440468,6.034378927262103,-18.032784867527756,-3.99508051753101,1.2456238770925576,18.3,28.08942065491184,1.7,Small
KLAC,0.6348622108180284,238.72999572753906,85.89872097434402,13.105967725420815,1.3568710508551116,0.6414006470228812,2.664097819355532,0.43563578299368527,0,3.62273155096378,67.61577533319193,-12.444699841649403,6.932848023157648,-10.64491382667145,-15.951195173825555,1.9430254526380686,2581.39,28.080604534005037,311.85,Mega
SMTC,0.6362538813752318,150.1999969482422,97.5905282265177,-5.318135671281795,0.7664609060089104,0.3452196881930403,0.7057240879651683,0.8655146991761451,0,22.946017386589425,-8.670806994644185,-16.625865997612348,9.564390298817571,-15.308716222582728,-8.473761146224609,1.4241423296101028,468.89,27.972292191435766,13.99,Large
FLEX,0.6186128206159759,143.1300048828125,101.60743772200584,-2.600846723006241,0.9318778367672303,0.9569906972860555,0.23754371989760018,1.4113073454449332,0,20.319045301899088,6.234698598371672,-15.44064631331675,6.84442660606627,-14.221500443842562,-17.49010477221459,1.5529257966025574,806.86,27.84508816120907,52.44,Large
AEHR,0.6291951149403547,112.62000274658203,381.8936271389361,10.465917771330465,0.5102496688448593,-0.10063737487521518,7.6185416637622145,1.4147574381557761,0,3.2569991009664143,78.30906114293379,-27.95168902575774,13.021666274086838,-11.056704861955428,-48.01989503072193,1.2948962737576393,344.41,27.67254408060454,3.54,Mid
MGTX,0.6172385735805422,10.40999984741211,7.498655680431465,8.465744266226151,0.8178011081226401,0.7307888426296677,3.6023055279602207,0.0,0,7.628706233725222,9.81013027410224,-8.324208316235415,5.777411311951728,-12.15190284877863,-18.71713659246997,0.974908258107679,8.88,27.595717884130988,0.96,Small
ACLS,0.6302420351328882,175.44500732421875,91.5924141420732,8.335665514371302,0.9960267117554229,-0.580913837336041,2.319758524191585,0.7951233800999805,0,2.654318145189142,113.93123125596306,-10.249255304310026,7.752120288426716,-9.46175640957966,-16.71311484753296,1.6573287438715363,120.63,27.546599496221663,5.39,Mid
NVMI,0.6302283212157994,554.4199829101562,61.54406969601105,6.037043269452631,1.371173251507713,-0.0881295451614272,1.848778961064707,0.23899070161105254,0,4.806966036093319,16.53354034171901,-8.393835848232575,7.214748344661132,-9.995293478826227,-15.90378213043682,1.4233982312119686,217.78,27.42191435768262,17.63,Large
AGL,0.6282221576844346,104.66999816894531,522.025532801951,8.993781272356166,0.6278811226187517,-0.14637910954722808,1.9871923550462054,0.2197341469000836,0,2.6483789539690354,72.55192619768074,-2.3015946472873976,8.98285806668563,-11.484145311577036,-36.70886133940642,1.4758155645479767,45.87,27.246851385390432,1.75,Small
ACMR,0.6302420351328882,96.19000244140625,145.47538597805038,12.471685299271893,1.0682824929427348,0.722129729641805,4.896557817734506,0.6133734819670277,0,0.0,68.63604645303431,-33.39353417631618,10.037128102576553,-8.381746453312587,-21.09281838358876,1.6845333711675834,150.28,27.236775818639796,6.65,Mid
CHRN,0.627474902938819,20.610000610351562,333.758170733968,14.206555325355975,1.1350915004207223,-0.08008289125582327,2.037846015698893,0.0,0,0.42894952998083413,94.8015194520351,4.719098976764187,13.853538606892801,-14.124997456279948,-10.375270824979902,1.6379836108242363,5.61,27.227959697732995,2.95,Mid
ALMU,0.6525562587278685,24.860000610351562,40.47205098701709,3.30999515946047,0.405806924838643,-0.3619284397524217,4.74658196362622,0.26145866898854675,0,20.629986436667334,61.954397341531084,-5.630274175355222,12.758015423634813,-21.799308289962756,-21.880345821635412,0.9873660015031505,48.26,27.212846347607055,0.46,Small
APGE,0.5923487163805066,88.43000030517578,5.6606028139635445,5.654921649646222,1.2197986816390773,0.3832632549477944,2.3747579631914055,0.5767297687036773,0,6.090886593641325,26.292494350854078,0.6643626745393847,5.839568085138821,-7.22341914683442,-6.231991495458748,1.273571030423984,73.56,27.205289672544076,6.67,Mid
HBM,0.6396124908859435,28.170000076293945,40.06193394262478,2.5325963170856123,0.9772433900945515,-0.3914167552494676,1.6151931929627554,0.21299064883831711,0,8.84150897603432,4.742937071409958,-10.976630145071038,6.443394749411392,-12.355976206410203,-15.476187563607219,1.2728143498564932,160.1,27.18261964735516,11.19,Large
IESC,0.6319783773027273,685.1799926757812,41.64278605517928,-2.321501548828021,0.8503785572009906,-0.05156401510208142,0.9391689231108825,3.6238677946273263,0,11.367506917326098,80.17301987413178,-8.56374476987107,6.889482712200872,-12.043646639807228,-12.922576662192284,1.306887602422931,142.78,26.792191435768263,13.65,Large
VSH,0.6188766039618068,60.33000183105469,291.0388195399817,8.766397064195946,1.1243997149977079,1.3056226794062054,3.364824660453252,0.08288256296926674,0,10.312780770811788,2.9873676088593237,-32.01943930044451,11.141103905120403,-9.482369917539254,-21.86511969653423,2.08021982063988,370.25,26.774559193954662,8.21,Mid
ON,0.6362538813752318,112.91999816894531,95.50603578885651,-6.008092004892809,0.854046376267312,0.20172595487655698,0.9431477671505224,0.1062656031989184,0,19.826137408874807,9.983442273987,-17.798531733530407,7.78870039974113,-16.3059593080403,-12.948741209518285,1.458166826204173,1374.45,26.637279596977333,43.9,Large
VECO,0.6312380941707006,75.77999877929688,136.8912621173846,17.354639689382363,1.3000385516250808,0.06856677003684893,3.442993380563701,0.5278457803075451,0,3.67206542767546,22.206097129920302,-10.148113349825309,8.215424888216985,-12.524528244248287,-15.912325597685154,1.8699650319533174,122.53,26.289672544080606,4.63,Mid
ESTA,0.5683400961579974,82.38999938964844,4.9152573533441934,8.88570090397435,1.1514497121079441,0.727296785942259,1.7477879015128328,3.4348851219628758,0,2.9640621284036133,10.531256208209351,-8.80243535369851,6.155392722467964,-4.19767512826696,-12.65888027071497,1.2746426994182627,41.85,25.787153652392945,2.42,Mid
OPTX,0.6253652479698195,12.869999885559082,809.8180820133942,8.91089004959577,1.1835998203602511,-0.08406407584822337,3.807302062449126,0.6216000342750853,0,2.1118010939260996,416.8674631364692,-56.22542459955283,15.340214079296565,-13.73994758790024,-29.061785218301566,1.3733508778502437,17.88,25.760705289672547,0.52,Small
HUT,0.6305958169293018,118.87999725341797,225.9725460818689,0.8632914359074437,0.7572740128912206,-0.288583562364189,4.088156731658192,0.672943674999581,0,5.892519974173909,9.12428363242119,-26.074378381068957,9.295508334139141,-15.568185598779008,-36.232430822790356,1.383296956940572,585.02,25.489924433249367,13.39,Large
RXT,0.6246156821679537,7.53000020980835,600.9097768777799,44.633857562775724,1.5666905205476407,0.7407680184192496,14.209829239121785,0.5312079778644963,1,0.0,449.63504956958815,1.3844527120350132,12.995636410908054,-12.44186190784909,-37.62485878586728,1.4598695332473284,192.91,25.478589420654913,1.88,Small
MRVL,0.6245318400471306,289.5400085449219,234.5786298094275,15.166463928721816,1.306167856979869,1.0496499683530378,5.001029233047576,2.1482038697191843,0,11.562091736476013,-4.014581666352718,-12.724792722523517,12.709567805077787,-10.690932250757873,-22.41451575130644,2.0525907167932433,11619.47,25.35138539042821,253.29,Mega
AMKR,0.6302283212157994,86.43000030517578,87.96586737158498,17.36524205303434,1.540831761096241,1.62171979974582,3.57966282185649,0.4512315032591414,0,2.6613924357028287,-0.13865134875718238,-10.146485107767301,8.440337719540118,-10.601985899399345,-28.769429669960417,1.5002971837779076,470.48,25.23299748110831,21.42,Large
TGB,0.6302268420904582,7.429999828338623,27.870623424141105,3.337966534248625,1.0333874453337717,0.25291768583746727,3.162855167054865,0.9421224284260815,0,44.748823599740064,-2.4934391082551075,-9.233179418203182,6.9265531311346304,-19.675677529347247,-15.23668192226076,1.1604583995175217,36.82,25.151133501259448,2.72,Mid
SITM,0.6408552910677513,677.2100219726562,76.96319905540332,-3.266628738465005,0.9437667695877899,-0.12027835605371306,1.1316572467027992,0.7014072216705584,0,27.777145523449683,108.16734499106815,-4.692507869600822,7.778289200515276,-24.90546525251794,-20.064605261028596,1.296674372743629,343.34,25.139798488664987,17.88,Large
NVEC,0.6351946723166554,101.7699966430664,37.0877443223667,-1.1361071552151571,1.4224353293459062,1.4190779767869366,2.3779092549340355,0.4962142773612954,0,26.619741882694235,-3.232862589181382,-14.412339313346248,8.526579866196487,-16.03135379063825,-7.203807069244693,1.3476039499810557,15.37,25.070528967254408,0.49,Small
STRL,0.6302283212157994,838.2100219726562,153.1953192583444,-0.25210194355629795,0.8594996648110623,0.3422904578537826,0.4402240899861517,0.6645121363621452,0,21.500188135524066,3.9962806417638075,-7.391289007652496,8.124795835453625,-16.65241149497032,-21.537336366777364,1.5751031458390556,529.45,25.020151133501262,25.72,Large
BRUN,0.6245318400471306,35.2400016784668,199.38426339951417,10.73404288998454,1.0564150736547921,0.8757659899009386,3.4619675024496734,5.221339571218008,0,18.562626438287108,19.054058189598198,-17.991966307993227,14.53279509835858,-16.095234098505358,-21.36831974184418,1.3712758155987301,54.19,24.84382871536524,2.16,Mid
BB,0.6302283212157994,8.829999923706055,98.29706433388985,-0.9367816020958488,0.7709548841787062,0.22785808202041652,2.4903752333033715,0.0,0,28.15060426813019,-14.603483621398968,-39.61352693461314,9.213640360200987,-19.213177700307682,-14.080459962939768,1.4181481225447548,281.22,24.79596977329975,5.17,Mid
SANM,0.6233052683967155,242.77000427246094,44.01911948224997,-4.690489453084852,0.7469463175180316,0.17507150317185935,0.8485387495702839,1.3510347937663452,0,14.076901554002031,69.54396265975879,-16.51980902534754,7.060176899374143,-15.903418861009582,-17.182516035372092,1.3026478397022676,215.31,24.468513853904284,13.01,Large
ERO,0.5815811316617944,30.43000030517578,11.430255411321099,5.586399113684556,1.2061299190275634,-0.2689749907262809,5.915212681398614,0.032863058761804835,0,44.27458500531651,-19.984219610489735,-6.86385820352656,6.549692408360321,-23.540791304440614,-4.236115461735277,1.2949401261095075,39.51,24.418136020151135,3.17,Mid
COHR,0.6352277667219945,378.8500061035156,102.83273154532057,-1.0432428425435205,0.9081637660031165,-0.19317247669996462,1.578464006855099,0.6071052589378486,0,10.11868002214031,49.371130705953426,-7.50784362930174,10.521691369895562,-13.897725885533047,-22.861625217023626,1.4107230059507068,2342.51,24.08816120906801,74.12,Large
NOVT,0.6048429098015368,151.42999267578125,17.347524832293825,-5.288772864399018,1.1306969783515726,0.5664148136381266,1.1259340378454072,1.2877217477018212,0,23.905717609129024,-4.874684117447963,-9.45377960080836,5.938388582202903,-11.88246302145334,-11.771345825636903,1.3713106833599376,71.06,23.79974811083123,5.39,Mid
VELO,0.6302283212157994,25.559999465942383,153.76613332111359,13.962144072015533,2.160997942445986,0.21811807094199448,8.560249495198978,4.362291477779045,0,6.428053557644445,-16.49787992012131,-51.8540293355403,16.651016393934746,-19.49606467358317,-13.957136399099596,1.7635860259203622,95.66,23.337531486146094,0.76,Small
ACHV,0.6172385735805422,5.360000133514404,9.90876128778664,3.285481957822677,1.1722156467332505,0.45506033382184824,1.119401889436273,0.7462679262908487,0,20.95089799787509,11.434515533542628,-7.415739654234975,7.369402445658581,-12.987008662085026,-12.812495036703458,1.068486004760812,8.54,23.272040302267005,0.55,Small
OCC,0.6302283212157994,21.729999542236328,149.22284273552435,29.572759390664103,1.0063513678434153,0.0912668039318568,5.8444569004097,4.993101770032048,0,9.380648318429008,14.36841864259286,-37.93774973861803,16.78719310476464,-22.337384210253955,-12.615379919078713,2.053266549921129,18.23,23.20528967254408,0.19,Micro
BRKR,0.5856148703199149,54.72999954223633,10.550266973271881,1.0197959782604706,0.9271165083028927,-0.5455683387976186,0.31061240702371123,0.5846879179515088,0,14.07723329763816,46.126841576605045,-14.158250193828406,5.833833773173744,-15.19987795782457,-8.808299749469038,1.2958478160395586,137.73,22.72544080604534,8.33,Mid
PENG,0.6302283212157994,59.68000030517578,186.2707120933385,-0.44705416196099124,0.6879637664266693,0.02785263507990235,1.6420903773603304,1.072385030772544,0,14.719969639203814,23.637869772053346,-17.657225173849962,12.8083107876654,-18.514470171928394,-24.67280833448187,1.738129550672055,170.69,22.564231738035268,3.14,Mid
ASYS,0.6408552910677513,21.385000228881836,75.84432124818545,0.5347601638363351,1.9558389638680167,-0.26800110419365625,1.7301796956156035,0.257191043182351,0,19.498056781503195,92.31115510828575,-10.77783848959218,11.616953304953705,-16.822244299629887,-31.44033554007814,1.4035479361404133,7.73,21.516372795969772,0.37,Small
ULCC,0.5738408089929272,6.639999866485596,5.810131125780904,13.9180763836241,0.9623946711601781,-0.21863151326602165,3.915666175762916,0.2876534576832325,0,0.0,65.9999966456399,-36.47059271459194,7.254732806375601,-6.544688969375699,-9.392269702833358,1.2970347938248288,38.63,21.48110831234257,1.53,Small
BEAM,0.6079929133282509,32.47999954223633,11.590875470679052,7.285007702047033,0.9390375986937005,0.14813237675625757,5.264775580419454,0.43103260965898366,0,9.955660290654016,-3.591567627662263,-21.116595069661603,6.972863099630494,-10.867176821081086,-23.723967006962003,1.1829486271234573,67.25,20.32619647355164,3.34,Mid
