date,value,breadth_200,breadth_50
2007-01-05,1409.7099609375,0.0,0.0
2007-01-08,1412.8399658203125,0.0,0.0
2007-01-09,1412.1099853515625,0.0,0.0
2007-01-10,1414.8499755859375,0.0,0.0
2007-01-11,1423.8199462890625,0.0,0.0
2007-01-12,1430.72998046875,0.0,0.0
2007-01-16,1431.9000244140625,0.0,0.0
2007-01-17,1430.6199951171875,0.0,0.0
2007-01-18,1426.3699951171875,0.0,0.0
2007-01-19,1430.5,0.0,0.0
2007-01-22,1422.949951171875,0.0,0.0
2007-01-23,1427.989990234375,0.0,0.0
2007-01-24,1440.1300048828125,0.0,0.0
2007-01-25,1423.9000244140625,0.0,0.0
2007-01-26,1422.1800537109375,0.0,0.0
2007-01-29,1420.6199951171875,0.0,0.0
2007-01-30,1428.8199462890625,0.0,0.0
2007-01-31,1438.239990234375,0.0,0.0
2007-02-01,1445.93994140625,0.0,0.0
2007-02-02,1448.3900146484375,0.0,0.0
2007-02-05,1446.989990234375,0.0,0.0
2007-02-06,1448.0,0.0,0.0
2007-02-07,1450.02001953125,0.0,0.0
2007-02-08,1448.31005859375,0.0,0.0
2007-02-09,1438.06005859375,0.0,0.0
2007-02-12,1433.3699951171875,0.0,0.0
2007-02-13,1444.260009765625,0.0,0.0
2007-02-14,1455.300048828125,0.0,0.0
2007-02-15,1456.81005859375,0.0,0.0
2007-02-16,1455.5400390625,0.0,0.0
2007-02-20,1459.6800537109375,0.0,0.0
2007-02-21,1457.6300048828125,0.0,0.0
2007-02-22,1456.3800048828125,0.0,0.0
2007-02-23,1451.18994140625,0.0,0.0
2007-02-26,1449.3699951171875,0.0,0.0
2007-02-27,1399.0400390625,0.0,0.0
2007-02-28,1406.8199462890625,0.0,0.0
2007-03-01,1403.1700439453125,0.0,0.0
2007-03-02,1387.1700439453125,0.0,0.0
2007-03-05,1374.1199951171875,0.0,0.0
2007-03-06,1395.4100341796875,0.0,0.0
2007-03-07,1391.969970703125,0.0,0.0
2007-03-08,1401.8900146484375,0.0,0.0
2007-03-09,1402.8399658203125,0.0,0.0
2007-03-12,1406.5999755859375,0.0,0.0
2007-03-13,1377.949951171875,0.0,0.0
2007-03-14,1387.1700439453125,0.0,0.0
2007-03-15,1392.280029296875,0.0,12.40506362915039
2007-03-16,1386.949951171875,0.0,23.71308135986328
2007-03-19,1402.06005859375,0.0,37.55274327596029
2007-03-20,1410.93994140625,0.0,40.42194112141927
2007-03-21,1435.0400390625,0.0,49.70463943481445
2007-03-22,1434.5400390625,0.0,55.814473470052086
2007-03-23,1436.1099853515625,0.0,61.24728266398112
2007-03-26,1437.5,0.0,60.353535970052086
2007-03-27,1428.6099853515625,0.0,58.164981842041016
2007-03-28,1417.22998046875,0.0,53.19865163167318
2007-03-29,1422.530029296875,0.0,49.790514628092446
2007-03-30,1420.8599853515625,0.0,48.4023691813151
2007-04-02,1424.550048828125,0.0,49.45424016316732
2007-04-03,1437.77001953125,0.0,53.14861551920573
2007-04-04,1439.3699951171875,0.0,56.5911013285319
2007-04-05,1443.760009765625,0.0,60.537366231282554
2007-04-09,1444.6099853515625,0.0,61.628884633382164
2007-04-10,1448.3900146484375,0.0,63.140218098958336
2007-04-11,1438.8699951171875,0.0,61.376992543538414
2007-04-12,1447.800048828125,0.0,61.376992543538414
2007-04-13,1452.8499755859375,0.0,61.88077036539713
2007-04-16,1468.3299560546875,0.0,68.17800013224284
2007-04-17,1471.47998046875,0.0,73.29974873860677
2007-04-18,1472.5,0.0,77.66582997639973
2007-04-19,1470.72998046875,0.0,77.43482462565105
2007-04-20,1484.3499755859375,0.0,77.70401255289714
2007-04-23,1480.9300537109375,0.0,78.14070383707683
2007-04-24,1480.4100341796875,0.0,78.39196014404297
2007-04-25,1495.4200439453125,0.0,78.22445424397786
2007-04-26,1494.25,0.0,78.14070129394531
2007-04-27,1494.0699462890625,0.0,79.4807357788086
2007-04-30,1482.3699951171875,0.0,76.29815673828125
2007-05-01,1486.300048828125,0.0,72.7805684407552
2007-05-02,1495.9200439453125,0.0,71.77554321289062
2007-05-03,1502.3900146484375,0.0,74.1403325398763
2007-05-04,1505.6199951171875,0.0,77.02517445882161
2007-05-07,1509.47998046875,0.0,77.81370035807292
2007-05-08,1507.719970703125,0.0,78.66666666666667
2007-05-09,1512.5799560546875,0.0,79.91666666666667
2007-05-10,1491.469970703125,0.0,77.83333333333333
2007-05-11,1505.8499755859375,0.0,77.33333333333333
2007-05-14,1503.1500244140625,0.0,74.91666666666667
2007-05-15,1501.18994140625,0.0,74.10785675048828
2007-05-16,1514.1400146484375,0.0,73.96030934651692
2007-05-17,1512.75,0.0,73.56608581542969
2007-05-18,1522.75,0.0,74.97921752929688
2007-05-21,1525.0999755859375,0.0,74.8129653930664
2007-05-22,1524.1199951171875,0.0,76.47547658284505
2007-05-23,1522.280029296875,0.0,76.30922444661458
2007-05-24,1507.510009765625,0.0,72.65170288085938
2007-05-25,1515.72998046875,0.0,69.24355824788411
2007-05-29,1518.1099853515625,0.0,68.4123051961263
2007-05-30,1530.22998046875,0.0,71.1554463704427
2007-05-31,1530.6199951171875,0.0,74.14796447753906
2007-06-01,1536.3399658203125,0.0,76.3092269897461
2007-06-04,1539.1800537109375,0.0,77.7223612467448
2007-06-05,1530.949951171875,0.0,75.97672271728516
2007-06-06,1517.3800048828125,0.0,71.82044728597005
2007-06-07,1490.719970703125,0.0,61.845383961995445
2007-06-08,1507.6700439453125,0.0,57.77223587036133
2007-06-11,1509.1199951171875,0.0,55.1122194925944
2007-06-12,1493.0,0.0,54.53034210205078
2007-06-13,1515.6700439453125,0.0,54.36409123738607
2007-06-14,1522.969970703125,0.0,55.72573725382487
2007-06-15,1532.9100341796875,0.0,61.740342458089195
2007-06-18,1531.050048828125,0.0,62.852404276529946
2007-06-19,1533.699951171875,0.0,62.769484202067055
2007-06-20,1512.8399658203125,0.0,58.87230428059896
2007-06-21,1522.18994140625,0.0,56.633497873942055
2007-06-22,1502.56005859375,0.0,51.61969248453776
2007-06-25,1497.739990234375,0.0,48.59840647379557
2007-06-26,1492.8900146484375,0.0,44.003309885660805
2007-06-27,1506.3399658203125,0.0,44.83043924967448
2007-06-28,1505.7099609375,0.0,46.650123596191406
2007-06-29,1503.3499755859375,0.0,48.55252202351888
2007-07-02,1519.4300537109375,0.0,50.62034606933594
2007-07-03,1524.8699951171875,0.0,53.26716232299805
2007-07-05,1525.4000244140625,0.0,56.32754135131836
2007-07-06,1530.43994140625,0.0,58.1472282409668
2007-07-09,1531.8499755859375,0.0,59.139784495035805
2007-07-10,1510.1199951171875,0.0,56.65839513142904
2007-07-11,1518.760009765625,0.0,54.01157887776693
2007-07-12,1547.699951171875,0.0,55.4176991780599
2007-07-13,1552.5,0.0,60.87675857543945
2007-07-16,1549.52001953125,0.0,64.01985295613606
2007-07-17,1549.3699951171875,0.0,63.27543512980143
2007-07-18,1546.1700439453125,0.0,61.62117258707682
2007-07-19,1553.0799560546875,0.0,61.95202382405599
2007-07-20,1534.0999755859375,0.0,59.80148696899414
2007-07-23,1541.5699462890625,0.0,58.47807947794596
2007-07-24,1511.0400390625,0.0,52.10918045043945
2007-07-25,1518.0899658203125,0.0,48.88337326049805
2007-07-26,1482.6600341796875,0.0,40.11579704284668
2007-07-27,1458.949951171875,0.0,32.98364448547363
2007-07-30,1473.9100341796875,0.0,27.087683995564777
2007-07-31,1455.27001953125,0.0,25.082508722941082
2007-08-01,1465.81005859375,0.0,27.145214716593426
2007-08-02,1472.199951171875,0.0,28.8778870900472
2007-08-03,1433.06005859375,0.0,28.300329844156902
2007-08-06,1467.6700439453125,0.0,29.20792071024577
2007-08-07,1476.7099609375,0.0,29.7854798634847
2007-08-08,1497.489990234375,0.0,37.78877957661947
2007-08-09,1453.0899658203125,0.0,37.458746592203774
2007-08-10,1453.6400146484375,0.0,35.97359720865885
2007-08-13,1452.9200439453125,0.0,30.693069458007812
2007-08-14,1426.5400390625,0.0,27.722771962483723
2007-08-15,1406.699951171875,0.0,22.112210909525555
2007-08-16,1411.27001953125,0.0,16.914190928141277
2007-08-17,1445.93994140625,0.0,18.151814778645832
2007-08-20,1445.550048828125,0.0,22.112210909525555
2007-08-21,1447.1199951171875,0.0,26.56765619913737
2007-08-22,1464.0699462890625,0.0,30.69306818644206
2007-08-23,1462.5,0.0,33.993398666381836
2007-08-24,1479.3699951171875,0.0,39.76897684733073
2007-08-27,1466.7900390625,0.0,39.438944498697914
2007-08-28,1432.3599853515625,0.0,34.653465270996094
2007-08-29,1463.760009765625,0.0,31.6006596883138
2007-08-30,1457.6400146484375,0.0,31.35313542683919
2007-08-31,1473.989990234375,0.0,39.438944498697914
2007-09-04,1489.4200439453125,0.0,45.54455439249674
2007-09-05,1472.2900390625,0.0,48.514851888020836
2007-09-06,1478.550048828125,0.0,50.08250935872396
2007-09-07,1453.550048828125,0.0,43.64686711629232
2007-09-10,1451.699951171875,0.0,40.016502380371094
2007-09-11,1471.489990234375,0.0,37.45874532063802
2007-09-12,1471.56005859375,0.0,40.016501108805336
2007-09-13,1483.949951171875,0.0,44.96699778238932
2007-09-14,1484.25,0.0,47.68976974487305
2007-09-17,1476.6500244140625,0.0,49.75247573852539
2007-09-18,1519.780029296875,0.0,56.93069330851237
2007-09-19,1529.030029296875,0.0,65.51155344645183
2007-09-20,1518.75,0.0,73.51485188802083
2007-09-21,1525.75,0.0,75.08250935872395
2007-09-24,1517.72998046875,0.0,73.10231018066406
2007-09-25,1517.2099609375,0.0,72.02970631917317
2007-09-26,1525.4200439453125,0.0,71.94719696044922
2007-09-27,1531.3800048828125,0.0,74.50495147705078
2007-09-28,1526.75,0.0,76.15511576334636
2007-10-01,1547.0400390625,0.0,79.04290517171223
2007-10-02,1546.6300048828125,0.0,80.61056264241536
2007-10-03,1539.5899658203125,0.0,82.92079162597656
2007-10-04,1542.8399658203125,0.0,82.5082499186198
2007-10-05,1557.5899658203125,0.0,83.74587504069011
2007-10-08,1552.5799560546875,0.0,85.31353251139323
2007-10-09,1565.1500244140625,0.0,86.9636967976888
2007-10-10,1562.469970703125,0.0,87.29372914632161
2007-10-11,1554.4100341796875,0.0,86.30362955729167
2007-10-12,1561.800048828125,0.0,85.80858103434245
2007-10-15,1548.7099609375,0.0,83.58085632324219
2007-10-16,1538.530029296875,0.0,81.35313415527344
2007-10-17,1541.239990234375,64.85149,78.05280303955078
2007-10-18,1540.0799560546875,63.86139,75.90758768717448
2007-10-19,1500.6300048828125,56.435646,68.6468620300293
2007-10-22,1506.3299560546875,59.653465,64.10890833536784
2007-10-23,1519.5899658203125,60.643566,60.561056772867836
2007-10-24,1515.8800048828125,59.653465,63.36633809407552
2007-10-25,1514.4000244140625,59.506172,62.90347671508789
2007-10-26,1535.280029296875,63.20988,63.756265004475914
2007-10-29,1540.97998046875,63.45679,64.52674738566081
2007-10-30,1531.02001953125,61.481483,65.59670511881511
2007-10-31,1549.3800048828125,66.66667,66.83127339680989
2007-11-01,1508.43994140625,56.296295,62.304526011149086
2007-11-02,1509.6500244140625,56.296295,58.35391108194987
2007-11-05,1502.1700439453125,54.5679,51.193416595458984
2007-11-06,1520.27001953125,58.024693,51.02880605061849
2007-11-07,1475.6199951171875,49.629627,47.07818857828776
2007-11-08,1474.77001953125,52.34568,44.52674865722656
2007-11-09,1453.699951171875,48.39506,39.01234690348307
2007-11-12,1439.1800537109375,47.654324,36.37860107421875
2007-11-13,1481.050048828125,54.5679,37.61316808064779
2007-11-14,1470.5799560546875,52.098763,39.176953633626304
2007-11-15,1451.1500244140625,49.261086,40.135416666666664
2007-11-16,1458.739990234375,50.492607,38.12828063964844
2007-11-19,1433.27001953125,45.812805,34.56485939025879
2007-11-20,1439.699951171875,47.29064,32.758619944254555
2007-11-21,1416.77001953125,43.84236,28.48932647705078
2007-11-23,1440.699951171875,46.79803,28.48932647705078
2007-11-26,1407.219970703125,42.364532,26.43678156534831
2007-11-27,1428.22998046875,44.334976,26.765188852945965
2007-11-28,1469.02001953125,52.21675,30.29556719462077
2007-11-29,1469.719970703125,51.970448,35.63218434651693
2007-11-30,1481.1400146484375,53.940887,41.379310607910156
2007-12-03,1472.4200439453125,52.70936,41.87192026774088
2007-12-04,1462.7900390625,51.724136,41.05090204874674
2007-12-05,1485.010009765625,54.679806,41.95402272542318
2007-12-06,1507.3399658203125,59.1133,47.45484415690104
2007-12-07,1504.6600341796875,59.359604,54.8440055847168
2007-12-10,1515.9599609375,60.837437,60.83743794759115
2007-12-11,1477.6500244140625,54.679806,56.56814448038737
2007-12-12,1486.5899658203125,55.91133,53.36617533365885
2007-12-13,1488.4100341796875,56.15764,48.604268391927086
2007-12-14,1467.949951171875,50.73892,47.94745381673177
2007-12-17,1445.9000244140625,45.812805,41.95402145385742
2007-12-18,1454.97998046875,46.551723,37.84893290201823
2007-12-19,1453.0,47.044334,35.87848917643229
2007-12-20,1460.1199951171875,48.76847,39.16256205240885
2007-12-21,1484.4599609375,52.21675,44.08866882324219
2007-12-24,1496.449951171875,54.92611,51.55993398030599
2007-12-26,1497.6600341796875,54.679806,57.30706024169922
2007-12-27,1476.27001953125,50.492607,56.23973846435547
2007-12-28,1478.489990234375,50.0,53.77668380737305
2007-12-31,1468.3599853515625,48.27586,49.75369517008463
2008-01-02,1447.1600341796875,42.751842,44.30754089355469
2008-01-03,1447.1600341796875,41.03194,37.63066609700521
2008-01-04,1411.6300048828125,37.837837,28.665028254191082
2008-01-07,1416.1800537109375,38.57494,26.044225056966145
2008-01-08,1390.18994140625,34.889435,22.276821772257488
2008-01-09,1409.1300048828125,36.363636,23.5053227742513
2008-01-10,1420.3299560546875,36.855038,24.65192476908366
2008-01-11,1401.02001953125,35.135136,25.307125727335613
2008-01-14,1416.25,37.10074,25.880425771077473
2008-01-15,1380.949951171875,31.941032,22.52252197265625
2008-01-16,1373.199951171875,30.466831,20.55691973368327
2008-01-17,1333.25,24.078625,15.724815368652344
2008-01-18,1325.18994140625,22.604422,12.366911888122559
2008-01-22,1310.5,19.16462,9.254708925882975
2008-01-23,1338.5999755859375,22.604422,11.62981128692627
2008-01-24,1352.0699462890625,22.604422,13.841114044189453
2008-01-25,1330.6099853515625,20.884521,15.888616243998209
2008-01-28,1353.9599609375,23.341522,16.46191692352295
2008-01-29,1362.300048828125,24.815725,19.246519406636555
2008-01-30,1355.81005859375,23.095823,21.78542200724284
2008-01-31,1378.550048828125,28.501228,25.7166264851888
2008-02-01,1395.4200439453125,34.643734,31.20393244425456
2008-02-04,1380.8199462890625,31.203932,36.19983736673991
2008-02-05,1336.6400146484375,22.850122,33.41523361206055
2008-02-06,1326.449951171875,21.13022,26.781326293945312
2008-02-07,1336.9100341796875,24.078625,23.095822016398113
2008-02-08,1331.2900390625,22.358723,22.358721415201824
2008-02-11,1339.1300048828125,24.078625,23.587223052978516
2008-02-12,1348.8599853515625,25.307125,24.24242401123047
2008-02-13,1367.2099609375,28.009829,29.23832893371582
2008-02-14,1348.8599853515625,23.832924,31.12203089396159
2008-02-15,1349.989990234375,23.341522,32.104832331339516
2008-02-19,1348.780029296875,24.078625,29.7297306060791
2008-02-20,1360.030029296875,26.044226,31.531532287597656
2008-02-21,1342.530029296875,22.113022,31.531532287597656
2008-02-22,1353.1099853515625,23.832924,33.90663401285807
2008-02-25,1371.800048828125,29.238329,37.182637532552086
2008-02-26,1381.2900390625,32.43243,44.389844258626304
2008-02-27,1380.02001953125,30.466831,49.54955037434896
2008-02-28,1367.6800537109375,28.009829,48.89434941609701
2008-02-29,1330.6300048828125,22.358723,41.52334213256836
2008-03-03,1331.3399658203125,23.095823,34.64373524983724
2008-03-04,1326.75,23.341522,30.384931564331055
2008-03-05,1333.699951171875,24.324326,31.859132766723633
2008-03-06,1304.3399658203125,21.13022,29.320229212443035
2008-03-07,1293.3699951171875,18.918919,25.716625213623047
2008-03-10,1273.3699951171875,14.496315,19.082719167073567
2008-03-11,1320.6500244140625,21.375921,21.78542200724284
2008-03-12,1308.77001953125,21.375921,25.143325169881184
2008-03-13,1315.47998046875,21.867321,31.695332209269207
2008-03-14,1288.1400146484375,18.427519,29.647830327351887
2008-03-17,1276.5999755859375,16.176472,27.41785939534505
2008-03-18,1330.739990234375,24.509804,30.00433603922526
2008-03-19,1298.4200439453125,20.293398,32.163574854532875
2008-03-20,1329.510009765625,24.449877,39.07246335347494
2008-03-24,1349.8800048828125,29.339853,42.86878522237142
2008-03-25,1352.989990234375,30.317848,51.42624282836914
2008-03-26,1341.1300048828125,27.383863,55.01222610473633
2008-03-27,1325.760009765625,26.16137,53.137736002604164
2008-03-28,1315.219970703125,23.96088,47.18826548258463
2008-03-31,1322.699951171875,25.183374,44.58027648925781
2008-04-01,1370.1800537109375,34.963326,51.99673970540365
2008-04-02,1367.530029296875,35.207825,62.51018778483073
2008-04-03,1369.31005859375,36.430317,70.98614756266277
2008-04-04,1370.4000244140625,36.674816,71.71964263916016
2008-04-07,1372.5400390625,36.919315,72.20863850911458
2008-04-08,1365.5400390625,35.696823,70.66014353434245
2008-04-09,1354.489990234375,31.784842,66.74816513061523
2008-04-10,1360.550048828125,32.762836,64.38467788696289
2008-04-11,1332.8299560546875,26.894865,59.820701599121094
2008-04-14,1328.3199462890625,26.894865,56.642215728759766
2008-04-15,1334.4300537109375,29.339853,52.974735260009766
2008-04-16,1364.7099609375,38.875305,58.35370890299479
2008-04-17,1365.56005859375,38.141808,64.22168223063152
2008-04-18,1390.3299560546875,43.276283,71.55664571126302
2008-04-21,1388.1700439453125,41.80929,73.18663787841797
2008-04-22,1375.93994140625,37.652813,72.29014078776042
2008-04-23,1379.9300537109375,41.951218,69.87019856770833
2008-04-24,1388.8199462890625,44.878048,68.9152603149414
2008-04-25,1397.8399658203125,47.07317,72.27642313639323
2008-04-28,1396.3699951171875,47.317074,75.52845509847005
2008-04-29,1390.93994140625,46.09756,77.31707255045573
2008-04-30,1385.5899658203125,45.609756,77.0731684366862
2008-05-01,1409.3399658203125,52.19512,78.0487772623698
2008-05-02,1413.9000244140625,53.170734,79.67479451497395
2008-05-05,1407.489990234375,50.731705,81.62601470947266
2008-05-06,1418.260009765625,52.682922,81.54471333821614
2008-05-07,1392.5699462890625,47.445255,79.28846740722656
2008-05-08,1397.6800537109375,49.14842,77.27632141113281
2008-05-09,1388.280029296875,48.90511,73.96593729654948
2008-05-12,1403.5799560546875,52.554745,75.18248494466145
2008-05-13,1403.0400390625,52.31144,76.31792958577473
2008-05-14,1408.6600341796875,54.744522,78.99432627360027
2008-05-15,1423.5699462890625,59.12409,80.12976582845052
2008-05-16,1425.3499755859375,58.63747,81.02189636230469
2008-05-19,1426.6300048828125,60.097324,81.34630839029948
2008-05-20,1413.4000244140625,55.717762,78.99432118733723
2008-05-21,1390.7099609375,51.338203,73.80372873942058
2008-05-22,1394.3499755859375,51.338203,68.69423929850261
2008-05-23,1375.9300537109375,47.445255,63.3414421081543
2008-05-27,1385.3499755859375,48.6618,62.85482406616211
2008-05-28,1390.8399658203125,51.09489,62.85482406616211
2008-05-29,1398.260009765625,54.744522,66.58556111653645
2008-05-30,1400.3800048828125,55.474453,68.28872426350911
2008-06-02,1385.6700439453125,49.635036,66.50445938110352
2008-06-03,1377.6500244140625,48.41849,62.61151631673177
2008-06-04,1377.199951171875,51.58151,59.85401407877604
2008-06-05,1404.050048828125,58.394157,63.42254511515299
2008-06-06,1360.6800537109375,45.255474,60.90835189819336
2008-06-09,1361.760009765625,45.012165,57.339820861816406
2008-06-10,1358.43994140625,44.525547,50.04055150349935
2008-06-11,1335.489990234375,39.172752,45.57988611857096
2008-06-12,1339.8699951171875,40.87591,42.497971852620445
2008-06-13,1360.030029296875,45.012165,42.98458989461263
2008-06-16,1360.1400146484375,46.47202,47.120843251546226
2008-06-17,1350.9300537109375,44.17476,48.05864588419596
2008-06-18,1337.81005859375,41.504852,44.61983871459961
2008-06-19,1342.8299560546875,43.68932,42.47572708129883
2008-06-20,1317.9300537109375,39.07767,38.75404485066732
2008-06-23,1318.0,38.106796,35.59870529174805
2008-06-24,1314.2900390625,36.650486,29.126213709513348
2008-06-25,1321.969970703125,39.07767,28.23624610900879
2008-06-26,1283.1500244140625,31.06796,23.462783813476562
2008-06-27,1278.3800048828125,30.097088,20.469256083170574
2008-06-30,1280.0,29.61165,15.85760498046875
2008-07-01,1284.9100341796875,30.097088,15.533980051676432
2008-07-02,1261.52001953125,25.485437,14.967637062072754
2008-07-03,1262.9000244140625,24.75728,13.268608093261719
2008-07-07,1252.31005859375,23.058252,11.084142367045084
2008-07-08,1273.699951171875,29.61165,11.488673210144043
2008-07-09,1244.68994140625,25.728153,12.54045295715332
2008-07-10,1253.3900146484375,27.912622,14.158575693766275
2008-07-11,1239.489990234375,26.456312,13.268608093261719
2008-07-14,1228.300048828125,24.271845,12.45954704284668
2008-07-15,1214.9100341796875,23.058252,11.569579442342123
2008-07-16,1245.3599853515625,28.883495,13.268608411153158
2008-07-17,1260.3199462890625,30.582523,18.20388380686442
2008-07-18,1260.6800537109375,32.038834,22.734628041585285
2008-07-21,1260.0,32.281555,24.91909408569336
2008-07-22,1277.0,35.19417,27.184465408325195
2008-07-23,1282.18994140625,35.92233,32.03883488972982
2008-07-24,1252.5400390625,29.85437,33.65695826212565
2008-07-25,1257.760009765625,30.582523,33.00970967610677
2008-07-28,1234.3699951171875,28.640778,27.993528366088867
2008-07-29,1263.199951171875,33.252426,31.067962010701496
2008-07-30,1284.260009765625,35.436893,34.46601931254069
2008-07-31,1267.3800048828125,34.2233,39.805824279785156
2008-08-01,1260.31005859375,32.524273,39.72491709391276
2008-08-04,1249.010009765625,31.553396,38.51132583618164
2008-08-05,1284.8800048828125,40.048542,42.47572708129883
2008-08-06,1289.18994140625,40.53398,48.70550028483073
2008-08-07,1266.0699462890625,36.893204,51.61812210083008
2008-08-08,1296.3199462890625,45.38835,54.53074518839518
2008-08-11,1305.3199462890625,48.786407,57.76699193318685
2008-08-12,1289.5899658203125,45.14563,63.0258903503418
2008-08-13,1285.8299560546875,44.660194,62.9449831644694
2008-08-14,1292.9300537109375,46.116505,62.540452321370445
2008-08-15,1298.199951171875,48.54369,64.64401372273763
2008-08-18,1278.5999755859375,46.116505,65.53398005167644
2008-08-19,1266.68994140625,41.99029,62.86407725016276
2008-08-20,1274.5400390625,43.932037,59.627830505371094
2008-08-21,1277.719970703125,42.23301,57.60517883300781
2008-08-22,1292.199951171875,47.572815,60.517800649007164
2008-08-25,1266.8399658203125,41.99029,59.14239629109701
2008-08-26,1271.510009765625,42.475727,59.30420684814453
2008-08-27,1281.6600341796875,46.116505,58.333333333333336
2008-08-28,1300.6800537109375,51.213593,64.15857696533203
2008-08-29,1282.8299560546875,46.84466,66.74757385253906
2008-09-02,1277.5799560546875,48.058254,67.63754018147786
2008-09-03,1274.97998046875,45.873787,64.23948033650716
2008-09-04,1236.8299560546875,36.650486,58.49514516194662
2008-09-05,1242.31005859375,37.13592,52.58899688720703
2008-09-08,1267.7900390625,44.417477,51.94174830118815
2008-09-09,1224.510009765625,37.378643,52.18446604410807
2008-09-10,1232.0400390625,37.378643,52.50809097290039
2008-09-11,1249.050048828125,41.01942,50.24271901448568
2008-09-12,1251.699951171875,41.504852,51.9417470296224
2008-09-15,1192.699951171875,32.524273,48.22006479899088
2008-09-16,1213.5999755859375,38.592236,45.46925481160482
2008-09-17,1156.3900146484375,27.669903,36.24595514933268
2008-09-18,1206.510009765625,38.592236,38.18770217895508
2008-09-19,1255.0799560546875,47.815533,39.886731465657554
2008-09-22,1207.0899658203125,33.737865,41.909385681152344
2008-09-23,1188.219970703125,29.36893,37.459547678629555
2008-09-24,1185.8699951171875,28.883495,29.207120895385742
2008-09-25,1209.1800537109375,34.2233,29.045307795206707
2008-09-26,1213.27001953125,34.46602,30.501618067423504
2008-09-29,1106.4200439453125,21.359222,26.537216504414875
2008-09-30,1166.3599853515625,27.427185,23.05825201670329
2008-10-01,1161.06005859375,26.213593,18.527507464090984
2008-10-02,1114.280029296875,18.93204,19.09385045369466
2008-10-03,1099.22998046875,16.747574,15.372167905171713
2008-10-06,1056.8900146484375,9.951457,10.436893145243326
2008-10-07,996.22998046875,6.31068,5.987055102984111
2008-10-08,984.9400024414062,5.0970874,2.8317153056462607
2008-10-09,909.9199829101562,0.7281554,0.9708737879991531
2008-10-10,899.219970703125,2.6699028,0.6472491969664892
2008-10-13,1003.3499755859375,7.2815537,0.9708737681309382
2008-10-14,998.010009765625,5.5825243,1.7799352208773296
2008-10-15,907.8400268554688,1.4563107,1.8608413537343342
2008-10-16,946.4299926757812,4.1262136,2.0226536989212036
2008-10-17,940.5499877929688,3.6407769,1.8608414729436238
2008-10-20,985.4000244140625,5.0970874,2.5889968077341714
2008-10-21,955.0499877929688,4.3689322,2.6699028809865317
2008-10-22,896.780029296875,3.3980582,2.265372097492218
2008-10-23,908.1099853515625,3.15534,1.3754044969876607
2008-10-24,876.77001953125,1.9417475,0.8090615073839823
2008-10-27,848.9199829101562,1.6990291,0.6472492118676504
2008-10-28,940.510009765625,4.1262136,1.5372168123722076
2008-10-29,930.0900268554688,3.883495,2.427184412876765
2008-10-30,954.0900268554688,6.31068,4.207119782765706
2008-10-31,968.75,8.009708,6.067961136500041
2008-11-03,966.2999877929688,7.2815537,7.766990025838216
2008-11-04,1005.75,10.194175,10.679611523946127
2008-11-05,952.77001953125,5.0970874,9.38511323928833
2008-11-06,904.8800048828125,4.1262136,7.443365891774495
2008-11-07,930.989990234375,5.0970874,4.207119623819987
2008-11-10,919.2100219726562,4.3689322,3.883495012919108
2008-11-11,898.9500122070312,2.6699028,4.1262134710947675
2008-11-12,852.2999877929688,2.1844661,2.9126212994257608
2008-11-13,911.2899780273438,4.8543687,4.8543691237767534
2008-11-14,873.2899780273438,2.9126215,5.4207121928532915
2008-11-17,850.75,3.15534,6.14886752764384
2008-11-18,859.1199951171875,2.9126215,4.530744314193726
2008-11-19,806.5800170898438,1.9417475,3.398058215777079
2008-11-20,752.4400024414062,0.7281554,2.427184452613195
2008-11-21,800.030029296875,1.9417475,1.7799353102842967
2008-11-24,851.8099975585938,3.3980582,4.692556768655777
2008-11-25,857.3900146484375,2.6699028,8.576051950454712
2008-11-26,887.6799926757812,4.6116505,13.511326789855957
2008-11-28,896.239990234375,5.3398056,17.718446413675945
2008-12-01,816.2100219726562,1.6990291,15.372168064117432
2008-12-02,848.8099975585938,2.4271843,13.349514484405518
2008-12-03,870.739990234375,3.883495,11.974110126495361
2008-12-04,845.219970703125,2.9126215,14.239482243855795
2008-12-05,876.0700073242188,4.6116505,18.44660186767578
2008-12-08,909.7000122070312,5.825243,24.83818753560384
2008-12-09,888.6699829101562,3.15534,30.82524299621582
2008-12-10,899.239990234375,3.883495,35.355987548828125
2008-12-11,873.5900268554688,2.4271843,31.310679753621418
2008-12-12,879.72998046875,3.3980582,33.00970904032389
2008-12-15,868.5700073242188,3.15534,30.177993774414062
2008-12-16,913.1799926757812,6.553398,40.53398195902506
2008-12-17,904.4199829101562,5.825243,47.815534591674805
2008-12-18,885.280029296875,5.0970874,55.582525889078774
2008-12-19,887.8800048828125,5.825243,55.582525889078774
2008-12-22,871.6300048828125,5.0970874,52.10356140136719
2008-12-23,863.1599731445312,5.0970874,48.78640874226888
2008-12-24,868.1500244140625,5.3398056,45.63106791178385
2008-12-26,872.7999877929688,5.3398056,47.006473541259766
2008-12-29,869.4199829101562,5.0970874,47.97734705607096
2008-12-30,890.6400146484375,5.825243,52.18446731567383
2008-12-31,903.25,7.0388346,58.495147705078125
2009-01-02,931.7999877929688,9.708737,69.98382059733073
2009-01-05,927.4500122070312,9.223301,76.69903055826823
2009-01-06,934.7000122070312,8.252427,81.22977193196614
2009-01-07,906.6500244140625,6.067961,79.93527221679688
2009-01-08,909.72998046875,6.7961164,77.91261800130208
2009-01-09,890.3499755859375,5.5825243,72.8964360555013
2009-01-12,870.260009765625,4.8543687,66.58575693766277
2009-01-13,871.7899780273438,4.1262136,60.67960866292318
2009-01-14,842.6199951171875,2.9126215,50.161810557047524
2009-01-15,843.739990234375,3.6407769,46.197410583496094
2009-01-16,850.1199951171875,5.0970874,45.71197255452474
2009-01-20,805.219970703125,3.3980582,43.770225524902344
2009-01-21,840.239990234375,5.5825243,44.90291086832682
2009-01-22,827.5,5.0970874,40.29126103719076
2009-01-23,831.9500122070312,4.6116505,44.174756368001304
2009-01-26,836.5700073242188,5.825243,43.04207102457682
2009-01-27,845.7100219726562,6.067961,46.521036783854164
2009-01-28,874.0900268554688,8.009708,54.77346547444662
2009-01-29,845.1400146484375,5.825243,56.14886983235677
2009-01-30,825.8800048828125,5.5825243,52.58899943033854
2009-02-02,825.4400024414062,6.553398,44.336570739746094
2009-02-03,838.510009765625,7.524272,44.741101582845054
2009-02-04,832.22998046875,7.2815537,47.00647226969401
2009-02-05,845.8499755859375,8.009708,51.213592529296875
2009-02-06,868.5999755859375,9.223301,54.69255701700846
2009-02-09,869.8900146484375,9.223301,59.22330220540365
2009-02-10,827.1599731445312,5.825243,55.663431803385414
2009-02-11,833.739990234375,6.553398,50.16181310017904
2009-02-12,835.1900024414062,7.76699,44.983819325764976
2009-02-13,826.8400268554688,8.252427,44.579288482666016
2009-02-17,789.1699829101562,5.0970874,38.02589098612467
2009-02-18,788.4199829101562,4.6116505,30.66343116760254
2009-02-19,778.9400024414062,4.6116505,23.543689727783203
2009-02-20,770.0499877929688,4.6116505,21.92556635538737
2009-02-23,743.3300170898438,3.15534,18.36569595336914
2009-02-24,773.1400146484375,4.6116505,17.152103424072266
2009-02-25,764.9000244140625,3.3980582,16.262135823567707
2009-02-26,752.8300170898438,2.6699028,16.18122927347819
2009-02-27,735.0900268554688,2.4271843,14.320387840270996
2009-03-02,700.8200073242188,1.6990291,11.165047963460287
2009-03-03,696.3300170898438,1.6990291,9.142394542694092
2009-03-04,712.8699951171875,2.1844661,8.576051553090414
2009-03-05,682.5499877929688,1.6990291,8.252427101135254
2009-03-06,683.3800048828125,1.4563107,8.333333174387613
2009-03-09,676.530029296875,1.4563107,7.281553427378337
2009-03-10,719.5999755859375,2.4271843,9.46601931254069
2009-03-11,721.3599853515625,2.6699028,12.6213591893514
2009-03-12,750.739990234375,4.3689322,18.12297757466634
2009-03-13,756.5499877929688,4.1262136,21.84466044108073
2009-03-16,753.8900146484375,3.3980582,24.11003303527832
2009-03-17,778.1199951171875,4.8543687,27.912621815999348
2009-03-18,794.3499755859375,7.0388346,34.78964487711588
2009-03-19,784.0399780273438,6.553398,41.26213582356771
2009-03-20,768.5399780273438,5.0970874,41.50485483805338
2009-03-23,822.9199829101562,10.436893,47.41100311279297
2009-03-24,806.1199951171875,8.009708,52.18446731567383
2009-03-25,813.8800048828125,8.7378645,60.35598882039388
2009-03-26,832.8599853515625,12.62136,63.754048665364586
2009-03-27,815.9400024414062,10.194175,66.26213963826497
2009-03-30,787.530029296875,8.009708,63.834954579671226
2009-03-31,797.8699951171875,9.708737,58.414241790771484
2009-04-01,811.0800170898438,11.893204,58.414241790771484
2009-04-02,834.3800048828125,14.805825,66.99029286702473
2009-04-03,842.5,18.203882,75.08090718587239
2009-04-06,835.47998046875,14.5631075,80.09708913167317
2009-04-07,815.5499877929688,11.893204,78.39805857340495
2009-04-08,825.1599731445312,14.805825,77.42718505859375
2009-04-09,856.5599975585938,21.359222,79.6925557454427
2009-04-13,858.72998046875,21.601942,83.7378641764323
2009-04-14,841.5,17.475729,85.35598754882812
2009-04-15,852.0599975585938,20.873787,85.19417572021484
2009-04-16,865.2999877929688,26.69903,86.00323740641277
2009-04-17,869.5999755859375,28.398058,88.26860809326172
2009-04-20,832.3900146484375,16.99029,87.4595464070638
2009-04-21,850.0800170898438,23.786407,86.65048472086589
2009-04-22,843.5499877929688,23.543688,85.03236134847005
2009-04-23,851.9199829101562,24.029127,85.35598500569661
2009-04-24,866.22998046875,28.398058,85.27508036295573
2009-04-27,857.510009765625,27.669903,85.76051839192708
2009-04-28,855.1599731445312,27.912622,86.40776824951172
2009-04-29,873.6400146484375,34.46602,88.34951527913411
2009-04-30,872.8099975585938,36.650486,89.07766977945964
2009-05-01,877.52001953125,35.92233,90.61488596598308
2009-05-04,907.239990234375,45.873787,90.93850962320964
2009-05-05,903.7999877929688,43.932037,92.47572835286458
2009-05-06,919.530029296875,44.417477,93.44660186767578
2009-05-07,907.3900146484375,40.53398,93.36569722493489
2009-05-08,929.22998046875,49.271847,93.36569722493489
2009-05-11,909.239990234375,41.504852,92.4757308959961
2009-05-12,908.3499755859375,41.01942,91.50485738118489
2009-05-13,883.9199829101562,28.640778,86.7313944498698
2009-05-14,893.0700073242188,33.495148,83.65696207682292
2009-05-15,882.8800048828125,32.038834,78.72168731689453
2009-05-18,909.7100219726562,44.17476,80.0161844889323
2009-05-19,908.1300048828125,42.961166,80.0161844889323
2009-05-20,903.469970703125,42.961166,81.79611714680989
2009-05-21,888.3300170898438,37.621357,78.15534210205078
2009-05-22,887.0,37.621357,74.35275014241536
2009-05-26,910.3300170898438,48.54369,75.08090718587239
2009-05-27,893.0599975585938,42.718445,75.32362365722656
2009-05-28,906.8300170898438,45.63107,76.94174702962239
2009-05-29,919.1400146484375,51.941746,76.61812082926433
2009-06-01,942.8699951171875,62.37864,82.11974080403645
2009-06-02,944.739990234375,65.53398,86.73139190673828
2009-06-03,931.760009765625,60.92233,88.18770345052083
2009-06-04,942.4600219726562,63.834953,87.4595464070638
2009-06-05,940.0900268554688,62.86408,86.32686106363933
2009-06-08,939.1400146484375,62.13592,86.16504923502605
2009-06-09,942.4299926757812,63.349514,85.35598754882812
2009-06-10,939.1500244140625,63.59223,84.6278305053711
2009-06-11,944.8900146484375,63.834953,83.73786163330078
2009-06-12,946.2100219726562,66.990295,83.00970713297527
2009-06-15,923.719970703125,60.194176,78.72168223063152
2009-06-16,911.969970703125,57.52427,72.00647226969402
2009-06-17,910.7100219726562,57.52427,64.4822006225586
2009-06-18,918.3699951171875,62.13592,62.055015563964844
2009-06-19,921.22998046875,63.349514,62.783172607421875
2009-06-22,893.0399780273438,55.582523,57.68608474731445
2009-06-23,895.0999755859375,56.5534,50.64724985758463
2009-06-24,900.9400024414062,59.2233,45.14563115437826
2009-06-25,920.260009765625,68.93204,50.970873514811196
2009-06-26,918.9000244140625,68.93204,57.2006467183431
2009-06-29,927.22998046875,71.60194,62.54045104980469
2009-06-30,919.3200073242188,71.60194,62.055014292399086
2009-07-01,923.3300170898438,73.78641,63.10679499308268
2009-07-02,896.4199829101562,62.37864,56.63430404663086
2009-07-06,898.719970703125,66.26214,51.77993520100912
2009-07-07,881.030029296875,56.5534,41.42394765218099
2009-07-08,879.5599975585938,56.067963,36.4886728922526
2009-07-09,882.6799926757812,58.495148,31.39158566792806
2009-07-10,879.1300048828125,57.52427,30.66343053181966
2009-07-13,901.0499877929688,66.990295,35.92233022054037
2009-07-14,905.8400268554688,70.14563,42.15210405985514
2009-07-15,932.6799926757812,77.18447,54.20712025960287
2009-07-16,940.739990234375,79.85437,63.51132837931315
2009-07-17,940.3800048828125,77.18447,69.98381805419922
2009-07-20,951.1300048828125,83.009705,73.86731211344402
2009-07-21,954.5800170898438,83.73786,75.48543548583984
2009-07-22,954.0700073242188,84.951454,78.72168223063152
2009-07-23,976.2899780273438,88.34952,81.06796264648438
2009-07-24,979.260009765625,89.07767,84.06148783365886
2009-07-27,982.1799926757812,88.1068,86.89320373535156
2009-07-28,979.6199951171875,89.32039,87.29773457845052
2009-07-29,975.1500244140625,89.07767,86.97411092122395
2009-07-30,986.75,89.805824,87.6213607788086
2009-07-31,987.47998046875,89.56311,88.26860809326172
2009-08-03,1002.6300048828125,91.26214,89.88673146565755
2009-08-04,1005.6500244140625,92.47573,90.61488596598308
2009-08-05,1002.719970703125,92.47573,90.53398132324219
2009-08-06,997.0800170898438,90.5569,89.00753784179688
2009-08-07,1010.47998046875,92.97821,88.12658182779948
2009-08-10,1007.0999755859375,93.220345,87.73204040527344
2009-08-11,994.3499755859375,91.04116,87.2477798461914
2009-08-12,1005.8099975585938,92.251816,87.00565083821614
2009-08-13,1012.72998046875,92.97821,87.57062276204427
2009-08-14,1004.0900268554688,92.251816,87.81275431315105
2009-08-17,979.72998046875,90.5569,84.74576314290364
2009-08-18,989.6699829101562,91.52542,82.24374643961589
2009-08-19,996.4600219726562,92.73608,81.92090352376302
2009-08-20,1007.3699951171875,93.94673,85.068603515625
2009-08-21,1026.1300048828125,96.12591,89.10411580403645
2009-08-24,1025.5699462890625,95.64165,92.00968424479167
2009-08-25,1028.0,96.12591,93.62389119466145
2009-08-26,1028.1199951171875,96.36804,93.54317982991536
2009-08-27,1030.97998046875,96.12591,93.3817621866862
2009-08-28,1028.9300537109375,96.36804,92.97821044921875
2009-08-31,1020.6199951171875,95.64165,91.36400604248047
2009-09-01,998.0399780273438,94.188866,87.73204294840495
2009-09-02,994.75,93.220345,83.69653065999348
2009-09-03,1003.239990234375,94.188866,81.19451141357422
2009-09-04,1016.4000244140625,94.91525,82.97013600667317
2009-09-08,1025.3900146484375,95.15739,85.87570190429688
2009-09-09,1033.3699951171875,95.15739,88.7005615234375
2009-09-10,1044.1400146484375,95.39951,89.99192555745442
2009-09-11,1042.72998046875,95.15739,90.55690002441406
2009-09-14,1049.3399658203125,96.12591,91.28329467773438
2009-09-15,1052.6300048828125,96.12591,91.28329467773438
2009-09-16,1068.760009765625,97.33656,92.33252461751302
2009-09-17,1065.489990234375,96.61017,92.25181325276692
2009-09-18,1068.300048828125,97.33656,92.4939448038737
2009-09-21,1064.6600341796875,97.09443,92.00968678792317
2009-09-22,1071.6600341796875,97.09443,91.60613505045573
2009-09-23,1060.8699951171875,96.61017,90.55690256754558
2009-09-24,1050.780029296875,96.61017,87.48991139729817
2009-09-25,1044.3800048828125,95.88377,83.37368774414062
2009-09-28,1062.97998046875,97.09443,82.00161234537761
2009-09-29,1060.6099853515625,96.8523,82.32445271809895
2009-09-30,1057.0799560546875,95.88377,83.21226755777995
2009-10-01,1029.8499755859375,94.67312,75.3026631673177
2009-10-02,1025.2099609375,93.220345,65.21388371785481
2009-10-05,1040.4599609375,93.7046,60.53268814086914
2009-10-06,1054.719970703125,94.67312,64.16464869181316
2009-10-07,1057.5799560546875,93.96135,69.91866556803386
2009-10-08,1065.47998046875,94.927536,72.9244384765625
2009-10-09,1071.489990234375,95.652176,75.20128631591797
2009-10-12,1076.18994140625,95.652176,78.3413823445638
2009-10-13,1073.18994140625,95.652176,79.06601969401042
2009-10-14,1092.02001953125,96.8599,81.15941874186198
2009-10-15,1096.56005859375,97.342995,83.17229970296223
2009-10-16,1087.6800537109375,96.376816,84.86312357584636
2009-10-19,1097.9100341796875,97.10145,85.42672983805339
2009-10-20,1091.06005859375,96.61836,83.49436442057292
2009-10-21,1081.4000244140625,94.68599,79.54911549886067
2009-10-22,1092.9100341796875,95.41063,77.37520345052083
2009-10-23,1079.5999755859375,95.16908,73.59098307291667
2009-10-26,1066.949951171875,92.99516,70.2898546854655
2009-10-27,1063.4100341796875,92.753624,62.31883875528971
2009-10-28,1042.6300048828125,91.54589,52.25442759195963
2009-10-29,1066.1099853515625,92.753624,49.194845835367836
2009-10-30,1036.18994140625,88.88889,41.30434799194336
2009-11-02,1042.8800048828125,90.57971,40.74074045817057
2009-11-03,1045.4100341796875,90.09662,37.439613342285156
2009-11-04,1046.5,89.13044,40.499193827311196
2009-11-05,1066.6300048828125,92.028984,47.74557113647461
2009-11-06,1069.300048828125,91.78744,53.38164265950521
2009-11-09,1093.0799560546875,93.478264,63.526570638020836
2009-11-10,1093.010009765625,92.51208,68.27697372436523
2009-11-11,1098.510009765625,93.96135,73.83252716064453
2009-11-12,1087.239990234375,92.99516,72.06119028727214
2009-11-13,1093.47998046875,93.25301,70.63694254557292
2009-11-16,1109.300048828125,93.25301,71.45955912272136
2009-11-17,1110.3199462890625,92.77108,74.77911631266277
2009-11-18,1109.800048828125,92.78847,76.8072280883789
2009-11-19,1094.9000244140625,92.30769,72.5778096516927
2009-11-20,1091.3800048828125,92.06731,67.54807662963867
2009-11-23,1106.239990234375,92.54808,65.94551213582356
2009-11-24,1105.6500244140625,92.54808,66.4262809753418
2009-11-25,1110.6300048828125,93.02885,68.99038187662761
2009-11-27,1091.489990234375,91.34615,64.66345850626628
2009-11-30,1095.6300048828125,91.58653,63.461535135904946
2009-12-01,1108.8599853515625,92.78847,63.221153259277344
2009-12-02,1109.239990234375,92.78847,68.58974329630534
2009-12-03,1099.9200439453125,92.54808,69.79166666666667
2009-12-04,1105.97998046875,92.54808,71.63461303710938
2009-12-07,1103.25,92.78847,71.23397318522136
2009-12-08,1091.93994140625,91.82692,71.31410217285156
2009-12-09,1095.949951171875,92.54808,69.31089782714844
2009-12-10,1102.3499755859375,92.06731,68.99038441975911
2009-12-11,1106.4100341796875,92.54808,71.07371775309245
2009-12-14,1114.1099853515625,92.78847,74.19871775309245
2009-12-15,1107.9300537109375,91.34615,75.0
2009-12-16,1109.1800537109375,91.105774,75.32051086425781
2009-12-17,1096.0799560546875,90.625,72.51602427164714
2009-12-18,1102.469970703125,91.34615,71.87499745686848
2009-12-21,1114.050048828125,91.82692,72.83653767903645
2009-12-22,1118.02001953125,92.54808,75.96153767903645
2009-12-23,1120.5899658203125,92.30769,79.16666666666667
2009-12-24,1126.47998046875,93.02885,81.25
2009-12-28,1127.780029296875,93.02885,82.6923090616862
2009-12-29,1126.199951171875,93.02885,83.41346486409505
2009-12-30,1126.4200439453125,93.02885,83.33333841959636
2009-12-31,1115.0999755859375,91.58653,81.16987609863281
2010-01-04,1132.989990234375,92.78847,81.65064493815105
2010-01-05,1136.52001953125,93.30143,82.47454579671223
2010-01-06,1137.1400146484375,93.77991,85.38254801432292
2010-01-07,1141.68994140625,94.01914,85.9649149576823
2010-01-08,1144.97998046875,93.77991,86.28389485677083
2010-01-11,1146.97998046875,94.01914,87.00159708658855
2010-01-12,1136.219970703125,93.062195,85.88516743977864
2010-01-13,1145.6800537109375,93.540665,85.80542246500652
2010-01-14,1148.4599609375,93.77991,84.84848531087239
2010-01-15,1136.030029296875,93.30143,82.53588612874348
2010-01-19,1150.22998046875,94.49761,81.57894643147786
2010-01-20,1138.0400390625,94.25838,79.02711232503255
2010-01-21,1116.47998046875,92.10526,74.48165893554688
2010-01-22,1091.760009765625,89.47369,60.366827646891274
2010-01-25,1096.780029296875,90.66986,50.159491221110024
2010-01-26,1092.1700439453125,88.51675,43.2216911315918
2010-01-27,1097.5,88.51675,44.65709686279297
2010-01-28,1084.530029296875,86.84211,40.90909067789713
2010-01-29,1073.8699951171875,83.732056,36.60287094116211
2010-02-01,1089.18994140625,87.32057,34.13078180948893
2010-02-02,1103.3199462890625,88.27751,38.7559814453125
2010-02-03,1097.280029296875,87.32057,43.93939463297526
2010-02-04,1063.1099853515625,80.14354,38.755982081095375
2010-02-05,1066.18994140625,81.339714,30.30303128560384
2010-02-08,1056.739990234375,77.03349,21.92982546488444
2010-02-09,1070.52001953125,80.62201,22.248804728190105
2010-02-10,1068.1300048828125,80.14354,22.0095698038737
2010-02-11,1078.469970703125,81.38425,25.335442860921223
2010-02-12,1075.510009765625,80.90692,27.14635467529297
2010-02-16,1094.8699951171875,84.48687,34.60620625813802
2010-02-17,1099.510009765625,84.24821,41.36833826700846
2010-02-18,1106.75,85.68019,50.67621358235677
2010-02-19,1109.1700439453125,86.63484,55.84725697835287
2010-02-22,1108.010009765625,85.68019,59.18854522705078
2010-02-23,1094.5999755859375,84.24821,55.92681121826172
2010-02-24,1105.239990234375,84.72553,54.57438405354818
2010-02-25,1102.93994140625,84.24821,52.6650759379069
2010-02-26,1104.489990234375,84.009544,55.131265004475914
2010-03-01,1115.7099609375,84.964195,57.915671030680336
2010-03-02,1118.31005859375,85.68019,62.76849365234375
2010-03-03,1118.7900390625,86.15752,67.62131754557292
2010-03-04,1122.969970703125,86.63484,69.37151845296223
2010-03-05,1138.699951171875,88.54415,73.42879994710286
2010-03-08,1138.5,89.73747,77.32697041829427
2010-03-09,1140.449951171875,89.976135,80.19093068440755
2010-03-10,1145.6099853515625,90.45346,80.74781036376953
2010-03-11,1150.239990234375,90.69212,82.0206807454427
2010-03-12,1149.989990234375,90.2148,83.21399943033855
2010-03-15,1150.510009765625,89.73747,83.21399943033855
2010-03-16,1159.4599609375,91.16945,84.0095443725586
2010-03-17,1166.2099609375,92.12411,86.55528767903645
2010-03-18,1165.8299560546875,92.36277,89.26014200846355
2010-03-19,1159.9000244140625,91.16945,89.81702423095703
2010-03-22,1165.81005859375,92.12411,90.0556869506836
2010-03-23,1174.1700439453125,92.36277,90.2147954305013
2010-03-24,1167.719970703125,91.40812,90.61256917317708
2010-03-25,1165.72998046875,90.45346,89.73746999104817
2010-03-26,1166.5899658203125,90.69212,88.78281656901042
2010-03-29,1173.219970703125,91.64678,88.94192504882812
2010-03-30,1173.27001953125,90.930786,89.57836151123047
2010-03-31,1169.4300537109375,90.2148,90.21479797363281
2010-04-01,1178.0999755859375,91.64678,90.53301747639973
2010-04-05,1187.43994140625,91.64678,91.24900817871094
2010-04-06,1189.43994140625,91.64678,91.80589040120442
2010-04-07,1182.449951171875,90.930786,91.01034291585286
2010-04-08,1186.43994140625,91.16945,89.26014200846355
2010-04-09,1194.3699951171875,92.36277,88.6237055460612
2010-04-12,1196.47998046875,92.840096,88.94192504882812
2010-04-13,1197.300048828125,92.12411,89.65791575113933
2010-04-14,1210.6500244140625,93.55609,89.97613271077473
2010-04-15,1211.6700439453125,92.36277,90.13524119059245
2010-04-16,1192.1300048828125,90.930786,88.46459706624348
2010-04-19,1197.52001953125,90.930786,86.39617919921875
2010-04-20,1207.1700439453125,92.36277,85.44152323404948
2010-04-21,1205.93994140625,91.40812,86.4757308959961
2010-04-22,1208.6700439453125,91.16945,86.95305887858073
2010-04-23,1217.280029296875,92.12411,86.15751647949219
2010-04-26,1212.050048828125,91.16945,85.20286305745442
2010-04-27,1183.7099609375,88.066826,82.41845703125
2010-04-28,1191.3599853515625,89.52381,80.04924774169922
2010-04-29,1206.780029296875,89.76191,79.1091791788737
2010-04-30,1186.68994140625,88.09524,77.93650817871094
2010-05-03,1202.260009765625,88.809525,78.25396982828777
2010-05-04,1173.5999755859375,85.0,72.38095347086589
2010-05-05,1165.8699951171875,84.7619,67.38095347086589
2010-05-06,1128.1500244140625,75.4762,51.74603144327799
2010-05-07,1110.8800048828125,70.47619,36.58730252583822
2010-05-10,1159.72998046875,82.14286,34.12698300679525
2010-05-11,1155.7900390625,80.71429,39.365077336629234
2010-05-12,1171.6700439453125,84.28571,53.730157216389976
2010-05-13,1157.43994140625,81.666664,54.841269175211586
2010-05-14,1135.6800537109375,75.95238,51.666666666666664
2010-05-17,1136.93994140625,76.90476,44.126983642578125
2010-05-18,1120.800048828125,74.5238,34.9206345876058
2010-05-19,1115.050048828125,72.38095,29.841269810994465
2010-05-20,1071.5899658203125,56.19048,19.44444449742635
2010-05-21,1087.68994140625,61.190475,14.126984119415283
2010-05-24,1073.6500244140625,56.666668,9.841269969940186
2010-05-25,1074.030029296875,55.0,10.396825472513834
2010-05-26,1067.949951171875,54.523808,9.841269810994467
2010-05-27,1103.06005859375,66.66667,14.20634937286377
2010-05-28,1089.4100341796875,63.095238,16.746032396952312
2010-06-01,1070.7099609375,54.523808,17.619048436482746
2010-06-02,1098.3800048828125,64.047615,17.222222646077473
2010-06-03,1102.8299560546875,64.52381,19.920635223388672
2010-06-04,1064.8800048828125,51.904762,20.000000317891438
2010-06-07,1050.469970703125,44.04762,15.476191202799479
2010-06-08,1062.0,48.57143,10.714286168416342
2010-06-09,1055.68994140625,46.904762,10.317460695902506
2010-06-10,1086.8399658203125,57.857143,15.0
2010-06-11,1091.5999755859375,59.047623,20.317460378011067
2010-06-14,1089.6300048828125,60.47619,25.793650945027668
2010-06-15,1115.22998046875,68.17102,33.5350456237793
2010-06-16,1114.6099853515625,66.50831,39.76869201660156
2010-06-17,1116.0400390625,66.50831,46.71417236328125
2010-06-18,1117.510009765625,66.74584,47.74346669514974
2010-06-21,1113.199951171875,64.845604,47.980996449788414
2010-06-22,1095.31005859375,59.61995,41.7260487874349
2010-06-23,1092.0400390625,59.61995,34.44180552164713
2010-06-24,1073.68994140625,52.49406,25.732383728027344
2010-06-25,1076.760009765625,55.10689,24.06967544555664
2010-06-28,1074.5699462890625,55.10689,23.436262766520183
2010-06-29,1041.239990234375,40.521328,20.102778752644856
2010-06-30,1030.7099609375,37.914692,14.0799191792806
2010-07-01,1027.3699951171875,36.49289,7.819905122121175
2010-07-02,1022.5800170898438,32.93839,6.872037887573242
2010-07-06,1028.06005859375,33.64929,7.7409162521362305
2010-07-07,1060.27001953125,45.497627,13.82306432723999
2010-07-08,1070.25,49.76303,22.11690362294515
2010-07-09,1077.9599609375,53.08057,31.9905211130778
2010-07-12,1078.75,51.658768,36.7298583984375
2010-07-13,1095.3399658203125,58.29384,44.39178593953451
2010-07-14,1095.1700439453125,58.056873,50.315957387288414
2010-07-15,1096.47998046875,57.91962,55.643882751464844
2010-07-16,1064.8800048828125,48.226948,48.58697636922201
2010-07-19,1071.25,50.827427,42.86840057373047
2010-07-20,1083.47998046875,54.137115,41.134751637776695
2010-07-21,1069.5899658203125,50.35461,43.498817443847656
2010-07-22,1093.6700439453125,58.392437,50.90622584025065
2010-07-23,1102.6600341796875,62.88416,57.60441335042318
2010-07-26,1115.010009765625,65.95744,69.73995208740234
2010-07-27,1113.8399658203125,64.53901,74.38927968343098
2010-07-28,1106.1300048828125,61.229313,74.9408950805664
2010-07-29,1101.530029296875,60.99291,72.41922505696614
2010-07-30,1101.5999755859375,61.229313,70.60677591959636
2010-08-02,1125.8599853515625,67.13948,72.8920415242513
2010-08-03,1120.4599609375,64.77541,74.31048329671223
2010-08-04,1127.239990234375,66.66667,76.5169448852539
2010-08-05,1125.81005859375,66.43026,75.72891998291016
2010-08-06,1121.6400146484375,65.09434,76.06364186604817
2010-08-09,1127.7900390625,66.98113,76.63198343912761
2010-08-10,1121.06005859375,64.85849,75.86477915445964
2010-08-11,1089.469970703125,54.00943,68.71069081624348
2010-08-12,1083.6099853515625,52.35849,58.56918207804362
2010-08-13,1079.25,50.943398,49.13521957397461
2010-08-16,1079.3800048828125,50.70755,46.305032094319664
2010-08-17,1092.5400390625,56.839622,49.13522084554037
2010-08-18,1094.1600341796875,58.018867,53.223270416259766
2010-08-19,1075.6300048828125,51.88679,52.51572291056315
2010-08-20,1071.68994140625,50.943398,47.48427708943685
2010-08-23,1067.3599853515625,47.877357,41.27358627319336
2010-08-24,1051.8699951171875,41.273586,37.1855354309082
2010-08-25,1055.3299560546875,42.21698,34.82704416910807
2010-08-26,1047.219970703125,40.56604,32.38993708292643
2010-08-27,1064.5899658203125,48.11321,37.02830251057943
2010-08-30,1048.9200439453125,40.801888,36.79245376586914
2010-08-31,1049.3299560546875,42.21698,37.97169876098633
2010-09-01,1080.2900390625,52.122643,41.66666793823242
2010-09-02,1090.0999755859375,54.71698,51.179246266682945
2010-09-03,1104.510009765625,58.49057,63.915096282958984
2010-09-07,1091.8399658203125,54.00943,66.58805084228516
2010-09-08,1098.8699951171875,56.60377,68.55345916748047
2010-09-09,1104.1800537109375,57.78302,67.76729583740234
2010-09-10,1109.550048828125,60.377357,70.28302001953125
2010-09-13,1121.9000244140625,63.67925,73.89937337239583
2010-09-14,1121.0999755859375,64.38679,76.57232666015625
2010-09-15,1125.0699462890625,64.85849,79.79559834798177
2010-09-16,1124.6600341796875,64.62264,79.71697998046875
2010-09-17,1125.5899658203125,65.56604,79.16666666666667
2010-09-20,1142.7099609375,69.81132,80.50314331054688
2010-09-21,1139.780029296875,68.63208,82.23270416259766
2010-09-22,1134.280029296875,67.21698,82.62578582763672
2010-09-23,1124.8299560546875,64.15094,78.45911916097005
2010-09-24,1148.6700439453125,70.99057,78.77358500162761
2010-09-27,1142.1600341796875,70.28302,79.87421417236328
2010-09-28,1147.699951171875,71.22642,83.64779917399089
2010-09-29,1144.72998046875,71.93396,83.01886749267578
2010-09-30,1141.199951171875,70.99057,83.41194915771484
2010-10-01,1146.239990234375,72.16981,83.88364664713542
2010-10-04,1137.030029296875,69.103775,83.88364664713542
2010-10-05,1160.75,74.76415,86.47798665364583
2010-10-06,1159.969970703125,74.0566,87.73584747314453
2010-10-07,1158.06005859375,73.58491,89.22955830891927
2010-10-08,1165.1500244140625,74.5283,88.67924245198567
2010-10-11,1165.3199462890625,74.5283,88.60062662760417
2010-10-12,1169.77001953125,75.9434,89.85848744710286
2010-10-13,1178.0999755859375,78.30189,90.88050079345703
2010-10-14,1173.81005859375,75.9434,91.43081665039062
2010-10-15,1176.18994140625,76.41509,91.1949691772461
2010-10-18,1184.7099609375,77.59434,90.80188751220703
2010-10-19,1165.9000244140625,73.820755,90.0157241821289
2010-10-20,1178.1700439453125,76.41509,89.54402414957683
2010-10-21,1180.260009765625,76.88679,89.62263997395833
2010-10-22,1183.0799560546875,76.41509,90.33018747965495
2010-10-25,1185.6199951171875,78.06604,91.03773498535156
2010-10-26,1185.6400146484375,76.88679,90.25157165527344
2010-10-27,1182.449951171875,77.83019,89.30817413330078
2010-10-28,1183.780029296875,78.77358,87.10691833496094
2010-10-29,1183.260009765625,78.30189,85.6918233235677
2010-11-01,1184.3800048828125,78.30189,84.43396250406902
2010-11-02,1193.5699462890625,80.18868,85.37735748291016
2010-11-03,1197.9599609375,80.42453,86.2421391805013
2010-11-04,1221.06005859375,84.43396,88.60062917073567
2010-11-05,1225.8499755859375,85.37736,88.91509501139323
2010-11-08,1223.25,84.66981,89.15094502766927
2010-11-09,1213.4000244140625,82.54717,86.2421391805013
2010-11-10,1218.7099609375,83.01887,85.06289418538411
2010-11-11,1213.5400390625,82.54717,83.25471750895183
2010-11-12,1199.2099609375,80.66038,81.76100667317708
2010-11-15,1197.75,80.42453,78.85220082600911
2010-11-16,1178.3399658203125,75.0,72.40565999348958
2010-11-17,1178.5899658203125,74.76415,67.61006418863933
2010-11-18,1196.68994140625,76.70589,65.98150380452473
2010-11-19,1199.72998046875,77.411766,68.99075063069661
2010-11-22,1197.8399658203125,77.411766,71.76470438639323
2010-11-23,1180.72998046875,74.117645,68.86274337768555
2010-11-24,1198.3499755859375,78.117645,68.54901758829753
2010-11-26,1189.4000244140625,76.94118,67.05882136027019
2010-11-29,1187.760009765625,75.29412,67.76470438639323
2010-11-30,1180.550048828125,74.35294,64.15686289469402
2010-12-01,1206.0699462890625,79.05882,66.03921508789062
2010-12-02,1221.530029296875,82.823524,70.98039245605469
2010-12-03,1224.7099609375,84.47059,77.72548929850261
2010-12-06,1223.1199951171875,83.76471,80.31372578938802
2010-12-07,1223.75,84.2723,80.01656850179036
2010-12-08,1228.280029296875,85.9155,79.1709467569987
2010-12-09,1233.0,87.0892,78.48200225830078
2010-12-10,1240.4000244140625,88.02817,79.5774663289388
2010-12-13,1240.4599609375,88.73239,80.51643371582031
2010-12-14,1241.5899658203125,89.43662,81.84663899739583
2010-12-15,1235.22998046875,87.35363,80.22121938069661
2010-12-16,1242.8699951171875,88.2904,79.68961334228516
2010-12-17,1243.9100341796875,88.52459,79.07884216308594
2010-12-20,1247.0799560546875,89.46136,80.95237986246745
2010-12-21,1254.5999755859375,90.398125,82.7478535970052
2010-12-22,1258.8399658203125,90.398125,84.07494099934895
2010-12-23,1256.77001953125,90.398125,83.8407465616862
2010-12-27,1257.5400390625,90.16393,83.2162348429362
2010-12-28,1258.510009765625,89.46136,82.82591756184895
2010-12-29,1259.780029296875,90.398125,83.5284932454427
2010-12-30,1257.8800048828125,89.69555,84.1530049641927
2010-12-31,1257.6400146484375,89.92974,83.9968770345052
2011-01-03,1271.8699951171875,90.16393,85.08977508544922
2011-01-04,1270.199951171875,89.69555,85.16783905029297
2011-01-05,1276.56005859375,91.10071,85.48009490966797
2011-01-06,1273.8499755859375,91.803276,83.13817342122395
2011-01-07,1271.5,90.16393,81.42076365152995
2011-01-10,1269.75,90.16393,79.7814203898112
2011-01-11,1274.47998046875,90.63232,79.70335642496745
2011-01-12,1285.9599609375,91.10071,80.8743184407552
2011-01-13,1283.760009765625,90.63232,81.8110834757487
2011-01-14,1293.239990234375,92.50585,82.5917256673177
2011-01-18,1295.02001953125,93.208435,83.29430135091145
2011-01-19,1281.9200439453125,92.27166,82.66978963216145
2011-01-20,1280.260009765625,92.74004,81.8110834757487
2011-01-21,1283.3499755859375,92.03747,79.15690612792969
2011-01-24,1290.8399658203125,92.97424,79.85948181152344
2011-01-25,1291.1800537109375,91.3349,80.48399353027344
2011-01-26,1296.6300048828125,91.3349,82.2794672648112
2011-01-27,1299.5400390625,91.803276,82.20140329996745
2011-01-28,1276.3399658203125,90.16393,78.6885248819987
2011-01-31,1286.1199951171875,90.16393,75.17564392089844
2011-02-01,1307.5899658203125,91.803276,74.16081237792969
2011-02-02,1304.030029296875,91.569084,76.19047546386719
2011-02-03,1307.0999755859375,92.97424,78.29820251464844
2011-02-04,1310.8699951171875,92.74004,78.53239440917969
2011-02-07,1319.050048828125,92.50585,80.32786814371745
2011-02-08,1324.5699462890625,93.44263,81.8110860188802
2011-02-09,1320.8800048828125,93.208435,83.13817596435547
2011-02-10,1321.8699951171875,93.208435,82.35753377278645
2011-02-11,1329.1500244140625,92.75701,82.91583506266277
2011-02-14,1332.3199462890625,92.75701,82.9287846883138
2011-02-15,1328.010009765625,92.75701,83.02180735270183
2011-02-16,1336.3199462890625,92.990654,82.86604563395183
2011-02-17,1340.4300537109375,93.2243,83.33333333333333
2011-02-18,1343.010009765625,92.75701,84.81308492024739
2011-02-22,1315.43994140625,90.88785,81.15264892578125
2011-02-23,1307.4000244140625,89.01869,73.98754119873047
2011-02-24,1306.0999755859375,89.252335,66.3551394144694
2011-02-25,1319.8800048828125,90.654205,65.80996831258138
2011-02-28,1327.219970703125,90.654205,69.31464004516602
2011-03-01,1306.3299560546875,89.95327,69.39252344767253
2011-03-02,1308.43994140625,89.95327,66.74454752604167
2011-03-03,1330.969970703125,91.1215,67.4454828898112
2011-03-04,1321.1500244140625,90.18692,70.24922053019206
2011-03-07,1310.1300048828125,89.95327,70.95015462239583
2011-03-08,1321.8199462890625,92.056076,70.2492192586263
2011-03-09,1320.02001953125,92.28972,70.1713358561198
2011-03-10,1295.1099853515625,89.04429,67.86684036254883
2011-03-11,1304.280029296875,90.44289,63.92447026570638
2011-03-14,1296.3900146484375,87.64568,58.35275904337565
2011-03-15,1281.8699951171875,85.08158,52.99145253499349
2011-03-16,1256.8800048828125,82.75058,42.26884206136068
2011-03-17,1273.719970703125,84.382286,36.596736907958984
2011-03-18,1279.2099609375,84.149185,36.052836100260414
2011-03-21,1298.3800048828125,86.94639,44.36674372355143
2011-03-22,1293.77001953125,86.51163,48.679097493489586
2011-03-23,1297.5400390625,87.209305,51.825408935546875
2011-03-24,1309.6600341796875,87.906975,53.643409729003906
2011-03-25,1313.800048828125,87.441864,58.062015533447266
2011-03-28,1310.18994140625,87.441864,61.937984466552734
2011-03-29,1319.43994140625,88.837204,65.03876241048177
2011-03-30,1328.260009765625,89.79118,69.08883539835612
2011-03-31,1325.8299560546875,88.86311,73.06228892008464
2011-04-01,1332.4100341796875,89.559166,75.40603383382161
2011-04-04,1332.8699951171875,90.25522,76.3341064453125
2011-04-05,1332.6300048828125,89.559166,77.33952077229817
2011-04-06,1335.5400390625,90.25522,78.11291758219402
2011-04-07,1333.510009765625,90.25522,77.41686248779297
2011-04-08,1328.1700439453125,90.0232,75.48337300618489
2011-04-11,1324.4599609375,89.09513,70.9976806640625
2011-04-12,1314.1600341796875,88.86311,64.50115966796875
2011-04-13,1314.4100341796875,88.39907,60.170145670572914
2011-04-14,1314.52001953125,88.39907,58.391335805257164
2011-04-15,1319.6800537109375,88.63109,61.48491541544596
2011-04-18,1305.1400146484375,87.006966,59.70610682169596
2011-04-19,1312.6199951171875,87.006966,58.85537083943685
2011-04-20,1330.3599853515625,88.63109,60.55684280395508
2011-04-21,1337.3800048828125,88.39907,66.97602462768555
2011-04-25,1335.25,89.09513,71.53905741373698
2011-04-26,1347.239990234375,90.71926,72.93117014567058
2011-04-27,1355.6600341796875,92.11137,75.48337300618489
2011-04-28,1360.47998046875,92.34339,79.27301025390625
2011-04-29,1363.6099853515625,92.34339,81.43851470947266
2011-05-02,1361.219970703125,91.41531,81.12915802001953
2011-05-03,1356.6199951171875,90.71926,78.73163350423177
2011-05-04,1347.3199462890625,90.25522,75.40603383382161
2011-05-05,1335.0999755859375,89.79118,71.69373575846355
2011-05-06,1340.199951171875,90.48724,70.61097971598308
2011-05-09,1346.2900390625,90.0232,71.53905487060547
2011-05-10,1357.1600341796875,91.1833,75.32869211832683
2011-05-11,1342.0799560546875,89.32715,75.32869211832683
2011-05-12,1348.6500244140625,89.79118,75.40603129069011
2011-05-13,1337.77001953125,88.86311,71.77107238769531
2011-05-16,1329.469970703125,87.70301,68.98685073852539
2011-05-17,1328.97998046875,87.935036,64.7331771850586
2011-05-18,1340.6800537109375,88.16705,64.50115966796875
2011-05-19,1343.5999755859375,87.935036,66.43464787801106
2011-05-20,1333.27001953125,86.77494,67.44006093343098
2011-05-23,1317.3699951171875,84.22274,62.64501063028971
2011-05-24,1316.280029296875,83.52668,56.84454600016276
2011-05-25,1320.469970703125,85.15082,53.132249196370445
2011-05-26,1325.68994140625,86.310905,54.13766225179037
2011-05-27,1331.0999755859375,86.54292,56.612528483072914
2011-05-31,1345.199951171875,87.23898,61.17556126912435
2011-06-01,1314.550048828125,82.59861,58.62335713704427
2011-06-02,1312.93994140625,82.83063,53.67362721761068
2011-06-03,1300.1600341796875,80.0464,42.92343393961588
2011-06-06,1286.1700439453125,75.40604,35.73085912068685
2011-06-07,1284.93994140625,75.17402,30.394431432088215
2011-06-08,1279.56005859375,70.76566,27.06883176167806
2011-06-09,1289.0,72.38979,27.378190358479817
2011-06-10,1270.97998046875,67.285385,23.975252151489258
2011-06-13,1271.8299560546875,66.82135,21.8870849609375
2011-06-14,1287.8699951171875,71.461716,21.577726364135742
2011-06-15,1265.4200439453125,65.19722,20.649651845296223
2011-06-16,1267.6400146484375,64.73318,20.262954076131184
2011-06-17,1271.5,66.12529,18.406805674235027
2011-06-20,1278.3599853515625,66.12529,21.88708432515462
2011-06-21,1295.52001953125,71.461716,28.151586532592773
2011-06-22,1287.1400146484375,69.14153,31.786543528238933
2011-06-23,1283.5,69.60557,33.10131518046061
2011-06-24,1268.449951171875,66.43519,27.826114018758137
2011-06-27,1280.0999755859375,68.28704,26.257841110229492
2011-06-28,1296.6700439453125,71.06481,29.70678965250651
2011-06-29,1307.4100341796875,72.68519,38.65740712483724
2011-06-30,1320.6400146484375,76.15741,48.37962849934896
2011-07-01,1339.6700439453125,80.09259,58.71913528442383
2011-07-05,1337.8800048828125,79.62963,65.81790161132812
2011-07-06,1339.219970703125,80.32407,69.8302485148112
2011-07-07,1353.219970703125,82.63889,72.37654622395833
2011-07-08,1343.800048828125,80.32407,73.68827565511067
2011-07-11,1319.489990234375,73.61111,69.36728795369466
2011-07-12,1313.6400146484375,72.68519,60.80247116088867
2011-07-13,1317.719970703125,72.453705,54.706790924072266
2011-07-14,1308.8699951171875,68.05556,50.5401242574056
2011-07-15,1316.1400146484375,68.51852,48.22531000773112
2011-07-18,1305.43994140625,63.194443,42.206790924072266
2011-07-19,1326.72998046875,68.51852,44.98456827799479
2011-07-20,1325.8399658203125,68.75,46.682098388671875
2011-07-21,1343.800048828125,72.453705,55.86419677734375
2011-07-22,1345.02001953125,71.296295,59.79938252766927
2011-07-25,1337.4300537109375,69.67593,61.8827158610026
2011-07-26,1331.93994140625,65.97222,57.40740712483724
2011-07-27,1304.8900146484375,56.01852,47.530863444010414
2011-07-28,1300.6700439453125,55.78704,39.043209075927734
2011-07-29,1292.280029296875,53.7037,31.712963104248047
2011-08-01,1286.93994140625,49.76852,29.089505513509113
2011-08-02,1254.050048828125,39.351852,22.60802459716797
2011-08-03,1260.3399658203125,39.814816,18.364197095235188
2011-08-04,1200.0699462890625,23.842592,10.956790129343668
2011-08-05,1199.3800048828125,23.842592,8.179012298583984
2011-08-08,1119.4599609375,8.564815,3.009259174267451
2011-08-09,1172.530029296875,20.13889,2.777777781089147
2011-08-10,1120.760009765625,11.574074,1.8518518507480621
2011-08-11,1172.6400146484375,21.75926,3.703703681627909
2011-08-12,1178.81005859375,22.685184,4.861110965410869
2011-08-15,1204.489990234375,28.703705,9.027777830759684
2011-08-16,1192.760009765625,26.85185,11.265432516733805
2011-08-17,1193.8900146484375,28.00926,13.117284456888834
2011-08-18,1140.6500244140625,18.055555,9.722222646077475
2011-08-19,1123.530029296875,16.203703,6.404321114222209
2011-08-22,1123.8199462890625,15.50926,3.5493828455607095
2011-08-23,1162.3499755859375,24.537037,5.864197731018066
2011-08-24,1177.5999755859375,27.546295,10.648148139317831
2011-08-25,1159.27001953125,23.148148,13.117284138997396
2011-08-26,1176.800048828125,27.083334,14.35185178120931
2011-08-29,1210.0799560546875,34.02778,17.978395462036133
2011-08-30,1212.9200439453125,35.648148,24.305556297302246
2011-08-31,1218.8900146484375,36.342594,29.861111323038738
2011-09-01,1204.4200439453125,34.25926,29.70678965250651
2011-09-02,1173.969970703125,28.00926,25.462961832682293
2011-09-06,1165.239990234375,26.85185,20.21604855855306
2011-09-07,1198.6199951171875,33.796295,21.296295166015625
2011-09-08,1185.9000244140625,30.787035,24.382715225219727
2011-09-09,1154.22998046875,24.768518,23.45678965250651
2011-09-12,1162.27001953125,26.157406,19.0586420694987
2011-09-13,1172.8699951171875,28.00926,18.132715861002605
2011-09-14,1188.6800537109375,31.25,24.768517812093098
2011-09-15,1209.1099853515625,34.02778,32.79320844014486
2011-09-16,1216.010009765625,35.87963,40.27777608235677
2011-09-19,1204.0899658203125,34.25926,42.82407251993815
2011-09-20,1202.0899658203125,33.564816,41.97530746459961
2011-09-21,1166.760009765625,25.925926,36.11111068725586
2011-09-22,1129.56005859375,20.833332,28.086419423421223
2011-09-23,1136.4300537109375,21.75926,22.067901611328125
2011-09-26,1162.949951171875,25.23148,22.145061492919922
2011-09-27,1175.3800048828125,29.166666,29.166666666666668
2011-09-28,1151.06005859375,21.99074,31.018518447875977
2011-09-29,1160.4000244140625,23.842592,31.712963740030926
2011-09-30,1131.4200439453125,20.833332,26.157407760620117
2011-10-03,1099.22998046875,15.046297,20.679012616475422
2011-10-04,1123.949951171875,18.75,17.129629453023274
2011-10-05,1144.030029296875,19.212963,20.29321002960205
2011-10-06,1164.969970703125,24.074074,32.253086725870766
2011-10-07,1155.4599609375,23.37963,38.580247243245445
2011-10-10,1194.8900146484375,31.25,49.61419932047526
2011-10-11,1195.5400390625,30.092594,55.478397369384766
2011-10-12,1207.25,31.48148,67.28395207722981
2011-10-13,1203.6600341796875,31.177828,70.5453618367513
2011-10-14,1224.5799560546875,35.79677,76.34701029459636
2011-10-17,1200.8599853515625,30.715937,73.82601928710938
2011-10-18,1225.3800048828125,36.489605,76.52040100097656
2011-10-19,1209.8800048828125,33.949192,73.97998555501302
2011-10-20,1215.3900146484375,34.642033,77.0592753092448
2011-10-21,1238.25,42.95612,78.44495646158855
2011-10-24,1254.18994140625,46.65127,84.52655792236328
2011-10-25,1229.050048828125,41.339493,87.22093963623047
2011-10-26,1242.0,45.03464,88.37567392985027
2011-10-27,1284.5899658203125,56.12009,89.14549509684245
2011-10-28,1285.0899658203125,54.503464,92.0708236694336
2011-10-31,1253.300048828125,46.420322,92.37875366210938
2011-11-01,1218.280029296875,39.030025,85.91224416097005
2011-11-02,1237.9000244140625,42.95612,82.21709442138672
2011-11-03,1261.1500244140625,49.88453,81.60123443603516
2011-11-04,1253.22998046875,49.65358,85.68129475911458
2011-11-07,1261.1199951171875,50.34642,87.99076334635417
2011-11-08,1275.9200439453125,54.04157,89.06851704915364
2011-11-09,1229.0999755859375,42.03233,85.14242045084636
2011-11-10,1239.699951171875,44.341805,82.06312815348308
2011-11-11,1263.8499755859375,51.501156,80.52348073323567
2011-11-14,1251.780029296875,48.729794,83.21785990397136
2011-11-15,1257.81005859375,51.732098,84.91146850585938
2011-11-16,1236.9100341796875,45.03464,81.8321762084961
2011-11-17,1216.1300048828125,39.40092,76.00794982910156
2011-11-18,1215.6500244140625,39.40092,68.9534289042155
2011-11-21,1192.97998046875,34.3318,59.52380879720052
2011-11-22,1188.0400390625,32.949306,52.38095347086588
2011-11-23,1161.7900390625,25.80645,40.01536178588867
2011-11-25,1158.6700439453125,26.26728,31.874040603637695
2011-11-28,1192.550048828125,34.101383,33.64055315653483
2011-11-29,1195.18994140625,35.02304,42.39631207784017
2011-11-30,1246.9599609375,49.078342,61.36712773640951
2011-12-01,1244.5799560546875,48.387096,71.73579279581706
2011-12-02,1244.280029296875,48.387096,80.79877471923828
2011-12-05,1257.0799560546875,51.843315,81.87404123942058
2011-12-06,1258.469970703125,51.6129,82.64208984375
2011-12-07,1261.010009765625,51.843315,83.41013844807942
2011-12-08,1234.3499755859375,44.23963,77.88018544514973
2011-12-09,1255.18994140625,51.152073,76.42089080810547
2011-12-12,1236.469970703125,45.852535,72.04300944010417
2011-12-13,1225.72998046875,43.548386,68.04915364583333
2011-12-14,1211.8199462890625,40.552994,56.75883229573568
2011-12-15,1215.75,41.474655,50.307220458984375
2011-12-16,1219.6600341796875,43.7788,49.23195012410482
2011-12-19,1205.3499755859375,40.552994,48.310290018717446
2011-12-20,1241.300048828125,48.15668,52.6113650004069
2011-12-21,1243.719970703125,49.078342,55.99078241984049
2011-12-22,1254.0,50.92166,65.05376434326172
2011-12-23,1265.3299560546875,53.686638,68.35637537638347
2011-12-27,1265.4300537109375,54.83871,72.04301198323567
2011-12-28,1249.6400146484375,50.460827,70.0460828145345
2011-12-29,1263.02001953125,55.299538,68.58678817749023
2011-12-30,1257.5999755859375,54.377876,66.20583470662434
2012-01-03,1277.06005859375,59.216587,69.96927642822266
2012-01-04,1277.300048828125,57.603687,71.50537618001302
2012-01-05,1281.06005859375,58.75576,74.80798848470052
2012-01-06,1277.81005859375,59.216587,75.11520894368489
2012-01-09,1280.699951171875,59.447002,76.80491638183594
2012-01-10,1292.0799560546875,66.129036,79.18586985270183
2012-01-11,1292.47998046875,67.97235,82.02764892578125
2012-01-12,1295.5,68.20277,83.87096659342448
2012-01-13,1289.0899658203125,66.35945,82.87250010172527
2012-01-17,1293.6700439453125,68.89401,82.4884770711263
2012-01-18,1308.0400390625,72.58065,83.79416147867839
2012-01-19,1314.5,75.34563,86.48233540852864
2012-01-20,1315.3800048828125,76.26728,88.70967864990234
2012-01-23,1316.0,76.26728,89.247314453125
2012-01-24,1314.6500244140625,75.80645,89.17050679524739
2012-01-25,1326.06005859375,80.41475,89.63133494059245
2012-01-26,1318.4300537109375,79.7235,89.86174774169922
2012-01-27,1316.3299560546875,80.18433,89.55452982584636
2012-01-30,1313.010009765625,79.26267,87.9416275024414
2012-01-31,1312.4100341796875,78.34101,86.48233540852864
2012-02-01,1324.0899658203125,83.41014,86.78955332438152
2012-02-02,1325.5400390625,84.56221,87.9416275024414
2012-02-03,1344.9000244140625,87.32719,90.09216562906902
2012-02-06,1344.3299560546875,86.63595,90.86021677652995
2012-02-07,1347.050048828125,86.86636,91.47465515136719
2012-02-08,1349.9599609375,87.5576,91.2442398071289
2012-02-09,1351.949951171875,86.63595,90.86021423339844
2012-02-10,1342.6400146484375,87.5576,89.70814005533855
2012-02-13,1351.77001953125,87.78802,88.78648122151692
2012-02-14,1350.5,85.71429,88.0184326171875
2012-02-15,1343.22998046875,85.71429,86.71274820963542
2012-02-16,1358.0400390625,88.94009,86.32872263590495
2012-02-17,1361.22998046875,87.5576,86.55913798014323
2012-02-21,1362.2099609375,87.32719,87.32718912760417
2012-02-22,1357.6600341796875,86.405525,86.25192260742188
2012-02-23,1363.4599609375,87.5576,85.17665354410808
2012-02-24,1365.739990234375,88.47926,84.79262797037761
2012-02-27,1367.5899658203125,88.94009,84.8694330851237
2012-02-28,1372.1800537109375,87.32719,83.48694356282552
2012-02-29,1365.6800537109375,86.86636,81.41321055094402
2012-03-01,1374.0899658203125,86.86636,80.72196451822917
2012-03-02,1369.6300048828125,87.09677,79.95391591389973
2012-03-05,1364.3299560546875,86.63595,78.95545196533203
2012-03-06,1343.3599853515625,83.41014,71.65898513793945
2012-03-07,1352.6300048828125,84.792625,67.58832422892253
2012-03-08,1365.9100341796875,87.5576,67.43471654256184
2012-03-09,1370.8699951171875,88.01843,73.8863296508789
2012-03-12,1371.0899658203125,87.78802,77.72657521565755
2012-03-13,1395.949951171875,89.63134,81.25960032145183
2012-03-14,1394.280029296875,89.17051,82.41167449951172
2012-03-15,1402.5999755859375,90.09216,85.25345865885417
2012-03-16,1404.1700439453125,90.32258,84.79262797037761
2012-03-19,1409.75,91.24424,85.86789449055989
2012-03-20,1405.52001953125,90.55299,84.94623311360677
2012-03-21,1402.8900146484375,90.32258,83.94777170817058
2012-03-22,1392.780029296875,88.70968,80.03072102864583
2012-03-23,1397.1099853515625,90.32258,77.49615987141927
2012-03-26,1416.510009765625,92.626724,79.33947499593098
2012-03-27,1412.52001953125,92.39632,82.71889241536458
2012-03-28,1405.5400390625,91.474655,84.17818705240886
2012-03-29,1403.280029296875,90.55299,82.02765146891277
2012-03-30,1408.469970703125,90.78341,81.10599263509114
2012-04-02,1419.0400390625,90.32258,82.7188949584961
2012-04-03,1413.3800048828125,91.013824,82.87250264485677
2012-04-04,1398.9599609375,90.32258,79.18586730957031
2012-04-05,1398.0799560546875,89.63134,73.57910919189453
2012-04-09,1382.199951171875,86.86636,63.97849655151367
2012-04-10,1358.5899658203125,82.94931,51.38249079386393
2012-04-11,1368.7099609375,85.9447,43.0107536315918
2012-04-12,1387.5699462890625,87.816086,43.813584645589195
2012-04-13,1370.260009765625,84.82758,47.4663200378418
2012-04-16,1369.5699462890625,84.82758,48.812259674072266
2012-04-17,1390.780029296875,87.126434,50.574713389078774
2012-04-18,1385.1400146484375,86.206894,54.48275883992513
2012-04-19,1376.9200439453125,84.5977,55.785441080729164
2012-04-20,1378.530029296875,85.05747,54.252872467041016
2012-04-23,1366.93994140625,82.06897,51.03448232014974
2012-04-24,1371.969970703125,83.90804,50.65134048461914
2012-04-25,1390.68994140625,87.586205,52.490421295166016
2012-04-26,1399.97998046875,88.505745,58.4674326578776
2012-04-27,1403.3599853515625,89.885056,63.67816162109375
2012-04-30,1397.9100341796875,88.27586,64.36781692504883
2012-05-01,1405.8199462890625,89.885056,64.9042142232259
2012-05-02,1402.31005859375,89.655174,63.90804545084635
2012-05-03,1391.5699462890625,87.35632,61.53256607055664
2012-05-04,1369.0999755859375,82.52873,55.555555979410805
2012-05-07,1369.5799560546875,83.67816,50.65134048461914
2012-05-08,1363.719970703125,82.29885,47.662835439046226
2012-05-09,1354.5799560546875,80.22988,45.28735605875651
2012-05-10,1357.989990234375,80.45977,43.831417083740234
2012-05-11,1353.3900146484375,80.0,42.528734842936196
2012-05-14,1338.3499755859375,76.55173,40.996167500813804
2012-05-15,1330.6600341796875,73.85321,38.133853912353516
2012-05-16,1324.800048828125,70.41284,35.0428835550944
2012-05-17,1304.8599853515625,66.055046,30.504587173461914
2012-05-18,1295.219970703125,61.7849,24.37543233235677
2012-05-21,1315.989990234375,67.73455,21.0697758992513
2012-05-22,1316.6300048828125,67.96339,22.273073196411133
2012-05-23,1318.8599853515625,68.64989,26.010677973429363
2012-05-24,1320.6800537109375,68.878716,28.451562881469727
2012-05-25,1317.8199462890625,68.878716,29.672005971272785
2012-05-29,1332.4200439453125,73.455376,32.72311210632324
2012-05-30,1313.3199462890625,65.90389,31.197559356689453
2012-05-31,1310.3299560546875,64.07323,30.35850461324056
2012-06-01,1278.0400390625,55.83524,22.80701732635498
2012-06-04,1278.1800537109375,54.69108,18.764301617940266
2012-06-05,1285.5,56.750572,15.255529721577963
2012-06-06,1315.1300048828125,63.615562,20.442410151163738
2012-06-07,1314.989990234375,64.53089,25.247901916503906
2012-06-08,1325.6600341796875,66.36156,31.50266965230306
2012-06-11,1308.9300537109375,62.471397,30.5110600789388
2012-06-12,1324.1800537109375,65.44622,32.26544698079427
2012-06-13,1314.8800048828125,61.556065,30.816171010335285
2012-06-14,1329.0999755859375,63.15789,34.85888671875
2012-06-15,1342.8399658203125,66.590385,39.05415725708008
2012-06-18,1344.780029296875,67.96339,45.30892435709635
2012-06-19,1357.97998046875,72.99771,51.487414042154946
2012-06-20,1355.68994140625,72.31121,54.76735178629557
2012-06-21,1325.510009765625,63.844395,51.86880238850912
2012-06-22,1335.02001953125,65.44622,47.8260866800944
2012-06-25,1313.719970703125,60.183067,40.19832229614258
2012-06-26,1319.989990234375,61.7849,38.749046325683594
2012-06-27,1331.8499755859375,63.386726,38.596490224202476
2012-06-28,1329.0400390625,62.70023,42.25781758626302
2012-06-29,1362.1600341796875,71.00456,51.74271774291992
2012-07-02,1365.510009765625,72.37443,58.86196772257487
2012-07-03,1374.02001953125,73.74429,68.11263529459636
2012-07-05,1367.5799560546875,73.51598,70.01522064208984
2012-07-06,1354.6800537109375,69.863014,68.87366485595703
2012-07-09,1352.4599609375,67.3516,64.99238713582356
2012-07-10,1341.469970703125,65.525116,59.893454233805336
2012-07-11,1341.449951171875,64.38356,57.30593744913737
2012-07-12,1334.760009765625,62.100456,54.79452133178711
2012-07-13,1356.780029296875,67.57991,57.61035029093424
2012-07-16,1353.6400146484375,65.29681,59.51293690999349
2012-07-17,1363.6700439453125,66.210045,63.698630015055336
2012-07-18,1372.780029296875,70.091324,66.51445897420247
2012-07-19,1376.510009765625,70.77625,70.92846425374348
2012-07-20,1362.6600341796875,65.831436,70.9544677734375
2012-07-23,1350.52001953125,61.959,66.2676010131836
2012-07-24,1338.31005859375,59.681095,58.84585952758789
2012-07-25,1337.8900146484375,59.908886,54.593771616617836
2012-07-26,1360.02001953125,64.00911,56.41609573364258
2012-07-27,1385.969970703125,71.07062,64.61655171712239
2012-07-30,1385.300048828125,69.47608,71.75398508707683
2012-07-31,1379.3199462890625,67.425964,74.48746999104817
2012-08-01,1375.3199462890625,65.375854,70.99468485514323
2012-08-02,1365.0,63.097946,66.8944574991862
2012-08-03,1390.989990234375,68.10934,68.03340911865234
2012-08-06,1394.22998046875,70.84283,71.45026397705078
2012-08-07,1401.3499755859375,75.85421,77.06909434000652
2012-08-08,1402.219970703125,76.30979,78.35990905761719
2012-08-09,1402.800048828125,77.220955,78.81549072265625
2012-08-10,1405.8699951171875,76.30979,78.66363016764323
2012-08-13,1404.1099853515625,75.170845,78.13211822509766
2012-08-14,1403.9300537109375,73.57631,77.22095743815105
2012-08-15,1405.530029296875,75.170845,76.53758494059245
2012-08-16,1415.510009765625,77.448746,76.99316660563152
2012-08-17,1418.1600341796875,78.5877,78.96734873453777
2012-08-20,1418.1300048828125,77.67654,80.18223063151042
2012-08-21,1413.1700439453125,78.35991,79.49885813395183
2012-08-22,1413.489990234375,77.448746,76.9931640625
2012-08-23,1402.0799560546875,74.48747,73.27258809407552
2012-08-24,1411.1300048828125,76.082,71.75398508707683
2012-08-27,1410.43994140625,74.48747,70.8428243001302
2012-08-28,1409.300048828125,74.48747,71.6021245320638
2012-08-29,1410.489990234375,74.943054,71.67805480957031
2012-08-30,1399.47998046875,72.209564,70.99468231201172
2012-08-31,1406.5799560546875,73.57631,70.99468231201172
2012-09-04,1404.93994140625,73.57631,71.07061258951823
2012-09-05,1403.43994140625,72.437355,71.22247314453125
2012-09-06,1432.1199951171875,79.04328,74.25967915852864
2012-09-07,1437.9200439453125,82.004555,76.68944295247395
2012-09-10,1429.0799560546875,79.726654,79.19513702392578
2012-09-11,1433.56005859375,79.95444,78.13211568196614
2012-09-12,1436.56005859375,80.41002,77.44874572753906
2012-09-13,1459.989990234375,83.14351,79.42293039957683
2012-09-14,1465.77001953125,84.73804,81.54897562662761
2012-09-17,1461.18994140625,82.91572,82.91571807861328
2012-09-18,1459.3199462890625,82.232346,82.46013641357422
2012-09-19,1461.050048828125,80.8656,81.39711252848308
2012-09-20,1460.260009765625,80.8656,80.41002146402995
2012-09-21,1460.1500244140625,80.8656,79.04327901204427
2012-09-24,1456.8900146484375,79.49886,77.82839711507161
2012-09-25,1441.5899658203125,75.62642,74.48746999104817
2012-09-26,1433.3199462890625,74.943054,70.15945180257161
2012-09-27,1447.1500244140625,76.76537,68.03340911865234
2012-09-28,1440.6700439453125,74.943054,67.88154856363933
2012-10-01,1444.489990234375,74.25968,69.17236073811848
2012-10-02,1445.75,73.8041,68.33712768554688
2012-10-03,1450.989990234375,73.57631,69.02050018310547
2012-10-04,1461.4000244140625,77.220955,71.14654541015625
2012-10-05,1460.9300537109375,77.220955,72.81700897216797
2012-10-08,1455.8800048828125,76.30979,73.19665781656902
2012-10-09,1441.47998046875,70.387245,69.55201085408528
2012-10-10,1432.56005859375,69.70387,64.54062271118164
2012-10-11,1432.8399658203125,70.159454,60.13667424519857
2012-10-12,1428.5899658203125,69.38776,56.03455352783203
2012-10-15,1440.1300048828125,71.65533,56.17384338378906
2012-10-16,1454.9200439453125,75.5102,58.20105997721354
2012-10-17,1460.9100341796875,76.190475,64.17233530680339
2012-10-18,1457.3399658203125,75.05669,66.81784057617188
2012-10-19,1433.18994140625,70.294785,63.567649841308594
2012-10-22,1433.8199462890625,69.61451,58.125474294026695
2012-10-23,1413.1099853515625,65.53288,50.8692372639974
2012-10-24,1408.75,64.39909,46.40967559814453
2012-10-25,1412.969970703125,65.53288,44.59561665852865
2012-10-26,1411.93994140625,64.625854,45.124716440836586
2012-10-31,1412.1600341796875,67.34694,48.072564442952476
2012-11-01,1427.5899658203125,71.65533,51.54950968424479
2012-11-02,1414.199951171875,68.48072,53.968255360921226
2012-11-05,1417.260009765625,69.38776,53.74149703979492
2012-11-06,1428.3900146484375,73.24263,53.74149703979492
2012-11-07,1394.530029296875,63.94558,50.03779220581055
2012-11-08,1377.510009765625,59.637188,45.65381622314453
2012-11-09,1379.8499755859375,60.317463,38.39758046468099
2012-11-12,1380.030029296875,59.86394,36.356764475504555
2012-11-13,1374.530029296875,58.73016,35.52531941731771
2012-11-14,1355.489990234375,51.927437,31.972788492838543
2012-11-15,1353.3299560546875,50.793655,27.664398829142254
2012-11-16,1359.8800048828125,54.19501,24.56538200378418
2012-11-19,1386.8900146484375,60.544216,29.02494239807129
2012-11-20,1387.81005859375,62.358276,35.60090637207031
2012-11-21,1391.030029296875,63.265305,41.950113932291664
2012-11-23,1409.1500244140625,68.25397,46.93877665201823
2012-11-26,1406.2900390625,67.120186,50.718065897623696
2012-11-27,1398.93994140625,64.85261,53.439154307047524
2012-11-28,1409.9300537109375,68.25397,54.57294209798177
2012-11-29,1415.949951171875,71.42857,56.53817240397135
2012-11-30,1416.1800537109375,71.42857,60.468631744384766
2012-12-03,1409.4599609375,68.934235,60.92214584350586
2012-12-04,1407.050048828125,68.70748,60.393046061197914
2012-12-05,1409.280029296875,70.06802,60.166290283203125
2012-12-06,1413.93994140625,70.294785,63.265307108561196
2012-12-07,1418.0699462890625,71.88209,66.89342498779297
2012-12-10,1418.550048828125,71.65533,69.31216939290364
2012-12-11,1427.8399658203125,75.5102,71.57974497477214
2012-12-12,1428.47998046875,75.28345,73.84731801350911
2012-12-13,1419.449951171875,73.922905,73.69614664713542
2012-12-14,1413.5799560546875,73.696144,70.59712727864583
2012-12-17,1430.3599853515625,78.00453,69.84127044677734
2012-12-18,1446.7900390625,79.818596,74.3008321126302
2012-12-19,1435.81005859375,78.458046,78.98715209960938
2012-12-20,1443.68994140625,79.818596,81.63265482584636
2012-12-21,1430.1500244140625,76.190475,80.12093861897786
2012-12-24,1426.6600341796875,74.37642,79.44066619873047
2012-12-26,1419.8299560546875,72.3356,75.283447265625
2012-12-27,1418.0999755859375,72.3356,72.03325907389323
2012-12-28,1402.4300537109375,68.70748,66.43990961710612
2012-12-31,1426.18994140625,73.922905,68.10279719034831
2013-01-02,1462.4200439453125,81.44797,74.68696975708008
2013-01-03,1459.3699951171875,82.579185,84.21898905436198
2013-01-04,1466.469970703125,84.162895,89.51734670003255
2013-01-07,1461.8900146484375,81.67421,89.51734670003255
2013-01-08,1457.1500244140625,80.995476,88.91402689615886
2013-01-09,1461.02001953125,81.22172,88.08446502685547
2013-01-10,1472.1199951171875,83.71041,88.23529307047527
2013-01-11,1472.050048828125,83.48416,88.91402689615886
2013-01-14,1470.6800537109375,83.03167,89.59275817871094
2013-01-15,1472.3399658203125,83.71041,90.04524739583333
2013-01-16,1472.6300048828125,83.48416,90.19607543945312
2013-01-17,1480.93994140625,83.93665,90.64856465657552
2013-01-18,1485.97998046875,84.87585,90.6553726196289
2013-01-22,1492.56005859375,85.32732,91.71645863850911
2013-01-23,1494.81005859375,85.32732,92.09932200113933
2013-01-24,1494.8199462890625,86.68172,92.70128122965495
2013-01-25,1502.9599609375,87.35892,92.85176849365234
2013-01-28,1500.1800537109375,86.90745,93.00225830078125
2013-01-29,1507.8399658203125,87.58465,93.00225830078125
2013-01-30,1501.9599609375,87.58465,92.40030415852864
2013-01-31,1498.1099853515625,87.35892,91.49736785888672
2013-02-01,1513.1700439453125,88.73874,91.20248921712239
2013-02-04,1495.7099609375,86.26126,90.08263397216797
2013-02-05,1511.2900390625,87.83784,90.16516621907552
2013-02-06,1512.1199951171875,88.063065,89.33934020996094
2013-02-07,1509.3900146484375,88.063065,88.96396382649739
2013-02-08,1517.9300537109375,88.28829,88.36336263020833
2013-02-11,1517.010009765625,88.063065,87.83783721923828
2013-02-12,1519.4300537109375,88.51351,88.58858744303386
2013-02-13,1520.3299560546875,88.063065,88.66366322835286
2013-02-14,1521.3800048828125,88.063065,88.43843841552734
2013-02-15,1519.7900390625,87.61261,87.76276397705078
2013-02-19,1530.93994140625,89.189186,87.38738759358723
2013-02-20,1511.949951171875,88.063065,85.66065979003906
2013-02-21,1502.4200439453125,86.936935,81.23122914632161
2013-02-22,1515.5999755859375,87.61261,78.52852630615234
2013-02-25,1487.8499755859375,84.684685,72.59759521484375
2013-02-26,1496.93994140625,85.58559,70.12011973063152
2013-02-27,1515.989990234375,87.38739,68.76876831054688
2013-02-28,1514.6800537109375,87.38739,72.67267354329427
2013-03-01,1518.199951171875,88.51351,76.35134887695312
2013-03-04,1525.199951171875,87.83784,77.47747548421223
2013-03-05,1539.7900390625,90.09009,79.50450134277344
2013-03-06,1541.4599609375,89.189186,81.53152974446614
2013-03-07,1544.260009765625,89.41441,82.9579569498698
2013-03-08,1551.1800537109375,89.63964,84.23423512776692
2013-03-11,1556.219970703125,89.63964,84.98498789469402
2013-03-12,1552.47998046875,89.86486,85.51051330566406
2013-03-13,1554.52001953125,89.63964,85.13513692220052
2013-03-14,1563.22998046875,90.315315,85.13513692220052
2013-03-15,1560.699951171875,90.09009,84.45946248372395
2013-03-18,1552.0999755859375,89.41441,82.8078104654948
2013-03-19,1548.3399658203125,88.96396,79.50450642903645
2013-03-20,1558.7099609375,89.189186,78.82882944742839
2013-03-21,1545.800048828125,88.96396,76.72672780354817
2013-03-22,1556.8900146484375,88.96396,76.72672780354817
2013-03-25,1551.68994140625,88.96396,73.9489517211914
2013-03-26,1563.77001953125,88.96396,75.22522735595703
2013-03-27,1562.8499755859375,89.63964,75.60060119628906
2013-03-28,1569.18994140625,89.86486,78.0030008951823
2013-04-01,1562.1700439453125,89.63964,77.40239969889323
2013-04-02,1570.25,89.41441,76.20119984944661
2013-04-03,1553.68994140625,87.83784,71.32131958007812
2013-04-04,1559.97998046875,89.41441,68.69369252522786
2013-04-05,1553.280029296875,89.189186,65.31531270345052
2013-04-08,1563.0699462890625,90.54054,66.66666666666667
2013-04-09,1568.6099853515625,89.86486,68.16816711425781
2013-04-10,1587.72998046875,91.21622,73.87387339274089
2013-04-11,1593.3699951171875,92.11712,78.75375366210938
2013-04-12,1588.8499755859375,91.44144,81.23123168945312
2013-04-15,1552.3599853515625,87.61261,73.27327473958333
2013-04-16,1574.5699462890625,88.96396,67.26726786295573
2013-04-17,1552.010009765625,86.48649,59.009010314941406
2013-04-18,1541.6099853515625,85.36036,56.15615717569987
2013-04-19,1555.25,85.58559,52.25225321451823
2013-04-22,1562.5,86.936935,52.327327728271484
2013-04-23,1578.780029296875,88.96396,58.70870717366537
2013-04-24,1578.7900390625,90.315315,64.26426315307617
2013-04-25,1585.1600341796875,90.76577,70.79579671223958
2013-04-26,1582.239990234375,89.41441,71.09609731038411
2013-04-29,1593.6099853515625,90.54054,72.59759775797527
2013-04-30,1597.5699462890625,91.44144,73.42342376708984
2013-05-01,1582.699951171875,89.63964,73.94894917805989
2013-05-02,1597.5899658203125,91.21622,74.0990982055664
2013-05-03,1614.4200439453125,91.89189,75.90089925130208
2013-05-06,1617.5,92.79279,80.63063049316406
2013-05-07,1625.9599609375,93.24324,84.45945994059245
2013-05-08,1632.68994140625,93.46847,86.41141255696614
2013-05-09,1626.6700439453125,93.03371,87.39717356363933
2013-05-10,1633.699951171875,93.93259,88.3058344523112
2013-05-13,1633.77001953125,93.70786,88.08988698323567
2013-05-14,1650.3399658203125,93.93259,89.58801523844402
2013-05-15,1658.780029296875,93.93259,90.48689270019531
2013-05-16,1650.469970703125,93.93259,91.91011301676433
2013-05-17,1667.469970703125,94.38203,92.65917460123698
2013-05-20,1666.2900390625,94.1573,92.80898793538411
2013-05-21,1669.1600341796875,94.38203,92.7340825398763
2013-05-22,1655.3499755859375,93.93259,89.9625473022461
2013-05-23,1650.510009765625,93.70786,85.84269714355469
2013-05-24,1649.5999755859375,93.25843,81.72284698486328
2013-05-28,1660.06005859375,92.80899,80.0
2013-05-29,1648.3599853515625,91.46068,77.67790222167969
2013-05-30,1654.4100341796875,91.46068,76.17977396647136
2013-05-31,1630.739990234375,90.33708,71.38576761881511
2013-06-03,1640.4200439453125,90.786514,69.21348063151042
2013-06-04,1631.3800048828125,90.11236,65.31834920247395
2013-06-05,1608.9000244140625,88.53933,60.29962285359701
2013-06-06,1622.56005859375,89.4382,57.37827682495117
2013-06-07,1643.3800048828125,89.88764,58.052435557047524
2013-06-10,1642.81005859375,88.764046,62.17228444417318
2013-06-11,1626.1300048828125,85.61798,61.722845713297524
2013-06-12,1612.52001953125,84.26966,57.003743489583336
2013-06-13,1636.3599853515625,87.41573,57.078651428222656
2013-06-14,1626.72998046875,87.41573,57.45318349202474
2013-06-17,1639.0400390625,88.314606,61.79775365193685
2013-06-18,1651.81005859375,89.66292,63.52060063680013
2013-06-19,1628.9300537109375,85.45861,63.061275482177734
2013-06-20,1588.18994140625,76.9575,53.942639668782554
2013-06-21,1592.4300537109375,78.076065,42.95301946004232
2013-06-24,1573.0899658203125,75.83892,33.258761723836265
2013-06-25,1588.030029296875,80.3132,32.28933525085449
2013-06-26,1603.260009765625,82.55034,33.85533078511556
2013-06-27,1613.199951171875,84.375,40.680094401041664
2013-06-28,1606.280029296875,83.70536,45.41686503092448
2013-07-01,1614.9599609375,84.59821,49.62797546386719
2013-07-02,1614.0799560546875,83.92857,50.07440439860026
2013-07-03,1615.4100341796875,83.48214,50.2976188659668
2013-07-05,1631.8900146484375,83.25893,52.30654780069987
2013-07-08,1640.4599609375,84.59821,56.69642893473307
2013-07-09,1652.3199462890625,86.16071,63.020833333333336
2013-07-10,1652.6199951171875,85.26786,65.9970219930013
2013-07-11,1675.02001953125,90.17857,71.87499745686848
2013-07-12,1680.18994140625,90.625,76.3392842610677
2013-07-15,1682.5,90.40179,80.87797546386719
2013-07-16,1676.260009765625,90.17857,81.32440439860027
2013-07-17,1680.9100341796875,90.625,81.8452377319336
2013-07-18,1689.3699951171875,90.625,82.44047546386719
2013-07-19,1692.0899658203125,90.40179,83.33333333333333
2013-07-22,1695.530029296875,91.29464,83.70535786946614
2013-07-23,1692.3900146484375,91.29464,83.63095347086589
2013-07-24,1685.93994140625,89.50893,81.91964467366536
2013-07-25,1690.25,90.40179,80.72916666666667
2013-07-26,1691.6500244140625,89.73214,79.38988240559895
2013-07-29,1685.3299560546875,88.16964,78.42262013753255
2013-07-30,1685.9599609375,89.0625,77.97619120279948
2013-07-31,1685.72998046875,88.61607,77.82737986246745
2013-08-01,1706.8699951171875,89.28571,80.58035532633464
2013-08-02,1709.6700439453125,88.16964,81.77083333333333
2013-08-05,1707.1400146484375,87.94643,82.73809560139973
2013-08-06,1697.3699951171875,87.72321,81.32440439860027
2013-08-07,1690.9100341796875,86.83036,79.01785532633464
2013-08-08,1697.47998046875,87.27679,78.12499745686848
2013-08-09,1691.4200439453125,88.39286,76.78571319580078
2013-08-12,1689.469970703125,87.27679,76.5625
2013-08-13,1694.1600341796875,87.27679,75.44642893473308
2013-08-14,1685.3900146484375,87.27679,73.80952453613281
2013-08-15,1661.3199462890625,82.8125,68.1547622680664
2013-08-16,1655.8299560546875,80.80357,60.49107360839844
2013-08-19,1646.06005859375,78.79464,53.12500127156576
2013-08-20,1652.3499755859375,80.58036,51.711310068766274
2013-08-21,1642.800048828125,79.24107,50.22321319580078
2013-08-22,1656.9599609375,81.25,52.38095219930013
2013-08-23,1663.5,82.14286,53.79464340209961
2013-08-26,1656.780029296875,80.80357,55.654762268066406
2013-08-27,1630.47998046875,76.33929,49.479165395100914
2013-08-28,1634.9599609375,76.78571,43.08035532633463
2013-08-29,1638.1700439453125,77.23214,39.21130879720052
2013-08-30,1632.969970703125,75.89286,38.31845219930013
2013-09-03,1639.77001953125,74.77679,38.16964340209961
2013-09-04,1653.0799560546875,75.89286,40.029762268066406
2013-09-05,1655.0799560546875,75.89286,44.49404780069987
2013-09-06,1655.1700439453125,76.11607,47.69345219930013
2013-09-09,1671.7099609375,78.79464,51.63690439860026
2013-09-10,1683.989990234375,81.47321,58.03571446736654
2013-09-11,1689.1300048828125,82.14286,65.10416666666667
2013-09-12,1683.4200439453125,79.91071,66.66666666666667
2013-09-13,1687.989990234375,80.35714,66.66666666666667
2013-09-16,1697.5999755859375,82.14286,67.63392893473308
2013-09-17,1704.760009765625,83.25893,70.9077377319336
2013-09-18,1725.52001953125,87.72321,76.41368865966797
2013-09-19,1722.3399658203125,87.05357,79.61309305826823
2013-09-20,1709.9100341796875,84.375,80.13392639160156
2013-09-23,1701.8399658203125,83.92857,76.11607106526692
2013-09-24,1697.4200439453125,82.36607,72.32142893473308
2013-09-25,1692.77001953125,81.25,70.16369120279948
2013-09-26,1698.6700439453125,82.58929,69.86607106526692
2013-09-27,1691.75,80.35714,68.45237986246745
2013-09-30,1681.550048828125,78.57143,66.51785532633464
2013-10-01,1695.0,80.35714,66.51785532633464
2013-10-02,1693.8699951171875,79.91071,68.15475972493489
2013-10-03,1678.6600341796875,77.45536,67.03868865966797
2013-10-04,1690.5,77.67857,64.95535532633464
2013-10-07,1676.1199951171875,76.78571,60.71428426106771
2013-10-08,1655.449951171875,75.0,56.02678553263346
2013-10-09,1656.4000244140625,75.0,49.55357106526693
2013-10-10,1692.56005859375,79.6875,54.389879862467446
2013-10-11,1703.199951171875,81.69643,65.62499872843425
2013-10-14,1710.1400146484375,82.58929,77.23214213053386
2013-10-15,1698.06005859375,77.45536,76.63690439860027
2013-10-16,1721.5400390625,82.85078,77.32030232747395
2013-10-17,1733.1500244140625,85.523384,79.85950978597005
2013-10-18,1744.5,85.96882,85.22643025716145
2013-10-21,1744.6600341796875,85.30067,87.2308832804362
2013-10-22,1754.6700439453125,86.85969,87.97327423095703
2013-10-23,1746.3800048828125,85.96882,87.45360056559245
2013-10-24,1752.0699462890625,85.30067,87.15664418538411
2013-10-25,1759.77001953125,86.63697,85.8945795694987
2013-10-28,1762.1099853515625,85.30067,85.82034301757812
2013-10-29,1771.949951171875,86.85969,85.82034301757812
2013-10-30,1763.31005859375,85.30067,84.70675913492839
2013-10-31,1756.5400390625,84.632515,83.2962163289388
2013-11-01,1761.6400146484375,84.632515,81.36600240071614
2013-11-04,1767.9300537109375,85.96882,81.73719533284505
2013-11-05,1762.969970703125,84.4098,82.03415171305339
2013-11-06,1770.489990234375,85.7461,81.81143188476562
2013-11-07,1747.1500244140625,84.4098,78.54491424560547
2013-11-08,1770.6099853515625,84.85523,77.13437143961589
2013-11-11,1771.8900146484375,84.85523,76.39198303222656
2013-11-12,1767.68994140625,83.51893,76.98589579264323
2013-11-13,1782.0,85.07796,77.35709126790364
2013-11-14,1790.6199951171875,85.96882,78.3964360555013
2013-11-15,1798.1800537109375,86.191536,81.14328002929688
2013-11-18,1791.530029296875,85.77778,81.67763773600261
2013-11-19,1787.8699951171875,84.0,80.21017964680989
2013-11-20,1781.3699951171875,81.77778,77.11111195882161
2013-11-21,1795.8499755859375,83.33333,76.0740737915039
2013-11-22,1804.760009765625,83.77778,76.44444529215495
2013-11-25,1802.47998046875,83.77778,77.25925954182942
2013-11-26,1802.75,82.888885,77.18518320719402
2013-11-27,1807.22998046875,83.55556,76.59259033203125
2013-11-29,1805.81005859375,83.55556,76.44444529215495
2013-12-02,1800.9000244140625,83.111115,75.55555725097656
2013-12-03,1795.1500244140625,82.44445,73.62963104248047
2013-12-04,1792.81005859375,82.666664,71.25925954182942
2013-12-05,1785.030029296875,82.44445,68.9629643758138
2013-12-06,1805.0899658203125,82.888885,70.66666920979817
2013-12-09,1808.3699951171875,83.77778,72.74074300130208
2013-12-10,1802.6199951171875,81.77778,74.29629770914714
2013-12-11,1782.219970703125,79.333336,69.62963104248047
2013-12-12,1775.5,78.270515,63.36536153157552
2013-12-13,1775.3199462890625,78.49224,58.655826568603516
2013-12-16,1786.5400390625,79.82262,58.83222452799479
2013-12-17,1781.0,78.9357,58.68440500895182
2013-12-18,1810.6500244140625,81.374725,62.601627349853516
2013-12-19,1809.5999755859375,80.70953,64.1537348429362
2013-12-20,1818.3199462890625,82.03991,69.40133412679036
2013-12-23,1827.989990234375,82.48337,70.9534403483073
2013-12-24,1833.3199462890625,83.14856,74.27938079833984
2013-12-26,1842.02001953125,83.370285,75.9053955078125
2013-12-27,1841.4000244140625,84.03548,77.01404062906902
2013-12-30,1841.0699462890625,84.92239,77.90096028645833
2013-12-31,1848.3599853515625,84.70067,79.3052469889323
2014-01-02,1831.97998046875,82.26164,78.27051035563152
2014-01-03,1831.3699951171875,81.59645,76.49667358398438
2014-01-06,1826.77001953125,81.15299,72.57945251464844
2014-01-07,1837.8800048828125,82.7051,72.87509155273438
2014-01-08,1837.489990234375,81.818184,71.98817189534505
2014-01-09,1838.1300048828125,82.7051,73.02291107177734
2014-01-10,1842.3699951171875,84.70067,73.90982818603516
2014-01-13,1819.199951171875,81.59645,72.57945251464844
2014-01-14,1838.8800048828125,83.370285,73.24463907877605
2014-01-15,1848.3800048828125,84.478935,72.2838134765625
2014-01-16,1845.8900146484375,84.478935,74.4271977742513
2014-01-17,1838.699951171875,83.14856,73.31855010986328
2014-01-21,1843.800048828125,84.70067,72.87509155273438
2014-01-22,1844.8599853515625,84.478935,73.24464162190755
2014-01-23,1828.4599609375,82.03991,71.84035746256511
2014-01-24,1790.2900390625,76.27494,62.971177419026695
2014-01-27,1781.56005859375,75.83148,52.69771067301432
2014-01-28,1792.5,78.048775,46.85883331298828
2014-01-29,1774.199951171875,76.27494,45.380636850992836
2014-01-30,1794.18994140625,80.48781,48.26312001546224
2014-01-31,1782.5899658203125,78.713974,48.04138946533203
2014-02-03,1741.8900146484375,67.627495,44.34589767456055
2014-02-04,1755.199951171875,71.17516,39.09829966227213
2014-02-05,1751.6400146484375,70.95344,34.95934931437174
2014-02-06,1773.4300537109375,73.83592,38.43311055501302
2014-02-07,1797.02001953125,76.94013,43.237250010172524
2014-02-10,1799.8399658203125,77.605316,48.26311747233073
2014-02-11,1819.75,80.70953,53.36289596557617
2014-02-12,1819.260009765625,80.266075,56.171470642089844
2014-02-13,1829.8299560546875,82.48337,60.60606129964193
2014-02-14,1838.6300048828125,83.14856,64.15373357137044
2014-02-18,1840.760009765625,83.14856,67.40576426188152
2014-02-19,1828.75,81.59645,67.1840337117513
2014-02-20,1839.780029296875,83.14856,67.03621419270833
2014-02-21,1836.25,82.92683,66.37102762858073
2014-02-24,1847.6099853515625,84.03548,68.36659495035808
2014-02-25,1845.1199951171875,83.14856,68.66223398844402
2014-02-26,1845.1600341796875,84.03548,69.6969706217448
2014-02-27,1854.2900390625,85.14413,70.43606821695964
2014-02-28,1859.449951171875,86.031044,72.5055440266927
2014-03-03,1845.72998046875,84.2572,71.8403549194336
2014-03-04,1873.9100341796875,86.25277,74.05765024820964
2014-03-05,1873.81005859375,84.92239,75.75757598876953
2014-03-06,1877.030029296875,84.2572,80.11825561523438
2014-03-07,1878.0400390625,85.36585,80.85735321044922
2014-03-10,1877.1700439453125,86.4745,81.30081176757812
2014-03-11,1867.6300048828125,85.80931,80.56171417236328
2014-03-12,1868.199951171875,85.36585,79.89652760823567
2014-03-13,1846.3399658203125,83.370285,75.60975901285808
2014-03-14,1841.1300048828125,81.59645,71.6186294555664
2014-03-17,1858.8299560546875,84.2572,70.65779876708984
2014-03-18,1872.25,85.587585,75.16629791259766
2014-03-19,1860.77001953125,85.36585,77.75314076741536
2014-03-20,1872.010009765625,84.92239,77.90096028645833
2014-03-21,1866.52001953125,85.36585,75.60975392659505
2014-03-24,1857.43994140625,84.92239,73.09681955973308
2014-03-25,1865.6199951171875,86.031044,70.8056157430013
2014-03-26,1852.56005859375,83.81374,66.37102762858073
2014-03-27,1849.0400390625,83.370285,63.3407236735026
2014-03-28,1857.6199951171875,84.03548,62.01034800211588
2014-03-31,1872.3399658203125,86.031044,65.63193003336589
2014-04-01,1885.52001953125,87.13969,72.94900512695312
2014-04-02,1890.9000244140625,88.691795,77.97487386067708
2014-04-03,1888.77001953125,89.135254,80.26607767740886
2014-04-04,1865.0899658203125,85.36585,76.57058461507161
2014-04-07,1845.0400390625,80.93127,67.84922409057617
2014-04-08,1851.9599609375,83.14856,60.4582405090332
2014-04-09,1872.1800537109375,85.14413,59.05395380655924
2014-04-10,1833.0799560546875,78.9357,56.31929016113281
2014-04-11,1815.68994140625,74.05765,49.29785664876302
2014-04-14,1830.6099853515625,75.83148,40.79822667439779
2014-04-15,1842.97998046875,78.49224,39.689579010009766
2014-04-16,1862.31005859375,81.15299,44.27198918660482
2014-04-17,1864.8499755859375,82.48337,48.85439936319987
2014-04-21,1871.8900146484375,83.370285,52.623800913492836
2014-04-22,1879.550048828125,84.70067,55.358463287353516
2014-04-23,1875.3900146484375,84.92239,56.688838958740234
2014-04-24,1878.6099853515625,84.03548,57.64966583251953
2014-04-25,1863.4000244140625,80.48781,55.43237050374349
2014-04-28,1869.4300537109375,79.60089,53.28898493448893
2014-04-29,1878.3299560546875,80.70953,52.549887339274086
2014-04-30,1883.949951171875,81.59645,54.69327290852865
2014-05-01,1883.6800537109375,81.15299,57.28011703491211
2014-05-02,1881.1400146484375,81.194695,58.49308776855469
2014-05-05,1884.6600341796875,81.194695,58.30291748046875
2014-05-06,1867.719970703125,78.9823,54.7197634379069
2014-05-07,1878.2099609375,79.42478,53.17109171549479
2014-05-08,1875.6300048828125,79.867256,52.2123908996582
2014-05-09,1878.47998046875,81.858406,54.719764709472656
2014-05-12,1896.6500244140625,85.176994,58.775811513264976
2014-05-13,1897.449951171875,84.07079,61.94690195719401
2014-05-14,1888.530029296875,81.63717,63.053096771240234
2014-05-15,1870.8499755859375,79.20354,57.66961669921875
2014-05-16,1877.8599853515625,80.75221,54.35103225708008
2014-05-19,1885.0799560546875,81.415924,53.31858444213867
2014-05-20,1872.8299560546875,79.42478,52.949851989746094
2014-05-21,1888.030029296875,81.415924,53.09734598795573
2014-05-22,1892.489990234375,82.74336,54.351033528645836
2014-05-23,1900.530029296875,83.40708,60.17699178059896
2014-05-27,1911.9100341796875,85.176994,67.03539784749348
2014-05-28,1909.780029296875,84.513275,71.31268310546875
2014-05-29,1920.030029296875,85.39823,74.63126881917317
2014-05-30,1923.5699462890625,85.176994,75.14749399820964
2014-06-02,1924.969970703125,85.61947,77.06489817301433
2014-06-03,1924.239990234375,85.61947,77.87610626220703
2014-06-04,1927.8800048828125,86.504425,78.9822998046875
2014-06-05,1940.4599609375,87.16814,81.63716888427734
2014-06-06,1949.43994140625,88.74172,84.66955820719402
2014-06-09,1951.27001953125,89.624725,86.74471282958984
2014-06-10,1950.7900390625,88.300224,86.09271748860677
2014-06-11,1943.8900146484375,87.19647,84.10596211751302
2014-06-12,1930.1099853515625,85.43046,80.8682861328125
2014-06-13,1936.1600341796875,86.75497,79.24944814046223
2014-06-16,1937.780029296875,86.09272,78.29286448160808
2014-06-17,1941.989990234375,87.63797,80.7211201985677
2014-06-18,1956.97998046875,89.40398,83.73804473876953
2014-06-19,1959.47998046875,87.85872,86.97571818033855
2014-06-20,1962.8699951171875,87.85872,88.5945561726888
2014-06-23,1962.6099853515625,87.85872,88.00588480631511
2014-06-24,1949.97998046875,86.75497,85.72479502360027
2014-06-25,1959.530029296875,86.53421,83.37012227376302
2014-06-26,1957.219970703125,85.43046,81.23620096842448
2014-06-27,1960.9599609375,85.20972,80.94186655680339
2014-06-30,1960.22998046875,85.651215,80.72111511230469
2014-07-01,1973.3199462890625,87.63797,82.48711903889973
2014-07-02,1974.6199951171875,87.41722,83.29653930664062
2014-07-03,1985.43994140625,89.624725,84.69462585449219
2014-07-07,1977.6500244140625,87.85872,83.66445668538411
2014-07-08,1963.7099609375,84.98896,82.41353607177734
2014-07-09,1972.8299560546875,85.651215,80.79469807942708
2014-07-10,1964.6800537109375,83.66446,78.29285939534505
2014-07-11,1967.5699462890625,83.44371,76.89477284749348
2014-07-14,1977.0999755859375,84.105965,75.57027180989583
2014-07-15,1973.280029296875,84.54746,75.86460622151692
2014-07-16,1981.5699462890625,84.76821,75.34952290852864
2014-07-17,1958.1199951171875,80.57395,70.64017740885417
2014-07-18,1978.219970703125,83.00221,69.09492492675781
2014-07-21,1973.6300048828125,81.89846,67.18175252278645
2014-07-22,1983.530029296875,83.00221,70.41942596435547
2014-07-23,1987.010009765625,83.88521,71.00809224446614
2014-07-24,1987.97998046875,84.326706,71.67034403483073
2014-07-25,1978.3399658203125,81.2362,69.2420883178711
2014-07-28,1978.9100341796875,81.677704,66.29874928792317
2014-07-29,1969.949951171875,79.028694,61.95732116699219
2014-07-30,1970.0699462890625,78.5872,58.646063486735024
2014-07-31,1930.6700439453125,69.383255,48.907430013020836
2014-08-01,1925.1500244140625,68.94273,40.2749818166097
2014-08-04,1938.989990234375,69.82379,35.09544817606608
2014-08-05,1920.2099609375,66.96035,33.25991249084473
2014-08-06,1920.239990234375,66.29956,32.305433909098305
2014-08-07,1909.5699462890625,62.995594,27.09251085917155
2014-08-08,1931.5899658203125,70.70485,29.148310979207356
2014-08-11,1936.9200439453125,72.46696,33.33333269755045
2014-08-12,1933.75,71.14537,37.81204096476237
2014-08-13,1946.719970703125,72.2467,40.52863438924154
2014-08-14,1955.1800537109375,74.22907,43.61233393351237
2014-08-15,1955.06005859375,73.56828,47.723934173583984
2014-08-18,1971.739990234375,77.53304,53.67107009887695
2014-08-19,1981.5999755859375,80.39648,58.8105723063151
2014-08-20,1986.510009765625,81.277534,65.27165985107422
2014-08-21,1992.3699951171875,82.59912,68.57562510172527
2014-08-22,1988.4000244140625,81.938324,69.01615397135417
2014-08-25,1997.9200439453125,83.70044,69.89720916748047
2014-08-26,2000.02001953125,83.25991,69.16299438476562
2014-08-27,2000.1199951171875,83.48017,70.26431528727214
2014-08-28,1996.739990234375,83.25991,70.33773803710938
2014-08-29,2003.3699951171875,83.92071,72.02643076578777
2014-09-02,2002.280029296875,83.03965,73.6417007446289
2014-09-03,2000.719970703125,82.81938,75.03671010335286
2014-09-04,1997.6500244140625,83.48017,74.52276102701823
2014-09-05,2007.7099609375,84.36123,75.18355560302734
2014-09-08,2001.5400390625,82.15859,74.81644439697266
2014-09-09,1988.43994140625,79.51542,73.71512095133464
2014-09-10,1995.68994140625,80.837006,70.55799865722656
2014-09-11,1997.449951171875,81.71806,69.01615142822266
2014-09-12,1985.5400390625,78.63436,66.00587336222331
2014-09-15,1984.1300048828125,77.7533,63.14243698120117
2014-09-16,1998.97998046875,78.63436,61.60058466593424
2014-09-17,2001.5699462890625,79.95595,62.92217000325521
2014-09-18,2011.3599853515625,81.71806,65.85902913411458
2014-09-19,2010.4000244140625,79.51542,66.37298075358073
2014-09-22,1994.2900390625,75.11013,63.65638860066732
2014-09-23,1982.77001953125,71.36564,57.562408447265625
2014-09-24,1998.300048828125,73.62637,53.77725092569987
2014-09-25,1965.989990234375,66.15385,48.09507751464844
2014-09-26,1982.8499755859375,69.890114,46.73992792765299
2014-09-29,1977.800048828125,69.230774,43.296704610188804
2014-09-30,1972.2900390625,67.25275,43.589744567871094
2014-10-01,1946.1600341796875,62.417583,38.82783953348795
2014-10-02,1946.1700439453125,62.857143,35.01831499735514
2014-10-03,1967.9000244140625,67.25275,37.142857233683266
2014-10-06,1964.8199462890625,65.49451,40.9523811340332
2014-10-07,1935.0999755859375,57.8022,39.120880126953125
2014-10-08,1968.8900146484375,63.956047,38.021979014078774
2014-10-09,1928.2099609375,57.58242,33.69963518778483
2014-10-10,1906.1300048828125,49.67033,32.38095347086588
2014-10-13,1874.739990234375,42.197803,23.882785161336262
2014-10-14,1877.699951171875,42.197803,20.805861790974934
2014-10-15,1862.489990234375,41.0989,18.168498992919922
2014-10-16,1862.760009765625,42.417583,17.80219841003418
2014-10-17,1886.760009765625,46.593407,18.31501833597819
2014-10-20,1904.010009765625,52.19298,23.12769063313802
2014-10-21,1941.280029296875,62.2807,32.83786265055338
2014-10-22,1927.1099853515625,57.675438,38.669589360555015
2014-10-23,1950.8199462890625,63.596493,44.59064229329427
2014-10-24,1964.5799560546875,67.32456,48.684210459391274
2014-10-27,1961.6300048828125,67.10526,54.31286493937174
2014-10-28,1985.050048828125,73.02631,60.89181391398112
2014-10-29,1982.300048828125,71.710526,63.88888931274414
2014-10-30,1994.6500244140625,73.68421,68.49415334065755
2014-10-31,2018.050048828125,77.412285,72.36842091878255
2014-11-03,2017.81005859375,77.631584,76.60818735758464
2014-11-04,2012.0999755859375,76.53509,78.72807057698567
2014-11-05,2023.5699462890625,78.070175,78.58187103271484
2014-11-06,2031.2099609375,80.26315,79.45906575520833
2014-11-07,2031.9200439453125,80.04386,81.7251459757487
2014-11-10,2038.260009765625,80.92105,83.04093424479167
2014-11-11,2039.6800537109375,80.48246,84.2105229695638
2014-11-12,2038.25,80.26315,84.86841837565105
2014-11-13,2039.3299560546875,79.16667,85.0877176920573
2014-11-14,2039.8199462890625,79.38596,85.01461791992188
2014-11-17,2041.3199462890625,80.04386,85.1608174641927
2014-11-18,2051.800048828125,81.35965,86.76900482177734
2014-11-19,2048.719970703125,80.26315,87.35380045572917
2014-11-20,2052.75,81.14035,88.37719217936198
2014-11-21,2063.5,83.55263,89.10818735758464
2014-11-24,2069.409912109375,83.55263,90.49707794189453
2014-11-25,2067.030029296875,84.429825,91.15497334798177
2014-11-26,2072.830078125,83.99123,91.44736989339192
2014-11-28,2067.56005859375,81.57895,90.64327494303386
2014-12-01,2053.43994140625,80.04386,88.59648895263672
2014-12-02,2066.550048828125,80.92105,86.91520436604817
2014-12-03,2074.330078125,83.99123,86.69590759277344
2014-12-04,2071.919921875,83.771935,87.79239908854167
2014-12-05,2075.3701171875,83.99123,88.08479563395183
2014-12-08,2060.31005859375,82.23685,87.35380045572917
2014-12-09,2059.820068359375,82.01754,86.33040873209636
2014-12-10,2026.1400146484375,77.631584,83.33333079020183
2014-12-11,2035.3299560546875,79.16667,81.14034779866536
2014-12-12,2002.3299560546875,74.34211,76.75438435872395
2014-12-15,1989.6300048828125,72.80702,72.14912414550781
2014-12-16,1972.739990234375,70.61404,65.49707667032878
2014-12-17,2012.8900146484375,76.0965,65.49707667032878
2014-12-18,2061.22998046875,80.04386,71.4181276957194
2014-12-19,2070.64990234375,80.92105,79.89765930175781
2014-12-22,2078.5400390625,81.35965,84.79531860351562
2014-12-23,2082.169921875,82.67544,86.18420918782552
2014-12-24,2081.8798828125,82.23685,86.76900736490886
2014-12-26,2088.77001953125,83.33333,87.13450622558594
2014-12-29,2090.570068359375,83.33333,87.35380299886067
2014-12-30,2080.35009765625,82.01754,86.47660827636719
2014-12-31,2058.89990234375,81.35965,83.40643310546875
2015-01-02,2058.199951171875,81.35965,80.11696116129558
2015-01-05,2020.5799560546875,76.97369,70.9064343770345
2015-01-06,2002.6099853515625,73.46491,58.918128967285156
2015-01-07,2025.9000244140625,74.7807,50.95029067993164
2015-01-08,2062.139892578125,78.728065,55.40935516357422
2015-01-09,2044.81005859375,75.8772,61.54970677693685
2015-01-12,2028.260009765625,74.7807,61.54970677693685
2015-01-13,2023.030029296875,73.68421,55.70175552368164
2015-01-14,2011.27001953125,71.929825,51.24269104003906
2015-01-15,1992.6700439453125,68.85965,46.8567263285319
2015-01-16,2019.4200439453125,71.929825,45.760233561197914
2015-01-20,2022.550048828125,71.49123,46.27192942301432
2015-01-21,2032.1199951171875,75.0,50.21929931640625
2015-01-22,2063.14990234375,77.19298,55.4824587504069
2015-01-23,2051.820068359375,75.65789,59.64912414550781
2015-01-26,2057.090087890625,75.8772,63.8888905843099
2015-01-27,2029.550048828125,72.587715,60.08771896362305
2015-01-28,2002.1600341796875,69.51754,55.2631581624349
2015-01-29,2021.25,72.149124,50.877190907796226
2015-01-30,1994.989990234375,68.42105,46.85672378540039
2015-02-02,2020.8499755859375,70.61404,47.149121602376304
2015-02-03,2050.030029296875,75.4386,51.242689768473305
2015-02-04,2041.510009765625,74.1228,57.16374206542969
2015-02-05,2062.52001953125,76.53509,63.961987813313804
2015-02-06,2055.469970703125,77.850876,64.25438690185547
2015-02-09,2046.739990234375,77.19298,64.54678344726562
2015-02-10,2068.590087890625,78.94737,64.54678344726562
2015-02-11,2068.530029296875,79.60526,65.57017517089844
2015-02-12,2088.47998046875,81.79824,70.32164001464844
2015-02-13,2096.989990234375,83.11404,71.85672760009766
2015-02-17,2100.340087890625,83.99123,74.19590759277344
2015-02-18,2099.679931640625,82.89474,75.07309977213542
2015-02-19,2097.449951171875,83.33333,76.02339426676433
2015-02-20,2110.300048828125,84.649124,77.7777811686198
2015-02-23,2109.659912109375,83.771935,78.87427012125652
2015-02-24,2115.47998046875,84.649124,79.89766184488933
2015-02-25,2113.860107421875,84.649124,79.09356689453125
2015-02-26,2110.739990234375,83.55263,77.4122823079427
2015-02-27,2104.5,83.55263,75.58479563395183
2015-03-02,2117.389892578125,83.33333,74.85380299886067
2015-03-03,2107.780029296875,82.67544,74.26900736490886
2015-03-04,2098.530029296875,80.70176,72.73391977945964
2015-03-05,2101.0400390625,80.26315,71.12572987874348
2015-03-06,2071.260009765625,75.65789,67.32456080118816
2015-03-09,2079.429931640625,76.0965,65.57017517089844
2015-03-10,2044.1600341796875,72.368416,58.40643310546875
2015-03-11,2040.239990234375,72.149124,55.2631581624349
2015-03-12,2065.949951171875,75.8772,54.82456080118815
2015-03-13,2053.39990234375,73.9035,57.38304138183594
2015-03-16,2081.18994140625,76.53509,61.69590632120768
2015-03-17,2074.280029296875,75.65789,61.91520436604818
2015-03-18,2099.5,79.16667,66.73976516723633
2015-03-19,2089.27001953125,78.070175,67.90935643513997
2015-03-20,2108.10009765625,80.70176,72.36842091878255
2015-03-23,2104.419921875,80.70176,72.6608174641927
2015-03-24,2091.5,78.94737,72.51461791992188
2015-03-25,2061.050048828125,75.2193,65.13157780965169
2015-03-26,2056.14990234375,72.587715,58.698830922444664
2015-03-27,2061.02001953125,73.24561,54.67836252848307
2015-03-30,2086.239990234375,76.97369,59.283626556396484
2015-03-31,2067.889892578125,74.39825,61.43294143676758
2015-04-01,2059.68994140625,73.085335,60.443461100260414
2015-04-02,2066.9599609375,75.0547,57.257476806640625
2015-04-06,2080.6201171875,76.80525,59.591540018717446
2015-04-07,2076.330078125,75.49234,62.1444206237793
2015-04-08,2081.89990234375,76.148796,63.457330067952476
2015-04-09,2091.179931640625,76.58643,62.509117126464844
2015-04-10,2102.06005859375,77.899345,64.11378606160481
2015-04-13,2092.429931640625,75.92998,63.53027089436849
2015-04-14,2095.840087890625,77.899345,62.07148106892904
2015-04-15,2106.6298828125,79.21226,61.123268127441406
2015-04-16,2104.989990234375,78.336975,61.56090545654297
2015-04-17,2081.179931640625,76.367615,56.60102208455404
2015-04-20,2100.39990234375,78.118164,54.5587158203125
2015-04-21,2097.2900390625,77.46171,52.66229120890299
2015-04-22,2107.9599609375,78.77462,57.62217458089193
2015-04-23,2112.929931640625,80.087524,59.372721354166664
2015-04-24,2117.68994140625,79.431076,60.7585703531901
2015-04-27,2108.919921875,78.336975,59.15390141805013
2015-04-28,2114.760009765625,79.431076,56.6739616394043
2015-04-29,2106.85009765625,79.431076,53.17286682128906
2015-04-30,2085.510009765625,74.17943,48.140045166015625
2015-05-01,2108.2900390625,77.68052,46.68125534057617
2015-05-04,2114.489990234375,79.21226,48.57768249511719
2015-05-05,2089.4599609375,71.99125,49.452955881754555
2015-05-06,2080.14990234375,71.77242,45.87892150878906
2015-05-07,2088.0,71.99125,42.523704528808594
2015-05-08,2116.10009765625,75.71116,47.55652745564779
2015-05-11,2105.330078125,73.52297,52.51641082763672
2015-05-12,2099.1201171875,73.52297,53.97520065307617
2015-05-13,2098.47998046875,73.96062,51.71407699584961
2015-05-14,2121.10009765625,77.68052,54.339898427327476
2015-05-15,2122.72998046875,78.99343,59.22684224446615
2015-05-18,2129.199951171875,80.087524,64.77023951212566
2015-05-19,2127.830078125,79.64989,66.22902933756511
2015-05-20,2125.85009765625,78.77462,67.10430145263672
2015-05-21,2130.820068359375,79.64989,66.73960622151692
2015-05-22,2126.06005859375,78.336975,65.71845372517903
2015-05-26,2104.199951171875,74.39825,60.904449462890625
2015-05-27,2123.47998046875,76.148796,58.9350840250651
2015-05-28,2120.7900390625,76.148796,57.768052419026695
2015-05-29,2107.389892578125,73.52297,57.62217458089193
2015-06-01,2111.72998046875,74.39825,55.79868698120117
2015-06-02,2109.60009765625,72.86652,53.464622497558594
2015-06-03,2114.070068359375,70.897156,54.2669563293457
2015-06-04,2095.840087890625,66.95843,52.0058339436849
2015-06-05,2092.830078125,66.95843,49.67177200317383
2015-06-08,2079.280029296875,65.20788,45.14952596028646
2015-06-09,2080.14990234375,64.77024,42.15900802612305
2015-06-10,2105.199951171875,68.49015,43.39897918701172
2015-06-11,2108.860107421875,69.80306,47.702406565348305
2015-06-12,2094.110107421875,66.52078,51.057621002197266
2015-06-15,2084.429931640625,64.98906,49.08825556437174
2015-06-16,2096.2900390625,66.52078,46.900072733561196
2015-06-17,2100.43994140625,66.95843,46.82713317871094
2015-06-18,2121.239990234375,71.55361,52.37053298950195
2015-06-19,2109.989990234375,68.27133,56.236324310302734
2015-06-22,2122.85009765625,69.80306,61.0503298441569
2015-06-23,2124.199951171875,69.365425,60.83151117960612
2015-06-24,2108.580078125,66.95843,58.05981190999349
2015-06-25,2102.31005859375,65.864334,53.17286809285482
2015-06-26,2101.489990234375,66.95843,49.744712829589844
2015-06-29,2057.639892578125,57.76805,42.66958491007487
2015-06-30,2063.110107421875,57.986874,37.8555793762207
2015-07-01,2077.419921875,61.269146,33.98978805541992
2015-07-02,2076.780029296875,59.956234,36.90736643473307
2015-07-06,2068.760009765625,59.477127,37.8018684387207
2015-07-07,2081.340087890625,63.18083,39.634413401285805
2015-07-08,2046.6800537109375,55.991287,37.69063186645508
2015-07-09,2051.31005859375,56.209152,36.673928578694664
2015-07-10,2076.6201171875,59.912853,37.03703689575195
2015-07-13,2099.60009765625,63.18083,43.86347198486328
2015-07-14,2108.949951171875,65.14161,51.56136703491211
2015-07-15,2107.39990234375,64.70589,54.97458267211914
2015-07-16,2124.2900390625,67.102394,57.806827545166016
2015-07-17,2126.639892578125,63.616554,57.95207087198893
2015-07-20,2128.280029296875,63.398697,59.33188247680664
2015-07-21,2119.2099609375,59.912853,56.427015940348305
2015-07-22,2114.14990234375,60.56645,55.482933044433594
2015-07-23,2102.14990234375,59.347828,52.46897761027018
2015-07-24,2079.64990234375,56.304348,49.38729349772135
2015-07-27,2067.639892578125,54.565216,44.92753601074219
2015-07-28,2093.25,58.26087,44.42028935750326
2015-07-29,2108.570068359375,61.52174,48.91304397583008
2015-07-30,2108.6298828125,61.73913,54.42028935750326
2015-07-31,2103.840087890625,63.91304,57.60869598388672
2015-08-03,2098.0400390625,64.78261,57.60869598388672
2015-08-04,2093.320068359375,62.826084,57.17391459147135
2015-08-05,2099.840087890625,63.04348,57.39130655924479
2015-08-06,2083.56005859375,61.73913,56.59420394897461
2015-08-07,2077.570068359375,63.47826,55.57971064249674
2015-08-10,2104.179931640625,65.21739,56.44927469889323
2015-08-11,2084.070068359375,63.91304,56.666666666666664
2015-08-12,2086.050048828125,64.565216,55.942029317220054
2015-08-13,2083.389892578125,63.695652,53.18840535481771
2015-08-14,2091.5400390625,66.30435,54.20289866129557
2015-08-17,2102.43994140625,67.17391,57.10144933064779
2015-08-18,2096.919921875,64.565216,59.20289866129557
2015-08-19,2079.610107421875,63.91304,57.318841298421226
2015-08-20,2035.72998046875,56.086956,50.434783935546875
2015-08-21,1970.8900146484375,44.130436,38.623190561930336
2015-08-24,1893.2099609375,22.608696,24.057971636454266
2015-08-25,1867.6099853515625,20.434782,12.753623326619467
2015-08-26,1940.510009765625,29.565218,8.913043022155762
2015-08-27,1987.6600341796875,38.695652,13.188405354817709
2015-08-28,1988.8699951171875,37.608696,18.91304302215576
2015-08-31,1972.1800537109375,33.913044,20.36231867472331
2015-09-01,1913.8499755859375,23.47826,15.579710165659586
2015-09-02,1948.8599853515625,30.434782,12.101449489593506
2015-09-03,1951.1300048828125,31.086958,11.449275811513266
2015-09-04,1921.219970703125,26.086956,12.1739133199056
2015-09-08,1969.4100341796875,34.782608,15.072463989257812
2015-09-09,1942.0400390625,30.869564,14.782608350118002
2015-09-10,1952.2900390625,31.52174,17.173912684122723
2015-09-11,1961.050048828125,34.130436,17.463768005371094
2015-09-14,1953.030029296875,32.608696,19.420289993286133
2015-09-15,1978.0899658203125,35.869564,22.753623326619465
2015-09-16,1995.31005859375,37.608696,26.811594009399414
2015-09-17,1990.199951171875,38.260868,31.7391300201416
2015-09-18,1958.030029296875,33.26087,31.7391300201416
2015-09-21,1966.969970703125,35.652172,30.579710006713867
2015-09-22,1942.739990234375,30.652174,25.86956532796224
2015-09-23,1938.760009765625,31.304348,24.492753982543945
2015-09-24,1932.239990234375,30.652174,21.376811345418293
2015-09-25,1931.3399658203125,31.95652,22.028985341389973
2015-09-28,1881.77001953125,24.347826,18.26086934407552
2015-09-29,1884.0899658203125,25.652174,15.362318992614746
2015-09-30,1920.030029296875,30.217392,14.420289675394693
2015-10-01,1923.8199462890625,30.000002,17.82608699798584
2015-10-02,1951.3599853515625,34.782608,23.985507329305012
2015-10-05,1987.050048828125,40.0,32.75362332661947
2015-10-06,1979.9200439453125,38.177876,39.67949231465658
2015-10-07,1995.8299560546875,40.99783,46.23722839355469
2015-10-08,2013.4300537109375,44.034706,50.10846074422201
2015-10-09,2014.8900146484375,43.383945,56.3991330464681
2015-10-12,2017.4599609375,44.685467,60.520606994628906
2015-10-13,2003.68994140625,41.21475,60.0867665608724
2015-10-14,1994.239990234375,39.479393,56.32682545979818
2015-10-15,2023.8599853515625,44.468544,55.892985026041664
2015-10-16,2033.1099853515625,45.986984,57.55603535970052
2015-10-19,2033.6600341796875,45.238094,61.993343353271484
2015-10-20,2030.77001953125,46.103893,64.04140599568684
2015-10-21,2018.93994140625,42.207794,64.2857157389323
2015-10-22,2052.510009765625,47.61905,67.31601842244466
2015-10-23,2075.14990234375,50.432903,70.77921930948894
2015-10-26,2071.179931640625,48.91775,76.04617309570312
2015-10-27,2065.889892578125,47.8355,76.55122375488281
2015-10-28,2090.35009765625,55.84416,77.48917643229167
2015-10-29,2089.409912109375,55.19481,78.21068064371745
2015-10-30,2079.360107421875,52.597404,79.72583262125652
2015-11-02,2104.050048828125,58.00866,79.87013244628906
2015-11-03,2109.7900390625,58.87446,80.3030293782552
2015-11-04,2102.31005859375,57.575756,81.02452850341797
2015-11-05,2099.929931640625,58.00866,80.3030268351237
2015-11-06,2099.199951171875,57.359306,78.28282419840495
2015-11-09,2078.580078125,53.896107,75.54112243652344
2015-11-10,2081.719970703125,53.67965,74.02597045898438
2015-11-11,2075.0,53.896107,73.30447133382161
2015-11-12,2045.969970703125,47.61905,70.77921803792317
2015-11-13,2023.0400390625,43.506493,65.15151341756184
2015-11-16,2053.18994140625,49.35065,62.770562489827476
2015-11-17,2050.43994140625,48.484848,61.83261235555013
2015-11-18,2083.580078125,54.545456,66.52236684163411
2015-11-19,2081.239990234375,54.64363,68.99463653564453
2015-11-20,2089.169921875,58.099354,72.69376881917317
2015-11-23,2086.590087890625,57.667385,73.43412780761719
2015-11-24,2089.139892578125,58.53132,73.2901382446289
2015-11-25,2088.8701171875,58.7473,73.43412780761719
2015-11-27,2090.110107421875,59.39525,73.79409790039062
2015-11-30,2080.409912109375,58.96328,73.72210439046223
2015-12-01,2102.6298828125,61.555077,75.66594950358073
2015-12-02,2079.510009765625,58.53132,74.94600677490234
2015-12-03,2049.6201171875,51.187904,70.05039850870769
2015-12-04,2091.68994140625,58.099354,66.95464452107747
2015-12-07,2077.070068359375,55.291576,64.79481887817383
2015-12-08,2063.590087890625,53.779697,65.08279418945312
2015-12-09,2047.6199951171875,49.24406,59.10727310180664
2015-12-10,2052.22998046875,50.323975,53.27573776245117
2015-12-11,2012.3699951171875,43.41253,44.70842361450195
2015-12-14,2021.93994140625,44.060474,39.23686091105143
2015-12-15,2043.4100341796875,50.755943,38.08495330810547
2015-12-16,2073.070068359375,55.075592,46.65226745605469
2015-12-17,2041.8900146484375,50.755943,50.539956410725914
2015-12-18,2005.550048828125,45.356373,46.00431887308756
2015-12-21,2021.1500244140625,47.300217,38.87689018249512
2015-12-22,2038.969970703125,50.10799,39.09287198384603
2015-12-23,2064.2900390625,54.211662,47.4442024230957
2015-12-24,2060.989990234375,53.99568,53.851688385009766
2015-12-28,2056.5,53.779697,56.155503590901695
2015-12-29,2078.360107421875,57.88337,58.027356465657554
2015-12-30,2063.360107421875,55.72354,58.171346028645836
2015-12-31,2043.93994140625,51.61987,55.07559585571289
2016-01-04,2012.6600341796875,45.572357,44.13246981302897
2016-01-05,2016.7099609375,46.00432,36.57307497660319
2016-01-06,1990.260009765625,39.308853,30.525557200113933
2016-01-07,1943.0899658203125,32.397408,26.421885808308918
2016-01-08,1922.030029296875,26.99784,19.582433064778645
2016-01-11,1923.6700439453125,27.645788,15.47876230875651
2016-01-12,1938.6800537109375,30.453564,15.982721964518229
2016-01-13,1890.280029296875,24.406048,15.766738891601562
2016-01-14,1921.8399658203125,26.99784,15.550755818684896
2016-01-15,1880.3299560546875,22.894169,12.814974784851074
2016-01-19,1881.3299560546875,24.406048,12.670986493428549
2016-01-20,1859.3299560546875,21.598272,10.727142016092936
2016-01-21,1868.989990234375,20.73434,10.58315340677897
2016-01-22,1906.9000244140625,26.781857,11.879049936930338
2016-01-25,1877.0799560546875,24.406048,13.534917513529459
2016-01-26,1903.6300048828125,28.077755,16.630670229593914
2016-01-27,1882.949951171875,26.99784,16.198704719543457
2016-01-28,1893.3599853515625,25.701942,18.142549514770508
2016-01-29,1940.239990234375,34.77322,22.46220334370931
2016-02-01,1939.3800048828125,35.421165,28.509719848632812
2016-02-02,1903.030029296875,30.669546,30.52555783589681
2016-02-03,1912.530029296875,30.453564,30.09359296162923
2016-02-04,1915.449951171875,31.533476,29.301655451456707
2016-02-05,1880.050048828125,26.13391,29.15766716003418
2016-02-08,1853.43994140625,23.326134,26.277896881103516
2016-02-09,1852.2099609375,23.974081,23.7580992380778
2016-02-10,1851.8599853515625,25.26998,23.7580992380778
2016-02-11,1829.0799560546875,22.246222,23.254139582316082
2016-02-12,1864.780029296875,26.781857,24.83801205952962
2016-02-16,1895.5799560546875,29.805616,28.725701649983723
2016-02-17,1926.8199462890625,34.77322,36.7890567779541
2016-02-18,1917.8299560546875,32.829372,42.33261362711588
2016-02-19,1917.780029296875,34.557236,45.788336435953774
2016-02-22,1945.5,39.308853,49.244059244791664
2016-02-23,1921.27001953125,36.50108,50.39596684773763
2016-02-24,1929.800048828125,37.580994,52.69978332519531
2016-02-25,1951.699951171875,40.388767,54.139668782552086
2016-02-26,1948.050048828125,41.2527,58.531317392985024
2016-02-29,1932.22998046875,39.74082,59.9712028503418
2016-03-01,1978.3499755859375,47.73218,64.43484497070312
2016-03-02,1986.449951171875,48.38013,69.47444152832031
2016-03-03,1993.4000244140625,51.835854,77.32181294759114
2016-03-04,1999.989990234375,53.563713,80.63355000813802
2016-03-07,2001.760009765625,55.075592,82.14543151855469
2016-03-08,1979.260009765625,50.323975,79.6256332397461
2016-03-09,1989.260009765625,51.61987,78.11375172932942
2016-03-10,1989.5699462890625,51.835854,77.6097895304362
2016-03-11,2022.18994140625,60.043198,82.86536916097005
2016-03-14,2019.6400146484375,60.043198,86.46508280436198
2016-03-15,2015.9300537109375,57.451405,89.12887064615886
2016-03-16,2027.219970703125,60.043198,89.20086415608723
2016-03-17,2040.5899658203125,62.634987,89.70482381184895
2016-03-18,2049.580078125,64.794815,91.43268585205078
2016-03-21,2051.60009765625,64.14687,92.29661814371745
2016-03-22,2049.800048828125,65.442764,93.44852701822917
2016-03-23,2036.7099609375,60.691143,93.37653350830078
2016-03-24,2035.93994140625,60.907127,93.01656087239583
2016-03-28,2037.050048828125,60.907127,92.29661814371745
2016-03-29,2055.010009765625,63.714905,92.72858174641927
2016-03-30,2063.949951171875,65.87473,94.02447764078777
2016-03-31,2059.739990234375,67.60259,94.88840738932292
2016-04-01,2072.780029296875,68.46652,95.46436055501302
2016-04-04,2066.1298828125,67.60259,95.10439046223958
2016-04-05,2045.1700439453125,62.41901,93.66450500488281
2016-04-06,2066.659912109375,66.522675,93.0885518391927
2016-04-07,2041.9100341796875,63.714905,90.35277048746745
2016-04-08,2047.5999755859375,64.362854,89.41684468587239
2016-04-11,2041.989990234375,63.06695,86.82505289713542
2016-04-12,2061.719970703125,65.87473,87.68898518880208
2016-04-13,2082.419921875,70.62635,89.56083679199219
2016-04-14,2082.780029296875,70.41036,91.14471181233723
2016-04-15,2080.72998046875,71.2743,92.15262858072917
2016-04-18,2094.340087890625,72.35421,92.15262858072917
2016-04-19,2100.800048828125,74.73002,92.65658569335938
2016-04-20,2102.39990234375,77.105835,91.07271321614583
2016-04-21,2091.47998046875,76.457886,86.68106333414714
2016-04-22,2091.580078125,77.753784,82.86536916097005
2016-04-25,2087.7900390625,76.02592,80.27357737223308
2016-04-26,2091.699951171875,79.26566,80.1295903523763
2016-04-27,2095.14990234375,80.99352,80.34557342529297
2016-04-28,2075.81005859375,75.37797,79.40964762369792
2016-04-29,2065.300048828125,72.35421,76.09791310628255
2016-05-02,2081.429931640625,76.02592,74.37005106608073
2016-05-03,2063.3701171875,71.2743,72.35421244303386
2016-05-04,2051.1201171875,67.38661,70.7703374226888
2016-05-05,2050.6298828125,66.73866,65.87472915649414
2016-05-06,2057.139892578125,68.6825,64.50683720906575
2016-05-09,2058.68994140625,69.11447,64.79481633504231
2016-05-10,2084.389892578125,73.8661,68.68250528971355
2016-05-11,2064.4599609375,70.62635,68.25054168701172
2016-05-12,2064.110107421875,69.76242,67.38660939534505
2016-05-13,2046.6099853515625,68.03456,61.33909225463867
2016-05-16,2066.659912109375,69.76242,60.18718338012695
2016-05-17,2047.2099609375,68.25054,56.29949442545573
2016-05-18,2047.6300048828125,69.9784,54.35565058390299
2016-05-19,2040.0400390625,67.81857,48.95608393351237
2016-05-20,2052.320068359375,71.92225,48.7401008605957
2016-05-23,2048.0400390625,69.11447,48.59611256917318
2016-05-24,2076.06005859375,76.02592,54.139668782552086
2016-05-25,2090.5400390625,78.185745,59.395249684651695
2016-05-26,2090.10009765625,77.105835,65.01080067952473
2016-05-27,2099.06005859375,79.913605,67.74657948811848
2016-05-31,2096.949951171875,79.697624,68.97047932942708
2016-06-01,2099.330078125,79.48164,70.91432444254558
2016-06-02,2105.260009765625,80.561554,72.6421890258789
2016-06-03,2099.1298828125,78.185745,73.3621317545573
2016-06-06,2109.409912109375,79.26566,74.0100809733073
2016-06-07,2112.1298828125,80.777534,74.29805755615234
2016-06-08,2119.1201171875,81.64147,76.60187530517578
2016-06-09,2115.47998046875,79.049675,77.17782847086589
2016-06-10,2096.070068359375,75.37797,74.15407053629558
2016-06-13,2079.06005859375,73.43413,67.38661066691081
2016-06-14,2075.320068359375,72.13823,61.19510396321615
2016-06-15,2071.5,72.13823,57.379408518473305
2016-06-16,2077.989990234375,72.13823,56.875448862711586
2016-06-17,2071.219970703125,71.2743,56.58747355143229
2016-06-20,2083.25,73.65011,59.75521977742513
2016-06-21,2088.89990234375,74.29806,62.203023274739586
2016-06-22,2085.449951171875,73.8661,65.08279164632161
2016-06-23,2113.320068359375,77.537796,68.3225326538086
2016-06-24,2037.4100341796875,65.010796,59.3232536315918
2016-06-27,2000.5400390625,58.96328,45.572353998819985
2016-06-28,2036.0899658203125,63.714905,32.82937431335449
2016-06-29,2070.77001953125,67.60259,36.93304634094238
2016-06-30,2098.860107421875,71.49028,49.53203837076823
2016-07-01,2102.949951171875,70.84233,58.81929397583008
2016-07-05,2088.550048828125,67.88793,60.363600413004555
2016-07-06,2099.72998046875,68.31896,60.104017893473305
2016-07-07,2097.89990234375,68.31896,58.692527770996094
2016-07-08,2129.89990234375,73.706894,64.87068939208984
2016-07-11,2137.159912109375,75.0,70.33045832316081
2016-07-12,2152.139892578125,77.155174,77.87356058756511
2016-07-13,2152.429931640625,77.155174,80.74712371826172
2016-07-14,2163.75,78.87931,83.6925277709961
2016-07-15,2161.739990234375,79.52586,84.48276011149089
2016-07-18,2166.889892578125,80.17242,85.63218688964844
2016-07-19,2163.780029296875,79.74138,84.98563639322917
2016-07-20,2173.02001953125,81.465515,84.98563639322917
2016-07-21,2165.169921875,80.38793,84.33908335367839
2016-07-22,2175.030029296875,82.543106,85.0574722290039
2016-07-25,2168.47998046875,82.11207,84.48276011149089
2016-07-26,2169.179931640625,82.75862,84.69827779134114
2016-07-27,2166.580078125,82.97414,82.47126770019531
2016-07-28,2170.06005859375,82.97414,80.89080556233723
2016-07-29,2173.60009765625,81.89655,78.87931060791016
2016-08-01,2170.840087890625,80.81896,77.65804545084636
2016-08-02,2157.030029296875,78.87931,74.64080556233723
2016-08-03,2163.7900390625,81.465515,72.77298990885417
2016-08-04,2164.25,80.17242,71.47988637288411
2016-08-05,2182.8701171875,84.91379,73.7787348429362
2016-08-08,2180.889892578125,85.56035,74.56896464029948
2016-08-09,2181.739990234375,84.48276,75.07183837890625
2016-08-10,2175.489990234375,84.05172,73.4913813273112
2016-08-11,2185.7900390625,85.344826,73.20402526855469
2016-08-12,2184.050048828125,85.344826,73.56321970621745
2016-08-15,2190.14990234375,85.56035,74.49712626139323
2016-08-16,2178.14990234375,84.48276,73.41954040527344
2016-08-17,2182.219970703125,85.16129,72.5777104695638
2016-08-18,2187.02001953125,84.946236,72.02215576171875
2016-08-19,2183.8701171875,85.80645,72.1146952311198
2016-08-22,2182.639892578125,85.80645,72.1146952311198
2016-08-23,2186.89990234375,86.451614,71.61290232340495
2016-08-24,2175.43994140625,86.02151,70.75268809000652
2016-08-25,2172.469970703125,84.946236,69.17562866210938
2016-08-26,2169.0400390625,82.7957,66.52329889933269
2016-08-29,2180.3798828125,84.731186,66.02150853474934
2016-08-30,2176.1201171875,83.870964,65.44802983601888
2016-08-31,2170.949951171875,83.44086,64.9462381998698
2016-09-01,2170.860107421875,83.44086,63.72759882609049
2016-09-02,2179.97998046875,84.731186,64.0860226949056
2016-09-06,2186.47998046875,86.451614,65.37634658813477
2016-09-07,2186.159912109375,85.5914,66.3799311319987
2016-09-08,2181.300048828125,84.731186,64.87455495198567
2016-09-09,2127.81005859375,77.2043,55.98566436767578
2016-09-12,2159.0400390625,82.150536,50.394266764322914
2016-09-13,2127.02001953125,77.41935,42.078853607177734
2016-09-14,2125.77001953125,76.98924,40.430108388264976
2016-09-15,2147.260009765625,78.924736,38.42293930053711
2016-09-16,2139.159912109375,78.70968,39.13978576660156
2016-09-19,2139.1201171875,79.56989,41.64874521891276
2016-09-20,2139.760009765625,77.63441,41.72042973836263
2016-09-21,2163.1201171875,81.07527,47.16845830281576
2016-09-22,2177.179931640625,83.44086,54.336917877197266
2016-09-23,2164.68994140625,80.860214,58.99641545613607
2016-09-26,2146.10009765625,78.924736,57.63440831502279
2016-09-27,2159.929931640625,80.43011,54.910394032796226
2016-09-28,2171.3701171875,82.36559,55.340501149495445
2016-09-29,2151.1298828125,80.21506,53.62007141113281
2016-09-30,2168.27001953125,81.935486,53.4050178527832
2016-10-03,2161.199951171875,80.21506,51.25448099772135
2016-10-04,2150.489990234375,75.48387,51.326165517171226
2016-10-05,2159.72998046875,76.18025,49.99938456217448
2016-10-06,2160.77001953125,76.18025,49.604042053222656
2016-10-07,2153.739990234375,73.39056,49.49928410847982
2016-10-10,2163.659912109375,75.10729,48.9270388285319
2016-10-11,2136.72998046875,69.957085,43.70529429117838
2016-10-12,2139.179931640625,71.67382,40.0572255452474
2016-10-13,2132.550048828125,72.74678,34.04864184061686
2016-10-14,2132.97998046875,70.60086,32.188842137654625
2016-10-17,2126.5,69.52789,30.257511138916016
2016-10-18,2139.60009765625,71.88841,31.11587969462077
2016-10-19,2144.2900390625,71.88841,33.404863357543945
2016-10-20,2141.340087890625,70.60086,35.69384765625
2016-10-21,2141.159912109375,69.74249,36.123032887776695
2016-10-24,2151.330078125,72.53219,36.98140207926432
2016-10-25,2143.159912109375,69.74249,37.19599533081055
2016-10-26,2139.429931640625,67.596565,37.55364863077799
2016-10-27,2133.0400390625,63.51931,34.90701039632162
2016-10-28,2126.409912109375,64.59227,34.12017059326172
2016-10-31,2126.14990234375,67.596565,36.12303161621094
2016-11-01,2111.719970703125,62.526768,36.38587315877279
2016-11-02,2097.93994140625,58.672375,34.29126294453939
2016-11-03,2088.659912109375,58.24411,29.6216983795166
2016-11-04,2085.179931640625,58.24411,27.90863609313965
2016-11-07,2131.52001953125,64.45396,33.54746627807617
2016-11-08,2139.56005859375,66.38116,41.399000803629555
2016-11-09,2163.260009765625,67.02356,50.53533172607422
2016-11-10,2167.47998046875,65.31049,54.461097717285156
2016-11-11,2164.449951171875,65.52463,55.96002705891927
2016-11-14,2164.199951171875,65.31049,56.9593137105306
2016-11-15,2180.389892578125,66.809425,57.95859909057617
2016-11-16,2176.93994140625,66.16702,59.172018686930336
2016-11-17,2187.1201171875,68.73662,60.599571228027344
2016-11-18,2181.89990234375,68.30835,61.09921518961588
2016-11-21,2198.179931640625,70.877945,62.74090067545573
2016-11-22,2202.93994140625,70.66381,64.23982747395833
2016-11-23,2204.719970703125,70.877945,65.73875681559245
2016-11-25,2213.35009765625,72.591,67.66594950358073
2016-11-28,2201.719970703125,70.66381,68.308349609375
2016-11-29,2204.659912109375,71.09207,69.4503911336263
2016-11-30,2198.81005859375,67.02356,67.1663080851237
2016-12-01,2191.080078125,64.23983,63.454672495524086
2016-12-02,2191.949951171875,64.025696,60.02854792277018
2016-12-05,2204.7099609375,65.95289,59.60028330485026
2016-12-06,2212.22998046875,67.665955,62.3126335144043
2016-12-07,2241.35009765625,70.23554,65.88151423136394
2016-12-08,2246.18994140625,72.16274,69.45039367675781
2016-12-09,2259.530029296875,71.94861,72.80514017740886
2016-12-12,2256.9599609375,73.01927,75.51748911539714
2016-12-13,2271.719970703125,74.94647,78.22983805338542
2016-12-14,2253.280029296875,71.734474,77.65881601969402
2016-12-15,2262.030029296875,72.16274,76.58815002441406
2016-12-16,2258.070068359375,72.16274,74.51820119222005
2016-12-19,2262.530029296875,71.94861,75.3747329711914
2016-12-20,2270.760009765625,73.01927,76.30264282226562
2016-12-21,2265.179931640625,71.09207,77.23055013020833
2016-12-22,2260.9599609375,70.021416,76.5167744954427
2016-12-23,2263.7900390625,70.23554,76.37402089436848
2016-12-27,2268.8798828125,70.66381,76.80228424072266
2016-12-28,2249.919921875,68.30835,75.7316182454427
2016-12-29,2249.260009765625,69.80728,74.44681803385417
2016-12-30,2238.830078125,67.665955,71.37758382161458
2017-01-03,2257.830078125,70.23554,73.23340352376302
2017-01-04,2270.75,73.44754,76.7309087117513
2017-01-05,2269.0,73.661674,81.72733815511067
2017-01-06,2276.97998046875,74.5182,84.01141866048177
2017-01-09,2268.89990234375,72.37687,82.86937713623047
2017-01-10,2268.89990234375,73.661674,81.15631612141927
2017-01-11,2275.320068359375,74.089935,80.65667470296223
2017-01-12,2270.43994140625,73.44754,80.51391855875652
2017-01-13,2274.639892578125,74.30407,81.22769419352214
2017-01-17,2267.889892578125,75.803,80.01427459716797
2017-01-18,2271.889892578125,75.803,80.08565266927083
2017-01-19,2263.68994140625,73.661674,77.23054758707683
2017-01-20,2271.31005859375,74.089935,76.37401835123698
2017-01-23,2265.199951171875,73.44754,73.37615712483723
2017-01-24,2280.070068359375,75.803,75.23197682698567
2017-01-25,2298.3701171875,76.65953,77.01641591389973
2017-01-26,2296.679931640625,76.65953,79.44325510660808
2017-01-27,2294.68994140625,74.73233,78.2298355102539
2017-01-30,2280.89990234375,74.5182,74.37544504801433
2017-01-31,2278.8701171875,76.01713,71.30621083577473
2017-02-01,2279.550048828125,73.931625,67.40652338663737
2017-02-02,2280.85009765625,75.8547,65.64755376180013
2017-02-03,2297.419921875,76.92308,66.73789087931316
2017-02-06,2292.56005859375,75.64102,68.87464396158855
2017-02-07,2293.080078125,76.49573,70.72649637858073
2017-02-08,2294.669921875,77.77778,70.08546956380208
2017-02-09,2307.8701171875,80.55556,72.22222137451172
2017-02-10,2316.10009765625,81.83761,75.42735036214192
2017-02-13,2328.25,82.90598,79.7008539835612
2017-02-14,2337.580078125,83.11966,81.83760579427083
2017-02-15,2349.25,84.61539,83.11965433756511
2017-02-16,2347.219970703125,84.40171,82.97720591227214
2017-02-17,2351.159912109375,84.188034,82.76353200276692
2017-02-21,2365.3798828125,87.17949,83.11965942382812
2017-02-22,2362.820068359375,85.68376,82.97720845540364
2017-02-23,2363.81005859375,85.68376,83.11965688069661
2017-02-24,2367.340087890625,87.606834,82.83475494384766
2017-02-27,2369.75,87.393166,83.33333333333333
2017-02-28,2363.639892578125,87.393166,82.9059829711914
2017-03-01,2395.9599609375,88.46153,83.26211039225261
2017-03-02,2381.919921875,87.606834,82.6923090616862
2017-03-03,2383.1201171875,87.606834,82.90598551432292
2017-03-06,2375.31005859375,86.11111,81.1965840657552
2017-03-07,2368.389892578125,85.04273,79.62963104248047
2017-03-08,2362.97998046875,81.62393,77.49287923177083
2017-03-09,2364.8701171875,82.051285,75.14245096842448
2017-03-10,2372.60009765625,82.051285,73.93162536621094
2017-03-13,2373.469970703125,83.11966,73.50427500406902
2017-03-14,2365.449951171875,82.47863,73.64672342936198
2017-03-15,2385.260009765625,85.68376,75.0
2017-03-16,2381.3798828125,84.61539,75.85470072428386
2017-03-17,2378.25,85.68376,77.0655288696289
2017-03-20,2373.469970703125,84.61539,76.06837717692058
2017-03-21,2344.02001953125,81.83761,70.65527089436848
2017-03-22,2348.449951171875,82.26496,66.5242182413737
2017-03-23,2345.9599609375,83.33333,62.46438852945963
2017-03-24,2343.97998046875,83.11966,62.89173889160156
2017-03-27,2341.590087890625,82.69231,61.11111068725586
2017-03-28,2358.570068359375,83.974365,61.1823361714681
2017-03-29,2361.1298828125,84.82906,62.108262379964195
2017-03-30,2368.06005859375,84.40171,64.81481424967448
2017-03-31,2362.719970703125,84.188034,65.74074045817058
2017-04-03,2358.840087890625,83.33333,64.81481424967448
2017-04-04,2360.159912109375,83.33333,63.31908925374349
2017-04-05,2352.949951171875,82.47863,60.612536112467446
2017-04-06,2357.489990234375,83.33333,60.54131189982096
2017-04-07,2355.5400390625,82.90598,59.401710510253906
2017-04-10,2357.159912109375,83.11966,60.18518575032552
2017-04-11,2353.780029296875,83.11966,59.47293472290039
2017-04-12,2344.929931640625,82.90598,56.837607065836586
2017-04-13,2328.949951171875,79.91453,51.2108268737793
2017-04-17,2349.010009765625,81.62393,49.35897572835287
2017-04-18,2342.18994140625,80.128204,49.35897572835287
2017-04-19,2338.169921875,80.769226,51.78062947591146
2017-04-20,2355.840087890625,82.47863,53.56125513712565
2017-04-21,2348.68994140625,82.051285,55.3418820699056
2017-04-24,2374.14990234375,83.547005,60.11396153767904
2017-04-25,2388.610107421875,84.82906,62.60684076944987
2017-04-26,2387.449951171875,84.188034,66.02564493815105
2017-04-27,2388.77001953125,83.547005,67.09401957194011
2017-04-28,2384.199951171875,82.51599,66.05161031087239
2017-05-01,2388.330078125,81.23667,64.44061660766602
2017-05-02,2391.169921875,81.4499,62.89978790283203
2017-05-03,2388.1298828125,80.17058,61.69154485066732
2017-05-04,2389.52001953125,78.46482,61.904762268066406
2017-05-05,2399.2900390625,81.66312,63.11300532023112
2017-05-08,2399.3798828125,81.23667,64.03695678710938
2017-05-09,2396.919921875,81.02345,64.39232381184895
2017-05-10,2399.6298828125,81.4499,63.681592305501304
2017-05-11,2394.43994140625,80.810234,64.25017547607422
2017-05-12,2390.89990234375,80.0,63.35404841105143
2017-05-15,2402.320068359375,81.276596,63.87545394897461
2017-05-16,2400.669921875,79.3617,63.61702092488607
2017-05-17,2357.030029296875,75.53192,60.63829803466797
2017-05-18,2365.719970703125,75.319145,56.170213063557945
2017-05-19,2381.72998046875,78.085106,54.609930674235024
2017-05-22,2394.02001953125,78.93617,58.368796030680336
2017-05-23,2398.419921875,79.57446,62.1985829671224
2017-05-24,2404.389892578125,78.93617,64.60992940266927
2017-05-25,2415.070068359375,79.57446,66.52482350667317
2017-05-26,2415.820068359375,78.93617,68.0851058959961
2017-05-30,2412.909912109375,78.723404,68.86524963378906
2017-05-31,2411.800048828125,78.085106,68.86524963378906
2017-06-01,2430.06005859375,80.6383,70.92198689778645
2017-06-02,2439.070068359375,80.6383,73.54609934488933
2017-06-05,2436.10009765625,79.78724,75.10638173421223
2017-06-06,2429.330078125,79.14893,73.54609934488933
2017-06-07,2433.139892578125,79.57446,71.9148941040039
2017-06-08,2433.7900390625,80.21277,71.77305094401042
2017-06-09,2431.77001953125,80.85107,73.90071105957031
2017-06-12,2429.389892578125,81.702126,76.31205749511719
2017-06-13,2440.35009765625,83.40425,78.93616994222005
2017-06-14,2437.919921875,82.34042,79.36170196533203
2017-06-15,2432.4599609375,81.06383,79.21985880533855
2017-06-16,2433.14990234375,82.55319,77.80141957600911
2017-06-19,2453.4599609375,82.34042,78.58156077067058
2017-06-20,2437.030029296875,81.06383,77.44680786132812
2017-06-21,2435.610107421875,79.57446,75.8156026204427
2017-06-22,2434.5,80.21277,71.9148941040039
2017-06-23,2438.300048828125,80.6383,70.63829803466797
2017-06-26,2439.070068359375,81.702126,71.06383005777995
2017-06-27,2419.3798828125,80.6383,70.49645487467448
2017-06-28,2440.68994140625,82.34042,71.70213063557942
2017-06-29,2419.699951171875,80.42553,68.22695287068684
2017-06-30,2423.409912109375,81.276596,67.87234115600586
2017-07-03,2429.010009765625,82.34042,65.46099217732747
2017-07-05,2432.5400390625,80.85107,66.66666666666667
2017-07-06,2409.75,79.14893,63.47517649332682
2017-07-07,2425.179931640625,79.3617,61.91489283243815
2017-07-10,2427.429931640625,78.93617,60.42552947998047
2017-07-11,2425.530029296875,79.14893,62.76595560709635
2017-07-12,2443.25,80.42553,65.17730331420898
2017-07-13,2447.830078125,81.06383,67.65957387288411
2017-07-14,2459.27001953125,81.06383,71.06383005777995
2017-07-17,2459.139892578125,82.12766,72.62411499023438
2017-07-18,2460.610107421875,81.914894,74.1843973795573
2017-07-19,2473.830078125,82.97873,75.46099344889323
2017-07-20,2473.449951171875,82.97873,75.9574457804362
2017-07-21,2472.5400390625,83.40425,76.1702143351237
2017-07-24,2469.909912109375,81.914894,74.75177256266277
2017-07-25,2477.1298828125,83.61702,73.26241048177083
2017-07-26,2477.830078125,82.97873,71.98581441243489
2017-07-27,2475.419921875,83.61702,70.35461171468098
2017-07-28,2472.10009765625,82.55319,68.72340647379558
2017-07-31,2470.300048828125,82.34042,67.30496724446614
2017-08-01,2476.35009765625,82.55319,66.52482350667317
2017-08-02,2477.570068359375,81.276596,66.0992914835612
2017-08-03,2472.159912109375,80.42553,64.89361572265625
2017-08-04,2476.830078125,80.42553,64.39716084798177
2017-08-07,2480.909912109375,81.276596,64.68084971110027
2017-08-08,2474.919921875,80.42553,64.46808497111003
2017-08-09,2474.02001953125,80.0,63.404256184895836
2017-08-10,2438.2099609375,75.319145,56.737589518229164
2017-08-11,2441.320068359375,75.53192,51.205674489339195
2017-08-14,2465.840087890625,78.723404,49.92907842000326
2017-08-15,2464.610107421875,77.872345,52.9787228902181
2017-08-16,2468.110107421875,77.65958,57.16312026977539
2017-08-17,2430.010009765625,71.702126,53.120567321777344
2017-08-18,2425.550048828125,70.6383,49.36170196533203
2017-08-21,2428.3701171875,70.21276,45.10638173421224
2017-08-22,2452.510009765625,73.19149,47.65957387288412
2017-08-23,2444.0400390625,71.914894,49.503546396891274
2017-08-24,2438.969970703125,72.55319,50.70921961466471
2017-08-25,2443.050048828125,72.76596,49.71631113688151
2017-08-28,2444.239990234375,71.489365,49.29077911376953
2017-08-29,2446.300048828125,70.6383,49.0780143737793
2017-08-30,2457.590087890625,72.127655,50.14184443155924
2017-08-31,2471.64990234375,73.61702,54.68085225423177
2017-09-01,2476.550048828125,75.319145,60.354610443115234
2017-09-05,2457.85009765625,71.914894,61.843973795572914
2017-09-06,2465.5400390625,72.55319,61.56028493245443
2017-09-07,2465.10009765625,71.276596,59.64539082845052
2017-09-08,2461.429931640625,72.34042,60.56737518310547
2017-09-11,2488.110107421875,75.106384,63.40425364176432
2017-09-12,2496.47998046875,76.80851,66.66666666666667
2017-09-13,2498.3701171875,76.80851,69.14893595377605
2017-09-14,2495.6201171875,75.319145,68.43971761067708
2017-09-15,2500.22998046875,76.59575,68.1560287475586
2017-09-18,2503.8701171875,77.23404,69.14893595377605
2017-09-19,2506.64990234375,77.23404,70.85106404622395
2017-09-20,2508.239990234375,78.93617,70.85106404622395
2017-09-21,2500.60009765625,78.510635,69.36170450846355
2017-09-22,2502.219970703125,79.3617,67.09219868977864
2017-09-25,2496.659912109375,79.3617,66.24113464355469
2017-09-26,2496.840087890625,79.14893,66.31205495198567
2017-09-27,2507.0400390625,80.85107,66.59574381510417
2017-09-28,2510.06005859375,80.6383,67.37588755289714
2017-09-29,2519.360107421875,81.702126,68.2978744506836
2017-10-02,2529.1201171875,80.85107,70.0709228515625
2017-10-03,2534.580078125,81.48936,71.91489156087239
2017-10-04,2537.739990234375,82.12766,74.18439483642578
2017-10-05,2552.070068359375,82.76595,76.31205495198567
2017-10-06,2549.330078125,81.914894,77.58865356445312
2017-10-09,2544.72998046875,80.42553,77.65957641601562
2017-10-10,2550.639892578125,81.702126,77.73049926757812
2017-10-11,2555.239990234375,81.914894,78.51064046223958
2017-10-12,2550.929931640625,82.12766,80.35461171468098
2017-10-13,2553.169921875,82.34042,80.92198689778645
2017-10-16,2557.639892578125,82.12766,80.85106404622395
2017-10-17,2559.360107421875,82.97873,80.35460917154948
2017-10-18,2561.260009765625,82.76595,80.28368886311848
2017-10-19,2562.10009765625,82.55319,80.92198689778645
2017-10-20,2575.2099609375,82.76595,81.63120524088542
2017-10-23,2564.97998046875,82.55319,81.56028238932292
2017-10-24,2569.1298828125,81.702126,80.63829549153645
2017-10-25,2557.14990234375,81.06383,77.94326273600261
2017-10-26,2560.39990234375,79.78724,76.0283686319987
2017-10-27,2581.070068359375,79.78724,75.10638427734375
2017-10-30,2572.830078125,79.57446,74.68084971110027
2017-10-31,2575.260009765625,78.297874,74.75177001953125
2017-11-01,2579.360107421875,77.872345,74.04254913330078
2017-11-02,2579.85009765625,77.872345,73.6879399617513
2017-11-03,2587.840087890625,77.23404,73.54609680175781
2017-11-06,2591.1298828125,77.872345,73.19148763020833
2017-11-07,2590.639892578125,77.02128,72.69503529866536
2017-11-08,2594.3798828125,77.44681,71.9148941040039
2017-11-09,2584.6201171875,78.510635,70.63829803466797
2017-11-10,2582.300048828125,77.872345,69.64538828531902
2017-11-13,2584.840087890625,77.44681,69.43262227376302
2017-11-14,2578.8701171875,78.085106,69.29077911376953
2017-11-15,2564.6201171875,76.17021,67.80141830444336
2017-11-16,2585.639892578125,78.085106,66.8794339497884
2017-11-17,2578.85009765625,78.297874,66.45390192667644
2017-11-20,2582.139892578125,78.297874,67.87234242757161
2017-11-21,2599.030029296875,78.93617,68.1560287475586
2017-11-22,2597.080078125,78.297874,68.51063791910808
2017-11-24,2602.419921875,78.510635,68.93616994222005
2017-11-27,2601.419921875,78.085106,68.2978744506836
2017-11-28,2627.0400390625,80.6383,70.35461171468098
2017-11-29,2626.070068359375,80.85107,73.33333587646484
2017-11-30,2647.580078125,82.34042,78.2269515991211
2017-12-01,2642.219970703125,82.76595,80.0709228515625
2017-12-04,2639.43994140625,84.04256,78.86524709065755
2017-12-05,2629.570068359375,83.61702,75.31914774576823
2017-12-06,2629.27001953125,82.97873,71.9858169555664
2017-12-07,2636.97998046875,82.97873,71.56028493245442
2017-12-08,2651.5,83.82979,73.12056986490886
2017-12-11,2659.989990234375,84.25532,75.67375946044922
2017-12-12,2664.110107421875,84.25532,76.38298034667969
2017-12-13,2662.85009765625,84.893616,75.9574483235677
2017-12-14,2652.010009765625,82.97873,72.76596069335938
2017-12-15,2675.81005859375,85.106384,72.97872670491536
2017-12-18,2690.159912109375,85.74468,74.2553202311198
2017-12-19,2681.469970703125,83.82979,76.31205749511719
2017-12-20,2679.25,82.76595,75.53191375732422
2017-12-21,2684.570068359375,83.82979,73.54609934488933
2017-12-22,2683.340087890625,83.82979,72.48226928710938
2017-12-26,2680.5,84.04256,71.48936462402344
2017-12-27,2682.6201171875,84.25532,71.20567576090495
2017-12-28,2687.5400390625,84.893616,71.77305094401042
2017-12-29,2673.610107421875,84.68085,71.8439712524414
2018-01-02,2695.81005859375,83.86412,72.50094095865886
2018-01-03,2713.06005859375,84.28875,74.07688395182292
2018-01-04,2723.989990234375,83.6518,76.50389099121094
2018-01-05,2743.14990234375,83.43949,78.98089090983073
2018-01-08,2747.7099609375,85.56264,80.25477600097656
2018-01-09,2751.2900390625,84.28875,81.59943389892578
2018-01-10,2748.22998046875,82.80254,80.89172108968098
2018-01-11,2767.56005859375,83.6518,80.32555135091145
2018-01-12,2786.239990234375,83.22717,79.8301518758138
2018-01-16,2776.419921875,82.80254,79.75937906901042
2018-01-17,2802.56005859375,84.50106,80.18400573730469
2018-01-18,2798.030029296875,83.01486,80.75017547607422
2018-01-19,2810.300048828125,83.43949,82.16560363769531
2018-01-22,2832.969970703125,85.13801,82.87331899007161
2018-01-23,2839.1298828125,85.56264,83.72257741292317
2018-01-24,2837.5400390625,85.35032,84.28874969482422
2018-01-25,2839.25,85.56264,84.57183583577473
2018-01-26,2872.8701171875,85.77495,84.50106302897136
2018-01-29,2853.530029296875,83.86412,83.29794820149739
2018-01-30,2822.429931640625,83.01486,81.1748046875
2018-01-31,2823.81005859375,83.6518,78.6978047688802
2018-02-01,2821.97998046875,81.95329,76.78697713216145
2018-02-02,2762.1298828125,79.617836,71.90375010172527
2018-02-05,2648.93994140625,70.48832,55.98018455505371
2018-02-06,2695.139892578125,72.823784,44.01981671651205
2018-02-07,2681.659912109375,71.76221,35.173391342163086
2018-02-08,2581.0,59.87261,30.57324981689453
2018-02-09,2619.550048828125,65.180466,23.566879908243816
2018-02-12,2656.0,68.36518,19.95753796895345
2018-02-13,2662.93994140625,70.06369,24.84076436360677
2018-02-14,2698.6298828125,71.5499,32.97947629292806
2018-02-15,2731.199951171875,74.52229,40.97664578755697
2018-02-16,2732.219970703125,74.94692,47.912244160970054
2018-02-20,2716.260009765625,74.097664,48.69072977701823
2018-02-21,2701.330078125,71.76221,46.779900868733726
2018-02-22,2703.9599609375,71.974525,44.58598709106445
2018-02-23,2747.300048828125,74.30998,47.77069981892904
2018-02-26,2779.60009765625,76.85775,53.078556060791016
2018-02-27,2744.280029296875,73.88535,54.91861343383789
2018-02-28,2713.830078125,71.974525,51.2384999593099
2018-03-01,2677.669921875,67.94055,42.39207331339518
2018-03-02,2691.25,69.63906,38.1457888285319
2018-03-05,2720.93994140625,71.12526,38.21656036376953
2018-03-06,2728.1201171875,73.24841,42.60438791910807
2018-03-07,2726.800048828125,72.18684,45.57678731282552
2018-03-08,2738.969970703125,72.611465,47.346073150634766
2018-03-09,2786.570068359375,75.37155,52.01698557535807
2018-03-12,2783.02001953125,76.00849,56.54635492960612
2018-03-13,2765.31005859375,75.37155,59.023353576660156
2018-03-14,2749.47998046875,74.94692,56.687896728515625
2018-03-15,2747.330078125,73.036095,54.49398295084635
2018-03-16,2752.010009765625,74.734604,55.130926767985024
2018-03-19,2712.919921875,72.611465,54.3524424235026
2018-03-20,2716.93994140625,71.5499,54.28167215983073
2018-03-21,2711.929931640625,69.85138,51.52158737182617
2018-03-22,2643.68994140625,64.75584,45.01061757405599
2018-03-23,2588.260009765625,57.112526,34.39490509033203
2018-03-26,2658.550048828125,64.543526,29.157820383707683
2018-03-27,2612.6201171875,61.78344,27.95470682779948
2018-03-28,2605.0,60.721867,30.21939214070638
2018-03-29,2640.8701171875,63.90658,30.714791615804035
2018-04-02,2581.8798828125,54.77707,29.016277313232422
2018-04-03,2614.449951171875,59.023357,29.794762293497723
2018-04-04,2644.68994140625,63.90658,30.5732479095459
2018-04-05,2662.840087890625,65.605095,37.29653231302897
2018-04-06,2604.469970703125,56.900215,36.94267590840658
2018-04-09,2613.159912109375,57.324837,34.536447525024414
2018-04-10,2656.8701171875,64.1189,34.67798932393392
2018-04-11,2642.18994140625,61.57113,38.1457888285319
2018-04-12,2663.989990234375,62.20807,42.6751594543457
2018-04-13,2656.300048828125,61.1465,42.6751594543457
2018-04-16,2677.840087890625,66.87898,47.84147262573242
2018-04-17,2706.389892578125,68.78981,54.35244115193685
2018-04-18,2708.639892578125,69.00212,61.712669372558594
2018-04-19,2693.1298828125,64.75584,62.9157829284668
2018-04-20,2670.139892578125,62.84501,59.023356119791664
2018-04-23,2670.2900390625,63.90658,54.70630009969076
2018-04-24,2634.56005859375,57.961784,49.32767232259115
2018-04-25,2639.39990234375,59.660297,46.213731129964195
2018-04-26,2666.93994140625,61.78344,45.010616302490234
2018-04-27,2669.909912109375,62.84501,47.487616221110024
2018-04-30,2648.050048828125,56.900215,48.54918670654297
2018-05-01,2654.800048828125,58.59873,47.98301442464193
2018-05-02,2635.669921875,55.626328,45.152156829833984
2018-05-03,2629.72998046875,54.352444,43.241329193115234
2018-05-04,2663.419921875,59.660297,43.807501475016274
2018-05-07,2672.6298828125,60.297237,46.77990214029948
2018-05-08,2671.919921875,59.87261,49.823073069254555
2018-05-09,2697.7900390625,62.42038,51.59235763549805
2018-05-10,2723.070068359375,66.45435,55.98018264770508
2018-05-11,2727.719970703125,66.45435,60.50955073038737
2018-05-14,2730.1298828125,65.605095,63.62349319458008
2018-05-15,2711.449951171875,62.632698,61.288038889567055
2018-05-16,2722.4599609375,63.057327,59.87261199951172
2018-05-17,2720.1298828125,63.269638,58.31564076741537
2018-05-18,2712.969970703125,63.694267,58.81104024251302
2018-05-21,2733.010009765625,66.029724,60.580326080322266
2018-05-22,2724.43994140625,64.96815,62.20806884765625
2018-05-23,2733.2900390625,64.75584,64.54352315266927
2018-05-24,2727.760009765625,64.75584,64.54352315266927
2018-05-25,2721.330078125,65.180466,64.40198008219402
2018-05-29,2689.860107421875,60.721867,61.42958323160807
2018-05-30,2724.010009765625,65.81741,61.99575551350912
2018-05-31,2705.27001953125,60.93418,60.014156341552734
2018-06-01,2734.6201171875,63.057327,62.703469594319664
2018-06-04,2746.8701171875,64.543526,61.99575424194336
2018-06-05,2748.800048828125,64.96815,64.47275288899739
2018-06-06,2772.35009765625,67.72824,66.5251235961914
2018-06-07,2770.3701171875,68.57749,68.78980763753255
2018-06-08,2779.030029296875,69.21444,71.62066396077473
2018-06-11,2782.0,70.48832,73.31917826334636
2018-06-12,2786.85009765625,70.48832,74.73460642496745
2018-06-13,2775.6298828125,67.51592,73.95612080891927
2018-06-14,2782.489990234375,67.72824,73.10686492919922
2018-06-15,2779.659912109375,66.87898,71.83297983805339
2018-06-18,2773.75,66.87898,71.1252670288086
2018-06-19,2762.590087890625,63.90658,69.56829579671223
2018-06-20,2767.320068359375,64.33121,68.43595377604167
2018-06-21,2749.760009765625,63.48195,65.88818359375
2018-06-22,2754.8798828125,64.1189,64.8266092936198
2018-06-25,2717.070068359375,61.1465,60.6510976155599
2018-06-26,2723.06005859375,60.721867,58.8818105061849
2018-06-27,2699.6298828125,58.59873,53.432413736979164
2018-06-28,2716.31005859375,58.1741,52.72469711303711
2018-06-29,2718.3701171875,58.59873,51.875439961751304
2018-07-02,2726.7099609375,60.084927,53.85703913370768
2018-07-03,2713.219970703125,58.59873,53.57395553588867
2018-07-05,2736.610107421875,61.1465,54.98938496907552
2018-07-06,2759.820068359375,64.33121,56.970985412597656
2018-07-09,2784.169921875,64.96815,62.77423985799154
2018-07-10,2793.840087890625,67.09129,67.58669662475586
2018-07-11,2774.02001953125,64.543526,68.43595377604167
2018-07-12,2798.2900390625,66.24204,67.94055430094402
2018-07-13,2801.31005859375,65.39278,66.87898254394531
2018-07-16,2798.429931640625,65.605095,67.94055430094402
2018-07-17,2809.550048828125,67.72824,68.43595377604167
2018-07-18,2815.6201171875,68.36518,69.42675272623698
2018-07-19,2804.489990234375,68.78981,70.77140808105469
2018-07-20,2801.830078125,65.605095,70.27600860595703
2018-07-23,2806.97998046875,64.1189,68.71903737386067
2018-07-24,2820.39990234375,65.605095,67.44515228271484
2018-07-25,2846.070068359375,68.220345,67.60873413085938
2018-07-26,2837.43994140625,69.067795,70.03280385335286
2018-07-27,2818.820068359375,68.64407,70.2683588663737
2018-07-30,2802.60009765625,67.37288,67.86723073323567
2018-07-31,2816.2900390625,71.39831,64.47740173339844
2018-08-01,2813.360107421875,69.49152,63.064971923828125
2018-08-02,2827.219970703125,69.97886,64.78332773844402
2018-08-03,2840.35009765625,71.67019,65.93581644694011
2018-08-06,2850.39990234375,71.88161,68.42847188313802
2018-08-07,2858.449951171875,72.30444,71.38830312093098
2018-08-08,2857.699951171875,71.67019,73.15010579427083
2018-08-09,2853.580078125,71.03594,73.99577077229817
2018-08-10,2833.280029296875,69.34461,71.10641225179036
2018-08-13,2821.929931640625,68.49895,68.0056381225586
2018-08-14,2839.9599609375,69.97886,66.31430562337239
2018-08-15,2818.3701171875,68.28753,64.62297439575195
2018-08-16,2840.68994140625,70.61311,65.68005752563477
2018-08-17,2850.1298828125,70.61311,66.31430689493816
2018-08-20,2857.050048828125,71.45878,69.34460957845052
2018-08-21,2862.9599609375,71.67019,71.74066162109375
2018-08-22,2861.820068359375,71.24736,73.07963307698567
2018-08-23,2856.97998046875,69.97886,73.15010579427083
2018-08-24,2874.68994140625,71.03594,72.93869018554688
2018-08-27,2896.739990234375,73.36152,74.55954996744792
2018-08-28,2897.52001953125,73.36152,76.81465911865234
2018-08-29,2914.0400390625,74.84144,79.06976826985677
2018-08-30,2901.1298828125,72.515854,77.73079681396484
2018-08-31,2901.52001953125,72.72727,76.88512929280598
2018-09-04,2896.719970703125,71.67019,74.34813181559245
2018-09-05,2888.60009765625,71.88161,74.34813181559245
2018-09-06,2878.050048828125,70.824524,73.43199412027995
2018-09-07,2871.679931640625,70.824524,73.00916035970052
2018-09-10,2877.1298828125,70.19028,72.65679931640625
2018-09-11,2887.889892578125,69.97886,72.5863265991211
2018-09-12,2888.919921875,69.97886,72.93868764241536
2018-09-13,2904.179931640625,71.88161,73.15010325113933
2018-09-14,2904.97998046875,72.093025,73.71387990315755
2018-09-17,2888.800048828125,71.24736,73.29104868570964
2018-09-18,2904.31005859375,73.995766,72.37491353352864
2018-09-19,2907.949951171875,74.84144,71.5292485555013
2018-09-20,2930.75,77.167015,72.7272720336914
2018-09-21,2929.669921875,76.955605,74.20718638102214
2018-09-24,2919.3701171875,74.207184,72.7272720336914
2018-09-25,2915.56005859375,72.30444,68.85130437215169
2018-09-26,2905.969970703125,68.49895,63.14305877685547
2018-09-27,2914.0,68.921776,60.2536989847819
2018-09-28,2913.97998046875,69.55603,59.3375612894694
2018-10-01,2924.590087890625,69.97886,59.76039505004883
2018-10-02,2923.429931640625,69.76744,59.90134048461914
2018-10-03,2925.510009765625,70.401695,58.421424865722656
2018-10-04,2901.610107421875,69.34461,55.25017801920573
2018-10-05,2885.570068359375,66.80761,52.00845718383789
2018-10-08,2884.429931640625,68.49895,49.400986989339195
2018-10-09,2880.340087890625,66.38478,47.92107009887695
2018-10-10,2785.679931640625,54.756874,38.900634129842125
2018-10-11,2728.3701171875,44.397465,26.14517307281494
2018-10-12,2767.1298828125,49.89429,15.081043561299643
2018-10-15,2750.7900390625,49.682877,12.050740242004395
2018-10-16,2809.919921875,56.448204,17.61804135640462
2018-10-17,2809.2099609375,56.025368,21.846371332804363
2018-10-18,2768.780029296875,52.008457,24.947146733601887
2018-10-19,2767.780029296875,51.162792,23.467231114705402
2018-10-22,2755.8798828125,50.10571,21.353066126505535
2018-10-23,2740.68994140625,47.56871,19.661734263102215
2018-10-24,2656.10009765625,38.900635,16.913319905598957
2018-10-25,2705.570068359375,42.70613,16.208598454793293
2018-10-26,2658.68994140625,39.7463,14.023961067199707
2018-10-29,2641.25,38.054966,14.587738037109375
2018-10-30,2682.6298828125,43.551796,15.362931569417318
2018-10-31,2711.739990234375,46.088795,18.7455956141154
2018-11-01,2740.3701171875,48.837208,21.775898615519207
2018-11-02,2723.06005859375,48.202957,22.621564229329426
2018-11-05,2738.31005859375,48.837208,24.94714609781901
2018-11-06,2755.449951171875,51.162792,28.470754623413086
2018-11-07,2813.889892578125,56.236786,37.843552907307945
2018-11-08,2806.830078125,56.87104,46.018323262532554
2018-11-09,2781.010009765625,54.545456,49.75334803263346
2018-11-12,2726.219970703125,48.625793,45.24312845865885
2018-11-13,2722.179931640625,48.202957,40.31007639567057
2018-11-14,2701.580078125,45.665962,36.01127370198568
2018-11-15,2730.199951171875,49.47146,36.50457890828451
2018-11-16,2736.27001953125,50.528545,38.1959114074707
2018-11-19,2690.72998046875,45.87738,38.90063349405924
2018-11-20,2641.889892578125,39.534885,35.799859364827476
2018-11-21,2649.929931640625,40.38055,31.571530024210613
2018-11-23,2632.56005859375,41.437634,29.809725443522137
2018-11-26,2673.449951171875,46.088795,32.55813852945963
2018-11-27,2682.169921875,44.397465,35.23607953389486
2018-11-28,2743.7900390625,52.642708,42.565185546875
2018-11-29,2737.800048828125,51.585625,47.28682200113932
2018-11-30,2760.169921875,53.488373,53.9816780090332
2018-12-03,2790.3701171875,56.448204,58.914730072021484
2018-12-04,2700.06005859375,45.03171,55.6730105082194
2018-12-06,2695.949951171875,43.763214,50.528542836507164
2018-12-07,2633.080078125,38.607594,37.26029841105143
2018-12-10,2637.719970703125,39.873417,33.293042500813804
2018-12-11,2636.780029296875,39.029537,29.60618845621745
2018-12-12,2651.070068359375,40.928272,32.63009897867838
2018-12-13,2650.5400390625,39.873417,34.03656895955404
2018-12-14,2599.949951171875,36.07595,32.34880574544271
2018-12-17,2545.93994140625,28.902954,25.527427037556965
2018-12-18,2546.159912109375,28.902954,19.338959376017254
2018-12-19,2506.9599609375,25.316456,14.908579508463541
2018-12-20,2467.419921875,19.620253,12.658227602640787
2018-12-21,2416.6201171875,17.088608,9.845288276672363
2018-12-24,2351.10009765625,10.970465,5.907172838846843
2018-12-26,2467.699951171875,18.14346,4.50070317586263
2018-12-27,2488.830078125,21.94093,5.485232035319011
2018-12-28,2485.739990234375,21.729958,8.157524426778158
2018-12-31,2506.85009765625,24.050634,11.04078737894694
2019-01-02,2510.030029296875,19.620253,10.829816818237305
2019-01-03,2447.889892578125,16.033754,9.142053286234537
2019-01-04,2531.93994140625,23.628693,9.56399408976237
2019-01-07,2549.68994140625,25.949368,13.220815658569336
2019-01-08,2574.409912109375,29.746836,21.44866371154785
2019-01-09,2584.9599609375,31.645569,27.918424606323242
2019-01-10,2596.639892578125,33.755276,35.935302098592125
2019-01-11,2596.260009765625,33.966244,40.43600591023763
2019-01-14,2582.610107421875,31.85654,41.91279983520508
2019-01-15,2610.300048828125,34.599155,42.68635813395182
2019-01-16,2616.10009765625,36.07595,44.444445292154946
2019-01-17,2635.9599609375,39.240505,50.84388224283854
2019-01-18,2670.7099609375,44.936707,59.845289866129555
2019-01-22,2632.89990234375,39.029537,65.18987401326497
2019-01-23,2638.699951171875,40.08439,67.44022623697917
2019-01-24,2642.330078125,40.7173,65.96343231201172
2019-01-25,2664.760009765625,44.72574,69.69057718912761
2019-01-28,2643.85009765625,43.037975,72.08157602945964
2019-01-29,2640.0,42.827003,73.69901529947917
2019-01-30,2681.050048828125,48.312233,75.80872090657552
2019-01-31,2704.10009765625,49.78903,80.30942281087239
2019-02-01,2706.530029296875,51.476795,85.02109781901042
2019-02-04,2724.8701171875,54.852318,87.76371256510417
2019-02-05,2737.699951171875,58.227848,89.17018127441406
2019-02-06,2731.610107421875,58.64979,89.45147450764973
2019-02-07,2706.050048828125,54.64135,88.04500579833984
2019-02-08,2707.8798828125,55.06329,86.49789174397786
2019-02-11,2709.800048828125,55.6962,85.44303894042969
2019-02-12,2744.72998046875,61.814342,87.20112609863281
2019-02-13,2753.030029296875,63.92405,89.66244761149089
2019-02-14,2745.72998046875,62.447254,91.70182800292969
2019-02-15,2775.60009765625,66.87764,92.9676513671875
2019-02-19,2779.760009765625,67.29958,93.6005630493164
2019-02-20,2784.699951171875,69.40928,94.86638895670573
2019-02-21,2774.8798828125,67.93249,94.72574106852214
2019-02-22,2792.669921875,68.77637,95.07735951741536
2019-02-25,2796.110107421875,68.5654,94.86638895670573
2019-02-26,2793.89990234375,68.143456,94.93671417236328
2019-02-27,2792.3798828125,68.5654,94.51477305094402
2019-02-28,2784.489990234375,68.5654,93.8818588256836
2019-03-01,2803.68994140625,68.77637,93.67088572184245
2019-03-04,2792.81005859375,67.93249,93.24894205729167
2019-03-05,2789.64990234375,67.08861,92.75667826334636
2019-03-06,2771.449951171875,64.76793,90.78762308756511
2019-03-07,2748.929931640625,62.447254,87.9746831258138
2019-03-08,2743.070068359375,61.814342,84.03656768798828
2019-03-11,2783.300048828125,65.822784,83.54430135091145
2019-03-12,2791.52001953125,65.26316,84.18668874104817
2019-03-13,2810.919921875,65.7563,87.01617685953777
2019-03-14,2808.47998046875,65.54622,87.03538513183594
2019-03-15,2822.47998046875,66.59664,86.41456858317058
2019-03-18,2832.93994140625,68.90756,85.15406290690105
2019-03-19,2832.570068359375,67.01681,84.31372578938802
2019-03-20,2824.22998046875,64.15094,82.15812428792317
2019-03-21,2854.8798828125,68.7631,81.40029398600261
2019-03-22,2800.7099609375,62.26415,76.72955576578777
2019-03-25,2798.360107421875,62.473793,73.72466532389323
2019-03-26,2818.4599609375,64.57023,70.37036895751953
2019-03-27,2805.3701171875,63.73166,70.23060607910156
2019-03-28,2815.43994140625,64.57023,70.85953776041667
2019-03-29,2834.39990234375,67.08595,72.18728129069011
2019-04-01,2867.18994140625,72.74633,76.79944101969402
2019-04-02,2867.239990234375,72.74633,80.64290618896484
2019-04-03,2873.39990234375,73.16562,82.52969868977864
2019-04-04,2879.389892578125,74.00419,82.38993581136067
2019-04-05,2892.739990234375,76.10063,83.50803629557292
2019-04-08,2895.77001953125,76.31027,84.48637390136719
2019-04-09,2878.199951171875,74.00419,83.92732747395833
2019-04-10,2888.2099609375,75.4717,82.94898986816406
2019-04-11,2888.320068359375,76.51992,82.45981852213542
2019-04-12,2907.409912109375,78.19706,83.71767934163411
2019-04-15,2905.580078125,76.72956,83.71767934163411
2019-04-16,2907.06005859375,76.72956,82.32005564371745
2019-04-17,2900.449951171875,75.4717,78.33682505289714
2019-04-18,2905.030029296875,77.14885,74.9126459757487
2019-04-22,2907.969970703125,76.31027,72.32704416910808
2019-04-23,2933.679931640625,78.61635,73.58490753173828
2019-04-24,2927.25,78.61635,75.12229410807292
2019-04-25,2926.169921875,76.9392,76.03074645996094
2019-04-26,2939.8798828125,76.72956,75.3319320678711
2019-04-29,2943.030029296875,77.35849,74.42347462972005
2019-04-30,2945.830078125,77.98742,75.5415751139323
2019-05-01,2923.72998046875,76.10063,74.56324005126953
2019-05-02,2917.52001953125,75.262054,73.44514465332031
2019-05-03,2945.639892578125,77.56813,73.51502482096355
2019-05-06,2932.469970703125,76.51992,74.35359954833984
2019-05-07,2884.050048828125,74.63312,70.44024912516277
2019-05-08,2879.419921875,73.16562,64.0111796061198
2019-05-09,2870.719970703125,72.95597,57.931514739990234
2019-05-10,2881.39990234375,72.17573,58.37814076741537
2019-05-13,2811.8701171875,64.01674,53.037638346354164
2019-05-14,2834.409912109375,67.154816,50.90655390421549
2019-05-15,2850.9599609375,67.99163,47.00139490763346
2019-05-16,2876.320068359375,67.99163,51.46443557739258
2019-05-17,2859.530029296875,66.52719,52.370992024739586
2019-05-20,2840.22998046875,65.69038,51.53417078653971
2019-05-21,2864.360107421875,68.41004,51.1157595316569
2019-05-22,2856.27001953125,66.94561,51.18549346923828
2019-05-23,2822.239990234375,64.225945,50.83681869506836
2019-05-24,2826.06005859375,64.926926,48.502516428629555
2019-05-28,2802.389892578125,61.795406,44.84732437133789
2019-05-29,2783.02001953125,60.125263,41.5448849995931
2019-05-30,2788.860107421875,60.751564,38.343771616617836
2019-05-31,2752.06005859375,57.202507,35.76896286010742
2019-06-03,2744.449951171875,59.290188,35.28183619181315
2019-06-04,2803.27001953125,64.50939,37.578286488850914
2019-06-05,2826.14990234375,66.80585,43.70215733846029
2019-06-06,2843.489990234375,66.80585,50.45233154296875
2019-06-07,2873.340087890625,68.05846,55.11482238769531
2019-06-10,2886.72998046875,69.93737,57.62004089355469
2019-06-11,2885.719970703125,69.93737,59.63813400268555
2019-06-12,2879.840087890625,68.333336,59.59739685058594
2019-06-13,2891.639892578125,70.0,61.15315500895182
2019-06-14,2886.97998046875,67.70833,61.458333333333336
2019-06-17,2889.669921875,69.166664,61.944445292154946
2019-06-18,2917.75,72.91667,62.98611195882162
2019-06-19,2926.4599609375,73.75,65.27777989705403
2019-06-20,2954.179931640625,76.458336,70.20833333333333
2019-06-21,2950.4599609375,75.625,72.15277862548828
2019-06-24,2945.35009765625,75.416664,72.29166666666667
2019-06-25,2917.3798828125,73.75,69.375
2019-06-26,2913.780029296875,72.5,67.08333333333333
2019-06-27,2924.919921875,75.625,67.98611195882161
2019-06-28,2941.760009765625,78.958336,71.73611195882161
2019-07-01,2964.330078125,80.0,76.59722137451172
2019-07-02,2973.010009765625,79.375,79.58333079020183
2019-07-03,2995.820068359375,81.041664,82.56944274902344
2019-07-05,2990.409912109375,80.833336,84.02777862548828
2019-07-08,2975.949951171875,79.583336,84.37500254313152
2019-07-09,2979.6298828125,80.0,82.63889058430989
2019-07-10,2993.070068359375,80.0,81.66666666666667
2019-07-11,2999.909912109375,80.625,82.43055470784505
2019-07-12,3013.77001953125,82.29167,84.79166666666667
2019-07-15,3014.300048828125,81.041664,86.31944529215495
2019-07-16,3004.0400390625,82.083336,86.66666666666667
2019-07-17,2984.419921875,80.20833,84.09722137451172
2019-07-18,2995.110107421875,79.583336,82.15277608235677
2019-07-19,2976.610107421875,78.958336,80.06944274902344
2019-07-22,2985.030029296875,78.958336,79.375
2019-07-23,3005.469970703125,81.041664,78.88888804117839
2019-07-24,3019.56005859375,82.708336,79.72222137451172
2019-07-25,3003.669921875,80.833336,79.16666412353516
2019-07-26,3025.860107421875,81.041664,78.88888804117839
2019-07-29,3020.969970703125,80.20833,77.63888804117839
2019-07-30,3013.179931640625,80.0,77.63888804117839
2019-07-31,2980.3798828125,78.75,74.23610941569011
2019-08-01,2953.56005859375,75.625,68.47222264607747
2019-08-02,2932.050048828125,72.5,60.208334604899086
2019-08-05,2844.739990234375,64.58333,46.87500127156576
2019-08-06,2881.77001953125,66.66667,39.51388931274414
2019-08-07,2883.97998046875,66.66667,35.625
2019-08-08,2938.090087890625,70.83333,44.51388931274414
2019-08-09,2918.64990234375,67.70833,47.777777353922524
2019-08-12,2882.699951171875,65.0,47.98611068725586
2019-08-13,2926.320068359375,67.291664,44.652777353922524
2019-08-14,2840.60009765625,61.458332,39.027777989705406
2019-08-15,2847.60009765625,60.416668,36.736111323038735
2019-08-16,2888.679931640625,63.541668,35.69444465637207
2019-08-19,2923.64990234375,65.833336,41.875
2019-08-20,2900.510009765625,63.958336,45.625
2019-08-21,2924.429931640625,65.208336,47.98611068725586
2019-08-22,2922.949951171875,66.458336,47.98611068725586
2019-08-23,2847.110107421875,59.375,44.583333333333336
2019-08-26,2878.3798828125,62.083332,41.597222646077476
2019-08-27,2869.159912109375,59.791668,38.194445292154946
2019-08-28,2887.93994140625,61.041664,40.416666666666664
2019-08-29,2924.580078125,65.416664,43.055554707845054
2019-08-30,2926.4599609375,66.25,46.666665395100914
2019-09-03,2906.27001953125,62.291664,47.777777353922524
2019-09-04,2937.780029296875,65.208336,48.26388931274414
2019-09-05,2976.0,71.875,52.15277862548828
2019-09-06,2978.7099609375,71.666664,58.1944465637207
2019-09-09,2978.429931640625,73.333336,62.63889185587565
2019-09-10,2979.389892578125,76.458336,63.125003814697266
2019-09-11,3000.929931640625,79.16667,64.37500254313152
2019-09-12,3009.570068359375,78.75,66.66666793823242
2019-09-13,3007.389892578125,79.16667,68.75
2019-09-16,2997.9599609375,80.625,69.93055470784505
2019-09-17,3005.699951171875,78.333336,71.59722137451172
2019-09-18,3006.72998046875,77.916664,73.68055470784505
2019-09-19,3006.7900390625,77.33888,74.87915802001953
2019-09-20,2992.070068359375,76.92308,73.78768157958984
2019-09-23,2991.780029296875,75.675674,72.14137268066406
2019-09-24,2966.60009765625,72.97297,68.95357004801433
2019-09-25,2984.8701171875,74.42827,67.63686879475911
2019-09-26,2977.6201171875,73.80457,66.32016499837239
2019-09-27,2961.7900390625,72.97297,65.14206314086914
2019-09-30,2976.739990234375,74.22037,64.37976201375325
2019-10-01,2940.25,69.230774,58.35065841674805
2019-10-02,2887.610107421875,63.617462,49.27234903971354
2019-10-03,2910.6298828125,64.65697,40.88704045613607
2019-10-04,2952.010009765625,67.98337,42.134440104166664
2019-10-07,2938.7900390625,66.94386,46.91614532470703
2019-10-08,2893.06005859375,59.04366,44.074843088785805
2019-10-09,2919.39990234375,61.12266,39.916839599609375
2019-10-10,2938.1298828125,64.65697,39.63963953653971
2019-10-11,2970.27001953125,68.39917,49.54955037434896
2019-10-14,2966.14990234375,68.39917,55.09355672200521
2019-10-15,2995.679931640625,70.68607,60.291062672932945
2019-10-16,2989.68994140625,71.10187,60.152462005615234
2019-10-17,2997.949951171875,71.30977,62.37006505330404
2019-10-18,2986.199951171875,70.893974,61.469164530436196
2019-10-21,3006.719970703125,71.51767,62.92446517944336
2019-10-22,2995.989990234375,72.14137,62.43936284383138
2019-10-23,3004.52001953125,72.97297,63.54816182454427
2019-10-24,3010.2900390625,72.76507,63.40956115722656
2019-10-25,3022.550048828125,73.38877,64.31046295166016
2019-10-28,3039.419921875,73.59667,64.44906361897786
2019-10-29,3036.889892578125,74.012474,65.41926574707031
2019-10-30,3046.77001953125,73.80457,66.80526733398438
2019-10-31,3037.56005859375,72.557175,66.94386800130208
2019-11-01,3066.909912109375,75.883575,67.29036966959636
2019-11-04,3078.27001953125,76.92308,67.01316833496094
2019-11-05,3074.6201171875,75.675674,67.70616912841797
2019-11-06,3076.780029296875,76.29938,67.22106679280598
2019-11-07,3085.179931640625,76.50728,66.25086466471355
2019-11-08,3093.080078125,75.883575,66.04296366373698
2019-11-11,3087.010009765625,76.09148,65.4192632039388
2019-11-12,3091.840087890625,76.09148,65.55786387125652
2019-11-13,3094.0400390625,76.09148,65.83506266276042
2019-11-14,3096.6298828125,76.09148,67.01316579182942
2019-11-15,3120.4599609375,78.17048,69.4386698404948
2019-11-18,3122.030029296875,77.96258,71.03257242838542
2019-11-19,3120.179931640625,78.58628,71.65627034505208
2019-11-20,3108.4599609375,77.33888,71.0325698852539
2019-11-21,3103.5400390625,78.17048,69.78516896565755
2019-11-22,3110.2900390625,77.546776,69.16147104899089
2019-11-25,3133.639892578125,78.37838,69.4386698404948
2019-11-26,3140.52001953125,79.002075,71.37907155354817
2019-11-27,3153.6298828125,80.24948,73.45807139078777
2019-11-29,3140.97998046875,78.17048,74.35897064208984
2019-12-02,3113.8701171875,75.25987,72.62646993001302
2019-12-03,3093.199951171875,72.97297,69.36936696370442
2019-12-04,3112.760009765625,74.84407,67.63686879475911
2019-12-05,3117.429931640625,76.29938,67.77546946207683
2019-12-06,3145.909912109375,78.37838,70.27027130126953
2019-12-09,3135.9599609375,77.75468,71.24047088623047
2019-12-10,3132.52001953125,76.09148,71.58697001139323
2019-12-11,3141.6298828125,76.50728,70.40886942545573
2019-12-12,3168.570068359375,78.79418,71.24046834309895
2019-12-13,3168.800048828125,78.58628,72.69577026367188
2019-12-16,3191.449951171875,80.45738,74.98267364501953
2019-12-17,3192.52001953125,79.62578,76.29937744140625
2019-12-18,3191.139892578125,80.24948,77.47747802734375
2019-12-19,3205.3701171875,81.49688,78.58627827962239
2019-12-20,3221.219970703125,82.744286,79.69507853190105
2019-12-23,3224.010009765625,82.744286,80.87317911783855
2019-12-24,3223.3798828125,83.36799,81.15037790934245
2019-12-26,3239.909912109375,83.36799,81.2196782430013
2019-12-27,3240.02001953125,83.57589,81.63548024495442
2019-12-30,3221.2900390625,82.536385,81.63548024495442
2019-12-31,3230.780029296875,83.16009,81.2196782430013
2020-01-02,3257.85009765625,84.199585,80.59597778320312
2020-01-03,3234.85009765625,83.16009,79.90297953287761
2020-01-06,3246.280029296875,83.36799,78.79418182373047
2020-01-07,3237.179931640625,82.12058,76.43797810872395
2020-01-08,3253.050048828125,82.95219,75.67567698160808
2020-01-09,3274.699951171875,85.44698,76.29937489827473
2020-01-10,3265.35009765625,84.61539,77.6853764851888
2020-01-13,3288.1298828125,86.07069,79.07137807210286
2020-01-14,3283.14990234375,86.69439,79.07137807210286
2020-01-15,3289.2900390625,87.318085,79.48718007405598
2020-01-16,3316.81005859375,88.773384,80.8038813273112
2020-01-17,3329.6201171875,88.981285,82.95218404134114
2020-01-21,3320.7900390625,87.11018,83.85308329264323
2020-01-22,3321.75,87.11018,82.25918070475261
2020-01-23,3325.5400390625,87.11018,80.11087799072266
2020-01-24,3295.469970703125,84.407486,76.6458740234375
2020-01-27,3243.6298828125,78.79418,70.06236902872722
2020-01-28,3276.239990234375,81.91268,65.00346501668294
2020-01-29,3273.39990234375,79.62578,61.81566365559896
2020-01-30,3283.659912109375,79.83368,62.9937629699707
2020-01-31,3225.52001953125,74.42827,58.62785720825195
2020-02-03,3248.919921875,75.675674,56.41025416056315
2020-02-04,3297.590087890625,79.62578,56.340956370035805
2020-02-05,3334.68994140625,83.57589,63.340264638264976
2020-02-06,3345.780029296875,83.991684,68.32986958821614
2020-02-07,3327.7099609375,79.83368,69.64656829833984
2020-02-10,3352.090087890625,81.28898,68.5377680460612
2020-02-11,3357.75,82.744286,69.23076883951823
2020-02-12,3379.449951171875,84.407486,71.65627034505208
2020-02-13,3373.93994140625,82.95219,73.18087005615234
2020-02-14,3380.159912109375,83.57589,73.18087005615234
2020-02-18,3370.2900390625,81.28898,71.17117055257161
2020-02-19,3386.14990234375,82.12058,70.27027130126953
2020-02-20,3373.22998046875,83.57589,69.4386723836263
2020-02-21,3337.75,81.28898,67.91407012939453
2020-02-24,3225.889892578125,71.72557,59.32086054484049
2020-02-25,3128.2099609375,57.588356,45.87664540608724
2020-02-26,3116.389892578125,54.677753,33.194732666015625
2020-02-27,2978.760009765625,41.995842,21.62162144978841
2020-02-28,2954.219970703125,31.808731,13.790713469187418
2020-03-02,3090.22998046875,50.519753,11.088011264801025
2020-03-03,3003.3701171875,42.411644,12.266112168629965
2020-03-04,3130.1201171875,53.430355,20.374220848083496
2020-03-05,3023.93994140625,44.28274,21.62162176767985
2020-03-06,2972.3701171875,40.74844,22.59182294209798
2020-03-09,2746.56005859375,19.33472,14.553014278411865
2020-03-10,2882.22998046875,31.185032,10.533610184987387
2020-03-11,2741.3798828125,16.216215,6.3063061237335205
2020-03-12,2480.639892578125,7.0686073,4.851004719734192
2020-03-13,2711.02001953125,13.929314,3.0492031971613565
2020-03-16,2386.1298828125,4.3659043,2.4255025386810303
2020-03-17,2529.18994140625,11.642411,3.4650035301844277
2020-03-18,2398.10009765625,7.9002085,3.395703434944153
2020-03-19,2409.389892578125,6.21118,3.669173240661621
2020-03-20,2304.919921875,3.7267082,2.6966766913731894
2020-03-23,2237.39990234375,3.7267082,1.932367165883382
2020-03-24,2447.330078125,6.004141,1.7253278096516926
2020-03-25,2475.56005859375,5.383023,1.6563146909077961
2020-03-26,2630.070068359375,11.180124,2.6224982341130576
2020-03-27,2541.469970703125,7.867495,2.829537590344747
2020-03-30,2626.64990234375,13.664596,4.554865439732869
2020-03-31,2584.590087890625,10.973084,4.761904795964559
2020-04-01,2470.5,8.281573,5.037957270940145
2020-04-02,2526.89990234375,9.937888,4.899931033452352
2020-04-03,2488.64990234375,9.109731,4.968944152196248
2020-04-06,2663.679931640625,15.113873,8.143547217051188
2020-04-07,2659.409912109375,13.871635,9.868874867757162
2020-04-08,2749.97998046875,19.668737,14.699792861938477
2020-04-09,2789.820068359375,22.15321,19.047618865966797
2020-04-13,2761.6298828125,18.219461,21.601104100545246
2020-04-14,2846.06005859375,25.879917,26.017943064371746
2020-04-15,2783.360107421875,21.325052,26.017943064371746
2020-04-16,2799.550048828125,25.051762,29.53761164347331
2020-04-17,2874.56005859375,30.020704,32.643201192220054
2020-04-20,2823.159912109375,25.879917,35.334712982177734
2020-04-21,2736.56005859375,20.082815,33.05728022257487
2020-04-22,2799.31005859375,23.809525,30.0207036336263
2020-04-23,2797.800048828125,23.809525,29.95168940226237
2020-04-24,2836.739990234375,25.672876,36.85300064086914
2020-04-27,2878.47998046875,27.95031,44.51345570882162
2020-04-28,2863.389892578125,27.74327,54.38233184814453
2020-04-29,2939.510009765625,34.57557,65.83850733439128
2020-04-30,2912.429931640625,29.192547,70.18633397420247
2020-05-01,2830.7099609375,24.016563,68.11594009399414
2020-05-04,2842.739990234375,26.086956,61.421670277913414
2020-05-05,2868.43994140625,28.985506,59.351277669270836
2020-05-06,2848.419921875,29.399586,59.696343739827476
2020-05-07,2881.18994140625,30.848862,63.28502527872721
2020-05-08,2929.800048828125,34.782608,68.66804758707683
2020-05-11,2930.18994140625,34.36853,73.91304270426433
2020-05-12,2870.1201171875,30.64182,72.67080688476562
2020-05-13,2820.0,29.192547,65.14837646484375
2020-05-14,2852.5,31.26294,60.938578287760414
2020-05-15,2863.699951171875,30.848862,60.66252517700195
2020-05-18,2953.909912109375,38.50932,69.97929509480794
2020-05-19,2922.93994140625,34.57557,76.05244827270508
2020-05-20,2971.610107421875,39.95859,83.09178670247395
2020-05-21,2948.510009765625,37.26708,83.298828125
2020-05-22,2955.449951171875,39.337475,85.23119354248047
2020-05-26,2991.77001953125,42.650105,87.57763671875
2020-05-27,3036.1298828125,47.412006,90.75224049886067
2020-05-28,3029.72998046875,47.61905,94.47895050048828
2020-05-29,3044.31005859375,49.275364,96.06625366210938
2020-06-01,3055.72998046875,49.482403,97.10144805908203
2020-06-02,3080.820068359375,51.138718,97.51552836100261
2020-06-03,3122.8701171875,56.3147,97.79158020019531
2020-06-04,3112.35009765625,55.693584,97.51552836100261
2020-06-05,3193.929931640625,65.42443,97.23947397867839
2020-06-08,3232.389892578125,72.877846,97.30848948160808
2020-06-09,3207.179931640625,63.35404,97.37750244140625
2020-06-10,3190.139892578125,56.3147,97.23947652180989
2020-06-11,3002.10009765625,41.821945,91.64941151936848
2020-06-12,3041.31005859375,44.30642,86.74948120117188
2020-06-15,3066.590087890625,46.376812,82.81573486328125
2020-06-16,3124.739990234375,49.89648,85.99033864339192
2020-06-17,3113.489990234375,48.654243,87.99171956380208
2020-06-18,3115.340087890625,47.826088,88.40579732259114
2020-06-19,3097.739990234375,46.99793,84.61007690429688
2020-06-22,3117.860107421875,46.79089,81.7115249633789
2020-06-23,3131.2900390625,47.826088,79.15804036458333
2020-06-24,3050.330078125,41.407867,72.87784830729167
2020-06-25,3083.760009765625,43.27122,68.25396982828777
2020-06-26,3009.050048828125,39.130436,59.213250478108726
2020-06-29,3053.239990234375,42.443066,60.593509674072266
2020-06-30,3100.2900390625,46.79089,63.07798385620117
2020-07-01,3115.860107421875,46.376812,70.11732228597005
2020-07-02,3130.010009765625,48.447205,72.73982238769531
2020-07-06,3179.719970703125,50.5176,73.98205820719402
2020-07-07,3145.320068359375,47.826088,72.53278350830078
2020-07-08,3169.93994140625,47.61905,70.66942850748698
2020-07-09,3152.050048828125,45.341614,63.837127685546875
2020-07-10,3185.0400390625,46.99793,63.630086263020836
2020-07-13,3155.219970703125,47.412006,63.00896962483724
2020-07-14,3197.52001953125,51.345753,68.46100616455078
2020-07-15,3226.56005859375,56.10766,74.12008158365886
2020-07-16,3215.570068359375,56.10766,79.36507670084636
2020-07-17,3224.72998046875,58.178055,82.12560017903645
2020-07-20,3251.840087890625,56.3147,79.57211558024089
2020-07-21,3257.300048828125,57.971012,79.84816996256511
2020-07-22,3276.02001953125,62.318836,80.60731506347656
2020-07-23,3235.659912109375,61.490685,82.88474782307942
2020-07-24,3215.6298828125,59.62733,80.53829956054688
2020-07-27,3239.409912109375,59.834366,77.7087631225586
2020-07-28,3218.43994140625,58.592136,73.15390014648438
2020-07-29,3258.43994140625,61.490685,74.18909962972005
2020-07-30,3246.219970703125,60.45549,73.56798044840495
2020-07-31,3271.1201171875,59.62733,73.3609390258789
2020-08-03,3294.610107421875,60.04141,70.87646484375
2020-08-04,3306.510009765625,59.62733,69.9792963663737
2020-08-05,3327.77001953125,62.52588,71.29054768880208
2020-08-06,3349.159912109375,61.490685,71.91166687011719
2020-08-07,3351.280029296875,65.21739,73.98205820719402
2020-08-10,3360.469970703125,67.28779,76.12146250406902
2020-08-11,3333.68994140625,67.08075,78.26086934407552
2020-08-12,3380.35009765625,67.28779,79.98619842529297
2020-08-13,3373.429931640625,66.66667,79.9171854654948
2020-08-14,3372.85009765625,66.8737,80.40027618408203
2020-08-17,3381.989990234375,65.63147,79.29606628417969
2020-08-18,3389.780029296875,65.63147,78.53692118326823
2020-08-19,3374.85009765625,64.59627,77.087646484375
2020-08-20,3385.510009765625,64.59627,74.32712046305339
2020-08-21,3397.159912109375,63.561077,71.35955810546875
2020-08-24,3431.280029296875,66.04555,72.18771616617839
2020-08-25,3443.6201171875,66.04555,74.05107116699219
2020-08-26,3478.72998046875,64.803314,76.53554280598958
2020-08-27,3484.550048828125,66.459625,76.88060760498047
2020-08-28,3508.010009765625,68.9441,78.81297556559245
2020-08-31,3500.31005859375,67.28779,79.22705586751302
2020-09-01,3526.64990234375,67.49482,78.53692626953125
2020-09-02,3580.840087890625,72.25673,79.6411361694336
2020-09-03,3455.06005859375,68.9441,78.6749496459961
2020-09-04,3426.9599609375,68.115944,76.8115946451823
2020-09-08,3331.840087890625,63.76812,66.8737055460612
2020-09-09,3398.9599609375,65.63147,63.49206415812174
2020-09-10,3339.18994140625,63.561077,57.902000427246094
2020-09-11,3340.969970703125,64.38924,57.69496154785156
2020-09-14,3383.5400390625,67.701866,57.34989674886068
2020-09-15,3401.199951171875,67.701866,60.38647588094076
2020-09-16,3385.489990234375,69.9793,64.5962766011556
2020-09-17,3357.010009765625,68.53002,63.83713150024414
2020-09-18,3319.469970703125,65.83851,60.04140981038412
2020-09-21,3281.06005859375,60.248447,49.41338984171549
2020-09-22,3315.570068359375,62.52588,42.167012532552086
2020-09-23,3236.919921875,57.971012,33.54037284851074
2020-09-24,3246.590087890625,58.592136,31.12491289774577
2020-09-25,3298.4599609375,61.076607,30.296756108601887
2020-09-28,3351.60009765625,64.803314,37.681158701578774
2020-09-29,3335.469970703125,63.146996,42.85714213053385
2020-09-30,3363.0,65.08264,46.75766626993815
2020-10-01,3380.800048828125,66.52893,48.308180491129555
2020-10-02,3348.419921875,67.35537,52.203857421875
2020-10-05,3408.60009765625,72.93388,58.05785115559896
2020-10-06,3360.969970703125,70.454544,59.71074422200521
2020-10-07,3419.43994140625,75.0,64.04958597819011
2020-10-08,3446.830078125,78.305786,67.4242426554362
2020-10-09,3477.139892578125,78.099174,73.8292007446289
2020-10-12,3534.219970703125,78.71901,78.0991719563802
2020-10-13,3511.929931640625,76.44628,78.65013631184895
2020-10-14,3488.669921875,75.82645,76.9972432454427
2020-10-15,3483.340087890625,76.44628,74.10468292236328
2020-10-16,3483.81005859375,77.27273,72.45178985595703
2020-10-19,3426.919921875,74.17355,69.35261662801106
2020-10-20,3443.1201171875,75.82645,66.94214757283528
2020-10-21,3435.56005859375,74.58678,63.70523452758789
2020-10-22,3453.489990234375,77.06612,65.35812632242839
2020-10-23,3465.389892578125,77.47934,66.73553721110027
2020-10-26,3400.969970703125,73.55372,64.04958470662434
2020-10-27,3390.679931640625,68.59504,57.09366353352865
2020-10-28,3271.030029296875,60.12397,43.250688552856445
2020-10-29,3310.110107421875,63.01653,36.50137901306152
2020-10-30,3269.9599609375,63.22314,30.57851282755534
2020-11-02,3310.239990234375,69.83471,35.95041465759277
2020-11-03,3369.159912109375,73.76033,42.83746655782064
2020-11-04,3443.43994140625,75.20661,53.30578486124674
2020-11-05,3510.449951171875,77.89256,62.258951822916664
2020-11-06,3509.43994140625,76.03306,66.80440521240234
2020-11-09,3550.5,84.29752,71.90082550048828
2020-11-10,3545.530029296875,86.983475,74.58677673339844
2020-11-11,3572.659912109375,86.36364,79.82093811035156
2020-11-12,3537.010009765625,84.504135,80.99173482259114
2020-11-13,3585.14990234375,88.016525,83.05785115559895
2020-11-16,3626.909912109375,90.70248,83.88429768880208
2020-11-17,3609.530029296875,90.909096,86.15702565511067
2020-11-18,3567.7900390625,89.256195,85.46831766764323
2020-11-19,3581.8701171875,89.87603,83.88429260253906
2020-11-20,3557.5400390625,88.84298,81.61156463623047
2020-11-23,3577.590087890625,90.28926,81.06060282389323
2020-11-24,3635.409912109375,91.735535,80.85399119059245
2020-11-25,3629.64990234375,91.52893,81.26721445719402
2020-11-27,3638.35009765625,92.35537,81.40495300292969
2020-11-30,3621.6298828125,91.1157,82.09366099039714
2020-12-01,3662.449951171875,92.7686,83.19559224446614
2020-12-02,3669.010009765625,92.7686,83.6088155110677
2020-12-03,3666.719970703125,92.35537,82.64462788899739
2020-12-04,3699.1201171875,92.56198,81.88705190022786
2020-12-07,3691.9599609375,92.7686,81.4738286336263
2020-12-08,3702.25,92.35537,81.54269663492839
2020-12-09,3672.820068359375,91.546394,80.4553934733073
2020-12-10,3668.10009765625,90.53498,78.42300669352214
2020-12-11,3663.4599609375,90.74074,76.52864583333333
2020-12-14,3647.489990234375,90.329216,75.03429412841797
2020-12-15,3694.6201171875,91.97531,76.68038431803386
2020-12-16,3701.169921875,91.56378,78.2578862508138
2020-12-17,3722.47998046875,91.97531,81.55006917317708
2020-12-18,3709.409912109375,91.358025,82.16735331217448
2020-12-21,3694.919921875,89.917694,81.96159108479817
2020-12-22,3687.260009765625,89.50617,80.3155008951823
2020-12-23,3690.010009765625,89.71194,78.94375864664714
2020-12-24,3703.06005859375,90.53498,79.69821675618489
2020-12-28,3735.360107421875,90.12346,80.24691263834636
2020-12-29,3727.0400390625,89.917694,81.00137074788411
2020-12-30,3732.0400390625,90.329216,81.13854471842448
2020-12-31,3756.070068359375,92.18107,82.51028696695964
2021-01-04,3700.64990234375,90.74074,80.24691263834636
2021-01-05,3726.860107421875,90.74074,78.46364847819011
2021-01-06,3748.139892578125,91.97531,77.57201639811198
2021-01-07,3803.7900390625,90.74074,80.79560852050781
2021-01-08,3824.679931640625,91.358025,83.19615681966145
2021-01-11,3799.610107421875,90.74074,82.4416987101237
2021-01-12,3801.18994140625,90.53498,80.45267486572266
2021-01-13,3809.840087890625,90.329216,78.80658467610677
2021-01-14,3795.5400390625,89.917694,77.22908274332683
2021-01-15,3768.25,90.53498,75.85734049479167
2021-01-19,3798.909912109375,91.15226,73.79972839355469
2021-01-20,3851.85009765625,91.76955,75.17146809895833
2021-01-21,3853.070068359375,91.15226,76.20027414957683
2021-01-22,3841.469970703125,90.329216,75.92592366536458
2021-01-25,3855.360107421875,91.358025,73.2510274251302
2021-01-26,3849.6201171875,90.74074,70.23319498697917
2021-01-27,3750.77001953125,87.65432,61.24828592936198
2021-01-28,3787.3798828125,88.06584,56.035666147867836
2021-01-29,3714.239990234375,86.00823,47.46227773030599
2021-02-01,3773.860107421875,88.06584,49.72565205891927
2021-02-02,3826.31005859375,89.50617,50.960219065348305
2021-02-03,3830.169921875,88.68313,57.270233154296875
2021-02-04,3871.739990234375,89.917694,62.7572021484375
2021-02-05,3886.830078125,90.12346,66.73525492350261
2021-02-08,3915.590087890625,90.53498,70.78189341227214
2021-02-09,3911.22998046875,90.53498,72.29080963134766
2021-02-10,3909.8798828125,89.733055,73.13174184163411
2021-02-11,3916.3798828125,88.50102,72.87668863932292
2021-02-12,3934.830078125,88.09035,72.68994140625
2021-02-16,3932.590087890625,87.67967,71.73169199625652
2021-02-17,3931.330078125,89.52772,70.77344512939453
2021-02-18,3913.969970703125,89.11704,69.81519571940105
2021-02-19,3906.7099609375,87.88501,68.44627126057942
2021-02-22,3876.5,85.83163,66.66666666666667
2021-02-23,3881.3701171875,86.036964,65.16084798177083
2021-02-24,3925.429931640625,85.83163,65.3661880493164
2021-02-25,3829.340087890625,82.546196,63.92881647745768
2021-02-26,3811.14990234375,79.26078,60.23271942138672
2021-03-01,3901.820068359375,83.36755,59.206024169921875
2021-03-02,3870.2900390625,82.34086,59.95893478393555
2021-03-03,3819.719970703125,80.49281,60.574951171875
2021-03-04,3768.469970703125,77.00205,54.75701777140299
2021-03-05,3841.93994140625,81.31417,54.41478474934896
2021-03-08,3821.35009765625,79.46612,56.673510233561196
2021-03-09,3875.43994140625,83.16222,62.76522699991862
2021-03-10,3898.81005859375,83.57289,65.77686309814453
2021-03-11,3939.340087890625,84.39425,68.72005208333333
2021-03-12,3943.340087890625,85.420944,71.1156743367513
2021-03-15,3968.93994140625,87.269,74.05886332194011
2021-03-16,3962.7099609375,87.474335,76.52293141682942
2021-03-17,3974.1201171875,87.06365,78.16563924153645
2021-03-18,3915.4599609375,85.62629,75.97535959879558
2021-03-19,3913.10009765625,85.83163,73.57973734537761
2021-03-22,3940.590087890625,87.474335,72.68993631998698
2021-03-23,3910.52001953125,87.67967,71.80013529459636
2021-03-24,3889.139892578125,87.06365,70.91033426920573
2021-03-25,3909.52001953125,87.88501,70.49965922037761
2021-03-26,3974.5400390625,91.58111,74.33264923095703
2021-03-29,3971.090087890625,92.402466,77.89185587565105
2021-03-30,3958.550048828125,90.55441,79.32922617594402
2021-03-31,3972.889892578125,91.78645,79.26078033447266
2021-04-01,4019.8701171875,92.6078,81.24572245279948
2021-04-05,4077.909912109375,93.6345,84.4626973470052
2021-04-06,4073.93994140625,93.6345,86.92676289876302
2021-04-07,4079.949951171875,93.22382,87.40588633219402
2021-04-08,4097.169921875,93.22382,87.67966969807942
2021-04-09,4128.7998046875,93.42916,87.81656138102214
2021-04-12,4127.990234375,93.42916,88.6379165649414
2021-04-13,4141.58984375,93.6345,88.98014831542969
2021-04-14,4124.66015625,93.44263,89.80781809488933
2021-04-15,4170.419921875,94.47853,90.57220458984375
2021-04-16,4185.47021484375,94.68303,91.06392669677734
2021-04-19,4163.259765625,93.86503,90.18404642740886
2021-04-20,4134.93994140625,94.274025,86.16223398844402
2021-04-21,4173.419921875,95.296524,84.5944086710612
2021-04-22,4134.97998046875,95.296524,82.95841979980469
2021-04-23,4180.169921875,95.092026,85.61690775553386
2021-04-26,4187.6201171875,94.274025,86.639404296875
2021-04-27,4186.72021484375,93.86503,88.47989400227864
2021-04-28,4183.18017578125,93.25153,88.75255839029948
2021-04-29,4211.47021484375,94.06953,88.07089233398438
2021-04-30,4181.169921875,93.047035,86.0940678914388
2021-05-03,4192.66015625,93.25153,84.5944086710612
2021-05-04,4164.66015625,92.43353,81.45875803629558
2021-05-05,4167.58984375,91.61554,79.68643442789714
2021-05-06,4201.6201171875,91.20654,77.64144388834636
2021-05-07,4232.60009765625,91.41104,79.20926920572917
2021-05-10,4188.43017578125,90.59305,78.80027262369792
2021-05-11,4152.10009765625,90.18405,77.57327779134114
2021-05-12,4063.0400390625,86.50307,71.09747695922852
2021-05-13,4112.5,87.93456,68.50715510050456
2021-05-14,4173.85009765625,89.979546,68.7798220316569
2021-05-17,4163.2900390625,88.54806,71.98364003499348
2021-05-18,4127.830078125,87.730064,71.30197652180989
2021-05-19,4115.68017578125,88.54806,67.41649627685547
2021-05-20,4159.1201171875,90.18405,66.12133534749348
2021-05-21,4155.85986328125,89.36606,66.46216837565105
2021-05-24,4197.0498046875,90.38855,69.39332071940105
2021-05-25,4188.1298828125,90.18405,70.41581726074219
2021-05-26,4195.990234375,89.57055,72.52897389729817
2021-05-27,4200.8798828125,89.57055,73.61963399251302
2021-05-28,4204.10986328125,90.38855,75.52828979492188
2021-06-01,4202.0400390625,89.16156,75.0511245727539
2021-06-02,4208.1201171875,89.57055,74.02863057454427
2021-06-03,4192.85009765625,88.752556,71.43831125895183
2021-06-04,4229.89013671875,90.59305,71.57464345296223
2021-06-07,4226.52001953125,89.57055,70.62031555175781
2021-06-08,4227.259765625,89.77505,69.93865203857422
2021-06-09,4219.5498046875,89.77505,67.34833272298177
2021-06-10,4239.18017578125,91.61554,66.46217091878255
2021-06-11,4247.43994140625,92.63804,66.46217091878255
2021-06-14,4255.14990234375,92.63804,66.53033701578777
2021-06-15,4246.58984375,91.61554,66.25767008463542
2021-06-16,4223.7001953125,89.77505,63.12201817830404
2021-06-17,4221.85986328125,90.18405,57.80504353841146
2021-06-18,4166.4501953125,88.34356,48.05725860595703
2021-06-21,4224.7900390625,89.77505,45.53510411580404
2021-06-22,4246.43994140625,89.77505,45.53510411580404
2021-06-23,4241.83984375,88.752556,49.14791997273763
2021-06-24,4266.490234375,89.77505,49.42058563232422
2021-06-25,4280.7001953125,91.820045,52.35173797607422
2021-06-28,4290.60986328125,92.02454,54.19222895304362
2021-06-29,4291.7998046875,90.59305,53.85139719645182
2021-06-30,4297.5,90.59305,51.46557744344076
2021-07-01,4319.93994140625,90.59305,53.3060671488444
2021-07-02,4352.33984375,91.20654,55.96455383300781
2021-07-06,4343.5400390625,91.20654,56.100884755452476
2021-07-07,4358.1298828125,91.20654,54.7375602722168
2021-07-08,4320.81982421875,90.79755,51.05657958984375
2021-07-09,4369.5498046875,91.41104,53.78323237101237
2021-07-12,4384.6298828125,91.20654,55.623722076416016
2021-07-13,4369.2099609375,89.36606,57.25971349080404
2021-07-14,4374.2998046875,89.36606,55.078392028808594
2021-07-15,4360.02978515625,89.77505,53.3060671488444
2021-07-16,4327.16015625,87.525566,52.8970692952474
2021-07-19,4258.490234375,81.59509,48.398091634114586
2021-07-20,4323.06005859375,85.88957,47.307430267333984
2021-07-21,4358.68994140625,87.525566,48.534423828125
2021-07-22,4367.47998046875,86.29857,52.21540451049805
2021-07-23,4411.7900390625,86.91206,54.46489334106445
2021-07-26,4422.2998046875,87.93456,55.41922124226888
2021-07-27,4401.4599609375,88.54806,57.941375732421875
2021-07-28,4400.64013671875,88.13905,57.8050422668457
2021-07-29,4419.14990234375,87.95918,59.19438552856445
2021-07-30,4395.259765625,87.34694,59.63106791178385
2021-08-02,4387.16015625,86.734695,60.00000127156576
2021-08-03,4423.14990234375,87.34694,60.408163706461586
2021-08-04,4402.66015625,83.87755,59.45578257242838
2021-08-05,4429.10009765625,84.081635,59.52381134033203
2021-08-06,4436.52001953125,84.4898,60.27210998535156
2021-08-09,4432.35009765625,84.081635,62.65306091308594
2021-08-10,4436.75,84.4898,64.5578219095866
2021-08-11,4442.41015625,85.71429,65.71428553263347
2021-08-12,4460.830078125,84.89796,68.09524027506511
2021-08-13,4468.0,84.69388,70.27210998535156
2021-08-16,4479.7099609375,83.87755,71.08843485514323
2021-08-17,4448.080078125,82.244896,69.18367258707683
2021-08-18,4400.27001953125,80.20408,64.76190439860027
2021-08-19,4405.7998046875,77.14286,60.13605499267578
2021-08-20,4441.669921875,77.95918,59.18367385864258
2021-08-23,4479.52978515625,81.22449,61.904763539632164
2021-08-24,4486.22998046875,82.65306,65.85034052530925
2021-08-25,4496.18994140625,84.081635,69.25170135498047
2021-08-26,4470.0,81.428566,69.6598637898763
2021-08-27,4509.3701171875,83.87755,71.08843739827473
2021-08-30,4528.7900390625,82.65306,71.02041117350261
2021-08-31,4522.68017578125,82.85715,72.65306599934895
2021-09-01,4524.08984375,82.244896,71.70068359375
2021-09-02,4536.9501953125,83.265305,71.83673604329427
2021-09-03,4535.43017578125,82.04082,71.15646107991536
2021-09-07,4520.02978515625,80.408165,68.57142766316731
2021-09-08,4514.06982421875,78.97959,65.03401311238606
2021-09-09,4493.27978515625,77.34694,61.292518615722656
2021-09-10,4458.580078125,75.5102,57.89115778605143
2021-09-13,4468.72998046875,78.57143,56.66666793823242
2021-09-14,4443.0498046875,75.71429,53.53741455078125
2021-09-15,4480.7001953125,76.93878,55.17006810506185
2021-09-16,4473.75,75.71429,54.08163197835287
2021-09-17,4432.990234375,74.28571,53.197279612223305
2021-09-20,4357.72998046875,69.591835,45.442178090413414
2021-09-21,4354.18994140625,67.95918,38.23129399617513
2021-09-22,4395.64013671875,71.83673,36.258504231770836
2021-09-23,4448.97998046875,75.918365,42.17687098185221
2021-09-24,4455.47998046875,76.32653,47.89115778605143
2021-09-27,4443.10986328125,75.918365,50.47619120279948
2021-09-28,4352.6298828125,71.42857,43.80952453613281
2021-09-29,4359.4599609375,72.2449,38.163265228271484
2021-09-30,4307.5400390625,65.918365,30.13605499267578
2021-10-01,4357.0400390625,70.0,30.54421869913737
2021-10-04,4300.4599609375,69.591835,28.91156578063965
2021-10-05,4345.72021484375,69.38776,31.904762903849285
2021-10-06,4363.5498046875,71.42857,32.78911526997884
2021-10-07,4399.759765625,73.46939,37.61904780069987
2021-10-08,4391.33984375,70.61224,40.61224492390951
2021-10-11,4361.18994140625,68.36735,41.9727897644043
2021-10-12,4350.64990234375,67.551025,40.81632614135742
2021-10-13,4363.7998046875,68.97959,40.272108713785805
2021-10-14,4438.259765625,75.71429,44.62584940592448
2021-10-15,4471.3701171875,76.53061,50.204081217447914
2021-10-18,4486.4599609375,73.87755,55.170066833496094
2021-10-19,4519.6298828125,77.14286,57.55102030436198
2021-10-20,4536.18994140625,78.36735,60.61224492390951
2021-10-21,4549.77978515625,78.36735,63.60544204711914
2021-10-22,4544.89990234375,78.77551,66.05442301432292
2021-10-25,4566.47998046875,77.95918,66.73469543457031
2021-10-26,4574.7900390625,77.95918,67.48299407958984
2021-10-27,4551.68017578125,74.69388,64.62585067749023
2021-10-28,4596.419921875,76.93878,64.48979568481445
2021-10-29,4605.3798828125,75.10204,63.46938959757487
2021-11-01,4613.669921875,77.95918,66.73469543457031
2021-11-02,4630.64990234375,76.734695,68.09524027506511
2021-11-03,4660.56982421875,79.38776,71.08843485514323
2021-11-04,4680.06005859375,77.55102,72.10884094238281
2021-11-05,4697.52978515625,79.79592,73.67346700032552
2021-11-08,4701.7001953125,78.97959,74.89795939127605
2021-11-09,4685.25,79.18367,76.12244923909505
2021-11-10,4646.7099609375,79.18367,76.32653045654297
2021-11-11,4649.27001953125,78.36735,75.91836547851562
2021-11-12,4682.85009765625,78.36735,76.32653045654297
2021-11-15,4682.7998046875,78.97959,77.00680287679036
2021-11-16,4700.89990234375,77.95918,77.89115905761719
2021-11-17,4688.669921875,76.53061,76.93877665201823
2021-11-18,4704.5400390625,75.5102,74.01360575358073
2021-11-19,4697.9599609375,74.4898,70.27210744222005
2021-11-22,4682.93994140625,75.30612,68.02720896402995
2021-11-23,4690.7001953125,76.12245,68.23129018147786
2021-11-24,4701.4599609375,75.30612,69.59183502197266
2021-11-26,4594.6201171875,68.97959,65.85033925374348
2021-11-29,4655.27001953125,69.79592,62.17686971028646
2021-11-30,4567.0,61.22449,51.83673350016276
2021-12-01,4513.0400390625,56.938774,43.605441411336265
2021-12-02,4577.10009765625,64.69388,39.1836732228597
2021-12-03,4538.43017578125,63.673466,40.40816307067871
2021-12-06,4591.669921875,69.591835,47.61904780069987
2021-12-07,4686.75,72.44898,53.809523264567055
2021-12-08,4701.2099609375,73.46939,61.22448857625326
2021-12-09,4667.4501953125,72.2449,63.741495768229164
2021-12-10,4712.02001953125,73.265305,63.129252115885414
2021-12-13,4668.97021484375,71.63265,60.408163706461586
2021-12-14,4634.08984375,70.61224,57.41496658325195
2021-12-15,4709.85009765625,72.04082,55.374149322509766
2021-12-16,4668.669921875,71.63265,55.10204060872396
2021-12-17,4620.64013671875,67.755104,54.96598561604818
2021-12-20,4568.02001953125,62.653057,49.52380879720052
2021-12-21,4649.22998046875,69.18367,48.7074826558431
2021-12-22,4696.56005859375,69.18367,51.29251607259115
2021-12-23,4725.7900390625,72.04082,58.97959009806315
2021-12-27,4791.18994140625,75.5102,64.55782063802083
2021-12-28,4786.35009765625,75.918365,69.0476188659668
2021-12-29,4793.06005859375,76.734695,71.97279103597005
2021-12-30,4778.72998046875,76.53061,71.63265482584636
2021-12-31,4766.18017578125,76.734695,71.15646362304688
2022-01-03,4796.56005859375,77.34694,71.0204086303711
2022-01-04,4793.5400390625,78.16327,73.12925211588542
2022-01-05,4700.580078125,74.28571,71.5646260579427
2022-01-06,4696.0498046875,72.65306,70.06802876790364
2022-01-07,4677.02978515625,73.46939,65.17007191975911
2022-01-10,4670.2900390625,72.04082,62.99319966634115
2022-01-11,4713.06982421875,74.081635,61.83673604329427
2022-01-12,4726.35009765625,74.69388,62.85714213053385
2022-01-13,4659.02978515625,73.06122,63.129252115885414
2022-01-14,4662.85009765625,69.79592,60.54421742757162
2022-01-18,4577.10986328125,63.469387,54.96598688761393
2022-01-19,4532.759765625,60.488796,48.61133066813151
2022-01-20,4482.72998046875,56.619144,42.055779774983726
2022-01-21,4397.93994140625,54.17515,36.252546310424805
2022-01-24,4410.1298828125,56.00815,32.79022471110026
2022-01-25,4356.4501953125,49.694504,30.48201052347819
2022-01-26,4349.93017578125,45.82485,29.73523457845052
2022-01-27,4326.509765625,42.362526,28.105906804402668
2022-01-28,4431.85009765625,49.694504,29.46367899576823
2022-01-31,4515.5498046875,55.600815,32.79022343953451
2022-02-01,4546.5400390625,57.433807,37.949761708577476
2022-02-02,4589.3798828125,60.692467,42.09097035725912
2022-02-03,4477.43994140625,54.17515,42.837745666503906
2022-02-04,4500.52978515625,52.74949,42.22674687703451
2022-02-07,4483.8701171875,53.156822,40.122198740641274
2022-02-08,4521.5400390625,56.619144,40.59741973876953
2022-02-09,4587.18017578125,61.710793,44.39918518066406
2022-02-10,4504.080078125,55.600815,45.07807159423828
2022-02-11,4418.64013671875,49.28717,43.65240987141927
2022-02-14,4401.669921875,46.435844,37.74609629313151
2022-02-15,4471.06982421875,52.545826,36.86354319254557
2022-02-16,4475.009765625,54.17515,37.81398391723633
2022-02-17,4380.259765625,47.861507,38.01764933268229
2022-02-18,4348.8701171875,47.25051,35.57365862528483
2022-02-22,4304.759765625,44.399185,31.568227767944336
2022-02-23,4225.5,38.49287,27.90224011739095
2022-02-24,4288.7001953125,39.307533,24.98302714029948
2022-02-25,4384.64990234375,49.490837,28.241682688395183
2022-02-28,4373.93994140625,47.861507,31.568227132161457
2022-03-01,4306.259765625,40.52953,32.315003077189125
2022-03-02,4386.5400390625,48.26884,31.975561141967773
2022-03-03,4363.490234375,47.454174,32.65444755554199
2022-03-04,4328.8701171875,45.21385,35.64154815673828
2022-03-07,4201.08984375,36.45621,32.79022343953451
2022-03-08,4170.7001953125,36.04888,29.260013580322266
2022-03-09,4277.8798828125,40.733196,27.427019755045574
2022-03-10,4259.52001953125,39.918533,27.56279691060384
2022-03-11,4204.31005859375,37.678207,28.173795064290363
2022-03-14,4173.10986328125,38.289204,27.155465443929035
2022-03-15,4262.4501953125,41.547863,28.24168332417806
2022-03-16,4357.85986328125,45.82485,34.012219746907554
2022-03-17,4411.669921875,49.083504,42.56619008382162
2022-03-18,4463.1201171875,52.545826,51.3238271077474
2022-03-21,4461.18017578125,51.120163,55.668701171875
2022-03-22,4511.60986328125,53.360485,58.52002461751302
2022-03-23,4456.240234375,48.879837,56.00814565022787
2022-03-24,4520.16015625,53.156822,57.162251790364586
2022-03-25,4543.06005859375,53.97149,58.45213826497396
2022-03-28,4575.52001953125,55.804478,63.81534322102865
2022-03-29,4631.60009765625,62.118126,70.06110254923503
2022-03-30,4602.4501953125,59.063137,72.9124272664388
2022-03-31,4530.41015625,54.17515,72.36931610107422
2022-04-01,4545.85986328125,53.76782,68.29599507649739
2022-04-04,4582.64013671875,53.97149,66.93821970621745
2022-04-05,4525.1201171875,50.305496,66.12355677286784
2022-04-06,4481.14990234375,50.101833,62.93278884887695
2022-04-07,4500.2099609375,49.490837,59.60624567667643
2022-04-08,4488.27978515625,48.879837,57.29803212483724
2022-04-11,4412.52978515625,47.25051,55.600816090901695
2022-04-12,4397.4501953125,46.435844,53.22471237182617
2022-04-13,4446.58984375,48.472507,53.156822204589844
2022-04-14,4392.58984375,47.861507,53.76781972249349
2022-04-18,4391.68994140625,47.25051,53.76781972249349
2022-04-19,4462.2099609375,49.490837,55.39714813232422
2022-04-20,4459.4501953125,52.34216,59.26680374145508
2022-04-21,4393.66015625,49.490837,61.37135314941406
2022-04-22,4271.77978515625,43.78819,55.329263051350914
2022-04-25,4296.1201171875,44.806515,47.79362106323242
2022-04-26,4175.2001953125,41.547863,39.85064570109049
2022-04-27,4183.9599609375,42.566193,37.20298639933268
2022-04-28,4287.5,45.62118,37.13509750366211
2022-04-29,4131.93017578125,37.270878,34.82688331604004
2022-05-02,4155.3798828125,36.659878,31.228785196940105
2022-05-03,4175.47998046875,38.289204,26.47657839457194
2022-05-04,4300.169921875,42.362526,33.604888916015625
2022-05-05,4146.8701171875,36.659878,34.96266174316406
2022-05-06,4123.33984375,34.826885,34.283775329589844
2022-05-09,3991.239990234375,30.957232,24.439919153849285
2022-05-10,4001.050048828125,29.9389,20.366599400838215
2022-05-11,3935.179931640625,29.327902,16.157501856486004
2022-05-12,3930.080078125,28.92057,14.731839497884115
2022-05-13,4023.889892578125,32.586555,15.682280858357748
2022-05-16,4008.010009765625,32.790222,17.854718526204426
2022-05-17,4088.85009765625,35.03055,23.014256795247395
2022-05-18,3923.679931640625,28.105906,21.724372227986652
2022-05-19,3900.7900390625,27.494907,19.280380249023438
2022-05-20,3901.360107421875,26.272913,13.44195556640625
2022-05-23,3973.75,28.92057,14.256619135538736
2022-05-24,3941.47998046875,30.346233,16.700611114501953
2022-05-25,3978.72998046875,30.549898,20.162932713826496
2022-05-26,4057.840087890625,33.401222,24.57569630940755
2022-05-27,4158.240234375,37.678207,33.12966791788737
2022-05-31,4132.14990234375,36.659878,38.76442654927572
2022-06-01,4101.22998046875,33.80855,39.443312327067055
2022-06-02,4176.81982421875,36.45621,39.239645640055336
2022-06-03,4108.5400390625,34.01222,38.628648122151695
2022-06-06,4121.43017578125,34.215885,41.61574935913086
2022-06-07,4160.68017578125,37.881874,43.177188873291016
2022-06-08,4115.77001953125,34.01222,43.041412353515625
2022-06-09,4017.820068359375,28.513237,36.999322255452476
2022-06-10,3900.860107421875,25.45825,24.43991978963216
2022-06-13,3749.6298828125,18.940937,13.374066829681396
2022-06-14,3735.47998046875,16.904276,6.992532253265381
2022-06-15,3789.989990234375,17.922607,4.955872376759847
2022-06-16,3666.77001953125,13.034624,4.141208449999492
2022-06-17,3674.840087890625,12.016294,3.326544404029846
2022-06-21,3764.7900390625,16.904276,2.9192124605178833
2022-06-22,3759.889892578125,16.293278,4.141208489735921
2022-06-23,3795.72998046875,18.126274,6.924643834431966
2022-06-24,3911.739990234375,22.81059,12.55940294265747
2022-06-27,3900.110107421875,23.82892,18.058384895324707
2022-06-28,3821.550048828125,21.995928,19.55193551381429
2022-06-29,3818.830078125,21.995928,17.311609586079914
2022-06-30,3785.3798828125,21.38493,14.935506184895834
2022-07-01,3825.330078125,24.439919,18.46571699778239
2022-07-05,3831.389892578125,20.570265,21.31704107920329
2022-07-06,3845.080078125,20.162933,25.390360514322918
2022-07-07,3902.6201171875,21.995928,27.087576548258465
2022-07-08,3899.3798828125,21.792261,29.19212468465169
2022-07-11,3854.429931640625,20.977596,29.32790184020996
2022-07-12,3818.800048828125,20.162933,26.680243810017902
2022-07-13,3801.780029296875,18.940937,23.285810470581055
2022-07-14,3790.3798828125,18.126274,20.773930231730144
2022-07-15,3863.159912109375,19.144602,22.946367899576824
2022-07-18,3830.85009765625,17.107943,24.23625310262044
2022-07-19,3936.68994140625,20.977596,33.604888916015625
2022-07-20,3959.89990234375,20.570265,41.81941604614258
2022-07-21,3998.949951171875,22.403257,54.44670740763346
2022-07-22,3961.6298828125,21.995928,57.90902964274088
2022-07-25,3966.840087890625,25.254583,60.760354359944664
2022-07-26,3921.050048828125,23.625256,58.92736053466797
2022-07-27,4023.610107421875,27.698574,62.79701232910156
2022-07-28,4072.429931640625,34.41955,68.09232838948567
2022-07-29,4130.2900390625,36.863544,76.30685679117839
2022-08-01,4118.6298828125,36.25255,79.76918029785156
2022-08-02,4091.18994140625,34.01222,79.36184692382812
2022-08-03,4155.169921875,38.289204,78.88662719726562
2022-08-04,4151.93994140625,38.08554,77.66462961832683
2022-08-05,4145.18994140625,38.08554,77.52885182698567
2022-08-08,4140.06005859375,39.307533,77.39307403564453
2022-08-09,4122.47021484375,36.659878,77.93618520100911
2022-08-10,4210.240234375,43.78819,81.53428649902344
2022-08-11,4207.27001953125,44.60285,84.92871856689453
2022-08-12,4280.14990234375,50.9165,89.88459014892578
2022-08-15,4297.14013671875,51.32383,91.58180491129558
2022-08-16,4305.2001953125,53.76782,93.14324442545573
2022-08-17,4274.0400390625,50.9165,92.93958028157552
2022-08-18,4283.740234375,52.545826,93.14324696858723
2022-08-19,4228.47998046875,47.65784,92.12491607666016
2022-08-22,4137.990234375,40.1222,89.13781229654948
2022-08-23,4128.72998046875,40.325867,85.40393575032552
2022-08-24,4140.77001953125,41.14053,83.02783203125
2022-08-25,4199.1201171875,45.82485,84.11405181884766
2022-08-26,4057.659912109375,37.270878,79.9049555460612
2022-08-29,4030.610107421875,35.845215,73.11609141031902
2022-08-30,3986.159912109375,32.38289,62.25390497843424
2022-08-31,3955.0,30.957232,54.8540407816569
2022-09-01,3966.85009765625,31.771894,49.6266123453776
2022-09-02,3924.260009765625,29.327902,44.53496297200521
2022-09-06,3908.18994140625,29.327902,41.47997283935547
2022-09-07,3979.8701171875,36.04888,43.17719014485677
2022-09-08,4006.179931640625,38.08554,49.89816665649414
2022-09-09,4067.360107421875,42.362526,60.21724319458008
2022-09-12,4110.41015625,43.991856,67.75288391113281
2022-09-13,3932.68994140625,34.62322,62.118125915527344
2022-09-14,3946.010009765625,34.215885,53.02104568481445
2022-09-15,3901.35009765625,31.771894,39.98642349243164
2022-09-16,3873.330078125,29.735235,35.43788274129232
2022-09-19,3899.889892578125,31.160896,32.85811233520508
2022-09-20,3855.929931640625,28.513237,29.46367899576823
2022-09-21,3789.929931640625,25.45825,25.72980244954427
2022-09-22,3757.989990234375,21.38493,18.329938888549805
2022-09-23,3693.22998046875,16.496944,11.269517739613852
2022-09-26,3655.0400390625,13.441955,6.585200309753418
2022-09-27,3647.2900390625,12.423626,3.869653860727946
2022-09-28,3719.0400390625,16.904276,5.091649691263835
2022-09-29,3640.469970703125,14.052953,5.974202315012614
2022-09-30,3585.6201171875,12.830957,6.245756944020589
2022-10-03,3678.429931640625,17.31161,6.449422995249431
2022-10-04,3790.929931640625,24.439919,11.744739055633545
2022-10-05,3783.280029296875,24.847252,18.12627347310384
2022-10-06,3744.52001953125,22.199593,21.588595072428387
2022-10-07,3639.659912109375,18.126274,17.990495363871258
2022-10-10,3612.389892578125,17.515274,14.392396291097006
2022-10-11,3588.840087890625,17.71894,12.084182103474935
2022-10-12,3577.030029296875,17.31161,11.880516370137533
2022-10-13,3669.909912109375,19.7556,13.713510513305664
2022-10-14,3583.070068359375,16.293278,13.034623781840006
2022-10-17,3677.949951171875,20.162933,15.750170707702637
2022-10-18,3719.97998046875,22.81059,18.262050946553547
2022-10-19,3695.159912109375,21.181263,21.8601500193278
2022-10-20,3665.780029296875,19.348269,21.656483968098957
2022-10-21,3752.75,24.236254,23.28581174214681
2022-10-24,3797.340087890625,26.476578,28.51323890686035
2022-10-25,3859.110107421875,31.364563,38.83231544494629
2022-10-26,3830.60009765625,33.401222,46.16429138183594
2022-10-27,3807.300048828125,34.41955,52.002716064453125
2022-10-28,3901.06005859375,40.733196,57.97691853841146
2022-10-31,3871.97998046875,39.918533,62.050235748291016
2022-11-01,3856.10009765625,40.1222,65.91988881429036
2022-11-02,3759.68994140625,36.45621,61.37134679158529
2022-11-03,3719.889892578125,35.64155,57.43380610148112
2022-11-04,3770.550048828125,39.10387,55.87236658732096
2022-11-07,3806.800048828125,42.973526,60.0135752360026
2022-11-08,3828.110107421875,43.991856,65.30889129638672
2022-11-09,3748.570068359375,40.52953,65.64833577473958
2022-11-10,3956.3701171875,56.21181,71.62253824869792
2022-11-11,3992.929931640625,57.84114,76.37474568684895
2022-11-14,3957.25,54.78615,82.55261484781902
2022-11-15,3991.72998046875,57.433807,82.62050374348958
2022-11-16,3958.7900390625,55.804478,82.5526123046875
2022-11-17,3946.56005859375,53.76782,82.48472340901692
2022-11-18,3965.340087890625,58.044807,82.68839009602864
2022-11-21,3949.93994140625,58.45214,83.43516794840495
2022-11-22,4003.580078125,61.099796,85.87916056315105
2022-11-23,4027.260009765625,63.951122,87.9158198038737
2022-11-25,4026.1201171875,65.376785,89.74881235758464
2022-11-28,3963.93994140625,60.081463,89.27359008789062
2022-11-29,3957.6298828125,59.8778,87.84792836507161
2022-11-30,4080.110107421875,66.59878,88.32314809163411
2022-12-01,4076.570068359375,67.20978,89.74880981445312
2022-12-02,4071.699951171875,65.78411,91.2423604329427
2022-12-05,3998.840087890625,60.692467,88.5947036743164
2022-12-06,3941.260009765625,58.859467,84.72505187988281
2022-12-07,3933.919921875,57.84114,80.92328643798828
2022-12-08,3963.510009765625,59.674133,79.97284698486328
2022-12-09,3934.3798828125,58.248474,79.49762471516927
2022-12-12,3990.56005859375,62.93279,79.70129140218098
2022-12-13,4019.64990234375,66.39511,79.83706919352214
2022-12-14,3995.320068359375,63.54379,80.31229146321614
2022-12-15,3895.75,54.87805,75.8542709350586
2022-12-16,3852.360107421875,51.626015,68.14310963948567
2022-12-19,3817.659912109375,49.390244,58.60433705647787
2022-12-20,3821.6201171875,49.79675,53.455284118652344
2022-12-21,3878.43994140625,53.65854,54.20054244995117
2022-12-22,3822.389892578125,51.829266,54.26829274495443
2022-12-23,3844.820068359375,53.65854,55.555555979410805
2022-12-27,3829.25,54.471546,53.387535095214844
2022-12-28,3783.219970703125,50.813007,50.67750803629557
2022-12-29,3849.280029296875,54.87805,50.60975774129232
2022-12-30,3839.5,52.23577,48.17073186238607
2023-01-03,3824.139892578125,52.23577,49.32249323527018
2023-01-04,3852.969970703125,55.284554,48.91598892211914
2023-01-05,3808.10009765625,52.032516,47.56097666422526
2023-01-06,3895.080078125,58.536583,53.52303695678711
2023-01-09,3892.090087890625,58.94309,56.16531244913737
2023-01-10,3919.25,61.99187,63.55013529459635
2023-01-11,3969.610107421875,65.650406,67.0054194132487
2023-01-12,3983.169921875,68.08943,71.40921274820964
2023-01-13,3999.090087890625,67.27642,75.0677490234375
2023-01-17,3990.969970703125,66.86992,75.13550059000652
2023-01-18,3928.860107421875,60.569107,69.85094833374023
2023-01-19,3898.85009765625,59.14634,60.569105784098305
2023-01-20,3972.610107421875,63.821136,56.23306147257487
2023-01-23,4019.81005859375,67.27642,59.078590393066406
2023-01-24,4016.949951171875,66.46342,65.78590901692708
2023-01-25,4016.219970703125,66.46342,67.9539311726888
2023-01-26,4060.429931640625,67.88618,69.37669372558594
2023-01-27,4070.56005859375,69.308945,70.25745137532552
2023-01-30,4017.77001953125,67.68293,69.91869862874348
2023-01-31,4076.60009765625,73.373985,70.73170979817708
2023-02-01,4119.2099609375,75.0,72.56097666422527
2023-02-02,4179.759765625,80.28455,75.13550059000652
2023-02-03,4136.47998046875,74.39024,74.11923726399739
2023-02-06,4111.080078125,72.35773,71.54471333821614
2023-02-07,4164.0,75.0,71.0027084350586
2023-02-08,4117.85986328125,72.76423,70.39295450846355
2023-02-09,4081.5,70.3252,68.76693725585938
2023-02-10,4090.4599609375,72.35773,66.53116607666016
2023-02-13,4137.2900390625,74.187,67.9539311726888
2023-02-14,4136.1298828125,74.187,69.98645273844402
2023-02-15,4147.60009765625,75.203255,71.47696685791016
2023-02-16,4090.409912109375,72.76423,69.57994588216145
2023-02-17,4079.090087890625,72.35773,68.90243784586589
2023-02-21,3997.340087890625,66.26016,62.737125396728516
2023-02-22,3991.050048828125,65.44715,57.38482157389323
2023-02-23,4012.320068359375,66.26016,53.116530100504555
2023-02-24,3970.0400390625,61.78862,51.5582644144694
2023-02-27,3982.239990234375,61.78862,50.948509216308594
2023-02-28,3970.14990234375,59.95935,47.89972813924154
2023-03-01,3951.389892578125,58.536583,46.680216471354164
2023-03-02,3981.35009765625,61.178864,45.867207845052086
2023-03-03,4045.639892578125,67.07317,49.05148951212565
2023-03-06,4048.419921875,65.2439,52.16802215576172
2023-03-07,3986.3701171875,59.7561,49.52574666341146
2023-03-08,3992.010009765625,60.162605,44.51219685872396
2023-03-09,3918.320068359375,51.829266,36.11111195882162
2023-03-10,3861.590087890625,45.93496,28.861789067586262
2023-03-13,3855.760009765625,43.495934,21.7479674021403
2023-03-14,3919.2900390625,48.37398,21.002709070841473
2023-03-15,3891.929931640625,43.292683,22.22222137451172
2023-03-16,3960.280029296875,47.764225,25.067750295003254
2023-03-17,3916.639892578125,42.07317,23.983740488688152
2023-03-20,3951.570068359375,49.186993,26.219512939453125
2023-03-21,4002.8701171875,52.439022,26.693767547607422
2023-03-22,3936.969970703125,45.528458,26.42276446024577
2023-03-23,3948.719970703125,43.90244,24.390243530273438
2023-03-24,3970.989990234375,45.528458,23.10298029581706
2023-03-27,3977.530029296875,48.37398,24.79674784342448
2023-03-28,3971.27001953125,49.390244,26.62601661682129
2023-03-29,4027.81005859375,55.284554,30.48780632019043
2023-03-30,4050.830078125,57.317074,35.4336051940918
2023-03-31,4109.31005859375,62.398373,43.766937255859375
2023-04-03,4124.509765625,63.21138,49.79674784342448
2023-04-04,4100.60009765625,60.365856,51.42276382446289
2023-04-05,4090.3798828125,59.95935,48.57723617553711
2023-04-06,4105.02001953125,59.55285,45.12195078531901
2023-04-10,4109.10986328125,60.772358,46.40921401977539
2023-04-11,4108.93994140625,64.02439,49.72899881998698
2023-04-12,4091.949951171875,62.80488,51.96477127075195
2023-04-13,4146.22021484375,65.85366,53.997291564941406
2023-04-14,4137.64013671875,63.00813,54.53929646809896
2023-04-17,4151.31982421875,64.837395,56.978319803873696
2023-04-18,4154.8701171875,65.04065,58.67208735148112
2023-04-19,4154.52001953125,65.650406,60.29810333251953
2023-04-20,4129.7900390625,62.601627,60.4336051940918
2023-04-21,4133.52001953125,61.78862,59.078590393066406
2023-04-24,4137.0400390625,61.99187,58.87533823649088
2023-04-25,4071.6298828125,55.284554,54.81029764811198
2023-04-26,4055.989990234375,50.4065,48.712738037109375
2023-04-27,4135.35009765625,55.89431,46.0704600016276
2023-04-28,4169.47998046875,61.382114,50.27100118001302
2023-05-01,4167.8701171875,58.94309,57.723575592041016
2023-05-02,4119.580078125,53.252037,56.70731735229492
2023-05-03,4090.75,49.390244,52.168023427327476
2023-05-04,4061.219970703125,48.88438,46.44673156738281
2023-05-05,4136.25,54.361057,48.44200897216797
2023-05-08,4138.1201171875,54.15822,51.72413762410482
2023-05-09,4119.169921875,52.129818,54.36105600992838
2023-05-10,4137.64013671875,53.752537,53.54969787597656
2023-05-11,4130.6201171875,51.318462,51.926979064941406
2023-05-12,4124.080078125,51.926975,51.38607279459635
2023-05-15,4136.27978515625,52.332657,51.318458557128906
2023-05-16,4109.89990234375,47.261665,49.35767491658529
2023-05-17,4158.77001953125,50.5071,49.49290211995443
2023-05-18,4198.0498046875,54.15822,49.763353983561196
2023-05-19,4191.97998046875,52.941177,52.4678840637207
2023-05-22,4192.6298828125,53.752537,53.34685516357422
2023-05-23,4145.580078125,50.304256,50.371873219807945
2023-05-24,4115.240234375,47.667343,44.48951975504557
2023-05-25,4151.27978515625,45.436104,38.20148722330729
2023-05-26,4205.4501953125,47.870182,36.511156717936196
2023-05-30,4205.52001953125,47.261665,37.457742055257164
2023-05-31,4179.830078125,45.030426,37.119675954182945
2023-06-01,4221.02001953125,47.667343,37.119675954182945
2023-06-02,4282.3701171875,58.01217,43.34009552001953
2023-06-05,4273.7900390625,56.592293,49.290060679117836
2023-06-06,4283.85009765625,58.21501,54.56389363606771
2023-06-07,4267.52001953125,60.649086,56.254225413004555
2023-06-08,4293.93017578125,61.866127,59.49966303507487
2023-06-09,4298.85986328125,61.257607,61.73090108235677
2023-06-12,4338.93017578125,61.866127,62.0013542175293
2023-06-13,4369.009765625,64.503044,64.23258972167969
2023-06-14,4372.58984375,63.083164,65.8553072611491
2023-06-15,4425.83984375,69.574036,68.96551767985027
2023-06-16,4409.58984375,69.16836,70.65585072835286
2023-06-20,4388.7099609375,64.90872,71.06153106689453
2023-06-21,4365.68994140625,65.51724,69.7768783569336
2023-06-22,4381.89013671875,63.083164,66.73428090413411
2023-06-23,4348.330078125,59.83773,63.42123031616211
2023-06-26,4328.81982421875,62.474644,61.73089853922526
2023-06-27,4378.41015625,65.3144,63.42123158772787
2023-06-28,4376.85986328125,63.488842,66.59905370076497
2023-06-29,4396.43994140625,68.15416,69.97971598307292
2023-06-30,4450.3798828125,69.3712,72.75185902913411
2023-07-03,4455.58984375,71.60243,77.28194936116536
2023-07-05,4446.81982421875,71.196754,79.98648071289062
2023-07-06,4411.58984375,67.95132,79.71602630615234
2023-07-07,4398.9501953125,67.74848,78.09330749511719
2023-07-10,4409.52978515625,70.588234,76.47058868408203
2023-07-11,4439.259765625,74.23935,78.22853342692058
2023-07-12,4472.16015625,76.06491,81.40635681152344
2023-07-13,4510.0400390625,76.67343,84.71940612792969
2023-07-14,4505.419921875,73.83367,85.93644714355469
2023-07-17,4522.7900390625,73.42799,85.1927007039388
2023-07-18,4554.97998046875,73.83367,84.1108881632487
2023-07-19,4565.72021484375,76.87627,84.4489517211914
2023-07-20,4534.8701171875,77.890465,86.34212239583333
2023-07-21,4536.33984375,78.70182,88.3029073079427
2023-07-24,4554.64013671875,79.107506,89.58756001790364
2023-07-25,4567.4599609375,79.107506,89.85801442464192
2023-07-26,4566.75,78.90466,89.58756256103516
2023-07-27,4537.41015625,76.67343,86.95064544677734
2023-07-28,4582.22998046875,76.67343,84.78702036539714
2023-07-31,4588.9599609375,77.48479,83.36714172363281
2023-08-01,4576.72998046875,75.45639,83.16430155436198
2023-08-02,4513.39013671875,74.44219,80.86545054117839
2023-08-03,4501.89013671875,72.00812,76.33536275227864
2023-08-04,4478.02978515625,68.55984,70.45301055908203
2023-08-07,4518.43994140625,71.805275,67.88370768229167
2023-08-08,4499.3798828125,69.3712,65.38201649983723
2023-08-09,4467.7099609375,70.182556,64.0973637898763
2023-08-10,4468.830078125,67.95132,61.12238057454427
2023-08-11,4464.0498046875,68.76268,59.16159693400065
2023-08-14,4489.72021484375,68.356995,58.01217269897461
2023-08-15,4437.85986328125,63.69168,54.09060414632162
2023-08-16,4404.330078125,61.257607,49.290061950683594
2023-08-17,4370.35986328125,59.43205,42.32589594523112
2023-08-18,4369.7099609375,59.43205,38.81000645955404
2023-08-21,4399.77001953125,58.823532,37.05206171671549
2023-08-22,4387.5498046875,55.98377,36.375929514567055
2023-08-23,4436.009765625,57.403652,37.457740783691406
2023-08-24,4376.31005859375,56.18661,36.10547637939453
2023-08-25,4405.7099609375,56.997974,36.78160858154297
2023-08-28,4433.31005859375,58.823532,36.44354248046875
2023-08-29,4497.6298828125,62.880325,41.17646916707357
2023-08-30,4514.8701171875,63.488842,45.841782887776695
2023-08-31,4507.66015625,62.474644,48.27585983276367
2023-09-01,4515.77001953125,64.09737,48.95199330647787
2023-09-05,4496.830078125,59.229206,45.3008778889974
2023-09-06,4465.47998046875,58.62069,42.12305577596029
2023-09-07,4451.14013671875,56.592293,38.53955332438151
2023-09-08,4457.490234375,56.592293,38.20148849487305
2023-09-11,4487.4599609375,57.606487,39.2156867980957
2023-09-12,4461.89990234375,57.403652,39.08046086629232
2023-09-13,4467.43994140625,57.606487,38.81000773111979
2023-09-14,4505.10009765625,61.66329,39.8242073059082
2023-09-15,4450.31982421875,59.83773,39.55375417073568
2023-09-18,4453.52978515625,58.823532,39.8242073059082
2023-09-19,4443.9501953125,57.606487,37.18729019165039
2023-09-20,4402.2001953125,56.997974,35.76741154988607
2023-09-21,4330.0,50.91278,30.35835075378418
2023-09-22,4320.06005859375,49.4929,25.490195592244465
2023-09-25,4337.43994140625,50.101418,22.17714564005534
2023-09-26,4273.52978515625,45.436104,20.21636136372884
2023-09-27,4274.509765625,45.841785,19.202163060506184
2023-09-28,4299.7001953125,47.058823,18.99932352701823
2023-09-29,4288.0498046875,46.450306,19.94590886433919
2023-10-02,4288.39013671875,45.436104,19.134549776713055
2023-10-03,4229.4501953125,42.190666,15.145367940266928
2023-10-04,4263.75,43.31984,13.580545743306478
2023-10-05,4258.18994140625,42.51012,13.502530733744303
2023-10-06,4308.5,43.927124,17.004048665364582
2023-10-09,4335.66015625,46.356277,21.052631696065266
2023-10-10,4358.240234375,49.39271,25.573549270629883
2023-10-11,4376.9501953125,48.582996,30.094467163085938
2023-10-12,4349.60986328125,46.153847,31.30904197692871
2023-10-13,4327.77978515625,44.534412,31.0391362508138
2023-10-16,4373.6298828125,47.57085,30.836706797281902
2023-10-17,4373.2001953125,48.582996,33.130903244018555
2023-10-18,4314.60009765625,43.927124,33.53576151529948
2023-10-19,4278.0,42.105263,29.554655075073242
2023-10-20,4224.16015625,37.449394,22.874493916829426
2023-10-23,4217.0400390625,35.82996,18.08367093404134
2023-10-24,4247.68017578125,37.044533,16.936572392781574
2023-10-25,4186.77001953125,33.805668,16.59919007619222
2023-10-26,4137.22998046875,33.19838,16.666666666666668
2023-10-27,4117.3701171875,29.352226,14.035087903340658
2023-10-30,4166.81982421875,32.995953,14.035087903340658
2023-10-31,4193.7998046875,36.639675,16.261808395385742
2023-11-01,4237.85986328125,39.271255,21.79487133026123
2023-11-02,4317.77978515625,45.54656,30.76923116048177
2023-11-03,4358.33984375,48.987854,41.025641759236656
2023-11-06,4365.97998046875,47.165993,48.11066182454427
2023-11-07,4378.3798828125,45.951416,50.06747563680013
2023-11-08,4382.77978515625,45.54656,48.785423278808594
2023-11-09,4347.35009765625,43.31984,47.43589655558268
2023-11-10,4415.240234375,46.963562,49.19028345743815
2023-11-13,4411.5498046875,46.963562,50.6072883605957
2023-11-14,4495.7001953125,56.47773,59.37921651204427
2023-11-15,4502.8798828125,57.08502,65.45208994547527
2023-11-16,4508.240234375,56.47773,70.98515319824219
2023-11-17,4514.02001953125,58.906883,71.86234792073567
2023-11-20,4547.3798828125,59.31174,72.94197082519531
2023-11-21,4538.18994140625,59.51417,74.42645009358723
2023-11-22,4556.6201171875,61.538464,75.37111918131511
2023-11-24,4559.33984375,63.36032,76.45074208577473
2023-11-27,4550.43017578125,61.94332,77.66531880696614
2023-11-28,4554.89013671875,62.550606,78.2726058959961
2023-11-29,4550.580078125,64.5749,78.07017771402995
2023-11-30,4567.7998046875,65.58704,79.08232116699219
2023-12-01,4594.6298828125,71.65992,81.71390024820964
2023-12-04,4569.77978515625,71.65992,84.07557169596355
2023-12-05,4567.18017578125,67.408905,84.95276641845703
2023-12-06,4549.33984375,67.81377,83.19837951660156
2023-12-07,4585.58984375,69.02834,82.11875661214192
2023-12-08,4604.3701171875,71.05263,82.11875661214192
2023-12-11,4622.43994140625,72.87449,83.94062042236328
2023-12-12,4643.7001953125,72.267204,85.0877202351888
2023-12-13,4707.08984375,78.54251,87.17948659261067
2023-12-14,4719.5498046875,80.769226,88.05667877197266
2023-12-15,4719.18994140625,77.12551,88.73144276936848
2023-12-18,4740.56005859375,78.13766,88.52901458740234
2023-12-19,4768.3701171875,81.37652,89.0688247680664
2023-12-20,4698.35009765625,75.7085,88.39406077067058
2023-12-21,4746.75,78.13766,88.39406077067058
2023-12-22,4754.6298828125,78.94737,88.19163258870442
2023-12-26,4774.75,80.5668,89.87854258219402
2023-12-27,4781.580078125,80.769226,90.14844767252605
2023-12-28,4783.35009765625,81.9838,90.08097076416016
2023-12-29,4769.830078125,81.9838,90.01349385579427
2024-01-02,4742.830078125,82.99595,90.68825785319011
2024-01-03,4704.81005859375,80.97166,91.22807057698567
2024-01-04,4688.68017578125,79.95951,90.75573476155598
2024-01-05,4697.240234375,80.769226,89.40620676676433
2024-01-08,4763.5400390625,81.17409,89.33872985839844
2024-01-09,4756.5,80.36437,88.7314453125
2024-01-10,4783.4501953125,80.5668,88.25911204020183
2024-01-11,4780.240234375,79.1498,86.3022969563802
2024-01-12,4783.830078125,79.35223,85.42510223388672
2024-01-16,4765.97998046875,77.327934,83.67071533203125
2024-01-17,4739.2099609375,73.88664,79.75708516438802
2024-01-18,4780.93994140625,74.89879,76.65317026774089
2024-01-19,4839.81005859375,74.89879,75.37111918131511
2024-01-22,4850.43017578125,75.10121,76.585693359375
2024-01-23,4864.60009765625,74.89879,77.66531626383464
2024-01-24,4868.5498046875,73.88664,76.51821899414062
2024-01-25,4894.16015625,75.910934,76.78812662760417
2024-01-26,4890.97021484375,76.72065,76.45074462890625
2024-01-29,4927.93017578125,78.54251,78.07017771402995
2024-01-30,4924.97021484375,77.732796,78.00270080566406
2024-01-31,4845.64990234375,75.10121,74.42645263671875
2024-02-01,4906.18994140625,79.75708,72.53711191813152
2024-02-02,4958.60986328125,75.30364,69.02833811442058
2024-02-05,4942.81005859375,72.469635,67.40890630086263
2024-02-06,4954.22998046875,75.10121,65.1147092183431
2024-02-07,4995.06005859375,75.50607,64.77732721964519
2024-02-08,4997.91015625,74.49393,66.26180521647136
2024-02-09,5026.60986328125,74.69636,66.1268539428711
2024-02-12,5021.83984375,76.31579,66.86909484863281
2024-02-13,4953.169921875,71.65992,63.697705586751304
2024-02-14,5000.6201171875,74.089066,61.53846104939779
2024-02-15,5029.72998046875,76.11336,60.998650868733726
2024-02-16,5005.56982421875,74.49393,63.36032358805338
2024-02-20,4975.509765625,74.2915,64.77732721964519
2024-02-21,4981.7998046875,77.530365,64.7098503112793
2024-02-22,5087.02978515625,78.74494,66.32928466796875
2024-02-23,5088.7998046875,79.55466,68.75843302408855
2024-02-26,5069.52978515625,76.72065,68.1511459350586
2024-02-27,5078.18017578125,77.732796,67.7462870279948
2024-02-28,5069.759765625,77.12551,67.00404866536458
2024-02-29,5096.27001953125,79.95951,68.96086120605469
2024-03-01,5137.080078125,79.1498,70.5128173828125
2024-03-04,5130.9501953125,79.55466,72.40215555826823
2024-03-05,5078.64990234375,78.13766,72.73953755696614
2024-03-06,5104.759765625,79.95951,74.1565424601237
2024-03-07,5157.35986328125,81.78137,75.50607045491536
2024-03-08,5123.68994140625,82.388664,78.13764953613281
2024-03-11,5117.93994140625,84.41296,80.43184661865234
2024-03-12,5175.27001953125,83.40081,81.24156188964844
2024-03-13,5165.31005859375,83.19838,82.05127970377605
2024-03-14,5150.47998046875,81.37652,79.62213134765625
2024-03-15,5117.08984375,80.5668,77.19298299153645
2024-03-18,5149.419921875,81.37652,74.49392700195312
2024-03-19,5178.509765625,82.99595,74.49392700195312
2024-03-20,5224.6201171875,83.40081,76.51821899414062
2024-03-21,5241.52978515625,83.63636,79.16193135579427
2024-03-22,5234.18017578125,82.42424,79.85155232747395
2024-03-25,5218.18994140625,82.0202,78.98989868164062
2024-03-26,5203.580078125,80.645164,76.6498311360677
2024-03-27,5248.490234375,85.9155,78.5573018391927
2024-03-28,5254.35009765625,87.12274,81.33802795410156
2024-04-01,5243.77001953125,85.51308,83.36686706542969
2024-04-02,5205.81005859375,84.30583,80.88531239827473
2024-04-03,5211.490234375,82.29376,77.73306528727214
2024-04-04,5147.2099609375,81.08652,73.5077133178711
2024-04-05,5204.33984375,81.28773,72.70288340250652
2024-04-08,5202.39013671875,82.29376,72.30046844482422
2024-04-09,5209.91015625,85.110664,74.71495564778645
2024-04-10,5160.64013671875,79.07445,70.55667368570964
2024-04-11,5199.06005859375,78.470825,65.52649180094402
2024-04-12,5123.41015625,74.44668,56.00268300374349
2024-04-15,5061.81982421875,72.63582,48.222668965657554
2024-04-16,5051.41015625,71.22736,39.4366200764974
2024-04-17,5022.2099609375,71.830986,34.2052313486735
2024-04-18,5011.1201171875,71.62978,32.19315973917643
2024-04-19,4967.22998046875,73.44064,33.333333333333336
2024-04-22,5010.60009765625,77.26358,36.6867872873942
2024-04-23,5070.5498046875,78.87324,41.58282979329427
2024-04-24,5071.6298828125,78.87324,45.003353118896484
2024-04-25,5048.419921875,78.269615,45.94231923421224
2024-04-26,5099.9599609375,77.26358,46.27766545613607
2024-04-29,5116.169921875,79.27566,47.887322743733726
2024-04-30,5035.68994140625,75.45271,46.81421788533529
2024-05-01,5018.39013671875,73.641846,44.332661946614586
2024-05-02,5064.2001953125,75.25151,41.51576232910156
2024-05-03,5127.7900390625,76.65996,42.5888671875
2024-05-06,5180.740234375,77.8672,46.74714914957682
2024-05-07,5187.7001953125,79.27566,50.57008616129557
2024-05-08,5187.669921875,78.470825,53.65526453653971
2024-05-09,5214.080078125,80.684105,55.93561299641927
2024-05-10,5222.68017578125,81.69014,57.81354649861654
2024-05-13,5221.419921875,81.28773,60.16096496582031
2024-05-14,5246.68017578125,82.09255,61.70355478922526
2024-05-15,5308.14990234375,82.494965,63.84976577758789
2024-05-16,5297.10009765625,82.897385,65.4594217936198
2024-05-17,5303.27001953125,83.70221,66.26424916585286
2024-05-20,5308.1298828125,83.50101,65.59355926513672
2024-05-21,5321.41015625,82.29376,65.19114685058594
2024-05-22,5307.009765625,81.28773,63.112005869547524
2024-05-23,5267.83984375,76.458755,58.28303019205729
2024-05-24,5304.72021484375,76.86117,54.7283681233724
2024-05-28,5306.0400390625,74.044266,50.36887868245443
2024-05-29,5266.9501953125,70.62374,47.48490905761719
2024-05-30,5235.47998046875,71.22736,45.003353118896484
2024-05-31,5277.509765625,75.0503,47.35077031453451
2024-06-03,5283.39990234375,75.25151,50.90543111165365
2024-06-04,5291.33984375,74.44668,52.515088399251304
2024-06-05,5354.02978515625,74.44668,52.313882191975914
2024-06-06,5352.9599609375,73.641846,52.64922841389974
2024-06-07,5346.990234375,72.233406,52.91750462849935
2024-06-10,5360.7900390625,72.83703,52.91750462849935
2024-06-11,5375.31982421875,71.830986,51.643192291259766
2024-06-12,5421.02978515625,72.83703,51.978538513183594
2024-06-13,5433.740234375,72.63582,51.30784606933594
2024-06-14,5431.60009765625,71.22736,50.63715489705404
2024-06-17,5473.22998046875,72.43461,49.83232498168945
2024-06-18,5487.02978515625,72.83703,50.36887868245443
2024-06-20,5473.169921875,73.641846,53.25284957885742
2024-06-21,5464.6201171875,75.0503,55.46613057454427
2024-06-24,5447.8701171875,75.45271,58.41717020670573
2024-06-25,5469.2998046875,73.843056,57.6123415629069
2024-06-26,5477.89990234375,71.830986,55.197854359944664
2024-06-27,5482.8701171875,72.233406,52.045607248942055
2024-06-28,5460.47998046875,73.23943,50.97249984741211
2024-07-01,5475.08984375,70.42254,49.161633809407554
2024-07-02,5509.009765625,70.02012,47.95439020792643
2024-07-03,5537.02001953125,69.81892,47.41783905029297
2024-07-05,5567.18994140625,69.4165,48.423876444498696
2024-07-08,5572.85009765625,69.215294,48.088531494140625
2024-07-09,5576.97998046875,68.00805,47.35077158610026
2024-07-10,5633.91015625,71.22736,49.49698257446289
2024-07-11,5584.5400390625,74.24547,55.26492182413737
2024-07-12,5615.35009765625,77.8672,63.71562703450521
2024-07-15,5631.22021484375,77.8672,69.21529134114583
2024-07-16,5667.2001953125,81.69014,73.44064585367839
2024-07-17,5588.27001953125,82.494965,74.91616566975911
2024-07-18,5544.58984375,79.87928,74.98323567708333
2024-07-19,5505.0,77.666,70.55667622884114
2024-07-22,5564.41015625,78.87324,68.67874145507812
2024-07-23,5555.740234375,76.056335,68.20925649007161
2024-07-24,5427.1298828125,75.45271,66.39839045206706
2024-07-25,5399.22021484375,75.85513,63.38028081258138
2024-07-26,5459.10009765625,80.08048,63.581488291422524
2024-07-29,5463.5400390625,79.07445,67.13614908854167
2024-07-30,5436.43994140625,80.08048,69.48356628417969
2024-07-31,5522.2998046875,81.89134,70.48960367838542
2024-08-01,5446.68017578125,77.26358,67.94097900390625
2024-08-02,5346.56005859375,70.82495,62.9778683980306
2024-08-05,5186.330078125,64.38632,52.7162971496582
2024-08-06,5240.02978515625,66.800804,47.820255279541016
2024-08-07,5199.5,63.983906,44.802145640055336
2024-08-08,5319.31005859375,70.62374,48.55801518758138
2024-08-09,5344.16015625,70.42254,51.710262298583984
2024-08-12,5344.39013671875,68.00805,54.527164459228516
2024-08-13,5434.43017578125,71.62978,56.20389048258463
2024-08-14,5455.2099609375,70.82495,56.80751037597656
2024-08-15,5543.22021484375,75.45271,61.16700108846029
2024-08-16,5554.25,76.056335,64.72166188557942
2024-08-19,5608.25,77.8672,69.48356628417969
2024-08-20,5597.1201171875,76.65996,70.75787862141927
2024-08-21,5620.85009765625,79.27566,72.70288340250652
2024-08-22,5570.64013671875,77.46479,72.23340098063152
2024-08-23,5634.60986328125,79.87928,75.18444061279297
2024-08-26,5616.83984375,80.28169,75.98927052815755
2024-08-27,5625.7998046875,79.67807,77.5318603515625
2024-08-28,5592.18017578125,78.470825,76.45875549316406
2024-08-29,5591.9599609375,79.07445,76.6599629720052
2024-08-30,5648.39990234375,81.48893,78.26962025960286
2024-09-03,5528.93017578125,77.46479,76.39168548583984
2024-09-04,5520.06982421875,76.056335,73.37357584635417
2024-09-05,5503.41015625,73.44064,68.27632395426433
2024-09-06,5408.419921875,70.22133,64.05097198486328
2024-09-09,5471.0498046875,73.641846,62.374244689941406
2024-09-10,5495.52001953125,72.63582,61.435279846191406
2024-09-11,5554.1298828125,73.03823,64.31924947102864
2024-09-12,5595.759765625,74.44668,66.53252919514973
2024-09-13,5626.02001953125,76.458755,69.88598124186198
2024-09-16,5633.08984375,76.65996,72.97115834554036
2024-09-17,5634.580078125,78.269615,75.45271555582683
2024-09-18,5618.259765625,77.8672,76.19047546386719
2024-09-19,5713.64013671875,81.48893,79.3427225748698
2024-09-20,5702.5498046875,78.269615,79.94634246826172
2024-09-23,5718.56982421875,79.07445,82.22669219970703
2024-09-24,5732.93017578125,79.87928,81.2206548055013
2024-09-25,5722.259765625,77.06238,80.68410237630208
2024-09-26,5745.3701171875,80.684105,80.95237731933594
2024-09-27,5738.169921875,83.09859,81.82427724202473
2024-09-30,5762.47998046875,82.29376,84.57410939534505
2024-10-01,5708.75,79.27566,83.83634948730469
2024-10-02,5709.5400390625,79.07445,81.95841471354167
2024-10-03,5699.93994140625,77.26358,78.13547770182292
2024-10-04,5751.06982421875,79.27566,76.92823537190755
2024-10-07,5695.93994140625,76.257545,73.9771957397461
2024-10-08,5751.1298828125,75.85513,72.97116088867188
2024-10-09,5792.0400390625,78.269615,72.6358159383138
2024-10-10,5780.0498046875,77.46479,73.70892079671223
2024-10-11,5815.02978515625,79.87928,76.12340545654297
2024-10-14,5859.85009765625,82.29376,78.13547770182292
2024-10-15,5815.259765625,80.88531,80.08048248291016
2024-10-16,5842.47021484375,82.29376,80.41582997639973
2024-10-17,5841.47021484375,81.28773,78.94031016031902
2024-10-18,5864.669921875,82.09255,79.00738016764323
2024-10-21,5853.97998046875,80.08048,76.52582295735677
2024-10-22,5851.2001953125,78.269615,73.23943837483723
2024-10-23,5797.419921875,76.65996,69.14822387695312
2024-10-24,5809.85986328125,75.45271,66.53252919514973
2024-10-25,5808.1201171875,74.64789,63.581488291422524
2024-10-28,5823.52001953125,76.257545,61.83769098917643
2024-10-29,5832.919921875,75.45271,59.289066314697266
2024-10-30,5813.669921875,74.24547,58.685446421305336
2024-10-31,5705.4501953125,71.62978,54.79543940226237
2024-11-01,5728.7998046875,72.233406,53.18578084309896
2024-11-04,5712.68994140625,73.44064,51.30784479777018
2024-11-05,5782.759765625,74.44668,53.85646947224935
2024-11-06,5929.0400390625,76.86117,58.14889272054037
2024-11-07,5973.10009765625,76.65996,63.38028208414713
2024-11-08,5995.5400390625,76.86117,66.93494415283203
2024-11-11,6001.35009765625,76.056335,67.73977152506511
2024-11-12,5983.990234375,74.44668,66.86787414550781
2024-11-13,5985.3798828125,74.64789,65.9289067586263
2024-11-14,5949.169921875,74.24547,64.05097198486328
2024-11-15,5870.6201171875,71.02616,61.77062225341797
2024-11-18,5893.6201171875,72.63582,60.09389623006185
2024-11-19,5916.97998046875,71.830986,58.484238942464195
2024-11-20,5917.10986328125,72.43461,59.020791371663414
2024-11-21,5948.7099609375,74.24547,60.36217244466146
2024-11-22,5969.33984375,75.25151,63.51441955566406
2024-11-25,5987.3701171875,78.87324,67.47149658203125
2024-11-26,6021.6298828125,77.8672,70.22133127848308
2024-11-27,5998.740234375,78.470825,72.5687484741211
2024-11-29,6032.3798828125,78.470825,73.37357584635417
2024-12-02,6047.14990234375,78.87324,72.97116088867188
2024-12-03,6049.8798828125,77.26358,70.8920186360677
2024-12-04,6086.490234375,77.06238,68.41046396891277
2024-12-05,6075.10986328125,75.65392,65.45942306518555
2024-12-06,6090.27001953125,75.25151,63.71562830607096
2024-12-09,6052.85009765625,75.25151,62.038901011149086
2024-12-10,6034.91015625,72.43461,60.0938975016276
2024-12-11,6084.18994140625,71.02616,57.67941029866537
2024-12-12,6051.25,70.62374,55.130785624186196
2024-12-13,6051.08984375,70.02012,53.25285085042318
2024-12-16,6074.080078125,67.40443,51.10663986206055
2024-12-17,6050.60986328125,66.800804,47.14956283569336
2024-12-18,5872.16015625,58.95372,37.491615295410156
2024-12-19,5867.080078125,58.551304,29.309187571207683
2024-12-20,5930.85009765625,60.764587,25.016766866048176
2024-12-23,5974.06982421875,60.965794,27.297115325927734
2024-12-24,6040.0400390625,62.374245,31.05298360188802
2024-12-26,6037.58984375,62.374245,32.99798711140951
2024-12-27,5970.83984375,61.770622,33.19919459025065
2024-12-30,5906.93994140625,59.75855,28.90677324930827
2024-12-31,5881.6298828125,59.95976,24.74849001566569
2025-01-02,5868.5498046875,58.752514,21.864519755045574
2025-01-03,5942.47021484375,59.75855,23.67538579305013
2025-01-06,5975.3798828125,58.95372,25.15090560913086
2025-01-07,5909.02978515625,57.947685,27.095909118652344
2025-01-08,5918.25,59.356136,27.23004722595215
2025-01-10,5827.0400390625,55.130787,24.748491287231445
2025-01-13,5836.22021484375,57.746475,23.004695256551106
2025-01-14,5842.91015625,61.36821,22.73641840616862
2025-01-15,5949.91015625,61.770622,27.833669026692707
2025-01-16,5937.33984375,64.38632,34.00402514139811
2025-01-17,5996.66015625,64.38632,39.70489629109701
2025-01-21,6049.240234375,66.599594,46.68008041381836
2025-01-22,6086.3701171875,65.59356,50.57008616129557
2025-01-23,6118.7099609375,65.59356,54.12474822998047
2025-01-24,6101.240234375,65.39235,53.92354075113932
2025-01-27,6012.27978515625,69.014084,57.47820281982422
2025-01-28,6067.7001953125,67.40443,57.88061777750651
2025-01-29,6039.31005859375,65.19115,57.20992660522461
2025-01-30,6071.169921875,67.40443,55.93561299641927
2025-01-31,6040.52978515625,66.19718,54.9295768737793
2025-02-03,5994.56982421875,64.788734,53.85647201538086
2025-02-04,6037.8798828125,64.38632,50.9054323832194
2025-02-05,6061.47998046875,65.39235,51.509053548177086
2025-02-06,6083.56982421875,63.7827,53.3869883219401
2025-02-07,6025.990234375,63.179077,54.52716318766276
2025-02-10,6066.43994140625,63.58149,54.25888697306315
2025-02-11,6068.5,64.18511,54.32595570882162
2025-02-12,6051.97021484375,61.971832,53.45405705769857
2025-02-13,6115.06982421875,63.855423,54.42184575398763
2025-02-14,6114.6298828125,63.052208,54.98708470662435
2025-02-18,6129.580078125,64.45783,58.232933044433594
2025-02-19,6144.14990234375,65.66265,59.638556162516274
2025-02-20,6117.52001953125,64.859436,60.307900746663414
2025-02-21,6013.1298828125,61.84739,57.89826202392578
2025-02-24,5983.25,62.249,55.421688079833984
2025-02-25,5955.25,62.851406,53.27978769938151
2025-02-26,5956.06005859375,61.646587,53.2128537495931
2025-02-27,5861.56982421875,59.638554,51.47255833943685
2025-02-28,5954.5,61.646587,51.87416458129883
2025-03-03,5849.72021484375,59.03614,49.66532770792643
2025-03-04,5778.14990234375,52.208836,46.85408401489258
2025-03-05,5842.6298828125,55.220882,43.77510070800781
2025-03-06,5738.52001953125,50.803215,41.967872619628906
2025-03-07,5770.2001953125,54.016068,43.641231536865234
2025-03-10,5614.56005859375,46.98795,41.96787134806315
2025-03-11,5572.06982421875,42.570282,38.88888931274414
2025-03-12,5599.2998046875,40.763054,33.6680056254069
2025-03-13,5521.52001953125,36.546185,29.183399836222332
2025-03-14,5638.93994140625,41.76707,29.38420295715332
2025-03-17,5675.1201171875,47.188755,32.128513971964516
2025-03-18,5614.66015625,44.779118,35.27443059285482
2025-03-19,5675.2900390625,47.389557,37.684068044026695
2025-03-20,5662.89013671875,46.18474,37.55019887288412
2025-03-21,5667.56005859375,43.7751,36.68005243937174
2025-03-24,5767.56982421875,50.602413,36.54618453979492
2025-03-25,5776.64990234375,50.2008,37.28246307373047
2025-03-26,5712.2001953125,49.598392,40.026774088541664
2025-03-27,5693.31005859375,47.188755,39.9598388671875
2025-03-28,5580.93994140625,42.36948,37.9518076578776
2025-03-31,5611.85009765625,44.578316,36.88085683186849
2025-04-01,5633.06982421875,44.97992,37.01472600301107
2025-04-02,5670.97021484375,48.995983,39.424364725748696
2025-04-03,5396.52001953125,36.546185,36.81392288208008
2025-04-04,5074.080078125,22.690763,27.376172065734863
2025-04-07,5062.25,19.277107,15.93038829167684
2025-04-08,4982.77001953125,18.273092,7.76439094543457
2025-04-09,5456.89990234375,31.325302,9.103079160054525
2025-04-10,5268.0498046875,26.104418,11.646586577097574
2025-04-11,5363.35986328125,29.116467,15.86345354715983
2025-04-14,5405.97021484375,31.927711,18.94243558247884
2025-04-15,5396.6298828125,31.325302,22.423024495442707
2025-04-16,5275.7001953125,29.317268,23.159303665161133
2025-04-17,5282.7001953125,31.1245,23.025435129801433
2025-04-21,5158.2001953125,25.903616,19.946452458699543
2025-04-22,5287.759765625,30.120483,20.950468063354492
2025-04-23,5375.85986328125,30.722893,22.08835283915202
2025-04-24,5484.77001953125,34.33735,28.31325340270996
2025-04-25,5525.2099609375,35.542168,31.793842951456707
2025-04-28,5528.75,35.74297,34.80589040120443
2025-04-29,5560.830078125,37.349396,37.41633224487305
2025-04-30,5569.06005859375,37.349396,40.696118672688804
2025-05-01,5604.14013671875,38.75502,43.10575866699219
2025-05-02,5686.669921875,44.37751,48.79518127441406
2025-05-05,5650.3798828125,43.7751,53.212851206461586
2025-05-06,5606.91015625,40.963856,56.693440755208336
2025-05-07,5631.27978515625,44.37751,56.29183451334635
2025-05-08,5663.93994140625,45.381527,58.232931772867836
2025-05-09,5659.91015625,44.97992,61.78045527140299
2025-05-12,5844.18994140625,54.41767,67.26907857259114
2025-05-13,5886.5498046875,54.618473,70.2811279296875
2025-05-14,5892.580078125,53.81526,71.28514353434245
2025-05-15,5916.93017578125,57.63052,72.0883560180664
2025-05-16,5958.3798828125,60.44177,75.3681411743164
2025-05-19,5963.60009765625,59.23695,79.98661549886067
2025-05-20,5940.4599609375,57.83132,81.65997568766277
2025-05-21,5844.60986328125,51.60643,77.44310760498047
2025-05-22,5842.009765625,51.40562,72.22222391764323
2025-05-23,5802.81982421875,48.393574,66.80053456624348
2025-05-27,5921.5400390625,54.618473,69.1432393391927
2025-05-28,5888.5498046875,51.60643,70.21419016520183
2025-05-29,5912.169921875,52.409637,72.15528869628906
2025-05-30,5911.68994140625,53.413654,71.3520736694336
2025-06-02,5935.93994140625,52.61044,72.48995717366536
2025-06-03,5970.3701171875,53.614456,73.82864634195964
2025-06-04,5970.81005859375,53.212852,74.02945200602214
2025-06-05,5939.2998046875,51.20482,73.76171366373698
2025-06-06,6000.35986328125,54.618473,74.23025512695312
2025-06-09,6005.8798828125,54.618473,75.10040028889973
2025-06-10,6038.81005859375,56.82731,77.97858174641927
2025-06-11,6022.240234375,55.421684,78.91566212972005
2025-06-12,6045.259765625,56.024097,80.45515441894531
2025-06-13,5976.97021484375,52.208836,78.84872690836589
2025-06-16,6033.10986328125,55.82329,78.24631754557292
2025-06-17,5982.72021484375,52.008034,74.69879404703777
2025-06-18,5980.8701171875,51.20482,72.28915659586589
2025-06-20,5967.83984375,52.008034,69.41097768147786
2025-06-23,6025.169921875,55.220882,70.68273162841797
2025-06-24,6092.18017578125,57.429718,73.96251678466797
2025-06-25,6092.16015625,53.614456,74.49799092610677
2025-06-26,6141.02001953125,57.83132,73.96251678466797
2025-06-27,6173.06982421875,58.83534,72.82463073730469
2025-06-30,6204.9501953125,60.240967,74.96653238932292
2025-07-01,6198.009765625,64.65864,78.38018798828125
2025-07-02,6227.419921875,66.064255,79.85274505615234
2025-07-03,6279.35009765625,67.46988,81.39223734537761
2025-07-07,6229.97998046875,64.05622,79.11646525065105
2025-07-08,6225.52001953125,65.26104,78.04551442464192
2025-07-09,6263.259765625,66.26506,76.17134857177734
2025-07-10,6280.4599609375,67.670685,76.23828379313152
2025-07-11,6259.75,66.26506,74.83266194661458
2025-07-14,6268.56005859375,64.859436,74.29718780517578
2025-07-15,6243.759765625,60.44177,70.01338450113933
2025-07-16,6263.7001953125,62.650604,68.4069595336914
2025-07-17,6297.35986328125,64.05622,67.00133768717448
2025-07-18,6296.7900390625,64.25703,69.27710978190105
2025-07-21,6305.60009765625,63.65462,69.21017710367839
2025-07-22,6309.6201171875,69.87952,71.15127309163411
2025-07-23,6358.91015625,71.084335,73.62784576416016
2025-07-24,6363.35009765625,69.67871,76.30521901448567
2025-07-25,6388.64013671875,70.68273,76.50602467854817
2025-07-28,6389.77001953125,67.87149,73.96251678466797
2025-07-29,6370.85986328125,67.87149,72.35609181722005
2025-07-30,6362.89990234375,64.65864,68.27309163411458
2025-07-31,6339.39013671875,61.646587,64.72556686401367
2025-08-01,6238.009765625,58.634537,58.90227381388346
2025-08-04,6329.93994140625,62.449802,56.626504262288414
2025-08-05,6299.18994140625,60.64257,55.68942387898763
2025-08-06,6345.06005859375,60.240967,56.29183451334635
2025-08-07,6340.0,60.240967,56.09103139241537
2025-08-08,6389.4501953125,62.04819,56.7603759765625
2025-08-11,6373.4501953125,61.244984,57.63052241007487
2025-08-12,6445.759765625,64.05622,59.70548884073893
2025-08-13,6466.580078125,68.8755,62.58366902669271
2025-08-14,6468.5400390625,66.064255,65.06024169921875
2025-08-15,6449.7998046875,65.26104,64.45783360799153
2025-08-18,6449.14990234375,64.45783,62.2489980061849
2025-08-19,6411.3701171875,67.87149,62.78447469075521
2025-08-20,6395.77978515625,67.670685,64.19009780883789
2025-08-21,6370.169921875,67.068275,64.72557195027669
2025-08-22,6466.91015625,73.293175,67.20214462280273
2025-08-25,6439.31982421875,69.67871,67.67068354288737
2025-08-26,6465.93994140625,70.08032,68.87550099690755
2025-08-27,6481.39990234375,70.68273,67.1352055867513
2025-08-28,6501.85986328125,69.87952,67.1352055867513
2025-08-29,6460.259765625,70.08032,66.93440500895183
2025-09-02,6415.5400390625,68.6747,64.19009399414062
2025-09-03,6448.259765625,68.273094,61.512716929117836
2025-09-04,6502.080078125,69.67871,59.906289418538414
2025-09-05,6481.5,69.47791,60.17402776082357
2025-09-08,6495.14990234375,67.87149,60.97724278767904
2025-09-09,6512.60986328125,66.66667,60.575636545817055
2025-09-10,6532.0400390625,66.064255,59.638553619384766
2025-09-11,6587.47021484375,70.68273,61.24497731526693
2025-09-12,6584.2900390625,68.6747,62.115126291910805
2025-09-15,6615.27978515625,66.26506,62.315930684407554
2025-09-16,6606.759765625,65.86346,58.50067011515299
2025-09-17,6600.35009765625,65.66265,56.76037470499674
2025-09-18,6631.9599609375,66.064255,57.22891489664713
2025-09-19,6664.35986328125,66.26506,59.10307947794596
2025-09-22,6693.75,66.66667,59.37081782023112
2025-09-23,6656.919921875,66.46586,59.57162221272787
2025-09-24,6637.97021484375,66.26506,58.366800944010414
2025-09-25,6604.72021484375,64.45783,56.492636362711586
2025-09-26,6643.7001953125,66.66667,55.75635782877604
2025-09-29,6661.2099609375,67.670685,56.358768463134766
2025-09-30,6688.4599609375,68.6747,59.10307947794596
2025-10-01,6711.2001953125,69.47791,59.43775177001953
2025-10-02,6715.35009765625,68.8755,59.638553619384766
2025-10-03,6715.7900390625,69.67871,60.3078982035319
2025-10-06,6740.27978515625,68.47389,60.77643839518229
2025-10-07,6714.58984375,68.273094,60.37483215332031
2025-10-08,6753.72021484375,67.87149,58.76840464274088
2025-10-09,6735.10986328125,66.26506,56.15796407063802
2025-10-10,6552.509765625,59.03614,50.066933949788414
2025-10-13,6654.72021484375,63.052208,45.78313318888346
2025-10-14,6644.31005859375,66.46586,45.31459045410156
2025-10-15,6671.06005859375,64.859436,49.19678624471029
2025-10-16,6629.06982421875,61.244984,48.25970458984375
2025-10-17,6664.009765625,63.45382,46.653279622395836
2025-10-20,6735.1298828125,66.46586,47.65729649861654
2025-10-21,6735.35009765625,68.07229,52.275770823160805
2025-10-22,6699.39990234375,68.07229,54.14993413289388
2025-10-23,6738.43994140625,68.8755,54.14993413289388
2025-10-24,6791.68994140625,67.068275,53.681392669677734
2025-10-27,6875.16015625,66.93387,55.784125010172524
2025-10-28,6890.89013671875,64.12826,54.27830123901367
2025-10-29,6890.58984375,58.116234,50.63460159301758
2025-10-30,6822.33984375,58.116234,45.55778249104818
2025-10-31,6840.2001953125,58.316635,43.286574045817055
2025-11-03,6851.97021484375,57.51503,42.41817092895508
2025-11-04,6771.5498046875,58.116234,41.68336741129557
2025-11-05,6796.2900390625,57.31463,41.48296610514323
2025-11-06,6720.31982421875,55.11022,41.21576436360677
2025-11-07,6728.7998046875,58.316635,42.75217056274414
2025-11-10,6832.43017578125,58.717434,44.622578938802086
2025-11-11,6846.60986328125,61.523045,48.2965939839681
2025-11-12,6850.919921875,61.322647,50.968605041503906
2025-11-13,6737.490234375,60.32064,50.30060068766276
2025-11-14,6734.10986328125,60.32064,48.02939224243164
2025-11-17,6672.41015625,56.112225,42.81897099812826
2025-11-18,6617.31982421875,56.91383,40.48096211751302
2025-11-19,6642.16015625,55.711426,38.009352366129555
2025-11-20,6538.759765625,52.705414,36.13894526163737
2025-11-21,6602.990234375,57.715435,37.0073496500651
2025-11-24,6705.1201171875,57.715435,39.07815806070963
2025-11-25,6765.8798828125,61.92385,46.092184702555336
2025-11-26,6812.60986328125,62.32465,51.56980641682943
2025-11-28,6849.08984375,63.527054,57.71542994181315
2025-12-01,6812.6298828125,62.124245,57.98263168334961
2025-12-02,6829.3701171875,60.52104,56.44622548421224
2025-12-03,6849.72021484375,63.326653,54.44221878051758
2025-12-04,6857.1201171875,62.72545,55.64462407430013
2025-12-05,6870.39990234375,64.72946,56.91382853190104
2025-12-08,6846.509765625,61.723446,55.5110232035319
2025-12-09,6840.509765625,60.32064,52.70541254679362
2025-12-10,6886.68017578125,61.92385,52.371411641438804
2025-12-11,6901.0,65.33066,55.71142323811849
2025-12-12,6827.41015625,65.33066,59.185036977132164
2025-12-15,6816.509765625,65.33066,61.12224578857422
2025-12-16,6800.259765625,63.727455,59.91984176635742
2025-12-17,6721.43017578125,63.927853,59.91984176635742
2025-12-18,6774.759765625,64.52905,58.71743647257487
2025-12-19,6834.5,62.92585,58.8510373433431
2025-12-22,6878.490234375,64.72946,59.71944046020508
2025-12-23,6909.7900390625,63.727455,61.255845387776695
2025-12-24,6932.0498046875,64.92986,62.92585118611654
2025-12-26,6929.93994140625,64.92986,63.32665252685547
2025-12-29,6905.740234375,65.53107,64.19505818684895
2025-12-30,6896.240234375,65.53107,64.06145731608073
2025-12-31,6845.5,62.124245,61.923848470052086
2026-01-02,6858.47021484375,62.72545,60.320640563964844
2026-01-05,6902.0498046875,64.32866,60.45424143473307
2026-01-06,6944.81982421875,66.73347,64.06145731608073
2026-01-07,6920.93017578125,63.927853,65.06346130371094
2026-01-08,6921.4599609375,67.33467,67.66867319742839
2026-01-09,6966.27978515625,69.53908,69.07147725423177
2026-01-12,6977.27001953125,68.937874,71.6766866048177
2026-01-13,6963.740234375,68.33667,70.87508392333984
2026-01-14,6926.60009765625,70.541084,71.07548522949219
2026-01-15,6944.47021484375,72.14429,71.81029001871745
2026-01-16,6940.009765625,70.94189,73.21309407552083
2026-01-20,6796.85986328125,66.93387,70.40748087565105
2026-01-21,6875.6201171875,70.541084,69.20507558186848
2026-01-22,6913.35009765625,70.34068,68.13627115885417
2026-01-23,6915.60986328125,70.14028,69.13827768961589
2026-01-26,6950.22998046875,70.74148,69.205078125
2026-01-27,6978.60009765625,69.33868,68.40347544352214
2026-01-28,6978.02978515625,68.73748,66.80026753743489
2026-01-29,6969.009765625,68.937874,64.86305745442708
2026-01-30,6939.02978515625,68.73748,64.79625701904297
2026-02-02,6976.43994140625,67.53507,66.26586405436198
2026-02-03,6917.81005859375,65.93186,65.8650639851888
2026-02-04,6882.72021484375,69.53908,66.13226572672527
2026-02-05,6798.39990234375,67.935875,65.46426137288411
2026-02-06,6932.2998046875,69.53908,67.3346684773763
2026-02-09,6964.81982421875,69.73948,67.46826680501302
2026-02-10,6941.81005859375,69.93988,68.67067464192708
2026-02-11,6941.47021484375,70.14028,68.06947326660156
2026-02-12,6832.759765625,67.13427,65.93186696370442
2026-02-13,6836.169921875,68.13628,64.19505818684895
2026-02-17,6843.22021484375,66.93387,63.52705383300781
2026-02-18,6881.31005859375,69.138275,65.26386006673177
2026-02-19,6861.89013671875,67.935875,65.73146311442058
2026-02-20,6909.509765625,68.53707,66.19906616210938
2026-02-23,6837.75,66.73347,64.46225992838542
2026-02-24,6890.06982421875,67.33467,63.727455139160156
2026-02-25,6946.1298828125,66.73347,62.725451151529946
2026-02-26,6908.85986328125,68.33667,64.19505564371745
2026-02-27,6878.8798828125,68.53707,64.3954569498698
2026-03-02,6881.6201171875,68.33667,63.92785390218099
2026-03-03,6816.6298828125,64.12826,60.85504150390625
2026-03-04,6869.5,63.727455,59.31863530476888
2026-03-05,6830.7099609375,61.322647,55.978623708089195
2026-03-06,6740.02001953125,58.316635,51.90380859375
2026-03-09,6795.990234375,58.517033,47.29459126790365
2026-03-10,6781.47998046875,55.91182,43.887776692708336
2026-03-11,6775.7998046875,54.90982,42.15096791585287
2026-03-12,6672.6201171875,51.703407,38.076150258382164
2026-03-13,6632.18994140625,51.102203,35.07013956705729
2026-03-16,6699.3798828125,52.705414,33.400133768717446
2026-03-17,6716.08984375,52.50501,34.46893819173177
2026-03-18,6624.7001953125,49.8998,33.5337340037028
2026-03-19,6606.490234375,49.499,31.596527099609375
2026-03-20,6506.47998046875,46.492985,26.519707361857098
2026-03-23,6581.0,49.499,24.782899856567383
2026-03-24,6556.3701171875,49.699398,23.647294998168945
2026-03-25,6591.89990234375,49.699398,26.052104949951172
2026-03-26,6477.16015625,48.496994,25.38410250345866
2026-03-27,6368.85009765625,44.689377,23.580494562784832
2026-03-30,6343.72021484375,45.490982,20.97528330485026
2026-03-31,6528.52001953125,49.499,21.57648531595866
2026-04-01,6575.31982421875,49.8998,24.18169657389323
2026-04-02,6582.68994140625,50.1002,27.78891118367513
2026-04-06,6611.830078125,49.8998,31.062124252319336
2026-04-07,6616.85009765625,50.501,31.99732780456543
2026-04-08,6782.81005859375,56.513023,38.343353271484375
2026-04-09,6824.66015625,57.915833,43.82097625732422
2026-04-10,6816.89013671875,54.709415,48.69739532470703
2026-04-13,6886.240234375,57.715435,49.231798807779946
2026-04-14,6967.3798828125,58.517033,50.567803700764976
2026-04-15,7022.9501953125,57.114227,53.173014322916664
2026-04-16,7041.27978515625,57.31463,54.10821660359701
2026-04-17,7126.06005859375,62.52505,56.5130246480306
2026-04-20,7109.14013671875,61.523045,59.919837951660156
2026-04-21,7064.009765625,58.91784,61.45624542236328
2026-04-22,7137.89990234375,59.118237,59.45223871866862
2026-04-23,7108.39990234375,59.318638,57.18102900187174
2026-04-24,7165.080078125,57.915833,55.51102193196615
2026-04-27,7173.91015625,57.915833,54.37541834513346
2026-04-28,7138.7998046875,58.116234,53.440216064453125
2026-04-29,7135.9501953125,56.91383,52.371411641438804
2026-04-30,7209.009765625,58.91784,53.907816569010414
2026-05-01,7230.1201171875,58.717434,54.642617543538414
2026-05-04,7200.75,55.91182,55.377419789632164
2026-05-05,7259.22021484375,56.713425,54.44221623738607
2026-05-06,7365.1201171875,58.717434,54.84301884969076
2026-05-07,7337.10986328125,57.915833,55.51102193196615
2026-05-08,7398.93017578125,56.713425,55.11022059122721
2026-05-11,7412.83984375,55.91182,53.23981475830078
2026-05-12,7400.9599609375,56.513023,52.438210805257164
2026-05-13,7444.25,55.51102,50.43420282999674
2026-05-14,7501.240234375,56.112225,49.43219757080078
2026-05-15,7408.5,53.306614,47.36138916015625
2026-05-18,7403.0498046875,57.114227,49.23179626464844
2026-05-19,7353.60986328125,55.11022,49.365397135416664
2026-05-20,7432.97021484375,57.51503,52.171007792154946
2026-05-21,7445.72021484375,58.316635,53.37341181437174
2026-05-22,7473.47021484375,60.120243,56.780225118001304
2026-05-26,7519.1201171875,60.32064,57.71542994181315
2026-05-27,7520.35986328125,59.399998,57.94442367553711
2026-05-28,7563.6298828125,60.399998,57.505011240641274
2026-05-29,7580.06005859375,59.8,56.86666742960612
2026-06-01,7599.9599609375,56.0,55.599998474121094
2026-06-02,7609.77978515625,56.6,54.133331298828125
2026-06-03,7553.68017578125,56.6,52.73333231608073
2026-06-04,7584.31005859375,59.399998,53.86666742960612
2026-06-05,7383.740234375,59.8,54.6000010172526
2026-06-08,7405.72998046875,58.399998,55.40000025431315
2026-06-09,7386.64990234375,61.4,56.199999491373696
2026-06-10,7266.990234375,59.8,55.0
2026-06-11,7394.2998046875,61.4,56.20000076293945
2026-06-12,7431.4599609375,62.199997,57.06666564941406
2026-06-15,7554.2900390625,63.07385,61.29021708170573
2026-06-16,7511.35009765625,64.47106,64.24603780110677
2026-06-17,7420.10009765625,61.87625,62.14237976074219
2026-06-18,7500.580078125,61.676643,59.48103713989258
2026-06-22,7472.7900390625,60.878242,56.15435791015625
2026-06-23,7365.4599609375,62.075848,57.75116475423177
2026-06-24,7358.22021484375,63.672657,60.1463737487793
2026-06-25,7357.490234375,62.874252,62.6081174214681
2026-06-26,7354.02001953125,65.06986,63.805721282958984
2026-06-29,7440.43017578125,63.273453,64.07185490926106
2026-06-30,7499.35986328125,62.075848,63.67265192667643
2026-07-01,7483.22998046875,64.07186,63.67265192667643
2026-07-02,7483.240234375,67.66467,64.40452194213867
2026-07-06,7537.43017578125,67.864265,66.53359731038411
2026-07-07,7503.85009765625,68.06387,67.79773712158203
2026-07-08,7482.7099609375,64.87026,66.99933624267578
2026-07-09,7543.64013671875,65.269455,65.80172983805339
2026-07-10,7575.39013671875,67.66467,66.06786346435547
2026-07-13,7515.33984375,68.06387,66.53359731038411
2026-07-14,7543.58984375,66.866264,66.06786346435547
2026-07-15,7572.39990234375,67.06587,63.938788096110024
2026-07-16,7533.77001953125,70.858284,64.40452448527019
2026-07-17,7457.68994140625,68.662674,64.53759129842122
2026-07-20,7443.27978515625,66.467064,64.47105916341145
2026-07-21,7509.2001953125,65.66866,61.94278208414713
2026-07-22,7498.9599609375,66.26746,61.41051483154297
2026-07-23,7408.2998046875,65.66866,60.54557673136393
2026-07-24,7411.97998046875,66.467064,62.408514658610024
2026-07-27,7413.18017578125,70.059875,64.60412470499675
2026-07-28,7428.77978515625,71.85629,68.92880757649739
2026-07-29,7316.14990234375,69.721115,69.21747589111328
2026-07-30,7437.6298828125,69.32271,67.5778579711914
2026-07-31,7489.72021484375,68.12749,64.34262975056966
2026-08-03,7600.5,70.318726,64.01062393188477
2026-08-04,7736.52001953125,72.31076,65.40504837036133
2026-08-05,7723.5498046875,72.11155,67.13147735595703
2026-08-06,7709.9599609375,71.71315,67.06507619222005
2026-08-07,7757.64013671875,73.90438,66.40106455485027
2026-08-10,7753.10986328125,73.30678,65.86985524495442
2026-08-11,7728.2001953125,72.70916,65.67065175374348
2026-08-12,7748.5,72.11155,65.3386459350586
2026-08-13,7798.990234375,75.298805,66.20185852050781
2026-08-14,7785.759765625,75.0996,68.26029205322266
2026-08-17,7745.06005859375,72.11155,67.13147481282552
2026-08-18,7691.759765625,72.11155,64.47543207804362
2026-08-19,7707.97998046875,75.49801,61.48738352457682
2026-08-20,7641.16015625,73.90438,59.0305430094401
2026-08-21,7674.3701171875,73.10757,58.16733042399088
2026-08-24,7652.85986328125,74.9004,57.90172576904297
2026-08-25,7677.27978515625,72.90836,59.362548828125
2026-08-26,7675.7001953125,73.30678,59.76095453898112
2026-08-27,7730.990234375,71.31474,57.503318786621094
2026-08-28,7711.759765625,72.11155,55.64408874511719
2026-08-31,7686.14013671875,68.9243,52.72244135538737
2026-09-01,7631.47021484375,66.13546,50.265603383382164
2026-09-02,7666.60009765625,66.932274,48.53917694091797
2026-09-03,7747.7099609375,68.9243,48.80478159586588
2026-09-04,7718.60009765625,67.529884,49.33598963419596
2026-09-08,7673.52001953125,63.34661,47.67596308390299
2026-09-09,7636.35986328125,60.358566,43.2934939066569
2026-09-10,7591.7001953125,58.16733,38.579017639160156
2026-09-11,7656.97998046875,59.960155,37.317396799723305
2026-09-14,7619.97998046875,59.561752,37.583001454671226
2026-09-15,7585.72998046875,56.97211,38.18061192830404
2026-09-16,7551.81005859375,53.78486,35.85657501220703
2026-09-17,7637.759765625,53.984062,33.46613629659017
2026-09-18,7650.5,52.988045,31.208499908447266
2026-09-21,7764.7001953125,52.78884,30.677291870117188
2026-09-22,7764.64013671875,50.996017,30.47808837890625
2026-09-23,7706.02978515625,49.800797,30.47808837890625
2026-09-24,7704.1298828125,47.609562,28.818061192830402
2026-09-25,7743.41015625,49.003986,27.490039825439453
2026-09-28,7683.68994140625,47.808765,26.095617294311523
2026-09-29,7670.83984375,45.418327,25.830012639363606
2026-09-30,7651.5400390625,42.231075,23.77157974243164
2026-10-01,7666.4501953125,43.824703,23.173970540364582
2026-10-02,7722.72021484375,45.61753,22.974768320719402
2026-10-05,7773.9501953125,47.41036,25.365207036336262
2026-10-06,7818.93017578125,49.601593,27.55644162495931
